# time Anum Bnum Aact Bact Bcum inventory
# 8800 7
# 8800 7
 0.00000000e+00  0.00000000e+00  0.00000000e+00  0.00000000e+00  0.00000000e+00  0.00000000e+00  1.11000000e+10
 1.50000000e+00  1.06841128e+16  3.64167958e+14  5.75259651e+09  2.95106146e+08  0.00000000e+00  1.11000000e+10
 3.00000000e+00  2.06481061e+16  1.37520751e+15  1.11174625e+10  1.11440938e+09  0.00000000e+00  1.11000000e+10
 4.50000000e+00  2.99405168e+16  2.92258163e+15  1.61207314e+10  2.36833522e+09  0.00000000e+00  1.11000000e+10
 6.00000000e+00  3.86066102e+16  4.90987691e+15  2.07867753e+10  3.97875437e+09  0.00000000e+00  1.11000000e+10
 7.50000000e+00  4.66886006e+16  7.25318638e+15  2.51383233e+10  5.87767219e+09  0.00000000e+00  1.11000000e+10
 9.00000000e+00  5.42258571e+16  9.87966752e+15  2.91965728e+10  8.00606024e+09  0.00000000e+00  1.11000000e+10
 1.05000000e+01  6.12550954e+16  1.27262573e+16  3.29812925e+10  1.03128149e+10  0.00000000e+00  1.11000000e+10
 1.20000000e+01  6.78105563e+16  1.57385275e+16  3.65109184e+10  1.27538299e+10  0.00000000e+00  1.11000000e+10
 1.35000000e+01  7.39241729e+16  1.88696656e+16  3.98026442e+10  1.52911704e+10  0.00000000e+00  1.11000000e+10
 1.50000000e+01  7.96257259e+16  2.20795680e+16  4.28725045e+10  1.78923381e+10  0.00000000e+00  1.11000000e+10
 1.50000000e+01  7.96257259e+16  2.20795680e+16  4.28725045e+10  1.78923381e+10  0.00000000e+00  1.10889000e+10
 1.50250000e+01  7.95331751e+16  2.21334242e+16  4.28226728e+10  1.79359808e+10  0.00000000e+00  1.10889000e+10
 1.50500000e+01  7.94407319e+16  2.21870787e+16  4.27728991e+10  1.79794601e+10  0.00000000e+00  1.10889000e+10
 1.50750000e+01  7.93483961e+16  2.22405320e+16  4.27231831e+10  1.80227764e+10  0.00000000e+00  1.10889000e+10
 1.51000000e+01  7.92561677e+16  2.22937846e+16  4.26735250e+10  1.80659300e+10  0.00000000e+00  1.10889000e+10
 1.51250000e+01  7.91640465e+16  2.23468369e+16  4.26239246e+10  1.81089214e+10  0.00000000e+00  1.10889000e+10
 1.51500000e+01  7.90720323e+16  2.23996895e+16  4.25743819e+10  1.81517509e+10  0.00000000e+00  1.10889000e+10
 1.51750000e+01  7.89801251e+16  2.24523429e+16  4.25248967e+10  1.81944189e+10  0.00000000e+00  1.10889000e+10
 1.52000000e+01  7.88883247e+16  2.25047974e+16  4.24754691e+10  1.82369258e+10  0.00000000e+00  1.10889000e+10
 1.52250000e+01  7.87966310e+16  2.25570535e+16  4.24260989e+10  1.82792719e+10  0.00000000e+00  1.10889000e+10
 1.52500000e+01  7.87050439e+16  2.26091118e+16  4.23767860e+10  1.83214578e+10  0.00000000e+00  1.10889000e+10
 1.52500000e+01  7.87050439e+16  0.00000000e+00  4.23767860e+10  0.00000000e+00  1.62384098e+10  1.10778111e+10
 1.62000000e+01  7.53024971e+16  3.29104959e+15  4.05447688e+10  2.66692591e+09  1.62384098e+10  1.10778111e+10
 1.71500000e+01  7.20470479e+16  6.22804174e+15  3.87919526e+10  5.04693880e+09  1.62384098e+10  1.10778111e+10
 1.81000000e+01  6.89323370e+16  8.83991103e+15  3.71149135e+10  7.16348603e+09  1.62384098e+10  1.10778111e+10
 1.90500000e+01  6.59522802e+16  1.11534642e+16  3.55103755e+10  9.03829061e+09  1.62384098e+10  1.10778111e+10
 2.00000000e+01  6.31010560e+16  1.31935285e+16  3.39752043e+10  1.06914715e+10  1.62384098e+10  1.10778111e+10
 2.09500000e+01  6.03730949e+16  1.49830902e+16  3.25064011e+10  1.21416558e+10  1.62384098e+10  1.10778111e+10
 2.19000000e+01  5.77630680e+16  1.65434234e+16  3.11010966e+10  1.34060832e+10  1.62384098e+10  1.10778111e+10
 2.28500000e+01  5.52658768e+16  1.78942105e+16  2.97565457e+10  1.45007033e+10  1.62384098e+10  1.10778111e+10
 2.38000000e+01  5.28766432e+16  1.90536541e+16  2.84701219e+10  1.54402668e+10  1.62384098e+10  1.10778111e+10
 2.47500000e+01  5.05907001e+16  2.00385814e+16  2.72393123e+10  1.62384098e+10  1.62384098e+10  1.10778111e+10
 2.47500000e+01  5.05907001e+16  0.00000000e+00  2.72393123e+10  0.00000000e+00  1.62384098e+10  1.10778111e+10
 2.47750000e+01  5.05318973e+16  5.87512710e+13  2.72076515e+10  4.76095186e+07  1.62384098e+10  1.10778111e+10
 2.48000000e+01  5.04731630e+16  1.17331507e+14  2.71760274e+10  9.50804381e+07  1.62384098e+10  1.10778111e+10
 2.48250000e+01  5.04144969e+16  1.75741088e+14  2.71444401e+10  1.42413065e+08  1.62384098e+10  1.10778111e+10
 2.48500000e+01  5.03558990e+16  2.33980390e+14  2.71128895e+10  1.89607706e+08  1.62384098e+10  1.10778111e+10
 2.48750000e+01  5.02973692e+16  2.92049791e+14  2.70813756e+10  2.36664666e+08  1.62384098e+10  1.10778111e+10
 2.49000000e+01  5.02389074e+16  3.49949666e+14  2.70498983e+10  2.83584250e+08  1.62384098e+10  1.10778111e+10
 2.49250000e+01  5.01805136e+16  4.07680392e+14  2.70184575e+10  3.30366763e+08  1.62384098e+10  1.10778111e+10
 2.49500000e+01  5.01221876e+16  4.65242343e+14  2.69870534e+10  3.77012508e+08  1.62384098e+10  1.10778111e+10
 2.49750000e+01  5.00639295e+16  5.22635893e+14  2.69556857e+10  4.23521787e+08  1.62384098e+10  1.10778111e+10
 2.50000000e+01  5.00057391e+16  5.79861416e+14  2.69243545e+10  4.69894904e+08  1.62384098e+10  1.10778111e+10
 2.50000000e+01  5.00057391e+16  5.79861416e+14  2.69243545e+10  4.69894904e+08  1.62384098e+10  1.10778111e+10
 2.65000000e+01  5.72980598e+16  4.08302422e+15  3.08507244e+10  3.30870830e+09  1.62384098e+10  1.10778111e+10
 2.80000000e+01  6.40988711e+16  7.70323239e+15  3.45124532e+10  6.24237025e+09  1.62384098e+10  1.10778111e+10
 2.95000000e+01  7.04413012e+16  1.13973883e+16  3.79273780e+10  9.23595627e+09  1.62384098e+10  1.10778111e+10
 3.10000000e+01  7.63562456e+16  1.51288092e+16  4.11121336e+10  1.22597403e+10  1.62384098e+10  1.10778111e+10
 3.25000000e+01  8.18725170e+16  1.88664452e+16  4.40822337e+10  1.52885607e+10  1.62384098e+10  1.10778111e+10
 3.40000000e+01  8.70169865e+16  2.25841841e+16  4.68521461e+10  1.83012574e+10  1.62384098e+10  1.10778111e+10
 3.55000000e+01  9.18147138e+16  2.62602354e+16  4.94353638e+10  2.12801723e+10  1.62384098e+10  1.10778111e+10
 3.70000000e+01  9.62890697e+16  2.98765833e+16  5.18444702e+10  2.42107060e+10  1.62384098e+10  1.10778111e+10
 3.85000000e+01  1.00461850e+17  3.34185025e+16  5.40912005e+10  2.70809259e+10  1.62384098e+10  1.10778111e+10
 4.00000000e+01  1.04353380e+17  3.68741294e+16  5.61864991e+10  2.98812183e+10  1.62384098e+10  1.10778111e+10
 4.00000000e+01  1.04353380e+17  3.68741294e+16  5.61864991e+10  2.98812183e+10  1.62384098e+10  1.10667333e+10
 4.00250000e+01  1.04232088e+17  3.69308287e+16  5.61211922e+10  2.99271649e+10  1.62384098e+10  1.10667333e+10
 4.00500000e+01  1.04110937e+17  3.69872878e+16  5.60559613e+10  2.99729170e+10  1.62384098e+10  1.10667333e+10
 4.00750000e+01  1.03989926e+17  3.70435076e+16  5.59908062e+10  3.00184751e+10  1.62384098e+10  1.10667333e+10
 4.01000000e+01  1.03869057e+17  3.70994885e+16  5.59257268e+10  3.00638396e+10  1.62384098e+10  1.10667333e+10
 4.01250000e+01  1.03748327e+17  3.71552311e+16  5.58607231e+10  3.01090111e+10  1.62384098e+10  1.10667333e+10
 4.01500000e+01  1.03627738e+17  3.72107361e+16  5.57957949e+10  3.01539899e+10  1.62384098e+10  1.10667333e+10
 4.01750000e+01  1.03507289e+17  3.72660039e+16  5.57309422e+10  3.01987766e+10  1.62384098e+10  1.10667333e+10
 4.02000000e+01  1.03386980e+17  3.73210352e+16  5.56661649e+10  3.02433716e+10  1.62384098e+10  1.10667333e+10
 4.02250000e+01  1.03266811e+17  3.73758306e+16  5.56014628e+10  3.02877754e+10  1.62384098e+10  1.10667333e+10
 4.02500000e+01  1.03146782e+17  3.74303906e+16  5.55368360e+10  3.03319885e+10  1.62384098e+10  1.10667333e+10
 4.02500000e+01  1.03146782e+17  0.00000000e+00  5.55368360e+10  0.00000000e+00  3.75196344e+10  1.10556666e+10
 4.12000000e+01  9.86875792e+16  4.31308030e+15  5.31358884e+10  3.49513591e+09  3.75196344e+10  1.10556666e+10
 4.21500000e+01  9.44211549e+16  8.16215114e+15  5.08387377e+10  6.61425838e+09  3.75196344e+10  1.10556666e+10
 4.31000000e+01  9.03391751e+16  1.15851327e+16  4.86408965e+10  9.38809630e+09  3.75196344e+10  1.10556666e+10
 4.40500000e+01  8.64336659e+16  1.46171564e+16  4.65380716e+10  1.18451188e+10  3.75196344e+10  1.10556666e+10
 4.50000000e+01  8.26969982e+16  1.72907598e+16  4.45261552e+10  1.40116926e+10  3.75196344e+10  1.10556666e+10
 4.59500000e+01  7.91218727e+16  1.96360673e+16  4.26012172e+10  1.59122296e+10  3.75196344e+10  1.10556666e+10
 4.69000000e+01  7.57013057e+16  2.16809598e+16  4.07594974e+10  1.75693230e+10  3.75196344e+10  1.10556666e+10
 4.78500000e+01  7.24286153e+16  2.34512319e+16  3.89973982e+10  1.90038759e+10  3.75196344e+10  1.10556666e+10
 4.88000000e+01  6.92974087e+16  2.49707390e+16  3.73114773e+10  2.02352195e+10  3.75196344e+10  1.10556666e+10
 4.97500000e+01  6.63015692e+16  2.62615340e+16  3.56984416e+10  2.12812246e+10  3.75196344e+10  1.10556666e+10
 4.97500000e+01  6.63015692e+16  0.00000000e+00  3.56984416e+10  0.00000000e+00  3.75196344e+10  1.10556666e+10
 4.97750000e+01  6.62245054e+16  7.69963937e+13  3.56569485e+10  6.23945861e+07  3.75196344e+10  1.10556666e+10
 4.98000000e+01  6.61475311e+16  1.53768638e+14  3.56155036e+10  1.24607531e+08  3.75196344e+10  1.10556666e+10
 4.98250000e+01  6.60706464e+16  2.30317230e+14  3.55741069e+10  1.86639238e+08  3.75196344e+10  1.10556666e+10
 4.98500000e+01  6.59938510e+16  3.06642663e+14  3.55327583e+10  2.48490107e+08  3.75196344e+10  1.10556666e+10
 4.98750000e+01  6.59171448e+16  3.82745433e+14  3.54914578e+10  3.10160538e+08  3.75196344e+10  1.10556666e+10
 4.99000000e+01  6.58405278e+16  4.58626032e+14  3.54502052e+10  3.71650931e+08  3.75196344e+10  1.10556666e+10
 4.99250000e+01  6.57639999e+16  5.34284951e+14  3.54090007e+10  4.32961686e+08  3.75196344e+10  1.10556666e+10
 4.99500000e+01  6.56875609e+16  6.09722684e+14  3.53678440e+10  4.94093199e+08  3.75196344e+10  1.10556666e+10
 4.99750000e+01  6.56112108e+16  6.84939718e+14  3.53267351e+10  5.55045869e+08  3.75196344e+10  1.10556666e+10
 5.00000000e+01  6.55349494e+16  7.59936544e+14  3.52856741e+10  6.15820091e+08  3.75196344e+10  1.10556666e+10
 5.00000000e+01  6.55349494e+16  7.59936544e+14  3.52856741e+10  6.15820091e+08  3.75196344e+10  1.10556666e+10
 5.15000000e+01  7.17592716e+16  5.23740924e+15  3.86370066e+10  4.24417257e+09  3.75196344e+10  1.10556666e+10
 5.30000000e+01  7.75640686e+16  9.66650158e+15  4.17624561e+10  7.83331967e+09  3.75196344e+10  1.10556666e+10
 5.45000000e+01  8.29776168e+16  1.40252110e+16  4.46772473e+10  1.13654315e+10  3.75196344e+10  1.10556666e+10
 5.60000000e+01  8.80262866e+16  1.82955367e+16  4.73955789e+10  1.48259209e+10  3.75196344e+10  1.10556666e+10
 5.75000000e+01  9.27346713e+16  2.24629586e+16  4.99306922e+10  1.82030214e+10  3.75196344e+10  1.10556666e+10
 5.90000000e+01  9.71257064e+16  2.65159767e+16  5.22949366e+10  2.14874140e+10  3.75196344e+10  1.10556666e+10
 6.05000000e+01  1.01220781e+17  3.04457042e+16  5.44998286e+10  2.46718972e+10  3.75196344e+10  1.10556666e+10
 6.20000000e+01  1.05039845e+17  3.42455080e+16  5.65561087e+10  2.77510958e+10  3.75196344e+10  1.10556666e+10
 6.35000000e+01  1.08601499e+17  3.79106918e+16  5.84737937e+10  3.07212041e+10  3.75196344e+10  1.10556666e+10
 6.50000000e+01  1.11923095e+17  4.14382171e+16  6.02622248e+10  3.35797598e+10  3.75196344e+10  1.10556666e+10
 6.50000000e+01  1.11923095e+17  4.14382171e+16  6.02622248e+10  3.35797598e+10  3.75196344e+10  1.10446109e+10
 6.50250000e+01  1.11793004e+17  4.14957252e+16  6.01921807e+10  3.36263619e+10  3.75196344e+10  1.10446109e+10
 6.50500000e+01  1.11663065e+17  4.15529816e+16  6.01222179e+10  3.36727601e+10  3.75196344e+10  1.10446109e+10
 6.50750000e+01  1.11533276e+17  4.16099871e+16  6.00523365e+10  3.37189548e+10  3.75196344e+10  1.10446109e+10
 6.51000000e+01  1.11403639e+17  4.16667421e+16  5.99825363e+10  3.37649467e+10  3.75196344e+10  1.10446109e+10
 6.51250000e+01  1.11274152e+17  4.17232472e+16  5.99128173e+10  3.38107361e+10  3.75196344e+10  1.10446109e+10
 6.51500000e+01  1.11144815e+17  4.17795032e+16  5.98431793e+10  3.38563235e+10  3.75196344e+10  1.10446109e+10
 6.51750000e+01  1.11015629e+17  4.18355107e+16  5.97736222e+10  3.39017095e+10  3.75196344e+10  1.10446109e+10
 6.52000000e+01  1.10886593e+17  4.18912701e+16  5.97041459e+10  3.39468946e+10  3.75196344e+10  1.10446109e+10
 6.52250000e+01  1.10757707e+17  4.19467822e+16  5.96347505e+10  3.39918792e+10  3.75196344e+10  1.10446109e+10
 6.52500000e+01  1.10628971e+17  4.20020475e+16  5.95654356e+10  3.40366639e+10  3.75196344e+10  1.10446109e+10
 6.52500000e+01  1.10628971e+17  0.00000000e+00  5.95654356e+10  0.00000000e+00  6.03445827e+10  1.10335663e+10
 6.62000000e+01  1.05846301e+17  4.62594786e+15  5.69903251e+10  3.74867040e+09  6.03445827e+10  1.10335663e+10
 6.71500000e+01  1.01270393e+17  8.75422735e+15  5.45265409e+10  7.09405163e+09  6.03445827e+10  1.10335663e+10
 6.81000000e+01  9.68923099e+16  1.24255094e+16  5.21692700e+10  1.00691016e+10  6.03445827e+10  1.10335663e+10
 6.90500000e+01  9.27034980e+16  1.56774738e+16  4.99139077e+10  1.27043546e+10  6.03445827e+10  1.10335663e+10
 7.00000000e+01  8.86957752e+16  1.85450183e+16  4.77560485e+10  1.50280901e+10  6.03445827e+10  1.10335663e+10
 7.09500000e+01  8.48613129e+16  2.10604526e+16  4.56914769e+10  1.70664906e+10  6.03445827e+10  1.10335663e+10
 7.19000000e+01  8.11926205e+16  2.32536800e+16  4.37161602e+10  1.88437883e+10  6.03445827e+10  1.10335663e+10
 7.28500000e+01  7.76825317e+16  2.51523663e+16  4.18262396e+10  2.03824025e+10  6.03445827e+10  1.10335663e+10
 7.38000000e+01  7.43241898e+16  2.67820973e+16  4.00180234e+10  2.17030668e+10  6.03445827e+10  1.10335663e+10
 7.47500000e+01  7.11110344e+16  2.81665256e+16  3.82879793e+10  2.28249484e+10  6.03445827e+10  1.10335663e+10
 7.47500000e+01  7.11110344e+16  0.00000000e+00  3.82879793e+10  0.00000000e+00  6.03445827e+10  1.10335663e+10
 7.47750000e+01  7.10283804e+16  8.25816533e+13  3.82434763e+10  6.69206417e+07  6.03445827e+10  1.10335663e+10
 7.48000000e+01  7.09458225e+16  1.64922898e+14  3.81990250e+10  1.33646467e+08  6.03445827e+10  1.10335663e+10
 7.48250000e+01  7.08633606e+16  2.47024266e+14  3.81546254e+10  2.00177906e+08  6.03445827e+10  1.10335663e+10
 7.48500000e+01  7.07809945e+16  3.28886288e+14  3.81102774e+10  2.66515389e+08  6.03445827e+10  1.10335663e+10
 7.48750000e+01  7.06987241e+16  4.10509494e+14  3.80659810e+10  3.32659346e+08  6.03445827e+10  1.10335663e+10
 7.49000000e+01  7.06165494e+16  4.91894414e+14  3.80217361e+10  3.98610206e+08  6.03445827e+10  1.10335663e+10
 7.49250000e+01  7.05344702e+16  5.73041574e+14  3.79775425e+10  4.64368396e+08  6.03445827e+10  1.10335663e+10
 7.49500000e+01  7.04524864e+16  6.53951501e+14  3.79334004e+10  5.29934343e+08  6.03445827e+10  1.10335663e+10
 7.49750000e+01  7.03705979e+16  7.34624722e+14  3.78893095e+10  5.95308472e+08  6.03445827e+10  1.10335663e+10
 7.50000000e+01  7.02888045e+16  8.15061761e+14  3.78452699e+10  6.60491210e+08  6.03445827e+10  1.10335663e+10
 7.50000000e+01  7.02888045e+16  8.15061761e+14  3.78452699e+10  6.60491210e+08  6.03445827e+10  1.10335663e+10
 7.65000000e+01  7.61714402e+16  5.59029089e+15  4.10126297e+10  4.53013277e+09  6.03445827e+10  1.10335663e+10
 7.80000000e+01  8.16575806e+16  1.02656061e+16  4.39665065e+10  8.31880836e+09  6.03445827e+10  1.10335663e+10
 7.95000000e+01  8.67739499e+16  1.48256151e+16  4.67212891e+10  1.20140447e+10  6.03445827e+10  1.10335663e+10
 8.10000000e+01  9.15454710e+16  1.92581691e+16  4.92903967e+10  1.56059970e+10  6.03445827e+10  1.10335663e+10
 8.25000000e+01  9.59953871e+16  2.35539240e+16  5.16863441e+10  1.90870932e+10  6.03445827e+10  1.10335663e+10
 8.40000000e+01  1.00145375e+17  2.77059536e+16  5.39208023e+10  2.24517205e+10  6.03445827e+10  1.10335663e+10
 8.55000000e+01  1.04015649e+17  3.17094082e+16  5.60046559e+10  2.56959490e+10  6.03445827e+10  1.10335663e+10
 8.70000000e+01  1.07625063e+17  3.55612144e+16  5.79480557e+10  2.88172880e+10  6.03445827e+10  1.10335663e+10
 8.85000000e+01  1.10991199e+17  3.92598105e+16  5.97604686e+10  3.18144722e+10  6.03445827e+10  1.10335663e+10
 9.00000000e+01  1.14130455e+17  4.28049149e+16  6.14507231e+10  3.46872733e+10  6.03445827e+10  1.10335663e+10
 9.00000000e+01  1.14130455e+17  4.28049149e+16  6.14507231e+10  3.46872733e+10  6.03445827e+10  1.10225327e+10
 9.00250000e+01  1.13997798e+17  4.28625963e+16  6.13792975e+10  3.47340158e+10  6.03445827e+10  1.10225327e+10
 9.00500000e+01  1.13865296e+17  4.29200227e+16  6.13079550e+10  3.47805517e+10  6.03445827e+10  1.10225327e+10
 9.00750000e+01  1.13732948e+17  4.29771948e+16  6.12366954e+10  3.48268816e+10  6.03445827e+10  1.10225327e+10
 9.01000000e+01  1.13600753e+17  4.30341133e+16  6.11655186e+10  3.48730059e+10  6.03445827e+10  1.10225327e+10
 9.01250000e+01  1.13468713e+17  4.30907787e+16  6.10944245e+10  3.49189251e+10  6.03445827e+10  1.10225327e+10
 9.01500000e+01  1.13336826e+17  4.31471917e+16  6.10234131e+10  3.49646397e+10  6.03445827e+10  1.10225327e+10
 9.01750000e+01  1.13205092e+17  4.32033528e+16  6.09524842e+10  3.50101503e+10  6.03445827e+10  1.10225327e+10
 9.02000000e+01  1.13073511e+17  4.32592628e+16  6.08816377e+10  3.50554574e+10  6.03445827e+10  1.10225327e+10
 9.02250000e+01  1.12942083e+17  4.33149221e+16  6.08108736e+10  3.51005613e+10  6.03445827e+10  1.10225327e+10
 9.02500000e+01  1.12810808e+17  4.33703315e+16  6.07401918e+10  3.51454627e+10  6.03445827e+10  1.10225327e+10
 9.02500000e+01  1.12810808e+17  0.00000000e+00  6.07401918e+10  0.00000000e+00  8.36196872e+10  1.10115102e+10
 9.12000000e+01  1.07933813e+17  4.71718131e+15  5.81142947e+10  3.82260209e+09  8.36196872e+10  1.10115102e+10
 9.21500000e+01  1.03267659e+17  8.92687919e+15  5.56019194e+10  7.23396131e+09  8.36196872e+10  1.10115102e+10
 9.31000000e+01  9.88032308e+16  1.26705666e+16  5.31981581e+10  1.02676856e+10  8.36196872e+10  1.10115102e+10
 9.40500000e+01  9.45318067e+16  1.59866667e+16  5.08983154e+10  1.29549113e+10  8.36196872e+10  1.10115102e+10
 9.50000000e+01  9.04450432e+16  1.89107652e+16  4.86978986e+10  1.53244758e+10  8.36196872e+10  1.10115102e+10
 9.59500000e+01  8.65349571e+16  2.14758092e+16  4.65926093e+10  1.74030778e+10  8.36196872e+10  1.10115102e+10
 9.69000000e+01  8.27939104e+16  2.37122917e+16  4.45783352e+10  1.92154276e+10  8.36196872e+10  1.10115102e+10
 9.78500000e+01  7.92145953e+16  2.56484241e+16  4.26511414e+10  2.07843865e+10  8.36196872e+10  1.10115102e+10
 9.88000000e+01  7.57900197e+16  2.73102968e+16  4.08072633e+10  2.21310971e+10  8.36196872e+10  1.10115102e+10
 9.97500000e+01  7.25134941e+16  2.87220290e+16  3.90430990e+10  2.32751045e+10  8.36196872e+10  1.10115102e+10
 9.97500000e+01  7.25134941e+16  0.00000000e+00  3.90430990e+10  0.00000000e+00  8.36196872e+10  1.10115102e+10
 9.97750000e+01  7.24292100e+16  8.42103378e+13  3.89977184e+10  6.82404581e+07  8.36196872e+10  1.10115102e+10
 9.98000000e+01  7.23450239e+16  1.68175526e+14  3.89523904e+10  1.36282257e+08  8.36196872e+10  1.10115102e+10
 9.98250000e+01  7.22609356e+16  2.51896106e+14  3.89071152e+10  2.04125836e+08  8.36196872e+10  1.10115102e+10
 9.98500000e+01  7.21769451e+16  3.35372620e+14  3.88618926e+10  2.71771635e+08  8.36196872e+10  1.10115102e+10
 9.98750000e+01  7.20930522e+16  4.18605608e+14  3.88167225e+10  3.39220091e+08  8.36196872e+10  1.10115102e+10
 9.99000000e+01  7.20092568e+16  5.01595610e+14  3.87716050e+10  4.06471641e+08  8.36196872e+10  1.10115102e+10
 9.99250000e+01  7.19255589e+16  5.84343163e+14  3.87265398e+10  4.73526721e+08  8.36196872e+10  1.10115102e+10
 9.99500000e+01  7.18419582e+16  6.66848805e+14  3.86815271e+10  5.40385767e+08  8.36196872e+10  1.10115102e+10
 9.99750000e+01  7.17584546e+16  7.49113072e+14  3.86365667e+10  6.07049212e+08  8.36196872e+10  1.10115102e+10
 1.00000000e+02  7.16750482e+16  8.31136499e+14  3.85916585e+10  6.73517491e+08  8.36196872e+10  1.10115102e+10
 1.00000000e+02  7.16750482e+16  8.31136499e+14  3.85916585e+10  6.73517491e+08  8.36196872e+10  1.10115102e+10
 1.01500000e+02  7.74430199e+16  5.69268043e+15  4.16972804e+10  4.61310488e+09  8.36196872e+10  1.10115102e+10
 1.03000000e+02  8.28222249e+16  1.04383733e+16  4.45935804e+10  8.45881148e+09  8.36196872e+10  1.10115102e+10
 1.04500000e+02  8.78388664e+16  1.50549058e+16  4.72946671e+10  1.21998521e+10  8.36196872e+10  1.10115102e+10
 1.06000000e+02  9.25173814e+16  1.95319712e+16  4.98136979e+10  1.58278745e+10  8.36196872e+10  1.10115102e+10
 1.07500000e+02  9.68805601e+16  2.38618528e+16  5.21629436e+10  1.93366255e+10  8.36196872e+10  1.10115102e+10
 1.09000000e+02  1.00949656e+17  2.80390605e+16  5.43538479e+10  2.27216561e+10  8.36196872e+10  1.10115102e+10
 1.10500000e+02  1.04744492e+17  3.20600107e+16  5.63970832e+10  2.59800622e+10  8.36196872e+10  1.10115102e+10
 1.12000000e+02  1.08283551e+17  3.59227443e+16  5.83026025e+10  2.91102565e+10  8.36196872e+10  1.10115102e+10
 1.13500000e+02  1.11584075e+17  3.96266798e+16  6.00796879e+10  3.21117674e+10  8.36196872e+10  1.10115102e+10
 1.15000000e+02  1.14662140e+17  4.31723958e+16  6.17369961e+10  3.49850641e+10  8.36196872e+10  1.10115102e+10
 1.15000000e+02  1.14662140e+17  4.31723958e+16  6.17369961e+10  3.49850641e+10  8.36196872e+10  1.10004987e+10
 1.15025000e+02  1.14528866e+17  4.32300520e+16  6.16652378e+10  3.50317862e+10  8.36196872e+10  1.10004987e+10
 1.15050000e+02  1.14395747e+17  4.32874525e+16  6.15935629e+10  3.50783011e+10  8.36196872e+10  1.10004987e+10
 1.15075000e+02  1.14262782e+17  4.33445981e+16  6.15219713e+10  3.51246095e+10  8.36196872e+10  1.10004987e+10
 1.15100000e+02  1.14129972e+17  4.34014893e+16  6.14504630e+10  3.51707117e+10  8.36196872e+10  1.10004987e+10
 1.15125000e+02  1.13997316e+17  4.34581268e+16  6.13790377e+10  3.52166083e+10  8.36196872e+10  1.10004987e+10
 1.15150000e+02  1.13864814e+17  4.35145112e+16  6.13076955e+10  3.52622998e+10  8.36196872e+10  1.10004987e+10
 1.15175000e+02  1.13732466e+17  4.35706431e+16  6.12364361e+10  3.53077867e+10  8.36196872e+10  1.10004987e+10
 1.15200000e+02  1.13600273e+17  4.36265232e+16  6.11652596e+10  3.53530695e+10  8.36196872e+10  1.10004987e+10
 1.15225000e+02  1.13468232e+17  4.36821520e+16  6.10941659e+10  3.53981487e+10  8.36196872e+10  1.10004987e+10
 1.15250000e+02  1.13336346e+17  4.37375302e+16  6.10231548e+10  3.54430249e+10  8.36196872e+10  1.10004987e+10
 1.15250000e+02  1.13336346e+17  0.00000000e+00  6.10231548e+10  0.00000000e+00  1.07003221e+11  1.09894982e+10
 1.16200000e+02  1.08436631e+17  4.73915667e+15  5.83850247e+10  3.84040999e+09  1.07003221e+11  1.09894982e+10
 1.17150000e+02  1.03748740e+17  8.96846576e+15  5.58609453e+10  7.26766129e+09  1.07003221e+11  1.09894982e+10
 1.18100000e+02  9.92635134e+16  1.27295935e+16  5.34459859e+10  1.03155184e+10  1.07003221e+11  1.09894982e+10
 1.19050000e+02  9.49721905e+16  1.60611418e+16  5.11354292e+10  1.30152628e+10  1.07003221e+11  1.09894982e+10
 1.20000000e+02  9.08663885e+16  1.89988625e+16  4.89247615e+10  1.53958660e+10  1.07003221e+11  1.09894982e+10
 1.20950000e+02  8.69380870e+16  2.15758560e+16  4.68096647e+10  1.74841514e+10  1.07003221e+11  1.09894982e+10
 1.21900000e+02  8.31796124e+16  2.38227573e+16  4.47860069e+10  1.93049442e+10  1.07003221e+11  1.09894982e+10
 1.22850000e+02  7.95836227e+16  2.57679093e+16  4.28498351e+10  2.08812122e+10  1.07003221e+11  1.09894982e+10
 1.23800000e+02  7.61430935e+16  2.74375240e+16  4.09973671e+10  2.22341966e+10  1.07003221e+11  1.09894982e+10
 1.24750000e+02  7.28513039e+16  2.88558328e+16  3.92249844e+10  2.33835334e+10  1.07003221e+11  1.09894982e+10
 1.24750000e+02  7.28513039e+16  0.00000000e+00  3.92249844e+10  0.00000000e+00  1.07003221e+11  1.09894982e+10
 1.24775000e+02  7.27666272e+16  8.46026383e+13  3.91793923e+10  6.85583616e+07  1.07003221e+11  1.09894982e+10
 1.24800000e+02  7.26820489e+16  1.68958984e+14  3.91338532e+10  1.36917139e+08  1.07003221e+11  1.09894982e+10
 1.24825000e+02  7.25975689e+16  2.53069584e+14  3.90883670e+10  2.05076773e+08  1.07003221e+11  1.09894982e+10
 1.24850000e+02  7.25131871e+16  3.36934980e+14  3.90429338e+10  2.73037705e+08  1.07003221e+11  1.09894982e+10
 1.24875000e+02  7.24289034e+16  4.20555715e+14  3.89975533e+10  3.40800375e+08  1.07003221e+11  1.09894982e+10
 1.24900000e+02  7.23447176e+16  5.03932333e+14  3.89522255e+10  4.08365221e+08  1.07003221e+11  1.09894982e+10
 1.24925000e+02  7.22606297e+16  5.87065372e+14  3.89069505e+10  4.75732683e+08  1.07003221e+11  1.09894982e+10
 1.24950000e+02  7.21766396e+16  6.69955373e+14  3.88617281e+10  5.42903196e+08  1.07003221e+11  1.09894982e+10
 1.24975000e+02  7.20927470e+16  7.52602875e+14  3.88165582e+10  6.09877199e+08  1.07003221e+11  1.09894982e+10
 1.25000000e+02  7.20089520e+16  8.35008414e+14  3.87714408e+10  6.76655125e+08  1.07003221e+11  1.09894982e+10
 1.25000000e+02  7.20089520e+16  8.35008414e+14  3.87714408e+10  6.76655125e+08  1.07003221e+11  1.09894982e+10
 1.26500000e+02  7.77332311e+16  5.71679509e+15  4.18535374e+10  4.63264637e+09  1.07003221e+11  1.09894982e+10
 1.28000000e+02  8.30716883e+16  1.04779187e+16  4.47278978e+10  8.49085740e+09  1.07003221e+11  1.09894982e+10
 1.29500000e+02  8.80503284e+16  1.51057380e+16  4.74085236e+10  1.22410444e+10  1.07003221e+11  1.09894982e+10
 1.31000000e+02  9.26934034e+16  1.95905351e+16  4.99084726e+10  1.58753322e+10  1.07003221e+11  1.09894982e+10
 1.32500000e+02  9.70235307e+16  2.39251114e+16  5.22399226e+10  1.93878876e+10  1.07003221e+11  1.09894982e+10
 1.34000000e+02  1.01061803e+17  2.81044324e+16  5.44142307e+10  2.27746306e+10  1.07003221e+11  1.09894982e+10
 1.35500000e+02  1.04827893e+17  3.21253142e+16  5.64419884e+10  2.60329814e+10  1.07003221e+11  1.09894982e+10
 1.37000000e+02  1.08340144e+17  3.59861481e+16  5.83330732e+10  2.91616362e+10  1.07003221e+11  1.09894982e+10
 1.38500000e+02  1.11615666e+17  3.96866590e+16  6.00966972e+10  3.21603720e+10  1.07003221e+11  1.09894982e+10
 1.40000000e+02  1.14670415e+17  4.32276932e+16  6.17414512e+10  3.50298747e+10  1.07003221e+11  1.09894982e+10
 1.40000000e+02  1.14670415e+17  4.32276932e+16  6.17414512e+10  3.50298747e+10  1.07003221e+11  1.09785087e+10
 1.40025000e+02  1.14537131e+17  4.32852623e+16  6.16696877e+10  3.50765263e+10  1.07003221e+11  1.09785087e+10
 1.40050000e+02  1.14404001e+17  4.33425759e+16  6.15980076e+10  3.51229707e+10  1.07003221e+11  1.09785087e+10
 1.40075000e+02  1.14271027e+17  4.33996346e+16  6.15264109e+10  3.51692087e+10  1.07003221e+11  1.09785087e+10
 1.40100000e+02  1.14138207e+17  4.34564392e+16  6.14548973e+10  3.52152407e+10  1.07003221e+11  1.09785087e+10
 1.40125000e+02  1.14005542e+17  4.35129902e+16  6.13834669e+10  3.52610672e+10  1.07003221e+11  1.09785087e+10
 1.40150000e+02  1.13873031e+17  4.35692882e+16  6.13121195e+10  3.53066887e+10  1.07003221e+11  1.09785087e+10
 1.40175000e+02  1.13740673e+17  4.36253338e+16  6.12408550e+10  3.53521057e+10  1.07003221e+11  1.09785087e+10
 1.40200000e+02  1.13608470e+17  4.36811278e+16  6.11696734e+10  3.53973187e+10  1.07003221e+11  1.09785087e+10
 1.40225000e+02  1.13476420e+17  4.37366706e+16  6.10985745e+10  3.54423283e+10  1.07003221e+11  1.09785087e+10
 1.40250000e+02  1.13344524e+17  4.37919630e+16  6.10275583e+10  3.54871348e+10  1.07003221e+11  1.09785087e+10
 1.40250000e+02  1.13344524e+17  0.00000000e+00  6.10275583e+10  0.00000000e+00  1.30388441e+11  1.09675302e+10
 1.41200000e+02  1.08444456e+17  4.73949866e+15  5.83892378e+10  3.84068712e+09  1.30388441e+11  1.09675302e+10
 1.42150000e+02  1.03756227e+17  8.96911294e+15  5.58649763e+10  7.26818573e+09  1.30388441e+11  1.09675302e+10
 1.43100000e+02  9.92706764e+16  1.27305121e+16  5.34498427e+10  1.03162628e+10  1.30388441e+11  1.09675302e+10
 1.44050000e+02  9.49790439e+16  1.60623008e+16  5.11391192e+10  1.30162020e+10  1.30388441e+11  1.09675302e+10
 1.45000000e+02  9.08729456e+16  1.90002335e+16  4.89282920e+10  1.53969770e+10  1.30388441e+11  1.09675302e+10
 1.45950000e+02  8.69443606e+16  2.15774129e+16  4.68130425e+10  1.74854131e+10  1.30388441e+11  1.09675302e+10
 1.46900000e+02  8.31856147e+16  2.38244764e+16  4.47892387e+10  1.93063372e+10  1.30388441e+11  1.09675302e+10
 1.47850000e+02  7.95893656e+16  2.57697688e+16  4.28529272e+10  2.08827190e+10  1.30388441e+11  1.09675302e+10
 1.48800000e+02  7.61485881e+16  2.74395039e+16  4.10003256e+10  2.22358010e+10  1.30388441e+11  1.09675302e+10
 1.49750000e+02  7.28565610e+16  2.88579151e+16  3.92278149e+10  2.33852208e+10  1.30388441e+11  1.09675302e+10
 1.49750000e+02  7.28565610e+16  0.00000000e+00  3.92278149e+10  0.00000000e+00  1.30388441e+11  1.09675302e+10
 1.49775000e+02  7.27718781e+16  8.46087433e+13  3.91822195e+10  6.85633089e+07  1.30388441e+11  1.09675302e+10
 1.49800000e+02  7.26872937e+16  1.68971177e+14  3.91366772e+10  1.36927019e+08  1.30388441e+11  1.09675302e+10
 1.49825000e+02  7.26028076e+16  2.53087845e+14  3.90911877e+10  2.05091571e+08  1.30388441e+11  1.09675302e+10
 1.49850000e+02  7.25184198e+16  3.36959293e+14  3.90457511e+10  2.73057408e+08  1.30388441e+11  1.09675302e+10
 1.49875000e+02  7.24341300e+16  4.20586063e+14  3.90003674e+10  3.40824967e+08  1.30388441e+11  1.09675302e+10
 1.49900000e+02  7.23499381e+16  5.03968697e+14  3.89550364e+10  4.08394689e+08  1.30388441e+11  1.09675302e+10
 1.49925000e+02  7.22658442e+16  5.87107735e+14  3.89097581e+10  4.75767012e+08  1.30388441e+11  1.09675302e+10
 1.49950000e+02  7.21818479e+16  6.70003718e+14  3.88645324e+10  5.42942373e+08  1.30388441e+11  1.09675302e+10
 1.49975000e+02  7.20979494e+16  7.52657184e+14  3.88193592e+10  6.09921208e+08  1.30388441e+11  1.09675302e+10
 1.50000000e+02  7.20141483e+16  8.35068669e+14  3.87742386e+10  6.76703954e+08  1.30388441e+11  1.09675302e+10
 1.50000000e+02  7.20141483e+16  8.35068669e+14  3.87742386e+10  6.76703954e+08  1.30388441e+11  1.09675302e+10
 1.51500000e+02  7.77169322e+16  5.71646087e+15  4.18447617e+10  4.63237554e+09  1.30388441e+11  1.09675302e+10
 1.53000000e+02  8.30353430e+16  1.04758549e+16  4.47083286e+10  8.48918497e+09  1.30388441e+11  1.09675302e+10
 1.54500000e+02  8.79952879e+16  1.51008352e+16  4.73788884e+10  1.22370713e+10  1.30388441e+11  1.09675302e+10
 1.56000000e+02  9.26209278e+16  1.95818809e+16  4.98694498e+10  1.58683192e+10  1.30388441e+11  1.09675302e+10
 1.57500000e+02  9.69347951e+16  2.39119649e+16  5.21921451e+10  1.93772342e+10  1.30388441e+11  1.09675302e+10
 1.59000000e+02  1.00957904e+17  2.80862018e+16  5.43582885e+10  2.27598573e+10  1.30388441e+11  1.09675302e+10
 1.60500000e+02  1.04709851e+17  3.21015366e+16  5.63784318e+10  2.60137131e+10  1.30388441e+11  1.09675302e+10
 1.62000000e+02  1.08208913e+17  3.59564724e+16  5.82624154e+10  2.91375882e+10  1.30388441e+11  1.09675302e+10
 1.63500000e+02  1.11472135e+17  3.96508298e+16  6.00194168e+10  3.21313376e+10  1.30388441e+11  1.09675302e+10
 1.65000000e+02  1.14515413e+17  4.31855375e+16  6.16579946e+10  3.49957135e+10  1.30388441e+11  1.09675302e+10
 1.65000000e+02  1.14515413e+17  4.31855375e+16  6.16579946e+10  3.49957135e+10  1.30388441e+11  1.09565626e+10
 1.65025000e+02  1.14382310e+17  4.32430003e+16  6.15863281e+10  3.50422789e+10  1.30388441e+11  1.09565626e+10
 1.65050000e+02  1.14249360e+17  4.33002080e+16  6.15147449e+10  3.50886376e+10  1.30388441e+11  1.09565626e+10
 1.65075000e+02  1.14116566e+17  4.33571612e+16  6.14432450e+10  3.51347901e+10  1.30388441e+11  1.09565626e+10
 1.65100000e+02  1.13983926e+17  4.34138607e+16  6.13718281e+10  3.51807369e+10  1.30388441e+11  1.09565626e+10
 1.65125000e+02  1.13851439e+17  4.34703070e+16  6.13004942e+10  3.52264786e+10  1.30388441e+11  1.09565626e+10
 1.65150000e+02  1.13719107e+17  4.35265007e+16  6.12292433e+10  3.52720155e+10  1.30388441e+11  1.09565626e+10
 1.65175000e+02  1.13586929e+17  4.35824424e+16  6.11580751e+10  3.53173483e+10  1.30388441e+11  1.09565626e+10
 1.65200000e+02  1.13454904e+17  4.36381328e+16  6.10869897e+10  3.53624775e+10  1.30388441e+11  1.09565626e+10
 1.65225000e+02  1.13323033e+17  4.36935725e+16  6.10159869e+10  3.54074034e+10  1.30388441e+11  1.09565626e+10
 1.65250000e+02  1.13191315e+17  4.37487621e+16  6.09450667e+10  3.54521267e+10  1.30388441e+11  1.09565626e+10
 1.65250000e+02  1.13191315e+17  0.00000000e+00  6.09450667e+10  0.00000000e+00  1.53742052e+11  1.09456061e+10
 1.66200000e+02  1.08297871e+17  4.73309223e+15  5.83103125e+10  3.83549562e+09  1.53742052e+11  1.09456061e+10
 1.67150000e+02  1.03615978e+17  8.95698930e+15  5.57894630e+10  7.25836125e+09  1.53742052e+11  1.09456061e+10
 1.68100000e+02  9.91364912e+16  1.27133041e+16  5.33775940e+10  1.03023182e+10  1.53742052e+11  1.09456061e+10
 1.69050000e+02  9.48506597e+16  1.60405893e+16  5.10699939e+10  1.29986079e+10  1.53742052e+11  1.09456061e+10
 1.70000000e+02  9.07501117e+16  1.89745507e+16  4.88621552e+10  1.53761648e+10  1.53742052e+11  1.09456061e+10
 1.70950000e+02  8.68268370e+16  2.15482465e+16  4.67497649e+10  1.74617779e+10  1.53742052e+11  1.09456061e+10
 1.71900000e+02  8.30731719e+16  2.37922726e+16  4.47286966e+10  1.92802407e+10  1.53742052e+11  1.09456061e+10
 1.72850000e+02  7.94817838e+16  2.57349355e+16  4.27950024e+10  2.08544916e+10  1.53742052e+11  1.09456061e+10
 1.73800000e+02  7.60456572e+16  2.74024137e+16  4.09449050e+10  2.22057447e+10  1.53742052e+11  1.09456061e+10
 1.74750000e+02  7.27580800e+16  2.88189075e+16  3.91747903e+10  2.33536108e+10  1.53742052e+11  1.09456061e+10
 1.74750000e+02  7.27580800e+16  0.00000000e+00  3.91747903e+10  0.00000000e+00  1.53742052e+11  1.09456061e+10
 1.74775000e+02  7.26735116e+16  8.44943768e+13  3.91292565e+10  6.84706312e+07  1.53742052e+11  1.09456061e+10
 1.74800000e+02  7.25890416e+16  1.68742777e+14  3.90837757e+10  1.36741933e+08  1.53742052e+11  1.09456061e+10
 1.74825000e+02  7.25046697e+16  2.52745744e+14  3.90383478e+10  2.04814347e+08  1.53742052e+11  1.09456061e+10
 1.74850000e+02  7.24203959e+16  3.36503822e+14  3.89929726e+10  2.72688313e+08  1.53742052e+11  1.09456061e+10
 1.74875000e+02  7.23362200e+16  4.20017553e+14  3.89476502e+10  3.40364271e+08  1.53742052e+11  1.09456061e+10
 1.74900000e+02  7.22521420e+16  5.03287477e+14  3.89023805e+10  4.07842658e+08  1.53742052e+11  1.09456061e+10
 1.74925000e+02  7.21681617e+16  5.86314136e+14  3.88571633e+10  4.75123913e+08  1.53742052e+11  1.09456061e+10
 1.74950000e+02  7.20842790e+16  6.69098067e+14  3.88119988e+10  5.42208472e+08  1.53742052e+11  1.09456061e+10
 1.74975000e+02  7.20004938e+16  7.51639809e+14  3.87668867e+10  6.09096771e+08  1.53742052e+11  1.09456061e+10
 1.75000000e+02  7.19168060e+16  8.33939898e+14  3.87218271e+10  6.75789246e+08  1.53742052e+11  1.09456061e+10
 1.75000000e+02  7.19168060e+16  8.33939898e+14  3.87218271e+10  6.75789246e+08  1.53742052e+11  1.09456061e+10
 1.76500000e+02  7.76050482e+16  5.70850097e+15  4.17845206e+10  4.62592517e+09  1.53742052e+11  1.09456061e+10
 1.78000000e+02  8.29098975e+16  1.04608150e+16  4.46407856e+10  8.47699731e+09  1.53742052e+11  1.09456061e+10
 1.79500000e+02  8.78571949e+16  1.50785541e+16  4.73045356e+10  1.22190157e+10  1.53742052e+11  1.09456061e+10
 1.81000000e+02  9.24710397e+16  1.95522716e+16  4.97887463e+10  1.58443251e+10  1.53742052e+11  1.09456061e+10
 1.82500000e+02  9.67739070e+16  2.38750040e+16  5.21055189e+10  1.93472826e+10  1.53742052e+11  1.09456061e+10
 1.84000000e+02  1.00786757e+17  2.80419187e+16  5.42661387e+10  2.27239722e+10  1.53742052e+11  1.09456061e+10
 1.85500000e+02  1.04529137e+17  3.20500054e+16  5.62811308e+10  2.59719544e+10  1.53742052e+11  1.09456061e+10
 1.87000000e+02  1.08019277e+17  3.58978039e+16  5.81603104e+10  2.90900457e+10  1.53742052e+11  1.09456061e+10
 1.88500000e+02  1.11274178e+17  3.95851650e+16  5.99128316e+10  3.20781256e+10  1.53742052e+11  1.09456061e+10
 1.90000000e+02  1.14309696e+17  4.31130418e+16  6.15472311e+10  3.49369662e+10  1.53742052e+11  1.09456061e+10
 1.90000000e+02  1.14309696e+17  4.31130418e+16  6.15472311e+10  3.49369662e+10  1.53742052e+11  1.09346605e+10
 1.90025000e+02  1.14176831e+17  4.31703925e+16  6.14756934e+10  3.49834407e+10  1.53742052e+11  1.09346605e+10
 1.90050000e+02  1.14044121e+17  4.32274886e+16  6.14042388e+10  3.50297089e+10  1.53742052e+11  1.09346605e+10
 1.90075000e+02  1.13911565e+17  4.32843307e+16  6.13328673e+10  3.50757713e+10  1.53742052e+11  1.09346605e+10
 1.90100000e+02  1.13779163e+17  4.33409194e+16  6.12615787e+10  3.51216284e+10  1.53742052e+11  1.09346605e+10
 1.90125000e+02  1.13646915e+17  4.33972555e+16  6.11903730e+10  3.51672808e+10  1.53742052e+11  1.09346605e+10
 1.90150000e+02  1.13514820e+17  4.34533394e+16  6.11192500e+10  3.52127288e+10  1.53742052e+11  1.09346605e+10
 1.90175000e+02  1.13382880e+17  4.35091718e+16  6.10482097e+10  3.52579730e+10  1.53742052e+11  1.09346605e+10
 1.90200000e+02  1.13251092e+17  4.35647534e+16  6.09772520e+10  3.53030139e+10  1.53742052e+11  1.09346605e+10
 1.90225000e+02  1.13119458e+17  4.36200847e+16  6.09063768e+10  3.53478521e+10  1.53742052e+11  1.09346605e+10
 1.90250000e+02  1.12987976e+17  4.36751664e+16  6.08355839e+10  3.53924879e+10  1.53742052e+11  1.09346605e+10
 1.90250000e+02  1.12987976e+17  0.00000000e+00  6.08355839e+10  0.00000000e+00  1.77053710e+11  1.09237258e+10
 1.91200000e+02  1.08103323e+17  4.72458962e+15  5.82055628e+10  3.82860547e+09  1.77053710e+11  1.09237258e+10
 1.92150000e+02  1.03429841e+17  8.94089881e+15  5.56892419e+10  7.24532220e+09  1.77053710e+11  1.09237258e+10
 1.93100000e+02  9.89584007e+16  1.26904657e+16  5.32817055e+10  1.02838109e+10  1.77053710e+11  1.09237258e+10
 1.94050000e+02  9.46802683e+16  1.60117737e+16  5.09782509e+10  1.29752569e+10  1.77053710e+11  1.09237258e+10
 1.95000000e+02  9.05870866e+16  1.89404645e+16  4.87743783e+10  1.53485428e+10  1.77053710e+11  1.09237258e+10
 1.95950000e+02  8.66708598e+16  2.15095369e+16  4.66657828e+10  1.74304092e+10  1.77053710e+11  1.09237258e+10
 1.96900000e+02  8.29239378e+16  2.37495317e+16  4.46483452e+10  1.92456053e+10  1.77053710e+11  1.09237258e+10
 1.97850000e+02  7.93390013e+16  2.56887048e+16  4.27181248e+10  2.08170283e+10  1.77053710e+11  1.09237258e+10
 1.98800000e+02  7.59090475e+16  2.73531875e+16  4.08713509e+10  2.21658539e+10  1.77053710e+11  1.09237258e+10
 1.99750000e+02  7.26273761e+16  2.87671368e+16  3.91044160e+10  2.33116579e+10  1.77053710e+11  1.09237258e+10
 1.99750000e+02  7.26273761e+16  0.00000000e+00  3.91044160e+10  0.00000000e+00  1.77053710e+11  1.09237258e+10
 1.99775000e+02  7.25429597e+16  8.43425897e+13  3.90589641e+10  6.83476293e+07  1.77053710e+11  1.09237258e+10
 1.99800000e+02  7.24586414e+16  1.68439644e+14  3.90135649e+10  1.36496288e+08  1.77053710e+11  1.09237258e+10
 1.99825000e+02  7.23744210e+16  2.52291707e+14  3.89682186e+10  2.04446415e+08  1.77053710e+11  1.09237258e+10
 1.99850000e+02  7.22902986e+16  3.35899321e+14  3.89229250e+10  2.72198451e+08  1.77053710e+11  1.09237258e+10
 1.99875000e+02  7.22062740e+16  4.19263026e+14  3.88776840e+10  3.39752834e+08  1.77053710e+11  1.09237258e+10
 1.99900000e+02  7.21223470e+16  5.02383363e+14  3.88324955e+10  4.07110002e+08  1.77053710e+11  1.09237258e+10
 1.99925000e+02  7.20385175e+16  5.85260871e+14  3.87873597e+10  4.74270392e+08  1.77053710e+11  1.09237258e+10
 1.99950000e+02  7.19547856e+16  6.67896088e+14  3.87422762e+10  5.41234439e+08  1.77053710e+11  1.09237258e+10
 1.99975000e+02  7.18711509e+16  7.50289550e+14  3.86972452e+10  6.08002579e+08  1.77053710e+11  1.09237258e+10
 2.00000000e+02  7.17876134e+16  8.32441794e+14  3.86522665e+10  6.74575246e+08  1.77053710e+11  1.09237258e+10
 2.00000000e+02  7.17876134e+16  8.32441794e+14  3.86522665e+10  6.74575246e+08  1.77053710e+11  1.09237258e+10
 2.01500000e+02  7.74635029e+16  5.69817337e+15  4.17083090e+10  4.61755612e+09  1.77053710e+11  1.09237258e+10
 2.03000000e+02  8.27568320e+16  1.04417483e+16  4.45583712e+10  8.46154647e+09  1.77053710e+11  1.09237258e+10
 2.04500000e+02  8.76933856e+16  1.50508829e+16  4.72163365e+10  1.21965921e+10  1.77053710e+11  1.09237258e+10
 2.06000000e+02  9.22972109e+16  1.95161668e+16  4.96951525e+10  1.58150673e+10  1.77053710e+11  1.09237258e+10
 2.07500000e+02  9.65907339e+16  2.38306656e+16  5.20068939e+10  1.93113527e+10  1.77053710e+11  1.09237258e+10
 2.09000000e+02  1.00594869e+17  2.79895701e+16  5.41628217e+10  2.26815511e+10  1.77053710e+11  1.09237258e+10
 2.10500000e+02  1.04329122e+17  3.19898879e+16  5.61734379e+10  2.59232377e+10  1.77053710e+11  1.09237258e+10
 2.12000000e+02  1.07811683e+17  3.58301724e+16  5.80485366e+10  2.90352401e+10  1.77053710e+11  1.09237258e+10
 2.13500000e+02  1.11059516e+17  3.95102840e+16  5.97972519e+10  3.20174453e+10  1.77053710e+11  1.09237258e+10
 2.15000000e+02  1.14088442e+17  4.30311821e+16  6.14281022e+10  3.48706305e+10  1.77053710e+11  1.09237258e+10
 2.15000000e+02  1.14088442e+17  4.30311821e+16  6.14281022e+10  3.48706305e+10  1.77053710e+11  1.09128021e+10
 2.15025000e+02  1.13955834e+17  4.30884190e+16  6.13567029e+10  3.49170129e+10  1.77053710e+11  1.09128021e+10
 2.15050000e+02  1.13823381e+17  4.31454018e+16  6.12853866e+10  3.49631893e+10  1.77053710e+11  1.09128021e+10
 2.15075000e+02  1.13691081e+17  4.32021311e+16  6.12141532e+10  3.50091603e+10  1.77053710e+11  1.09128021e+10
 2.15100000e+02  1.13558935e+17  4.32586075e+16  6.11430026e+10  3.50549264e+10  1.77053710e+11  1.09128021e+10
 2.15125000e+02  1.13426943e+17  4.33148318e+16  6.10719348e+10  3.51004881e+10  1.77053710e+11  1.09128021e+10
 2.15150000e+02  1.13295105e+17  4.33708044e+16  6.10009495e+10  3.51458459e+10  1.77053710e+11  1.09128021e+10
 2.15175000e+02  1.13163419e+17  4.34265260e+16  6.09300467e+10  3.51910004e+10  1.77053710e+11  1.09128021e+10
 2.15200000e+02  1.13031887e+17  4.34819973e+16  6.08592263e+10  3.52359519e+10  1.77053710e+11  1.09128021e+10
 2.15225000e+02  1.12900507e+17  4.35372188e+16  6.07884883e+10  3.52807010e+10  1.77053710e+11  1.09128021e+10
 2.15250000e+02  1.12769280e+17  4.35921911e+16  6.07178324e+10  3.53252483e+10  1.77053710e+11  1.09128021e+10
 2.15250000e+02  1.12769280e+17  0.00000000e+00  6.07178324e+10  0.00000000e+00  2.00320247e+11  1.09018893e+10
 2.16200000e+02  1.07894081e+17  4.71544485e+15  5.80929019e+10  3.82119494e+09  2.00320247e+11  1.09018893e+10
 2.17150000e+02  1.03229645e+17  8.92359308e+15  5.55814515e+10  7.23129838e+09  2.00320247e+11  1.09018893e+10
 2.18100000e+02  9.87668598e+16  1.26659024e+16  5.31785751e+10  1.02639059e+10  2.00320247e+11  1.09018893e+10
 2.19050000e+02  9.44970081e+16  1.59807818e+16  5.08795789e+10  1.29501424e+10  2.00320247e+11  1.09018893e+10
 2.20000000e+02  9.04117490e+16  1.89038039e+16  4.86799721e+10  1.53188346e+10  2.00320247e+11  1.09018893e+10
 2.20950000e+02  8.65031023e+16  2.14679037e+16  4.65754579e+10  1.73966714e+10  2.00320247e+11  1.09018893e+10
 2.21900000e+02  8.27634328e+16  2.37035629e+16  4.45619252e+10  1.92083541e+10  2.00320247e+11  1.09018893e+10
 2.22850000e+02  7.91854352e+16  2.56389825e+16  4.26354409e+10  2.07767355e+10  2.00320247e+11  1.09018893e+10
 2.23800000e+02  7.57621203e+16  2.73002435e+16  4.07922415e+10  2.21229503e+10  2.00320247e+11  1.09018893e+10
 2.24750000e+02  7.24868008e+16  2.87114560e+16  3.90287267e+10  2.32665366e+10  2.00320247e+11  1.09018893e+10
 2.24750000e+02  7.24868008e+16  0.00000000e+00  3.90287267e+10  0.00000000e+00  2.00320247e+11  1.09018893e+10
 2.24775000e+02  7.24025478e+16  8.41793387e+13  3.89833627e+10  6.82153378e+07  2.00320247e+11  1.09018893e+10
 2.24800000e+02  7.23183926e+16  1.68113618e+14  3.89380515e+10  1.36232090e+08  2.00320247e+11  1.09018893e+10
 2.24825000e+02  7.22343353e+16  2.51803379e+14  3.88927929e+10  2.04050695e+08  2.00320247e+11  1.09018893e+10
 2.24850000e+02  7.21503757e+16  3.35249164e+14  3.88475869e+10  2.71671592e+08  2.00320247e+11  1.09018893e+10
 2.24875000e+02  7.20665137e+16  4.18451513e+14  3.88024335e+10  3.39095219e+08  2.00320247e+11  1.09018893e+10
 2.24900000e+02  7.19827492e+16  5.01410965e+14  3.87573326e+10  4.06322013e+08  2.00320247e+11  1.09018893e+10
 2.24925000e+02  7.18990820e+16  5.84128058e+14  3.87122840e+10  4.73352409e+08  2.00320247e+11  1.09018893e+10
 2.24950000e+02  7.18155121e+16  6.66603329e+14  3.86672879e+10  5.40186843e+08  2.00320247e+11  1.09018893e+10
 2.24975000e+02  7.17320393e+16  7.48837313e+14  3.86223440e+10  6.06825748e+08  2.00320247e+11  1.09018893e+10
 2.25000000e+02  7.16486635e+16  8.30830546e+14  3.85774524e+10  6.73269559e+08  2.00320247e+11  1.09018893e+10
 2.25000000e+02  7.16486635e+16  8.30830546e+14  3.85774524e+10  6.73269559e+08  2.00320247e+11  1.09018893e+10
 2.26500000e+02  7.73129000e+16  5.68712143e+15  4.16272205e+10  4.60860010e+09  2.00320247e+11  1.09018893e+10
 2.28000000e+02  8.25953615e+16  1.04214517e+16  4.44714314e+10  8.44509899e+09  2.00320247e+11  1.09018893e+10
 2.29500000e+02  8.75217800e+16  1.50215684e+16  4.71239397e+10  1.21728369e+10  2.00320247e+11  1.09018893e+10
 2.31000000e+02  9.21161533e+16  1.94780854e+16  4.95976665e+10  1.57842078e+10  2.00320247e+11  1.09018893e+10
 2.32500000e+02  9.64008614e+16  2.37840869e+16  5.19046617e+10  1.92736073e+10  2.00320247e+11  1.09018893e+10
 2.34000000e+02  1.00396776e+17  2.79347776e+16  5.40561632e+10  2.26371496e+10  2.00320247e+11  1.09018893e+10
 2.35500000e+02  1.04123362e+17  3.19271749e+16  5.60626515e+10  2.58724178e+10  2.00320247e+11  1.09018893e+10
 2.37000000e+02  1.07598773e+17  3.57598382e+16  5.79339005e+10  2.89782443e+10  2.00320247e+11  1.09018893e+10
 2.38500000e+02  1.10839938e+17  3.94326312e+16  5.96790256e+10  3.19545188e+10  2.00320247e+11  1.09018893e+10
 2.40000000e+02  1.13862645e+17  4.29465140e+16  6.13065276e+10  3.48020191e+10  2.00320247e+11  1.09018893e+10
 2.40000000e+02  1.13862645e+17  4.29465140e+16  6.13065276e+10  3.48020191e+10  2.00320247e+11  1.08909874e+10
 2.40025000e+02  1.13730300e+17  4.30036367e+16  6.12352696e+10  3.48483089e+10  2.00320247e+11  1.08909874e+10
 2.40050000e+02  1.13598109e+17  4.30605058e+16  6.11640945e+10  3.48943933e+10  2.00320247e+11  1.08909874e+10
 2.40075000e+02  1.13466071e+17  4.31171220e+16  6.10930021e+10  3.49402726e+10  2.00320247e+11  1.08909874e+10
 2.40100000e+02  1.13334187e+17  4.31734858e+16  6.10219923e+10  3.49859474e+10  2.00320247e+11  1.08909874e+10
 2.40125000e+02  1.13202456e+17  4.32295979e+16  6.09510651e+10  3.50314183e+10  2.00320247e+11  1.08909874e+10
 2.40150000e+02  1.13070878e+17  4.32854589e+16  6.08802203e+10  3.50766856e+10  2.00320247e+11  1.08909874e+10
 2.40175000e+02  1.12939453e+17  4.33410694e+16  6.08094578e+10  3.51217500e+10  2.00320247e+11  1.08909874e+10
 2.40200000e+02  1.12808181e+17  4.33964300e+16  6.07387776e+10  3.51666119e+10  2.00320247e+11  1.08909874e+10
 2.40225000e+02  1.12677062e+17  4.34515414e+16  6.06681795e+10  3.52112717e+10  2.00320247e+11  1.08909874e+10
 2.40250000e+02  1.12546095e+17  4.35064041e+16  6.05976635e+10  3.52557301e+10  2.00320247e+11  1.08909874e+10
 2.40250000e+02  1.12546095e+17  0.00000000e+00  6.05976635e+10  0.00000000e+00  2.23540736e+11  1.08800964e+10
 2.41200000e+02  1.07680544e+17  4.70611234e+15  5.79779282e+10  3.81363227e+09  2.23540736e+11  1.08800964e+10
 2.42150000e+02  1.03025339e+17  8.90593207e+15  5.54714482e+10  7.21698665e+09  2.23540736e+11  1.08800964e+10
 2.43100000e+02  9.85713867e+16  1.26408349e+16  5.30733274e+10  1.02435922e+10  2.23540736e+11  1.08800964e+10
 2.44050000e+02  9.43099856e+16  1.59491536e+16  5.07788813e+10  1.29245123e+10  2.23540736e+11  1.08800964e+10
 2.45000000e+02  9.02328118e+16  1.88663907e+16  4.85836278e+10  1.52885165e+10  2.23540736e+11  1.08800964e+10
 2.45950000e+02  8.63319009e+16  2.14254157e+16  4.64832787e+10  1.73622411e+10  2.23540736e+11  1.08800964e+10
 2.46900000e+02  8.25996326e+16  2.36566503e+16  4.44737311e+10  1.91703382e+10  2.23540736e+11  1.08800964e+10
 2.47850000e+02  7.90287164e+16  2.55882395e+16  4.25510595e+10  2.07356155e+10  2.23540736e+11  1.08800964e+10
 2.48800000e+02  7.56121767e+16  2.72462126e+16  4.07115081e+10  2.20791660e+10  2.23540736e+11  1.08800964e+10
 2.49750000e+02  7.23433395e+16  2.86546321e+16  3.89514835e+10  2.32204890e+10  2.23540736e+11  1.08800964e+10
 2.49750000e+02  7.23433395e+16  0.00000000e+00  3.89514835e+10  0.00000000e+00  2.23540736e+11  1.08800964e+10
 2.49775000e+02  7.22592532e+16  8.40127363e+13  3.89062093e+10  6.80803303e+07  2.23540736e+11  1.08800964e+10
 2.49800000e+02  7.21752647e+16  1.67780898e+14  3.88609878e+10  1.35962468e+08  2.23540736e+11  1.08800964e+10
 2.49825000e+02  7.20913737e+16  2.51305026e+14  3.88158188e+10  2.03646851e+08  2.23540736e+11  1.08800964e+10
 2.49850000e+02  7.20075803e+16  3.34585660e+14  3.87707023e+10  2.71133917e+08  2.23540736e+11  1.08800964e+10
 2.49875000e+02  7.19238843e+16  4.17623341e+14  3.87256382e+10  3.38424103e+08  2.23540736e+11  1.08800964e+10
 2.49900000e+02  7.18402855e+16  5.00418604e+14  3.86806265e+10  4.05517846e+08  2.23540736e+11  1.08800964e+10
 2.49925000e+02  7.17567839e+16  5.82971989e+14  3.86356671e+10  4.72415580e+08  2.23540736e+11  1.08800964e+10
 2.49950000e+02  7.16733794e+16  6.65284030e+14  3.85907600e+10  5.39117739e+08  2.23540736e+11  1.08800964e+10
 2.49975000e+02  7.15900718e+16  7.47355262e+14  3.85459051e+10  6.05624757e+08  2.23540736e+11  1.08800964e+10
 2.50000000e+02  7.15068610e+16  8.29186219e+14  3.85011023e+10  6.71937067e+08  2.23540736e+11  1.08800964e+10
 2.50000000e+02  7.15068610e+16  8.29186219e+14  3.85011023e+10  6.71937067e+08  2.23540736e+11  1.08800964e+10
 2.51500000e+02  7.71596787e+16  5.67585873e+15  4.15447224e+10  4.59947330e+09  2.23540736e+11  1.08800964e+10
 2.53000000e+02  8.24314911e+16  1.04007994e+16  4.43831995e+10  8.42836325e+09  2.23540736e+11  1.08800964e+10
 2.54500000e+02  8.73479784e+16  1.49917816e+16  4.70303605e+10  1.21486990e+10  2.23540736e+11  1.08800964e+10
 2.56000000e+02  9.19330897e+16  1.94394398e+16  4.94991004e+10  1.57528911e+10  2.23540736e+11  1.08800964e+10
 2.57500000e+02  9.62091601e+16  2.37368734e+16  5.18014449e+10  1.92353476e+10  2.23540736e+11  1.08800964e+10
 2.59000000e+02  1.00197019e+17  2.78792981e+16  5.39486091e+10  2.25921914e+10  2.23540736e+11  1.08800964e+10
 2.60500000e+02  1.03916093e+17  3.18637384e+16  5.59510524e+10  2.58210115e+10  2.23540736e+11  1.08800964e+10
 2.62000000e+02  1.07384498e+17  3.56887575e+16  5.78185291e+10  2.89206435e+10  2.23540736e+11  1.08800964e+10
 2.63500000e+02  1.10619128e+17  3.93542206e+16  5.95601362e+10  3.18909781e+10  2.23540736e+11  1.08800964e+10
 2.65000000e+02  1.13635742e+17  4.28610862e+16  6.11843572e+10  3.47327921e+10  2.23540736e+11  1.08800964e+10
 2.65000000e+02  1.13635742e+17  4.28610862e+16  6.11843572e+10  3.47327921e+10  2.23540736e+11  1.08692163e+10
 2.65025000e+02  1.13503660e+17  4.29180948e+16  6.11132412e+10  3.47789895e+10  2.23540736e+11  1.08692163e+10
 2.65050000e+02  1.13371733e+17  4.29748504e+16  6.10422079e+10  3.48249817e+10  2.23540736e+11  1.08692163e+10
 2.65075000e+02  1.13239958e+17  4.30313535e+16  6.09712572e+10  3.48707694e+10  2.23540736e+11  1.08692163e+10
 2.65100000e+02  1.13108337e+17  4.30876047e+16  6.09003889e+10  3.49163530e+10  2.23540736e+11  1.08692163e+10
 2.65125000e+02  1.12976868e+17  4.31436047e+16  6.08296030e+10  3.49617330e+10  2.23540736e+11  1.08692163e+10
 2.65150000e+02  1.12845553e+17  4.31993541e+16  6.07588994e+10  3.50069099e+10  2.23540736e+11  1.08692163e+10
 2.65175000e+02  1.12714390e+17  4.32548535e+16  6.06882780e+10  3.50518843e+10  2.23540736e+11  1.08692163e+10
 2.65200000e+02  1.12583379e+17  4.33101035e+16  6.06177386e+10  3.50966565e+10  2.23540736e+11  1.08692163e+10
 2.65225000e+02  1.12452521e+17  4.33651048e+16  6.05472812e+10  3.51412272e+10  2.23540736e+11  1.08692163e+10
 2.65250000e+02  1.12321815e+17  4.34198579e+16  6.04769058e+10  3.51855968e+10  2.23540736e+11  1.08692163e+10
 2.65250000e+02  1.12321815e+17  0.00000000e+00  6.04769058e+10  0.00000000e+00  2.46714951e+11  1.08583471e+10
 2.66200000e+02  1.07465961e+17  4.69673410e+15  5.78623909e+10  3.80603254e+09  2.46714951e+11  1.08583471e+10
 2.67150000e+02  1.02820033e+17  8.88818451e+15  5.53609058e+10  7.20260479e+09  2.46714951e+11  1.08583471e+10
 2.68100000e+02  9.83749557e+16  1.26156445e+16  5.29675640e+10  1.02231790e+10  2.46714951e+11  1.08583471e+10
 2.69050000e+02  9.41220466e+16  1.59173705e+16  5.06776902e+10  1.28987566e+10  2.46714951e+11  1.08583471e+10
 2.70000000e+02  9.00529978e+16  1.88287941e+16  4.84868114e+10  1.52580499e+10  2.46714951e+11  1.08583471e+10
 2.70950000e+02  8.61598605e+16  2.13827196e+16  4.63906478e+10  1.73276419e+10  2.46714951e+11  1.08583471e+10
 2.71900000e+02  8.24350298e+16  2.36095078e+16  4.43851048e+10  1.91321359e+10  2.46714951e+11  1.08583471e+10
 2.72850000e+02  7.88712296e+16  2.55372478e+16  4.24662646e+10  2.06942940e+10  2.46714951e+11  1.08583471e+10
 2.73800000e+02  7.54614983e+16  2.71919169e+16  4.06303791e+10  2.20351671e+10  2.46714951e+11  1.08583471e+10
 2.74750000e+02  7.21991752e+16  2.85975297e+16  3.88738618e+10  2.31742156e+10  2.46714951e+11  1.08583471e+10
 2.74750000e+02  7.21991752e+16  0.00000000e+00  3.88738618e+10  0.00000000e+00  2.46714951e+11  1.08583471e+10
 2.74775000e+02  7.21152565e+16  8.38453175e+13  3.88286778e+10  6.79446612e+07  2.46714951e+11  1.08583471e+10
 2.74800000e+02  7.20314353e+16  1.67446548e+14  3.87835464e+10  1.35691524e+08  2.46714951e+11  1.08583471e+10
 2.74825000e+02  7.19477115e+16  2.50804230e+14  3.87384674e+10  2.03241027e+08  2.46714951e+11  1.08583471e+10
 2.74850000e+02  7.18640851e+16  3.33918905e+14  3.86934408e+10  2.70593607e+08  2.46714951e+11  1.08583471e+10
 2.74875000e+02  7.17805558e+16  4.16791109e+14  3.86484665e+10  3.37749699e+08  2.46714951e+11  1.08583471e+10
 2.74900000e+02  7.16971237e+16  4.99421381e+14  3.86035446e+10  4.04709738e+08  2.46714951e+11  1.08583471e+10
 2.74925000e+02  7.16137885e+16  5.81810254e+14  3.85586748e+10  4.71474160e+08  2.46714951e+11  1.08583471e+10
 2.74950000e+02  7.15305501e+16  6.63958265e+14  3.85138572e+10  5.38043396e+08  2.46714951e+11  1.08583471e+10
 2.74975000e+02  7.14474086e+16  7.45865947e+14  3.84690916e+10  6.04417881e+08  2.46714951e+11  1.08583471e+10
 2.75000000e+02  7.13643636e+16  8.27533833e+14  3.84243781e+10  6.70598045e+08  2.46714951e+11  1.08583471e+10
 2.75000000e+02  7.13643636e+16  8.27533833e+14  3.84243781e+10  6.70598045e+08  2.46714951e+11  1.08583471e+10
 2.76500000e+02  7.70058514e+16  5.66454578e+15  4.14618978e+10  4.59030576e+09  2.46714951e+11  1.08583471e+10
 2.78000000e+02  8.22670975e+16  1.03800645e+16  4.42946858e+10  8.41156059e+09  2.46714951e+11  1.08583471e+10
 2.79500000e+02  8.71737306e+16  1.49618885e+16  4.69365411e+10  1.21244749e+10  2.46714951e+11  1.08583471e+10
 2.81000000e+02  9.17496519e+16  1.94006714e+16  4.94003329e+10  1.57214748e+10  2.46714951e+11  1.08583471e+10
 2.82500000e+02  9.60171518e+16  2.36895268e+16  5.16980627e+10  1.91969799e+10  2.46714951e+11  1.08583471e+10
 2.84000000e+02  9.99970181e+16  2.78236806e+16  5.38409234e+10  2.25471214e+10  2.46714951e+11  1.08583471e+10
 2.85500000e+02  1.03708638e+17  3.18001634e+16  5.58393532e+10  2.57694931e+10  2.46714951e+11  1.08583471e+10
 2.87000000e+02  1.07170090e+17  3.56175417e+16  5.77030870e+10  2.88629333e+10  2.46714951e+11  1.08583471e+10
 2.88500000e+02  1.10398238e+17  3.92756812e+16  5.94412033e+10  3.18273332e+10  2.46714951e+11  1.08583471e+10
 2.90000000e+02  1.13408805e+17  4.27755389e+16  6.10621689e+10  3.46634682e+10  2.46714951e+11  1.08583471e+10
 2.90000000e+02  1.13408805e+17  4.27755389e+16  6.10621689e+10  3.46634682e+10  2.46714951e+11  1.08474887e+10
 2.90025000e+02  1.13276988e+17  4.28324336e+16  6.09911949e+10  3.47095732e+10  2.46714951e+11  1.08474887e+10
 2.90050000e+02  1.13145323e+17  4.28890757e+16  6.09203035e+10  3.47554736e+10  2.46714951e+11  1.08474887e+10
 2.90075000e+02  1.13013812e+17  4.29454659e+16  6.08494944e+10  3.48011698e+10  2.46714951e+11  1.08474887e+10
 2.90100000e+02  1.12882454e+17  4.30016047e+16  6.07787677e+10  3.48466623e+10  2.46714951e+11  1.08474887e+10
 2.90125000e+02  1.12751248e+17  4.30574928e+16  6.07081232e+10  3.48919516e+10  2.46714951e+11  1.08474887e+10
 2.90150000e+02  1.12620194e+17  4.31131307e+16  6.06375607e+10  3.49370382e+10  2.46714951e+11  1.08474887e+10
 2.90175000e+02  1.12489293e+17  4.31685192e+16  6.05670803e+10  3.49819227e+10  2.46714951e+11  1.08474887e+10
 2.90200000e+02  1.12358545e+17  4.32236588e+16  6.04966818e+10  3.50266055e+10  2.46714951e+11  1.08474887e+10
 2.90225000e+02  1.12227948e+17  4.32785501e+16  6.04263652e+10  3.50710870e+10  2.46714951e+11  1.08474887e+10
 2.90250000e+02  1.12097503e+17  4.33331938e+16  6.03561303e+10  3.51153679e+10  2.46714951e+11  1.08474887e+10
 2.90250000e+02  1.12097503e+17  0.00000000e+00  6.03561303e+10  0.00000000e+00  2.69842887e+11  1.08366413e+10
 2.91200000e+02  1.07251346e+17  4.68735447e+15  5.77468367e+10  3.79843170e+09  2.69842887e+11  1.08366413e+10
 2.92150000e+02  1.02614696e+17  8.87043434e+15  5.52503472e+10  7.18822081e+09  2.69842887e+11  1.08366413e+10
 2.93100000e+02  9.81784958e+16  1.25904504e+16  5.28617850e+10  1.02027628e+10  2.69842887e+11  1.08366413e+10
 2.94050000e+02  9.39340800e+16  1.58855827e+16  5.05764842e+10  1.28729971e+10  2.69842887e+11  1.08366413e+10
 2.95000000e+02  8.98731572e+16  1.87911920e+16  4.83899807e+10  1.52275788e+10  2.69842887e+11  1.08366413e+10
 2.95950000e+02  8.59877947e+16  2.13400172e+16  4.62980033e+10  1.72930377e+10  2.69842887e+11  1.08366413e+10
 2.96900000e+02  8.22704028e+16  2.35623584e+16  4.42964654e+10  1.90939280e+10  2.69842887e+11  1.08366413e+10
 2.97850000e+02  7.87137197e+16  2.54862486e+16  4.23814573e+10  2.06529664e+10  2.69842887e+11  1.08366413e+10
 2.98800000e+02  7.53107978e+16  2.71376132e+16  4.05492381e+10  2.19911617e+10  2.69842887e+11  1.08366413e+10
 2.99750000e+02  7.20549897e+16  2.85404190e+16  3.87962287e+10  2.31279355e+10  2.69842887e+11  1.08366413e+10
 2.99750000e+02  7.20549897e+16  0.00000000e+00  3.87962287e+10  0.00000000e+00  2.69842887e+11  1.08366413e+10
 2.99775000e+02  7.19712386e+16  8.36778740e+13  3.87511350e+10  6.78089722e+07  2.69842887e+11  1.08366413e+10
 2.99800000e+02  7.18875848e+16  1.67112148e+14  3.87060936e+10  1.35420541e+08  2.69842887e+11  1.08366413e+10
 2.99825000e+02  7.18040282e+16  2.50303361e+14  3.86611047e+10  2.02835144e+08  2.69842887e+11  1.08366413e+10
 2.99850000e+02  7.17205688e+16  3.33252052e+14  3.86161680e+10  2.70053217e+08  2.69842887e+11  1.08366413e+10
 2.99875000e+02  7.16372063e+16  4.15958756e+14  3.85712835e+10  3.37075195e+08  2.69842887e+11  1.08366413e+10
 2.99900000e+02  7.15539408e+16  4.98424010e+14  3.85264513e+10  4.03901512e+08  2.69842887e+11  1.08366413e+10
 2.99925000e+02  7.14707720e+16  5.80648349e+14  3.84816711e+10  4.70532601e+08  2.69842887e+11  1.08366413e+10
 2.99950000e+02  7.13876999e+16  6.62632306e+14  3.84369430e+10  5.36968896e+08  2.69842887e+11  1.08366413e+10
 2.99975000e+02  7.13047244e+16  7.44376414e+14  3.83922669e+10  6.03210827e+08  2.69842887e+11  1.08366413e+10
 3.00000000e+02  7.12218453e+16  8.25881205e+14  3.83476427e+10  6.69258825e+08  2.69842887e+11  1.08366413e+10
 3.00000000e+02  7.12218453e+16  8.25881205e+14  3.83476427e+10  6.69258825e+08  2.69842887e+11  1.08366413e+10
 3.01500000e+02  7.68520463e+16  5.65323269e+15  4.13790853e+10  4.58113812e+09  2.69842887e+11  1.08366413e+10
 3.03000000e+02  8.21027665e+16  1.03593324e+16  4.42062058e+10  8.39476014e+09  2.69842887e+11  1.08366413e+10
 3.04500000e+02  8.69995830e+16  1.49320033e+16  4.68427757e+10  1.21002572e+10  2.69842887e+11  1.08366413e+10
 3.06000000e+02  9.15663495e+16  1.93619179e+16  4.93016382e+10  1.56900706e+10  2.69842887e+11  1.08366413e+10
 3.07500000e+02  9.58253116e+16  2.36422038e+16  5.15947711e+10  1.91586314e+10  2.69842887e+11  1.08366413e+10
 3.09000000e+02  9.97972155e+16  2.77680964e+16  5.37333446e+10  2.25020784e+10  2.69842887e+11  1.08366413e+10
 3.10500000e+02  1.03501409e+17  3.17366325e+16  5.57277763e+10  2.57180104e+10  2.69842887e+11  1.08366413e+10
 3.12000000e+02  1.06955937e+17  3.55463817e+16  5.75877813e+10  2.88052682e+10  2.69842887e+11  1.08366413e+10
 3.13500000e+02  1.10177626e+17  3.91972097e+16  5.93224202e+10  3.17637432e+10  2.69842887e+11  1.08366413e+10
 3.15000000e+02  1.13182170e+17  4.26900718e+16  6.09401428e+10  3.45942094e+10  2.69842887e+11  1.08366413e+10
 3.15000000e+02  1.13182170e+17  4.26900718e+16  6.09401428e+10  3.45942094e+10  2.69842887e+11  1.08258046e+10
 3.15025000e+02  1.13050616e+17  4.27468528e+16  6.08693107e+10  3.46402222e+10  2.69842887e+11  1.08258046e+10
 3.15050000e+02  1.12919215e+17  4.28033817e+16  6.07985610e+10  3.46860309e+10  2.69842887e+11  1.08258046e+10
 3.15075000e+02  1.12787966e+17  4.28596591e+16  6.07278934e+10  3.47316357e+10  2.69842887e+11  1.08258046e+10
 3.15100000e+02  1.12656870e+17  4.29156857e+16  6.06573080e+10  3.47770372e+10  2.69842887e+11  1.08258046e+10
 3.15125000e+02  1.12525927e+17  4.29714621e+16  6.05868047e+10  3.48222360e+10  2.69842887e+11  1.08258046e+10
 3.15150000e+02  1.12395135e+17  4.30269889e+16  6.05163832e+10  3.48672326e+10  2.69842887e+11  1.08258046e+10
 3.15175000e+02  1.12264496e+17  4.30822667e+16  6.04460437e+10  3.49120273e+10  2.69842887e+11  1.08258046e+10
 3.15200000e+02  1.12134008e+17  4.31372960e+16  6.03757859e+10  3.49566208e+10  2.69842887e+11  1.08258046e+10
 3.15225000e+02  1.12003672e+17  4.31920777e+16  6.03056097e+10  3.50010134e+10  2.69842887e+11  1.08258046e+10
 3.15250000e+02  1.11873488e+17  4.32466121e+16  6.02355152e+10  3.50452058e+10  2.69842887e+11  1.08258046e+10
 3.15250000e+02  1.11873488e+17  0.00000000e+00  6.02355152e+10  0.00000000e+00  2.92924604e+11  1.08149788e+10
 3.16200000e+02  1.07037016e+17  4.67798731e+15  5.76314361e+10  3.79084095e+09  2.92924604e+11  1.08149788e+10
 3.17150000e+02  1.02409632e+17  8.85270776e+15  5.51399355e+10  7.17385595e+09  2.92924604e+11  1.08149788e+10
 3.18100000e+02  9.79822969e+16  1.25652897e+16  5.27561466e+10  1.01823737e+10  2.92924604e+11  1.08149788e+10
 3.19050000e+02  9.37463631e+16  1.58538371e+16  5.04754127e+10  1.28472719e+10  2.92924604e+11  1.08149788e+10
 3.20000000e+02  8.96935556e+16  1.87536399e+16  4.82932787e+10  1.51971481e+10  2.92924604e+11  1.08149788e+10
 3.20950000e+02  8.58159576e+16  2.12973715e+16  4.62054818e+10  1.72584795e+10  2.92924604e+11  1.08149788e+10
 3.21900000e+02  8.21059944e+16  2.35152716e+16  4.42079438e+10  1.90557709e+10  2.92924604e+11  1.08149788e+10
 3.22850000e+02  7.85564190e+16  2.54353171e+16  4.22967626e+10  2.06116937e+10  2.92924604e+11  1.08149788e+10
 3.23800000e+02  7.51602974e+16  2.70833817e+16  4.04682049e+10  2.19472148e+10  2.92924604e+11  1.08149788e+10
 3.24750000e+02  7.19109958e+16  2.84833841e+16  3.87186987e+10  2.30817169e+10  2.92924604e+11  1.08149788e+10
 3.24750000e+02  7.19109958e+16  0.00000000e+00  3.87186987e+10  0.00000000e+00  2.92924604e+11  1.08149788e+10
 3.24775000e+02  7.18274120e+16  8.35106530e+13  3.86736951e+10  6.76734634e+07  2.92924604e+11  1.08149788e+10
 3.24800000e+02  7.17439253e+16  1.66778193e+14  3.86287438e+10  1.35149918e+08  2.92924604e+11  1.08149788e+10
 3.24825000e+02  7.16605358e+16  2.49803158e+14  3.85838447e+10  2.02429801e+08  2.92924604e+11  1.08149788e+10
 3.24850000e+02  7.15772431e+16  3.32586084e+14  3.85389978e+10  2.69513546e+08  2.92924604e+11  1.08149788e+10
 3.24875000e+02  7.14940473e+16  4.15127508e+14  3.84942031e+10  3.36401587e+08  2.92924604e+11  1.08149788e+10
 3.24900000e+02  7.14109481e+16  4.97427965e+14  3.84494604e+10  4.03094359e+08  2.92924604e+11  1.08149788e+10
 3.24925000e+02  7.13279455e+16  5.79487987e+14  3.84047697e+10  4.69592294e+08  2.92924604e+11  1.08149788e+10
 3.24950000e+02  7.12450395e+16  6.61308108e+14  3.83601310e+10  5.35895823e+08  2.92924604e+11  1.08149788e+10
 3.24975000e+02  7.11622297e+16  7.42888860e+14  3.83155441e+10  6.02005377e+08  2.92924604e+11  1.08149788e+10
 3.25000000e+02  7.10795163e+16  8.24230773e+14  3.82710091e+10  6.67921385e+08  2.92924604e+11  1.08149788e+10
 3.25000000e+02  7.10795163e+16  8.24230773e+14  3.82710091e+10  6.67921385e+08  2.92924604e+11  1.08149788e+10
 3.26500000e+02  7.66984596e+16  5.64193511e+15  4.12963903e+10  4.57198304e+09  2.92924604e+11  1.08149788e+10
 3.28000000e+02  8.19386808e+16  1.03386296e+16  4.41178579e+10  8.37798347e+09  2.92924604e+11  1.08149788e+10
 3.29500000e+02  8.68257061e+16  1.49021616e+16  4.67491559e+10  1.20760747e+10  2.92924604e+11  1.08149788e+10
 3.31000000e+02  9.13833412e+16  1.93232223e+16  4.92031020e+10  1.56587133e+10  2.92924604e+11  1.08149788e+10
 3.32500000e+02  9.56337874e+16  2.35949532e+16  5.14916497e+10  1.91203414e+10  2.92924604e+11  1.08149788e+10
 3.34000000e+02  9.95977495e+16  2.77125990e+16  5.36259471e+10  2.24571057e+10  2.92924604e+11  1.08149788e+10
 3.35500000e+02  1.03294537e+17  3.16732028e+16  5.56163908e+10  2.56666096e+10  2.92924604e+11  1.08149788e+10
 3.37000000e+02  1.06742157e+17  3.54753368e+16  5.74726767e+10  2.87476965e+10  2.92924604e+11  1.08149788e+10
 3.38500000e+02  1.09957404e+17  3.91188671e+16  5.92038472e+10  3.17002577e+10  2.92924604e+11  1.08149788e+10
 3.40000000e+02  1.12955941e+17  4.26047473e+16  6.08183351e+10  3.45250660e+10  2.92924604e+11  1.08149788e+10
 3.40000000e+02  1.12955941e+17  4.26047473e+16  6.08183351e+10  3.45250660e+10  2.92924604e+11  1.08041638e+10
 3.40025000e+02  1.12824650e+17  4.26614147e+16  6.07476446e+10  3.45709869e+10  2.92924604e+11  1.08041638e+10
 3.40050000e+02  1.12693511e+17  4.27178306e+16  6.06770363e+10  3.46167039e+10  2.92924604e+11  1.08041638e+10
 3.40075000e+02  1.12562525e+17  4.27739956e+16  6.06065100e+10  3.46622176e+10  2.92924604e+11  1.08041638e+10
 3.40100000e+02  1.12431691e+17  4.28299102e+16  6.05360657e+10  3.47075284e+10  2.92924604e+11  1.08041638e+10
 3.40125000e+02  1.12301009e+17  4.28855751e+16  6.04657032e+10  3.47526368e+10  2.92924604e+11  1.08041638e+10
 3.40150000e+02  1.12170479e+17  4.29409908e+16  6.03954226e+10  3.47975434e+10  2.92924604e+11  1.08041638e+10
 3.40175000e+02  1.12040101e+17  4.29961581e+16  6.03252236e+10  3.48422486e+10  2.92924604e+11  1.08041638e+10
 3.40200000e+02  1.11909874e+17  4.30510775e+16  6.02551062e+10  3.48867529e+10  2.92924604e+11  1.08041638e+10
 3.40225000e+02  1.11779798e+17  4.31057496e+16  6.01850704e+10  3.49310569e+10  2.92924604e+11  1.08041638e+10
 3.40250000e+02  1.11649874e+17  4.31601750e+16  6.01151159e+10  3.49751609e+10  2.92924604e+11  1.08041638e+10
 3.40250000e+02  1.11649874e+17  0.00000000e+00  6.01151159e+10  0.00000000e+00  3.15960185e+11  1.07933597e+10
 3.41200000e+02  1.06823069e+17  4.66863691e+15  5.75162418e+10  3.78326379e+09  3.15960185e+11  1.07933597e+10
 3.42150000e+02  1.02204934e+17  8.83501289e+15  5.50297213e+10  7.15951678e+09  3.15960185e+11  1.07933597e+10
 3.43100000e+02  9.77864490e+16  1.25401741e+16  5.26506971e+10  1.01620211e+10  3.15960185e+11  1.07933597e+10
 3.44050000e+02  9.35589821e+16  1.58221483e+16  5.03745220e+10  1.28215926e+10  3.15960185e+11  1.07933597e+10
 3.45000000e+02  8.95142754e+16  1.87161550e+16  4.81967496e+10  1.51667719e+10  3.15960185e+11  1.07933597e+10
 3.45950000e+02  8.56444279e+16  2.12548022e+16  4.61131259e+10  1.72239831e+10  3.15960185e+11  1.07933597e+10
 3.46900000e+02  8.19418802e+16  2.34682691e+16  4.41195806e+10  1.90176821e+10  3.15960185e+11  1.07933597e+10
 3.47850000e+02  7.83993997e+16  2.53844768e+16  4.22122195e+10  2.05704949e+10  3.15960185e+11  1.07933597e+10
 3.48800000e+02  7.50100664e+16  2.70292472e+16  4.03873167e+10  2.19033465e+10  3.15960185e+11  1.07933597e+10
 3.49750000e+02  7.17672594e+16  2.84264512e+16  3.86413074e+10  2.30355810e+10  3.15960185e+11  1.07933597e+10
 3.49750000e+02  7.17672594e+16  0.00000000e+00  3.86413074e+10  0.00000000e+00  3.15960185e+11  1.07933597e+10
 3.49775000e+02  7.16838427e+16  8.33437312e+13  3.85963938e+10  6.75381971e+07  3.15960185e+11  1.07933597e+10
 3.49800000e+02  7.16005230e+16  1.66444835e+14  3.85515323e+10  1.34879780e+08  3.15960185e+11  1.07933597e+10
 3.49825000e+02  7.15173000e+16  2.49303849e+14  3.85067230e+10  2.02025182e+08  3.15960185e+11  1.07933597e+10
 3.49850000e+02  7.14341739e+16  3.31921308e+14  3.84619657e+10  2.68974840e+08  3.15960185e+11  1.07933597e+10
 3.49875000e+02  7.13511443e+16  4.14297748e+14  3.84172605e+10  3.35729185e+08  3.15960185e+11  1.07933597e+10
 3.49900000e+02  7.12682113e+16  4.96433701e+14  3.83726073e+10  4.02288651e+08  3.15960185e+11  1.07933597e+10
 3.49925000e+02  7.11853746e+16  5.78329701e+14  3.83280059e+10  4.68653669e+08  3.15960185e+11  1.07933597e+10
 3.49950000e+02  7.11026342e+16  6.59986280e+14  3.82834564e+10  5.34824669e+08  3.15960185e+11  1.07933597e+10
 3.49975000e+02  7.10199900e+16  7.41403967e+14  3.82389587e+10  6.00802083e+08  3.15960185e+11  1.07933597e+10
 3.50000000e+02  7.09374419e+16  8.22583293e+14  3.81945127e+10  6.66586338e+08  3.15960185e+11  1.07933597e+10
 3.50000000e+02  7.09374419e+16  8.22583293e+14  3.81945127e+10  6.66586338e+08  3.15960185e+11  1.07933597e+10
 3.51500000e+02  7.65451521e+16  5.63065789e+15  4.12138457e+10  4.56284447e+09  3.15960185e+11  1.07933597e+10
 3.53000000e+02  8.17748972e+16  1.03179644e+16  4.40296727e+10  8.36123728e+09  3.15960185e+11  1.07933597e+10
 3.54500000e+02  8.66521525e+16  1.48723744e+16  4.66557103e+10  1.20519365e+10  3.15960185e+11  1.07933597e+10
 3.56000000e+02  9.12006762e+16  1.92845979e+16  4.91047505e+10  1.56274138e+10  3.15960185e+11  1.07933597e+10
 3.57500000e+02  9.54426250e+16  2.35477900e+16  5.13887230e+10  1.90821224e+10  3.15960185e+11  1.07933597e+10
 3.59000000e+02  9.93986625e+16  2.76572050e+16  5.35187536e+10  2.24122167e+10  3.15960185e+11  1.07933597e+10
 3.60500000e+02  1.03088059e+17  3.16098917e+16  5.55052181e+10  2.56153051e+10  3.15960185e+11  1.07933597e+10
 3.62000000e+02  1.06528787e+17  3.54044254e+16  5.73577930e+10  2.86902330e+10  3.15960185e+11  1.07933597e+10
 3.63500000e+02  1.09737607e+17  3.90406725e+16  5.90855026e+10  3.16368921e+10  3.15960185e+11  1.07933597e+10
 3.65000000e+02  1.12730149e+17  4.25195844e+16  6.06967629e+10  3.44560537e+10  3.15960185e+11  1.07933597e+10
 3.65000000e+02  1.12730149e+17  4.25195844e+16  6.06967629e+10  3.44560537e+10  3.15960185e+11  1.07825663e+10
 3.65025000e+02  1.12599120e+17  4.25761386e+16  6.06262137e+10  3.45018828e+10  3.15960185e+11  1.07825663e+10
 3.65050000e+02  1.12468243e+17  4.26324417e+16  6.05557465e+10  3.45475084e+10  3.15960185e+11  1.07825663e+10
 3.65075000e+02  1.12337519e+17  4.26884944e+16  6.04853612e+10  3.45929311e+10  3.15960185e+11  1.07825663e+10
 3.65100000e+02  1.12206947e+17  4.27442972e+16  6.04150577e+10  3.46381513e+10  3.15960185e+11  1.07825663e+10
 3.65125000e+02  1.12076526e+17  4.27998508e+16  6.03448359e+10  3.46831696e+10  3.15960185e+11  1.07825663e+10
 3.65150000e+02  1.11946257e+17  4.28551558e+16  6.02746957e+10  3.47279864e+10  3.15960185e+11  1.07825663e+10
 3.65175000e+02  1.11816139e+17  4.29102128e+16  6.02046371e+10  3.47726022e+10  3.15960185e+11  1.07825663e+10
 3.65200000e+02  1.11686173e+17  4.29650224e+16  6.01346599e+10  3.48170176e+10  3.15960185e+11  1.07825663e+10
 3.65225000e+02  1.11556357e+17  4.30195852e+16  6.00647640e+10  3.48612330e+10  3.15960185e+11  1.07825663e+10
 3.65250000e+02  1.11426693e+17  4.30739019e+16  5.99949494e+10  3.49052488e+10  3.15960185e+11  1.07825663e+10
 3.65250000e+02  1.11426693e+17  0.00000000e+00  5.99949494e+10  0.00000000e+00  3.38949719e+11  1.07717837e+10
 3.66200000e+02  1.06609536e+17  4.65930458e+15  5.74012703e+10  3.77570127e+09  3.38949719e+11  1.07717837e+10
 3.67150000e+02  1.02000633e+17  8.81735222e+15  5.49197202e+10  7.14520533e+09  3.38949719e+11  1.07717837e+10
 3.68100000e+02  9.75909797e+16  1.25151071e+16  5.25454515e+10  1.01417078e+10  3.38949719e+11  1.07717837e+10
 3.69050000e+02  9.33719632e+16  1.57905208e+16  5.02738263e+10  1.27959630e+10  3.38949719e+11  1.07717837e+10
 3.70000000e+02  8.93353417e+16  1.86787425e+16  4.81004072e+10  1.51364545e+10  3.38949719e+11  1.07717837e+10
 3.70950000e+02  8.54732298e+16  2.12123151e+16  4.60209485e+10  1.71895534e+10  3.38949719e+11  1.07717837e+10
 3.71900000e+02  8.17780833e+16  2.34213574e+16  4.40313882e+10  1.89796669e+10  3.38949719e+11  1.07717837e+10
 3.72850000e+02  7.82426840e+16  2.53337347e+16  4.21278398e+10  2.05293757e+10  3.38949719e+11  1.07717837e+10
 3.73800000e+02  7.48601257e+16  2.69752173e+16  4.03065849e+10  2.18595630e+10  3.38949719e+11  1.07717837e+10
 3.74750000e+02  7.16238010e+16  2.83696285e+16  3.85640658e+10  2.29895342e+10  3.38949719e+11  1.07717837e+10
 3.74750000e+02  7.16238010e+16  0.00000000e+00  3.85640658e+10  0.00000000e+00  3.38949719e+11  1.07717837e+10
 3.74775000e+02  7.15405510e+16  8.31771320e+13  3.85192419e+10  6.74031923e+07  3.38949719e+11  1.07717837e+10
 3.74800000e+02  7.14573978e+16  1.66112122e+14  3.84744701e+10  1.34610163e+08  3.38949719e+11  1.07717837e+10
 3.74825000e+02  7.13743412e+16  2.48805505e+14  3.84297503e+10  2.01621346e+08  3.38949719e+11  1.07717837e+10
 3.74850000e+02  7.12913812e+16  3.31257817e+14  3.83850826e+10  2.68437175e+08  3.38949719e+11  1.07717837e+10
 3.74875000e+02  7.12085176e+16  4.13469591e+14  3.83404667e+10  3.35058082e+08  3.38949719e+11  1.07717837e+10
 3.74900000e+02  7.11257504e+16  4.95441360e+14  3.82959027e+10  4.01484500e+08  3.38949719e+11  1.07717837e+10
 3.74925000e+02  7.10430793e+16  5.77173655e+14  3.82513905e+10  4.67716858e+08  3.38949719e+11  1.07717837e+10
 3.74950000e+02  7.09605043e+16  6.58667007e+14  3.82069301e+10  5.33755587e+08  3.38949719e+11  1.07717837e+10
 3.74975000e+02  7.08780253e+16  7.39921945e+14  3.81625213e+10  5.99601115e+08  3.38949719e+11  1.07717837e+10
 3.75000000e+02  7.07956422e+16  8.20938998e+14  3.81181641e+10  6.65253872e+08  3.38949719e+11  1.07717837e+10
 3.75000000e+02  7.07956422e+16  8.20938998e+14  3.81181641e+10  6.65253872e+08  3.38949719e+11  1.07717837e+10
 3.76500000e+02  7.63921423e+16  5.61940252e+15  4.11314613e+10  4.55372360e+09  3.38949719e+11  1.07717837e+10
 3.78000000e+02  8.16114329e+16  1.02973393e+16  4.39416594e+10  8.34452360e+09  3.38949719e+11  1.07717837e+10
 3.79500000e+02  8.64789383e+16  1.48426453e+16  4.65624474e+10  1.20278453e+10  3.38949719e+11  1.07717837e+10
 3.81000000e+02  9.10183693e+16  1.92460489e+16  4.90065918e+10  1.55961753e+10  3.38949719e+11  1.07717837e+10
 3.82500000e+02  9.52518382e+16  2.35007190e+16  5.12859986e+10  1.90439781e+10  3.38949719e+11  1.07717837e+10
 3.84000000e+02  9.91999674e+16  2.76019193e+16  5.34117711e+10  2.23674156e+10  3.38949719e+11  1.07717837e+10
 3.85500000e+02  1.02881989e+17  3.15467047e+16  5.53942646e+10  2.55641010e+10  3.38949719e+11  1.07717837e+10
 3.87000000e+02  1.06315838e+17  3.53336532e+16  5.72431361e+10  2.86328822e+10  3.38949719e+11  1.07717837e+10
 3.88500000e+02  1.09518243e+17  3.89626314e+16  5.89673919e+10  3.15736510e+10  3.38949719e+11  1.07717837e+10
 3.90000000e+02  1.12504803e+17  4.24345890e+16  6.05754312e+10  3.43871770e+10  3.38949719e+11  1.07717837e+10
 3.90000000e+02  1.12504803e+17  4.24345890e+16  6.05754312e+10  3.43871770e+10  3.38949719e+11  1.07610120e+10
 3.90025000e+02  1.12374036e+17  4.24910302e+16  6.05050230e+10  3.44329145e+10  3.38949719e+11  1.07610120e+10
 3.90050000e+02  1.12243421e+17  4.25472207e+16  6.04346967e+10  3.44784490e+10  3.38949719e+11  1.07610120e+10
 3.90075000e+02  1.12112958e+17  4.26031614e+16  6.03644521e+10  3.45237808e+10  3.38949719e+11  1.07610120e+10
 3.90100000e+02  1.11982647e+17  4.26588526e+16  6.02942891e+10  3.45689107e+10  3.38949719e+11  1.07610120e+10
 3.90125000e+02  1.11852487e+17  4.27142952e+16  6.02242077e+10  3.46138390e+10  3.38949719e+11  1.07610120e+10
 3.90150000e+02  1.11722478e+17  4.27694896e+16  6.01542077e+10  3.46585662e+10  3.38949719e+11  1.07610120e+10
 3.90175000e+02  1.11592621e+17  4.28244366e+16  6.00842891e+10  3.47030928e+10  3.38949719e+11  1.07610120e+10
 3.90200000e+02  1.11462914e+17  4.28791366e+16  6.00144518e+10  3.47474194e+10  3.38949719e+11  1.07610120e+10
 3.90225000e+02  1.11333358e+17  4.29335904e+16  5.99446957e+10  3.47915464e+10  3.38949719e+11  1.07610120e+10
 3.90250000e+02  1.11203953e+17  4.29877984e+16  5.98750206e+10  3.48354743e+10  3.38949719e+11  1.07610120e+10
 3.90250000e+02  1.11203953e+17  0.00000000e+00  5.98750206e+10  0.00000000e+00  3.61893298e+11  1.07502509e+10
 3.91200000e+02  1.06396426e+17  4.64999072e+15  5.72865262e+10  3.76815371e+09  3.61893298e+11  1.07502509e+10
 3.92150000e+02  1.01796735e+17  8.79972650e+15  5.48099367e+10  7.13092220e+09  3.61893298e+11  1.07502509e+10
 3.93100000e+02  9.73958972e+16  1.24900896e+16  5.24404141e+10  1.01214347e+10  3.61893298e+11  1.07502509e+10
 3.94050000e+02  9.31853144e+16  1.57589558e+16  5.01733299e+10  1.27703841e+10  3.61893298e+11  1.07502509e+10
 3.95000000e+02  8.91567620e+16  1.86414040e+16  4.80042554e+10  1.51061970e+10  3.61893298e+11  1.07502509e+10
 3.95950000e+02  8.53023704e+16  2.11699121e+16  4.59289535e+10  1.71551918e+10  3.61893298e+11  1.07502509e+10
 3.96900000e+02  8.16146105e+16  2.33745385e+16  4.39433703e+10  1.89417269e+10  3.61893298e+11  1.07502509e+10
 3.97850000e+02  7.80862783e+16  2.52830931e+16  4.20436270e+10  2.04883379e+10  3.61893298e+11  1.07502509e+10
 3.98800000e+02  7.47104817e+16  2.69212944e+16  4.02260128e+10  2.18158662e+10  3.61893298e+11  1.07502509e+10
 3.99750000e+02  7.14806263e+16  2.83129181e+16  3.84869769e+10  2.29435786e+10  3.61893298e+11  1.07502509e+10
 3.99750000e+02  7.14806263e+16  0.00000000e+00  3.84869769e+10  0.00000000e+00  3.61893298e+11  1.07502509e+10
 3.99775000e+02  7.13975428e+16  8.30108625e+13  3.84422426e+10  6.72684546e+07  3.61893298e+11  1.07502509e+10
 3.99800000e+02  7.13145558e+16  1.65780067e+14  3.83975603e+10  1.34341080e+08  3.61893298e+11  1.07502509e+10
 3.99825000e+02  7.12316653e+16  2.48308148e+14  3.83529300e+10  2.01218309e+08  3.61893298e+11  1.07502509e+10
 3.99850000e+02  7.11488711e+16  3.30595639e+14  3.83083515e+10  2.67900574e+08  3.61893298e+11  1.07502509e+10
 3.99875000e+02  7.10661732e+16  4.12643073e+14  3.82638248e+10  3.34388308e+08  3.61893298e+11  1.07502509e+10
 3.99900000e+02  7.09835713e+16  4.94450982e+14  3.82193499e+10  4.00681940e+08  3.61893298e+11  1.07502509e+10
 3.99925000e+02  7.09010655e+16  5.76019896e+14  3.81749267e+10  4.66781901e+08  3.61893298e+11  1.07502509e+10
 3.99950000e+02  7.08186556e+16  6.57350344e+14  3.81305551e+10  5.32688619e+08  3.61893298e+11  1.07502509e+10
 3.99975000e+02  7.07363415e+16  7.38442855e+14  3.80862351e+10  5.98402524e+08  3.61893298e+11  1.07502509e+10
 4.00000000e+02  7.06541230e+16  8.19297956e+14  3.80419666e+10  6.63924042e+08  3.61893298e+11  1.07502509e+10
 4.00000000e+02  7.06541230e+16  8.19297956e+14  3.80419666e+10  6.63924042e+08  3.61893298e+11  1.07502509e+10
 4.01500000e+02  7.62394356e+16  5.60816944e+15  4.10492402e+10  4.54462078e+09  3.61893298e+11  1.07502509e+10
 4.03000000e+02  8.14482928e+16  1.02767551e+16  4.38538206e+10  8.32784303e+09  3.61893298e+11  1.07502509e+10
 4.04500000e+02  8.63060680e+16  1.48129751e+16  4.64693696e+10  1.20038018e+10  3.61893298e+11  1.07502509e+10
 4.06000000e+02  9.08364246e+16  1.92075763e+16  4.89086282e+10  1.55649988e+10  3.61893298e+11  1.07502509e+10
 4.07500000e+02  9.50614307e+16  2.34537413e+16  5.11834784e+10  1.90059094e+10  3.61893298e+11  1.07502509e+10
 4.09000000e+02  9.90016675e+16  2.75467434e+16  5.33050015e+10  2.23227034e+10  3.61893298e+11  1.07502509e+10
 4.10500000e+02  1.02676329e+17  3.14836432e+16  5.52835319e+10  2.55129987e+10  3.61893298e+11  1.07502509e+10
 4.12000000e+02  1.06103314e+17  3.52630216e+16  5.71287075e+10  2.85756453e+10  3.61893298e+11  1.07502509e+10
 4.13500000e+02  1.09299317e+17  3.88847455e+16  5.88495165e+10  3.15105356e+10  3.61893298e+11  1.07502509e+10
 4.15000000e+02  1.12279907e+17  4.23497627e+16  6.04543413e+10  3.43184374e+10  3.61893298e+11  1.07502509e+10
 4.15000000e+02  1.12279907e+17  4.23497627e+16  6.04543413e+10  3.43184374e+10  3.61893298e+11  1.07395007e+10
 4.15025000e+02  1.12149401e+17  4.24060910e+16  6.03840739e+10  3.43640834e+10  3.61893298e+11  1.07395007e+10
 4.15050000e+02  1.12019048e+17  4.24621692e+16  6.03138881e+10  3.44095269e+10  3.61893298e+11  1.07395007e+10
 4.15075000e+02  1.11888845e+17  4.25179980e+16  6.02437839e+10  3.44547681e+10  3.61893298e+11  1.07395007e+10
 4.15100000e+02  1.11758794e+17  4.25735780e+16  6.01737612e+10  3.44998077e+10  3.61893298e+11  1.07395007e+10
 4.15125000e+02  1.11628895e+17  4.26289097e+16  6.01038199e+10  3.45446462e+10  3.61893298e+11  1.07395007e+10
 4.15150000e+02  1.11499146e+17  4.26839938e+16  6.00339598e+10  3.45892840e+10  3.61893298e+11  1.07395007e+10
 4.15175000e+02  1.11369548e+17  4.27388309e+16  5.99641810e+10  3.46337217e+10  3.61893298e+11  1.07395007e+10
 4.15200000e+02  1.11240100e+17  4.27934216e+16  5.98944833e+10  3.46779596e+10  3.61893298e+11  1.07395007e+10
 4.15225000e+02  1.11110804e+17  4.28477665e+16  5.98248666e+10  3.47219984e+10  3.61893298e+11  1.07395007e+10
 4.15250000e+02  1.10981657e+17  4.29018662e+16  5.97553308e+10  3.47658385e+10  3.61893298e+11  1.07395007e+10
 4.15250000e+02  1.10981657e+17  0.00000000e+00  5.97553308e+10  0.00000000e+00  3.84791012e+11  1.07287612e+10
 4.16200000e+02  1.06183740e+17  4.64069542e+15  5.71720108e+10  3.76062119e+09  3.84791012e+11  1.07287612e+10
 4.17150000e+02  1.01593244e+17  8.78213590e+15  5.47003720e+10  7.11666753e+09  3.84791012e+11  1.07287612e+10
 4.18100000e+02  9.72012034e+16  1.24651220e+16  5.23355861e+10  1.01012020e+10  3.84791012e+11  1.07287612e+10
 4.19050000e+02  9.29990375e+16  1.57274537e+16  5.00730337e+10  1.27448562e+10  3.84791012e+11  1.07287612e+10
 4.20000000e+02  8.89785382e+16  1.86041400e+16  4.79082952e+10  1.50759998e+10  3.84791012e+11  1.07287612e+10
 4.20950000e+02  8.51318515e+16  2.11275935e+16  4.58371418e+10  1.71208987e+10  3.84791012e+11  1.07287612e+10
 4.21900000e+02  8.14514633e+16  2.33278130e+16  4.38555277e+10  1.89038625e+10  3.84791012e+11  1.07287612e+10
 4.22850000e+02  7.79301843e+16  2.52325523e+16  4.19595820e+10  2.04473818e+10  3.84791012e+11  1.07287612e+10
 4.23800000e+02  7.45611359e+16  2.68674789e+16  4.01456012e+10  2.17722564e+10  3.84791012e+11  1.07287612e+10
 4.24750000e+02  7.13377370e+16  2.82563208e+16  3.84100417e+10  2.28977145e+10  3.84791012e+11  1.07287612e+10
 4.24750000e+02  7.13377370e+16  0.00000000e+00  3.84100417e+10  0.00000000e+00  3.84791012e+11  1.07287612e+10
 4.24775000e+02  7.12548195e+16  8.28449243e+13  3.83653968e+10  6.71339853e+07  3.84791012e+11  1.07287612e+10
 4.24800000e+02  7.11719984e+16  1.65448673e+14  3.83208038e+10  1.34072533e+08  3.84791012e+11  1.07287612e+10
 4.24825000e+02  7.10892736e+16  2.47811781e+14  3.82762627e+10  2.00816075e+08  3.84791012e+11  1.07287612e+10
 4.24850000e+02  7.10066449e+16  3.29934780e+14  3.82317733e+10  2.67365042e+08  3.84791012e+11  1.07287612e+10
 4.24875000e+02  7.09241123e+16  4.11818202e+14  3.81873357e+10  3.33719867e+08  3.84791012e+11  1.07287612e+10
 4.24900000e+02  7.08416756e+16  4.93462577e+14  3.81429497e+10  3.99880979e+08  3.84791012e+11  1.07287612e+10
 4.24925000e+02  7.07593347e+16  5.74868435e+14  3.80986153e+10  4.65848806e+08  3.84791012e+11  1.07287612e+10
 4.24950000e+02  7.06770895e+16  6.56036304e+14  3.80543324e+10  5.31623778e+08  3.84791012e+11  1.07287612e+10
 4.24975000e+02  7.05949400e+16  7.36966712e+14  3.80101010e+10  5.97206321e+08  3.84791012e+11  1.07287612e+10
 4.25000000e+02  7.05128859e+16  8.17660185e+14  3.79659210e+10  6.62596862e+08  3.84791012e+11  1.07287612e+10
 4.25000000e+02  7.05128859e+16  8.17660185e+14  3.79659210e+10  6.62596862e+08  3.84791012e+11  1.07287612e+10
 4.26500000e+02  7.60870334e+16  5.59695874e+15  4.09671830e+10  4.53553611e+09  3.84791012e+11  1.07287612e+10
 4.28000000e+02  8.12854780e+16  1.02562119e+16  4.37661570e+10  8.31119572e+09  3.84791012e+11  1.07287612e+10
 4.29500000e+02  8.61335425e+16  1.47833640e+16  4.63764776e+10  1.19798063e+10  3.84791012e+11  1.07287612e+10
 4.31000000e+02  9.06548429e+16  1.91691804e+16  4.88108600e+10  1.55338844e+10  3.84791012e+11  1.07287612e+10
 4.32500000e+02  9.48714032e+16  2.34068574e+16  5.10811627e+10  1.89679167e+10  3.84791012e+11  1.07287612e+10
 4.34000000e+02  9.88037634e+16  2.74916776e+16  5.31984449e+10  2.22780804e+10  3.84791012e+11  1.07287612e+10
 4.35500000e+02  1.02471079e+17  3.14207075e+16  5.51730203e+10  2.54619983e+10  3.84791012e+11  1.07287612e+10
 4.37000000e+02  1.05891214e+17  3.51925309e+16  5.70145073e+10  2.85185227e+10  3.84791012e+11  1.07287612e+10
 4.38500000e+02  1.09080828e+17  3.88070150e+16  5.87318764e+10  3.14475461e+10  3.84791012e+11  1.07287612e+10
 4.40000000e+02  1.12055459e+17  4.22651056e+16  6.03334932e+10  3.42498349e+10  3.84791012e+11  1.07287612e+10
 4.40000000e+02  1.12055459e+17  4.22651056e+16  6.03334932e+10  3.42498349e+10  3.84791012e+11  1.07180324e+10
 4.40025000e+02  1.11925215e+17  4.23213213e+16  6.02633662e+10  3.42953897e+10  3.84791012e+11  1.07180324e+10
 4.40050000e+02  1.11795122e+17  4.23772875e+16  6.01933207e+10  3.43407423e+10  3.84791012e+11  1.07180324e+10
 4.40075000e+02  1.11665180e+17  4.24330047e+16  6.01233567e+10  3.43858931e+10  3.84791012e+11  1.07180324e+10
 4.40100000e+02  1.11535389e+17  4.24884735e+16  6.00534739e+10  3.44308427e+10  3.84791012e+11  1.07180324e+10
 4.40125000e+02  1.11405749e+17  4.25436947e+16  5.99836724e+10  3.44755916e+10  3.84791012e+11  1.07180324e+10
 4.40150000e+02  1.11276259e+17  4.25986686e+16  5.99139521e+10  3.45201401e+10  3.84791012e+11  1.07180324e+10
 4.40175000e+02  1.11146920e+17  4.26533961e+16  5.98443127e+10  3.45644889e+10  3.84791012e+11  1.07180324e+10
 4.40200000e+02  1.11017732e+17  4.27078777e+16  5.97747543e+10  3.46086385e+10  3.84791012e+11  1.07180324e+10
 4.40225000e+02  1.10888693e+17  4.27621139e+16  5.97052768e+10  3.46525892e+10  3.84791012e+11  1.07180324e+10
 4.40250000e+02  1.10759805e+17  4.28161055e+16  5.96358800e+10  3.46963417e+10  3.84791012e+11  1.07180324e+10
 4.40250000e+02  1.10759805e+17  0.00000000e+00  5.96358800e+10  0.00000000e+00  4.07642954e+11  1.07073144e+10
 4.41200000e+02  1.05971479e+17  4.63141868e+15  5.70577241e+10  3.75310372e+09  4.07642954e+11  1.07073144e+10
 4.42150000e+02  1.01390160e+17  8.76458043e+15  5.45910260e+10  7.10244133e+09  4.07642954e+11  1.07073144e+10
 4.43100000e+02  9.70068984e+16  1.24402042e+16  5.22309673e+10  1.00810097e+10  4.07642954e+11  1.07073144e+10
 4.44050000e+02  9.28131326e+16  1.56960146e+16  4.99729378e+10  1.27193793e+10  4.07642954e+11  1.07073144e+10
 4.45000000e+02  8.88006702e+16  1.85669503e+16  4.78125266e+10  1.50458629e+10  4.07642954e+11  1.07073144e+10
 4.45950000e+02  8.49616731e+16  2.10853595e+16  4.57455134e+10  1.70866740e+10  4.07642954e+11  1.07073144e+10
 4.46900000e+02  8.12886420e+16  2.32811807e+16  4.37678606e+10  1.88660737e+10  4.07642954e+11  1.07073144e+10
 4.47850000e+02  7.77744020e+16  2.51821125e+16  4.18757049e+10  2.04065075e+10  4.07642954e+11  1.07073144e+10
 4.48800000e+02  7.44120884e+16  2.68137708e+16  4.00653502e+10  2.17287337e+10  4.07642954e+11  1.07073144e+10
 4.49750000e+02  7.11951330e+16  2.81998364e+16  3.83332601e+10  2.28519420e+10  4.07642954e+11  1.07073144e+10
 4.49750000e+02  7.11951330e+16  0.00000000e+00  3.83332601e+10  0.00000000e+00  4.07642954e+11  1.07073144e+10
 4.49775000e+02  7.11123812e+16  8.26793174e+13  3.82887045e+10  6.69997846e+07  4.07642954e+11  1.07073144e+10
 4.49800000e+02  7.10297257e+16  1.65117942e+14  3.82442006e+10  1.33804522e+08  4.07642954e+11  1.07073144e+10
 4.49825000e+02  7.09471663e+16  2.47316406e+14  3.81997485e+10  2.00414644e+08  4.07642954e+11  1.07073144e+10
 4.49850000e+02  7.08647028e+16  3.29275241e+14  3.81553481e+10  2.66830580e+08  4.07642954e+11  1.07073144e+10
 4.49875000e+02  7.07823351e+16  4.10994978e+14  3.81109993e+10  3.33052762e+08  4.07642954e+11  1.07073144e+10
 4.49900000e+02  7.07000632e+16  4.92476147e+14  3.80667020e+10  3.99081618e+08  4.07642954e+11  1.07073144e+10
 4.49925000e+02  7.06178869e+16  5.73719274e+14  3.80224562e+10  4.64917576e+08  4.07642954e+11  1.07073144e+10
 4.49950000e+02  7.05358062e+16  6.54724889e+14  3.79782618e+10  5.30561063e+08  4.07642954e+11  1.07073144e+10
 4.49975000e+02  7.04538208e+16  7.35493517e+14  3.79341189e+10  5.96012507e+08  4.07642954e+11  1.07073144e+10
 4.50000000e+02  7.03719307e+16  8.16025683e+14  3.78900272e+10  6.61272332e+08  4.07642954e+11  1.07073144e+10
 4.50000000e+02  7.03719307e+16  8.16025683e+14  3.78900272e+10  6.61272332e+08  4.07642954e+11  1.07073144e+10
 4.51500000e+02  7.59349355e+16  5.58577043e+15  4.08852896e+10  4.52646958e+09  4.07642954e+11  1.07073144e+10
 4.53000000e+02  8.11229884e+16  1.02357098e+16  4.36786685e+10  8.29458165e+09  4.07642954e+11  1.07073144e+10
 4.54500000e+02  8.59613617e+16  1.47538121e+16  4.62837710e+10  1.19558586e+10  4.07642954e+11  1.07073144e+10
 4.56000000e+02  9.04736239e+16  1.91308613e+16  4.87132871e+10  1.55028322e+10  4.07642954e+11  1.07073144e+10
 4.57500000e+02  9.46817554e+16  2.33600671e+16  5.09790516e+10  1.89299998e+10  4.07642954e+11  1.07073144e+10
 4.59000000e+02  9.86062548e+16  2.74367218e+16  5.30921013e+10  2.22335465e+10  4.07642954e+11  1.07073144e+10
 4.60500000e+02  1.02266239e+17  3.13578976e+16  5.50627294e+10  2.54110998e+10  4.07642954e+11  1.07073144e+10
 4.62000000e+02  1.05679537e+17  3.51221811e+16  5.69005354e+10  2.84615142e+10  4.07642954e+11  1.07073144e+10
 4.63500000e+02  1.08862776e+17  3.87294398e+16  5.86144714e+10  3.13846825e+10  4.07642954e+11  1.07073144e+10
 4.65000000e+02  1.11831461e+17  4.21806177e+16  6.02128866e+10  3.41813695e+10  4.07642954e+11  1.07073144e+10
 4.65000000e+02  1.11831461e+17  4.21806177e+16  6.02128866e+10  3.41813695e+10  4.07642954e+11  1.06966071e+10
 4.65025000e+02  1.11701476e+17  4.22367211e+16  6.01428998e+10  3.42268333e+10  4.07642954e+11  1.06966071e+10
 4.65050000e+02  1.11571643e+17  4.22925753e+16  6.00729943e+10  3.42720952e+10  4.07642954e+11  1.06966071e+10
 4.65075000e+02  1.11441961e+17  4.23481811e+16  6.00031701e+10  3.43171558e+10  4.07642954e+11  1.06966071e+10
 4.65100000e+02  1.11312430e+17  4.24035391e+16  5.99334271e+10  3.43620155e+10  4.07642954e+11  1.06966071e+10
 4.65125000e+02  1.11183049e+17  4.24586498e+16  5.98637651e+10  3.44066749e+10  4.07642954e+11  1.06966071e+10
 4.65150000e+02  1.11053818e+17  4.25135139e+16  5.97941841e+10  3.44511344e+10  4.07642954e+11  1.06966071e+10
 4.65175000e+02  1.10924738e+17  4.25681320e+16  5.97246840e+10  3.44953946e+10  4.07642954e+11  1.06966071e+10
 4.65200000e+02  1.10795807e+17  4.26225047e+16  5.96552646e+10  3.45394558e+10  4.07642954e+11  1.06966071e+10
 4.65225000e+02  1.10667027e+17  4.26766325e+16  5.95859260e+10  3.45833187e+10  4.07642954e+11  1.06966071e+10
 4.65250000e+02  1.10538396e+17  4.27305161e+16  5.95166679e+10  3.46269837e+10  4.07642954e+11  1.06966071e+10
 4.65250000e+02  1.10538396e+17  0.00000000e+00  5.95166679e+10  0.00000000e+00  4.30449215e+11  1.06859105e+10
 4.66200000e+02  1.05759642e+17  4.62216047e+15  5.69436657e+10  3.74560127e+09  4.30449215e+11  1.06859105e+10
 4.67150000e+02  1.01187481e+17  8.74706004e+15  5.44818986e+10  7.08824355e+09  4.30449215e+11  1.06859105e+10
 4.68100000e+02  9.68129816e+16  1.24153363e+16  5.21265576e+10  1.00608578e+10  4.30449215e+11  1.06859105e+10
 4.69050000e+02  9.26275992e+16  1.56646383e+16  4.98730419e+10  1.26939532e+10  4.30449215e+11  1.06859105e+10
 4.70000000e+02  8.86231577e+16  1.85298350e+16  4.77169494e+10  1.50157862e+10  4.30449215e+11  1.06859105e+10
 4.70950000e+02  8.47918347e+16  2.10432099e+16  4.56540682e+10  1.70525178e+10  4.30449215e+11  1.06859105e+10
 4.71900000e+02  8.11261461e+16  2.32346417e+16  4.36803687e+10  1.88283604e+10  4.30449215e+11  1.06859105e+10
 4.72850000e+02  7.76189310e+16  2.51317734e+16  4.17919954e+10  2.03657149e+10  4.30449215e+11  1.06859105e+10
 4.73800000e+02  7.42633386e+16  2.67601701e+16  3.99852596e+10  2.16852980e+10  4.30449215e+11  1.06859105e+10
 4.74750000e+02  7.10528139e+16  2.81434650e+16  3.82566319e+10  2.28062610e+10  4.30449215e+11  1.06859105e+10
 4.74750000e+02  7.10528139e+16  0.00000000e+00  3.82566319e+10  0.00000000e+00  4.30449215e+11  1.06859105e+10
 4.74775000e+02  7.09702276e+16  8.25140415e+13  3.82121654e+10  6.68658521e+07  4.30449215e+11  1.06859105e+10
 4.74800000e+02  7.08877373e+16  1.64787871e+14  3.81677505e+10  1.33537047e+08  4.30449215e+11  1.06859105e+10
 4.74825000e+02  7.08053429e+16  2.46822021e+14  3.81233873e+10  2.00014015e+08  4.30449215e+11  1.06859105e+10
 4.74850000e+02  7.07230443e+16  3.28617020e+14  3.80790756e+10  2.66297186e+08  4.30449215e+11  1.06859105e+10
 4.74875000e+02  7.06408413e+16  4.10173400e+14  3.80348154e+10  3.32386990e+08  4.30449215e+11  1.06859105e+10
 4.74900000e+02  7.05587338e+16  4.91491687e+14  3.79906067e+10  3.98283854e+08  4.30449215e+11  1.06859105e+10
 4.74925000e+02  7.04767218e+16  5.72572410e+14  3.79464493e+10  4.63988206e+08  4.30449215e+11  1.06859105e+10
 4.74950000e+02  7.03948051e+16  6.53416094e+14  3.79023433e+10  5.29500472e+08  4.30449215e+11  1.06859105e+10
 4.74975000e+02  7.03129837e+16  7.34023266e+14  3.78582886e+10  5.94821078e+08  4.30449215e+11  1.06859105e+10
 4.75000000e+02  7.02312573e+16  8.14394448e+14  3.78142850e+10  6.59950449e+08  4.30449215e+11  1.06859105e+10
 4.75000000e+02  7.02312573e+16  8.14394448e+14  3.78142850e+10  6.59950449e+08  4.30449215e+11  1.06859105e+10
 4.76500000e+02  7.57831416e+16  5.57460447e+15  4.08035600e+10  4.51742117e+09  4.30449215e+11  1.06859105e+10
 4.78000000e+02  8.09608236e+16  1.02152486e+16  4.35913549e+10  8.27800078e+09  4.30449215e+11  1.06859105e+10
 4.79500000e+02  8.57895249e+16  1.47243192e+16  4.61912498e+10  1.19319589e+10  4.30449215e+11  1.06859105e+10
 4.81000000e+02  9.02927672e+16  1.90926187e+16  4.86159093e+10  1.54718421e+10  4.30449215e+11  1.06859105e+10
 4.82500000e+02  9.44924866e+16  2.33133703e+16  5.08771444e+10  1.88921588e+10  4.30449215e+11  1.06859105e+10
 4.84000000e+02  9.84091409e+16  2.73818758e+16  5.29859702e+10  2.21891017e+10  4.30449215e+11  1.06859105e+10
 4.85500000e+02  1.02061809e+17  3.12952131e+16  5.49526590e+10  2.53603030e+10  4.30449215e+11  1.06859105e+10
 4.87000000e+02  1.05468284e+17  3.50519719e+16  5.67867912e+10  2.84046197e+10  4.30449215e+11  1.06859105e+10
 4.88500000e+02  1.08645159e+17  3.86520197e+16  5.84973011e+10  3.13219445e+10  4.30449215e+11  1.06859105e+10
 4.90000000e+02  1.11607910e+17  4.20962987e+16  6.00925210e+10  3.41130410e+10  4.30449215e+11  1.06859105e+10
 4.90000000e+02  1.11607910e+17  4.20962987e+16  6.00925210e+10  3.41130410e+10  4.30449215e+11  1.06752246e+10
 4.90025000e+02  1.11478185e+17  4.21522899e+16  6.00226741e+10  3.41584139e+10  4.30449215e+11  1.06752246e+10
 4.90050000e+02  1.11348612e+17  4.22080325e+16  5.99529084e+10  3.42035853e+10  4.30449215e+11  1.06752246e+10
 4.90075000e+02  1.11219189e+17  4.22635271e+16  5.98832238e+10  3.42485558e+10  4.30449215e+11  1.06752246e+10
 4.90100000e+02  1.11089916e+17  4.23187745e+16  5.98136202e+10  3.42933258e+10  4.30449215e+11  1.06752246e+10
 4.90125000e+02  1.10960794e+17  4.23737750e+16  5.97440975e+10  3.43378960e+10  4.30449215e+11  1.06752246e+10
 4.90150000e+02  1.10831821e+17  4.24285294e+16  5.96746555e+10  3.43822666e+10  4.30449215e+11  1.06752246e+10
 4.90175000e+02  1.10702999e+17  4.24830383e+16  5.96052943e+10  3.44264383e+10  4.30449215e+11  1.06752246e+10
 4.90200000e+02  1.10574327e+17  4.25373023e+16  5.95360138e+10  3.44704115e+10  4.30449215e+11  1.06752246e+10
 4.90225000e+02  1.10445803e+17  4.25913219e+16  5.94668137e+10  3.45141867e+10  4.30449215e+11  1.06752246e+10
 4.90250000e+02  1.10317430e+17  4.26450979e+16  5.93976941e+10  3.45577644e+10  4.30449215e+11  1.06752246e+10
 4.90250000e+02  1.10317430e+17  0.00000000e+00  5.93976941e+10  0.00000000e+00  4.53209886e+11  1.06645493e+10
 4.91200000e+02  1.05548228e+17  4.61292077e+15  5.68298353e+10  3.73811381e+09  4.53209886e+11  1.06645493e+10
 4.92150000e+02  1.00985207e+17  8.72957466e+15  5.43729893e+10  7.07407415e+09  4.53209886e+11  1.06645493e+10
 4.93100000e+02  9.66194525e+16  1.23905180e+16  5.20223567e+10  1.00407462e+10  4.53209886e+11  1.06645493e+10
 4.94050000e+02  9.24424367e+16  1.56333247e+16  4.97733457e+10  1.26685780e+10  4.53209886e+11  1.06645493e+10
 4.95000000e+02  8.84460001e+16  1.84927939e+16  4.76215632e+10  1.49857697e+10  4.53209886e+11  1.06645493e+10
 4.95950000e+02  8.46223359e+16  2.10011445e+16  4.55628057e+10  1.70184298e+10  4.53209886e+11  1.06645493e+10
 4.96900000e+02  8.09639749e+16  2.31881956e+16  4.35930516e+10  1.87907225e+10  4.53209886e+11  1.06645493e+10
 4.97850000e+02  7.74637708e+16  2.50815350e+16  4.17084532e+10  2.03250039e+10  4.53209886e+11  1.06645493e+10
 4.98800000e+02  7.41148862e+16  2.67066765e+16  3.99053291e+10  2.16419491e+10  4.53209886e+11  1.06645493e+10
 4.99750000e+02  7.09107794e+16  2.80872062e+16  3.81801569e+10  2.27606713e+10  4.53209886e+11  1.06645493e+10
 4.99750000e+02  7.09107794e+16  0.00000000e+00  3.81801569e+10  0.00000000e+00  4.53209886e+11  1.06645493e+10
 4.99775000e+02  7.08283582e+16  8.23490960e+13  3.81357792e+10  6.67321873e+07  4.53209886e+11  1.06645493e+10
 4.99800000e+02  7.07460328e+16  1.64458460e+14  3.80914532e+10  1.33270106e+08  4.53209886e+11  1.06645493e+10
 4.99825000e+02  7.06638031e+16  2.46328623e+14  3.80471786e+10  1.99614187e+08  4.53209886e+11  1.06645493e+10
 4.99850000e+02  7.05816689e+16  3.27960115e+14  3.80029555e+10  2.65764858e+08  4.53209886e+11  1.06645493e+10
 4.99875000e+02  7.04996302e+16  4.09353463e+14  3.79587838e+10  3.31722548e+08  4.53209886e+11  1.06645493e+10
 4.99900000e+02  7.04176869e+16  4.90509195e+14  3.79146635e+10  3.97487684e+08  4.53209886e+11  1.06645493e+10
 4.99925000e+02  7.03358389e+16  5.71427838e+14  3.78705944e+10  4.63060693e+08  4.53209886e+11  1.06645493e+10
 4.99950000e+02  7.02540859e+16  6.52109916e+14  3.78265765e+10  5.28442000e+08  4.53209886e+11  1.06645493e+10
 4.99975000e+02  7.01724280e+16  7.32555953e+14  3.77826099e+10  5.93632031e+08  4.53209886e+11  1.06645493e+10
 5.00000000e+02  7.00908650e+16  8.12766474e+14  3.77386943e+10  6.58631208e+08  4.53209886e+11  1.06645493e+10
 5.00000000e+02  7.00908650e+16  8.12766474e+14  3.77386943e+10  6.58631208e+08  4.53209886e+11  1.06645493e+10
 5.01500000e+02  7.56316511e+16  5.56346084e+15  4.07219936e+10  4.50839085e+09  4.53209886e+11  1.06645493e+10
 5.03000000e+02  8.07989830e+16  1.01948283e+16  4.35042158e+10  8.26145306e+09  4.53209886e+11  1.06645493e+10
 5.04500000e+02  8.56180317e+16  1.46948853e+16  4.60989135e+10  1.19081069e+10  4.53209886e+11  1.06645493e+10
 5.06000000e+02  9.01122719e+16  1.90544526e+16  4.85187261e+10  1.54409138e+10  4.53209886e+11  1.06645493e+10
 5.07500000e+02  9.43035961e+16  2.32667669e+16  5.07754410e+10  1.88543933e+10  4.53209886e+11  1.06645493e+10
 5.09000000e+02  9.82124211e+16  2.73271394e+16  5.28800512e+10  2.21447456e+10  4.53209886e+11  1.06645493e+10
 5.10500000e+02  1.01857787e+17  3.12326540e+16  5.48428087e+10  2.53096077e+10  4.53209886e+11  1.06645493e+10
 5.12000000e+02  1.05257453e+17  3.49819030e+16  5.66732744e+10  2.83478388e+10  4.53209886e+11  1.06645493e+10
 5.13500000e+02  1.08427977e+17  3.85747543e+16  5.83803650e+10  3.12593320e+10  4.53209886e+11  1.06645493e+10
 5.15000000e+02  1.11384805e+17  4.20121482e+16  5.99723961e+10  3.40448490e+10  4.53209886e+11  1.06645493e+10
 5.15000000e+02  1.11384805e+17  4.20121482e+16  5.99723961e+10  3.40448490e+10  4.53209886e+11  1.06538848e+10
 5.15025000e+02  1.11255340e+17  4.20680274e+16  5.99026888e+10  3.40901312e+10  4.53209886e+11  1.06538848e+10
 5.15050000e+02  1.11126026e+17  4.21236586e+16  5.98330626e+10  3.41352123e+10  4.53209886e+11  1.06538848e+10
 5.15075000e+02  1.10996861e+17  4.21790424e+16  5.97635172e+10  3.41800929e+10  4.53209886e+11  1.06538848e+10
 5.15100000e+02  1.10867847e+17  4.22341792e+16  5.96940527e+10  3.42247735e+10  4.53209886e+11  1.06538848e+10
 5.15125000e+02  1.10738983e+17  4.22890698e+16  5.96246690e+10  3.42692545e+10  4.53209886e+11  1.06538848e+10
 5.15150000e+02  1.10610269e+17  4.23437148e+16  5.95553659e+10  3.43135365e+10  4.53209886e+11  1.06538848e+10
 5.15175000e+02  1.10481704e+17  4.23981147e+16  5.94861434e+10  3.43576198e+10  4.53209886e+11  1.06538848e+10
 5.15200000e+02  1.10353288e+17  4.24522702e+16  5.94170013e+10  3.44015051e+10  4.53209886e+11  1.06538848e+10
 5.15225000e+02  1.10225022e+17  4.25061819e+16  5.93479395e+10  3.44451928e+10  4.53209886e+11  1.06538848e+10
 5.15250000e+02  1.10096905e+17  4.25598503e+16  5.92789581e+10  3.44886834e+10  4.53209886e+11  1.06538848e+10
 5.15250000e+02  1.10096905e+17  0.00000000e+00  5.92789581e+10  0.00000000e+00  4.75925059e+11  1.06432309e+10
 5.16200000e+02  1.05337237e+17  4.60369955e+15  5.67162325e+10  3.73064132e+09  4.75925059e+11  1.06432309e+10
 5.17150000e+02  1.00783338e+17  8.71212425e+15  5.42642977e+10  7.05993308e+09  4.75925059e+11  1.06432309e+10
 5.18100000e+02  9.64263102e+16  1.23657494e+16  5.19183640e+10  1.00206747e+10  4.75925059e+11  1.06432309e+10
 5.19050000e+02  9.22576443e+16  1.56020736e+16  4.96738488e+10  1.26432535e+10  4.75925059e+11  1.06432309e+10
 5.20000000e+02  8.82691965e+16  1.84558268e+16  4.75263677e+10  1.49558131e+10  4.75925059e+11  1.06432309e+10
 5.20950000e+02  8.44531758e+16  2.09591632e+16  4.54717256e+10  1.69844100e+10  4.75925059e+11  1.06432309e+10
 5.21900000e+02  8.08021279e+16  2.31418424e+16  4.35059091e+10  1.87531599e+10  4.75925059e+11  1.06432309e+10
 5.22850000e+02  7.73089207e+16  2.50313970e+16  4.16250780e+10  2.02843742e+10  4.75925059e+11  1.06432309e+10
 5.23800000e+02  7.39667306e+16  2.66532899e+16  3.98255583e+10  2.15986868e+10  4.75925059e+11  1.06432309e+10
 5.24750000e+02  7.07690287e+16  2.80310599e+16  3.81038348e+10  2.27151727e+10  4.75925059e+11  1.06432309e+10
 5.24750000e+02  7.07690287e+16  0.00000000e+00  3.81038348e+10  0.00000000e+00  4.75925059e+11  1.06432309e+10
 5.24775000e+02  7.06867723e+16  8.21844801e+13  3.80595458e+10  6.65987896e+07  4.75925059e+11  1.06432309e+10
 5.24800000e+02  7.06046114e+16  1.64129708e+14  3.80153084e+10  1.33003699e+08  4.75925059e+11  1.06432309e+10
 5.24825000e+02  7.05225461e+16  2.45836213e+14  3.79711223e+10  1.99215158e+08  4.75925059e+11  1.06432309e+10
 5.24850000e+02  7.04405762e+16  3.27304523e+14  3.79269876e+10  2.65233594e+08  4.75925059e+11  1.06432309e+10
 5.24875000e+02  7.03587015e+16  4.08535165e+14  3.78829042e+10  3.31059435e+08  4.75925059e+11  1.06432309e+10
 5.24900000e+02  7.02769220e+16  4.89528667e+14  3.78388721e+10  3.96693106e+08  4.75925059e+11  1.06432309e+10
 5.24925000e+02  7.01952375e+16  5.70285553e+14  3.77948911e+10  4.62135035e+08  4.75925059e+11  1.06432309e+10
 5.24950000e+02  7.01136480e+16  6.50806348e+14  3.77509612e+10  5.27385645e+08  4.75925059e+11  1.06432309e+10
 5.24975000e+02  7.00321533e+16  7.31091574e+14  3.77070824e+10  5.92445360e+08  4.75925059e+11  1.06432309e+10
 5.25000000e+02  6.99507534e+16  8.11141754e+14  3.76632546e+10  6.57314604e+08  4.75925059e+11  1.06432309e+10
 5.25000000e+02  6.99507534e+16  8.11141754e+14  3.76632546e+10  6.57314604e+08  4.75925059e+11  1.06432309e+10
 5.26500000e+02  7.54804635e+16  5.55233948e+15  4.06405904e+10  4.49937858e+09  4.75925059e+11  1.06432309e+10
 5.28000000e+02  8.06374658e+16  1.01744488e+16  4.34172509e+10  8.24493842e+09  4.75925059e+11  1.06432309e+10
 5.29500000e+02  8.54468812e+16  1.46655102e+16  4.60067618e+10  1.18843026e+10  4.75925059e+11  1.06432309e+10
 5.31000000e+02  8.99321375e+16  1.90163627e+16  4.84217372e+10  1.54100475e+10  4.75925059e+11  1.06432309e+10
 5.32500000e+02  9.41150832e+16  2.32202567e+16  5.06739409e+10  1.88167034e+10  4.75925059e+11  1.06432309e+10
 5.34000000e+02  9.80160944e+16  2.72725125e+16  5.27743440e+10  2.21004783e+10  4.75925059e+11  1.06432309e+10
 5.35500000e+02  1.01654174e+17  3.11702199e+16  5.47331779e+10  2.52590138e+10  4.75925059e+11  1.06432309e+10
 5.37000000e+02  1.05047043e+17  3.49119741e+16  5.65599845e+10  2.82911715e+10  4.75925059e+11  1.06432309e+10
 5.38500000e+02  1.08211230e+17  3.84976434e+16  5.82636627e+10  3.11968446e+10  4.75925059e+11  1.06432309e+10
 5.40000000e+02  1.11162147e+17  4.19281659e+16  5.98525113e+10  3.39767934e+10  4.75925059e+11  1.06432309e+10
 5.40000000e+02  1.11162147e+17  4.19281659e+16  5.98525113e+10  3.39767934e+10  4.75925059e+11  1.06325877e+10
 5.40025000e+02  1.11032941e+17  4.19839335e+16  5.97829433e+10  3.40219850e+10  4.75925059e+11  1.06325877e+10
 5.40050000e+02  1.10903885e+17  4.20394534e+16  5.97134563e+10  3.40669760e+10  4.75925059e+11  1.06325877e+10
 5.40075000e+02  1.10774979e+17  4.20947265e+16  5.96440500e+10  3.41117669e+10  4.75925059e+11  1.06325877e+10
 5.40100000e+02  1.10646222e+17  4.21497531e+16  5.95747243e+10  3.41563582e+10  4.75925059e+11  1.06325877e+10
 5.40125000e+02  1.10517616e+17  4.22045340e+16  5.95054793e+10  3.42007503e+10  4.75925059e+11  1.06325877e+10
 5.40150000e+02  1.10389159e+17  4.22590697e+16  5.94363147e+10  3.42449437e+10  4.75925059e+11  1.06325877e+10
 5.40175000e+02  1.10260851e+17  4.23133609e+16  5.93672306e+10  3.42889390e+10  4.75925059e+11  1.06325877e+10
 5.40200000e+02  1.10132692e+17  4.23674082e+16  5.92982267e+10  3.43327365e+10  4.75925059e+11  1.06325877e+10
 5.40225000e+02  1.10004683e+17  4.24212120e+16  5.92293030e+10  3.43763369e+10  4.75925059e+11  1.06325877e+10
 5.40250000e+02  1.09876822e+17  4.24747732e+16  5.91604595e+10  3.44197405e+10  4.75925059e+11  1.06325877e+10
 5.40250000e+02  1.09876822e+17  0.00000000e+00  5.91604595e+10  0.00000000e+00  4.98594824e+11  1.06219551e+10
 5.41200000e+02  1.05126668e+17  4.59449675e+15  5.66028567e+10  3.72318377e+09  4.98594824e+11  1.06219551e+10
 5.42150000e+02  1.00581872e+17  8.69470871e+15  5.41558233e+10  7.04582027e+09  4.98594824e+11  1.06219551e+10
 5.43100000e+02  9.62335540e+16  1.23410302e+16  5.18145792e+10  1.00006434e+10  4.98594824e+11  1.06219551e+10
 5.44050000e+02  9.20732212e+16  1.55708851e+16  4.95745508e+10  1.26179797e+10  4.98594824e+11  1.06219551e+10
 5.45000000e+02  8.80927464e+16  1.84189336e+16  4.74313625e+10  1.49259164e+10  4.98594824e+11  1.06219551e+10
 5.45950000e+02  8.42843539e+16  2.09172659e+16  4.53808277e+10  1.69504581e+10  4.98594824e+11  1.06219551e+10
 5.46900000e+02  8.06406045e+16  2.30955819e+16  4.34189408e+10  1.87156723e+10  4.98594824e+11  1.06219551e+10
 5.47850000e+02  7.71543802e+16  2.49813593e+16  4.15418695e+10  2.02438257e+10  4.98594824e+11  1.06219551e+10
 5.48800000e+02  7.38188711e+16  2.66000100e+16  3.97459470e+10  2.15555110e+10  4.98594824e+11  1.06219551e+10
 5.49750000e+02  7.06275614e+16  2.79750258e+16  3.80276652e+10  2.26697651e+10  4.98594824e+11  1.06219551e+10
 5.49750000e+02  7.06275614e+16  0.00000000e+00  3.80276652e+10  0.00000000e+00  4.98594824e+11  1.06219551e+10
 5.49775000e+02  7.05454694e+16  8.20201934e+13  3.79834648e+10  6.64656586e+07  4.98594824e+11  1.06219551e+10
 5.49800000e+02  7.04634728e+16  1.63801613e+14  3.79393158e+10  1.32737825e+08  4.98594824e+11  1.06219551e+10
 5.49825000e+02  7.03815715e+16  2.45344786e+14  3.78952180e+10  1.98816927e+08  4.98594824e+11  1.06219551e+10
 5.49850000e+02  7.02997655e+16  3.26650241e+14  3.78511716e+10  2.64703392e+08  4.98594824e+11  1.06219551e+10
 5.49875000e+02  7.02180544e+16  4.07718504e+14  3.78071763e+10  3.30397647e+08  4.98594824e+11  1.06219551e+10
 5.49900000e+02  7.01364384e+16  4.88550100e+14  3.77632322e+10  3.95900117e+08  4.98594824e+11  1.06219551e+10
 5.49925000e+02  7.00549172e+16  5.69145553e+14  3.77193391e+10  4.61211227e+08  4.98594824e+11  1.06219551e+10
 5.49950000e+02  6.99734908e+16  6.49505386e+14  3.76754971e+10  5.26331401e+08  4.98594824e+11  1.06219551e+10
 5.49975000e+02  6.98921591e+16  7.29630122e+14  3.76317060e+10  5.91261062e+08  4.98594824e+11  1.06219551e+10
 5.50000000e+02  6.98109218e+16  8.09520282e+14  3.75879658e+10  6.56000632e+08  4.98594824e+11  1.06219551e+10
 5.50000000e+02  6.98109218e+16  8.09520282e+14  3.75879658e+10  6.56000632e+08  4.98594824e+11  1.06219551e+10
 5.51500000e+02  7.53295780e+16  5.54124036e+15  4.05593498e+10  4.49038432e+09  4.98594824e+11  1.06219551e+10
 5.53000000e+02  8.04762715e+16  1.01541101e+16  4.33304598e+10  8.22845679e+09  4.98594824e+11  1.06219551e+10
 5.54500000e+02  8.52760729e+16  1.46361939e+16  4.59147942e+10  1.18605459e+10  4.98594824e+11  1.06219551e+10
 5.56000000e+02  8.97523632e+16  1.89783490e+16  4.83249421e+10  1.53792428e+10  4.98594824e+11  1.06219551e+10
 5.57500000e+02  9.39269472e+16  2.31738394e+16  5.05726437e+10  1.87790888e+10  4.98594824e+11  1.06219551e+10
 5.59000000e+02  9.78201603e+16  2.72179947e+16  5.26688481e+10  2.20562994e+10  4.98594824e+11  1.06219551e+10
 5.60500000e+02  1.01450967e+17  3.11079107e+16  5.46237663e+10  2.52085211e+10  4.98594824e+11  1.06219551e+10
 5.62000000e+02  1.04837054e+17  3.48421851e+16  5.64469211e+10  2.82346174e+10  4.98594824e+11  1.06219551e+10
 5.63500000e+02  1.07994915e+17  3.84206866e+16  5.81471936e+10  3.11344821e+10  4.98594824e+11  1.06219551e+10
 5.65000000e+02  1.10939934e+17  4.18443515e+16  5.97328661e+10  3.39088738e+10  4.98594824e+11  1.06219551e+10
 5.65000000e+02  1.10939934e+17  4.18443515e+16  5.97328661e+10  3.39088738e+10  4.98594824e+11  1.06113331e+10
 5.65025000e+02  1.10810986e+17  4.19000076e+16  5.96634372e+10  3.39539751e+10  4.98594824e+11  1.06113331e+10
 5.65050000e+02  1.10682188e+17  4.19554166e+16  5.95940891e+10  3.39988762e+10  4.98594824e+11  1.06113331e+10
 5.65075000e+02  1.10553540e+17  4.20105791e+16  5.95248215e+10  3.40435775e+10  4.98594824e+11  1.06113331e+10
 5.65100000e+02  1.10425041e+17  4.20654957e+16  5.94556345e+10  3.40880796e+10  4.98594824e+11  1.06113331e+10
 5.65125000e+02  1.10296691e+17  4.21201671e+16  5.93865278e+10  3.41323830e+10  4.98594824e+11  1.06113331e+10
 5.65150000e+02  1.10168491e+17  4.21745939e+16  5.93175015e+10  3.41764881e+10  4.98594824e+11  1.06113331e+10
 5.65175000e+02  1.10040439e+17  4.22287765e+16  5.92485555e+10  3.42203954e+10  4.98594824e+11  1.06113331e+10
 5.65200000e+02  1.09912537e+17  4.22827157e+16  5.91796895e+10  3.42641054e+10  4.98594824e+11  1.06113331e+10
 5.65225000e+02  1.09784783e+17  4.23364120e+16  5.91109036e+10  3.43076186e+10  4.98594824e+11  1.06113331e+10
 5.65250000e+02  1.09657178e+17  4.23898661e+16  5.90421977e+10  3.43509355e+10  4.98594824e+11  1.06113331e+10
 5.65250000e+02  1.09657178e+17  0.00000000e+00  5.90421977e+10  0.00000000e+00  5.21219272e+11  1.06007218e+10
 5.66200000e+02  1.04916520e+17  4.58531235e+15  5.64897076e+10  3.71574113e+09  5.21219272e+11  1.06007218e+10
 5.67150000e+02  1.00380808e+17  8.67732799e+15  5.40475659e+10  7.03173568e+09  5.21219272e+11  1.06007218e+10
 5.68100000e+02  9.60411831e+16  1.23163605e+16  5.17110018e+10  9.98065209e+09  5.21219272e+11  1.06007218e+10
 5.69050000e+02  9.18891669e+16  1.55397589e+16  4.94754513e+10  1.25927563e+10  5.21219272e+11  1.06007218e+10
 5.70000000e+02  8.79166490e+16  1.83821141e+16  4.73365472e+10  1.48960795e+10  5.21219272e+11  1.06007218e+10
 5.70950000e+02  8.41158695e+16  2.08754523e+16  4.52901114e+10  1.69165742e+10  5.21219272e+11  1.06007218e+10
 5.71900000e+02  8.04794039e+16  2.30494138e+16  4.33321463e+10  1.86782597e+10  5.21219272e+11  1.06007218e+10
 5.72850000e+02  7.70001486e+16  2.49314215e+16  4.14588273e+10  2.02033583e+10  5.21219272e+11  1.06007218e+10
 5.73800000e+02  7.36713072e+16  2.65468366e+16  3.96664949e+10  2.15124216e+10  5.21219272e+11  1.06007218e+10
 5.74750000e+02  7.04863769e+16  2.79191037e+16  3.79516479e+10  2.26244482e+10  5.21219272e+11  1.06007218e+10
 5.74750000e+02  7.04863769e+16  0.00000000e+00  3.79516479e+10  0.00000000e+00  5.21219272e+11  1.06007218e+10
 5.74775000e+02  7.04044490e+16  8.18562350e+13  3.79075358e+10  6.63327938e+07  5.21219272e+11  1.06007218e+10
 5.74800000e+02  7.03226163e+16  1.63474173e+14  3.78634751e+10  1.32472482e+08  5.21219272e+11  1.06007218e+10
 5.74825000e+02  7.02408788e+16  2.44854342e+14  3.78194655e+10  1.98419492e+08  5.21219272e+11  1.06007218e+10
 5.74850000e+02  7.01592362e+16  3.25997267e+14  3.77755071e+10  2.64174250e+08  5.21219272e+11  1.06007218e+10
 5.74875000e+02  7.00776886e+16  4.06903474e+14  3.77315997e+10  3.29737182e+08  5.21219272e+11  1.06007218e+10
 5.74900000e+02  6.99962357e+16  4.87573488e+14  3.76877434e+10  3.95108713e+08  5.21219272e+11  1.06007218e+10
 5.74925000e+02  6.99148775e+16  5.68007831e+14  3.76439381e+10  4.60289266e+08  5.21219272e+11  1.06007218e+10
 5.74950000e+02  6.98336138e+16  6.48207025e+14  3.76001837e+10  5.25279265e+08  5.21219272e+11  1.06007218e+10
 5.74975000e+02  6.97524446e+16  7.28171591e+14  3.75564802e+10  5.90079131e+08  5.21219272e+11  1.06007218e+10
 5.75000000e+02  6.96713698e+16  8.07902051e+14  3.75128274e+10  6.54689287e+08  5.21219272e+11  1.06007218e+10
 5.75000000e+02  6.96713698e+16  8.07902051e+14  3.75128274e+10  6.54689287e+08  5.21219272e+11  1.06007218e+10
 5.76500000e+02  7.51789942e+16  5.53016342e+15  4.04782717e+10  4.48140804e+09  5.21219272e+11  1.06007218e+10
 5.78000000e+02  8.03153994e+16  1.01338120e+16  4.32438422e+10  8.21200810e+09  5.21219272e+11  1.06007218e+10
 5.79500000e+02  8.51056061e+16  1.46069361e+16  4.58230106e+10  1.18368366e+10  5.21219272e+11  1.06007218e+10
 5.81000000e+02  8.95729482e+16  1.89404113e+16  4.82283406e+10  1.53484997e+10  5.21219272e+11  1.06007218e+10
 5.82500000e+02  9.37391872e+16  2.31275149e+16  5.04715490e+10  1.87415494e+10  5.21219272e+11  1.06007218e+10
 5.84000000e+02  9.76246178e+16  2.71635859e+16  5.25635631e+10  2.20122089e+10  5.21219272e+11  1.06007218e+10
 5.85500000e+02  1.01248167e+17  3.10457260e+16  5.45145734e+10  2.51581292e+10  5.21219272e+11  1.06007218e+10
 5.87000000e+02  1.04627485e+17  3.47725356e+16  5.63340837e+10  2.81781764e+10  5.21219272e+11  1.06007218e+10
 5.88500000e+02  1.07779034e+17  3.83438836e+16  5.80309574e+10  3.10722442e+10  5.21219272e+11  1.06007218e+10
 5.90000000e+02  1.10718165e+17  4.17607046e+16  5.96134601e+10  3.38410899e+10  5.21219272e+11  1.06007218e+10
 5.90000000e+02  1.10718165e+17  4.17607046e+16  5.96134601e+10  3.38410899e+10  5.21219272e+11  1.05901211e+10
 5.90025000e+02  1.10589475e+17  4.18162495e+16  5.95441700e+10  3.38861011e+10  5.21219272e+11  1.05901211e+10
 5.90050000e+02  1.10460934e+17  4.18715477e+16  5.94749605e+10  3.39309124e+10  5.21219272e+11  1.05901211e+10
 5.90075000e+02  1.10332543e+17  4.19265999e+16  5.94058314e+10  3.39755244e+10  5.21219272e+11  1.05901211e+10
 5.90100000e+02  1.10204301e+17  4.19814068e+16  5.93367827e+10  3.40199375e+10  5.21219272e+11  1.05901211e+10
 5.90125000e+02  1.10076208e+17  4.20359689e+16  5.92678142e+10  3.40641523e+10  5.21219272e+11  1.05901211e+10
 5.90150000e+02  1.09948264e+17  4.20902868e+16  5.91989258e+10  3.41081693e+10  5.21219272e+11  1.05901211e+10
 5.90175000e+02  1.09820469e+17  4.21443612e+16  5.91301176e+10  3.41519888e+10  5.21219272e+11  1.05901211e+10
 5.90200000e+02  1.09692822e+17  4.21981926e+16  5.90613893e+10  3.41956114e+10  5.21219272e+11  1.05901211e+10
 5.90225000e+02  1.09565323e+17  4.22517815e+16  5.89927409e+10  3.42390377e+10  5.21219272e+11  1.05901211e+10
 5.90250000e+02  1.09437973e+17  4.23051288e+16  5.89241723e+10  3.42822680e+10  5.21219272e+11  1.05901211e+10
 5.90250000e+02  1.09437973e+17  0.00000000e+00  5.89241723e+10  0.00000000e+00  5.43798494e+11  1.05795310e+10
 5.91200000e+02  1.04706792e+17  4.57614631e+15  5.63767847e+10  3.70831336e+09  5.43798494e+11  1.05795310e+10
 5.92150000e+02  1.00180147e+17  8.65998201e+15  5.39395248e+10  7.01767924e+09  5.43798494e+11  1.05795310e+10
 5.93100000e+02  9.58491968e+16  1.22917401e+16  5.16076315e+10  9.96070076e+09  5.43798494e+11  1.05795310e+10
 5.94050000e+02  9.17054804e+16  1.55086949e+16  4.93765498e+10  1.25675834e+10  5.43798494e+11  1.05795310e+10
 5.95000000e+02  8.77409036e+16  1.83453683e+16  4.72419214e+10  1.48663023e+10  5.43798494e+11  1.05795310e+10
 5.95950000e+02  8.39477219e+16  2.08337222e+16  4.51995765e+10  1.68827579e+10  5.43798494e+11  1.05795310e+10
 5.96900000e+02  8.03185256e+16  2.30033380e+16  4.32455254e+10  1.86409218e+10  5.43798494e+11  1.05795310e+10
 5.97850000e+02  7.68462253e+16  2.48815836e+16  4.13759511e+10  2.01629718e+10  5.43798494e+11  1.05795310e+10
 5.98800000e+02  7.35240382e+16  2.64937694e+16  3.95872016e+10  2.14694182e+10  5.43798494e+11  1.05795310e+10
 5.99750000e+02  7.03454747e+16  2.78632934e+16  3.78757826e+10  2.25792219e+10  5.43798494e+11  1.05795310e+10
 5.99750000e+02  7.03454747e+16  0.00000000e+00  3.78757826e+10  0.00000000e+00  5.43798494e+11  1.05795310e+10
 5.99775000e+02  7.02637105e+16  8.16926044e+13  3.78317587e+10  6.62001945e+07  5.43798494e+11  1.05795310e+10
 5.99800000e+02  7.01820414e+16  1.63147388e+14  3.77877860e+10  1.32207670e+08  5.43798494e+11  1.05795310e+10
 5.99825000e+02  7.01004673e+16  2.44364878e+14  3.77438644e+10  1.98022851e+08  5.43798494e+11  1.05795310e+10
 5.99850000e+02  7.00189879e+16  3.25345599e+14  3.76999938e+10  2.63646166e+08  5.43798494e+11  1.05795310e+10
 5.99875000e+02  6.99376033e+16  4.06090074e+14  3.76561743e+10  3.29078037e+08  5.43798494e+11  1.05795310e+10
 5.99900000e+02  6.98563132e+16  4.86598828e+14  3.76124057e+10  3.94318890e+08  5.43798494e+11  1.05795310e+10
 5.99925000e+02  6.97751176e+16  5.66872383e+14  3.75686879e+10  4.59369148e+08  5.43798494e+11  1.05795310e+10
 5.99950000e+02  6.96940164e+16  6.46911259e+14  3.75250210e+10  5.24229231e+08  5.43798494e+11  1.05795310e+10
 5.99975000e+02  6.96130095e+16  7.26715976e+14  3.74814048e+10  5.88899563e+08  5.43798494e+11  1.05795310e+10
 6.00000000e+02  6.95320967e+16  8.06287054e+14  3.74378393e+10  6.53380563e+08  5.43798494e+11  1.05795310e+10
 6.00000000e+02  6.95320967e+16  8.06287054e+14  3.74378393e+10  6.53380563e+08  5.43798494e+11  1.05795310e+10
 6.01500000e+02  7.50287114e+16  5.51910862e+15  4.03973556e+10  4.47244971e+09  5.43798494e+11  1.05795310e+10
 6.03000000e+02  8.01548489e+16  1.01135546e+16  4.31573977e+10  8.19559230e+09  5.43798494e+11  1.05795310e+10
 6.04500000e+02  8.49354800e+16  1.45777369e+16  4.57314104e+10  1.18131748e+10  5.43798494e+11  1.05795310e+10
 6.06000000e+02  8.93938919e+16  1.89025494e+16  4.81319321e+10  1.53178180e+10  5.43798494e+11  1.05795310e+10
 6.07500000e+02  9.35518026e+16  2.30812830e+16  5.03706564e+10  1.87040851e+10  5.43798494e+11  1.05795310e+10
 6.09000000e+02  9.74294661e+16  2.71092859e+16  5.24584885e+10  2.19682065e+10  5.43798494e+11  1.05795310e+10
 6.10500000e+02  1.01045771e+17  3.09836656e+16  5.44055987e+10  2.51078381e+10  5.43798494e+11  1.05795310e+10
 6.12000000e+02  1.04418334e+17  3.47030253e+16  5.62214719e+10  2.81218483e+10  5.43798494e+11  1.05795310e+10
 6.13500000e+02  1.07563583e+17  3.82672342e+16  5.79149535e+10  3.10101308e+10  5.43798494e+11  1.05795310e+10
 6.15000000e+02  1.10496839e+17  4.16772250e+16  5.94942928e+10  3.37734416e+10  5.43798494e+11  1.05795310e+10
 6.15000000e+02  1.10496839e+17  4.16772250e+16  5.94942928e+10  3.37734416e+10  5.43798494e+11  1.05689514e+10
 6.15025000e+02  1.10368407e+17  4.17326588e+16  5.94251412e+10  3.38183628e+10  5.43798494e+11  1.05689514e+10
 6.15050000e+02  1.10240123e+17  4.17878465e+16  5.93560700e+10  3.38630845e+10  5.43798494e+11  1.05689514e+10
 6.15075000e+02  1.10111988e+17  4.18427887e+16  5.92870791e+10  3.39076073e+10  5.43798494e+11  1.05689514e+10
 6.15100000e+02  1.09984003e+17  4.18974860e+16  5.92181684e+10  3.39519317e+10  5.43798494e+11  1.05689514e+10
 6.15125000e+02  1.09856166e+17  4.19519390e+16  5.91493378e+10  3.39960581e+10  5.43798494e+11  1.05689514e+10
 6.15150000e+02  1.09728477e+17  4.20061484e+16  5.90805872e+10  3.40399870e+10  5.43798494e+11  1.05689514e+10
 6.15175000e+02  1.09600938e+17  4.20601146e+16  5.90119165e+10  3.40837190e+10  5.43798494e+11  1.05689514e+10
 6.15200000e+02  1.09473546e+17  4.21138384e+16  5.89433256e+10  3.41272544e+10  5.43798494e+11  1.05689514e+10
 6.15225000e+02  1.09346302e+17  4.21673202e+16  5.88748144e+10  3.41705938e+10  5.43798494e+11  1.05689514e+10
 6.15250000e+02  1.09219207e+17  4.22205608e+16  5.88063829e+10  3.42137377e+10  5.43798494e+11  1.05689514e+10
 6.15250000e+02  1.09219207e+17  0.00000000e+00  5.88063829e+10  0.00000000e+00  5.66332580e+11  1.05583825e+10
 6.16200000e+02  1.04497483e+17  4.56699860e+15  5.62640875e+10  3.70090044e+09  5.66332580e+11  1.05583825e+10
 6.17150000e+02  9.99798871e+16  8.64267070e+15  5.38316997e+10  7.00365090e+09  5.66332580e+11  1.05583825e+10
 6.18100000e+02  9.56575943e+16  1.22671689e+16  5.15044679e+10  9.94078932e+09  5.66332580e+11  1.05583825e+10
 6.19050000e+02  9.15221612e+16  1.54776930e+16  4.92778461e+10  1.25424608e+10  5.66332580e+11  1.05583825e+10
 6.20000000e+02  8.75655095e+16  1.83086959e+16  4.71474848e+10  1.48365845e+10  5.66332580e+11  1.05583825e+10
 6.20950000e+02  8.37799104e+16  2.07920756e+16  4.51092225e+10  1.68490093e+10  5.66332580e+11  1.05583825e+10
 6.21900000e+02  8.01579688e+16  2.29573544e+16  4.31590776e+10  1.86036586e+10  5.66332580e+11  1.05583825e+10
 6.22850000e+02  7.66926097e+16  2.48318454e+16  4.12932406e+10  2.01226660e+10  5.66332580e+11  1.05583825e+10
 6.23800000e+02  7.33770637e+16  2.64408084e+16  3.95080667e+10  2.14265009e+10  5.66332580e+11  1.05583825e+10
 6.24750000e+02  7.02048541e+16  2.78075947e+16  3.78000689e+10  2.25340861e+10  5.66332580e+11  1.05583825e+10
 6.24750000e+02  7.02048541e+16  0.00000000e+00  3.78000689e+10  0.00000000e+00  5.66332580e+11  1.05583825e+10
 6.24775000e+02  7.01232534e+16  8.15293009e+13  3.77561330e+10  6.60678604e+07  5.66332580e+11  1.05583825e+10
 6.24800000e+02  7.00417475e+16  1.62821257e+14  3.77122482e+10  1.31943386e+08  5.66332580e+11  1.05583825e+10
 6.24825000e+02  6.99603364e+16  2.43876393e+14  3.76684144e+10  1.97627004e+08  5.66332580e+11  1.05583825e+10
 6.24850000e+02  6.98790200e+16  3.24695233e+14  3.76246315e+10  2.63119137e+08  5.66332580e+11  1.05583825e+10
 6.24875000e+02  6.97977980e+16  4.05278300e+14  3.75808996e+10  3.28420210e+08  5.66332580e+11  1.05583825e+10
 6.24900000e+02  6.97166704e+16  4.85626117e+14  3.75372185e+10  3.93530647e+08  5.66332580e+11  1.05583825e+10
 6.24925000e+02  6.96356372e+16  5.65739205e+14  3.74935881e+10  4.58450869e+08  5.66332580e+11  1.05583825e+10
 6.24950000e+02  6.95546981e+16  6.45618083e+14  3.74500084e+10  5.23181297e+08  5.66332580e+11  1.05583825e+10
 6.24975000e+02  6.94738531e+16  7.25263271e+14  3.74064795e+10  5.87722353e+08  5.66332580e+11  1.05583825e+10
 6.25000000e+02  6.93931021e+16  8.04675287e+14  3.73630011e+10  6.52074455e+08  5.66332580e+11  1.05583825e+10
 6.25000000e+02  6.93931021e+16  8.04675287e+14  3.73630011e+10  6.52074455e+08  5.66332580e+11  1.05583825e+10
 6.26500000e+02  7.48787290e+16  5.50807592e+15  4.03166013e+10  4.46350928e+09  5.66332580e+11  1.05583825e+10
 6.28000000e+02  7.99946194e+16  1.00933376e+16  4.30711261e+10  8.17920931e+09  5.66332580e+11  1.05583825e+10
 6.29500000e+02  8.47656939e+16  1.45485960e+16  4.56399933e+10  1.17895603e+10  5.66332580e+11  1.05583825e+10
 6.31000000e+02  8.92151935e+16  1.88647632e+16  4.80357164e+10  1.52871977e+10  5.66332580e+11  1.05583825e+10
 6.32500000e+02  9.33647925e+16  2.30351435e+16  5.02699654e+10  1.86666956e+10  5.66332580e+11  1.05583825e+10
 6.34000000e+02  9.72347046e+16  2.70550945e+16  5.23536240e+10  2.19242921e+10  5.66332580e+11  1.05583825e+10
 6.35500000e+02  1.00843781e+17  3.09217292e+16  5.42968420e+10  2.50576476e+10  5.66332580e+11  1.05583825e+10
 6.37000000e+02  1.04209602e+17  3.46336539e+16  5.61090852e+10  2.80656327e+10  5.66332580e+11  1.05583825e+10
 6.38500000e+02  1.07348564e+17  3.81907380e+16  5.77991815e+10  3.09481416e+10  5.66332580e+11  1.05583825e+10
 6.40000000e+02  1.10275956e+17  4.15939122e+16  5.93753637e+10  3.37059285e+10  5.66332580e+11  1.05583825e+10
 6.40000000e+02  1.10275956e+17  4.15939122e+16  5.93753637e+10  3.37059285e+10  5.66332580e+11  1.05478241e+10
 6.40025000e+02  1.10147780e+17  4.16492352e+16  5.93063504e+10  3.37507598e+10  5.66332580e+11  1.05478241e+10
 6.40050000e+02  1.10019753e+17  4.17043126e+16  5.92374173e+10  3.37953922e+10  5.66332580e+11  1.05478241e+10
 6.40075000e+02  1.09891874e+17  4.17591449e+16  5.91685643e+10  3.38398260e+10  5.66332580e+11  1.05478241e+10
 6.40100000e+02  1.09764145e+17  4.18137329e+16  5.90997913e+10  3.38840618e+10  5.66332580e+11  1.05478241e+10
 6.40125000e+02  1.09636563e+17  4.18680771e+16  5.90310983e+10  3.39281000e+10  5.66332580e+11  1.05478241e+10
 6.40150000e+02  1.09509130e+17  4.19221781e+16  5.89624851e+10  3.39719411e+10  5.66332580e+11  1.05478241e+10
 6.40175000e+02  1.09381845e+17  4.19760364e+16  5.88939517e+10  3.40155856e+10  5.66332580e+11  1.05478241e+10
 6.40200000e+02  1.09254708e+17  4.20296528e+16  5.88254979e+10  3.40590340e+10  5.66332580e+11  1.05478241e+10
 6.40225000e+02  1.09127719e+17  4.20830278e+16  5.87571237e+10  3.41022868e+10  5.66332580e+11  1.05478241e+10
 6.40250000e+02  1.09000877e+17  4.21361619e+16  5.86888290e+10  3.41453444e+10  5.66332580e+11  1.05478241e+10
 6.40250000e+02  1.09000877e+17  0.00000000e+00  5.86888290e+10  0.00000000e+00  5.88821621e+11  1.05372763e+10
 6.41200000e+02  1.04288593e+17  4.55786917e+15  5.61516156e+10  3.69350234e+09  5.88821621e+11  1.05372763e+10
 6.42150000e+02  9.97800273e+16  8.62539401e+15  5.37240901e+10  6.98965060e+09  5.88821621e+11  1.05372763e+10
 6.43100000e+02  9.54663747e+16  1.22426469e+16  5.14015104e+10  9.92091769e+09  5.88821621e+11  1.05372763e+10
 6.44050000e+02  9.13392084e+16  1.54467531e+16  4.91793397e+10  1.25173884e+10  5.88821621e+11  1.05372763e+10
 6.45000000e+02  8.73904661e+16  1.82720968e+16  4.70532370e+10  1.48069262e+10  5.88821621e+11  1.05372763e+10
 6.45950000e+02  8.36124344e+16  2.07505123e+16  4.50190492e+10  1.68153281e+10  5.88821621e+11  1.05372763e+10
 6.46900000e+02  7.99977331e+16  2.29114626e+16  4.30728026e+10  1.85664699e+10  5.88821621e+11  1.05372763e+10
 6.47850000e+02  7.65393012e+16  2.47822065e+16  4.12106954e+10  2.00824408e+10  5.88821621e+11  1.05372763e+10
 6.48800000e+02  7.32303829e+16  2.63879532e+16  3.94290901e+10  2.13836693e+10  5.88821621e+11  1.05372763e+10
 6.49750000e+02  7.00645146e+16  2.77520073e+16  3.77245065e+10  2.24890404e+10  5.88821621e+11  1.05372763e+10
 6.49750000e+02  7.00645146e+16  0.00000000e+00  3.77245065e+10  0.00000000e+00  5.88821621e+11  1.05372763e+10
 6.49775000e+02  6.99830770e+16  8.13663238e+13  3.76806585e+10  6.59357907e+07  5.88821621e+11  1.05372763e+10
 6.49800000e+02  6.99017341e+16  1.62495777e+14  3.76368614e+10  1.31679632e+08  5.88821621e+11  1.05372763e+10
 6.49825000e+02  6.98204857e+16  2.43388884e+14  3.75931152e+10  1.97231947e+08  5.88821621e+11  1.05372763e+10
 6.49850000e+02  6.97393318e+16  3.24046167e+14  3.75494199e+10  2.62593162e+08  5.88821621e+11  1.05372763e+10
 6.49875000e+02  6.96582722e+16  4.04468149e+14  3.75057754e+10  3.27763698e+08  5.88821621e+11  1.05372763e+10
 6.49900000e+02  6.95773068e+16  4.84655351e+14  3.74621816e+10  3.92743979e+08  5.88821621e+11  1.05372763e+10
 6.49925000e+02  6.94964355e+16  5.64608292e+14  3.74186384e+10  4.57534425e+08  5.88821621e+11  1.05372763e+10
 6.49950000e+02  6.94156583e+16  6.44327493e+14  3.73751459e+10  5.22135458e+08  5.88821621e+11  1.05372763e+10
 6.49975000e+02  6.93349749e+16  7.23813470e+14  3.73317039e+10  5.86547496e+08  5.88821621e+11  1.05372763e+10
 6.50000000e+02  6.92543853e+16  8.03066741e+14  3.72883124e+10  6.50770959e+08  5.88821621e+11  1.05372763e+10
 6.50000000e+02  6.92543853e+16  8.03066741e+14  3.72883124e+10  6.50770959e+08  5.88821621e+11  1.05372763e+10
 6.51500000e+02  7.47290464e+16  5.49706528e+15  4.02360084e+10  4.45458672e+09  5.88821621e+11  1.05372763e+10
 6.53000000e+02  7.98347102e+16  1.00731610e+16  4.29850269e+10  8.16285907e+09  5.88821621e+11  1.05372763e+10
 6.54500000e+02  8.45962473e+16  1.45195133e+16  4.55487589e+10  1.17659929e+10  5.88821621e+11  1.05372763e+10
 6.56000000e+02  8.90368523e+16  1.88270525e+16  4.79396930e+10  1.52566386e+10  5.88821621e+11  1.05372763e+10
 6.57500000e+02  9.31781563e+16  2.29890962e+16  5.01694758e+10  1.86293809e+10  5.88821621e+11  1.05372763e+10
 6.59000000e+02  9.70403325e+16  2.70010113e+16  5.22489691e+10  2.18804654e+10  5.88821621e+11  1.05372763e+10
 6.60500000e+02  1.00642194e+17  3.08599167e+16  5.41883026e+10  2.50075573e+10  5.88821621e+11  1.05372763e+10
 6.62000000e+02  1.04001287e+17  3.45644213e+16  5.59969231e+10  2.80095295e+10  5.88821621e+11  1.05372763e+10
 6.63500000e+02  1.07133974e+17  3.81143947e+16  5.76836409e+10  3.08862762e+10  5.88821621e+11  1.05372763e+10
 6.65000000e+02  1.10055515e+17  4.15107660e+16  5.92566723e+10  3.36385503e+10  5.88821621e+11  1.05372763e+10
 6.65000000e+02  1.10055515e+17  4.15107660e+16  5.92566723e+10  3.36385503e+10  5.88821621e+11  1.05267390e+10
 6.65025000e+02  1.09927595e+17  4.15659784e+16  5.91877970e+10  3.36832921e+10  5.88821621e+11  1.05267390e+10
 6.65050000e+02  1.09799823e+17  4.16209456e+16  5.91190017e+10  3.37278352e+10  5.88821621e+11  1.05267390e+10
 6.65075000e+02  1.09672201e+17  4.16756684e+16  5.90502863e+10  3.37721802e+10  5.88821621e+11  1.05267390e+10
 6.65100000e+02  1.09544726e+17  4.17301473e+16  5.89816508e+10  3.38163275e+10  5.88821621e+11  1.05267390e+10
 6.65125000e+02  1.09417400e+17  4.17843828e+16  5.89130951e+10  3.38602777e+10  5.88821621e+11  1.05267390e+10
 6.65150000e+02  1.09290221e+17  4.18383756e+16  5.88446191e+10  3.39040312e+10  5.88821621e+11  1.05267390e+10
 6.65175000e+02  1.09163191e+17  4.18921263e+16  5.87762227e+10  3.39475885e+10  5.88821621e+11  1.05267390e+10
 6.65200000e+02  1.09036308e+17  4.19456355e+16  5.87079057e+10  3.39909500e+10  5.88821621e+11  1.05267390e+10
 6.65225000e+02  1.08909573e+17  4.19989038e+16  5.86396682e+10  3.40341163e+10  5.88821621e+11  1.05267390e+10
 6.65250000e+02  1.08782985e+17  4.20519317e+16  5.85715100e+10  3.40770879e+10  5.88821621e+11  1.05267390e+10
 6.65250000e+02  1.08782985e+17  0.00000000e+00  5.85715100e+10  0.00000000e+00  6.11265705e+11  1.05162123e+10
 6.66200000e+02  1.04080120e+17  4.54875799e+15  5.60393685e+10  3.68611903e+09  6.11265705e+11  1.05162123e+10
 6.67150000e+02  9.95805671e+16  8.60815184e+15  5.36166956e+10  6.97567829e+09  6.11265705e+11  1.05162123e+10
 6.68100000e+02  9.52755375e+16  1.22181738e+16  5.12987588e+10  9.90108577e+09  6.11265705e+11  1.05162123e+10
 6.69050000e+02  9.11566213e+16  1.54158751e+16  4.90810302e+10  1.24923662e+10  6.11265705e+11  1.05162123e+10
 6.70000000e+02  8.72157725e+16  1.82355709e+16  4.69591776e+10  1.47773272e+10  6.11265705e+11  1.05162123e+10
 6.70950000e+02  8.34452931e+16  2.07090320e+16  4.49290561e+10  1.67817143e+10  6.11265705e+11  1.05162123e+10
 6.71900000e+02  7.98378176e+16  2.28656626e+16  4.29867000e+10  1.85293555e+10  6.11265705e+11  1.05162123e+10
 6.72850000e+02  7.63862991e+16  2.47326669e+16  4.11283152e+10  2.00422960e+10  6.11265705e+11  1.05162123e+10
 6.73800000e+02  7.30839954e+16  2.63352037e+16  3.93502714e+10  2.13409233e+10  6.11265705e+11  1.05162123e+10
 6.74750000e+02  6.99244556e+16  2.76965310e+16  3.76490952e+10  2.24440848e+10  6.11265705e+11  1.05162123e+10
 6.74750000e+02  6.99244556e+16  0.00000000e+00  3.76490952e+10  0.00000000e+00  6.11265705e+11  1.05162123e+10
 6.74775000e+02  6.98431808e+16  8.12036725e+13  3.76053348e+10  6.58039851e+07  6.11265705e+11  1.05162123e+10
 6.74800000e+02  6.97620005e+16  1.62170948e+14  3.75616253e+10  1.31416404e+08  6.11265705e+11  1.05162123e+10
 6.74825000e+02  6.96809146e+16  2.42902349e+14  3.75179666e+10  1.96837681e+08  6.11265705e+11  1.05162123e+10
 6.74850000e+02  6.95999229e+16  3.23398399e+14  3.74743586e+10  2.62068238e+08  6.11265705e+11  1.05162123e+10
 6.74875000e+02  6.95190253e+16  4.03659617e+14  3.74308013e+10  3.27108499e+08  6.11265705e+11  1.05162123e+10
 6.74900000e+02  6.94382218e+16  4.83686525e+14  3.73872947e+10  3.91958884e+08  6.11265705e+11  1.05162123e+10
 6.74925000e+02  6.93575122e+16  5.63479640e+14  3.73438386e+10  4.56619814e+08  6.11265705e+11  1.05162123e+10
 6.74950000e+02  6.92768963e+16  6.43039482e+14  3.73004330e+10  5.21091709e+08  6.11265705e+11  1.05162123e+10
 6.74975000e+02  6.91963742e+16  7.22366567e+14  3.72570778e+10  5.85374987e+08  6.11265705e+11  1.05162123e+10
 6.75000000e+02  6.91159457e+16  8.01461410e+14  3.72137731e+10  6.49470067e+08  6.11265705e+11  1.05162123e+10
 6.75000000e+02  6.91159457e+16  8.01461410e+14  3.72137731e+10  6.49470067e+08  6.11265705e+11  1.05162123e+10
 6.76500000e+02  7.45796630e+16  5.48607665e+15  4.01555767e+10  4.44568200e+09  6.11265705e+11  1.05162123e+10
 6.78000000e+02  7.96751206e+16  1.00530247e+16  4.28990999e+10  8.14654151e+09  6.11265705e+11  1.05162123e+10
 6.79500000e+02  8.44271394e+16  1.44904888e+16  4.54577070e+10  1.17424727e+10  6.11265705e+11  1.05162123e+10
 6.81000000e+02  8.88588677e+16  1.87894173e+16  4.78438615e+10  1.52261406e+10  6.11265705e+11  1.05162123e+10
 6.82500000e+02  9.29918932e+16  2.29431410e+16  5.00691870e+10  1.85921407e+10  6.11265705e+11  1.05162123e+10
 6.84000000e+02  9.68463488e+16  2.69470363e+16  5.21445234e+10  2.18367263e+10  6.11265705e+11  1.05162123e+10
 6.85500000e+02  1.00441011e+17  3.07982277e+16  5.40799802e+10  2.49575672e+10  6.11265705e+11  1.05162123e+10
 6.87000000e+02  1.03793389e+17  3.44953270e+16  5.58849853e+10  2.79535384e+10  6.11265705e+11  1.05162123e+10
 6.88500000e+02  1.06919813e+17  3.80382041e+16  5.75683313e+10  3.08245346e+10  6.11265705e+11  1.05162123e+10
 6.90000000e+02  1.09835514e+17  4.14277860e+16  5.91382183e+10  3.35713069e+10  6.11265705e+11  1.05162123e+10
 6.90000000e+02  1.09835514e+17  4.14277860e+16  5.91382183e+10  3.35713069e+10  6.11265705e+11  1.05056960e+10
 6.90025000e+02  1.09707849e+17  4.14828880e+16  5.90694806e+10  3.36159592e+10  6.11265705e+11  1.05056960e+10
 6.90050000e+02  1.09580333e+17  4.15377454e+16  5.90008228e+10  3.36604133e+10  6.11265705e+11  1.05056960e+10
 6.90075000e+02  1.09452966e+17  4.15923587e+16  5.89322448e+10  3.37046696e+10  6.11265705e+11  1.05056960e+10
 6.90100000e+02  1.09325746e+17  4.16467287e+16  5.88637465e+10  3.37487287e+10  6.11265705e+11  1.05056960e+10
 6.90125000e+02  1.09198674e+17  4.17008558e+16  5.87953278e+10  3.37925910e+10  6.11265705e+11  1.05056960e+10
 6.90150000e+02  1.09071750e+17  4.17547407e+16  5.87269887e+10  3.38362570e+10  6.11265705e+11  1.05056960e+10
 6.90175000e+02  1.08944974e+17  4.18083840e+16  5.86587290e+10  3.38797272e+10  6.11265705e+11  1.05056960e+10
 6.90200000e+02  1.08818344e+17  4.18617862e+16  5.85905486e+10  3.39230021e+10  6.11265705e+11  1.05056960e+10
 6.90225000e+02  1.08691862e+17  4.19149480e+16  5.85224475e+10  3.39660821e+10  6.11265705e+11  1.05056960e+10
 6.90250000e+02  1.08565527e+17  4.19678699e+16  5.84544255e+10  3.40089678e+10  6.11265705e+11  1.05056960e+10
 6.90250000e+02  1.08565527e+17  0.00000000e+00  5.84544255e+10  0.00000000e+00  6.33664925e+11  1.04951903e+10
 6.91200000e+02  1.03872063e+17  4.53966502e+15  5.59273458e+10  3.67875048e+09  6.33664925e+11  1.04951903e+10
 6.92150000e+02  9.93815055e+16  8.59094415e+15  5.35095159e+10  6.96173391e+09  6.33664925e+11  1.04951903e+10
 6.93100000e+02  9.50850817e+16  1.21937497e+16  5.11962126e+10  9.88129350e+09  6.33664925e+11  1.04951903e+10
 6.94050000e+02  9.09743992e+16  1.53850587e+16  4.89829172e+10  1.24673939e+10  6.33664925e+11  1.04951903e+10
 6.95000000e+02  8.70414282e+16  1.81991180e+16  4.68653062e+10  1.47477873e+10  6.33664925e+11  1.04951903e+10
 6.95950000e+02  8.32784860e+16  2.06676346e+16  4.48392429e+10  1.67481676e+10  6.33664925e+11  1.04951903e+10
 6.96900000e+02  7.96782218e+16  2.28199541e+16  4.29007696e+10  1.84923154e+10  6.33664925e+11  1.04951903e+10
 6.97850000e+02  7.62336029e+16  2.46832263e+16  4.10460997e+10  2.00022314e+10  6.33664925e+11  1.04951903e+10
 6.98800000e+02  7.29379005e+16  2.62825596e+16  3.92716102e+10  2.12982628e+10  6.33664925e+11  1.04951903e+10
 6.99750000e+02  6.97846766e+16  2.76411657e+16  3.75738347e+10  2.23992191e+10  6.33664925e+11  1.04951903e+10
 6.99750000e+02  6.97846766e+16  0.00000000e+00  3.75738347e+10  0.00000000e+00  6.33664925e+11  1.04951903e+10
 6.99775000e+02  6.97035643e+16  8.10413464e+13  3.75301618e+10  6.56724429e+07  6.33664925e+11  1.04951903e+10
 6.99800000e+02  6.96225463e+16  1.61846768e+14  3.74865396e+10  1.31153703e+08  6.33664925e+11  1.04951903e+10
 6.99825000e+02  6.95416224e+16  2.42416787e+14  3.74429682e+10  1.96444202e+08  6.33664925e+11  1.04951903e+10
 6.99850000e+02  6.94607926e+16  3.22751925e+14  3.73994474e+10  2.61544364e+08  6.33664925e+11  1.04951903e+10
 6.99875000e+02  6.93800568e+16  4.02852702e+14  3.73559771e+10  3.26454609e+08  6.33664925e+11  1.04951903e+10
 6.99900000e+02  6.92994148e+16  4.82719635e+14  3.73125574e+10  3.91175358e+08  6.33664925e+11  1.04951903e+10
 6.99925000e+02  6.92188665e+16  5.62353245e+14  3.72691882e+10  4.55707031e+08  6.33664925e+11  1.04951903e+10
 6.99950000e+02  6.91384118e+16  6.41754046e+14  3.72258694e+10  5.20050047e+08  6.33664925e+11  1.04951903e+10
 6.99975000e+02  6.90580507e+16  7.20922556e+14  3.71826009e+10  5.84204823e+08  6.33664925e+11  1.04951903e+10
 7.00000000e+02  6.89777830e+16  7.99859289e+14  3.71393828e+10  6.48171777e+08  6.33664925e+11  1.04951903e+10
 7.00000000e+02  6.89777830e+16  7.99859289e+14  3.71393828e+10  6.48171777e+08  6.33664925e+11  1.04951903e+10
 7.01500000e+02  7.44305783e+16  5.47510998e+15  4.00753057e+10  4.43679509e+09  6.33664925e+11  1.04951903e+10
 7.03000000e+02  7.95158500e+16  1.00329287e+16  4.28133446e+10  8.13025658e+09  6.33664925e+11  1.04951903e+10
 7.04500000e+02  8.42583696e+16  1.44615223e+16  4.53668370e+10  1.17189995e+10  6.33664925e+11  1.04951903e+10
 7.06000000e+02  8.86812388e+16  1.87518572e+16  4.77482217e+10  1.51957035e+10  6.33664925e+11  1.04951903e+10
 7.07500000e+02  9.28060024e+16  2.28972777e+16  4.99690987e+10  1.85549751e+10  6.33664925e+11  1.04951903e+10
 7.09000000e+02  9.66527530e+16  2.68931692e+16  5.20402865e+10  2.17930747e+10  6.33664925e+11  1.04951903e+10
 7.10500000e+02  1.00240229e+17  3.07366620e+16  5.39718743e+10  2.49076770e+10  6.33664925e+11  1.04951903e+10
 7.12000000e+02  1.03585906e+17  3.44263708e+16  5.57732712e+10  2.78976593e+10  6.33664925e+11  1.04951903e+10
 7.13500000e+02  1.06706080e+17  3.79621657e+16  5.74532522e+10  3.07629163e+10  6.33664925e+11  1.04951903e+10
 7.15000000e+02  1.09615953e+17  4.13449718e+16  5.90200010e+10  3.35041978e+10  6.33664925e+11  1.04951903e+10
 7.15000000e+02  1.09615953e+17  4.13449718e+16  5.90200010e+10  3.35041978e+10  6.33664925e+11  1.04846952e+10
 7.15025000e+02  1.09488543e+17  4.13999637e+16  5.89514007e+10  3.35487609e+10  6.33664925e+11  1.04846952e+10
 7.15050000e+02  1.09361282e+17  4.14547114e+16  5.88828801e+10  3.35931261e+10  6.33664925e+11  1.04846952e+10
 7.15075000e+02  1.09234169e+17  4.15092156e+16  5.88144392e+10  3.36372940e+10  6.33664925e+11  1.04846952e+10
 7.15100000e+02  1.09107204e+17  4.15634769e+16  5.87460779e+10  3.36812650e+10  6.33664925e+11  1.04846952e+10
 7.15125000e+02  1.08980386e+17  4.16174958e+16  5.86777960e+10  3.37250396e+10  6.33664925e+11  1.04846952e+10
 7.15150000e+02  1.08853716e+17  4.16712730e+16  5.86095935e+10  3.37686183e+10  6.33664925e+11  1.04846952e+10
 7.15175000e+02  1.08727193e+17  4.17248090e+16  5.85414702e+10  3.38120017e+10  6.33664925e+11  1.04846952e+10
 7.15200000e+02  1.08600817e+17  4.17781045e+16  5.84734261e+10  3.38551900e+10  6.33664925e+11  1.04846952e+10
 7.15225000e+02  1.08474587e+17  4.18311600e+16  5.84054611e+10  3.38981839e+10  6.33664925e+11  1.04846952e+10
 7.15250000e+02  1.08348505e+17  4.18839761e+16  5.83375751e+10  3.39409839e+10  6.33664925e+11  1.04846952e+10
 7.15250000e+02  1.08348505e+17  0.00000000e+00  5.83375751e+10  0.00000000e+00  6.56019368e+11  1.04742105e+10
 7.16200000e+02  1.03664423e+17  4.53059023e+15  5.58155471e+10  3.67139665e+09  6.56019368e+11  1.04742105e+10
 7.17150000e+02  9.91828419e+16  8.57377085e+15  5.34025503e+10  6.94781740e+09  6.56019368e+11  1.04742105e+10
 7.18100000e+02  9.48950066e+16  1.21693744e+16  5.10938714e+10  9.86154080e+09  6.56019368e+11  1.04742105e+10
 7.19050000e+02  9.07925414e+16  1.53543040e+16  4.88850004e+10  1.24424716e+10  6.56019368e+11  1.04742105e+10
 7.20000000e+02  8.68674324e+16  1.81627380e+16  4.67716224e+10  1.47183065e+10  6.56019368e+11  1.04742105e+10
 7.20950000e+02  8.31120123e+16  2.06263200e+16  4.47496093e+10  1.67146881e+10  6.56019368e+11  1.04742105e+10
 7.21900000e+02  7.95189450e+16  2.27743370e+16  4.28150110e+10  1.84553492e+10  6.56019368e+11  1.04742105e+10
 7.22850000e+02  7.60812119e+16  2.46338845e+16  4.09640486e+10  1.99622470e+10  6.56019368e+11  1.04742105e+10
 7.23800000e+02  7.27920976e+16  2.62300208e+16  3.91931062e+10  2.12556876e+10  6.56019368e+11  1.04742105e+10
 7.24750000e+02  6.96451770e+16  2.75859110e+16  3.74987246e+10  2.23544431e+10  6.56019368e+11  1.04742105e+10
 7.24750000e+02  6.96451770e+16  0.00000000e+00  3.74987246e+10  0.00000000e+00  6.56019368e+11  1.04742105e+10
 7.24775000e+02  6.95642269e+16  8.08793447e+13  3.74551390e+10  6.55411637e+07  6.56019368e+11  1.04742105e+10
 7.24800000e+02  6.94833708e+16  1.61523236e+14  3.74116040e+10  1.30891526e+08  6.56019368e+11  1.04742105e+10
 7.24825000e+02  6.94026087e+16  2.41932196e+14  3.73681197e+10  1.96051510e+08  6.56019368e+11  1.04742105e+10
 7.24850000e+02  6.93219405e+16  3.22106744e+14  3.73246859e+10  2.61021537e+08  6.56019368e+11  1.04742105e+10
 7.24875000e+02  6.92413660e+16  4.02047399e+14  3.72813025e+10  3.25802026e+08  6.56019368e+11  1.04742105e+10
 7.24900000e+02  6.91608852e+16  4.81754679e+14  3.72379696e+10  3.90393399e+08  6.56019368e+11  1.04742105e+10
 7.24925000e+02  6.90804980e+16  5.61229101e+14  3.71946871e+10  4.54796073e+08  6.56019368e+11  1.04742105e+10
 7.24950000e+02  6.90002041e+16  6.40471180e+14  3.71514549e+10  5.19010466e+08  6.56019368e+11  1.04742105e+10
 7.24975000e+02  6.89200037e+16  7.19481432e+14  3.71082729e+10  5.83036997e+08  6.56019368e+11  1.04742105e+10
 7.25000000e+02  6.88398964e+16  7.98260370e+14  3.70651411e+10  6.46876081e+08  6.56019368e+11  1.04742105e+10
 7.25000000e+02  6.88398964e+16  7.98260370e+14  3.70651411e+10  6.46876081e+08  6.56019368e+11  1.04742105e+10
 7.26500000e+02  7.42817916e+16  5.46416523e+15  3.99951951e+10  4.42792593e+09  6.56019368e+11  1.04742105e+10
 7.28000000e+02  7.93568978e+16  1.00128729e+16  4.27277607e+10  8.11400419e+09  6.56019368e+11  1.04742105e+10
 7.29500000e+02  8.40899371e+16  1.44326137e+16  4.52761487e+10  1.16955732e+10  6.56019368e+11  1.04742105e+10
 7.31000000e+02  8.85039650e+16  1.87143723e+16  4.76527730e+10  1.51653273e+10  6.56019368e+11  1.04742105e+10
 7.32500000e+02  9.26204832e+16  2.28515060e+16  4.98692105e+10  1.85178837e+10  6.56019368e+11  1.04742105e+10
 7.34000000e+02  9.64595441e+16  2.68394097e+16  5.19362580e+10  2.17495104e+10  6.56019368e+11  1.04742105e+10
 7.35500000e+02  1.00039849e+17  3.06752195e+16  5.38639845e+10  2.48578866e+10  6.56019368e+11  1.04742105e+10
 7.37000000e+02  1.03378837e+17  3.43575525e+16  5.56617804e+10  2.78418919e+10  6.56019368e+11  1.04742105e+10
 7.38500000e+02  1.06492775e+17  3.78862793e+16  5.73384032e+10  3.07014213e+10  6.56019368e+11  1.04742105e+10
 7.40000000e+02  1.09396830e+17  4.12623232e+16  5.89020200e+10  3.34372229e+10  6.56019368e+11  1.04742105e+10
 7.40000000e+02  1.09396830e+17  4.12623232e+16  5.89020200e+10  3.34372229e+10  6.56019368e+11  1.04637362e+10
 7.40025000e+02  1.09269676e+17  4.13172052e+16  5.88335568e+10  3.34816969e+10  6.56019368e+11  1.04637362e+10
 7.40050000e+02  1.09142669e+17  4.13718435e+16  5.87651733e+10  3.35259734e+10  6.56019368e+11  1.04637362e+10
 7.40075000e+02  1.09015810e+17  4.14262387e+16  5.86968692e+10  3.35700530e+10  6.56019368e+11  1.04637362e+10
 7.40100000e+02  1.08889099e+17  4.14803915e+16  5.86286445e+10  3.36139361e+10  6.56019368e+11  1.04637362e+10
 7.40125000e+02  1.08762534e+17  4.15343024e+16  5.85604991e+10  3.36576233e+10  6.56019368e+11  1.04637362e+10
 7.40150000e+02  1.08636117e+17  4.15879721e+16  5.84924329e+10  3.37011149e+10  6.56019368e+11  1.04637362e+10
 7.40175000e+02  1.08509847e+17  4.16414011e+16  5.84244458e+10  3.37444115e+10  6.56019368e+11  1.04637362e+10
 7.40200000e+02  1.08383724e+17  4.16945901e+16  5.83565377e+10  3.37875135e+10  6.56019368e+11  1.04637362e+10
 7.40225000e+02  1.08257747e+17  4.17475395e+16  5.82887086e+10  3.38304215e+10  6.56019368e+11  1.04637362e+10
 7.40250000e+02  1.08131916e+17  4.18002501e+16  5.82209583e+10  3.38731358e+10  6.56019368e+11  1.04637362e+10
 7.40250000e+02  1.08131916e+17  0.00000000e+00  5.82209583e+10  0.00000000e+00  6.78329124e+11  1.04532725e+10
 7.41200000e+02  1.03457198e+17  4.52153358e+15  5.57039718e+10  3.66405753e+09  6.78329124e+11  1.04532725e+10
 7.42150000e+02  9.89845754e+16  8.55663188e+15  5.32957986e+10  6.93392871e+09  6.78329124e+11  1.04532725e+10
 7.43100000e+02  9.47053115e+16  1.21450478e+16  5.09917347e+10  9.84182757e+09  6.78329124e+11  1.04532725e+10
 7.44050000e+02  9.06110471e+16  1.53236107e+16  4.87872792e+10  1.24175991e+10  6.78329124e+11  1.04532725e+10
 7.45000000e+02  8.66937844e+16  1.81264307e+16  4.66781260e+10  1.46888846e+10  6.78329124e+11  1.04532725e+10
 7.45950000e+02  8.29458713e+16  2.05850880e+16  4.46601548e+10  1.66812754e+10  6.78329124e+11  1.04532725e+10
 7.46900000e+02  7.93599867e+16  2.27288111e+16  4.27294238e+10  1.84184570e+10  6.78329124e+11  1.04532725e+10
 7.47850000e+02  7.59291256e+16  2.45846414e+16  4.08821614e+10  1.99223425e+10  6.78329124e+11  1.04532725e+10
 7.48800000e+02  7.26465862e+16  2.61775870e+16  3.91147592e+10  2.12131975e+10  6.78329124e+11  1.04532725e+10
 7.49750000e+02  6.95059563e+16  2.75307667e+16  3.74237647e+10  2.23097565e+10  6.78329124e+11  1.04532725e+10
 7.49750000e+02  6.95059563e+16  0.00000000e+00  3.74237647e+10  0.00000000e+00  6.78329124e+11  1.04532725e+10
 7.49775000e+02  6.94251680e+16  8.07176669e+13  3.73802662e+10  6.54101469e+07  6.78329124e+11  1.04532725e+10
 7.49800000e+02  6.93444736e+16  1.61200352e+14  3.73368182e+10  1.30629874e+08  6.78329124e+11  1.04532725e+10
 7.49825000e+02  6.92638729e+16  2.41448574e+14  3.72934208e+10  1.95659603e+08  6.78329124e+11  1.04532725e+10
 7.49850000e+02  6.91833659e+16  3.21462853e+14  3.72500738e+10  2.60499755e+08  6.78329124e+11  1.04532725e+10
 7.49875000e+02  6.91029525e+16  4.01243706e+14  3.72067772e+10  3.25150748e+08  6.78329124e+11  1.04532725e+10
 7.49900000e+02  6.90226326e+16  4.80791651e+14  3.71635309e+10  3.89613002e+08  6.78329124e+11  1.04532725e+10
 7.49925000e+02  6.89424061e+16  5.60107204e+14  3.71203349e+10  4.53886935e+08  6.78329124e+11  1.04532725e+10
 7.49950000e+02  6.88622727e+16  6.39190878e+14  3.70771891e+10  5.17972965e+08  6.78329124e+11  1.04532725e+10
 7.49975000e+02  6.87822326e+16  7.18043188e+14  3.70340935e+10  5.81871506e+08  6.78329124e+11  1.04532725e+10
 7.50000000e+02  6.87022854e+16  7.96664648e+14  3.69910479e+10  6.45582976e+08  6.78329124e+11  1.04532725e+10
 7.50000000e+02  6.87022854e+16  7.96664648e+14  3.69910479e+10  6.45582976e+08  6.78329124e+11  1.04532725e+10
 7.51500000e+02  7.41333023e+16  5.45324237e+15  3.99152447e+10  4.41907451e+09  6.78329124e+11  1.04532725e+10
 7.53000000e+02  7.91982634e+16  9.99285718e+15  4.26423479e+10  8.09778430e+09  6.78329124e+11  1.04532725e+10
 7.54500000e+02  8.39218413e+16  1.44037629e+16  4.51856417e+10  1.16721938e+10  6.78329124e+11  1.04532725e+10
 7.56000000e+02  8.83270456e+16  1.86769622e+16  4.75575151e+10  1.51350118e+10  6.78329124e+11  1.04532725e+10
 7.57500000e+02  9.24353348e+16  2.28058259e+16  4.97695219e+10  1.84808664e+10  6.78329124e+11  1.04532725e+10
 7.59000000e+02  9.62667215e+16  2.67857578e+16  5.18324374e+10  2.17060331e+10  6.78329124e+11  1.04532725e+10
 7.60500000e+02  9.98398691e+16  3.06138997e+16  5.37563104e+10  2.48081957e+10  6.78329124e+11  1.04532725e+10
 7.62000000e+02  1.03172183e+17  3.42888718e+16  5.55505125e+10  2.77862360e+10  6.78329124e+11  1.04532725e+10
 7.63500000e+02  1.06279896e+17  3.78105446e+16  5.72237837e+10  3.06400491e+10  6.78329124e+11  1.04532725e+10
 7.65000000e+02  1.09178146e+17  4.11798398e+16  5.87842748e+10  3.33703819e+10  6.78329124e+11  1.04532725e+10
 7.65000000e+02  1.09178146e+17  4.11798398e+16  5.87842748e+10  3.33703819e+10  6.78329124e+11  1.04428192e+10
 7.65025000e+02  1.09051246e+17  4.12346121e+16  5.87159485e+10  3.34147670e+10  6.78329124e+11  1.04428192e+10
 7.65050000e+02  1.08924493e+17  4.12891411e+16  5.86477017e+10  3.34589550e+10  6.78329124e+11  1.04428192e+10
 7.65075000e+02  1.08797888e+17  4.13434276e+16  5.85795341e+10  3.35029465e+10  6.78329124e+11  1.04428192e+10
 7.65100000e+02  1.08671429e+17  4.13974722e+16  5.85114458e+10  3.35467419e+10  6.78329124e+11  1.04428192e+10
 7.65125000e+02  1.08545118e+17  4.14512754e+16  5.84434366e+10  3.35903417e+10  6.78329124e+11  1.04428192e+10
 7.65150000e+02  1.08418954e+17  4.15048378e+16  5.83755065e+10  3.36337463e+10  6.78329124e+11  1.04428192e+10
 7.65175000e+02  1.08292936e+17  4.15581600e+16  5.83076553e+10  3.36769564e+10  6.78329124e+11  1.04428192e+10
 7.65200000e+02  1.08167065e+17  4.16112426e+16  5.82398830e+10  3.37199723e+10  6.78329124e+11  1.04428192e+10
 7.65225000e+02  1.08041340e+17  4.16640862e+16  5.81721895e+10  3.37627945e+10  6.78329124e+11  1.04428192e+10
 7.65250000e+02  1.07915761e+17  4.17166914e+16  5.81045746e+10  3.38054234e+10  6.78329124e+11  1.04428192e+10
 7.65250000e+02  1.07915761e+17  0.00000000e+00  5.81045746e+10  0.00000000e+00  7.00594284e+11  1.04323764e+10
 7.66200000e+02  1.03250387e+17  4.51249503e+15  5.55926195e+10  3.65673308e+09  7.00594284e+11  1.04323764e+10
 7.67150000e+02  9.87867052e+16  8.53952717e+15  5.31892603e+10  6.92006779e+09  7.00594284e+11  1.04323764e+10
 7.68100000e+02  9.45159955e+16  1.21207698e+16  5.08898023e+10  9.82215376e+09  7.00594284e+11  1.04323764e+10
 7.69050000e+02  9.04299156e+16  1.52929788e+16  4.86897535e+10  1.23927763e+10  7.00594284e+11  1.04323764e+10
 7.70000000e+02  8.65204835e+16  1.80901959e+16  4.65848164e+10  1.46595215e+10  7.00594284e+11  1.04323764e+10
 7.70950000e+02  8.27800626e+16  2.05439384e+16  4.45708791e+10  1.66479295e+10  7.00594284e+11  1.04323764e+10
 7.71900000e+02  7.92013460e+16  2.26833762e+16  4.26440077e+10  1.83816385e+10  7.00594284e+11  1.04323764e+10
 7.72850000e+02  7.57773433e+16  2.45354967e+16  4.08004380e+10  1.98825177e+10  7.00594284e+11  1.04323764e+10
 7.73800000e+02  7.25013657e+16  2.61252580e+16  3.90365688e+10  2.11707923e+10  7.00594284e+11  1.04323764e+10
 7.74750000e+02  6.93670139e+16  2.74757327e+16  3.73489546e+10  2.22651593e+10  7.00594284e+11  1.04323764e+10
 7.74750000e+02  6.93670139e+16  0.00000000e+00  3.73489546e+10  0.00000000e+00  7.00594284e+11  1.04323764e+10
 7.74775000e+02  6.92863871e+16  8.05563123e+13  3.73055430e+10  6.52793920e+07  7.00594284e+11  1.04323764e+10
 7.74800000e+02  6.92058539e+16  1.60878112e+14  3.72621819e+10  1.30368745e+08  7.00594284e+11  1.04323764e+10
 7.74825000e+02  6.91254144e+16  2.40965918e+14  3.72188713e+10  1.95268480e+08  7.00594284e+11  1.04323764e+10
 7.74850000e+02  6.90450684e+16  3.20820249e+14  3.71756109e+10  2.59979016e+08  7.00594284e+11  1.04323764e+10
 7.74875000e+02  6.89648157e+16  4.00441620e+14  3.71324009e+10  3.24500772e+08  7.00594284e+11  1.04323764e+10
 7.74900000e+02  6.88846564e+16  4.79830549e+14  3.70892410e+10  3.88834166e+08  7.00594284e+11  1.04323764e+10
 7.74925000e+02  6.88045902e+16  5.58987549e+14  3.70461314e+10  4.52979615e+08  7.00594284e+11  1.04323764e+10
 7.74950000e+02  6.87246171e+16  6.37913135e+14  3.70030718e+10  5.16937537e+08  7.00594284e+11  1.04323764e+10
 7.74975000e+02  6.86447369e+16  7.16607820e+14  3.69600623e+10  5.80708345e+08  7.00594284e+11  1.04323764e+10
 7.75000000e+02  6.85649496e+16  7.95072115e+14  3.69171028e+10  6.44292456e+08  7.00594284e+11  1.04323764e+10
 7.75000000e+02  6.85649496e+16  7.95072115e+14  3.69171028e+10  6.44292456e+08  7.00594284e+11  1.04323764e+10
 7.76500000e+02  7.39851098e+16  5.44234134e+15  3.98354541e+10  4.41024078e+09  7.00594284e+11  1.04323764e+10
 7.78000000e+02  7.90399461e+16  9.97288146e+15  4.25571058e+10  8.08159683e+09  7.00594284e+11  1.04323764e+10
 7.79500000e+02  8.37540815e+16  1.43749698e+16  4.50953156e+10  1.16488611e+10  7.00594284e+11  1.04323764e+10
 7.81000000e+02  8.81504798e+16  1.86396270e+16  4.74624476e+10  1.51047569e+10  7.00594284e+11  1.04323764e+10
 7.82500000e+02  9.22505566e+16  2.27602370e+16  4.96700326e+10  1.84439232e+10  7.00594284e+11  1.04323764e+10
 7.84000000e+02  9.60742843e+16  2.67322130e+16  5.17288243e+10  2.16626427e+10  7.00594284e+11  1.04323764e+10
 7.85500000e+02  9.96402892e+16  3.05527025e+16  5.36488515e+10  2.47586041e+10  7.00594284e+11  1.04323764e+10
 7.87000000e+02  1.02965942e+17  3.42203283e+16  5.54394670e+10  2.77306913e+10  7.00594284e+11  1.04323764e+10
 7.88500000e+02  1.06067442e+17  3.77349614e+16  5.71093934e+10  3.05787997e+10  7.00594284e+11  1.04323764e+10
 7.90000000e+02  1.08959899e+17  4.10975213e+16  5.86667651e+10  3.33036745e+10  7.00594284e+11  1.04323764e+10
 7.90000000e+02  1.08959899e+17  4.10975213e+16  5.86667651e+10  3.33036745e+10  7.00594284e+11  1.04219440e+10
 7.90025000e+02  1.08833252e+17  4.11521841e+16  5.85985754e+10  3.33479709e+10  7.00594284e+11  1.04219440e+10
 7.90050000e+02  1.08706753e+17  4.12066041e+16  5.85304649e+10  3.33920706e+10  7.00594284e+11  1.04219440e+10
 7.90075000e+02  1.08580401e+17  4.12607821e+16  5.84624336e+10  3.34359741e+10  7.00594284e+11  1.04219440e+10
 7.90100000e+02  1.08454195e+17  4.13147186e+16  5.83944814e+10  3.34796819e+10  7.00594284e+11  1.04219440e+10
 7.90125000e+02  1.08328136e+17  4.13684143e+16  5.83266082e+10  3.35231946e+10  7.00594284e+11  1.04219440e+10
 7.90150000e+02  1.08202224e+17  4.14218696e+16  5.82588139e+10  3.35665125e+10  7.00594284e+11  1.04219440e+10
 7.90175000e+02  1.08076458e+17  4.14750852e+16  5.81910983e+10  3.36096361e+10  7.00594284e+11  1.04219440e+10
 7.90200000e+02  1.07950839e+17  4.15280617e+16  5.81234615e+10  3.36525660e+10  7.00594284e+11  1.04219440e+10
 7.90225000e+02  1.07825365e+17  4.15807997e+16  5.80559033e+10  3.36953026e+10  7.00594284e+11  1.04219440e+10
 7.90250000e+02  1.07700037e+17  4.16332997e+16  5.79884236e+10  3.37378464e+10  7.00594284e+11  1.04219440e+10
 7.90250000e+02  1.07700037e+17  0.00000000e+00  5.79884236e+10  0.00000000e+00  7.22814935e+11  1.04115221e+10
 7.91200000e+02  1.03043990e+17  4.50347455e+15  5.54814899e+10  3.64942327e+09  7.22814935e+11  1.04115221e+10
 7.92150000e+02  9.85892306e+16  8.52245666e+15  5.30829350e+10  6.90623457e+09  7.22814935e+11  1.04115221e+10
 7.93100000e+02  9.43270581e+16  1.20965404e+16  5.07880735e+10  9.80251928e+09  7.22814935e+11  1.04115221e+10
 7.94050000e+02  9.02491462e+16  1.52624082e+16  4.85924227e+10  1.23680032e+10  7.22814935e+11  1.04115221e+10
 7.95000000e+02  8.63475291e+16  1.80540336e+16  4.64916933e+10  1.46302171e+10  7.22814935e+11  1.04115221e+10
 7.95950000e+02  8.26145852e+16  2.05028711e+16  4.44817819e+10  1.66146503e+10  7.22814935e+11  1.04115221e+10
 7.96900000e+02  7.90430226e+16  2.26380322e+16  4.25587623e+10  1.83448936e+10  7.22814935e+11  1.04115221e+10
 7.97850000e+02  7.56258644e+16  2.44864502e+16  4.07188779e+10  1.98427725e+10  7.22814935e+11  1.04115221e+10
 7.98800000e+02  7.23564355e+16  2.60730336e+16  3.89585347e+10  2.11284719e+10  7.22814935e+11  1.04115221e+10
 7.99750000e+02  6.92283493e+16  2.74208088e+16  3.72742940e+10  2.22206513e+10  7.22814935e+11  1.04115221e+10
 7.99750000e+02  6.92283493e+16  0.00000000e+00  3.72742940e+10  0.00000000e+00  7.22814935e+11  1.04115221e+10
 7.99775000e+02  6.91478836e+16  8.03952802e+13  3.72309692e+10  6.51488985e+07  7.22814935e+11  1.04115221e+10
 7.99800000e+02  6.90675114e+16  1.60556517e+14  3.71876948e+10  1.30108138e+08  7.22814935e+11  1.04115221e+10
 7.99825000e+02  6.89872327e+16  2.40484227e+14  3.71444707e+10  1.94878138e+08  7.22814935e+11  1.04115221e+10
 7.99850000e+02  6.89070473e+16  3.20178929e+14  3.71012969e+10  2.59459317e+08  7.22814935e+11  1.04115221e+10
 7.99875000e+02  6.88269551e+16  3.99641137e+14  3.70581732e+10  3.23852095e+08  7.22814935e+11  1.04115221e+10
 7.99900000e+02  6.87469560e+16  4.78871367e+14  3.70150997e+10  3.88056886e+08  7.22814935e+11  1.04115221e+10
 7.99925000e+02  6.86670498e+16  5.57870133e+14  3.69720762e+10  4.52074109e+08  7.22814935e+11  1.04115221e+10
 7.99950000e+02  6.85872365e+16  6.36637947e+14  3.69291027e+10  5.15904178e+08  7.22814935e+11  1.04115221e+10
 7.99975000e+02  6.85075161e+16  7.15175321e+14  3.68861792e+10  5.79547509e+08  7.22814935e+11  1.04115221e+10
 8.00000000e+02  6.84278882e+16  7.93482766e+14  3.68433055e+10  6.43004515e+08  7.22814935e+11  1.04115221e+10
 8.00000000e+02  6.84278882e+16  7.93482766e+14  3.68433055e+10  6.43004515e+08  7.22814935e+11  1.04115221e+10
 8.01500000e+02  7.38372136e+16  5.43146210e+15  3.97558231e+10  4.40142471e+09  7.22814935e+11  1.04115221e+10
 8.03000000e+02  7.88819452e+16  9.95294567e+15  4.24720342e+10  8.06544172e+09  7.22814935e+11  1.04115221e+10
 8.04500000e+02  8.35866571e+16  1.43462343e+16  4.50051701e+10  1.16255750e+10  7.22814935e+11  1.04115221e+10
 8.06000000e+02  8.79742670e+16  1.86023664e+16  4.73675702e+10  1.50745625e+10  7.22814935e+11  1.04115221e+10
 8.07500000e+02  9.20661477e+16  2.27147393e+16  4.95707422e+10  1.84070538e+10  7.22814935e+11  1.04115221e+10
 8.09000000e+02  9.58822318e+16  2.66787753e+16  5.16254184e+10  2.16193391e+10  7.22814935e+11  1.04115221e+10
 8.10500000e+02  9.94411082e+16  3.04916277e+16  5.35416075e+10  2.47091116e+10  7.22814935e+11  1.04115221e+10
 8.12000000e+02  1.02760113e+17  3.41519219e+16  5.53286436e+10  2.76752576e+10  7.22814935e+11  1.04115221e+10
 8.13500000e+02  1.05855414e+17  3.76595292e+16  5.69952317e+10  3.05176726e+10  7.22814935e+11  1.04115221e+10
 8.15000000e+02  1.08742088e+17  4.10153674e+16  5.85494902e+10  3.32371005e+10  7.22814935e+11  1.04115221e+10
 8.15000000e+02  1.08742088e+17  4.10153674e+16  5.85494902e+10  3.32371005e+10  7.22814935e+11  1.04011106e+10
 8.15025000e+02  1.08615695e+17  4.10699209e+16  5.84814368e+10  3.32813083e+10  7.22814935e+11  1.04011106e+10
 8.15050000e+02  1.08489448e+17  4.11242321e+16  5.84134625e+10  3.33253198e+10  7.22814935e+11  1.04011106e+10
 8.15075000e+02  1.08363348e+17  4.11783018e+16  5.83455672e+10  3.33691356e+10  7.22814935e+11  1.04011106e+10
 8.15100000e+02  1.08237395e+17  4.12321305e+16  5.82777509e+10  3.34127561e+10  7.22814935e+11  1.04011106e+10
 8.15125000e+02  1.08111588e+17  4.12857188e+16  5.82100133e+10  3.34561817e+10  7.22814935e+11  1.04011106e+10
 8.15150000e+02  1.07985928e+17  4.13390673e+16  5.81423545e+10  3.34994130e+10  7.22814935e+11  1.04011106e+10
 8.15175000e+02  1.07860413e+17  4.13921765e+16  5.80747743e+10  3.35424505e+10  7.22814935e+11  1.04011106e+10
 8.15200000e+02  1.07735045e+17  4.14450471e+16  5.80072727e+10  3.35852946e+10  7.22814935e+11  1.04011106e+10
 8.15225000e+02  1.07609822e+17  4.14976797e+16  5.79398495e+10  3.36279457e+10  7.22814935e+11  1.04011106e+10
 8.15250000e+02  1.07484745e+17  4.15500747e+16  5.78725047e+10  3.36704044e+10  7.22814935e+11  1.04011106e+10
 8.15250000e+02  1.07484745e+17  0.00000000e+00  5.78725047e+10  0.00000000e+00  7.44991167e+11  1.03907095e+10
 8.16200000e+02  1.02838005e+17  4.49447211e+15  5.53705824e+10  3.64212808e+09  7.44991167e+11  1.03907095e+10
 8.17150000e+02  9.83921507e+16  8.50542027e+15  5.29768222e+10  6.89242901e+09  7.44991167e+11  1.03907095e+10
 8.18100000e+02  9.41384983e+16  1.20723594e+16  5.06865482e+10  9.78292404e+09  7.44991167e+11  1.03907095e+10
 8.19050000e+02  9.00687382e+16  1.52318986e+16  4.84952864e+10  1.23432795e+10  7.44991167e+11  1.03907095e+10
 8.20000000e+02  8.61749204e+16  1.80179436e+16  4.63987564e+10  1.46009713e+10  7.44991167e+11  1.03907095e+10
 8.20950000e+02  8.24494386e+16  2.04618858e+16  4.43928629e+10  1.65814376e+10  7.44991167e+11  1.03907095e+10
 8.21900000e+02  7.88850156e+16  2.25927787e+16  4.24736873e+10  1.83082221e+10  7.44991167e+11  1.03907095e+10
 8.22850000e+02  7.54746883e+16  2.44375018e+16  4.06374809e+10  1.98031068e+10  7.44991167e+11  1.03907095e+10
 8.23800000e+02  7.22117949e+16  2.60209136e+16  3.88806566e+10  2.10862361e+10  7.44991167e+11  1.03907095e+10
 8.24750000e+02  6.90899618e+16  2.73659946e+16  3.71997827e+10  2.21762322e+10  7.44991167e+11  1.03907095e+10
 8.24750000e+02  6.90899618e+16  0.00000000e+00  3.71997827e+10  0.00000000e+00  7.44991167e+11  1.03907095e+10
 8.24775000e+02  6.90096570e+16  8.02345701e+13  3.71565445e+10  6.50186659e+07  7.44991167e+11  1.03907095e+10
 8.24800000e+02  6.89294455e+16  1.60235564e+14  3.71133566e+10  1.29848052e+08  7.44991167e+11  1.03907095e+10
 8.24825000e+02  6.88493272e+16  2.40003499e+14  3.70702189e+10  1.94488577e+08  7.44991167e+11  1.03907095e+10
 8.24850000e+02  6.87693021e+16  3.19538891e+14  3.70271314e+10  2.58940658e+08  7.44991167e+11  1.03907095e+10
 8.24875000e+02  6.86893700e+16  3.98842255e+14  3.69840939e+10  3.23204714e+08  7.44991167e+11  1.03907095e+10
 8.24900000e+02  6.86095308e+16  4.77914104e+14  3.69411065e+10  3.87281161e+08  7.44991167e+11  1.03907095e+10
 8.24925000e+02  6.85297844e+16  5.56754951e+14  3.68981690e+10  4.51170413e+08  7.44991167e+11  1.03907095e+10
 8.24950000e+02  6.84501307e+16  6.35365308e+14  3.68552814e+10  5.14872886e+08  7.44991167e+11  1.03907095e+10
 8.24975000e+02  6.83705695e+16  7.13745686e+14  3.68124437e+10  5.78388994e+08  7.44991167e+11  1.03907095e+10
 8.25000000e+02  6.82911009e+16  7.91896594e+14  3.67696557e+10  6.41719149e+08  7.44991167e+11  1.03907095e+10
 8.25000000e+02  6.82911009e+16  7.91896594e+14  3.67696557e+10  6.41719149e+08  7.44991167e+11  1.03907095e+10
 8.26500000e+02  7.36896130e+16  5.42060460e+15  3.96763512e+10  4.39262626e+09  7.44991167e+11  1.03907095e+10
 8.28000000e+02  7.87242602e+16  9.93304973e+15  4.23871326e+10  8.04931890e+09  7.44991167e+11  1.03907095e+10
 8.29500000e+02  8.34195674e+16  1.43175561e+16  4.49152047e+10  1.16023355e+10  7.44991167e+11  1.03907095e+10
 8.31000000e+02  8.77984064e+16  1.85651802e+16  4.72728824e+10  1.50444285e+10  7.44991167e+11  1.03907095e+10
 8.32500000e+02  9.18821075e+16  2.26693325e+16  4.94716503e+10  1.83702581e+10  7.44991167e+11  1.03907095e+10
 8.34000000e+02  9.56905633e+16  2.66254445e+16  5.15222192e+10  2.15761221e+10  7.44991167e+11  1.03907095e+10
 8.35500000e+02  9.92423254e+16  3.04306749e+16  5.34345778e+10  2.46597181e+10  7.44991167e+11  1.03907095e+10
 8.37000000e+02  1.02554695e+17  3.40836522e+16  5.52180416e+10  2.76199348e+10  7.44991167e+11  1.03907095e+10
 8.38500000e+02  1.05643809e+17  3.75842478e+16  5.68812982e+10  3.04566678e+10  7.44991167e+11  1.03907095e+10
 8.40000000e+02  1.08524713e+17  4.09333777e+16  5.84324498e+10  3.31706595e+10  7.44991167e+11  1.03907095e+10
 8.40000000e+02  1.08524713e+17  4.09333777e+16  5.84324498e+10  3.31706595e+10  7.44991167e+11  1.03803188e+10
 8.40025000e+02  1.08398572e+17  4.09878221e+16  5.83645324e+10  3.32147789e+10  7.44991167e+11  1.03803188e+10
 8.40050000e+02  1.08272578e+17  4.10420248e+16  5.82966940e+10  3.32587025e+10  7.44991167e+11  1.03803188e+10
 8.40075000e+02  1.08146730e+17  4.10959864e+16  5.82289344e+10  3.33024307e+10  7.44991167e+11  1.03803188e+10
 8.40100000e+02  1.08021029e+17  4.11497075e+16  5.81612536e+10  3.33459640e+10  7.44991167e+11  1.03803188e+10
 8.40125000e+02  1.07895473e+17  4.12031887e+16  5.80936515e+10  3.33893028e+10  7.44991167e+11  1.03803188e+10
 8.40150000e+02  1.07770064e+17  4.12564305e+16  5.80261279e+10  3.34324477e+10  7.44991167e+11  1.03803188e+10
 8.40175000e+02  1.07644800e+17  4.13094336e+16  5.79586828e+10  3.34753991e+10  7.44991167e+11  1.03803188e+10
 8.40200000e+02  1.07519682e+17  4.13621985e+16  5.78913162e+10  3.35181576e+10  7.44991167e+11  1.03803188e+10
 8.40225000e+02  1.07394710e+17  4.14147258e+16  5.78240278e+10  3.35607235e+10  7.44991167e+11  1.03803188e+10
 8.40250000e+02  1.07269883e+17  4.14670161e+16  5.77568176e+10  3.36030973e+10  7.44991167e+11  1.03803188e+10
 8.40250000e+02  1.07269883e+17  0.00000000e+00  5.77568176e+10  0.00000000e+00  7.67123069e+11  1.03699384e+10
 8.41200000e+02  1.02632431e+17  4.48548766e+15  5.52598966e+10  3.63484746e+09  7.67123069e+11  1.03699384e+10
 8.42150000e+02  9.81954648e+16  8.48841793e+15  5.28709216e+10  6.87865105e+09  7.67123069e+11  1.03699384e+10
 8.43100000e+02  9.39503154e+16  1.20482268e+16  5.05852258e+10  9.76336798e+09  7.67123069e+11  1.03699384e+10
 8.44050000e+02  8.98886907e+16  1.52014501e+16  4.83983443e+10  1.23186053e+10  7.67123069e+11  1.03699384e+10
 8.45000000e+02  8.60026567e+16  1.79819257e+16  4.63060053e+10  1.45717840e+10  7.67123069e+11  1.03699384e+10
 8.45950000e+02  8.22846222e+16  2.04209825e+16  4.43041215e+10  1.65482913e+10  7.67123069e+11  1.03699384e+10
 8.46900000e+02  7.87273244e+16  2.25476158e+16  4.23887824e+10  1.82716240e+10  7.67123069e+11  1.03699384e+10
 8.47850000e+02  7.53238144e+16  2.43886512e+16  4.05562465e+10  1.97635204e+10  7.67123069e+11  1.03699384e+10
 8.48800000e+02  7.20674436e+16  2.59688978e+16  3.88029342e+10  2.10440847e+10  7.67123069e+11  1.03699384e+10
 8.49750000e+02  6.89518510e+16  2.73112899e+16  3.71254203e+10  2.21319019e+10  7.67123069e+11  1.03699384e+10
 8.49750000e+02  6.89518510e+16  0.00000000e+00  3.71254203e+10  0.00000000e+00  7.67123069e+11  1.03699384e+10
 8.49775000e+02  6.88717067e+16  8.00741812e+13  3.70822686e+10  6.48886935e+07  7.67123069e+11  1.03699384e+10
 8.49800000e+02  6.87916555e+16  1.59915253e+14  3.70391670e+10  1.29588485e+08  7.67123069e+11  1.03699384e+10
 8.49825000e+02  6.87116974e+16  2.39523732e+14  3.69961156e+10  1.94099794e+08  7.67123069e+11  1.03699384e+10
 8.49850000e+02  6.86318323e+16  3.18900133e+14  3.69531142e+10  2.58423036e+08  7.67123069e+11  1.03699384e+10
 8.49875000e+02  6.85520599e+16  3.98044969e+14  3.69101627e+10  3.22558628e+08  7.67123069e+11  1.03699384e+10
 8.49900000e+02  6.84723803e+16  4.76958753e+14  3.68672612e+10  3.86506985e+08  7.67123069e+11  1.03699384e+10
 8.49925000e+02  6.83927933e+16  5.55641998e+14  3.68244095e+10  4.50268523e+08  7.67123069e+11  1.03699384e+10
 8.49950000e+02  6.83132989e+16  6.34095213e+14  3.67816077e+10  5.13843655e+08  7.67123069e+11  1.03699384e+10
 8.49975000e+02  6.82338968e+16  7.12318908e+14  3.67388556e+10  5.77232794e+08  7.67123069e+11  1.03699384e+10
 8.50000000e+02  6.81545870e+16  7.90313593e+14  3.66961532e+10  6.40436352e+08  7.67123069e+11  1.03699384e+10
 8.50000000e+02  6.81545870e+16  7.90313593e+14  3.66961532e+10  6.40436352e+08  7.67123069e+11  1.03699384e+10
 8.51500000e+02  7.35423074e+16  5.40976881e+15  3.95970382e+10  4.38384540e+09  7.67123069e+11  1.03699384e+10
 8.53000000e+02  7.85668904e+16  9.91319356e+15  4.23024007e+10  8.03322831e+09  7.67123069e+11  1.03699384e+10
 8.54500000e+02  8.32528117e+16  1.42889353e+16  4.48254192e+10  1.15791424e+10  7.67123069e+11  1.03699384e+10
 8.56000000e+02  8.76228974e+16  1.85280684e+16  4.71783839e+10  1.50143547e+10  7.67123069e+11  1.03699384e+10
 8.57500000e+02  9.16984352e+16  2.26240165e+16  4.93727565e+10  1.83335359e+10  7.67123069e+11  1.03699384e+10
 8.59000000e+02  9.54992778e+16  2.65722202e+16  5.14192263e+10  2.15329914e+10  7.67123069e+11  1.03699384e+10
 8.60500000e+02  9.90439400e+16  3.03698440e+16  5.33277621e+10  2.46104234e+10  7.67123069e+11  1.03699384e+10
 8.62000000e+02  1.02349689e+17  3.40155190e+16  5.51076607e+10  2.75647225e+10  7.67123069e+11  1.03699384e+10
 8.63500000e+02  1.05432627e+17  3.75091169e+16  5.67675925e+10  3.03957849e+10  7.67123069e+11  1.03699384e+10
 8.65000000e+02  1.08307772e+17  4.08515518e+16  5.83156433e+10  3.31043514e+10  7.67123069e+11  1.03699384e+10
 8.65000000e+02  1.08307772e+17  4.08515518e+16  5.83156433e+10  3.31043514e+10  7.67123069e+11  1.03595685e+10
 8.65025000e+02  1.08181883e+17  4.09058874e+16  5.82478617e+10  3.31483826e+10  7.67123069e+11  1.03595685e+10
 8.65050000e+02  1.08056141e+17  4.09599818e+16  5.81801589e+10  3.31922184e+10  7.67123069e+11  1.03595685e+10
 8.65075000e+02  1.07930545e+17  4.10138355e+16  5.81125348e+10  3.32358591e+10  7.67123069e+11  1.03595685e+10
 8.65100000e+02  1.07805095e+17  4.10674492e+16  5.80449893e+10  3.32793054e+10  7.67123069e+11  1.03595685e+10
 8.65125000e+02  1.07679790e+17  4.11208235e+16  5.79775223e+10  3.33225576e+10  7.67123069e+11  1.03595685e+10
 8.65150000e+02  1.07554632e+17  4.11739589e+16  5.79101337e+10  3.33656162e+10  7.67123069e+11  1.03595685e+10
 8.65175000e+02  1.07429619e+17  4.12268560e+16  5.78428234e+10  3.34084818e+10  7.67123069e+11  1.03595685e+10
 8.65200000e+02  1.07304751e+17  4.12795154e+16  5.77755914e+10  3.34511548e+10  7.67123069e+11  1.03595685e+10
 8.65225000e+02  1.07180028e+17  4.13319378e+16  5.77084375e+10  3.34936356e+10  7.67123069e+11  1.03595685e+10
 8.65250000e+02  1.07055450e+17  4.13841236e+16  5.76413617e+10  3.35359247e+10  7.67123069e+11  1.03595685e+10
 8.65250000e+02  1.07055450e+17  0.00000000e+00  5.76413617e+10  0.00000000e+00  7.89210729e+11  1.03492089e+10
 8.66200000e+02  1.02427269e+17  4.47652117e+15  5.51494321e+10  3.62758140e+09  7.89210729e+11  1.03492089e+10
 8.67150000e+02  9.79991721e+16  8.47144959e+15  5.27652326e+10  6.86490062e+09  7.89210729e+11  1.03492089e+10
 8.68100000e+02  9.37625087e+16  1.20241424e+16  5.04841059e+10  9.74385100e+09  7.89210729e+11  1.03492089e+10
 8.69050000e+02  8.97090033e+16  1.51710624e+16  4.83015960e+10  1.22939804e+10  7.89210729e+11  1.03492089e+10
 8.70000000e+02  8.58307374e+16  1.79459799e+16  4.62134396e+10  1.45426550e+10  7.89210729e+11  1.03492089e+10
 8.70950000e+02  8.21201353e+16  2.03801610e+16  4.42155576e+10  1.65152113e+10  7.89210729e+11  1.03492089e+10
 8.71900000e+02  7.85699485e+16  2.25025431e+16  4.23040473e+10  1.82350990e+10  7.89210729e+11  1.03492089e+10
 8.72850000e+02  7.51732420e+16  2.43398983e+16  4.04751746e+10  1.97240131e+10  7.89210729e+11  1.03492089e+10
 8.73800000e+02  7.19233807e+16  2.59169860e+16  3.87253671e+10  2.10020176e+10  7.89210729e+11  1.03492089e+10
 8.74750000e+02  6.88140162e+16  2.72566947e+16  3.70512066e+10  2.20876602e+10  7.89210729e+11  1.03492089e+10
 8.74750000e+02  6.88140162e+16  0.00000000e+00  3.70512066e+10  0.00000000e+00  7.89210729e+11  1.03492089e+10
 8.74775000e+02  6.87340321e+16  7.99141129e+13  3.70081411e+10  6.47589810e+07  7.89210729e+11  1.03492089e+10
 8.74800000e+02  6.86541410e+16  1.59595583e+14  3.69651257e+10  1.29329438e+08  7.89210729e+11  1.03492089e+10
 8.74825000e+02  6.85743428e+16  2.39044924e+14  3.69221603e+10  1.93711788e+08  7.89210729e+11  1.03492089e+10
 8.74850000e+02  6.84946372e+16  3.18262652e+14  3.68792449e+10  2.57906448e+08  7.89210729e+11  1.03492089e+10
 8.74875000e+02  6.84150244e+16  3.97249277e+14  3.68363793e+10  3.21913833e+08  7.89210729e+11  1.03492089e+10
 8.74900000e+02  6.83355040e+16  4.76005313e+14  3.67935635e+10  3.85734358e+08  7.89210729e+11  1.03492089e+10
 8.74925000e+02  6.82560761e+16  5.54531269e+14  3.67507976e+10  4.49368436e+08  7.89210729e+11  1.03492089e+10
 8.74950000e+02  6.81767406e+16  6.32827656e+14  3.67080813e+10  5.12816482e+08  7.89210729e+11  1.03492089e+10
 8.74975000e+02  6.80974972e+16  7.10894983e+14  3.66654146e+10  5.76078906e+08  7.89210729e+11  1.03492089e+10
 8.75000000e+02  6.80183459e+16  7.88733756e+14  3.66227976e+10  6.39156120e+08  7.89210729e+11  1.03492089e+10
 8.75000000e+02  6.80183459e+16  7.88733756e+14  3.66227976e+10  6.39156120e+08  7.89210729e+11  1.03492089e+10
 8.76500000e+02  7.33952964e+16  5.39895469e+15  3.95178837e+10  4.37508209e+09  7.89210729e+11  1.03492089e+10
 8.78000000e+02  7.84098352e+16  9.89337709e+15  4.22178382e+10  8.01716989e+09  7.89210729e+11  1.03492089e+10
 8.79500000e+02  8.30863893e+16  1.42603718e+16  4.47358132e+10  1.15559957e+10  7.89210729e+11  1.03492089e+10
 8.81000000e+02  8.74477392e+16  1.84910308e+16  4.70840743e+10  1.49843410e+10  7.89210729e+11  1.03492089e+10
 8.82500000e+02  9.15151300e+16  2.25787911e+16  4.92740604e+10  1.82968872e+10  7.89210729e+11  1.03492089e+10
 8.84000000e+02  9.53083748e+16  2.65191023e+16  5.13164393e+10  2.14899469e+10  7.89210729e+11  1.03492089e+10
 8.85500000e+02  9.88459512e+16  3.03091347e+16  5.32211599e+10  2.45612271e+10  7.89210729e+11  1.03492089e+10
 8.87000000e+02  1.02145092e+17  3.39475219e+16  5.49975005e+10  2.75096206e+10  7.89210729e+11  1.03492089e+10
 8.88500000e+02  1.05221867e+17  3.74341361e+16  5.66541141e+10  3.03350238e+10  7.89210729e+11  1.03492089e+10
 8.90000000e+02  1.08091264e+17  4.07698896e+16  5.81990703e+10  3.30381758e+10  7.89210729e+11  1.03492089e+10
 8.90000000e+02  1.08091264e+17  4.07698896e+16  5.81990703e+10  3.30381758e+10  7.89210729e+11  1.03388597e+10
 8.90025000e+02  1.07965628e+17  4.08241166e+16  5.81314242e+10  3.30821190e+10  7.89210729e+11  1.03388597e+10
 8.90050000e+02  1.07840137e+17  4.08781028e+16  5.80638568e+10  3.31258671e+10  7.89210729e+11  1.03388597e+10
 8.90075000e+02  1.07714792e+17  4.09318489e+16  5.79963678e+10  3.31694206e+10  7.89210729e+11  1.03388597e+10
 8.90100000e+02  1.07589592e+17  4.09853554e+16  5.79289574e+10  3.32127800e+10  7.89210729e+11  1.03388597e+10
 8.90125000e+02  1.07464538e+17  4.10386230e+16  5.78616252e+10  3.32559458e+10  7.89210729e+11  1.03388597e+10
 8.90150000e+02  1.07339630e+17  4.10916521e+16  5.77943713e+10  3.32989184e+10  7.89210729e+11  1.03388597e+10
 8.90175000e+02  1.07214867e+17  4.11444435e+16  5.77271956e+10  3.33416982e+10  7.89210729e+11  1.03388597e+10
 8.90200000e+02  1.07090248e+17  4.11969977e+16  5.76600980e+10  3.33842859e+10  7.89210729e+11  1.03388597e+10
 8.90225000e+02  1.06965775e+17  4.12493152e+16  5.75930784e+10  3.34266818e+10  7.89210729e+11  1.03388597e+10
 8.90250000e+02  1.06841446e+17  4.13013967e+16  5.75261366e+10  3.34688864e+10  7.89210729e+11  1.03388597e+10
 8.90250000e+02  1.06841446e+17  0.00000000e+00  5.75261366e+10  0.00000000e+00  8.11254236e+11  1.03285209e+10
 8.91200000e+02  1.02222517e+17  4.46757260e+15  5.50391884e+10  3.62032987e+09  8.11254236e+11  1.03285209e+10
 8.92150000e+02  9.78032717e+16  8.45451516e+15  5.26597549e+10  6.85117769e+09  8.11254236e+11  1.03285209e+10
 8.93100000e+02  9.35750775e+16  1.20001061e+16  5.03831882e+10  9.72437304e+09  8.11254236e+11  1.03285209e+10
 8.94050000e+02  8.95296750e+16  1.51407354e+16  4.82050411e+10  1.22694048e+10  8.11254236e+11  1.03285209e+10
 8.95000000e+02  8.56591618e+16  1.79101058e+16  4.61210590e+10  1.45135842e+10  8.11254236e+11  1.03285209e+10
 8.95950000e+02  8.19559771e+16  2.03394211e+16  4.41271707e+10  1.64821974e+10  8.11254236e+11  1.03285209e+10
 8.96900000e+02  7.84128872e+16  2.24575605e+16  4.22194815e+10  1.81986471e+10  8.11254236e+11  1.03285209e+10
 8.97850000e+02  7.50229707e+16  2.42912428e+16  4.03942647e+10  1.96845848e+10  8.11254236e+11  1.03285209e+10
 8.98800000e+02  7.17796059e+16  2.58651779e+16  3.86479551e+10  2.09600345e+10  8.11254236e+11  1.03285209e+10
 8.99750000e+02  6.86764570e+16  2.72022085e+16  3.69771412e+10  2.20435070e+10  8.11254236e+11  1.03285209e+10
 8.99750000e+02  6.86764570e+16  0.00000000e+00  3.69771412e+10  0.00000000e+00  8.11254236e+11  1.03285209e+10
 8.99775000e+02  6.85966328e+16  7.97543646e+13  3.69341619e+10  6.46295278e+07  8.11254236e+11  1.03285209e+10
 8.99800000e+02  6.85169014e+16  1.59276551e+14  3.68912325e+10  1.29070909e+08  8.11254236e+11  1.03285209e+10
 8.99825000e+02  6.84372626e+16  2.38567074e+14  3.68483529e+10  1.93324559e+08  8.11254236e+11  1.03285209e+10
 8.99850000e+02  6.83577165e+16  3.17626445e+14  3.68055233e+10  2.57390893e+08  8.11254236e+11  1.03285209e+10
 8.99875000e+02  6.82782627e+16  3.96455176e+14  3.67627434e+10  3.21270327e+08  8.11254236e+11  1.03285209e+10
 8.99900000e+02  6.81989014e+16  4.75053778e+14  3.67200132e+10  3.84963275e+08  8.11254236e+11  1.03285209e+10
 8.99925000e+02  6.81196322e+16  5.53422761e+14  3.66773327e+10  4.48470149e+08  8.11254236e+11  1.03285209e+10
 8.99950000e+02  6.80404553e+16  6.31562634e+14  3.66347018e+10  5.11791361e+08  8.11254236e+11  1.03285209e+10
 8.99975000e+02  6.79613703e+16  7.09473903e+14  3.65921205e+10  5.74927324e+08  8.11254236e+11  1.03285209e+10
 9.00000000e+02  6.78823773e+16  7.87157077e+14  3.65495886e+10  6.37878447e+08  8.11254236e+11  1.03285209e+10
 9.00000000e+02  6.78823773e+16  7.87157077e+14  3.65495886e+10  6.37878447e+08  8.11254236e+11  1.03285209e+10
 9.01500000e+02  7.32485792e+16  5.38816218e+15  3.94388874e+10  4.36633630e+09  8.11254236e+11  1.03285209e+10
 9.03000000e+02  7.82530939e+16  9.87360023e+15  4.21334447e+10  8.00114356e+09  8.11254236e+11  1.03285209e+10
 9.04500000e+02  8.29202996e+16  1.42318653e+16  4.46463863e+10  1.15328953e+10  8.11254236e+11  1.03285209e+10
 9.06000000e+02  8.72729312e+16  1.84540673e+16  4.69899532e+10  1.49543873e+10  8.11254236e+11  1.03285209e+10
 9.07500000e+02  9.13321913e+16  2.25336561e+16  4.91755615e+10  1.82603117e+10  8.11254236e+11  1.03285209e+10
 9.09000000e+02  9.51178533e+16  2.64660907e+16  5.12138577e+10  2.14469885e+10  8.11254236e+11  1.03285209e+10
 9.10500000e+02  9.86483581e+16  3.02485467e+16  5.31147708e+10  2.45121292e+10  8.11254236e+11  1.03285209e+10
 9.12000000e+02  1.01940904e+17  3.38796608e+16  5.48875605e+10  2.74546289e+10  8.11254236e+11  1.03285209e+10
 9.13500000e+02  1.05011528e+17  3.73593053e+16  5.65408625e+10  3.02743840e+10  8.11254236e+11  1.03285209e+10
 9.15000000e+02  1.07875190e+17  4.06883906e+16  5.80827304e+10  3.29721325e+10  8.11254236e+11  1.03285209e+10
 9.15000000e+02  1.07875190e+17  4.06883906e+16  5.80827304e+10  3.29721325e+10  8.11254236e+11  1.03181923e+10
 9.15025000e+02  1.07749804e+17  4.07425092e+16  5.80152195e+10  3.30159878e+10  8.11254236e+11  1.03181923e+10
 9.15050000e+02  1.07624564e+17  4.07963875e+16  5.79477871e+10  3.30596485e+10  8.11254236e+11  1.03181923e+10
 9.15075000e+02  1.07499470e+17  4.08500261e+16  5.78804331e+10  3.31031150e+10  8.11254236e+11  1.03181923e+10
 9.15100000e+02  1.07374521e+17  4.09034257e+16  5.78131574e+10  3.31463877e+10  8.11254236e+11  1.03181923e+10
 9.15125000e+02  1.07249717e+17  4.09565867e+16  5.77459598e+10  3.31894672e+10  8.11254236e+11  1.03181923e+10
 9.15150000e+02  1.07125058e+17  4.10095099e+16  5.76788404e+10  3.32323538e+10  8.11254236e+11  1.03181923e+10
 9.15175000e+02  1.07000544e+17  4.10621958e+16  5.76117990e+10  3.32750482e+10  8.11254236e+11  1.03181923e+10
 9.15200000e+02  1.06876175e+17  4.11146449e+16  5.75448355e+10  3.33175507e+10  8.11254236e+11  1.03181923e+10
 9.15225000e+02  1.06751950e+17  4.11668578e+16  5.74779498e+10  3.33598619e+10  8.11254236e+11  1.03181923e+10
 9.15250000e+02  1.06627870e+17  4.12188352e+16  5.74111419e+10  3.34019821e+10  8.11254236e+11  1.03181923e+10
 9.15250000e+02  1.06627870e+17  0.00000000e+00  5.74111419e+10  0.00000000e+00  8.33253678e+11  1.03078741e+10
 9.16200000e+02  1.02018174e+17  4.45864193e+15  5.49291650e+10  3.61309283e+09  8.33253678e+11  1.03078741e+10
 9.17150000e+02  9.76077630e+16  8.43761458e+15  5.25544880e+10  6.83748218e+09  8.33253678e+11  1.03078741e+10
 9.18100000e+02  9.33880209e+16  1.19761179e+16  5.02824722e+10  9.70493402e+09  8.33253678e+11  1.03078741e+10
 9.19050000e+02  8.93507051e+16  1.51104691e+16  4.81086793e+10  1.22448782e+10  8.33253678e+11  1.03078741e+10
 9.20000000e+02  8.54879291e+16  1.78743035e+16  4.60288630e+10  1.44845715e+10  8.33253678e+11  1.03078741e+10
 9.20950000e+02  8.17921471e+16  2.02987625e+16  4.40389605e+10  1.64492495e+10  8.33253678e+11  1.03078741e+10
 9.21900000e+02  7.82561398e+16  2.24126679e+16  4.21350847e+10  1.81622680e+10  8.33253678e+11  1.03078741e+10
 9.22850000e+02  7.48729998e+16  2.42426847e+16  4.03135166e+10  1.96452354e+10  8.33253678e+11  1.03078741e+10
 9.23800000e+02  7.16361185e+16  2.58134734e+16  3.85706978e+10  2.09181354e+10  8.33253678e+11  1.03078741e+10
 9.24750000e+02  6.85391728e+16  2.71478313e+16  3.69032239e+10  2.19994420e+10  8.33253678e+11  1.03078741e+10
 9.24750000e+02  6.85391728e+16  0.00000000e+00  3.69032239e+10  0.00000000e+00  8.33253678e+11  1.03078741e+10
 9.24775000e+02  6.84595081e+16  7.95949356e+13  3.68603305e+10  6.45003334e+07  8.33253678e+11  1.03078741e+10
 9.24800000e+02  6.83799361e+16  1.58958157e+14  3.68174869e+10  1.28812896e+08  8.33253678e+11  1.03078741e+10
 9.24825000e+02  6.83004566e+16  2.38090178e+14  3.67746931e+10  1.92938103e+08  8.33253678e+11  1.03078741e+10
 9.24850000e+02  6.82210694e+16  3.16991509e+14  3.67319490e+10  2.56876369e+08  8.33253678e+11  1.03078741e+10
 9.24875000e+02  6.81417745e+16  3.95662662e+14  3.66892547e+10  3.20628108e+08  8.33253678e+11  1.03078741e+10
 9.24900000e+02  6.80625718e+16  4.74104146e+14  3.66466099e+10  3.84193733e+08  8.33253678e+11  1.03078741e+10
 9.24925000e+02  6.79834611e+16  5.52316469e+14  3.66040147e+10  4.47573657e+08  8.33253678e+11  1.03078741e+10
 9.24950000e+02  6.79044424e+16  6.30300140e+14  3.65614690e+10  5.10768291e+08  8.33253678e+11  1.03078741e+10
 9.24975000e+02  6.78255155e+16  7.08055665e+14  3.65189728e+10  5.73778044e+08  8.33253678e+11  1.03078741e+10
 9.25000000e+02  6.77466804e+16  7.85583550e+14  3.64765260e+10  6.36603328e+08  8.33253678e+11  1.03078741e+10
 9.25000000e+02  6.77466804e+16  7.85583550e+14  3.64765260e+10  6.36603328e+08  8.33253678e+11  1.03078741e+10
 9.26500000e+02  7.31021552e+16  5.37739124e+15  3.93600491e+10  4.35760800e+09  8.33253678e+11  1.03078741e+10
 9.28000000e+02  7.80966660e+16  9.85386290e+15  4.20492200e+10  7.98514928e+09  8.33253678e+11  1.03078741e+10
 9.29500000e+02  8.27545419e+16  1.42034158e+16  4.45571382e+10  1.15098410e+10  8.33253678e+11  1.03078741e+10
 9.31000000e+02  8.70984726e+16  1.84171776e+16  4.68960203e+10  1.49244934e+10  8.33253678e+11  1.03078741e+10
 9.32500000e+02  9.11496182e+16  2.24886114e+16  4.90772596e+10  1.82238093e+10  8.33253678e+11  1.03078741e+10
 9.34000000e+02  9.49277127e+16  2.64131849e+16  5.11114812e+10  2.14041160e+10  8.33253678e+11  1.03078741e+10
 9.35500000e+02  9.84511601e+16  3.01880798e+16  5.30085944e+10  2.44631295e+10  8.33253678e+11  1.03078741e+10
 9.37000000e+02  1.01737124e+17  3.38119354e+16  5.47778403e+10  2.73997471e+10  8.33253678e+11  1.03078741e+10
 9.38500000e+02  1.04801610e+17  3.72846241e+16  5.64278373e+10  3.02138656e+10  8.33253678e+11  1.03078741e+10
 9.40000000e+02  1.07659547e+17  4.06070545e+16  5.79666230e+10  3.29062212e+10  8.33253678e+11  1.03078741e+10
 9.40000000e+02  1.07659547e+17  4.06070545e+16  5.79666230e+10  3.29062212e+10  8.33253678e+11  1.02975663e+10
 9.40025000e+02  1.07534412e+17  4.06610649e+16  5.78992471e+10  3.29499889e+10  8.33253678e+11  1.02975663e+10
 9.40050000e+02  1.07409423e+17  4.07148355e+16  5.78319495e+10  3.29935623e+10  8.33253678e+11  1.02975663e+10
 9.40075000e+02  1.07284578e+17  4.07683669e+16  5.77647301e+10  3.30369418e+10  8.33253678e+11  1.02975663e+10
 9.40100000e+02  1.07159879e+17  4.08216597e+16  5.76975889e+10  3.30801281e+10  8.33253678e+11  1.02975663e+10
 9.40125000e+02  1.07035325e+17  4.08747145e+16  5.76305257e+10  3.31231214e+10  8.33253678e+11  1.02975663e+10
 9.40150000e+02  1.06910915e+17  4.09275319e+16  5.75635404e+10  3.31659224e+10  8.33253678e+11  1.02975663e+10
 9.40175000e+02  1.06786650e+17  4.09801124e+16  5.74966330e+10  3.32085314e+10  8.33253678e+11  1.02975663e+10
 9.40200000e+02  1.06662530e+17  4.10324567e+16  5.74298033e+10  3.32509489e+10  8.33253678e+11  1.02975663e+10
 9.40225000e+02  1.06538553e+17  4.10845653e+16  5.73630514e+10  3.32931755e+10  8.33253678e+11  1.02975663e+10
 9.40250000e+02  1.06414721e+17  4.11364388e+16  5.72963770e+10  3.33352115e+10  8.33253678e+11  1.02975663e+10
 9.40250000e+02  1.06414721e+17  0.00000000e+00  5.72963770e+10  0.00000000e+00  8.55209143e+11  1.02872687e+10
 9.41200000e+02  1.01814240e+17  4.44972910e+15  5.48193616e+10  3.60587025e+09  8.55209143e+11  1.02872687e+10
 9.42150000e+02  9.74126451e+16  8.42074779e+15  5.24494316e+10  6.82381405e+09  8.55209143e+11  1.02872687e+10
 9.43100000e+02  9.32013383e+16  1.19521777e+16  5.01819575e+10  9.68553386e+09  8.55209143e+11  1.02872687e+10
 9.44050000e+02  8.91720931e+16  1.50802633e+16  4.80125100e+10  1.22204007e+10  8.55209143e+11  1.02872687e+10
 9.45000000e+02  8.53170387e+16  1.78385728e+16  4.59368513e+10  1.44556169e+10  8.55209143e+11  1.02872687e+10
 9.45950000e+02  8.16286446e+16  2.02581853e+16  4.39509266e+10  1.64163674e+10  8.55209143e+11  1.02872687e+10
 9.46900000e+02  7.80997058e+16  2.23678649e+16  4.20508567e+10  1.81259616e+10  8.55209143e+11  1.02872687e+10
 9.47850000e+02  7.47233287e+16  2.41942235e+16  4.02329299e+10  1.96059645e+10  8.55209143e+11  1.02872687e+10
 9.48800000e+02  7.14929179e+16  2.57618723e+16  3.84935950e+10  2.08763201e+10  8.55209143e+11  1.02872687e+10
 9.49750000e+02  6.84021630e+16  2.70935628e+16  3.68294544e+10  2.19554651e+10  8.55209143e+11  1.02872687e+10
 9.49750000e+02  6.84021630e+16  0.00000000e+00  3.68294544e+10  0.00000000e+00  8.55209143e+11  1.02872687e+10
 9.49775000e+02  6.83226576e+16  7.94358253e+13  3.67866467e+10  6.43713972e+07  8.55209143e+11  1.02872687e+10
 9.49800000e+02  6.82432446e+16  1.58640400e+14  3.67438887e+10  1.28555399e+08  8.55209143e+11  1.02872687e+10
 9.49825000e+02  6.81639239e+16  2.37614236e+14  3.67011805e+10  1.92552419e+08  8.55209143e+11  1.02872687e+10
 9.49850000e+02  6.80846955e+16  3.16357843e+14  3.66585219e+10  2.56362873e+08  8.55209143e+11  1.02872687e+10
 9.49875000e+02  6.80055591e+16  3.94871732e+14  3.66159128e+10  3.19987173e+08  8.55209143e+11  1.02872687e+10
 9.49900000e+02  6.79265147e+16  4.73156411e+14  3.65733533e+10  3.83425730e+08  8.55209143e+11  1.02872687e+10
 9.49925000e+02  6.78475622e+16  5.51212389e+14  3.65308433e+10  4.46678957e+08  8.55209143e+11  1.02872687e+10
 9.49950000e+02  6.77687014e+16  6.29040170e+14  3.64883827e+10  5.09747265e+08  8.55209143e+11  1.02872687e+10
 9.49975000e+02  6.76899323e+16  7.06640262e+14  3.64459714e+10  5.72631062e+08  8.55209143e+11  1.02872687e+10
 9.50000000e+02  6.76112548e+16  7.84013168e+14  3.64036094e+10  6.35330758e+08  8.55209143e+11  1.02872687e+10
 9.50000000e+02  6.76112548e+16  7.84013168e+14  3.64036094e+10  6.35330758e+08  8.55209143e+11  1.02872687e+10
 9.51500000e+02  7.29560240e+16  5.36664183e+15  3.92813684e+10  4.34889714e+09  8.55209143e+11  1.02872687e+10
 9.53000000e+02  7.79405508e+16  9.83416503e+15  4.19651636e+10  7.96918696e+09  8.55209143e+11  1.02872687e+10
 9.54500000e+02  8.25891156e+16  1.41750232e+16  4.44680685e+10  1.14868328e+10  8.55209143e+11  1.02872687e+10
 9.56000000e+02  8.69243628e+16  1.83803616e+16  4.68022752e+10  1.48946594e+10  8.55209143e+11  1.02872687e+10
 9.57500000e+02  9.09674101e+16  2.24436566e+16  4.89791541e+10  1.81873799e+10  8.55209143e+11  1.02872687e+10
 9.59000000e+02  9.47379522e+16  2.63603850e+16  5.10093093e+10  2.13613292e+10  8.55209143e+11  1.02872687e+10
 9.60500000e+02  9.82543562e+16  3.01277339e+16  5.29026302e+10  2.44142277e+10  8.55209143e+11  1.02872687e+10
 9.62000000e+02  1.01533751e+17  3.37443453e+16  5.46683394e+10  2.73449750e+10  8.55209143e+11  1.02872687e+10
 9.63500000e+02  1.04592112e+17  3.72100921e+16  5.63150381e+10  3.01534680e+10  8.55209143e+11  1.02872687e+10
 9.65000000e+02  1.07444336e+17  4.05258810e+16  5.78507477e+10  3.28404416e+10  8.55209143e+11  1.02872687e+10
 9.65000000e+02  1.07444336e+17  4.05258810e+16  5.78507477e+10  3.28404416e+10  8.55209143e+11  1.02769814e+10
 9.65025000e+02  1.07319451e+17  4.05797834e+16  5.77835065e+10  3.28841218e+10  8.55209143e+11  1.02769814e+10
 9.65050000e+02  1.07194711e+17  4.06334465e+16  5.77163434e+10  3.29276081e+10  8.55209143e+11  1.02769814e+10
 9.65075000e+02  1.07070116e+17  4.06868709e+16  5.76492584e+10  3.29709010e+10  8.55209143e+11  1.02769814e+10
 9.65100000e+02  1.06945666e+17  4.07400572e+16  5.75822514e+10  3.30140009e+10  8.55209143e+11  1.02769814e+10
 9.65125000e+02  1.06821361e+17  4.07930060e+16  5.75153222e+10  3.30569083e+10  8.55209143e+11  1.02769814e+10
 9.65150000e+02  1.06697200e+17  4.08457178e+16  5.74484709e+10  3.30996237e+10  8.55209143e+11  1.02769814e+10
 9.65175000e+02  1.06573184e+17  4.08981932e+16  5.73816972e+10  3.31421475e+10  8.55209143e+11  1.02769814e+10
 9.65200000e+02  1.06449311e+17  4.09504328e+16  5.73150012e+10  3.31844803e+10  8.55209143e+11  1.02769814e+10
 9.65225000e+02  1.06325583e+17  4.10024372e+16  5.72483827e+10  3.32266224e+10  8.55209143e+11  1.02769814e+10
 9.65250000e+02  1.06201998e+17  4.10542070e+16  5.71818416e+10  3.32685745e+10  8.55209143e+11  1.02769814e+10
 9.65250000e+02  1.06201998e+17  0.00000000e+00  5.71818416e+10  0.00000000e+00  8.77120719e+11  1.02667045e+10
 9.66200000e+02  1.01610713e+17  4.44083409e+15  5.47097777e+10  3.59866212e+09  8.77120719e+11  1.02667045e+10
 9.67150000e+02  9.72179172e+16  8.40391472e+15  5.23445852e+10  6.81017325e+09  8.77120719e+11  1.02667045e+10
 9.68100000e+02  9.30150288e+16  1.19282853e+16  5.00816438e+10  9.66617248e+09  8.77120719e+11  1.02667045e+10
 9.69050000e+02  8.89938381e+16  1.50501178e+16  4.79165330e+10  1.21959721e+10  8.77120719e+11  1.02667045e+10
 9.70000000e+02  8.51464900e+16  1.78029135e+16  4.58450235e+10  1.44267201e+10  8.77120719e+11  1.02667045e+10
 9.70950000e+02  8.14654690e+16  2.02176892e+16  4.38630687e+10  1.63835511e+10  8.77120719e+11  1.02667045e+10
 9.71900000e+02  7.79435845e+16  2.23231516e+16  4.19667970e+10  1.80897278e+10  8.77120719e+11  1.02667045e+10
 9.72850000e+02  7.45739568e+16  2.41458593e+16  4.01525042e+10  1.95667722e+10  8.77120719e+11  1.02667045e+10
 9.73800000e+02  7.13500035e+16  2.57103743e+16  3.84166463e+10  2.08345883e+10  8.77120719e+11  1.02667045e+10
 9.74750000e+02  6.82654270e+16  2.70394028e+16  3.67558323e+10  2.19115762e+10  8.77120719e+11  1.02667045e+10
 9.74750000e+02  6.82654270e+16  0.00000000e+00  3.67558323e+10  0.00000000e+00  8.77120719e+11  1.02667045e+10
 9.74775000e+02  6.81860806e+16  7.92770331e+13  3.67131102e+10  6.42427188e+07  8.77120719e+11  1.02667045e+10
 9.74800000e+02  6.81068264e+16  1.58323278e+14  3.66704377e+10  1.28298417e+08  8.77120719e+11  1.02667045e+10
 9.74825000e+02  6.80276643e+16  2.37139245e+14  3.66278148e+10  1.92167507e+08  8.77120719e+11  1.02667045e+10
 9.74850000e+02  6.79485942e+16  3.15725444e+14  3.65852415e+10  2.55850404e+08  8.77120719e+11  1.02667045e+10
 9.74875000e+02  6.78696160e+16  3.94082384e+14  3.65427176e+10  3.19347518e+08  8.77120719e+11  1.02667045e+10
 9.74900000e+02  6.77907296e+16  4.72210572e+14  3.65002432e+10  3.82659262e+08  8.77120719e+11  1.02667045e+10
 9.74925000e+02  6.77119349e+16  5.50110515e+14  3.64578181e+10  4.45786046e+08  8.77120719e+11  1.02667045e+10
 9.74950000e+02  6.76332318e+16  6.27782719e+14  3.64154424e+10  5.08728280e+08  8.77120719e+11  1.02667045e+10
 9.74975000e+02  6.75546201e+16  7.05227688e+14  3.63731159e+10  5.71486372e+08  8.77120719e+11  1.02667045e+10
 9.75000000e+02  6.74760999e+16  7.82445926e+14  3.63308386e+10  6.34060732e+08  8.77120719e+11  1.02667045e+10
 9.75000000e+02  6.74760999e+16  7.82445926e+14  3.63308386e+10  6.34060732e+08  8.77120719e+11  1.02667045e+10
 9.76500000e+02  7.28101849e+16  5.35591392e+15  3.92028449e+10  4.34020369e+09  8.77120719e+11  1.02667045e+10
 9.78000000e+02  7.77847476e+16  9.81450653e+15  4.18812752e+10  7.95325656e+09  8.77120719e+11  1.02667045e+10
 9.79500000e+02  8.24240200e+16  1.41466873e+16  4.43791768e+10  1.14638707e+10  8.77120719e+11  1.02667045e+10
 9.81000000e+02  8.67506010e+16  1.83436193e+16  4.67087174e+10  1.48648850e+10  8.77120719e+11  1.02667045e+10
 9.82500000e+02  9.07855663e+16  2.23987917e+16  4.88812448e+10  1.81510234e+10  8.77120719e+11  1.02667045e+10
 9.84000000e+02  9.45485711e+16  2.63076906e+16  5.09073417e+10  2.13186279e+10  8.77120719e+11  1.02667045e+10
 9.85500000e+02  9.80579458e+16  3.00675085e+16  5.27968778e+10  2.43654236e+10  8.77120719e+11  1.02667045e+10
 9.87000000e+02  1.01330785e+17  3.36768904e+16  5.45590574e+10  2.72903124e+10  8.77120719e+11  1.02667045e+10
 9.88500000e+02  1.04383032e+17  3.71357091e+16  5.62024643e+10  3.00931913e+10  8.77120719e+11  1.02667045e+10
 9.90000000e+02  1.07229555e+17  4.04448698e+16  5.77351041e+10  3.27747936e+10  8.77120719e+11  1.02667045e+10
 9.90000000e+02  1.07229555e+17  4.04448698e+16  5.77351041e+10  3.27747936e+10  8.77120719e+11  1.02564378e+10
 9.90025000e+02  1.07104919e+17  4.04986644e+16  5.76679973e+10  3.28183865e+10  8.77120719e+11  1.02564378e+10
 9.90050000e+02  1.06980429e+17  4.05522203e+16  5.76009685e+10  3.28617859e+10  8.77120719e+11  1.02564378e+10
 9.90075000e+02  1.06856083e+17  4.06055379e+16  5.75340176e+10  3.29049922e+10  8.77120719e+11  1.02564378e+10
 9.90100000e+02  1.06731882e+17  4.06586179e+16  5.74671445e+10  3.29480059e+10  8.77120719e+11  1.02564378e+10
 9.90125000e+02  1.06607825e+17  4.07114608e+16  5.74003491e+10  3.29908275e+10  8.77120719e+11  1.02564378e+10
 9.90150000e+02  1.06483912e+17  4.07640672e+16  5.73336314e+10  3.30334575e+10  8.77120719e+11  1.02564378e+10
 9.90175000e+02  1.06360144e+17  4.08164377e+16  5.72669912e+10  3.30758964e+10  8.77120719e+11  1.02564378e+10
 9.90200000e+02  1.06236519e+17  4.08685729e+16  5.72004285e+10  3.31181445e+10  8.77120719e+11  1.02564378e+10
 9.90225000e+02  1.06113038e+17  4.09204734e+16  5.71339431e+10  3.31602024e+10  8.77120719e+11  1.02564378e+10
 9.90250000e+02  1.05989700e+17  4.09721397e+16  5.70675351e+10  3.32020706e+10  8.77120719e+11  1.02564378e+10
 9.90250000e+02  1.05989700e+17  0.00000000e+00  5.70675351e+10  0.00000000e+00  8.98988494e+11  1.02461813e+10
 9.91200000e+02  1.01407593e+17  4.43195687e+15  5.46004129e+10  3.59146839e+09  8.98988494e+11  1.02461813e+10
 9.92150000e+02  9.70235786e+16  8.38711529e+15  5.22399484e+10  6.79655971e+09  8.98988494e+11  1.02461813e+10
 9.93100000e+02  9.28290917e+16  1.19044406e+16  4.99815306e+10  9.64684980e+09  8.98988494e+11  1.02461813e+10
 9.94050000e+02  8.88159394e+16  1.50200326e+16  4.78207479e+10  1.21715924e+10  8.98988494e+11  1.02461813e+10
 9.95000000e+02  8.49762821e+16  1.77673255e+16  4.57533793e+10  1.43978811e+10  8.98988494e+11  1.02461813e+10
 9.95950000e+02  8.13026195e+16  2.01772741e+16  4.37753864e+10  1.63508004e+10  8.98988494e+11  1.02461813e+10
 9.96900000e+02  7.77877752e+16  2.22785276e+16  4.18829054e+10  1.80535664e+10  8.98988494e+11  1.02461813e+10
 9.97850000e+02  7.44248834e+16  2.40975917e+16  4.00722394e+10  1.95276582e+10  8.98988494e+11  1.02461813e+10
 9.98800000e+02  7.12073749e+16  2.56589793e+16  3.83398514e+10  2.07929400e+10  8.98988494e+11  1.02461813e+10
 9.99750000e+02  6.81289644e+16  2.69853510e+16  3.66823574e+10  2.18677749e+10  8.98988494e+11  1.02461813e+10
 9.99750000e+02  6.81289644e+16  0.00000000e+00  3.66823574e+10  0.00000000e+00  8.98988494e+11  1.02461813e+10
 9.99775000e+02  6.80497766e+16  7.91185583e+13  3.66397207e+10  6.41142976e+07  8.98988494e+11  1.02461813e+10
 9.99800000e+02  6.79706808e+16  1.58006790e+14  3.65971335e+10  1.28041948e+08  8.98988494e+11  1.02461813e+10
 9.99825000e+02  6.78916770e+16  2.36665203e+14  3.65545958e+10  1.91783364e+08  8.98988494e+11  1.02461813e+10
 9.99850000e+02  6.78127649e+16  3.15094309e+14  3.65121076e+10  2.55338959e+08  8.98988494e+11  1.02461813e+10
 9.99875000e+02  6.77339446e+16  3.93294613e+14  3.64696687e+10  3.18709142e+08  8.98988494e+11  1.02461813e+10
 9.99900000e+02  6.76552159e+16  4.71266623e+14  3.64272792e+10  3.81894326e+08  8.98988494e+11  1.02461813e+10
 9.99925000e+02  6.75765787e+16  5.49010844e+14  3.63849390e+10  4.44894920e+08  8.98988494e+11  1.02461813e+10
 9.99950000e+02  6.74980329e+16  6.26527781e+14  3.63426479e+10  5.07711332e+08  8.98988494e+11  1.02461813e+10
 9.99975000e+02  6.74195785e+16  7.03817938e+14  3.63004060e+10  5.70343971e+08  8.98988494e+11  1.02461813e+10
 1.00000000e+03  6.73412152e+16  7.80881817e+14  3.62582133e+10  6.32793244e+08  8.98988494e+11  1.02461813e+10
 1.00000000e+03  6.73412152e+16  7.80881817e+14  3.62582133e+10  6.32793244e+08  8.98988494e+11  1.02461813e+10
 1.00150000e+03  7.26646374e+16  5.34520745e+15  3.91244784e+10  4.33152763e+09  8.98988494e+11  1.02461813e+10
 1.00300000e+03  7.76292559e+16  9.79488733e+15  4.17975546e+10  7.93735800e+09  8.98988494e+11  1.02461813e+10
 1.00450000e+03  8.22592544e+16  1.41184081e+16  4.42904628e+10  1.14409544e+10  8.98988494e+11  1.02461813e+10
 1.00600000e+03  8.65771865e+16  1.83069504e+16  4.66153467e+10  1.48351700e+10  8.98988494e+11  1.02461813e+10
 1.00750000e+03  9.06040859e+16  2.23540166e+16  4.87835312e+10  1.81147395e+10  8.98988494e+11  1.02461813e+10
 1.00900000e+03  9.43595685e+16  2.62551015e+16  5.08055780e+10  2.12760119e+10  8.98988494e+11  1.02461813e+10
 1.01050000e+03  9.78619279e+16  3.00074036e+16  5.26913369e+10  2.43167172e+10  8.98988494e+11  1.02461813e+10
 1.01200000e+03  1.01128225e+17  3.36095703e+16  5.44499938e+10  2.72357591e+10  8.98988494e+11  1.02461813e+10
 1.01350000e+03  1.04174371e+17  3.70614748e+16  5.60901156e+10  3.00330350e+10  8.98988494e+11  1.02461813e+10
 1.01500000e+03  1.07015203e+17  4.03640205e+16  5.76196916e+10  3.27092768e+10  8.98988494e+11  1.02461813e+10
 1.01500000e+03  1.07015203e+17  4.03640205e+16  5.76196916e+10  3.27092768e+10  8.98988494e+11  1.02359351e+10
 1.01502500e+03  1.06890817e+17  4.04177076e+16  5.75527190e+10  3.27527825e+10  8.98988494e+11  1.02359351e+10
 1.01505000e+03  1.06766575e+17  4.04711564e+16  5.74858241e+10  3.27960951e+10  8.98988494e+11  1.02359351e+10
 1.01507500e+03  1.06642478e+17  4.05243674e+16  5.74190071e+10  3.28392151e+10  8.98988494e+11  1.02359351e+10
 1.01510000e+03  1.06518525e+17  4.05773413e+16  5.73522676e+10  3.28821428e+10  8.98988494e+11  1.02359351e+10
 1.01512500e+03  1.06394716e+17  4.06300785e+16  5.72856058e+10  3.29248789e+10  8.98988494e+11  1.02359351e+10
 1.01515000e+03  1.06271051e+17  4.06825798e+16  5.72190214e+10  3.29674237e+10  8.98988494e+11  1.02359351e+10
 1.01517500e+03  1.06147530e+17  4.07348456e+16  5.71525145e+10  3.30097776e+10  8.98988494e+11  1.02359351e+10
 1.01520000e+03  1.06024152e+17  4.07868766e+16  5.70860848e+10  3.30519413e+10  8.98988494e+11  1.02359351e+10
 1.01522500e+03  1.05900918e+17  4.08386733e+16  5.70197324e+10  3.30939152e+10  8.98988494e+11  1.02359351e+10
 1.01525000e+03  1.05777827e+17  4.08902363e+16  5.69534571e+10  3.31356996e+10  8.98988494e+11  1.02359351e+10
 1.01525000e+03  1.05777827e+17  0.00000000e+00  5.69534571e+10  0.00000000e+00  9.20812556e+11  1.02256992e+10
 1.01620000e+03  1.01204880e+17  4.42309738e+15  5.44912666e+10  3.58428905e+09  9.20812556e+11  1.02256992e+10
 1.01715000e+03  9.68296284e+16  8.37034945e+15  5.21355207e+10  6.78297339e+09  9.20812556e+11  1.02256992e+10
 1.01810000e+03  9.26435264e+16  1.18806436e+16  4.98816175e+10  9.62756575e+09  9.20812556e+11  1.02256992e+10
 1.01905000e+03  8.86383963e+16  1.49900076e+16  4.77251542e+10  1.21472614e+10  9.20812556e+11  1.02256992e+10
 1.02000000e+03  8.48064145e+16  1.77318086e+16  4.56619183e+10  1.43690997e+10  9.20812556e+11  1.02256992e+10
 1.02095000e+03  8.11400955e+16  2.01369397e+16  4.36878794e+10  1.63181151e+10  9.20812556e+11  1.02256992e+10
 1.02190000e+03  7.76322775e+16  2.22339928e+16  4.17991815e+10  1.80174774e+10  9.20812556e+11  1.02256992e+10
 1.02285000e+03  7.42761081e+16  2.40494206e+16  3.99921350e+10  1.94886224e+10  9.20812556e+11  1.02256992e+10
 1.02380000e+03  7.10650313e+16  2.56076870e+16  3.82632101e+10  2.07513749e+10  9.20812556e+11  1.02256992e+10
 1.02475000e+03  6.79927746e+16  2.69314073e+16  3.66090294e+10  2.18240612e+10  9.20812556e+11  1.02256992e+10
 1.02475000e+03  6.79927746e+16  0.00000000e+00  3.66090294e+10  0.00000000e+00  9.20812556e+11  1.02256992e+10
 1.02477500e+03  6.79137451e+16  7.89604003e+13  3.65664779e+10  6.39861331e+07  9.20812556e+11  1.02256992e+10
 1.02480000e+03  6.78348074e+16  1.57690934e+14  3.65239758e+10  1.27785992e+08  9.20812556e+11  1.02256992e+10
 1.02482500e+03  6.77559615e+16  2.36192110e+14  3.64815232e+10  1.91399989e+08  9.20812556e+11  1.02256992e+10
 1.02485000e+03  6.76772072e+16  3.14464435e+14  3.64391199e+10  2.54828536e+08  9.20812556e+11  1.02256992e+10
 1.02487500e+03  6.75985445e+16  3.92508417e+14  3.63967659e+10  3.18072043e+08  9.20812556e+11  1.02256992e+10
 1.02490000e+03  6.75199731e+16  4.70324561e+14  3.63544611e+10  3.81130920e+08  9.20812556e+11  1.02256992e+10
 1.02492500e+03  6.74414932e+16  5.47913371e+14  3.63122055e+10  4.44005575e+08  9.20812556e+11  1.02256992e+10
 1.02495000e+03  6.73631044e+16  6.25275352e+14  3.62699990e+10  5.06696417e+08  9.20812556e+11  1.02256992e+10
 1.02497500e+03  6.72848067e+16  7.02411006e+14  3.62278415e+10  5.69203854e+08  9.20812556e+11  1.02256992e+10
 1.02500000e+03  6.72066001e+16  7.79320834e+14  3.61857331e+10  6.31528291e+08  9.20812556e+11  1.02256992e+10
 1.02500000e+03  6.72066001e+16  7.79320834e+14  3.61857331e+10  6.31528291e+08  9.20812556e+11  1.02256992e+10
 1.02650000e+03  7.25193808e+16  5.33452238e+15  3.90462686e+10  4.32286890e+09  9.20812556e+11  1.02256992e+10
 1.02800000e+03  7.74740750e+16  9.77530735e+15  4.17140013e+10  7.92149122e+09  9.20812556e+11  1.02256992e+10
 1.02950000e+03  8.20948181e+16  1.40901854e+16  4.42019262e+10  1.14180839e+10  9.20812556e+11  1.02256992e+10
 1.03100000e+03  8.64041187e+16  1.82703548e+16  4.65221626e+10  1.48055145e+10  9.20812556e+11  1.02256992e+10
 1.03250000e+03  9.04229684e+16  2.23093309e+16  4.86860129e+10  1.80785281e+10  9.20812556e+11  1.02256992e+10
 1.03400000e+03  9.41709437e+16  2.62026175e+16  5.07040176e+10  2.12334812e+10  9.20812556e+11  1.02256992e+10
 1.03550000e+03  9.76663019e+16  2.99474188e+16  5.25860069e+10  2.42681080e+10  9.20812556e+11  1.02256992e+10
 1.03700000e+03  1.00926070e+17  3.35423848e+16  5.43411483e+10  2.71813148e+10  9.20812556e+11  1.02256992e+10
 1.03850000e+03  1.03966126e+17  3.69873889e+16  5.59779915e+10  2.99729989e+10  9.20812556e+11  1.02256992e+10
 1.04000000e+03  1.06801280e+17  4.02833328e+16  5.75045099e+10  3.26438909e+10  9.20812556e+11  1.02256992e+10
 1.04000000e+03  1.06801280e+17  4.02833328e+16  5.75045099e+10  3.26438909e+10  9.20812556e+11  1.02154735e+10
 1.04002500e+03  1.06677142e+17  4.03369126e+16  5.74376711e+10  3.26873097e+10  9.20812556e+11  1.02154735e+10
 1.04005000e+03  1.06553149e+17  4.03902545e+16  5.73709100e+10  3.27305357e+10  9.20812556e+11  1.02154735e+10
 1.04007500e+03  1.06429300e+17  4.04433592e+16  5.73042265e+10  3.27735695e+10  9.20812556e+11  1.02154735e+10
 1.04010000e+03  1.06305594e+17  4.04962272e+16  5.72376205e+10  3.28164114e+10  9.20812556e+11  1.02154735e+10
 1.04012500e+03  1.06182033e+17  4.05488590e+16  5.71710919e+10  3.28590620e+10  9.20812556e+11  1.02154735e+10
 1.04015000e+03  1.06058615e+17  4.06012553e+16  5.71046406e+10  3.29015218e+10  9.20812556e+11  1.02154735e+10
 1.04017500e+03  1.05935341e+17  4.06534167e+16  5.70382666e+10  3.29437911e+10  9.20812556e+11  1.02154735e+10
 1.04020000e+03  1.05812210e+17  4.07053437e+16  5.69719697e+10  3.29858705e+10  9.20812556e+11  1.02154735e+10
 1.04022500e+03  1.05689222e+17  4.07570368e+16  5.69057499e+10  3.30277604e+10  9.20812556e+11  1.02154735e+10
 1.04025000e+03  1.05566377e+17  4.08084968e+16  5.68396071e+10  3.30694614e+10  9.20812556e+11  1.02154735e+10
 1.04025000e+03  1.05566377e+17  0.00000000e+00  5.68396071e+10  0.00000000e+00  9.42592991e+11  1.02052580e+10
 1.04120000e+03  1.01002571e+17  4.41425561e+15  5.43823386e+10  3.57712405e+09  9.42592991e+11  1.02052580e+10
 1.04215000e+03  9.66360660e+16  8.35361712e+15  5.20313018e+10  6.76941423e+09  9.42592991e+11  1.02052580e+10
 1.04310000e+03  9.24583320e+16  1.18568942e+16  4.97819041e+10  9.60832024e+09  9.42592991e+11  1.02052580e+10
 1.04405000e+03  8.84612082e+16  1.49600426e+16  4.76297516e+10  1.21229790e+10  9.42592991e+11  1.02052580e+10
 1.04500000e+03  8.46368865e+16  1.76963627e+16  4.55706401e+10  1.43403759e+10  9.42592991e+11  1.02052580e+10
 1.04595000e+03  8.09778965e+16  2.00966859e+16  4.36005474e+10  1.62854952e+10  9.42592991e+11  1.02052580e+10
 1.04690000e+03  7.74770905e+16  2.21895471e+16  4.17156249e+10  1.79814604e+10  9.42592991e+11  1.02052580e+10
 1.04785000e+03  7.41276301e+16  2.40013458e+16  3.99121907e+10  1.94496647e+10  9.42592991e+11  1.02052580e+10
 1.04880000e+03  7.09229723e+16  2.55564972e+16  3.81867219e+10  2.07098929e+10  9.42592991e+11  1.02052580e+10
 1.04975000e+03  6.78568571e+16  2.68775714e+16  3.65358479e+10  2.17804350e+10  9.42592991e+11  1.02052580e+10
 1.04975000e+03  6.78568571e+16  0.00000000e+00  3.65358479e+10  0.00000000e+00  9.42592991e+11  1.02052580e+10
 1.04977500e+03  6.77779855e+16  7.88025585e+13  3.64933815e+10  6.38582249e+07  9.42592991e+11  1.02052580e+10
 1.04980000e+03  6.76992056e+16  1.57375710e+14  3.64509644e+10  1.27530548e+08  9.42592991e+11  1.02052580e+10
 1.04982500e+03  6.76205173e+16  2.35719962e+14  3.64085966e+10  1.91017381e+08  9.42592991e+11  1.02052580e+10
 1.04985000e+03  6.75419205e+16  3.13835821e+14  3.63662781e+10  2.54319134e+08  9.42592991e+11  1.02052580e+10
 1.04987500e+03  6.74634150e+16  3.91723793e+14  3.63240087e+10  3.17436217e+08  9.42592991e+11  1.02052580e+10
 1.04990000e+03  6.73850007e+16  4.69384382e+14  3.62817885e+10  3.80369039e+08  9.42592991e+11  1.02052580e+10
 1.04992500e+03  6.73066776e+16  5.46818093e+14  3.62396174e+10  4.43118008e+08  9.42592991e+11  1.02052580e+10
 1.04995000e+03  6.72284455e+16  6.24025427e+14  3.61974952e+10  5.05683531e+08  9.42592991e+11  1.02052580e+10
 1.04997500e+03  6.71503044e+16  7.01006886e+14  3.61554221e+10  5.68066015e+08  9.42592991e+11  1.02052580e+10
 1.05000000e+03  6.70722541e+16  7.77762972e+14  3.61133978e+10  6.30265866e+08  9.42592991e+11  1.02052580e+10
 1.05000000e+03  6.70722541e+16  7.77762972e+14  3.61133978e+10  6.30265866e+08  9.42592991e+11  1.02052580e+10
 1.05150000e+03  7.23744145e+16  5.32385867e+15  3.89682151e+10  4.31422749e+09  9.42592991e+11  1.02052580e+10
 1.05300000e+03  7.73192043e+16  9.75576651e+15  4.16306150e+10  7.90565616e+09  9.42592991e+11  1.02052580e+10
 1.05450000e+03  8.19307106e+16  1.40620191e+16  4.41135665e+10  1.13952592e+10  9.42592991e+11  1.02052580e+10
 1.05600000e+03  8.62313969e+16  1.82338324e+16  4.64291648e+10  1.47759183e+10  9.42592991e+11  1.02052580e+10
 1.05750000e+03  9.02422128e+16  2.22647345e+16  4.85886896e+10  1.80423891e+10  9.42592991e+11  1.02052580e+10
 1.05900000e+03  9.39826960e+16  2.61502385e+16  5.06026603e+10  2.11910355e+10  9.42592991e+11  1.02052580e+10
 1.06050000e+03  9.74710670e+16  2.98875539e+16  5.24808875e+10  2.42195961e+10  9.42592991e+11  1.02052580e+10
 1.06200000e+03  1.00724318e+17  3.34753335e+16  5.42325203e+10  2.71269793e+10  9.42592991e+11  1.02052580e+10
 1.06350000e+03  1.03758298e+17  3.69134512e+16  5.58660915e+10  2.99130829e+10  9.42592991e+11  1.02052580e+10
 1.06500000e+03  1.06587784e+17  4.02028064e+16  5.73895583e+10  3.25786358e+10  9.42592991e+11  1.02052580e+10
 1.06500000e+03  1.06587784e+17  4.02028064e+16  5.73895583e+10  3.25786358e+10  9.42592991e+11  1.01950528e+10
 1.06502500e+03  1.06463894e+17  4.02562791e+16  5.73228532e+10  3.26219678e+10  9.42592991e+11  1.01950528e+10
 1.06505000e+03  1.06340149e+17  4.03095144e+16  5.72562255e+10  3.26651074e+10  9.42592991e+11  1.01950528e+10
 1.06507500e+03  1.06216547e+17  4.03625129e+16  5.71896753e+10  3.27080551e+10  9.42592991e+11  1.01950528e+10
 1.06510000e+03  1.06093090e+17  4.04152752e+16  5.71232025e+10  3.27508114e+10  9.42592991e+11  1.01950528e+10
 1.06512500e+03  1.05969775e+17  4.04678019e+16  5.70568069e+10  3.27933768e+10  9.42592991e+11  1.01950528e+10
 1.06515000e+03  1.05846604e+17  4.05200934e+16  5.69904884e+10  3.28357516e+10  9.42592991e+11  1.01950528e+10
 1.06517500e+03  1.05723576e+17  4.05721505e+16  5.69242471e+10  3.28779365e+10  9.42592991e+11  1.01950528e+10
 1.06520000e+03  1.05600691e+17  4.06239737e+16  5.68580828e+10  3.29199317e+10  9.42592991e+11  1.01950528e+10
 1.06522500e+03  1.05477949e+17  4.06755635e+16  5.67919953e+10  3.29617379e+10  9.42592991e+11  1.01950528e+10
 1.06525000e+03  1.05355350e+17  4.07269206e+16  5.67259847e+10  3.30033555e+10  9.42592991e+11  1.01950528e+10
 1.06525000e+03  1.05355350e+17  0.00000000e+00  5.67259847e+10  0.00000000e+00  9.64329886e+11  1.01848577e+10
 1.06620000e+03  1.00800667e+17  4.40543151e+15  5.42736283e+10  3.56997338e+09  9.64329886e+11  1.01848577e+10
 1.06715000e+03  9.64428905e+16  8.33691824e+15  5.19272912e+10  6.75588217e+09  9.64329886e+11  1.01848577e+10
 1.06810000e+03  9.22735078e+16  1.18331923e+16  4.96823901e+10  9.58911321e+09  9.64329886e+11  1.01848577e+10
 1.06905000e+03  8.82843742e+16  1.49301374e+16  4.75345397e+10  1.20987452e+10  9.64329886e+11  1.01848577e+10
 1.07000000e+03  8.44676974e+16  1.76609877e+16  4.54795444e+10  1.43117095e+10  9.64329886e+11  1.01848577e+10
 1.07095000e+03  8.08160217e+16  2.00565127e+16  4.35133899e+10  1.62529405e+10  9.64329886e+11  1.01848577e+10
 1.07190000e+03  7.73222138e+16  2.21451902e+16  4.16322354e+10  1.79455155e+10  9.64329886e+11  1.01848577e+10
 1.07285000e+03  7.39794490e+16  2.39533671e+16  3.98324062e+10  1.94107848e+10  9.64329886e+11  1.01848577e+10
 1.07380000e+03  7.07811973e+16  2.55054098e+16  3.81103866e+10  2.06684938e+10  9.64329886e+11  1.01848577e+10
 1.07475000e+03  6.77212112e+16  2.68238431e+16  3.64628128e+10  2.17368959e+10  9.64329886e+11  1.01848577e+10
 1.07475000e+03  6.77212112e+16  0.00000000e+00  3.64628128e+10  0.00000000e+00  9.64329886e+11  1.01848577e+10
 1.07477500e+03  6.76424973e+16  7.86450321e+13  3.64204312e+10  6.37305723e+07  9.64329886e+11  1.01848577e+10
 1.07480000e+03  6.75638749e+16  1.57061116e+14  3.63780989e+10  1.27275614e+08  9.64329886e+11  1.01848577e+10
 1.07482500e+03  6.74853439e+16  2.35248758e+14  3.63358158e+10  1.90635537e+08  9.64329886e+11  1.01848577e+10
 1.07485000e+03  6.74069042e+16  3.13208463e+14  3.62935819e+10  2.53810750e+08  9.64329886e+11  1.01848577e+10
 1.07487500e+03  6.73285556e+16  3.90940737e+14  3.62513970e+10  3.16801662e+08  9.64329886e+11  1.01848577e+10
 1.07490000e+03  6.72502981e+16  4.68446083e+14  3.62092612e+10  3.79608681e+08  9.64329886e+11  1.01848577e+10
 1.07492500e+03  6.71721316e+16  5.45725003e+14  3.61671744e+10  4.42232215e+08  9.64329886e+11  1.01848577e+10
 1.07495000e+03  6.70940559e+16  6.22778000e+14  3.61251364e+10  5.04672670e+08  9.64329886e+11  1.01848577e+10
 1.07497500e+03  6.70160709e+16  6.99605573e+14  3.60831474e+10  5.66930451e+08  9.64329886e+11  1.01848577e+10
 1.07500000e+03  6.69381766e+16  7.76208223e+14  3.60412071e+10  6.29005964e+08  9.64329886e+11  1.01848577e+10
 1.07500000e+03  6.69381766e+16  7.76208223e+14  3.60412071e+10  6.29005964e+08  9.64329886e+11  1.01848577e+10
 1.07650000e+03  7.22297381e+16  5.31321627e+15  3.88903176e+10  4.30560335e+09  9.64329886e+11  1.01848577e+10
 1.07800000e+03  7.71646432e+16  9.73626474e+15  4.15473954e+10  7.88985275e+09  9.64329886e+11  1.01848577e+10
 1.07950000e+03  8.17669311e+16  1.40339091e+16  4.40253835e+10  1.13724800e+10  9.64329886e+11  1.01848577e+10
 1.08100000e+03  8.60590203e+16  1.81973829e+16  4.63363529e+10  1.47463813e+10  9.64329886e+11  1.01848577e+10
 1.08250000e+03  9.00618187e+16  2.22202273e+16  4.84915608e+10  1.80063224e+10  9.64329886e+11  1.01848577e+10
 1.08400000e+03  9.37948246e+16  2.60979642e+16  5.05015056e+10  2.11486746e+10  9.64329886e+11  1.01848577e+10
 1.08550000e+03  9.72762223e+16  2.98278087e+16  5.23759782e+10  2.41711811e+10  9.64329886e+11  1.01848577e+10
 1.08700000e+03  1.00522971e+17  3.34084163e+16  5.41241095e+10  2.70727525e+10  9.64329886e+11  1.01848577e+10
 1.08850000e+03  1.03550885e+17  3.68396612e+16  5.57544151e+10  2.98532866e+10  9.64329886e+11  1.01848577e+10
 1.09000000e+03  1.06374715e+17  4.01224410e+16  5.72748366e+10  3.25135111e+10  9.64329886e+11  1.01848577e+10
 1.09000000e+03  1.06374715e+17  4.01224410e+16  5.72748366e+10  3.25135111e+10  9.64329886e+11  1.01746729e+10
 1.09002500e+03  1.06251073e+17  4.01758068e+16  5.72082648e+10  3.25567565e+10  9.64329886e+11  1.01746729e+10
 1.09005000e+03  1.06127575e+17  4.02289357e+16  5.71417703e+10  3.25998099e+10  9.64329886e+11  1.01746729e+10
 1.09007500e+03  1.06004221e+17  4.02818283e+16  5.70753531e+10  3.26426717e+10  9.64329886e+11  1.01746729e+10
 1.09010000e+03  1.05881009e+17  4.03344851e+16  5.70090132e+10  3.26853426e+10  9.64329886e+11  1.01746729e+10
 1.09012500e+03  1.05757942e+17  4.03869067e+16  5.69427503e+10  3.27278228e+10  9.64329886e+11  1.01746729e+10
 1.09015000e+03  1.05635017e+17  4.04390938e+16  5.68765645e+10  3.27701130e+10  9.64329886e+11  1.01746729e+10
 1.09017500e+03  1.05512235e+17  4.04910468e+16  5.68104555e+10  3.28122135e+10  9.64329886e+11  1.01746729e+10
 1.09020000e+03  1.05389596e+17  4.05427664e+16  5.67444235e+10  3.28541248e+10  9.64329886e+11  1.01746729e+10
 1.09022500e+03  1.05267099e+17  4.05942531e+16  5.66784681e+10  3.28958474e+10  9.64329886e+11  1.01746729e+10
 1.09025000e+03  1.05144744e+17  4.06455075e+16  5.66125895e+10  3.29373818e+10  9.64329886e+11  1.01746729e+10
 1.09025000e+03  1.05144744e+17  0.00000000e+00  5.66125895e+10  0.00000000e+00  9.86023330e+11  1.01644982e+10
 1.09120000e+03  1.00599166e+17  4.39662506e+15  5.41651353e+10  3.56283701e+09  9.86023330e+11  1.01644982e+10
 1.09215000e+03  9.62501012e+16  8.32025274e+15  5.18234886e+10  6.74237716e+09  9.86023330e+11  1.01644982e+10
 1.09310000e+03  9.20890530e+16  1.18095377e+16  4.95830750e+10  9.56994457e+09  9.86023330e+11  1.01644982e+10
 1.09405000e+03  8.81078937e+16  1.49002921e+16  4.74395182e+10  1.20745598e+10  9.86023330e+11  1.01644982e+10
 1.09500000e+03  8.42988464e+16  1.76256834e+16  4.53886308e+10  1.42831004e+10  9.86023330e+11  1.01644982e+10
 1.09595000e+03  8.06544704e+16  2.00164197e+16  4.34264066e+10  1.62204509e+10  9.86023330e+11  1.01644982e+10
 1.09690000e+03  7.71676467e+16  2.21009219e+16  4.15490125e+10  1.79096424e+10  9.86023330e+11  1.01644982e+10
 1.09785000e+03  7.38315641e+16  2.39054844e+16  3.97527813e+10  1.93719827e+10  9.86023330e+11  1.01644982e+10
 1.09880000e+03  7.06397057e+16  2.54544244e+16  3.80342040e+10  2.06271775e+10  9.86023330e+11  1.01644982e+10
 1.09975000e+03  6.75858365e+16  2.67702223e+16  3.63899236e+10  2.16934438e+10  9.86023330e+11  1.01644982e+10
 1.09975000e+03  6.75858365e+16  0.00000000e+00  3.63899236e+10  0.00000000e+00  9.86023330e+11  1.01644982e+10
 1.09977500e+03  6.75072800e+16  7.84878207e+13  3.63476268e+10  6.36031749e+07  9.86023330e+11  1.01644982e+10
 1.09980000e+03  6.74288147e+16  1.56747151e+14  3.63053791e+10  1.27021190e+08  9.86023330e+11  1.01644982e+10
 1.09982500e+03  6.73504407e+16  2.34778495e+14  3.62631805e+10  1.90254457e+08  9.86023330e+11  1.01644982e+10
 1.09985000e+03  6.72721578e+16  3.12582359e+14  3.62210310e+10  2.53303382e+08  9.86023330e+11  1.01644982e+10
 1.09987500e+03  6.71939658e+16  3.90159246e+14  3.61789305e+10  3.16168375e+08  9.86023330e+11  1.01644982e+10
 1.09990000e+03  6.71158648e+16  4.67509659e+14  3.61368789e+10  3.78849843e+08  9.86023330e+11  1.01644982e+10
 1.09992500e+03  6.70378545e+16  5.44634099e+14  3.60948762e+10  4.41348193e+08  9.86023330e+11  1.01644982e+10
 1.09995000e+03  6.69599349e+16  6.21533067e+14  3.60529223e+10  5.03663829e+08  9.86023330e+11  1.01644982e+10
 1.09997500e+03  6.68821058e+16  6.98207062e+14  3.60110172e+10  5.65797157e+08  9.86023330e+11  1.01644982e+10
 1.10000000e+03  6.68043672e+16  7.74656583e+14  3.59691608e+10  6.27748581e+08  9.86023330e+11  1.01644982e+10
 1.10000000e+03  6.68043672e+16  7.74656583e+14  3.59691608e+10  6.27748581e+08  9.86023330e+11  1.01644982e+10
 1.10150000e+03  7.20853508e+16  5.30259515e+15  3.88125759e+10  4.29699645e+09  9.86023330e+11  1.01644982e+10
 1.10300000e+03  7.70103911e+16  9.71680194e+15  4.14643421e+10  7.87408094e+09  9.86023330e+11  1.01644982e+10
 1.10450000e+03  8.16034790e+16  1.40058553e+16  4.39373768e+10  1.13497464e+10  9.86023330e+11  1.01644982e+10
 1.10600000e+03  8.58869883e+16  1.81610064e+16  4.62437266e+10  1.47169032e+10  9.86023330e+11  1.01644982e+10
 1.10750000e+03  8.98817851e+16  2.21758091e+16  4.83946261e+10  1.79703278e+10  9.86023330e+11  1.01644982e+10
 1.10900000e+03  9.36073287e+16  2.60457944e+16  5.04005531e+10  2.11063984e+10  9.86023330e+11  1.01644982e+10
 1.11050000e+03  9.70817672e+16  2.97681829e+16  5.22712786e+10  2.41228629e+10  9.86023330e+11  1.01644982e+10
 1.11200000e+03  1.00322025e+17  3.33416329e+16  5.40159154e+10  2.70186341e+10  9.86023330e+11  1.01644982e+10
 1.11350000e+03  1.03343887e+17  3.67660187e+16  5.56429621e+10  2.97936099e+10  9.86023330e+11  1.01644982e+10
 1.11500000e+03  1.06162072e+17  4.00422362e+16  5.71603442e+10  3.24485166e+10  9.86023330e+11  1.01644982e+10
 1.11500000e+03  1.06162072e+17  4.00422362e+16  5.71603442e+10  3.24485166e+10  9.86023330e+11  1.01543337e+10
 1.11502500e+03  1.06038677e+17  4.00954954e+16  5.70939055e+10  3.24916755e+10  9.86023330e+11  1.01543337e+10
 1.11505000e+03  1.05915426e+17  4.01485181e+16  5.70275439e+10  3.25346428e+10  9.86023330e+11  1.01543337e+10
 1.11507500e+03  1.05792318e+17  4.02013049e+16  5.69612595e+10  3.25774190e+10  9.86023330e+11  1.01543337e+10
 1.11510000e+03  1.05669353e+17  4.02538564e+16  5.68950522e+10  3.26200046e+10  9.86023330e+11  1.01543337e+10
 1.11512500e+03  1.05546531e+17  4.03061733e+16  5.68289218e+10  3.26623999e+10  9.86023330e+11  1.01543337e+10
 1.11515000e+03  1.05423852e+17  4.03582560e+16  5.67628682e+10  3.27046055e+10  9.86023330e+11  1.01543337e+10
 1.11517500e+03  1.05301316e+17  4.04101052e+16  5.66968914e+10  3.27466219e+10  9.86023330e+11  1.01543337e+10
 1.11520000e+03  1.05178922e+17  4.04617214e+16  5.66309914e+10  3.27884494e+10  9.86023330e+11  1.01543337e+10
 1.11522500e+03  1.05056670e+17  4.05131051e+16  5.65651679e+10  3.28300886e+10  9.86023330e+11  1.01543337e+10
 1.11525000e+03  1.04934560e+17  4.05642571e+16  5.64994209e+10  3.28715400e+10  9.86023330e+11  1.01543337e+10
 1.11525000e+03  1.04934560e+17  0.00000000e+00  5.64994209e+10  0.00000000e+00  1.00767341e+12  1.01441794e+10
 1.11620000e+03  1.00398069e+17  4.38783620e+15  5.40568592e+10  3.55571490e+09  1.00767341e+12  1.01441794e+10
 1.11715000e+03  9.60576972e+16  8.30362055e+15  5.17198934e+10  6.72889915e+09  1.00767341e+12  1.01441794e+10
 1.11810000e+03  9.19049670e+16  1.17859305e+16  4.94839585e+10  9.55081425e+09  1.00767341e+12  1.01441794e+10
 1.11905000e+03  8.79317661e+16  1.48705064e+16  4.73446866e+10  1.20504227e+10  1.00767341e+12  1.01441794e+10
 1.12000000e+03  8.41303331e+16  1.75904496e+16  4.52978989e+10  1.42545485e+10  1.00767341e+12  1.01441794e+10
 1.12095000e+03  8.04932422e+16  1.99764069e+16  4.33395972e+10  1.61880262e+10  1.00767341e+12  1.01441794e+10
 1.12190000e+03  7.70133886e+16  2.20567422e+16  4.14659561e+10  1.78738410e+10  1.00767341e+12  1.01441794e+10
 1.12285000e+03  7.36839748e+16  2.38576973e+16  3.96733154e+10  1.93332581e+10  1.00767341e+12  1.01441794e+10
 1.12380000e+03  7.04984969e+16  2.54035410e+16  3.79581736e+10  2.05859438e+10  1.00767341e+12  1.01441794e+10
 1.12475000e+03  6.74507324e+16  2.67167086e+16  3.63171801e+10  2.16500786e+10  1.00767341e+12  1.01441794e+10
 1.12475000e+03  6.74507324e+16  0.00000000e+00  3.63171801e+10  0.00000000e+00  1.00767341e+12  1.01441794e+10
 1.12477500e+03  6.73723329e+16  7.83309236e+13  3.62749679e+10  6.34760321e+07  1.00767341e+12  1.01441794e+10
 1.12480000e+03  6.72940245e+16  1.56433813e+14  3.62328046e+10  1.26767275e+08  1.00767341e+12  1.01441794e+10
 1.12482500e+03  6.72158072e+16  2.34309173e+14  3.61906904e+10  1.89874138e+08  1.00767341e+12  1.01441794e+10
 1.12485000e+03  6.71376807e+16  3.11957507e+14  3.61486252e+10  2.52797029e+08  1.00767341e+12  1.01441794e+10
 1.12487500e+03  6.70596451e+16  3.89379318e+14  3.61066088e+10  3.15536355e+08  1.00767341e+12  1.01441794e+10
 1.12490000e+03  6.69817001e+16  4.66575107e+14  3.60646413e+10  3.78092523e+08  1.00767341e+12  1.01441794e+10
 1.12492500e+03  6.69038458e+16  5.43545375e+14  3.60227225e+10  4.40465938e+08  1.00767341e+12  1.01441794e+10
 1.12495000e+03  6.68260819e+16  6.20290622e+14  3.59808525e+10  5.02657005e+08  1.00767341e+12  1.01441794e+10
 1.12497500e+03  6.67484085e+16  6.96811346e+14  3.59390312e+10  5.64666129e+08  1.00767341e+12  1.01441794e+10
 1.12500000e+03  6.66708253e+16  7.73108045e+14  3.58972584e+10  6.26493712e+08  1.00767341e+12  1.01441794e+10
 1.12500000e+03  6.66708253e+16  7.73108045e+14  3.58972584e+10  6.26493712e+08  1.00767341e+12  1.01441794e+10
 1.12650000e+03  7.19412522e+16  5.29199526e+15  3.87349895e+10  4.28840675e+09  1.00767341e+12  1.01441794e+10
 1.12800000e+03  7.68564473e+16  9.69737806e+15  4.13814549e+10  7.85834065e+09  1.00767341e+12  1.01441794e+10
 1.12950000e+03  8.14403536e+16  1.39778576e+16  4.38495460e+10  1.13270583e+10  1.00767341e+12  1.01441794e+10
 1.13100000e+03  8.57153003e+16  1.81247025e+16  4.61512853e+10  1.46874842e+10  1.00767341e+12  1.01441794e+10
 1.13250000e+03  8.97021114e+16  2.21314797e+16  4.82978853e+10  1.79344051e+10  1.00767341e+12  1.01441794e+10
 1.13400000e+03  9.34202077e+16  2.59937288e+16  5.02998023e+10  2.10642067e+10  1.00767341e+12  1.01441794e+10
 1.13550000e+03  9.68877007e+16  2.97086763e+16  5.21667883e+10  2.40746413e+10  1.00767341e+12  1.01441794e+10
 1.13700000e+03  1.00121481e+17  3.32749830e+16  5.39079376e+10  2.69646238e+10  1.00767341e+12  1.01441794e+10
 1.13850000e+03  1.03137302e+17  3.66925234e+16  5.55317318e+10  2.97340525e+10  1.00767341e+12  1.01441794e+10
 1.14000000e+03  1.05949854e+17  3.99621918e+16  5.70460807e+10  3.23836520e+10  1.00767341e+12  1.01441794e+10
 1.14000000e+03  1.05949854e+17  3.99621918e+16  5.70460807e+10  3.23836520e+10  1.00767341e+12  1.01340352e+10
 1.14002500e+03  1.05826706e+17  4.00153445e+16  5.69797747e+10  3.24267247e+10  1.00767341e+12  1.01340352e+10
 1.14005000e+03  1.05703701e+17  4.00682612e+16  5.69135459e+10  3.24696061e+10  1.00767341e+12  1.01340352e+10
 1.14007500e+03  1.05580839e+17  4.01209425e+16  5.68473940e+10  3.25122968e+10  1.00767341e+12  1.01340352e+10
 1.14010000e+03  1.05458120e+17  4.01733890e+16  5.67813189e+10  3.25547972e+10  1.00767341e+12  1.01340352e+10
 1.14012500e+03  1.05335544e+17  4.02256012e+16  5.67153207e+10  3.25971078e+10  1.00767341e+12  1.01340352e+10
 1.14015000e+03  1.05213110e+17  4.02775799e+16  5.66493992e+10  3.26392290e+10  1.00767341e+12  1.01340352e+10
 1.14017500e+03  1.05090818e+17  4.03293254e+16  5.65835544e+10  3.26811614e+10  1.00767341e+12  1.01340352e+10
 1.14020000e+03  1.04968669e+17  4.03808384e+16  5.65177860e+10  3.27229053e+10  1.00767341e+12  1.01340352e+10
 1.14022500e+03  1.04846662e+17  4.04321195e+16  5.64520941e+10  3.27644613e+10  1.00767341e+12  1.01340352e+10
 1.14025000e+03  1.04724796e+17  4.04831691e+16  5.63864786e+10  3.28058298e+10  1.00767341e+12  1.01340352e+10
 1.14025000e+03  1.04724796e+17  0.00000000e+00  5.63864786e+10  0.00000000e+00  1.02928021e+12  1.01239011e+10
 1.14120000e+03  1.00197373e+17  4.37906492e+15  5.39487996e+10  3.54860702e+09  1.02928021e+12  1.01239011e+10
 1.14215000e+03  9.58656779e+16  8.28702162e+15  5.16165054e+10  6.71544808e+09  1.02928021e+12  1.01239011e+10
 1.14310000e+03  9.17212490e+16  1.17623704e+16  4.93850400e+10  9.53172218e+09  1.02928021e+12  1.01239011e+10
 1.14405000e+03  8.77559905e+16  1.48407803e+16  4.72500446e+10  1.20263339e+10  1.02928021e+12  1.01239011e+10
 1.14500000e+03  8.39621565e+16  1.75552863e+16  4.52073484e+10  1.42260536e+10  1.02928021e+12  1.01239011e+10
 1.14595000e+03  8.03323362e+16  1.99364740e+16  4.32529614e+10  1.61556663e+10  1.02928021e+12  1.01239011e+10
 1.14690000e+03  7.68594389e+16  2.20126507e+16  4.13830656e+10  1.78381112e+10  1.02928021e+12  1.01239011e+10
 1.14785000e+03  7.35366805e+16  2.38100058e+16  3.95940085e+10  1.92946109e+10  1.02928021e+12  1.01239011e+10
 1.14880000e+03  7.03575704e+16  2.53527594e+16  3.78822952e+10  2.05447925e+10  1.02928021e+12  1.01239011e+10
 1.14975000e+03  6.73158984e+16  2.66633019e+16  3.62445821e+10  2.16068001e+10  1.02928021e+12  1.01239011e+10
 1.14975000e+03  6.73158984e+16  0.00000000e+00  3.62445821e+10  0.00000000e+00  1.02928021e+12  1.01239011e+10
 1.14977500e+03  6.72376556e+16  7.81743401e+13  3.62024542e+10  6.33491435e+07  1.02928021e+12  1.01239011e+10
 1.14980000e+03  6.71595038e+16  1.56121102e+14  3.61603753e+10  1.26513867e+08  1.02928021e+12  1.01239011e+10
 1.14982500e+03  6.70814428e+16  2.33840789e+14  3.61183452e+10  1.89494580e+08  1.02928021e+12  1.01239011e+10
 1.14985000e+03  6.70034725e+16  3.11333904e+14  3.60763641e+10  2.52291688e+08  1.02928021e+12  1.01239011e+10
 1.14987500e+03  6.69255929e+16  3.88600949e+14  3.60344317e+10  3.14905598e+08  1.02928021e+12  1.01239011e+10
 1.14990000e+03  6.68478037e+16  4.65642424e+14  3.59925481e+10  3.77336716e+08  1.02928021e+12  1.01239011e+10
 1.14992500e+03  6.67701050e+16  5.42458828e+14  3.59507131e+10  4.39585446e+08  1.02928021e+12  1.01239011e+10
 1.14995000e+03  6.66924966e+16  6.19050661e+14  3.59089268e+10  5.01652194e+08  1.02928021e+12  1.01239011e+10
 1.14997500e+03  6.66149784e+16  6.95418420e+14  3.58671890e+10  5.63537361e+08  1.02928021e+12  1.01239011e+10
 1.15000000e+03  6.65375503e+16  7.71562602e+14  3.58254998e+10  6.25241351e+08  1.02928021e+12  1.01239011e+10
 1.15000000e+03  6.65375503e+16  7.71562602e+14  3.58254998e+10  6.25241351e+08  1.02928021e+12  1.01239011e+10
 1.15150000e+03  7.17974417e+16  5.28141657e+15  3.86575583e+10  4.27983422e+09  1.02928021e+12  1.01239011e+10
 1.15300000e+03  7.67028113e+16  9.67799300e+15  4.12987334e+10  7.84263183e+09  1.02928021e+12  1.01239011e+10
 1.15450000e+03  8.12775544e+16  1.39499159e+16  4.37618907e+10  1.13044155e+10  1.02928021e+12  1.01239011e+10
 1.15600000e+03  8.55439554e+16  1.80884712e+16  4.60590289e+10  1.46581239e+10  1.02928021e+12  1.01239011e+10
 1.15750000e+03  8.95227969e+16  2.20872388e+16  4.82013378e+10  1.78985542e+10  1.02928021e+12  1.01239011e+10
 1.15900000e+03  9.32334607e+16  2.59417674e+16  5.01992530e+10  2.10220993e+10  1.02928021e+12  1.01239011e+10
 1.16050000e+03  9.66940222e+16  2.96492886e+16  5.20625069e+10  2.40265161e+10  1.02928021e+12  1.01239011e+10
 1.16200000e+03  9.99213386e+16  3.32084663e+16  5.38001756e+10  2.69107216e+10  1.02928021e+12  1.01239011e+10
 1.16350000e+03  1.02931131e+17  3.66191751e+16  5.54207238e+10  2.96746141e+10  1.02928021e+12  1.01239011e+10
 1.16500000e+03  1.05738060e+17  3.98823074e+16  5.69320456e+10  3.23189171e+10  1.02928021e+12  1.01239011e+10
 1.16500000e+03  1.05738060e+17  3.98823074e+16  5.69320456e+10  3.23189171e+10  1.02928021e+12  1.01137772e+10
 1.16502500e+03  1.05615158e+17  3.99353538e+16  5.68658722e+10  3.23619036e+10  1.02928021e+12  1.01137772e+10
 1.16505000e+03  1.05492399e+17  3.99881647e+16  5.67997757e+10  3.24046993e+10  1.02928021e+12  1.01137772e+10
 1.16507500e+03  1.05369783e+17  4.00407407e+16  5.67337560e+10  3.24473047e+10  1.02928021e+12  1.01137772e+10
 1.16510000e+03  1.05247310e+17  4.00930824e+16  5.66678131e+10  3.24897201e+10  1.02928021e+12  1.01137772e+10
 1.16512500e+03  1.05124978e+17  4.01451903e+16  5.66019468e+10  3.25319461e+10  1.02928021e+12  1.01137772e+10
 1.16515000e+03  1.05002789e+17  4.01970650e+16  5.65361571e+10  3.25739832e+10  1.02928021e+12  1.01137772e+10
 1.16517500e+03  1.04880742e+17  4.02487071e+16  5.64704438e+10  3.26158317e+10  1.02928021e+12  1.01137772e+10
 1.16520000e+03  1.04758837e+17  4.03001171e+16  5.64048070e+10  3.26574922e+10  1.02928021e+12  1.01137772e+10
 1.16522500e+03  1.04637073e+17  4.03512956e+16  5.63392464e+10  3.26989651e+10  1.02928021e+12  1.01137772e+10
 1.16525000e+03  1.04515451e+17  4.04022433e+16  5.62737620e+10  3.27402509e+10  1.02928021e+12  1.01137772e+10
 1.16525000e+03  1.04515451e+17  0.00000000e+00  5.62737620e+10  0.00000000e+00  1.05084382e+12  1.01036635e+10
 1.16620000e+03  9.99970784e+16  4.37031117e+15  5.38409559e+10  3.54151336e+09  1.05084382e+12  1.01036635e+10
 1.16715000e+03  9.56740424e+16  8.27045586e+15  5.15133240e+10  6.70202390e+09  1.05084382e+12  1.01036635e+10
 1.16810000e+03  9.15378982e+16  1.17388574e+16  4.92863193e+10  9.51266826e+09  1.05084382e+12  1.01036635e+10
 1.16905000e+03  8.75805662e+16  1.48111135e+16  4.71555917e+10  1.20022933e+10  1.05084382e+12  1.01036635e+10
 1.17000000e+03  8.37943162e+16  1.75201933e+16  4.51169789e+10  1.41976157e+10  1.05084382e+12  1.01036635e+10
 1.17095000e+03  8.01717518e+16  1.98966210e+16  4.31664987e+10  1.61233712e+10  1.05084382e+12  1.01036635e+10
 1.17190000e+03  7.67057968e+16  2.19686475e+16  4.13003409e+10  1.78024528e+10  1.05084382e+12  1.01036635e+10
 1.17285000e+03  7.33896807e+16  2.37624096e+16  3.95148601e+10  1.92560409e+10  1.05084382e+12  1.01036635e+10
 1.17380000e+03  7.02169256e+16  2.53020792e+16  3.78065685e+10  2.05037234e+10  1.05084382e+12  1.01036635e+10
 1.17475000e+03  6.71813339e+16  2.66100020e+16  3.61721292e+10  2.15636081e+10  1.05084382e+12  1.01036635e+10
 1.17475000e+03  6.71813339e+16  0.00000000e+00  3.61721292e+10  0.00000000e+00  1.05084382e+12  1.01036635e+10
 1.17477500e+03  6.71032476e+16  7.80180696e+13  3.61300855e+10  6.32225086e+07  1.05084382e+12  1.01036635e+10
 1.17480000e+03  6.70252519e+16  1.55809016e+14  3.60880907e+10  1.26260966e+08  1.05084382e+12  1.01036635e+10
 1.17482500e+03  6.69473470e+16  2.33373341e+14  3.60461447e+10  1.89115780e+08  1.05084382e+12  1.01036635e+10
 1.17485000e+03  6.68695326e+16  3.10711548e+14  3.60042474e+10  2.51787356e+08  1.05084382e+12  1.01036635e+10
 1.17487500e+03  6.67918086e+16  3.87824135e+14  3.59623989e+10  3.14276101e+08  1.05084382e+12  1.01036635e+10
 1.17490000e+03  6.67141750e+16  4.64711604e+14  3.59205990e+10  3.76582419e+08  1.05084382e+12  1.01036635e+10
 1.17492500e+03  6.66366316e+16  5.41374453e+14  3.58788476e+10  4.38706715e+08  1.05084382e+12  1.01036635e+10
 1.17495000e+03  6.65591783e+16  6.17813179e+14  3.58371448e+10  5.00649391e+08  1.05084382e+12  1.01036635e+10
 1.17497500e+03  6.64818151e+16  6.94028279e+14  3.57954905e+10  5.62410850e+08  1.05084382e+12  1.01036635e+10
 1.17500000e+03  6.64045418e+16  7.70020248e+14  3.57538846e+10  6.23991494e+08  1.05084382e+12  1.01036635e+10
 1.17500000e+03  6.64045418e+16  7.70020248e+14  3.57538846e+10  6.23991494e+08  1.05084382e+12  1.01036635e+10
 1.17650000e+03  7.16539186e+16  5.27085901e+15  3.85802818e+10  4.27127884e+09  1.05084382e+12  1.01036635e+10
 1.17800000e+03  7.65494824e+16  9.65864669e+15  4.12161772e+10  7.82695441e+09  1.05084382e+12  1.01036635e+10
 1.17950000e+03  8.11150805e+16  1.39220300e+16  4.36744107e+10  1.12818180e+10  1.05084382e+12  1.01036635e+10
 1.18100000e+03  8.53729530e+16  1.80523124e+16  4.59669569e+10  1.46288223e+10  1.05084382e+12  1.01036635e+10
 1.18250000e+03  8.93438408e+16  2.20430864e+16  4.81049833e+10  1.78627750e+10  1.05084382e+12  1.01036635e+10
 1.18400000e+03  9.30470870e+16  2.58899098e+16  5.00989047e+10  2.09800762e+10  1.05084382e+12  1.01036635e+10
 1.18550000e+03  9.65007308e+16  2.95900197e+16  5.19584339e+10  2.39784871e+10  1.05084382e+12  1.01036635e+10
 1.18700000e+03  9.97215958e+16  3.31420826e+16  5.36926291e+10  2.68569270e+10  1.05084382e+12  1.01036635e+10
 1.18850000e+03  1.02725371e+17  3.65459733e+16  5.53099378e+10  2.96152946e+10  1.05084382e+12  1.01036635e+10
 1.19000000e+03  1.05526690e+17  3.98025826e+16  5.68182384e+10  3.22543116e+10  1.05084382e+12  1.01036635e+10
 1.19000000e+03  1.05526690e+17  3.98025826e+16  5.68182384e+10  3.22543116e+10  1.05084382e+12  1.00935598e+10
 1.19002500e+03  1.05404034e+17  3.98555230e+16  5.67521973e+10  3.22972122e+10  1.05084382e+12  1.00935598e+10
 1.19005000e+03  1.05281520e+17  3.99082284e+16  5.66862329e+10  3.23399223e+10  1.05084382e+12  1.00935598e+10
 1.19007500e+03  1.05159149e+17  3.99606993e+16  5.66203452e+10  3.23824425e+10  1.05084382e+12  1.00935598e+10
 1.19010000e+03  1.05036920e+17  4.00129363e+16  5.65545341e+10  3.24247732e+10  1.05084382e+12  1.00935598e+10
 1.19012500e+03  1.04914833e+17  4.00649400e+16  5.64887995e+10  3.24669148e+10  1.05084382e+12  1.00935598e+10
 1.19015000e+03  1.04792888e+17  4.01167110e+16  5.64231413e+10  3.25088678e+10  1.05084382e+12  1.00935598e+10
 1.19017500e+03  1.04671085e+17  4.01682499e+16  5.63575594e+10  3.25506327e+10  1.05084382e+12  1.00935598e+10
 1.19020000e+03  1.04549424e+17  4.02195572e+16  5.62920538e+10  3.25922099e+10  1.05084382e+12  1.00935598e+10
 1.19022500e+03  1.04427904e+17  4.02706334e+16  5.62266242e+10  3.26335999e+10  1.05084382e+12  1.00935598e+10
 1.19025000e+03  1.04306525e+17  4.03214792e+16  5.61612707e+10  3.26748032e+10  1.05084382e+12  1.00935598e+10
 1.19025000e+03  1.04306525e+17  0.00000000e+00  5.61612707e+10  0.00000000e+00  1.07236432e+12  1.00834662e+10
 1.19120000e+03  9.97971843e+16  4.36157492e+15  5.37333278e+10  3.53443387e+09  1.07236432e+12  1.00834662e+10
 1.19215000e+03  9.54827900e+16  8.25392322e+15  5.14103488e+10  6.68862655e+09  1.07236432e+12  1.00834662e+10
 1.19310000e+03  9.13549139e+16  1.17153914e+16  4.91877960e+10  9.49365244e+09  1.07236432e+12  1.00834662e+10
 1.19405000e+03  8.74054927e+16  1.47815061e+16  4.70613277e+10  1.19783007e+10  1.07236432e+12  1.00834662e+10
 1.19500000e+03  8.36268113e+16  1.74851704e+16  4.50267901e+10  1.41692347e+10  1.07236432e+12  1.00834662e+10
 1.19595000e+03  8.00114885e+16  1.98568477e+16  4.30802089e+10  1.60911406e+10  1.07236432e+12  1.00834662e+10
 1.19690000e+03  7.65524619e+16  2.19247321e+16  4.12177815e+10  1.77668657e+10  1.07236432e+12  1.00834662e+10
 1.19785000e+03  7.32429747e+16  2.37149085e+16  3.94358699e+10  1.92175481e+10  1.07236432e+12  1.00834662e+10
 1.19880000e+03  7.00765620e+16  2.52515003e+16  3.77309932e+10  2.04627365e+10  1.07236432e+12  1.00834662e+10
 1.19975000e+03  6.70470385e+16  2.65568086e+16  3.60998211e+10  2.15205025e+10  1.07236432e+12  1.00834662e+10
 1.19975000e+03  6.70470385e+16  0.00000000e+00  3.60998211e+10  0.00000000e+00  1.07236432e+12  1.00834662e+10
 1.19977500e+03  6.69691082e+16  7.78621114e+13  3.60578614e+10  6.30961268e+07  1.07236432e+12  1.00834662e+10
 1.19980000e+03  6.68912685e+16  1.55497554e+14  3.60159506e+10  1.26008570e+08  1.07236432e+12  1.00834662e+10
 1.19982500e+03  6.68135192e+16  2.32906828e+14  3.59740884e+10  1.88737737e+08  1.07236432e+12  1.00834662e+10
 1.19985000e+03  6.67358604e+16  3.10090435e+14  3.59322749e+10  2.51284033e+08  1.07236432e+12  1.00834662e+10
 1.19987500e+03  6.66582918e+16  3.87048875e+14  3.58905100e+10  3.13647863e+08  1.07236432e+12  1.00834662e+10
 1.19990000e+03  6.65808133e+16  4.63782646e+14  3.58487937e+10  3.75829631e+08  1.07236432e+12  1.00834662e+10
 1.19992500e+03  6.65034249e+16  5.40292245e+14  3.58071258e+10  4.37829740e+08  1.07236432e+12  1.00834662e+10
 1.19995000e+03  6.64261265e+16  6.16578170e+14  3.57655064e+10  4.99648593e+08  1.07236432e+12  1.00834662e+10
 1.19997500e+03  6.63489179e+16  6.92640916e+14  3.57239353e+10  5.61286591e+08  1.07236432e+12  1.00834662e+10
 1.20000000e+03  6.62717991e+16  7.68480978e+14  3.56824126e+10  6.22744135e+08  1.07236432e+12  1.00834662e+10
 1.20000000e+03  6.62717991e+16  7.68480978e+14  3.56824126e+10  6.22744135e+08  1.07236432e+12  1.00834662e+10
 1.20150000e+03  7.15106824e+16  5.26032257e+15  3.85031599e+10  4.26274055e+09  1.07236432e+12  1.00834662e+10
 1.20300000e+03  7.63964600e+16  9.63933905e+15  4.11337861e+10  7.81130832e+09  1.07236432e+12  1.00834662e+10
 1.20450000e+03  8.09529315e+16  1.38941999e+16  4.35871056e+10  1.12592656e+10  1.07236432e+12  1.00834662e+10
 1.20600000e+03  8.52022925e+16  1.80162258e+16  4.58750690e+10  1.45995793e+10  1.07236432e+12  1.00834662e+10
 1.20750000e+03  8.91652425e+16  2.19990223e+16  4.80088215e+10  1.78270673e+10  1.07236432e+12  1.00834662e+10
 1.20900000e+03  9.28610859e+16  2.58381558e+16  4.99987570e+10  2.09381370e+10  1.07236432e+12  1.00834662e+10
 1.21050000e+03  9.63078259e+16  2.95308693e+16  5.18545690e+10  2.39305541e+10  1.07236432e+12  1.00834662e+10
 1.21200000e+03  9.95222523e+16  3.30758316e+16  5.35852975e+10  2.68032400e+10  1.07236432e+12  1.00834662e+10
 1.21350000e+03  1.02520023e+17  3.64729179e+16  5.51993733e+10  2.95560936e+10  1.07236432e+12  1.00834662e+10
 1.21500000e+03  1.05315742e+17  3.97230173e+16  5.67046588e+10  3.21898352e+10  1.07236432e+12  1.00834662e+10
 1.21500000e+03  1.05315742e+17  3.97230173e+16  5.67046588e+10  3.21898352e+10  1.07236432e+12  1.00733828e+10
 1.21502500e+03  1.05193331e+17  3.97758518e+16  5.66387496e+10  3.22326501e+10  1.07236432e+12  1.00733828e+10
 1.21505000e+03  1.05071062e+17  3.98284518e+16  5.65729171e+10  3.22752748e+10  1.07236432e+12  1.00733828e+10
 1.21507500e+03  1.04948936e+17  3.98808178e+16  5.65071612e+10  3.23177100e+10  1.07236432e+12  1.00733828e+10
 1.21510000e+03  1.04826951e+17  3.99329504e+16  5.64414816e+10  3.23599561e+10  1.07236432e+12  1.00733828e+10
 1.21512500e+03  1.04705109e+17  3.99848502e+16  5.63758784e+10  3.24020134e+10  1.07236432e+12  1.00733828e+10
 1.21515000e+03  1.04583408e+17  4.00365177e+16  5.63103515e+10  3.24438826e+10  1.07236432e+12  1.00733828e+10
 1.21517500e+03  1.04461848e+17  4.00879536e+16  5.62449007e+10  3.24855640e+10  1.07236432e+12  1.00733828e+10
 1.21520000e+03  1.04340429e+17  4.01391583e+16  5.61795259e+10  3.25270581e+10  1.07236432e+12  1.00733828e+10
 1.21522500e+03  1.04219152e+17  4.01901324e+16  5.61142272e+10  3.25683653e+10  1.07236432e+12  1.00733828e+10
 1.21525000e+03  1.04098016e+17  4.02408766e+16  5.60490044e+10  3.26094862e+10  1.07236432e+12  1.00733828e+10
 1.21525000e+03  1.04098016e+17  0.00000000e+00  5.60490044e+10  0.00000000e+00  1.09384180e+12  1.00633094e+10
 1.21620000e+03  9.95976897e+16  4.35285613e+15  5.36259149e+10  3.52736854e+09  1.09384180e+12  1.00633094e+10
 1.21715000e+03  9.52919199e+16  8.23742363e+15  5.13075795e+10  6.67525599e+09  1.09384180e+12  1.00633094e+10
 1.21810000e+03  9.11722955e+16  1.16919724e+16  4.90894696e+10  9.47467463e+09  1.09384180e+12  1.00633094e+10
 1.21905000e+03  8.72307691e+16  1.47519579e+16  4.69672521e+10  1.19543561e+10  1.09384180e+12  1.00633094e+10
 1.22000000e+03  8.34596413e+16  1.74502176e+16  4.49367815e+10  1.41409104e+10  1.09384180e+12  1.00633094e+10
 1.22095000e+03  7.98515455e+16  1.98171538e+16  4.29940915e+10  1.60589744e+10  1.09384180e+12  1.00633094e+10
 1.22190000e+03  7.63994336e+16  2.18809046e+16  4.11353871e+10  1.77313498e+10  1.09384180e+12  1.00633094e+10
 1.22285000e+03  7.30965620e+16  2.36675024e+16  3.93570376e+10  1.91791322e+10  1.09384180e+12  1.00633094e+10
 1.22380000e+03  6.99364790e+16  2.52010226e+16  3.76555689e+10  2.04218315e+10  1.09384180e+12  1.00633094e+10
 1.22475000e+03  6.69130114e+16  2.65037215e+16  3.60276575e+10  2.14774830e+10  1.09384180e+12  1.00633094e+10
 1.22475000e+03  6.69130114e+16  0.00000000e+00  3.60276575e+10  0.00000000e+00  1.09384180e+12  1.00633094e+10
 1.22477500e+03  6.68352369e+16  7.77064651e+13  3.59857818e+10  6.29699976e+07  1.09384180e+12  1.00633094e+10
 1.22480000e+03  6.67575528e+16  1.55186714e+14  3.59439547e+10  1.25756679e+08  1.09384180e+12  1.00633094e+10
 1.22482500e+03  6.66799590e+16  2.32441247e+14  3.59021762e+10  1.88360451e+08  1.09384180e+12  1.00633094e+10
 1.22485000e+03  6.66024554e+16  3.09470564e+14  3.58604463e+10  2.50781717e+08  1.09384180e+12  1.00633094e+10
 1.22487500e+03  6.65250418e+16  3.86275164e+14  3.58187649e+10  3.13020881e+08  1.09384180e+12  1.00633094e+10
 1.22490000e+03  6.64477183e+16  4.62855544e+14  3.57771319e+10  3.75078348e+08  1.09384180e+12  1.00633094e+10
 1.22492500e+03  6.63704846e+16  5.39212201e+14  3.57355474e+10  4.36954519e+08  1.09384180e+12  1.00633094e+10
 1.22495000e+03  6.62933407e+16  6.15345631e+14  3.56940111e+10  4.98649795e+08  1.09384180e+12  1.00633094e+10
 1.22497500e+03  6.62162864e+16  6.91256327e+14  3.56525232e+10  5.60164579e+08  1.09384180e+12  1.00633094e+10
 1.22500000e+03  6.61393217e+16  7.66944784e+14  3.56110835e+10  6.21499269e+08  1.09384180e+12  1.00633094e+10
 1.22500000e+03  6.61393217e+16  7.66944784e+14  3.56110835e+10  6.21499269e+08  1.09384180e+12  1.00633094e+10
 1.22650000e+03  7.13677325e+16  5.24980718e+15  3.84261920e+10  4.25421933e+09  1.09384180e+12  1.00633094e+10
 1.22800000e+03  7.62437434e+16  9.62007002e+15  4.10515596e+10  7.79569352e+09  1.09384180e+12  1.00633094e+10
 1.22950000e+03  8.07911066e+16  1.38664253e+16  4.34999749e+10  1.12367584e+10  1.09384180e+12  1.00633094e+10
 1.23100000e+03  8.50319731e+16  1.79802114e+16  4.57833647e+10  1.45703947e+10  1.09384180e+12  1.00633094e+10
 1.23250000e+03  8.89870011e+16  2.19550463e+16  4.79128518e+10  1.77914310e+10  1.09384180e+12  1.00633094e+10
 1.23400000e+03  9.26754565e+16  2.57865054e+16  4.98988095e+10  2.08962817e+10  1.09384180e+12  1.00633094e+10
 1.23550000e+03  9.61153065e+16  2.94718371e+16  5.17509117e+10  2.38827169e+10  1.09384180e+12  1.00633094e+10
 1.23700000e+03  9.93233074e+16  3.30097130e+16  5.34781805e+10  2.67496603e+10  1.09384180e+12  1.00633094e+10
 1.23850000e+03  1.02315086e+17  3.64000086e+16  5.50890297e+10  2.94970110e+10  1.09384180e+12  1.00633094e+10
 1.24000000e+03  1.05105216e+17  3.96436110e+16  5.65913061e+10  3.21254877e+10  1.09384180e+12  1.00633094e+10
 1.24000000e+03  1.05105216e+17  3.96436110e+16  5.65913061e+10  3.21254877e+10  1.09384180e+12  1.00532461e+10
 1.24002500e+03  1.04983049e+17  3.96963399e+16  5.65255288e+10  3.21682170e+10  1.09384180e+12  1.00532461e+10
 1.24005000e+03  1.04861025e+17  3.97488348e+16  5.64598279e+10  3.22107566e+10  1.09384180e+12  1.00532461e+10
 1.24007500e+03  1.04739143e+17  3.98010961e+16  5.63942034e+10  3.22531069e+10  1.09384180e+12  1.00532461e+10
 1.24010000e+03  1.04617402e+17  3.98531245e+16  5.63286551e+10  3.22952685e+10  1.09384180e+12  1.00532461e+10
 1.24012500e+03  1.04495803e+17  3.99049205e+16  5.62631830e+10  3.23372418e+10  1.09384180e+12  1.00532461e+10
 1.24015000e+03  1.04374345e+17  3.99564847e+16  5.61977871e+10  3.23790272e+10  1.09384180e+12  1.00532461e+10
 1.24017500e+03  1.04253029e+17  4.00078177e+16  5.61324671e+10  3.24206253e+10  1.09384180e+12  1.00532461e+10
 1.24020000e+03  1.04131853e+17  4.00589201e+16  5.60672231e+10  3.24620365e+10  1.09384180e+12  1.00532461e+10
 1.24022500e+03  1.04010818e+17  4.01097923e+16  5.60020549e+10  3.25032612e+10  1.09384180e+12  1.00532461e+10
 1.24025000e+03  1.03889924e+17  4.01604351e+16  5.59369624e+10  3.25442999e+10  1.09384180e+12  1.00532461e+10
 1.24025000e+03  1.03889924e+17  0.00000000e+00  5.59369624e+10  0.00000000e+00  1.11527635e+12  1.00431928e+10
 1.24120000e+03  9.93985939e+16  4.34415477e+15  5.35187167e+10  3.52031733e+09  1.11527635e+12  1.00431928e+10
 1.24215000e+03  9.51014313e+16  8.22095702e+15  5.12050157e+10  6.66191215e+09  1.11527635e+12  1.00431928e+10
 1.24310000e+03  9.09900421e+16  1.16686001e+16  4.89913397e+10  9.45573475e+09  1.11527635e+12  1.00431928e+10
 1.24405000e+03  8.70563948e+16  1.47224687e+16  4.68733646e+10  1.19304593e+10  1.11527635e+12  1.00431928e+10
 1.24500000e+03  8.32928055e+16  1.74153346e+16  4.48469529e+10  1.41126427e+10  1.11527635e+12  1.00431928e+10
 1.24595000e+03  7.96919223e+16  1.97775393e+16  4.29081463e+10  1.60268725e+10  1.11527635e+12  1.00431928e+10
 1.24690000e+03  7.62467111e+16  2.18371647e+16  4.10531575e+10  1.76959048e+10  1.11527635e+12  1.00431928e+10
 1.24785000e+03  7.29504420e+16  2.36201911e+16  3.92783628e+10  1.91407932e+10  1.11527635e+12  1.00431928e+10
 1.24880000e+03  6.97966759e+16  2.51506457e+16  3.75802954e+10  2.03810082e+10  1.11527635e+12  1.00431928e+10
 1.24975000e+03  6.67792523e+16  2.64507406e+16  3.59556383e+10  2.14345495e+10  1.11527635e+12  1.00431928e+10
 1.24975000e+03  6.67792523e+16  0.00000000e+00  3.59556383e+10  0.00000000e+00  1.11527635e+12  1.00431928e+10
 1.24977500e+03  6.67016333e+16  7.75511298e+13  3.59138462e+10  6.28441206e+07  1.11527635e+12  1.00431928e+10
 1.24980000e+03  6.66241045e+16  1.54876496e+14  3.58721027e+10  1.25505292e+08  1.11527635e+12  1.00431928e+10
 1.24982500e+03  6.65466658e+16  2.31976597e+14  3.58304078e+10  1.87983918e+08  1.11527635e+12  1.00431928e+10
 1.24985000e+03  6.64693171e+16  3.08851933e+14  3.57887613e+10  2.50280404e+08  1.11527635e+12  1.00431928e+10
 1.24987500e+03  6.63920583e+16  3.85503000e+14  3.57471632e+10  3.12395153e+08  1.11527635e+12  1.00431928e+10
 1.24990000e+03  6.63148893e+16  4.61930296e+14  3.57056135e+10  3.74328566e+08  1.11527635e+12  1.00431928e+10
 1.24992500e+03  6.62378100e+16  5.38134316e+14  3.56641120e+10  4.36081046e+08  1.11527635e+12  1.00431928e+10
 1.24995000e+03  6.61608203e+16  6.14115555e+14  3.56226588e+10  4.97652994e+08  1.11527635e+12  1.00431928e+10
 1.24997500e+03  6.60839201e+16  6.89874506e+14  3.55812538e+10  5.59044810e+08  1.11527635e+12  1.00431928e+10
 1.25000000e+03  6.60071092e+16  7.65411661e+14  3.55398969e+10  6.20256892e+08  1.11527635e+12  1.00431928e+10
 1.25000000e+03  6.60071092e+16  7.65411661e+14  3.55398969e+10  6.20256892e+08  1.11527635e+12  1.00431928e+10
 1.25150000e+03  7.12250684e+16  5.23931282e+15  3.83493781e+10  4.24571515e+09  1.11527635e+12  1.00431928e+10
 1.25300000e+03  7.60913322e+16  9.60083950e+15  4.09694976e+10  7.78010993e+09  1.11527635e+12  1.00431928e+10
 1.25450000e+03  8.06296051e+16  1.38387064e+16  4.34130185e+10  1.12142961e+10  1.11527635e+12  1.00431928e+10
 1.25600000e+03  8.48619942e+16  1.79442689e+16  4.56918438e+10  1.45412685e+10  1.11527635e+12  1.00431928e+10
 1.25750000e+03  8.88091161e+16  2.19111581e+16  4.78170741e+10  1.77558659e+10  1.11527635e+12  1.00431928e+10
 1.25900000e+03  9.24901983e+16  2.57349581e+16  4.97990618e+10  2.08545100e+10  1.11527635e+12  1.00431928e+10
 1.26050000e+03  9.59231720e+16  2.94129229e+16  5.16474617e+10  2.38349754e+10  1.11527635e+12  1.00431928e+10
 1.26200000e+03  9.91247601e+16  3.29437266e+16  5.33712776e+10  2.66961878e+10  1.11527635e+12  1.00431928e+10
 1.26350000e+03  1.02110558e+17  3.63272449e+16  5.49789067e+10  2.94380464e+10  1.11527635e+12  1.00431928e+10
 1.26500000e+03  1.04895110e+17  3.95643634e+16  5.64781801e+10  3.20612689e+10  1.11527635e+12  1.00431928e+10
 1.26500000e+03  1.04895110e+17  3.95643634e+16  5.64781801e+10  3.20612689e+10  1.11527635e+12  1.00331496e+10
 1.26502500e+03  1.04773188e+17  3.96169869e+16  5.64125343e+10  3.21039127e+10  1.11527635e+12  1.00331496e+10
 1.26505000e+03  1.04651408e+17  3.96693768e+16  5.63469647e+10  3.21463673e+10  1.11527635e+12  1.00331496e+10
 1.26507500e+03  1.04529769e+17  3.97215337e+16  5.62814713e+10  3.21886330e+10  1.11527635e+12  1.00331496e+10
 1.26510000e+03  1.04408272e+17  3.97734581e+16  5.62160541e+10  3.22307103e+10  1.11527635e+12  1.00331496e+10
 1.26512500e+03  1.04286916e+17  3.98251506e+16  5.61507129e+10  3.22725996e+10  1.11527635e+12  1.00331496e+10
 1.26515000e+03  1.04165701e+17  3.98766117e+16  5.60854477e+10  3.23143016e+10  1.11527635e+12  1.00331496e+10
 1.26517500e+03  1.04044627e+17  3.99278421e+16  5.60202583e+10  3.23558165e+10  1.11527635e+12  1.00331496e+10
 1.26520000e+03  1.03923693e+17  3.99788423e+16  5.59551447e+10  3.23971449e+10  1.11527635e+12  1.00331496e+10
 1.26522500e+03  1.03802901e+17  4.00296129e+16  5.58901068e+10  3.24382871e+10  1.11527635e+12  1.00331496e+10
 1.26525000e+03  1.03682248e+17  4.00801543e+16  5.58251444e+10  3.24792438e+10  1.11527635e+12  1.00331496e+10
 1.26525000e+03  1.03682248e+17  0.00000000e+00  5.58251444e+10  0.00000000e+00  1.13666805e+12  1.00231165e+10
 1.26620000e+03  9.91998961e+16  4.33547080e+15  5.34117328e+10  3.51328021e+09  1.13666805e+12  1.00231165e+10
 1.26715000e+03  9.49113236e+16  8.20452332e+15  5.11026569e+10  6.64859499e+09  1.13666805e+12  1.00231165e+10
 1.26810000e+03  9.08081530e+16  1.16452746e+16  4.88934060e+10  9.43683274e+09  1.13666805e+12  1.00231165e+10
 1.26905000e+03  8.68823691e+16  1.46930385e+16  4.67796647e+10  1.19066103e+10  1.13666805e+12  1.00231165e+10
 1.27000000e+03  8.31263032e+16  1.73805213e+16  4.47573039e+10  1.40844315e+10  1.13666805e+12  1.00231165e+10
 1.27095000e+03  7.95326181e+16  1.97380040e+16  4.28223729e+10  1.59948348e+10  1.13666805e+12  1.00231165e+10
 1.27190000e+03  7.60942939e+16  2.17935122e+16  4.09710922e+10  1.76605307e+10  1.13666805e+12  1.00231165e+10
 1.27285000e+03  7.28046141e+16  2.35729743e+16  3.91998454e+10  1.91025307e+10  1.13666805e+12  1.00231165e+10
 1.27380000e+03  6.96571524e+16  2.51003696e+16  3.75051724e+10  2.03402666e+10  1.13666805e+12  1.00231165e+10
 1.27475000e+03  6.66457606e+16  2.63978655e+16  3.58837629e+10  2.13917018e+10  1.13666805e+12  1.00231165e+10
 1.27475000e+03  6.66457606e+16  0.00000000e+00  3.58837629e+10  0.00000000e+00  1.13666805e+12  1.00231165e+10
 1.27477500e+03  6.65682967e+16  7.73961051e+13  3.58420544e+10  6.27184952e+07  1.13666805e+12  1.00231165e+10
 1.27480000e+03  6.64909229e+16  1.54566898e+14  3.58003944e+10  1.25254407e+08  1.13666805e+12  1.00231165e+10
 1.27482500e+03  6.64136390e+16  2.31512876e+14  3.57587828e+10  1.87608138e+08  1.13666805e+12  1.00231165e+10
 1.27485000e+03  6.63364449e+16  3.08234538e+14  3.57172195e+10  2.49780094e+08  1.13666805e+12  1.00231165e+10
 1.27487500e+03  6.62593406e+16  3.84732380e+14  3.56757046e+10  3.11770675e+08  1.13666805e+12  1.00231165e+10
 1.27490000e+03  6.61823258e+16  4.61006897e+14  3.56342379e+10  3.73580283e+08  1.13666805e+12  1.00231165e+10
 1.27492500e+03  6.61054006e+16  5.37058586e+14  3.55928195e+10  4.35209320e+08  1.13666805e+12  1.00231165e+10
 1.27495000e+03  6.60285648e+16  6.12887938e+14  3.55514491e+10  4.96658186e+08  1.13666805e+12  1.00231165e+10
 1.27497500e+03  6.59518183e+16  6.88495446e+14  3.55101269e+10  5.57927279e+08  1.13666805e+12  1.00231165e+10
 1.27500000e+03  6.58751610e+16  7.63881604e+14  3.54688526e+10  6.19016998e+08  1.13666805e+12  1.00231165e+10
 1.27500000e+03  6.58751610e+16  7.63881604e+14  3.54688526e+10  6.19016998e+08  1.13666805e+12  1.00231165e+10
 1.27650000e+03  7.10826895e+16  5.22883943e+15  3.82727177e+10  4.23722796e+09  1.13666805e+12  1.00231165e+10
 1.27800000e+03  7.59392256e+16  9.58164742e+15  4.08875995e+10  7.76455749e+09  1.13666805e+12  1.00231165e+10
 1.27950000e+03  8.04684266e+16  1.38110428e+16  4.33262359e+10  1.11918787e+10  1.13666805e+12  1.00231165e+10
 1.28100000e+03  8.46923550e+16  1.79083983e+16  4.56005058e+10  1.45122005e+10  1.13666805e+12  1.00231165e+10
 1.28250000e+03  8.86315867e+16  2.18673577e+16  4.77214877e+10  1.77203719e+10  1.13666805e+12  1.00231165e+10
 1.28400000e+03  9.23053104e+16  2.56835140e+16  4.96995135e+10  2.08128218e+10  1.13666805e+12  1.00231165e+10
 1.28550000e+03  9.57314216e+16  2.93541264e+16  5.15442184e+10  2.37873293e+10  1.13666805e+12  1.00231165e+10
 1.28700000e+03  9.89266097e+16  3.28778720e+16  5.32645884e+10  2.66428221e+10  1.13666805e+12  1.00231165e+10
 1.28850000e+03  1.01906439e+17  3.62546268e+16  5.48690039e+10  2.93791998e+10  1.13666805e+12  1.00231165e+10
 1.29000000e+03  1.04685425e+17  3.94852742e+16  5.63652802e+10  3.19971784e+10  1.13666805e+12  1.00231165e+10
 1.29000000e+03  1.04685425e+17  3.94852742e+16  5.63652802e+10  3.19971784e+10  1.13666805e+12  1.00130934e+10
 1.29002500e+03  1.04563747e+17  3.95377926e+16  5.62997656e+10  3.20397370e+10  1.13666805e+12  1.00130934e+10
 1.29005000e+03  1.04442210e+17  3.95900777e+16  5.62343271e+10  3.20821067e+10  1.13666805e+12  1.00130934e+10
 1.29007500e+03  1.04320814e+17  3.96421303e+16  5.61689647e+10  3.21242879e+10  1.13666805e+12  1.00130934e+10
 1.29010000e+03  1.04199560e+17  3.96939509e+16  5.61036782e+10  3.21662811e+10  1.13666805e+12  1.00130934e+10
 1.29012500e+03  1.04078446e+17  3.97455401e+16  5.60384676e+10  3.22080867e+10  1.13666805e+12  1.00130934e+10
 1.29015000e+03  1.03957474e+17  3.97968984e+16  5.59733329e+10  3.22497053e+10  1.13666805e+12  1.00130934e+10
 1.29017500e+03  1.03836642e+17  3.98480264e+16  5.59082738e+10  3.22911372e+10  1.13666805e+12  1.00130934e+10
 1.29020000e+03  1.03715950e+17  3.98989246e+16  5.58432904e+10  3.23323830e+10  1.13666805e+12  1.00130934e+10
 1.29022500e+03  1.03595399e+17  3.99495937e+16  5.57783824e+10  3.23734430e+10  1.13666805e+12  1.00130934e+10
 1.29025000e+03  1.03474987e+17  4.00000341e+16  5.57135500e+10  3.24143178e+10  1.13666805e+12  1.00130934e+10
 1.29025000e+03  1.03474987e+17  0.00000000e+00  5.57135500e+10  0.00000000e+00  1.15801699e+12  1.00030803e+10
 1.29120000e+03  9.90015956e+16  4.32680420e+15  5.33049627e+10  3.50625717e+09  1.15801699e+12  1.00030803e+10
 1.29215000e+03  9.47215958e+16  8.18812248e+15  5.10005027e+10  6.63530445e+09  1.15801699e+12  1.00030803e+10
 1.29310000e+03  9.06266275e+16  1.16219957e+16  4.87956681e+10  9.41796851e+09  1.15801699e+12  1.00030803e+10
 1.29405000e+03  8.67086912e+16  1.46636671e+16  4.66861522e+10  1.18828090e+10  1.15801699e+12  1.00030803e+10
 1.29500000e+03  8.29601337e+16  1.73457777e+16  4.46678340e+10  1.40562768e+10  1.15801699e+12  1.00030803e+10
 1.29595000e+03  7.93736324e+16  1.96985478e+16  4.27367710e+10  1.59628611e+10  1.15801699e+12  1.00030803e+10
 1.29690000e+03  7.59421814e+16  2.17499469e+16  4.08891910e+10  1.76252273e+10  1.15801699e+12  1.00030803e+10
 1.29785000e+03  7.26590776e+16  2.35258519e+16  3.91214849e+10  1.90643448e+10  1.15801699e+12  1.00030803e+10
 1.29880000e+03  6.95179077e+16  2.50501940e+16  3.74301996e+10  2.02996064e+10  1.15801699e+12  1.00030803e+10
 1.29975000e+03  6.65125357e+16  2.63450962e+16  3.58120313e+10  2.13489398e+10  1.15801699e+12  1.00030803e+10
 1.29975000e+03  6.65125357e+16  0.00000000e+00  3.58120313e+10  0.00000000e+00  1.15801699e+12  1.00030803e+10
 1.29977500e+03  6.64352267e+16  7.72413903e+13  3.57704062e+10  6.25931209e+07  1.15801699e+12  1.00030803e+10
 1.29980000e+03  6.63580075e+16  1.54257918e+14  3.57288294e+10  1.25004023e+08  1.15801699e+12  1.00030803e+10
 1.29982500e+03  6.62808781e+16  2.31050082e+14  3.56873010e+10  1.87233110e+08  1.15801699e+12  1.00030803e+10
 1.29985000e+03  6.62038384e+16  3.07618377e+14  3.56458208e+10  2.49280783e+08  1.15801699e+12  1.00030803e+10
 1.29987500e+03  6.61268881e+16  3.83963300e+14  3.56043889e+10  3.11147445e+08  1.15801699e+12  1.00030803e+10
 1.29990000e+03  6.60500274e+16  4.60085345e+14  3.55630051e+10  3.72833496e+08  1.15801699e+12  1.00030803e+10
 1.29992500e+03  6.59732559e+16  5.35985005e+14  3.55216694e+10  4.34339337e+08  1.15801699e+12  1.00030803e+10
 1.29995000e+03  6.58965737e+16  6.11662775e+14  3.54803818e+10  4.95665366e+08  1.15801699e+12  1.00030803e+10
 1.29997500e+03  6.58199806e+16  6.87119144e+14  3.54391421e+10  5.56811983e+08  1.15801699e+12  1.00030803e+10
 1.30000000e+03  6.57434766e+16  7.62354604e+14  3.53979504e+10  6.17779583e+08  1.15801699e+12  1.00030803e+10
 1.30000000e+03  6.57434766e+16  7.62354604e+14  3.53979504e+10  6.17779583e+08  1.15801699e+12  1.00030803e+10
 1.30150000e+03  7.09405952e+16  5.21838698e+15  3.81962105e+10  4.22875774e+09  1.15801699e+12  1.00030803e+10
 1.30300000e+03  7.57874231e+16  9.56249370e+15  4.08058652e+10  7.74903614e+09  1.15801699e+12  1.00030803e+10
 1.30450000e+03  8.03075702e+16  1.37834345e+16  4.32396267e+10  1.11695061e+10  1.15801699e+12  1.00030803e+10
 1.30600000e+03  8.45230550e+16  1.78725994e+16  4.55093504e+10  1.44831906e+10  1.15801699e+12  1.00030803e+10
 1.30750000e+03  8.84544122e+16  2.18236449e+16  4.76260925e+10  1.76849489e+10  1.15801699e+12  1.00030803e+10
 1.30900000e+03  9.21207921e+16  2.56321726e+16  4.96001641e+10  2.07712170e+10  1.15801699e+12  1.00030803e+10
 1.31050000e+03  9.55400545e+16  2.92954475e+16  5.14411815e+10  2.37397784e+10  1.15801699e+12  1.00030803e+10
 1.31200000e+03  9.87288554e+16  3.28121492e+16  5.31581125e+10  2.65895631e+10  1.15801699e+12  1.00030803e+10
 1.31350000e+03  1.01702728e+17  3.61821538e+16  5.47593208e+10  2.93204708e+10  1.15801699e+12  1.00030803e+10
 1.31500000e+03  1.04476159e+17  3.94063432e+16  5.62526060e+10  3.19332160e+10  1.15801699e+12  1.00030803e+10
 1.31500000e+03  1.04476159e+17  3.94063432e+16  5.62526060e+10  3.19332160e+10  1.15801699e+12  9.99307720e+09
 1.31502500e+03  1.04354724e+17  3.94587565e+16  5.61872224e+10  3.19756896e+10  1.15801699e+12  9.99307720e+09
 1.31505000e+03  1.04233430e+17  3.95109372e+16  5.61219147e+10  3.20179745e+10  1.15801699e+12  9.99307720e+09
 1.31507500e+03  1.04112277e+17  3.95628857e+16  5.60566829e+10  3.20600714e+10  1.15801699e+12  9.99307720e+09
 1.31510000e+03  1.03991265e+17  3.96146027e+16  5.59915270e+10  3.21019807e+10  1.15801699e+12  9.99307720e+09
 1.31512500e+03  1.03870394e+17  3.96660888e+16  5.59264468e+10  3.21437028e+10  1.15801699e+12  9.99307720e+09
 1.31515000e+03  1.03749663e+17  3.97173444e+16  5.58614422e+10  3.21852381e+10  1.15801699e+12  9.99307720e+09
 1.31517500e+03  1.03629072e+17  3.97683701e+16  5.57965132e+10  3.22265872e+10  1.15801699e+12  9.99307720e+09
 1.31520000e+03  1.03508622e+17  3.98191666e+16  5.57316596e+10  3.22677505e+10  1.15801699e+12  9.99307720e+09
 1.31522500e+03  1.03388311e+17  3.98697344e+16  5.56668814e+10  3.23087285e+10  1.15801699e+12  9.99307720e+09
 1.31525000e+03  1.03268141e+17  3.99200741e+16  5.56021786e+10  3.23495216e+10  1.15801699e+12  9.99307720e+09
 1.31525000e+03  1.03268141e+17  0.00000000e+00  5.56021786e+10  0.00000000e+00  1.17932326e+12  9.98308412e+09
 1.31620000e+03  9.88036914e+16  4.31815492e+15  5.31984061e+10  3.49924816e+09  1.17932326e+12  9.98308412e+09
 1.31715000e+03  9.45322474e+16  8.17175442e+15  5.08985526e+10  6.62204047e+09  1.17932326e+12  9.98308412e+09
 1.31810000e+03  9.04454648e+16  1.15987633e+16  4.86981256e+10  9.39914199e+09  1.17932326e+12  9.98308412e+09
 1.31905000e+03  8.65353605e+16  1.46343545e+16  4.65928265e+10  1.18590553e+10  1.17932326e+12  9.98308412e+09
 1.32000000e+03  8.27942964e+16  1.73111035e+16  4.45785430e+10  1.40281783e+10  1.17932326e+12  9.98308412e+09
 1.32095000e+03  7.92149645e+16  1.96591704e+16  4.26513402e+10  1.59309513e+10  1.17932326e+12  9.98308412e+09
 1.32190000e+03  7.57903730e+16  2.17064688e+16  4.08074535e+10  1.75899944e+10  1.17932326e+12  9.98308412e+09
 1.32285000e+03  7.25138321e+16  2.34788237e+16  3.90432811e+10  1.90262351e+10  1.17932326e+12  9.98308412e+09
 1.32380000e+03  6.93789414e+16  2.50001186e+16  3.73553766e+10  2.02590275e+10  1.17932326e+12  9.98308412e+09
 1.32475000e+03  6.63795772e+16  2.62924324e+16  3.57404430e+10  2.13062633e+10  1.17932326e+12  9.98308412e+09
 1.32475000e+03  6.63795772e+16  0.00000000e+00  3.57404430e+10  0.00000000e+00  1.17932326e+12  9.98308412e+09
 1.32477500e+03  6.63024227e+16  7.70869848e+13  3.56989011e+10  6.24679973e+07  1.17932326e+12  9.98308412e+09
 1.32480000e+03  6.62253579e+16  1.53949557e+14  3.56574075e+10  1.24754140e+08  1.17932326e+12  9.98308412e+09
 1.32482500e+03  6.61483826e+16  2.30588213e+14  3.56159621e+10  1.86858831e+08  1.17932326e+12  9.98308412e+09
 1.32485000e+03  6.60714969e+16  3.07003448e+14  3.55745648e+10  2.48782471e+08  1.17932326e+12  9.98308412e+09
 1.32487500e+03  6.59947005e+16  3.83195757e+14  3.55332157e+10  3.10525461e+08  1.17932326e+12  9.98308412e+09
 1.32490000e+03  6.59179934e+16  4.59165634e+14  3.54919146e+10  3.72088202e+08  1.17932326e+12  9.98308412e+09
 1.32492500e+03  6.58413754e+16  5.34913571e+14  3.54506616e+10  4.33471093e+08  1.17932326e+12  9.98308412e+09
 1.32495000e+03  6.57648465e+16  6.10440061e+14  3.54094565e+10  4.94674531e+08  1.17932326e+12  9.98308412e+09
 1.32497500e+03  6.56884065e+16  6.85745593e+14  3.53682993e+10  5.55698915e+08  1.17932326e+12  9.98308412e+09
 1.32500000e+03  6.56120554e+16  7.60830657e+14  3.53271899e+10  6.16544642e+08  1.17932326e+12  9.98308412e+09
 1.32500000e+03  6.56120554e+16  7.60830657e+14  3.53271899e+10  6.16544642e+08  1.17932326e+12  9.98308412e+09
 1.32650000e+03  7.07987850e+16  5.20795543e+15  3.81198563e+10  4.22030446e+09  1.17932326e+12  9.98308412e+09
 1.32800000e+03  7.56359241e+16  9.54337828e+15  4.07242943e+10  7.73354581e+09  1.17932326e+12  9.98308412e+09
 1.32950000e+03  8.01470354e+16  1.37558814e+16  4.31531907e+10  1.11471783e+10  1.17932326e+12  9.98308412e+09
 1.33100000e+03  8.43540934e+16  1.78368721e+16  4.54183772e+10  1.44542387e+10  1.17932326e+12  9.98308412e+09
 1.33250000e+03  8.82775918e+16  2.17800194e+16  4.75308879e+10  1.76495967e+10  1.17932326e+12  9.98308412e+09
 1.33400000e+03  9.19366426e+16  2.55809339e+16  4.95010134e+10  2.07296953e+10  1.17932326e+12  9.98308412e+09
 1.33550000e+03  9.53490699e+16  2.92368859e+16  5.13383506e+10  2.36923226e+10  1.17932326e+12  9.98308412e+09
 1.33700000e+03  9.85314964e+16  3.27465577e+16  5.30518495e+10  2.65364106e+10  1.17932326e+12  9.98308412e+09
 1.33850000e+03  1.01499424e+17  3.61098257e+16  5.46498569e+10  2.92618592e+10  1.17932326e+12  9.98308412e+09
 1.34000000e+03  1.04267311e+17  3.93275699e+16  5.61401571e+10  3.18693815e+10  1.17932326e+12  9.98308412e+09
 1.34000000e+03  1.04267311e+17  3.93275699e+16  5.61401571e+10  3.18693815e+10  1.17932326e+12  9.97310104e+09
 1.34002500e+03  1.04146119e+17  3.93798785e+16  5.60749041e+10  3.19117702e+10  1.17932326e+12  9.97310104e+09
 1.34005000e+03  1.04025067e+17  3.94319548e+16  5.60097270e+10  3.19539706e+10  1.17932326e+12  9.97310104e+09
 1.34007500e+03  1.03904157e+17  3.94837995e+16  5.59446256e+10  3.19959833e+10  1.17932326e+12  9.97310104e+09
 1.34010000e+03  1.03783386e+17  3.95354131e+16  5.58795999e+10  3.20378088e+10  1.17932326e+12  9.97310104e+09
 1.34012500e+03  1.03662757e+17  3.95867962e+16  5.58146498e+10  3.20794475e+10  1.17932326e+12  9.97310104e+09
 1.34015000e+03  1.03542267e+17  3.96379494e+16  5.57497752e+10  3.21208998e+10  1.17932326e+12  9.97310104e+09
 1.34017500e+03  1.03421918e+17  3.96888732e+16  5.56849759e+10  3.21621663e+10  1.17932326e+12  9.97310104e+09
 1.34020000e+03  1.03301708e+17  3.97395681e+16  5.56202520e+10  3.22032473e+10  1.17932326e+12  9.97310104e+09
 1.34022500e+03  1.03181638e+17  3.97900348e+16  5.55556034e+10  3.22441433e+10  1.17932326e+12  9.97310104e+09
 1.34025000e+03  1.03061708e+17  3.98402738e+16  5.54910298e+10  3.22848549e+10  1.17932326e+12  9.97310104e+09
 1.34025000e+03  1.03061708e+17  0.00000000e+00  5.54910298e+10  0.00000000e+00  1.20058693e+12  9.96312794e+09
 1.34120000e+03  9.86061828e+16  4.30952292e+15  5.30920625e+10  3.49225316e+09  1.20058693e+12  9.96312794e+09
 1.34215000e+03  9.43432774e+16  8.15541909e+15  5.07968064e+10  6.60880301e+09  1.20058693e+12  9.96312794e+09
 1.34310000e+03  9.02646643e+16  1.15755774e+16  4.86007780e+10  9.38035311e+09  1.20058693e+12  9.96312794e+09
 1.34405000e+03  8.63623764e+16  1.46051004e+16  4.64996875e+10  1.18353490e+10  1.20058693e+12  9.96312794e+09
 1.34500000e+03  8.26287906e+16  1.72764986e+16  4.44894305e+10  1.40001359e+10  1.20058693e+12  9.96312794e+09
 1.34595000e+03  7.90566138e+16  1.96198717e+16  4.25660802e+10  1.58991053e+10  1.20058693e+12  9.96312794e+09
 1.34690000e+03  7.56388681e+16  2.16630776e+16  4.07258794e+10  1.75548320e+10  1.20058693e+12  9.96312794e+09
 1.34785000e+03  7.23688770e+16  2.34318896e+16  3.89652335e+10  1.89882017e+10  1.20058693e+12  9.96312794e+09
 1.34880000e+03  6.92402529e+16  2.49501434e+16  3.72807032e+10  2.02185297e+10  1.20058693e+12  9.96312794e+09
 1.34975000e+03  6.62468844e+16  2.62398738e+16  3.56689979e+10  2.12636721e+10  1.20058693e+12  9.96312794e+09
 1.34975000e+03  6.62468844e+16  0.00000000e+00  3.56689979e+10  0.00000000e+00  1.20058693e+12  9.96312794e+09
 1.34977500e+03  6.61698841e+16  7.69328879e+13  3.56275390e+10  6.23431238e+07  1.20058693e+12  9.96312794e+09
 1.34980000e+03  6.60929734e+16  1.53641812e+14  3.55861283e+10  1.24504757e+08  1.20058693e+12  9.96312794e+09
 1.34982500e+03  6.60161520e+16  2.30127267e+14  3.55447658e+10  1.86485300e+08  1.20058693e+12  9.96312794e+09
 1.34985000e+03  6.59394200e+16  3.06389748e+14  3.55034513e+10  2.48285155e+08  1.20058693e+12  9.96312794e+09
 1.34987500e+03  6.58627771e+16  3.82429749e+14  3.54621848e+10  3.09904721e+08  1.20058693e+12  9.96312794e+09
 1.34990000e+03  6.57862233e+16  4.58247762e+14  3.54209663e+10  3.71344398e+08  1.20058693e+12  9.96312794e+09
 1.34992500e+03  6.57097585e+16  5.33844279e+14  3.53797957e+10  4.32604584e+08  1.20058693e+12  9.96312794e+09
 1.34995000e+03  6.56333825e+16  6.09219791e+14  3.53386730e+10  4.93685677e+08  1.20058693e+12  9.96312794e+09
 1.34997500e+03  6.55570954e+16  6.84374787e+14  3.52975980e+10  5.54588073e+08  1.20058693e+12  9.96312794e+09
 1.35000000e+03  6.54808969e+16  7.59309757e+14  3.52565708e+10  6.15312169e+08  1.20058693e+12  9.96312794e+09
 1.35000000e+03  6.54808969e+16  7.59309757e+14  3.52565708e+10  6.15312169e+08  1.20058693e+12  9.96312794e+09
 1.35150000e+03  7.06572582e+16  5.19754472e+15  3.80436547e+10  4.21186807e+09  1.20058693e+12  9.96312794e+09
 1.35300000e+03  7.54847278e+16  9.52430107e+15  4.06428864e+10  7.71808646e+09  1.20058693e+12  9.96312794e+09
 1.35450000e+03  7.99868214e+16  1.37283834e+16  4.30669275e+10  1.11248951e+10  1.20058693e+12  9.96312794e+09
 1.35600000e+03  8.41854696e+16  1.78012162e+16  4.53275858e+10  1.44253447e+10  1.20058693e+12  9.96312794e+09
 1.35750000e+03  8.81011249e+16  2.17364811e+16  4.74358737e+10  1.76143152e+10  1.20058693e+12  9.96312794e+09
 1.35900000e+03  9.17528613e+16  2.55297976e+16  4.94020609e+10  2.06882567e+10  1.20058693e+12  9.96312794e+09
 1.36050000e+03  9.51584671e+16  2.91784414e+16  5.12357252e+10  2.36449616e+10  1.20058693e+12  9.96312794e+09
 1.36200000e+03  9.83345319e+16  3.26810973e+16  5.29457988e+10  2.64833643e+10  1.20058693e+12  9.96312794e+09
 1.36350000e+03  1.01296527e+17  3.60376421e+16  5.45406118e+10  2.92033647e+10  1.20058693e+12  9.96312794e+09
 1.36500000e+03  1.04058881e+17  3.92489541e+16  5.60279329e+10  3.18056746e+10  1.20058693e+12  9.96312794e+09
 1.36500000e+03  1.04058881e+17  3.92489541e+16  5.60279329e+10  3.18056746e+10  1.20058693e+12  9.95316481e+09
 1.36502500e+03  1.03937931e+17  3.93011581e+16  5.59628104e+10  3.18479785e+10  1.20058693e+12  9.95316481e+09
 1.36505000e+03  1.03817121e+17  3.93531303e+16  5.58977635e+10  3.18900946e+10  1.20058693e+12  9.95316481e+09
 1.36507500e+03  1.03696452e+17  3.94048714e+16  5.58327923e+10  3.19320234e+10  1.20058693e+12  9.95316481e+09
 1.36510000e+03  1.03575924e+17  3.94563819e+16  5.57678966e+10  3.19737652e+10  1.20058693e+12  9.95316481e+09
 1.36512500e+03  1.03455535e+17  3.95076622e+16  5.57030763e+10  3.20153207e+10  1.20058693e+12  9.95316481e+09
 1.36515000e+03  1.03335286e+17  3.95587131e+16  5.56383314e+10  3.20566901e+10  1.20058693e+12  9.95316481e+09
 1.36517500e+03  1.03215177e+17  3.96095351e+16  5.55736617e+10  3.20978741e+10  1.20058693e+12  9.95316481e+09
 1.36520000e+03  1.03095208e+17  3.96601287e+16  5.55090671e+10  3.21388730e+10  1.20058693e+12  9.95316481e+09
 1.36522500e+03  1.02975378e+17  3.97104945e+16  5.54445477e+10  3.21796873e+10  1.20058693e+12  9.95316481e+09
 1.36525000e+03  1.02855687e+17  3.97606331e+16  5.53801032e+10  3.22203175e+10  1.20058693e+12  9.95316481e+09
 1.36525000e+03  1.02855687e+17  0.00000000e+00  5.53801032e+10  0.00000000e+00  1.22180809e+12  9.94321165e+09
 1.36620000e+03  9.84090690e+16  4.30090819e+15  5.29859315e+10  3.48527215e+09  1.22180809e+12  9.94321165e+09
 1.36715000e+03  9.41546852e+16  8.13911640e+15  5.06952636e+10  6.59559202e+09  1.22180809e+12  9.94321165e+09
 1.36810000e+03  9.00842253e+16  1.15524378e+16  4.85036251e+10  9.36160178e+09  1.22180809e+12  9.94321165e+09
 1.36905000e+03  8.61897380e+16  1.45759048e+16  4.64067346e+10  1.18116902e+10  1.22180809e+12  9.94321165e+09
 1.37000000e+03  8.24636157e+16  1.72419629e+16  4.44004961e+10  1.39721497e+10  1.22180809e+12  9.94321165e+09
 1.37095000e+03  7.88985797e+16  1.95806516e+16  4.24809906e+10  1.58673230e+10  1.22180809e+12  9.94321165e+09
 1.37190000e+03  7.54876660e+16  2.16197731e+16  4.06444684e+10  1.75197399e+10  1.22180809e+12  9.94321165e+09
 1.37285000e+03  7.22242116e+16  2.33850492e+16  3.88873420e+10  1.89502443e+10  1.22180809e+12  9.94321165e+09
 1.37380000e+03  6.91018417e+16  2.49002681e+16  3.72061791e+10  2.01781128e+10  1.22180809e+12  9.94321165e+09
 1.37475000e+03  6.61144569e+16  2.61874203e+16  3.55976956e+10  2.12211660e+10  1.22180809e+12  9.94321165e+09
 1.37475000e+03  6.61144569e+16  0.00000000e+00  3.55976956e+10  0.00000000e+00  1.22180809e+12  9.94321165e+09
 1.37477500e+03  6.60376105e+16  7.67790991e+13  3.55563196e+10  6.22184999e+07  1.22180809e+12  9.94321165e+09
 1.37480000e+03  6.59608535e+16  1.53334682e+14  3.55149916e+10  1.24255872e+08  1.22180809e+12  9.94321165e+09
 1.37482500e+03  6.58841857e+16  2.29667242e+14  3.54737118e+10  1.86112516e+08  1.22180809e+12  9.94321165e+09
 1.37485000e+03  6.58076071e+16  3.05777275e+14  3.54324799e+10  2.47788833e+08  1.22180809e+12  9.94321165e+09
 1.37487500e+03  6.57311174e+16  3.81665272e+14  3.53912959e+10  3.09285221e+08  1.22180809e+12  9.94321165e+09
 1.37490000e+03  6.56547166e+16  4.57331725e+14  3.53501598e+10  3.70602080e+08  1.22180809e+12  9.94321165e+09
 1.37492500e+03  6.55784047e+16  5.32777124e+14  3.53090715e+10  4.31739807e+08  1.22180809e+12  9.94321165e+09
 1.37495000e+03  6.55021814e+16  6.08001961e+14  3.52680310e+10  4.92698799e+08  1.22180809e+12  9.94321165e+09
 1.37497500e+03  6.54260467e+16  6.83006722e+14  3.52270381e+10  5.53479452e+08  1.22180809e+12  9.94321165e+09
 1.37500000e+03  6.53500006e+16  7.57791897e+14  3.51860930e+10  6.14082160e+08  1.22180809e+12  9.94321165e+09
 1.37500000e+03  6.53500006e+16  7.57791897e+14  3.51860930e+10  6.14082160e+08  1.22180809e+12  9.94321165e+09
 1.37650000e+03  7.05160143e+16  5.18715483e+15  3.79676054e+10  4.20344854e+09  1.22180809e+12  9.94321165e+09
 1.37800000e+03  7.53338339e+16  9.50526199e+15  4.05616413e+10  7.70265800e+09  1.22180809e+12  9.94321165e+09
 1.37950000e+03  7.98269278e+16  1.37009404e+16  4.29808367e+10  1.11026564e+10  1.22180809e+12  9.94321165e+09
 1.38100000e+03  8.40171829e+16  1.77656316e+16  4.52369760e+10  1.43965084e+10  1.22180809e+12  9.94321165e+09
 1.38250000e+03  8.79250107e+16  2.16930299e+16  4.73410494e+10  1.75791041e+10  1.22180809e+12  9.94321165e+09
 1.38400000e+03  9.15694473e+16  2.54787635e+16  4.93033062e+10  2.06469009e+10  1.22180809e+12  9.94321165e+09
 1.38550000e+03  9.49682454e+16  2.91201137e+16  5.11333050e+10  2.35976954e+10  1.22180809e+12  9.94321165e+09
 1.38700000e+03  9.81379612e+16  3.26157678e+16  5.28399602e+10  2.64304240e+10  1.22180809e+12  9.94321165e+09
 1.38850000e+03  1.01094035e+17  3.59656029e+16  5.44315851e+10  2.91449872e+10  1.22180809e+12  9.94321165e+09
 1.39000000e+03  1.03850867e+17  3.91704954e+16  5.59159331e+10  3.17420951e+10  1.22180809e+12  9.94321165e+09
 1.39000000e+03  1.03850867e+17  3.91704954e+16  5.59159331e+10  3.17420951e+10  1.22180809e+12  9.93326843e+09
 1.39002500e+03  1.03730159e+17  3.92225951e+16  5.58509407e+10  3.17843144e+10  1.22180809e+12  9.93326843e+09
 1.39005000e+03  1.03609591e+17  3.92744634e+16  5.57860239e+10  3.18263463e+10  1.22180809e+12  9.93326843e+09
 1.39007500e+03  1.03489163e+17  3.93261011e+16  5.57211826e+10  3.18681913e+10  1.22180809e+12  9.93326843e+09
 1.39010000e+03  1.03368875e+17  3.93775085e+16  5.56564166e+10  3.19098497e+10  1.22180809e+12  9.93326843e+09
 1.39012500e+03  1.03248727e+17  3.94286864e+16  5.55917259e+10  3.19513221e+10  1.22180809e+12  9.93326843e+09
 1.39015000e+03  1.03128719e+17  3.94796353e+16  5.55271103e+10  3.19926088e+10  1.22180809e+12  9.93326843e+09
 1.39017500e+03  1.03008850e+17  3.95303557e+16  5.54625699e+10  3.20337105e+10  1.22180809e+12  9.93326843e+09
 1.39020000e+03  1.02889121e+17  3.95808481e+16  5.53981045e+10  3.20746274e+10  1.22180809e+12  9.93326843e+09
 1.39022500e+03  1.02769530e+17  3.96311133e+16  5.53337140e+10  3.21153601e+10  1.22180809e+12  9.93326843e+09
 1.39025000e+03  1.02650079e+17  3.96811516e+16  5.52693984e+10  3.21559090e+10  1.22180809e+12  9.93326843e+09
 1.39025000e+03  1.02650079e+17  0.00000000e+00  5.52693984e+10  0.00000000e+00  1.24298684e+12  9.92333517e+09
 1.39120000e+03  9.82123493e+16  4.29231067e+15  5.28800126e+10  3.47830509e+09  1.24298684e+12  9.92333517e+09
 1.39215000e+03  9.39664700e+16  8.12284631e+15  5.05939238e+10  6.58240743e+09  1.24298684e+12  9.92333517e+09
 1.39310000e+03  8.99041469e+16  1.15293445e+16  4.84066663e+10  9.34288794e+09  1.24298684e+12  9.92333517e+09
 1.39405000e+03  8.60174447e+16  1.45467676e+16  4.63139675e+10  1.17880786e+10  1.24298684e+12  9.92333517e+09
 1.39500000e+03  8.22987709e+16  1.72074962e+16  4.43117395e+10  1.39442193e+10  1.24298684e+12  9.92333517e+09
 1.39595000e+03  7.87408614e+16  1.95415099e+16  4.23960711e+10  1.58356043e+10  1.24298684e+12  9.92333517e+09
 1.39690000e+03  7.53367661e+16  2.15765552e+16  4.05632201e+10  1.74847180e+10  1.24298684e+12  9.92333517e+09
 1.39785000e+03  7.20798354e+16  2.33383025e+16  3.88096062e+10  1.89123627e+10  1.24298684e+12  9.92333517e+09
 1.39880000e+03  6.89637071e+16  2.48504924e+16  3.71318039e+10  2.01377768e+10  1.24298684e+12  9.92333517e+09
 1.39975000e+03  6.59822941e+16  2.61350716e+16  3.55265358e+10  2.11787449e+10  1.24298684e+12  9.92333517e+09
 1.39975000e+03  6.59822941e+16  0.00000000e+00  3.55265358e+10  0.00000000e+00  1.24298684e+12  9.92333517e+09
 1.39977500e+03  6.59056014e+16  7.66256176e+13  3.54852425e+10  6.20941251e+07  1.24298684e+12  9.92333517e+09
 1.39980000e+03  6.58289978e+16  1.53028166e+14  3.54439972e+10  1.24007484e+08  1.24298684e+12  9.92333517e+09
 1.39982500e+03  6.57524832e+16  2.29208138e+14  3.54027998e+10  1.85740477e+08  1.24298684e+12  9.92333517e+09
 1.39985000e+03  6.56760577e+16  3.05166026e+14  3.53616503e+10  2.47293503e+08  1.24298684e+12  9.92333517e+09
 1.39987500e+03  6.55997209e+16  3.80902323e+14  3.53205487e+10  3.08666960e+08  1.24298684e+12  9.92333517e+09
 1.39990000e+03  6.55234728e+16  4.56417519e+14  3.52794948e+10  3.69861247e+08  1.24298684e+12  9.92333517e+09
 1.39992500e+03  6.54473134e+16  5.31712103e+14  3.52384887e+10  4.30876760e+08  1.24298684e+12  9.92333517e+09
 1.39995000e+03  6.53712425e+16  6.06786565e+14  3.51975302e+10  4.91713894e+08  1.24298684e+12  9.92333517e+09
 1.39997500e+03  6.52952601e+16  6.81641392e+14  3.51566193e+10  5.52373046e+08  1.24298684e+12  9.92333517e+09
 1.40000000e+03  6.52193659e+16  7.56277071e+14  3.51157560e+10  6.12854610e+08  1.24298684e+12  9.92333517e+09
 1.40000000e+03  6.52193659e+16  7.56277071e+14  3.51157560e+10  6.12854610e+08  1.24298684e+12  9.92333517e+09
 1.40150000e+03  7.03750528e+16  5.17678571e+15  3.78917082e+10  4.19504585e+09  1.24298684e+12  9.92333517e+09
 1.40300000e+03  7.51832415e+16  9.48626097e+15  4.04805586e+10  7.68726039e+09  1.24298684e+12  9.92333517e+09
 1.40450000e+03  7.96673537e+16  1.36735522e+16  4.28949180e+10  1.10804622e+10  1.24298684e+12  9.92333517e+09
 1.40600000e+03  8.38492325e+16  1.77301181e+16  4.51465473e+10  1.43677298e+10  1.24298684e+12  9.92333517e+09
 1.40750000e+03  8.77492486e+16  2.16496655e+16  4.72464146e+10  1.75439635e+10  1.24298684e+12  9.92333517e+09
 1.40900000e+03  9.13864000e+16  2.54278315e+16  4.92047489e+10  2.06056277e+10  1.24298684e+12  9.92333517e+09
 1.41050000e+03  9.47784038e+16  2.90619026e+16  5.10310895e+10  2.35505236e+10  1.24298684e+12  9.92333517e+09
 1.41200000e+03  9.79417834e+16  3.25505689e+16  5.27343331e+10  2.63775896e+10  1.24298684e+12  9.92333517e+09
 1.41350000e+03  1.00891948e+17  3.58937076e+16  5.43227764e+10  2.90867263e+10  1.24298684e+12  9.92333517e+09
 1.41500000e+03  1.03643269e+17  3.90921936e+16  5.58041571e+10  3.16786426e+10  1.24298684e+12  9.92333517e+09
 1.41500000e+03  1.03643269e+17  3.90921936e+16  5.58041571e+10  3.16786426e+10  1.24298684e+12  9.91341183e+09
 1.41502500e+03  1.03522802e+17  3.91441891e+16  5.57392947e+10  3.17207776e+10  1.24298684e+12  9.91341183e+09
 1.41505000e+03  1.03402475e+17  3.91959538e+16  5.56745076e+10  3.17627255e+10  1.24298684e+12  9.91341183e+09
 1.41507500e+03  1.03282288e+17  3.92474882e+16  5.56097959e+10  3.18044867e+10  1.24298684e+12  9.91341183e+09
 1.41510000e+03  1.03162241e+17  3.92987929e+16  5.55451594e+10  3.18460619e+10  1.24298684e+12  9.91341183e+09
 1.41512500e+03  1.03042333e+17  3.93498685e+16  5.54805980e+10  3.18874514e+10  1.24298684e+12  9.91341183e+09
 1.41515000e+03  1.02922565e+17  3.94007155e+16  5.54161116e+10  3.19286556e+10  1.24298684e+12  9.91341183e+09
 1.41517500e+03  1.02802935e+17  3.94513345e+16  5.53517002e+10  3.19696751e+10  1.24298684e+12  9.91341183e+09
 1.41520000e+03  1.02683445e+17  3.95017260e+16  5.52873637e+10  3.20105102e+10  1.24298684e+12  9.91341183e+09
 1.41522500e+03  1.02564094e+17  3.95518907e+16  5.52231020e+10  3.20511615e+10  1.24298684e+12  9.91341183e+09
 1.41525000e+03  1.02444881e+17  3.96018290e+16  5.51589149e+10  3.20916294e+10  1.24298684e+12  9.91341183e+09
 1.41525000e+03  1.02444881e+17  0.00000000e+00  5.51589149e+10  0.00000000e+00  1.26412325e+12  9.90349842e+09
 1.41620000e+03  9.80160228e+16  4.28373034e+15  5.27743054e+10  3.47135196e+09  1.26412325e+12  9.90349842e+09
 1.41715000e+03  9.37786310e+16  8.10660874e+15  5.04927865e+10  6.56924920e+09  1.26412325e+12  9.90349842e+09
 1.41810000e+03  8.97244285e+16  1.15062973e+16  4.83099014e+10  9.32421151e+09  1.26412325e+12  9.90349842e+09
 1.41905000e+03  8.58454958e+16  1.45176886e+16  4.62213859e+10  1.17645142e+10  1.26412325e+12  9.90349842e+09
 1.42000000e+03  8.21342556e+16  1.71730984e+16  4.42231604e+10  1.39163448e+10  1.26412325e+12  9.90349842e+09
 1.42095000e+03  7.85834584e+16  1.95024464e+16  4.23113213e+10  1.58039489e+10  1.26412325e+12  9.90349842e+09
 1.42190000e+03  7.51861679e+16  2.15334236e+16  4.04821342e+10  1.74497660e+10  1.26412325e+12  9.90349842e+09
 1.42285000e+03  7.19357478e+16  2.32916492e+16  3.87320258e+10  1.88745569e+10  1.26412325e+12  9.90349842e+09
 1.42380000e+03  6.88258486e+16  2.48008163e+16  3.70575775e+10  2.00975214e+10  1.26412325e+12  9.90349842e+09
 1.42475000e+03  6.58503955e+16  2.60828276e+16  3.54555182e+10  2.11364086e+10  1.26412325e+12  9.90349842e+09
 1.42475000e+03  6.58503955e+16  0.00000000e+00  3.54555182e+10  0.00000000e+00  1.26412325e+12  9.90349842e+09
 1.42477500e+03  6.57738561e+16  7.64724430e+13  3.54143075e+10  6.19699989e+07  1.26412325e+12  9.90349842e+09
 1.42480000e+03  6.56974056e+16  1.52722262e+14  3.53731446e+10  1.23759593e+08  1.26412325e+12  9.90349842e+09
 1.42482500e+03  6.56210440e+16  2.28749950e+14  3.53320296e+10  1.85369182e+08  1.26412325e+12  9.90349842e+09
 1.42485000e+03  6.55447712e+16  3.04555999e+14  3.52909624e+10  2.46799163e+08  1.26412325e+12  9.90349842e+09
 1.42487500e+03  6.54685870e+16  3.80140899e+14  3.52499429e+10  3.08049935e+08  1.26412325e+12  9.90349842e+09
 1.42490000e+03  6.53924914e+16  4.55505140e+14  3.52089711e+10  3.69121894e+08  1.26412325e+12  9.90349842e+09
 1.42492500e+03  6.53164843e+16  5.30649210e+14  3.51680469e+10  4.30015437e+08  1.26412325e+12  9.90349842e+09
 1.42495000e+03  6.52405654e+16  6.05573598e+14  3.51271703e+10  4.90730958e+08  1.26412325e+12  9.90349842e+09
 1.42497500e+03  6.51647348e+16  6.80278791e+14  3.50863412e+10  5.51268853e+08  1.26412325e+12  9.90349842e+09
 1.42500000e+03  6.50889924e+16  7.54765273e+14  3.50455596e+10  6.11629514e+08  1.26412325e+12  9.90349842e+09
 1.42500000e+03  6.50889924e+16  7.54765273e+14  3.50455596e+10  6.11629514e+08  1.26412325e+12  9.90349842e+09
 1.42650000e+03  7.02343731e+16  5.16643731e+15  3.78159627e+10  4.18665995e+09  1.26412325e+12  9.90349842e+09
 1.42800000e+03  7.50329502e+16  9.46729793e+15  4.03996379e+10  7.67189355e+09  1.26412325e+12  9.90349842e+09
 1.42950000e+03  7.95080987e+16  1.36462188e+16  4.28091711e+10  1.10583124e+10  1.26412325e+12  9.90349842e+09
 1.43100000e+03  8.36816179e+16  1.76946756e+16  4.50562993e+10  1.43390087e+10  1.26412325e+12  9.90349842e+09
 1.43250000e+03  8.75738379e+16  2.16063879e+16  4.71519690e+10  1.75088931e+10  1.26412325e+12  9.90349842e+09
 1.43400000e+03  9.12037186e+16  2.53770013e+16  4.91063886e+10  2.05644370e+10  1.26412325e+12  9.90349842e+09
 1.43550000e+03  9.45889418e+16  2.90038078e+16  5.09290784e+10  2.35034461e+10  1.26412325e+12  9.90349842e+09
 1.43700000e+03  9.77459978e+16  3.24855003e+16  5.26289171e+10  2.63248608e+10  1.26412325e+12  9.90349842e+09
 1.43850000e+03  1.00690265e+17  3.58219561e+16  5.42141852e+10  2.90285820e+10  1.26412325e+12  9.90349842e+09
 1.44000000e+03  1.03436086e+17  3.90140483e+16  5.56926046e+10  3.16153170e+10  1.26412325e+12  9.90349842e+09
 1.44000000e+03  1.03436086e+17  3.90140483e+16  5.56926046e+10  3.16153170e+10  1.26412325e+12  9.89359492e+09
 1.44002500e+03  1.03315860e+17  3.90659399e+16  5.56278718e+10  3.16573677e+10  1.26412325e+12  9.89359492e+09
 1.44005000e+03  1.03195774e+17  3.91176011e+16  5.55632143e+10  3.16992318e+10  1.26412325e+12  9.89359492e+09
 1.44007500e+03  1.03075827e+17  3.91690325e+16  5.54986319e+10  3.17409096e+10  1.26412325e+12  9.89359492e+09
 1.44010000e+03  1.02956020e+17  3.92202346e+16  5.54341246e+10  3.17824016e+10  1.26412325e+12  9.89359492e+09
 1.44012500e+03  1.02836351e+17  3.92712081e+16  5.53696923e+10  3.18237083e+10  1.26412325e+12  9.89359492e+09
 1.44015000e+03  1.02716822e+17  3.93219535e+16  5.53053348e+10  3.18648302e+10  1.26412325e+12  9.89359492e+09
 1.44017500e+03  1.02597432e+17  3.93724713e+16  5.52410522e+10  3.19057677e+10  1.26412325e+12  9.89359492e+09
 1.44020000e+03  1.02478181e+17  3.94227621e+16  5.51768443e+10  3.19465212e+10  1.26412325e+12  9.89359492e+09
 1.44022500e+03  1.02359068e+17  3.94728264e+16  5.51127110e+10  3.19870912e+10  1.26412325e+12  9.89359492e+09
 1.44025000e+03  1.02240094e+17  3.95226649e+16  5.50486522e+10  3.20274782e+10  1.26412325e+12  9.89359492e+09
 1.44025000e+03  1.02240094e+17  0.00000000e+00  5.50486522e+10  0.00000000e+00  1.28521741e+12  9.88370132e+09
 1.44120000e+03  9.78200888e+16  4.27516717e+15  5.26688096e+10  3.46441272e+09  1.28521741e+12  9.88370132e+09
 1.44215000e+03  9.35911675e+16  8.09040363e+15  5.03918515e+10  6.55611727e+09  1.28521741e+12  9.88370132e+09
 1.44310000e+03  8.95450694e+16  1.14832962e+16  4.82133299e+10  9.30557241e+09  1.28521741e+12  9.88370132e+09
 1.44405000e+03  8.56738907e+16  1.44886677e+16  4.61289894e+10  1.17409970e+10  1.28521741e+12  9.88370132e+09
 1.44500000e+03  8.19700693e+16  1.71387694e+16  4.41347583e+10  1.38885261e+10  1.28521741e+12  9.88370132e+09
 1.44595000e+03  7.84263701e+16  1.94634610e+16  4.22267410e+10  1.57723568e+10  1.28521741e+12  9.88370132e+09
 1.44690000e+03  7.50358708e+16  2.14903783e+16  4.04012104e+10  1.74148839e+10  1.28521741e+12  9.88370132e+09
 1.44785000e+03  7.17919483e+16  2.32450892e+16  3.86546005e+10  1.88368267e+10  1.28521741e+12  9.88370132e+09
 1.44880000e+03  6.86882658e+16  2.47512395e+16  3.69834994e+10  2.00573464e+10  1.28521741e+12  9.88370132e+09
 1.44975000e+03  6.57187605e+16  2.60306880e+16  3.53846426e+10  2.10941569e+10  1.28521741e+12  9.88370132e+09
 1.44975000e+03  6.57187605e+16  0.00000000e+00  3.53846426e+10  0.00000000e+00  1.28521741e+12  9.88370132e+09
 1.44977500e+03  6.56423741e+16  7.63195746e+13  3.53435143e+10  6.18461209e+07  1.28521741e+12  9.88370132e+09
 1.44980000e+03  6.55660765e+16  1.52416970e+14  3.53024337e+10  1.23512198e+08  1.28521741e+12  9.88370132e+09
 1.44982500e+03  6.54898676e+16  2.28292679e+14  3.52614009e+10  1.84998629e+08  1.28521741e+12  9.88370132e+09
 1.44985000e+03  6.54137472e+16  3.03947192e+14  3.52204158e+10  2.46305812e+08  1.28521741e+12  9.88370132e+09
 1.44987500e+03  6.53377153e+16  3.79380997e+14  3.51794783e+10  3.07434143e+08  1.28521741e+12  9.88370132e+09
 1.44990000e+03  6.52617718e+16  4.54594585e+14  3.51385884e+10  3.68384020e+08  1.28521741e+12  9.88370132e+09
 1.44992500e+03  6.51859166e+16  5.29588443e+14  3.50977460e+10  4.29155836e+08  1.28521741e+12  9.88370132e+09
 1.44995000e+03  6.51101495e+16  6.04363057e+14  3.50569511e+10  4.89749987e+08  1.28521741e+12  9.88370132e+09
 1.44997500e+03  6.50344705e+16  6.78918913e+14  3.50162036e+10  5.50166866e+08  1.28521741e+12  9.88370132e+09
 1.45000000e+03  6.49588795e+16  7.53256497e+14  3.49755035e+10  6.10406866e+08  1.28521741e+12  9.88370132e+09
 1.45000000e+03  6.49588795e+16  7.53256497e+14  3.49755035e+10  6.10406866e+08  1.28521741e+12  9.88370132e+09
 1.45150000e+03  7.00939746e+16  5.15610961e+15  3.77403686e+10  4.17829082e+09  1.28521741e+12  9.88370132e+09
 1.45300000e+03  7.48829594e+16  9.44837281e+15  4.03188791e+10  7.65655744e+09  1.28521741e+12  9.88370132e+09
 1.45450000e+03  7.93491620e+16  1.36189400e+16  4.27235955e+10  1.10362068e+10  1.28521741e+12  9.88370132e+09
 1.45600000e+03  8.35143383e+16  1.76593039e+16  4.49662318e+10  1.43103450e+10  1.28521741e+12  9.88370132e+09
 1.45750000e+03  8.73987778e+16  2.15631967e+16  4.70577122e+10  1.74738929e+10  1.28521741e+12  9.88370132e+09
 1.45900000e+03  9.10214023e+16  2.53262726e+16  4.90082249e+10  2.05233287e+10  1.28521741e+12  9.88370132e+09
 1.46050000e+03  9.43998585e+16  2.89458292e+16  5.08272711e+10  2.34564627e+10  1.28521741e+12  9.88370132e+09
 1.46200000e+03  9.75506035e+16  3.24205618e+16  5.25237119e+10  2.62722374e+10  1.28521741e+12  9.88370132e+09
 1.46350000e+03  1.00488985e+17  3.57503480e+16  5.41058110e+10  2.89705538e+10  1.28521741e+12  9.88370132e+09
 1.46500000e+03  1.03229317e+17  3.89360592e+16  5.55812751e+10  3.15521180e+10  1.28521741e+12  9.88370132e+09
 1.46500000e+03  1.03229317e+17  3.89360592e+16  5.55812751e+10  3.15521180e+10  1.28521741e+12  9.87381762e+09
 1.46502500e+03  1.03109332e+17  3.89878471e+16  5.55166717e+10  3.15940847e+10  1.28521741e+12  9.87381762e+09
 1.46505000e+03  1.02989485e+17  3.90394050e+16  5.54521434e+10  3.16358650e+10  1.28521741e+12  9.87381762e+09
 1.46507500e+03  1.02869778e+17  3.90907336e+16  5.53876902e+10  3.16774595e+10  1.28521741e+12  9.87381762e+09
 1.46510000e+03  1.02750210e+17  3.91418334e+16  5.53233118e+10  3.17188686e+10  1.28521741e+12  9.87381762e+09
 1.46512500e+03  1.02630782e+17  3.91927049e+16  5.52590083e+10  3.17600927e+10  1.28521741e+12  9.87381762e+09
 1.46515000e+03  1.02511491e+17  3.92433489e+16  5.51947795e+10  3.18011324e+10  1.28521741e+12  9.87381762e+09
 1.46517500e+03  1.02392340e+17  3.92937657e+16  5.51306253e+10  3.18419881e+10  1.28521741e+12  9.87381762e+09
 1.46520000e+03  1.02273327e+17  3.93439560e+16  5.50665458e+10  3.18826601e+10  1.28521741e+12  9.87381762e+09
 1.46522500e+03  1.02154453e+17  3.93939203e+16  5.50025407e+10  3.19231490e+10  1.28521741e+12  9.87381762e+09
 1.46525000e+03  1.02035716e+17  3.94436591e+16  5.49386100e+10  3.19634553e+10  1.28521741e+12  9.87381762e+09
 1.46525000e+03  1.02035716e+17  0.00000000e+00  5.49386100e+10  0.00000000e+00  1.30626939e+12  9.86394381e+09
 1.46620000e+03  9.76245464e+16  4.26662111e+15  5.25635247e+10  3.45748736e+09  1.30626939e+12  9.86394381e+09
 1.46715000e+03  9.34040788e+16  8.07423091e+15  5.02911181e+10  6.54301159e+09  1.30626939e+12  9.86394381e+09
 1.46810000e+03  8.93660688e+16  1.14603411e+16  4.81169515e+10  9.28697057e+09  1.30626939e+12  9.86394381e+09
 1.46905000e+03  8.55026286e+16  1.44597049e+16  4.60367775e+10  1.17175267e+10  1.30626939e+12  9.86394381e+09
 1.47000000e+03  8.18062111e+16  1.71045090e+16  4.40465329e+10  1.38607629e+10  1.30626939e+12  9.86394381e+09
 1.47095000e+03  7.82695958e+16  1.94245535e+16  4.21423298e+10  1.57408278e+10  1.30626939e+12  9.86394381e+09
 1.47190000e+03  7.48858741e+16  2.14474190e+16  4.03204484e+10  1.73800716e+10  1.30626939e+12  9.86394381e+09
 1.47285000e+03  7.16484361e+16  2.31986223e+16  3.85773300e+10  1.87991719e+10  1.30626939e+12  9.86394381e+09
 1.47380000e+03  6.85509579e+16  2.47017617e+16  3.69095694e+10  2.00172518e+10  1.30626939e+12  9.86394381e+09
 1.47475000e+03  6.55873887e+16  2.59786527e+16  3.53139087e+10  2.10519897e+10  1.30626939e+12  9.86394381e+09
 1.47475000e+03  6.55873887e+16  0.00000000e+00  3.53139087e+10  0.00000000e+00  1.30626939e+12  9.86394381e+09
 1.47477500e+03  6.55111550e+16  7.61670118e+13  3.52728626e+10  6.17224905e+07  1.30626939e+12  9.86394381e+09
 1.47480000e+03  6.54350099e+16  1.52112289e+14  3.52318641e+10  1.23265297e+08  1.30626939e+12  9.86394381e+09
 1.47482500e+03  6.53589533e+16  2.27836322e+14  3.51909134e+10  1.84628816e+08  1.30626939e+12  9.86394381e+09
 1.47485000e+03  6.52829851e+16  3.03339601e+14  3.51500102e+10  2.45813446e+08  1.30626939e+12  9.86394381e+09
 1.47487500e+03  6.52071052e+16  3.78622615e+14  3.51091545e+10  3.06819582e+08  1.30626939e+12  9.86394381e+09
 1.47490000e+03  6.51313136e+16  4.53685851e+14  3.50683463e+10  3.67647620e+08  1.30626939e+12  9.86394381e+09
 1.47492500e+03  6.50556100e+16  5.28529795e+14  3.50275856e+10  4.28297954e+08  1.30626939e+12  9.86394381e+09
 1.47495000e+03  6.49799943e+16  6.03154935e+14  3.49868723e+10  4.88770977e+08  1.30626939e+12  9.86394381e+09
 1.47497500e+03  6.49044666e+16  6.77561754e+14  3.49462062e+10  5.49067083e+08  1.30626939e+12  9.86394381e+09
 1.47500000e+03  6.48290267e+16  7.51750737e+14  3.49055875e+10  6.09186663e+08  1.30626939e+12  9.86394381e+09
 1.47500000e+03  6.48290267e+16  7.51750737e+14  3.49055875e+10  6.09186663e+08  1.30626939e+12  9.86394381e+09
 1.47650000e+03  6.99538567e+16  5.14580254e+15  3.76649256e+10  4.16993842e+09  1.30626939e+12  9.86394381e+09
 1.47800000e+03  7.47332683e+16  9.42948551e+15  4.02382816e+10  7.64125198e+09  1.30626939e+12  9.86394381e+09
 1.47950000e+03  7.91905430e+16  1.35917157e+16  4.26381911e+10  1.10141454e+10  1.30626939e+12  9.86394381e+09
 1.48100000e+03  8.33473932e+16  1.76240030e+16  4.48763443e+10  1.42817386e+10  1.30626939e+12  9.86394381e+09
 1.48250000e+03  8.72240676e+16  2.15200919e+16  4.69636439e+10  1.74389625e+10  1.30626939e+12  9.86394381e+09
 1.48400000e+03  9.08394506e+16  2.52756454e+16  4.89102575e+10  2.04823026e+10  1.30626939e+12  9.86394381e+09
 1.48550000e+03  9.42111532e+16  2.88879665e+16  5.07256674e+10  2.34095732e+10  1.30626939e+12  9.86394381e+09
 1.48700000e+03  9.73555999e+16  3.23557531e+16  5.24187170e+10  2.62197192e+10  1.30626939e+12  9.86394381e+09
 1.48850000e+03  1.00288108e+17  3.56788831e+16  5.39976535e+10  2.89126417e+10  1.30626939e+12  9.86394381e+09
 1.49000000e+03  1.03022962e+17  3.88582260e+16  5.54701681e+10  3.14890453e+10  1.30626939e+12  9.86394381e+09
 1.49000000e+03  1.03022962e+17  3.88582260e+16  5.54701681e+10  3.14890453e+10  1.30626939e+12  9.85407986e+09
 1.49002500e+03  1.02903216e+17  3.89099104e+16  5.54056939e+10  3.15309281e+10  1.30626939e+12  9.85407986e+09
 1.49005000e+03  1.02783609e+17  3.89613652e+16  5.53412946e+10  3.15726249e+10  1.30626939e+12  9.85407986e+09
 1.49007500e+03  1.02664142e+17  3.90125912e+16  5.52769702e+10  3.16141363e+10  1.30626939e+12  9.85407986e+09
 1.49010000e+03  1.02544813e+17  3.90635888e+16  5.52127205e+10  3.16554626e+10  1.30626939e+12  9.85407986e+09
 1.49012500e+03  1.02425623e+17  3.91143587e+16  5.51485455e+10  3.16966043e+10  1.30626939e+12  9.85407986e+09
 1.49015000e+03  1.02306571e+17  3.91649014e+16  5.50844451e+10  3.17375620e+10  1.30626939e+12  9.85407986e+09
 1.49017500e+03  1.02187658e+17  3.92152175e+16  5.50204192e+10  3.17783359e+10  1.30626939e+12  9.85407986e+09
 1.49020000e+03  1.02068883e+17  3.92653074e+16  5.49564677e+10  3.18189267e+10  1.30626939e+12  9.85407986e+09
 1.49022500e+03  1.01950246e+17  3.93151718e+16  5.48925906e+10  3.18593347e+10  1.30626939e+12  9.85407986e+09
 1.49025000e+03  1.01831747e+17  3.93648113e+16  5.48287877e+10  3.18995603e+10  1.30626939e+12  9.85407986e+09
 1.49025000e+03  1.01831747e+17  0.00000000e+00  5.48287877e+10  0.00000000e+00  1.32727930e+12  9.84422578e+09
 1.49120000e+03  9.74293950e+16  4.25809213e+15  5.24584502e+10  3.45057585e+09  1.32727930e+12  9.84422578e+09
 1.49215000e+03  9.32173640e+16  8.05809053e+15  5.01905862e+10  6.52993211e+09  1.32727930e+12  9.84422578e+09
 1.49310000e+03  8.91874260e+16  1.14374319e+16  4.80207657e+10  9.26840591e+09  1.32727930e+12  9.84422578e+09
 1.49405000e+03  8.53317088e+16  1.44307999e+16  4.59447500e+10  1.16941034e+10  1.32727930e+12  9.84422578e+09
 1.49500000e+03  8.16426805e+16  1.70703170e+16  4.39584839e+10  1.38330552e+10  1.32727930e+12  9.84422578e+09
 1.49595000e+03  7.81131348e+16  1.93857238e+16  4.20580872e+10  1.57093619e+10  1.32727930e+12  9.84422578e+09
 1.49690000e+03  7.47361772e+16  2.14045456e+16  4.02398478e+10  1.73453288e+10  1.32727930e+12  9.84422578e+09
 1.49785000e+03  7.15052109e+16  2.31522483e+16  3.85002139e+10  1.87615923e+10  1.32727930e+12  9.84422578e+09
 1.49880000e+03  6.84139246e+16  2.46523829e+16  3.68357871e+10  1.99772373e+10  1.32727930e+12  9.84422578e+09
 1.49975000e+03  6.54562795e+16  2.59267214e+16  3.52433162e+10  2.10099067e+10  1.32727930e+12  9.84422578e+09
 1.49975000e+03  6.54562795e+16  0.00000000e+00  3.52433162e+10  0.00000000e+00  1.32727930e+12  9.84422578e+09
 1.49977500e+03  6.53801982e+16  7.60147539e+13  3.52023521e+10  6.15991072e+07  1.32727930e+12  9.84422578e+09
 1.49980000e+03  6.53042053e+16  1.51808217e+14  3.51614357e+10  1.23018889e+08  1.32727930e+12  9.84422578e+09
 1.49982500e+03  6.52283008e+16  2.27380877e+14  3.51205667e+10  1.84259743e+08  1.32727930e+12  9.84422578e+09
 1.49985000e+03  6.51524844e+16  3.02733225e+14  3.50797453e+10  2.45322065e+08  1.32727930e+12  9.84422578e+09
 1.49987500e+03  6.50767562e+16  3.77865748e+14  3.50389713e+10  3.06206250e+08  1.32727930e+12  9.84422578e+09
 1.49990000e+03  6.50011161e+16  4.52778933e+14  3.49982447e+10  3.66912692e+08  1.32727930e+12  9.84422578e+09
 1.49992500e+03  6.49255638e+16  5.27473264e+14  3.49575655e+10  4.27441786e+08  1.32727930e+12  9.84422578e+09
 1.49995000e+03  6.48500993e+16  6.01949228e+14  3.49169335e+10  4.87793924e+08  1.32727930e+12  9.84422578e+09
 1.49997500e+03  6.47747226e+16  6.76207308e+14  3.48763488e+10  5.47969497e+08  1.32727930e+12  9.84422578e+09
 1.50000000e+03  6.46994335e+16  7.50247988e+14  3.48358112e+10  6.07968899e+08  1.32727930e+12  9.84422578e+09
 1.50000000e+03  6.46994335e+16  7.50247988e+14  3.48358112e+10  6.07968899e+08  1.32727930e+12  9.84422578e+09
 1.50150000e+03  6.98140190e+16  5.13551608e+15  3.75896334e+10  4.16160271e+09  1.32727930e+12  9.84422578e+09
 1.50300000e+03  7.45838765e+16  9.41063597e+15  4.01578453e+10  7.62597712e+09  1.32727930e+12  9.84422578e+09
 1.50450000e+03  7.90322411e+16  1.35645459e+16  4.25529573e+10  1.09921281e+10  1.32727930e+12  9.84422578e+09
 1.50600000e+03  8.31807817e+16  1.75887726e+16  4.47866365e+10  1.42531895e+10  1.32727930e+12  9.84422578e+09
 1.50750000e+03  8.70497067e+16  2.14770732e+16  4.68697635e+10  1.74041021e+10  1.32727930e+12  9.84422578e+09
 1.50900000e+03  9.06578625e+16  2.52251194e+16  4.88124858e+10  2.04413585e+10  1.32727930e+12  9.84422578e+09
 1.51050000e+03  9.40228251e+16  2.88302195e+16  5.06242668e+10  2.33627775e+10  1.32727930e+12  9.84422578e+09
 1.51200000e+03  9.71609860e+16  3.22910739e+16  5.23139320e+10  2.61673060e+10  1.32727930e+12  9.84422578e+09
 1.51350000e+03  1.00087632e+17  3.56075610e+16  5.38897122e+10  2.88548453e+10  1.32727930e+12  9.84422578e+09
 1.51500000e+03  1.02817019e+17  3.87805484e+16  5.53592833e+10  3.14260987e+10  1.32727930e+12  9.84422578e+09
 1.51500000e+03  1.02817019e+17  3.87805484e+16  5.53592833e+10  3.14260987e+10  1.32727930e+12  9.83438156e+09
 1.51502500e+03  1.02697513e+17  3.88321294e+16  5.52949379e+10  3.14678978e+10  1.32727930e+12  9.83438156e+09
 1.51505000e+03  1.02578145e+17  3.88834814e+16  5.52306674e+10  3.15095112e+10  1.32727930e+12  9.83438156e+09
 1.51507500e+03  1.02458916e+17  3.89346050e+16  5.51664715e+10  3.15509396e+10  1.32727930e+12  9.83438156e+09
 1.51510000e+03  1.02339826e+17  3.89855007e+16  5.51023503e+10  3.15921833e+10  1.32727930e+12  9.83438156e+09
 1.51512500e+03  1.02220874e+17  3.90361691e+16  5.50383036e+10  3.16332428e+10  1.32727930e+12  9.83438156e+09
 1.51515000e+03  1.02102060e+17  3.90866108e+16  5.49743313e+10  3.16741186e+10  1.32727930e+12  9.83438156e+09
 1.51517500e+03  1.01983385e+17  3.91368262e+16  5.49104334e+10  3.17148110e+10  1.32727930e+12  9.83438156e+09
 1.51520000e+03  1.01864847e+17  3.91868161e+16  5.48466098e+10  3.17553206e+10  1.32727930e+12  9.83438156e+09
 1.51522500e+03  1.01746447e+17  3.92365808e+16  5.47828603e+10  3.17956479e+10  1.32727930e+12  9.83438156e+09
 1.51525000e+03  1.01628185e+17  3.92861210e+16  5.47191849e+10  3.18357931e+10  1.32727930e+12  9.83438156e+09
 1.51525000e+03  1.01628185e+17  0.00000000e+00  5.47191849e+10  0.00000000e+00  1.34824721e+12  9.82454717e+09
 1.51620000e+03  9.72346336e+16  4.24958021e+15  5.23535857e+10  3.44367814e+09  1.34824721e+12  9.82454717e+09
 1.51715000e+03  9.30310225e+16  8.04198240e+15  5.00902552e+10  6.51687877e+09  1.34824721e+12  9.82454717e+09
 1.51810000e+03  8.90091404e+16  1.14145685e+16  4.79247722e+10  9.24987837e+09  1.34824721e+12  9.82454717e+09
 1.51905000e+03  8.51611307e+16  1.44019527e+16  4.58529064e+10  1.16707269e+10  1.34824721e+12  9.82454717e+09
 1.52000000e+03  8.14794768e+16  1.70361935e+16  4.38706109e+10  1.38054030e+10  1.34824721e+12  9.82454717e+09
 1.52095000e+03  7.79569867e+16  1.93469718e+16  4.19740131e+10  1.56779589e+10  1.34824721e+12  9.82454717e+09
 1.52190000e+03  7.45867796e+16  2.13617580e+16  4.01594084e+10  1.73106555e+10  1.34824721e+12  9.82454717e+09
 1.52285000e+03  7.13622720e+16  2.31059669e+16  3.84232520e+10  1.87240879e+10  1.34824721e+12  9.82454717e+09
 1.52380000e+03  6.82771651e+16  2.46031028e+16  3.67621524e+10  1.99373028e+10  1.34824721e+12  9.82454717e+09
 1.52475000e+03  6.53254324e+16  2.58748939e+16  3.51728649e+10  2.09679079e+10  1.34824721e+12  9.82454717e+09
 1.52475000e+03  6.53254324e+16  0.00000000e+00  3.51728649e+10  0.00000000e+00  1.34824721e+12  9.82454717e+09
 1.52477500e+03  6.52495032e+16  7.58628004e+13  3.51319826e+10  6.14759706e+07  1.34824721e+12  9.82454717e+09
 1.52480000e+03  6.51736622e+16  1.51504752e+14  3.50911479e+10  1.22772975e+08  1.34824721e+12  9.82454717e+09
 1.52482500e+03  6.50979094e+16  2.26926343e+14  3.50503607e+10  1.83891408e+08  1.34824721e+12  9.82454717e+09
 1.52485000e+03  6.50222446e+16  3.02128062e+14  3.50096209e+10  2.44831666e+08  1.34824721e+12  9.82454717e+09
 1.52487500e+03  6.49466678e+16  3.77110395e+14  3.49689284e+10  3.05594144e+08  1.34824721e+12  9.82454717e+09
 1.52490000e+03  6.48711788e+16  4.51873827e+14  3.49282832e+10  3.66179234e+08  1.34824721e+12  9.82454717e+09
 1.52492500e+03  6.47957776e+16  5.26418845e+14  3.48876853e+10  4.26587330e+08  1.34824721e+12  9.82454717e+09
 1.52495000e+03  6.47204640e+16  6.00745932e+14  3.48471346e+10  4.86818824e+08  1.34824721e+12  9.82454717e+09
 1.52497500e+03  6.46452379e+16  6.74855570e+14  3.48066309e+10  5.46874106e+08  1.34824721e+12  9.82454717e+09
 1.52500000e+03  6.45700993e+16  7.48748242e+14  3.47661744e+10  6.06753569e+08  1.34824721e+12  9.82454717e+09
 1.52500000e+03  6.45700993e+16  7.48748242e+14  3.47661744e+10  6.06753569e+08  1.34824721e+12  9.82454717e+09
 1.52650000e+03  6.96744608e+16  5.12525019e+15  3.75144917e+10  4.15328367e+09  1.34824721e+12  9.82454717e+09
 1.52800000e+03  7.44347834e+16  9.39182411e+15  4.00775698e+10  7.61073279e+09  1.34824721e+12  9.82454717e+09
 1.52950000e+03  7.88742557e+16  1.35374304e+16  4.24678939e+10  1.09701549e+10  1.34824721e+12  9.82454717e+09
 1.53100000e+03  8.30145033e+16  1.75536126e+16  4.46971080e+10  1.42246973e+10  1.34824721e+12  9.82454717e+09
 1.53250000e+03  8.68756944e+16  2.14341405e+16  4.67760709e+10  1.73693113e+10  1.34824721e+12  9.82454717e+09
 1.53400000e+03  9.04766374e+16  2.51746944e+16  4.87149097e+10  2.04004962e+10  1.34824721e+12  9.82454717e+09
 1.53550000e+03  9.38348735e+16  2.87725879e+16  5.05230689e+10  2.33160753e+10  1.34824721e+12  9.82454717e+09
 1.53700000e+03  9.69667612e+16  3.22265241e+16  5.22093565e+10  2.61149975e+10  1.34824721e+12  9.82454717e+09
 1.53850000e+03  9.98875568e+16  3.55363815e+16  5.37819867e+10  2.87971645e+10  1.34824721e+12  9.82454717e+09
 1.54000000e+03  1.02611488e+17  3.87030261e+16  5.52486201e+10  3.13632780e+10  1.34824721e+12  9.82454717e+09
 1.54000000e+03  1.02611488e+17  3.87030261e+16  5.52486201e+10  3.13632780e+10  1.34824721e+12  9.81472263e+09
 1.54002500e+03  1.02492220e+17  3.87545040e+16  5.51844033e+10  3.14049934e+10  1.34824721e+12  9.81472263e+09
 1.54005000e+03  1.02373091e+17  3.88057534e+16  5.51202613e+10  3.14465237e+10  1.34824721e+12  9.81472263e+09
 1.54007500e+03  1.02254101e+17  3.88567747e+16  5.50561937e+10  3.14878693e+10  1.34824721e+12  9.81472263e+09
 1.54010000e+03  1.02135248e+17  3.89075687e+16  5.49922007e+10  3.15290305e+10  1.34824721e+12  9.81472263e+09
 1.54012500e+03  1.02016534e+17  3.89581358e+16  5.49282820e+10  3.15700080e+10  1.34824721e+12  9.81472263e+09
 1.54015000e+03  1.01897958e+17  3.90084766e+16  5.48644376e+10  3.16108020e+10  1.34824721e+12  9.81472263e+09
 1.54017500e+03  1.01779520e+17  3.90585917e+16  5.48006674e+10  3.16514131e+10  1.34824721e+12  9.81472263e+09
 1.54020000e+03  1.01661219e+17  3.91084816e+16  5.47369714e+10  3.16918418e+10  1.34824721e+12  9.81472263e+09
 1.54022500e+03  1.01543056e+17  3.91581469e+16  5.46733494e+10  3.17320884e+10  1.34824721e+12  9.81472263e+09
 1.54025000e+03  1.01425030e+17  3.92075880e+16  5.46098013e+10  3.17721534e+10  1.34824721e+12  9.81472263e+09
 1.54025000e+03  1.01425030e+17  0.00000000e+00  5.46098013e+10  0.00000000e+00  1.36917320e+12  9.80490791e+09
 1.54120000e+03  9.70402616e+16  4.24108529e+15  5.22489309e+10  3.43679423e+09  1.36917320e+12  9.80490791e+09
 1.54215000e+03  9.28450535e+16  8.02590648e+15  4.99901248e+10  6.50385153e+09  1.36917320e+12  9.80490791e+09
 1.54310000e+03  8.88312111e+16  1.13917508e+16  4.78289705e+10  9.23138786e+09  1.36917320e+12  9.80490791e+09
 1.54405000e+03  8.49908936e+16  1.43731632e+16  4.57612465e+10  1.16473971e+10  1.36917320e+12  9.80490791e+09
 1.54500000e+03  8.13165993e+16  1.70021381e+16  4.37829135e+10  1.37778060e+10  1.36917320e+12  9.80490791e+09
 1.54595000e+03  7.78011507e+16  1.93082972e+16  4.18901071e+10  1.56466187e+10  1.36917320e+12  9.80490791e+09
 1.54690000e+03  7.44376806e+16  2.13190558e+16  4.00791297e+10  1.72760515e+10  1.36917320e+12  9.80490791e+09
 1.54785000e+03  7.12196188e+16  2.30597781e+16  3.83464439e+10  1.86866584e+10  1.36917320e+12  9.80490791e+09
 1.54880000e+03  6.81406791e+16  2.45539212e+16  3.66886648e+10  1.98974481e+10  1.36917320e+12  9.80490791e+09
 1.54975000e+03  6.51948469e+16  2.58231699e+16  3.51025543e+10  2.09259931e+10  1.36917320e+12  9.80490791e+09
 1.54975000e+03  6.51948469e+16  0.00000000e+00  3.51025543e+10  0.00000000e+00  1.36917320e+12  9.80490791e+09
 1.54977500e+03  6.51190694e+16  7.57111507e+13  3.50617538e+10  6.13530802e+07  1.36917320e+12  9.80490791e+09
 1.54980000e+03  6.50433801e+16  1.51201894e+14  3.50210007e+10  1.22527551e+08  1.36917320e+12  9.80490791e+09
 1.54982500e+03  6.49677787e+16  2.26472717e+14  3.49802950e+10  1.83523809e+08  1.36917320e+12  9.80490791e+09
 1.54985000e+03  6.48922652e+16  3.01524108e+14  3.49396366e+10  2.44342248e+08  1.36917320e+12  9.80490791e+09
 1.54987500e+03  6.48168394e+16  3.76356551e+14  3.48990255e+10  3.04983261e+08  1.36917320e+12  9.80490791e+09
 1.54990000e+03  6.47415013e+16  4.50970532e+14  3.48584616e+10  3.65447242e+08  1.36917320e+12  9.80490791e+09
 1.54992500e+03  6.46662508e+16  5.25366534e+14  3.48179448e+10  4.25734582e+08  1.36917320e+12  9.80490791e+09
 1.54995000e+03  6.45910878e+16  5.99545041e+14  3.47774751e+10  4.85845673e+08  1.36917320e+12  9.80490791e+09
 1.54997500e+03  6.45160121e+16  6.73506534e+14  3.47370525e+10  5.45780905e+08  1.36917320e+12  9.80490791e+09
 1.55000000e+03  6.44410237e+16  7.47251494e+14  3.46966768e+10  6.05540669e+08  1.36917320e+12  9.80490791e+09
 1.55000000e+03  6.44410237e+16  7.47251494e+14  3.46966768e+10  6.05540669e+08  1.36917320e+12  9.80490791e+09
 1.55150000e+03  6.95351815e+16  5.11500481e+15  3.74395002e+10  4.14498125e+09  1.36917320e+12  9.80490791e+09
 1.55300000e+03  7.42859882e+16  9.37304985e+15  3.99974547e+10  7.59551893e+09  1.36917320e+12  9.80490791e+09
 1.55450000e+03  7.87165861e+16  1.35103690e+16  4.23830006e+10  1.09482255e+10  1.36917320e+12  9.80490791e+09
 1.55600000e+03  8.28485574e+16  1.75185230e+16  4.46077585e+10  1.41962622e+10  1.36917320e+12  9.80490791e+09
 1.55750000e+03  8.67020299e+16  2.13912937e+16  4.66825655e+10  1.73345900e+10  1.36917320e+12  9.80490791e+09
 1.55900000e+03  9.02957746e+16  2.51243702e+16  4.86175286e+10  2.03597156e+10  1.36917320e+12  9.80490791e+09
 1.56050000e+03  9.36472976e+16  2.87150715e+16  5.04220733e+10  2.32694664e+10  1.36917320e+12  9.80490791e+09
 1.56200000e+03  9.67729247e+16  3.21621033e+16  5.21049900e+10  2.60627937e+10  1.36917320e+12  9.80490791e+09
 1.56350000e+03  9.96878815e+16  3.54653442e+16  5.36744765e+10  2.87395990e+10  1.36917320e+12  9.80490791e+09
 1.56500000e+03  1.02406368e+17  3.86256588e+16  5.51381781e+10  3.13005828e+10  1.36917320e+12  9.80490791e+09
 1.56500000e+03  1.02406368e+17  3.86256588e+16  5.51381781e+10  3.13005828e+10  1.36917320e+12  9.79510300e+09
 1.56502500e+03  1.02287338e+17  3.86770338e+16  5.50740897e+10  3.13422149e+10  1.36917320e+12  9.79510300e+09
 1.56505000e+03  1.02168447e+17  3.87281807e+16  5.50100759e+10  3.13836621e+10  1.36917320e+12  9.79510300e+09
 1.56507500e+03  1.02049695e+17  3.87791001e+16  5.49461364e+10  3.14249250e+10  1.36917320e+12  9.79510300e+09
 1.56510000e+03  1.01931080e+17  3.88297925e+16  5.48822713e+10  3.14660040e+10  1.36917320e+12  9.79510300e+09
 1.56512500e+03  1.01812603e+17  3.88802585e+16  5.48184804e+10  3.15068995e+10  1.36917320e+12  9.79510300e+09
 1.56515000e+03  1.01694264e+17  3.89304987e+16  5.47547636e+10  3.15476120e+10  1.36917320e+12  9.79510300e+09
 1.56517500e+03  1.01576063e+17  3.89805136e+16  5.46911209e+10  3.15881419e+10  1.36917320e+12  9.79510300e+09
 1.56520000e+03  1.01457998e+17  3.90303038e+16  5.46275522e+10  3.16284898e+10  1.36917320e+12  9.79510300e+09
 1.56522500e+03  1.01340072e+17  3.90798697e+16  5.45640573e+10  3.16686559e+10  1.36917320e+12  9.79510300e+09
 1.56525000e+03  1.01222282e+17  3.91292121e+16  5.45006363e+10  3.17086408e+10  1.36917320e+12  9.79510300e+09
 1.56525000e+03  1.01222282e+17  0.00000000e+00  5.45006363e+10  0.00000000e+00  1.39005736e+12  9.78530789e+09
 1.56620000e+03  9.68462781e+16  4.23260736e+15  5.21444853e+10  3.42992408e+09  1.39005736e+12  9.78530789e+09
 1.56715000e+03  9.26594562e+16  8.00986269e+15  4.98901945e+10  6.49085033e+09  1.39005736e+12  9.78530789e+09
 1.56810000e+03  8.86536375e+16  1.13689787e+16  4.77333604e+10  9.21293432e+09  1.39005736e+12  9.78530789e+09
 1.56905000e+03  8.48209968e+16  1.43444313e+16  4.56697698e+10  1.16241139e+10  1.39005736e+12  9.78530789e+09
 1.57000000e+03  8.11540474e+16  1.69681509e+16  4.36953915e+10  1.37502641e+10  1.39005736e+12  9.78530789e+09
 1.57095000e+03  7.76456262e+16  1.92696999e+16  4.18063687e+10  1.56153411e+10  1.39005736e+12  9.78530789e+09
 1.57190000e+03  7.42888797e+16  2.12764390e+16  3.99990115e+10  1.72415167e+10  1.39005736e+12  9.78530789e+09
 1.57285000e+03  7.10772508e+16  2.30136816e+16  3.82697893e+10  1.86493038e+10  1.39005736e+12  9.78530789e+09
 1.57380000e+03  6.80044659e+16  2.45048379e+16  3.66153242e+10  1.98576731e+10  1.39005736e+12  9.78530789e+09
 1.57475000e+03  6.50645224e+16  2.57715494e+16  3.50323843e+10  2.08841620e+10  1.39005736e+12  9.78530789e+09
 1.57475000e+03  6.50645224e+16  0.00000000e+00  3.50323843e+10  0.00000000e+00  1.39005736e+12  9.78530789e+09
 1.57477500e+03  6.49888964e+16  7.55598041e+13  3.49916654e+10  6.12304354e+07  1.39005736e+12  9.78530789e+09
 1.57480000e+03  6.49133584e+16  1.50899641e+14  3.49509938e+10  1.22282619e+08  1.39005736e+12  9.78530789e+09
 1.57482500e+03  6.48379081e+16  2.26019998e+14  3.49103694e+10  1.83156945e+08  1.39005736e+12  9.78530789e+09
 1.57485000e+03  6.47625455e+16  3.00921361e+14  3.48697923e+10  2.43853808e+08  1.39005736e+12  9.78530789e+09
 1.57487500e+03  6.46872706e+16  3.75604214e+14  3.48292624e+10  3.04373599e+08  1.39005736e+12  9.78530789e+09
 1.57490000e+03  6.46120831e+16  4.50069042e+14  3.47887795e+10  3.64716713e+08  1.39005736e+12  9.78530789e+09
 1.57492500e+03  6.45369830e+16  5.24316326e+14  3.47483437e+10  4.24883538e+08  1.39005736e+12  9.78530789e+09
 1.57495000e+03  6.44619702e+16  5.98346550e+14  3.47079550e+10  4.84874467e+08  1.39005736e+12  9.78530789e+09
 1.57497500e+03  6.43870446e+16  6.72160194e+14  3.46676131e+10  5.44689889e+08  1.39005736e+12  9.78530789e+09
 1.57500000e+03  6.43122061e+16  7.45757738e+14  3.46273182e+10  6.04330193e+08  1.39005736e+12  9.78530789e+09
 1.57500000e+03  6.43122061e+16  7.45757738e+14  3.46273182e+10  6.04330193e+08  1.39005736e+12  9.78530789e+09
 1.57650000e+03  6.93961807e+16  5.10477992e+15  3.73646587e+10  4.13669543e+09  1.39005736e+12  9.78530789e+09
 1.57800000e+03  7.41374905e+16  9.35431312e+15  3.99174998e+10  7.58033549e+09  1.39005736e+12  9.78530789e+09
 1.57950000e+03  7.85592316e+16  1.34833618e+16  4.22982770e+10  1.09263400e+10  1.39005736e+12  9.78530789e+09
 1.58100000e+03  8.26829431e+16  1.74835034e+16  4.45185876e+10  1.41678838e+10  1.39005736e+12  9.78530789e+09
 1.58250000e+03  8.65287125e+16  2.13485325e+16  4.65892471e+10  1.72999382e+10  1.39005736e+12  9.78530789e+09
 1.58400000e+03  9.01152734e+16  2.50741466e+16  4.85203421e+10  2.03190165e+10  1.39005736e+12  9.78530789e+09
 1.58550000e+03  9.34600966e+16  2.86576700e+16  5.03212796e+10  2.32229508e+10  1.39005736e+12  9.78530789e+09
 1.58700000e+03  9.65794756e+16  3.20978112e+16  5.20008321e+10  2.60106941e+10  1.39005736e+12  9.78530789e+09
 1.58850000e+03  9.94886055e+16  3.53944490e+16  5.35671812e+10  2.86821485e+10  1.39005736e+12  9.78530789e+09
 1.59000000e+03  1.02201657e+17  3.85484461e+16  5.50279568e+10  3.12380129e+10  1.39005736e+12  9.78530789e+09
 1.59000000e+03  1.02201657e+17  3.85484461e+16  5.50279568e+10  3.12380129e+10  1.39005736e+12  9.77552259e+09
 1.59002500e+03  1.02082866e+17  3.85997184e+16  5.49639966e+10  3.12795618e+10  1.39005736e+12  9.77552259e+09
 1.59005000e+03  1.01964213e+17  3.86507630e+16  5.49001107e+10  3.13209262e+10  1.39005736e+12  9.77552259e+09
 1.59007500e+03  1.01845697e+17  3.87015806e+16  5.48362991e+10  3.13621066e+10  1.39005736e+12  9.77552259e+09
 1.59010000e+03  1.01727320e+17  3.87521717e+16  5.47725616e+10  3.14031035e+10  1.39005736e+12  9.77552259e+09
 1.59012500e+03  1.01609080e+17  3.88025369e+16  5.47088982e+10  3.14439172e+10  1.39005736e+12  9.77552259e+09
 1.59015000e+03  1.01490977e+17  3.88526766e+16  5.46453088e+10  3.14845483e+10  1.39005736e+12  9.77552259e+09
 1.59017500e+03  1.01373012e+17  3.89025915e+16  5.45817933e+10  3.15249972e+10  1.39005736e+12  9.77552259e+09
 1.59020000e+03  1.01255184e+17  3.89522822e+16  5.45183517e+10  3.15652644e+10  1.39005736e+12  9.77552259e+09
 1.59022500e+03  1.01137493e+17  3.90017491e+16  5.44549838e+10  3.16053503e+10  1.39005736e+12  9.77552259e+09
 1.59025000e+03  1.01019938e+17  3.90509928e+16  5.43916895e+10  3.16452553e+10  1.39005736e+12  9.77552259e+09
 1.59025000e+03  1.01019938e+17  0.00000000e+00  5.43916895e+10  0.00000000e+00  1.41089978e+12  9.76574706e+09
 1.59120000e+03  9.66526824e+16  4.22414638e+15  5.20402485e+10  3.42306766e+09  1.41089978e+12  9.76574706e+09
 1.59215000e+03  9.24742300e+16  7.99385098e+15  4.97904640e+10  6.47787512e+09  1.41089978e+12  9.76574706e+09
 1.59310000e+03  8.84764189e+16  1.13462521e+16  4.76379414e+10  9.19451766e+09  1.41089978e+12  9.76574706e+09
 1.59405000e+03  8.46514396e+16  1.43157568e+16  4.55784759e+10  1.16008773e+10  1.41089978e+12  9.76574706e+09
 1.59500000e+03  8.09918205e+16  1.69342315e+16  4.36080444e+10  1.37227774e+10  1.41089978e+12  9.76574706e+09
 1.59595000e+03  7.74904126e+16  1.92311798e+16  4.17227978e+10  1.55841260e+10  1.41089978e+12  9.76574706e+09
 1.59690000e+03  7.41403762e+16  2.12339074e+16  3.99190535e+10  1.72070509e+10  1.41089978e+12  9.76574706e+09
 1.59785000e+03  7.09351674e+16  2.29676772e+16  3.81932880e+10  1.86120239e+10  1.41089978e+12  9.76574706e+09
 1.59880000e+03  6.78685249e+16  2.44558527e+16  3.65421302e+10  1.98179777e+10  1.41089978e+12  9.76574706e+09
 1.59975000e+03  6.49344584e+16  2.57200321e+16  3.49623546e+10  2.08424146e+10  1.41089978e+12  9.76574706e+09
 1.59975000e+03  6.49344584e+16  0.00000000e+00  3.49623546e+10  0.00000000e+00  1.41089978e+12  9.76574706e+09
 1.59977500e+03  6.48589836e+16  7.54087601e+13  3.49217170e+10  6.11080357e+07  1.41089978e+12  9.76574706e+09
 1.59980000e+03  6.47835966e+16  1.50597993e+14  3.48811267e+10  1.22038176e+08  1.41089978e+12  9.76574706e+09
 1.59982500e+03  6.47082971e+16  2.25568184e+14  3.48405836e+10  1.82790814e+08  1.41089978e+12  9.76574706e+09
 1.59985000e+03  6.46330852e+16  3.00319819e+14  3.48000876e+10  2.43366344e+08  1.41089978e+12  9.76574706e+09
 1.59987500e+03  6.45579607e+16  3.74853381e+14  3.47596387e+10  3.03765157e+08  1.41089978e+12  9.76574706e+09
 1.59990000e+03  6.44829235e+16  4.49169354e+14  3.47192368e+10  3.63987644e+08  1.41089978e+12  9.76574706e+09
 1.59992500e+03  6.44079736e+16  5.23268218e+14  3.46788818e+10  4.24034196e+08  1.41089978e+12  9.76574706e+09
 1.59995000e+03  6.43331107e+16  5.97150455e+14  3.46385738e+10  4.83905203e+08  1.41089978e+12  9.76574706e+09
 1.59997500e+03  6.42583349e+16  6.70816546e+14  3.45983126e+10  5.43601054e+08  1.41089978e+12  9.76574706e+09
 1.60000000e+03  6.41836460e+16  7.44266969e+14  3.45580982e+10  6.03122137e+08  1.41089978e+12  9.76574706e+09
 1.60000000e+03  6.41836460e+16  7.44266969e+14  3.45580982e+10  6.03122137e+08  1.41089978e+12  9.76574706e+09
 1.60150000e+03  6.92574577e+16  5.09457546e+15  3.72899667e+10  4.12842618e+09  1.41089978e+12  9.76574706e+09
 1.60300000e+03  7.39892897e+16  9.33561385e+15  3.98377047e+10  7.56518240e+09  1.41089978e+12  9.76574706e+09
 1.60450000e+03  7.84021917e+16  1.34564086e+16  4.22137228e+10  1.09044983e+10  1.41089978e+12  9.76574706e+09
 1.60600000e+03  8.25176599e+16  1.74485539e+16  4.44295949e+10  1.41395622e+10  1.41089978e+12  9.76574706e+09
 1.60750000e+03  8.63557416e+16  2.13058568e+16  4.64961152e+10  1.72653556e+10  1.41089978e+12  9.76574706e+09
 1.60900000e+03  8.99351329e+16  2.50240233e+16  4.84233500e+10  2.02783988e+10  1.41089978e+12  9.76574706e+09
 1.61050000e+03  9.32732699e+16  2.86003833e+16  5.02206873e+10  2.31765281e+10  1.41089978e+12  9.76574706e+09
 1.61200000e+03  9.63864132e+16  3.20336477e+16  5.18968824e+10  2.59586988e+10  1.41089978e+12  9.76574706e+09
 1.61350000e+03  9.92897277e+16  3.53236955e+16  5.34601004e+10  2.86248129e+10  1.41089978e+12  9.76574706e+09
 1.61500000e+03  1.01997356e+17  3.84713877e+16  5.49179560e+10  3.11755681e+10  1.41089978e+12  9.76574706e+09
 1.61500000e+03  1.01997356e+17  3.84713877e+16  5.49179560e+10  3.11755681e+10  1.41089978e+12  9.75598132e+09
 1.61502500e+03  1.01878802e+17  3.85225575e+16  5.48541236e+10  3.12170339e+10  1.41089978e+12  9.75598132e+09
 1.61505000e+03  1.01760386e+17  3.85735002e+16  5.47903654e+10  3.12583157e+10  1.41089978e+12  9.75598132e+09
 1.61507500e+03  1.01642108e+17  3.86242162e+16  5.47266813e+10  3.12994137e+10  1.41089978e+12  9.75598132e+09
 1.61510000e+03  1.01523967e+17  3.86747061e+16  5.46630712e+10  3.13403287e+10  1.41089978e+12  9.75598132e+09
 1.61512500e+03  1.01405963e+17  3.87249706e+16  5.45995351e+10  3.13810608e+10  1.41089978e+12  9.75598132e+09
 1.61515000e+03  1.01288097e+17  3.87750101e+16  5.45360729e+10  3.14216107e+10  1.41089978e+12  9.75598132e+09
 1.61517500e+03  1.01170367e+17  3.88248253e+16  5.44726843e+10  3.14619788e+10  1.41089978e+12  9.75598132e+09
 1.61520000e+03  1.01052775e+17  3.88744166e+16  5.44093695e+10  3.15021654e+10  1.41089978e+12  9.75598132e+09
 1.61522500e+03  1.00935319e+17  3.89237846e+16  5.43461283e+10  3.15421712e+10  1.41089978e+12  9.75598132e+09
 1.61525000e+03  1.00817999e+17  3.89729298e+16  5.42829605e+10  3.15819964e+10  1.41089978e+12  9.75598132e+09
 1.61525000e+03  1.00817999e+17  0.00000000e+00  5.42829605e+10  0.00000000e+00  1.43170053e+12  9.74622534e+09
 1.61620000e+03  9.64594737e+16  4.21570231e+15  5.19362200e+10  3.41622495e+09  1.43170053e+12  9.74622534e+09
 1.61715000e+03  9.22893740e+16  7.97787127e+15  4.96909329e+10  6.46492585e+09  1.43170053e+12  9.74622534e+09
 1.61810000e+03  8.82995545e+16  1.13235709e+16  4.75427132e+10  9.17613782e+09  1.43170053e+12  9.74622534e+09
 1.61905000e+03  8.44822214e+16  1.42871396e+16  4.54873645e+10  1.15776872e+10  1.43170053e+12  9.74622534e+09
 1.62000000e+03  8.08299178e+16  1.69003800e+16  4.35208719e+10  1.36953455e+10  1.43170053e+12  9.74622534e+09
 1.62095000e+03  7.73355092e+16  1.91927366e+16  4.16393939e+10  1.55529734e+10  1.43170053e+12  9.74622534e+09
 1.62190000e+03  7.39921696e+16  2.11914608e+16  3.98392553e+10  1.71726540e+10  1.43170053e+12  9.74622534e+09
 1.62285000e+03  7.07933680e+16  2.29217649e+16  3.81169396e+10  1.85748184e+10  1.43170053e+12  9.74622534e+09
 1.62380000e+03  6.77328557e+16  2.44069655e+16  3.64690825e+10  1.97783615e+10  1.43170053e+12  9.74622534e+09
 1.62475000e+03  6.48046544e+16  2.56686178e+16  3.48924648e+10  2.08007506e+10  1.43170053e+12  9.74622534e+09
 1.62475000e+03  6.48046544e+16  0.00000000e+00  3.48924648e+10  0.00000000e+00  1.43170053e+12  9.74622534e+09
 1.62477500e+03  6.47293305e+16  7.52580180e+13  3.48519085e+10  6.09858807e+07  1.43170053e+12  9.74622534e+09
 1.62480000e+03  6.46540941e+16  1.50296948e+14  3.48113993e+10  1.21794222e+08  1.43170053e+12  9.74622534e+09
 1.62482500e+03  6.45789452e+16  2.25117274e+14  3.47709373e+10  1.82425416e+08  1.43170053e+12  9.74622534e+09
 1.62485000e+03  6.45038837e+16  2.99719480e+14  3.47305222e+10  2.42879855e+08  1.43170053e+12  9.74622534e+09
 1.62487500e+03  6.44289093e+16  3.74104049e+14  3.46901542e+10  3.03157930e+08  1.43170053e+12  9.74622534e+09
 1.62490000e+03  6.43540222e+16  4.48271464e+14  3.46498330e+10  3.63260033e+08  1.43170053e+12  9.74622534e+09
 1.62492500e+03  6.42792220e+16  5.22222205e+14  3.46095587e+10  4.23186552e+08  1.43170053e+12  9.74622534e+09
 1.62495000e+03  6.42045088e+16  5.95956752e+14  3.45693312e+10  4.82937877e+08  1.43170053e+12  9.74622534e+09
 1.62497500e+03  6.41298825e+16  6.69475584e+14  3.45291505e+10  5.42514395e+08  1.43170053e+12  9.74622534e+09
 1.62500000e+03  6.40553429e+16  7.42779179e+14  3.44890165e+10  6.01916496e+08  1.43170053e+12  9.74622534e+09
 1.62500000e+03  6.40553429e+16  7.42779179e+14  3.44890165e+10  6.01916496e+08  1.43170053e+12  9.74622534e+09
 1.62650000e+03  6.91190121e+16  5.08439141e+15  3.72154241e+10  4.12017346e+09  1.43170053e+12  9.74622534e+09
 1.62800000e+03  7.38413851e+16  9.31695196e+15  3.97580691e+10  7.55005960e+09  1.43170053e+12  9.74622534e+09
 1.62950000e+03  7.82454657e+16  1.34295092e+16  4.21293375e+10  1.08827002e+10  1.43170053e+12  9.74622534e+09
 1.63100000e+03  8.23527071e+16  1.74136743e+16  4.43407801e+10  1.41112972e+10  1.43170053e+12  9.74622534e+09
 1.63250000e+03  8.61831165e+16  2.12632664e+16  4.64031694e+10  1.72308421e+10  1.43170053e+12  9.74622534e+09
 1.63400000e+03  8.97553526e+16  2.49740003e+16  4.83265517e+10  2.02378623e+10  1.43170053e+12  9.74622534e+09
 1.63550000e+03  9.30868166e+16  2.85432112e+16  5.01202962e+10  2.31301982e+10  1.43170053e+12  9.74622534e+09
 1.63700000e+03  9.61937368e+16  3.19696124e+16  5.17931406e+10  2.59068073e+10  1.43170053e+12  9.74622534e+09
 1.63850000e+03  9.90912476e+16  3.52530834e+16  5.33532336e+10  2.85675919e+10  1.43170053e+12  9.74622534e+09
 1.64000000e+03  1.01793463e+17  3.83944834e+16  5.48081750e+10  3.11132482e+10  1.43170053e+12  9.74622534e+09
 1.64000000e+03  1.01793463e+17  3.83944834e+16  5.48081750e+10  3.11132482e+10  1.43170053e+12  9.73647911e+09
 1.64002500e+03  1.01675147e+17  3.84455509e+16  5.47444702e+10  3.11546311e+10  1.43170053e+12  9.73647911e+09
 1.64005000e+03  1.01556967e+17  3.84963917e+16  5.46808394e+10  3.11958303e+10  1.43170053e+12  9.73647911e+09
 1.64007500e+03  1.01438925e+17  3.85470064e+16  5.46172827e+10  3.12368462e+10  1.43170053e+12  9.73647911e+09
 1.64010000e+03  1.01321020e+17  3.85973954e+16  5.45537998e+10  3.12776793e+10  1.43170053e+12  9.73647911e+09
 1.64012500e+03  1.01203253e+17  3.86475594e+16  5.44903907e+10  3.13183301e+10  1.43170053e+12  9.73647911e+09
 1.64015000e+03  1.01085622e+17  3.86974989e+16  5.44270552e+10  3.13587989e+10  1.43170053e+12  9.73647911e+09
 1.64017500e+03  1.00968128e+17  3.87472144e+16  5.43637934e+10  3.13990863e+10  1.43170053e+12  9.73647911e+09
 1.64020000e+03  1.00850770e+17  3.87967066e+16  5.43006052e+10  3.14391926e+10  1.43170053e+12  9.73647911e+09
 1.64022500e+03  1.00733549e+17  3.88459759e+16  5.42374904e+10  3.14791184e+10  1.43170053e+12  9.73647911e+09
 1.64025000e+03  1.00616464e+17  3.88950230e+16  5.41744489e+10  3.15188640e+10  1.43170053e+12  9.73647911e+09
 1.64025000e+03  1.00616464e+17  0.00000000e+00  5.41744489e+10  0.00000000e+00  1.45245970e+12  9.72674263e+09
 1.64120000e+03  9.62666512e+16  4.20727513e+15  5.18323995e+10  3.40939592e+09  1.45245970e+12  9.72674263e+09
 1.64215000e+03  9.21048875e+16  7.96192350e+15  4.95916007e+10  6.45200247e+09  1.45245970e+12  9.72674263e+09
 1.64310000e+03  8.81230437e+16  1.13009351e+16  4.74476753e+10  9.15779472e+09  1.45245970e+12  9.72674263e+09
 1.64405000e+03  8.43133415e+16  1.42585796e+16  4.53964353e+10  1.15545434e+10  1.45245970e+12  9.72674263e+09
 1.64500000e+03  8.06683388e+16  1.68665961e+16  4.34338737e+10  1.36679685e+10  1.45245970e+12  9.72674263e+09
 1.64595000e+03  7.71809156e+16  1.91543704e+16  4.15561568e+10  1.55218830e+10  1.45245970e+12  9.72674263e+09
 1.64690000e+03  7.38442593e+16  2.11490991e+16  3.97596167e+10  1.71383259e+10  1.45245970e+12  9.72674263e+09
 1.64785000e+03  7.06518520e+16  2.28759442e+16  3.80407439e+10  1.85376874e+10  1.45245970e+12  9.72674263e+09
 1.64880000e+03  6.75974578e+16  2.43581760e+16  3.63961808e+10  1.97388246e+10  1.45245970e+12  9.72674263e+09
 1.64975000e+03  6.46751099e+16  2.56173062e+16  3.48227148e+10  2.07591699e+10  1.45245970e+12  9.72674263e+09
 1.64975000e+03  6.46751099e+16  0.00000000e+00  3.48227148e+10  0.00000000e+00  1.45245970e+12  9.72674263e+09
 1.64977500e+03  6.45999366e+16  7.51075772e+13  3.47822395e+10  6.08639700e+07  1.45245970e+12  9.72674263e+09
 1.64980000e+03  6.45248506e+16  1.49996504e+14  3.47418114e+10  1.21550755e+08  1.45245970e+12  9.72674263e+09
 1.64982500e+03  6.44498519e+16  2.24667264e+14  3.47014302e+10  1.82060747e+08  1.45245970e+12  9.72674263e+09
 1.64985000e+03  6.43749404e+16  2.99120341e+14  3.46610959e+10  2.42394338e+08  1.45245970e+12  9.72674263e+09
 1.64987500e+03  6.43001159e+16  3.73356215e+14  3.46208085e+10  3.02551917e+08  1.45245970e+12  9.72674263e+09
 1.64990000e+03  6.42253785e+16  4.47375369e+14  3.45805680e+10  3.62533876e+08  1.45245970e+12  9.72674263e+09
 1.64992500e+03  6.41507279e+16  5.21178283e+14  3.45403742e+10  4.22340602e+08  1.45245970e+12  9.72674263e+09
 1.64995000e+03  6.40761640e+16  5.94765434e+14  3.45002272e+10  4.81972484e+08  1.45245970e+12  9.72674263e+09
 1.64997500e+03  6.40016868e+16  6.68137302e+14  3.44601268e+10  5.41429909e+08  1.45245970e+12  9.72674263e+09
 1.65000000e+03  6.39272962e+16  7.41294363e+14  3.44200730e+10  6.00713265e+08  1.45245970e+12  9.72674263e+09
 1.65000000e+03  6.39272962e+16  7.41294363e+14  3.44200730e+10  6.00713265e+08  1.45245970e+12  9.72674263e+09
 1.65150000e+03  6.89808431e+16  5.07422771e+15  3.71410304e+10  4.11193723e+09  1.45245970e+12  9.72674263e+09
 1.65300000e+03  7.36937762e+16  9.29832737e+15  3.96785928e+10  7.53496703e+09  1.45245970e+12  9.72674263e+09
 1.65450000e+03  7.80890530e+16  1.34026636e+16  4.20451210e+10  1.08609457e+10  1.45245970e+12  9.72674263e+09
 1.65600000e+03  8.21880840e+16  1.73788643e+16  4.42521429e+10  1.40830888e+10  1.45245970e+12  9.72674263e+09
 1.65750000e+03  8.60108364e+16  2.12207611e+16  4.63104095e+10  1.71963977e+10  1.45245970e+12  9.72674263e+09
 1.65900000e+03  8.95759317e+16  2.49240773e+16  4.82299469e+10  2.01974068e+10  1.45245970e+12  9.72674263e+09
 1.66050000e+03  9.29007361e+16  2.84861533e+16  5.00201057e+10  2.30839610e+10  1.45245970e+12  9.72674263e+09
 1.66200000e+03  9.60014455e+16  3.19057052e+16  5.16896061e+10  2.58550196e+10  1.45245970e+12  9.72674263e+09
 1.66350000e+03  9.88931642e+16  3.51826125e+16  5.32465805e+10  2.85104853e+10  1.45245970e+12  9.72674263e+09
 1.66500000e+03  1.01589978e+17  3.83177329e+16  5.46986134e+10  3.10510528e+10  1.45245970e+12  9.72674263e+09
 1.66500000e+03  1.01589978e+17  3.83177329e+16  5.46986134e+10  3.10510528e+10  1.45245970e+12  9.71701589e+09
 1.66502500e+03  1.01471898e+17  3.83686983e+16  5.46350360e+10  3.10923530e+10  1.45245970e+12  9.71701589e+09
 1.66505000e+03  1.01353955e+17  3.84194374e+16  5.45715325e+10  3.11334698e+10  1.45245970e+12  9.71701589e+09
 1.66507500e+03  1.01236149e+17  3.84699509e+16  5.45081027e+10  3.11744038e+10  1.45245970e+12  9.71701589e+09
 1.66510000e+03  1.01118480e+17  3.85202392e+16  5.44447467e+10  3.12151553e+10  1.45245970e+12  9.71701589e+09
 1.66512500e+03  1.01000947e+17  3.85703029e+16  5.43814644e+10  3.12557247e+10  1.45245970e+12  9.71701589e+09
 1.66515000e+03  1.00883552e+17  3.86201426e+16  5.43182556e+10  3.12961127e+10  1.45245970e+12  9.71701589e+09
 1.66517500e+03  1.00766293e+17  3.86697588e+16  5.42551202e+10  3.13363195e+10  1.45245970e+12  9.71701589e+09
 1.66520000e+03  1.00649170e+17  3.87191520e+16  5.41920583e+10  3.13763457e+10  1.45245970e+12  9.71701589e+09
 1.66522500e+03  1.00532183e+17  3.87683228e+16  5.41290696e+10  3.14161916e+10  1.45245970e+12  9.71701589e+09
 1.66525000e+03  1.00415332e+17  3.88172718e+16  5.40661542e+10  3.14558578e+10  1.45245970e+12  9.71701589e+09
 1.66525000e+03  1.00415332e+17  0.00000000e+00  5.40661542e+10  0.00000000e+00  1.47317737e+12  9.70729887e+09
 1.66620000e+03  9.60742141e+16  4.19886478e+15  5.17287865e+10  3.40258053e+09  1.47317737e+12  9.70729887e+09
 1.66715000e+03  9.19207699e+16  7.94600762e+15  4.94924671e+10  6.43910491e+09  1.47317737e+12  9.70729887e+09
 1.66810000e+03  8.79468857e+16  1.12783445e+16  4.73528274e+10  9.13948829e+09  1.47317737e+12  9.70729887e+09
 1.66905000e+03  8.41447991e+16  1.42300767e+16  4.53056878e+10  1.15314459e+10  1.47317737e+12  9.70729887e+09
 1.67000000e+03  8.05070828e+16  1.68328798e+16  4.33470494e+10  1.36406463e+10  1.47317737e+12  9.70729887e+09
 1.67095000e+03  7.70266309e+16  1.91160808e+16  4.14730860e+10  1.54908547e+10  1.47317737e+12  9.70729887e+09
 1.67190000e+03  7.36966446e+16  2.11068221e+16  3.96801372e+10  1.71040664e+10  1.47317737e+12  9.70729887e+09
 1.67285000e+03  7.05106190e+16  2.28302152e+16  3.79647004e+10  1.85006305e+10  1.47317737e+12  9.70729887e+09
 1.67380000e+03  6.74623304e+16  2.43094840e+16  3.63234248e+10  1.96993667e+10  1.47317737e+12  9.70729887e+09
 1.67475000e+03  6.45458244e+16  2.55660972e+16  3.47531042e+10  2.07176723e+10  1.47317737e+12  9.70729887e+09
 1.67475000e+03  6.45458244e+16  0.00000000e+00  3.47531042e+10  0.00000000e+00  1.47317737e+12  9.70729887e+09
 1.67477500e+03  6.44708013e+16  7.49574371e+13  3.47127098e+10  6.07423029e+07  1.47317737e+12  9.70729887e+09
 1.67480000e+03  6.43958654e+16  1.49696661e+14  3.46723625e+10  1.21307775e+08  1.47317737e+12  9.70729887e+09
 1.67482500e+03  6.43210167e+16  2.24218154e+14  3.46320620e+10  1.81696808e+08  1.47317737e+12  9.70729887e+09
 1.67485000e+03  6.42462549e+16  2.98522399e+14  3.45918084e+10  2.41909791e+08  1.47317737e+12  9.70729887e+09
 1.67487500e+03  6.41715800e+16  3.72609876e+14  3.45516015e+10  3.01947116e+08  1.47317737e+12  9.70729887e+09
 1.67490000e+03  6.40969919e+16  4.46481066e+14  3.45114414e+10  3.61809171e+08  1.47317737e+12  9.70729887e+09
 1.67492500e+03  6.40224906e+16  5.20136447e+14  3.44713280e+10  4.21496343e+08  1.47317737e+12  9.70729887e+09
 1.67495000e+03  6.39480758e+16  5.93576498e+14  3.44312612e+10  4.81009021e+08  1.47317737e+12  9.70729887e+09
 1.67497500e+03  6.38737475e+16  6.66801696e+14  3.43912410e+10  5.40347591e+08  1.47317737e+12  9.70729887e+09
 1.67500000e+03  6.37995056e+16  7.39812516e+14  3.43512673e+10  5.99512439e+08  1.47317737e+12  9.70729887e+09
 1.67500000e+03  6.37995056e+16  7.39812516e+14  3.43512673e+10  5.99512439e+08  1.47317737e+12  9.70729887e+09
 1.67650000e+03  6.88429504e+16  5.06408433e+15  3.70667855e+10  4.10371747e+09  1.47317737e+12  9.70729887e+09
 1.67800000e+03  7.35464623e+16  9.27974002e+15  3.95992753e+10  7.51990463e+09  1.47317737e+12  9.70729887e+09
 1.67950000e+03  7.79329530e+16  1.33758717e+16  4.19610728e+10  1.08392346e+10  1.47317737e+12  9.70729887e+09
 1.68100000e+03  8.20237900e+16  1.73441240e+16  4.41636829e+10  1.40549367e+10  1.47317737e+12  9.70729887e+09
 1.68250000e+03  8.58389008e+16  2.11783408e+16  4.62178350e+10  1.71620221e+10  1.47317737e+12  9.70729887e+09
 1.68400000e+03  8.93968694e+16  2.48742541e+16  4.81335353e+10  2.01570322e+10  1.47317737e+12  9.70729887e+09
 1.68550000e+03  9.27150275e+16  2.84292095e+16  4.99201155e+10  2.30378161e+10  1.47317737e+12  9.70729887e+09
 1.68700000e+03  9.58095386e+16  3.18419257e+16  5.15862786e+10  2.58033354e+10  1.47317737e+12  9.70729887e+09
 1.68850000e+03  9.86954767e+16  3.51122825e+16  5.31401406e+10  2.84534928e+10  1.47317737e+12  9.70729887e+09
 1.69000000e+03  1.01386900e+17  3.82411357e+16  5.45892709e+10  3.09889817e+10  1.47317737e+12  9.70729887e+09
 1.69000000e+03  1.01386900e+17  3.82411357e+16  5.45892709e+10  3.09889817e+10  1.47317737e+12  9.69759157e+09
 1.69002500e+03  1.01269056e+17  3.82919993e+16  5.45258206e+10  3.10301994e+10  1.47317737e+12  9.69759157e+09
 1.69005000e+03  1.01151348e+17  3.83426370e+16  5.44624440e+10  3.10712340e+10  1.47317737e+12  9.69759157e+09
 1.69007500e+03  1.01033778e+17  3.83930495e+16  5.43991410e+10  3.11120861e+10  1.47317737e+12  9.69759157e+09
 1.69010000e+03  1.00916344e+17  3.84432372e+16  5.43359117e+10  3.11527562e+10  1.47317737e+12  9.69759157e+09
 1.69012500e+03  1.00799047e+17  3.84932009e+16  5.42727558e+10  3.11932446e+10  1.47317737e+12  9.69759157e+09
 1.69015000e+03  1.00681886e+17  3.85429409e+16  5.42096734e+10  3.12335518e+10  1.47317737e+12  9.69759157e+09
 1.69017500e+03  1.00564861e+17  3.85924579e+16  5.41466642e+10  3.12736782e+10  1.47317737e+12  9.69759157e+09
 1.69020000e+03  1.00447972e+17  3.86417524e+16  5.40837283e+10  3.13136244e+10  1.47317737e+12  9.69759157e+09
 1.69022500e+03  1.00331219e+17  3.86908249e+16  5.40208656e+10  3.13533906e+10  1.47317737e+12  9.69759157e+09
 1.69025000e+03  1.00214602e+17  3.87396761e+16  5.39580759e+10  3.13929775e+10  1.47317737e+12  9.69759157e+09
 1.69025000e+03  1.00214602e+17  0.00000000e+00  5.39580759e+10  0.00000000e+00  1.49385363e+12  9.68789398e+09
 1.69120000e+03  9.58821618e+16  4.19047125e+15  5.16253807e+10  3.39577878e+09  1.49385363e+12  9.68789398e+09
 1.69215000e+03  9.17370203e+16  7.93012355e+15  4.93935317e+10  6.42623314e+09  1.49385363e+12  9.68789398e+09
 1.69310000e+03  8.77710799e+16  1.12557991e+16  4.72581691e+10  9.12121845e+09  1.49385363e+12  9.68789398e+09
 1.69405000e+03  8.39765936e+16  1.42016307e+16  4.52151217e+10  1.15083945e+10  1.49385363e+12  9.68789398e+09
 1.69500000e+03  8.03461491e+16  1.67992309e+16  4.32603986e+10  1.36133786e+10  1.49385363e+12  9.68789398e+09
 1.69595000e+03  7.68726547e+16  1.90778677e+16  4.13901813e+10  1.54598885e+10  1.49385363e+12  9.68789398e+09
 1.69690000e+03  7.35493250e+16  2.10646295e+16  3.96008166e+10  1.70698753e+10  1.49385363e+12  9.68789398e+09
 1.69785000e+03  7.03696683e+16  2.27845776e+16  3.78888090e+10  1.84636478e+10  1.49385363e+12  9.68789398e+09
 1.69880000e+03  6.73274732e+16  2.42608893e+16  3.62508143e+10  1.96599876e+10  1.49385363e+12  9.68789398e+09
 1.69975000e+03  6.44167973e+16  2.55149906e+16  3.46836327e+10  2.06762577e+10  1.49385363e+12  9.68789398e+09
 1.69975000e+03  6.44167973e+16  0.00000000e+00  3.46836327e+10  0.00000000e+00  1.49385363e+12  9.68789398e+09
 1.69977500e+03  6.43419242e+16  7.48075972e+13  3.46433191e+10  6.06208790e+07  1.49385363e+12  9.68789398e+09
 1.69980000e+03  6.42671381e+16  1.49397417e+14  3.46030524e+10  1.21065281e+08  1.49385363e+12  9.68789398e+09
 1.69982500e+03  6.41924389e+16  2.23769942e+14  3.45628325e+10  1.81333596e+08  1.49385363e+12  9.68789398e+09
 1.69985000e+03  6.41178266e+16  2.97925653e+14  3.45226594e+10  2.41426214e+08  1.49385363e+12  9.68789398e+09
 1.69987500e+03  6.40433010e+16  3.71865029e+14  3.44825329e+10  3.01343524e+08  1.49385363e+12  9.68789398e+09
 1.69990000e+03  6.39688620e+16  4.45588550e+14  3.44424531e+10  3.61085914e+08  1.49385363e+12  9.68789398e+09
 1.69992500e+03  6.38945096e+16  5.19096694e+14  3.44024198e+10  4.20653772e+08  1.49385363e+12  9.68789398e+09
 1.69995000e+03  6.38202436e+16  5.92389939e+14  3.43624331e+10  4.80047484e+08  1.49385363e+12  9.68789398e+09
 1.69997500e+03  6.37460639e+16  6.65468759e+14  3.43224929e+10  5.39267436e+08  1.49385363e+12  9.68789398e+09
 1.70000000e+03  6.36719704e+16  7.38333631e+14  3.42825991e+10  5.98314013e+08  1.49385363e+12  9.68789398e+09
 1.70000000e+03  6.36719704e+16  7.38333631e+14  3.42825991e+10  5.98314013e+08  1.49385363e+12  9.68789398e+09
 1.70150000e+03  6.87053334e+16  5.05396122e+15  3.69926890e+10  4.09551414e+09  1.49385363e+12  9.68789398e+09
 1.70300000e+03  7.33994429e+16  9.26118981e+15  3.95201163e+10  7.50487234e+09  1.49385363e+12  9.68789398e+09
 1.70450000e+03  7.77771650e+16  1.33491333e+16  4.18771926e+10  1.08175670e+10  1.49385363e+12  9.68789398e+09
 1.70600000e+03  8.18598245e+16  1.73094531e+16  4.40753997e+10  1.40268408e+10  1.49385363e+12  9.68789398e+09
 1.70750000e+03  8.56673088e+16  2.11360053e+16  4.61254455e+10  1.71277152e+10  1.49385363e+12  9.68789398e+09
 1.70900000e+03  8.92181650e+16  2.48245304e+16  4.80373163e+10  2.01167383e+10  1.49385363e+12  9.68789398e+09
 1.71050000e+03  9.25296902e+16  2.83723795e+16  4.98203252e+10  2.29917635e+10  1.49385363e+12  9.68789398e+09
 1.71200000e+03  9.56180153e+16  3.17782737e+16  5.14831576e+10  2.57517546e+10  1.49385363e+12  9.68789398e+09
 1.71350000e+03  9.84981845e+16  3.50420930e+16  5.30339135e+10  2.83966143e+10  1.49385363e+12  9.68789398e+09
 1.71500000e+03  1.01184227e+17  3.81646917e+16  5.44801469e+10  3.09270347e+10  1.49385363e+12  9.68789398e+09
 1.71500000e+03  1.01184227e+17  3.81646917e+16  5.44801469e+10  3.09270347e+10  1.49385363e+12  9.67820609e+09
 1.71502500e+03  1.01066619e+17  3.82154535e+16  5.44168234e+10  3.09681700e+10  1.49385363e+12  9.67820609e+09
 1.71505000e+03  1.00949147e+17  3.82659901e+16  5.43535735e+10  3.10091226e+10  1.49385363e+12  9.67820609e+09
 1.71507500e+03  1.00831811e+17  3.83163018e+16  5.42903971e+10  3.10498931e+10  1.49385363e+12  9.67820609e+09
 1.71510000e+03  1.00714612e+17  3.83663892e+16  5.42272942e+10  3.10904818e+10  1.49385363e+12  9.67820609e+09
 1.71512500e+03  1.00597549e+17  3.84162530e+16  5.41642646e+10  3.11308893e+10  1.49385363e+12  9.67820609e+09
 1.71515000e+03  1.00480622e+17  3.84658936e+16  5.41013082e+10  3.11711159e+10  1.49385363e+12  9.67820609e+09
 1.71517500e+03  1.00363832e+17  3.85153116e+16  5.40384251e+10  3.12111621e+10  1.49385363e+12  9.67820609e+09
 1.71520000e+03  1.00247176e+17  3.85645075e+16  5.39756150e+10  3.12510284e+10  1.49385363e+12  9.67820609e+09
 1.71522500e+03  1.00130657e+17  3.86134820e+16  5.39128779e+10  3.12907152e+10  1.49385363e+12  9.67820609e+09
 1.71525000e+03  1.00014273e+17  3.86622355e+16  5.38502137e+10  3.13302230e+10  1.49385363e+12  9.67820609e+09
 1.71525000e+03  1.00014273e+17  0.00000000e+00  5.38502137e+10  0.00000000e+00  1.51448856e+12  9.66852788e+09
 1.71620000e+03  9.56904933e+16  4.18209450e+15  5.15221816e+10  3.38899061e+09  1.51448856e+12  9.66852788e+09
 1.71715000e+03  9.15536379e+16  7.91427123e+15  4.92947940e+10  6.41338710e+09  1.51448856e+12  9.66852788e+09
 1.71810000e+03  8.75956255e+16  1.12332988e+16  4.71637000e+10  9.10298514e+09  1.51448856e+12  9.66852788e+09
 1.71905000e+03  8.38087244e+16  1.41732417e+16  4.51247367e+10  1.14853892e+10  1.51448856e+12  9.66852788e+09
 1.72000000e+03  8.01855372e+16  1.67656492e+16  4.31739211e+10  1.35861655e+10  1.51448856e+12  9.66852788e+09
 1.72095000e+03  7.67189862e+16  1.90397311e+16  4.13074424e+10  1.54289842e+10  1.51448856e+12  9.66852788e+09
 1.72190000e+03  7.34022999e+16  2.10225213e+16  3.95216546e+10  1.70357526e+10  1.51448856e+12  9.66852788e+09
 1.72285000e+03  7.02289993e+16  2.27390313e+16  3.78130693e+10  1.84267389e+10  1.51448856e+12  9.66852788e+09
 1.72380000e+03  6.71928856e+16  2.42123918e+16  3.61783489e+10  1.96206873e+10  1.51448856e+12  9.66852788e+09
 1.72475000e+03  6.42880281e+16  2.54639861e+16  3.46143001e+10  2.06349258e+10  1.51448856e+12  9.66852788e+09
 1.72475000e+03  6.42880281e+16  0.00000000e+00  3.46143001e+10  0.00000000e+00  1.51448856e+12  9.66852788e+09
 1.72477500e+03  6.42133047e+16  7.46580568e+13  3.45740671e+10  6.04996979e+07  1.51448856e+12  9.66852788e+09
 1.72480000e+03  6.41386681e+16  1.49098772e+14  3.45338809e+10  1.20823271e+08  1.51448856e+12  9.66852788e+09
 1.72482500e+03  6.40641183e+16  2.23322626e+14  3.44937414e+10  1.80971110e+08  1.51448856e+12  9.66852788e+09
 1.72485000e+03  6.39896551e+16  2.97330099e+14  3.44536486e+10  2.40943603e+08  1.51448856e+12  9.66852788e+09
 1.72487500e+03  6.39152785e+16  3.71121671e+14  3.44136023e+10  3.00741138e+08  1.51448856e+12  9.66852788e+09
 1.72490000e+03  6.38409883e+16  4.44697819e+14  3.43736026e+10  3.60364103e+08  1.51448856e+12  9.66852788e+09
 1.72492500e+03  6.37667845e+16  5.18059020e+14  3.43336494e+10  4.19812885e+08  1.51448856e+12  9.66852788e+09
 1.72495000e+03  6.36926669e+16  5.91205751e+14  3.42937426e+10  4.79087869e+08  1.51448856e+12  9.66852788e+09
 1.72497500e+03  6.36186355e+16  6.64138487e+14  3.42538822e+10  5.38189440e+08  1.51448856e+12  9.66852788e+09
 1.72500000e+03  6.35446901e+16  7.36857702e+14  3.42140682e+10  5.97117984e+08  1.51448856e+12  9.66852788e+09
 1.72500000e+03  6.35446901e+16  7.36857702e+14  3.42140682e+10  5.97117984e+08  1.51448856e+12  9.66852788e+09
 1.72650000e+03  6.85679914e+16  5.04385835e+15  3.69187406e+10  4.08732720e+09  1.51448856e+12  9.66852788e+09
 1.72800000e+03  7.32527175e+16  9.24267670e+15  3.94411156e+10  7.48987010e+09  1.51448856e+12  9.66852788e+09
 1.72950000e+03  7.76216885e+16  1.33224484e+16  4.17934801e+10  1.07959427e+10  1.51448856e+12  9.66852788e+09
 1.73100000e+03  8.16961867e+16  1.72748515e+16  4.39872930e+10  1.39988012e+10  1.51448856e+12  9.66852788e+09
 1.73250000e+03  8.54960598e+16  2.10937544e+16  4.60332408e+10  1.70934769e+10  1.51448856e+12  9.66852788e+09
 1.73400000e+03  8.90398179e+16  2.47749062e+16  4.79412897e+10  2.00765249e+10  1.51448856e+12  9.66852788e+09
 1.73550000e+03  9.23447233e+16  2.83156631e+16  4.97207344e+10  2.29458030e+10  1.51448856e+12  9.66852788e+09
 1.73700000e+03  9.54268749e+16  3.17147489e+16  5.13802428e+10  2.57002768e+10  1.51448856e+12  9.66852788e+09
 1.73850000e+03  9.83012866e+16  3.49720439e+16  5.29278987e+10  2.83398494e+10  1.51448856e+12  9.66852788e+09
 1.74000000e+03  1.00981960e+17  3.80884005e+16  5.43712411e+10  3.08652116e+10  1.51448856e+12  9.66852788e+09
 1.74000000e+03  1.00981960e+17  3.80884005e+16  5.43712411e+10  3.08652116e+10  1.51448856e+12  9.65885935e+09
 1.74002500e+03  1.00864587e+17  3.81390609e+16  5.43080442e+10  3.09062646e+10  1.51448856e+12  9.65885935e+09
 1.74005000e+03  1.00747349e+17  3.81894963e+16  5.42449207e+10  3.09471354e+10  1.51448856e+12  9.65885935e+09
 1.74007500e+03  1.00630248e+17  3.82397075e+16  5.41818706e+10  3.09878243e+10  1.51448856e+12  9.65885935e+09
 1.74010000e+03  1.00513284e+17  3.82896948e+16  5.41188938e+10  3.10283319e+10  1.51448856e+12  9.65885935e+09
 1.74012500e+03  1.00396455e+17  3.83394589e+16  5.40559902e+10  3.10686586e+10  1.51448856e+12  9.65885935e+09
 1.74015000e+03  1.00279762e+17  3.83890003e+16  5.39931597e+10  3.11088048e+10  1.51448856e+12  9.65885935e+09
 1.74017500e+03  1.00163204e+17  3.84383195e+16  5.39304022e+10  3.11487710e+10  1.51448856e+12  9.65885935e+09
 1.74020000e+03  1.00046782e+17  3.84874171e+16  5.38677177e+10  3.11885576e+10  1.51448856e+12  9.65885935e+09
 1.74022500e+03  9.99304957e+16  3.85362936e+16  5.38051061e+10  3.12281651e+10  1.51448856e+12  9.65885935e+09
 1.74025000e+03  9.98143442e+16  3.85849497e+16  5.37425672e+10  3.12675938e+10  1.51448856e+12  9.65885935e+09
 1.74025000e+03  9.98143442e+16  0.00000000e+00  5.37425672e+10  0.00000000e+00  1.53508223e+12  9.64920049e+09
 1.74120000e+03  9.54992080e+16  4.17373449e+15  5.14191887e+10  3.38221602e+09  1.53508223e+12  9.64920049e+09
 1.74215000e+03  9.13706222e+16  7.89845060e+15  4.91962537e+10  6.40056674e+09  1.53508223e+12  9.64920049e+09
 1.74310000e+03  8.74205219e+16  1.12108434e+16  4.70694198e+10  9.08478827e+09  1.53508223e+12  9.64920049e+09
 1.74405000e+03  8.36411908e+16  1.41449094e+16  4.50345324e+10  1.14624299e+10  1.53508223e+12  9.64920049e+09
 1.74500000e+03  8.00252463e+16  1.67321347e+16  4.30876164e+10  1.35590067e+10  1.53508223e+12  9.64920049e+09
 1.74595000e+03  7.65656250e+16  1.90016706e+16  4.12248688e+10  1.53981416e+10  1.53508223e+12  9.64920049e+09
 1.74690000e+03  7.32555687e+16  2.09804973e+16  3.94426508e+10  1.70016982e+10  1.53508223e+12  9.64920049e+09
 1.74785000e+03  7.00886115e+16  2.26935759e+16  3.77374809e+10  1.83899039e+10  1.53508223e+12  9.64920049e+09
 1.74880000e+03  6.70585671e+16  2.41639912e+16  3.61060284e+10  1.95814656e+10  1.53508223e+12  9.64920049e+09
 1.74975000e+03  6.41595163e+16  2.54130836e+16  3.45451061e+10  2.05936766e+10  1.53508223e+12  9.64920049e+09
 1.74975000e+03  6.41595163e+16  0.00000000e+00  3.45451061e+10  0.00000000e+00  1.53508223e+12  9.64920049e+09
 1.74977500e+03  6.40849423e+16  7.45088154e+13  3.45049536e+10  6.03787590e+07  1.53508223e+12  9.64920049e+09
 1.74980000e+03  6.40104549e+16  1.48800723e+14  3.44648477e+10  1.20581746e+08  1.53508223e+12  9.64920049e+09
 1.74982500e+03  6.39360541e+16  2.22876204e+14  3.44247884e+10  1.80609349e+08  1.53508223e+12  9.64920049e+09
 1.74985000e+03  6.38617398e+16  2.96735737e+14  3.43847757e+10  2.40461957e+08  1.53508223e+12  9.64920049e+09
 1.74987500e+03  6.37875118e+16  3.70379799e+14  3.43448095e+10  3.00139957e+08  1.53508223e+12  9.64920049e+09
 1.74990000e+03  6.37133702e+16  4.43808868e+14  3.43048898e+10  3.59643735e+08  1.53508223e+12  9.64920049e+09
 1.74992500e+03  6.36393147e+16  5.17023420e+14  3.42650164e+10  4.18973679e+08  1.53508223e+12  9.64920049e+09
 1.74995000e+03  6.35653453e+16  5.90023931e+14  3.42251894e+10  4.78130172e+08  1.53508223e+12  9.64920049e+09
 1.74997500e+03  6.34914618e+16  6.62810874e+14  3.41854087e+10  5.37113600e+08  1.53508223e+12  9.64920049e+09
 1.75000000e+03  6.34176643e+16  7.35384723e+14  3.41456742e+10  5.95924345e+08  1.53508223e+12  9.64920049e+09
 1.75000000e+03  6.34176643e+16  7.35384723e+14  3.41456742e+10  5.95924345e+08  1.53508223e+12  9.64920049e+09
 1.75150000e+03  6.84309240e+16  5.03377568e+15  3.68449401e+10  4.07915664e+09  1.53508223e+12  9.64920049e+09
 1.75300000e+03  7.31062853e+16  9.22420059e+15  3.93622728e+10  7.47489785e+09  1.53508223e+12  9.64920049e+09
 1.75450000e+03  7.74665227e+16  1.32958168e+16  4.17099349e+10  1.07743616e+10  1.53508223e+12  9.64920049e+09
 1.75600000e+03  8.15328760e+16  1.72403190e+16  4.38993624e+10  1.39708176e+10  1.53508223e+12  9.64920049e+09
 1.75750000e+03  8.53251532e+16  2.10515880e+16  4.59412203e+10  1.70593070e+10  1.53508223e+12  9.64920049e+09
 1.75900000e+03  8.88618273e+16  2.47253811e+16  4.78454551e+10  2.00363920e+10  1.53508223e+12  9.64920049e+09
 1.76050000e+03  9.21601262e+16  2.82590601e+16  4.96213426e+10  2.28999343e+10  1.53508223e+12  9.64920049e+09
 1.76200000e+03  9.52361166e+16  3.16513511e+16  5.12775336e+10  2.56489020e+10  1.53508223e+12  9.64920049e+09
 1.76350000e+03  9.81047823e+16  3.49021348e+16  5.28220958e+10  2.82831981e+10  1.53508223e+12  9.64920049e+09
 1.76500000e+03  1.00780097e+17  3.80122618e+16  5.42625530e+10  3.08035120e+10  1.53508223e+12  9.64920049e+09
 1.76500000e+03  1.00780097e+17  3.80122618e+16  5.42625530e+10  3.08035120e+10  1.53508223e+12  9.63955129e+09
 1.76502500e+03  1.00662958e+17  3.80628209e+16  5.41994824e+10  3.08444830e+10  1.53508223e+12  9.63955129e+09
 1.76505000e+03  1.00545955e+17  3.81131555e+16  5.41364851e+10  3.08852721e+10  1.53508223e+12  9.63955129e+09
 1.76507500e+03  1.00429089e+17  3.81632663e+16  5.40735611e+10  3.09258797e+10  1.53508223e+12  9.63955129e+09
 1.76510000e+03  1.00312358e+17  3.82131537e+16  5.40107102e+10  3.09663063e+10  1.53508223e+12  9.63955129e+09
 1.76512500e+03  1.00195762e+17  3.82628183e+16  5.39479323e+10  3.10065524e+10  1.53508223e+12  9.63955129e+09
 1.76515000e+03  1.00079302e+17  3.83122606e+16  5.38852274e+10  3.10466183e+10  1.53508223e+12  9.63955129e+09
 1.76517500e+03  9.99629780e+16  3.83614813e+16  5.38225954e+10  3.10865046e+10  1.53508223e+12  9.63955129e+09
 1.76520000e+03  9.98467888e+16  3.84104807e+16  5.37600362e+10  3.11262117e+10  1.53508223e+12  9.63955129e+09
 1.76522500e+03  9.97307346e+16  3.84592596e+16  5.36975496e+10  3.11657400e+10  1.53508223e+12  9.63955129e+09
 1.76525000e+03  9.96148153e+16  3.85078183e+16  5.36351358e+10  3.12050899e+10  1.53508223e+12  9.63955129e+09
 1.76525000e+03  9.96148153e+16  0.00000000e+00  5.36351358e+10  0.00000000e+00  1.55563474e+12  9.62991174e+09
 1.76620000e+03  9.53083051e+16  4.16539120e+15  5.13164018e+10  3.37545497e+09  1.55563474e+12  9.62991174e+09
 1.76715000e+03  9.11879724e+16  7.88266160e+15  4.90979104e+10  6.38777201e+09  1.55563474e+12  9.62991174e+09
 1.76810000e+03  8.72457683e+16  1.11884329e+16  4.69753280e+10  9.06662778e+09  1.55563474e+12  9.62991174e+09
 1.76905000e+03  8.34739920e+16  1.41166337e+16  4.49445083e+10  1.14395165e+10  1.55563474e+12  9.62991174e+09
 1.77000000e+03  7.98652758e+16  1.66986872e+16  4.30014843e+10  1.35319023e+10  1.55563474e+12  9.62991174e+09
 1.77095000e+03  7.64125703e+16  1.89636863e+16  4.11424603e+10  1.53673608e+10  1.55563474e+12  9.62991174e+09
 1.77190000e+03  7.31091308e+16  2.09385573e+16  3.93638049e+10  1.69677118e+10  1.55563474e+12  9.62991174e+09
 1.77285000e+03  6.99485044e+16  2.26482115e+16  3.76620437e+10  1.83531425e+10  1.55563474e+12  9.62991174e+09
 1.77380000e+03  6.69245170e+16  2.41156874e+16  3.60338524e+10  1.95423222e+10  1.55563474e+12  9.62991174e+09
 1.77475000e+03  6.40312614e+16  2.53622828e+16  3.44760505e+10  2.05525099e+10  1.55563474e+12  9.62991174e+09
 1.77475000e+03  6.40312614e+16  0.00000000e+00  3.44760505e+10  0.00000000e+00  1.55563474e+12  9.62991174e+09
 1.77477500e+03  6.39568365e+16  7.43598722e+13  3.44359782e+10  6.02580619e+07  1.55563474e+12  9.62991174e+09
 1.77480000e+03  6.38824980e+16  1.48503271e+14  3.43959525e+10  1.20340703e+08  1.55563474e+12  9.62991174e+09
 1.77482500e+03  6.38082459e+16  2.22430675e+14  3.43559733e+10  1.80248311e+08  1.55563474e+12  9.62991174e+09
 1.77485000e+03  6.37340802e+16  2.96142562e+14  3.43160406e+10  2.39981273e+08  1.55563474e+12  9.62991174e+09
 1.77487500e+03  6.36600006e+16  3.69639410e+14  3.42761542e+10  2.99539977e+08  1.55563474e+12  9.62991174e+09
 1.77490000e+03  6.35860071e+16  4.42921694e+14  3.42363143e+10  3.58924808e+08  1.55563474e+12  9.62991174e+09
 1.77492500e+03  6.35120997e+16  5.15989890e+14  3.41965206e+10  4.18136151e+08  1.55563474e+12  9.62991174e+09
 1.77495000e+03  6.34382781e+16  5.88844473e+14  3.41567733e+10  4.77174390e+08  1.55563474e+12  9.62991174e+09
 1.77497500e+03  6.33645424e+16  6.61485915e+14  3.41170721e+10  5.36039910e+08  1.55563474e+12  9.62991174e+09
 1.77500000e+03  6.32908923e+16  7.33914689e+14  3.40774170e+10  5.94733092e+08  1.55563474e+12  9.62991174e+09
 1.77500000e+03  6.32908923e+16  7.33914689e+14  3.40774170e+10  5.94733092e+08  1.55563474e+12  9.62991174e+09
 1.77650000e+03  6.82941306e+16  5.02371316e+15  3.67712870e+10  4.07100240e+09  1.55563474e+12  9.62991174e+09
 1.77800000e+03  7.29601458e+16  9.20576141e+15  3.92835876e+10  7.45995553e+09  1.55563474e+12  9.62991174e+09
 1.77950000e+03  7.73116672e+16  1.32692385e+16  4.16265568e+10  1.07528237e+10  1.55563474e+12  9.62991174e+09
 1.78100000e+03  8.13698918e+16  1.72058556e+16  4.38116075e+10  1.39428899e+10  1.55563474e+12  9.62991174e+09
 1.78250000e+03  8.51545882e+16  2.10095059e+16  4.58493838e+10  1.70252055e+10  1.55563474e+12  9.62991174e+09
 1.78400000e+03  8.86841925e+16  2.46759551e+16  4.77498120e+10  1.99963392e+10  1.55563474e+12  9.62991174e+09
 1.78550000e+03  9.19758981e+16  2.82025702e+16  4.95221496e+10  2.28541574e+10  1.55563474e+12  9.62991174e+09
 1.78700000e+03  9.50457396e+16  3.15880800e+16  5.11750299e+10  2.55976298e+10  1.55563474e+12  9.62991174e+09
 1.78850000e+03  9.79086709e+16  3.48323654e+16  5.27165044e+10  2.82266600e+10  1.55563474e+12  9.62991174e+09
 1.79000000e+03  1.00578638e+17  3.79362752e+16  5.41540822e+10  3.07419358e+10  1.55563474e+12  9.62991174e+09
 1.79000000e+03  1.00578638e+17  3.79362752e+16  5.41540822e+10  3.07419358e+10  1.55563474e+12  9.62028183e+09
 1.79002500e+03  1.00461733e+17  3.79867333e+16  5.40911377e+10  3.07828249e+10  1.55563474e+12  9.62028183e+09
 1.79005000e+03  1.00344964e+17  3.80369673e+16  5.40282663e+10  3.08235324e+10  1.55563474e+12  9.62028183e+09
 1.79007500e+03  1.00228331e+17  3.80869779e+16  5.39654680e+10  3.08640588e+10  1.55563474e+12  9.62028183e+09
 1.79010000e+03  1.00111833e+17  3.81367656e+16  5.39027427e+10  3.09044046e+10  1.55563474e+12  9.62028183e+09
 1.79012500e+03  9.99954709e+16  3.81863309e+16  5.38400904e+10  3.09445703e+10  1.55563474e+12  9.62028183e+09
 1.79015000e+03  9.98792439e+16  3.82356744e+16  5.37775108e+10  3.09845561e+10  1.55563474e+12  9.62028183e+09
 1.79017500e+03  9.97631520e+16  3.82847967e+16  5.37150040e+10  3.10243627e+10  1.55563474e+12  9.62028183e+09
 1.79020000e+03  9.96471951e+16  3.83336982e+16  5.36525698e+10  3.10639904e+10  1.55563474e+12  9.62028183e+09
 1.79022500e+03  9.95313729e+16  3.83823795e+16  5.35902082e+10  3.11034397e+10  1.55563474e+12  9.62028183e+09
 1.79025000e+03  9.94156853e+16  3.84308412e+16  5.35279191e+10  3.11427109e+10  1.55563474e+12  9.62028183e+09
 1.79025000e+03  9.94156853e+16  0.00000000e+00  5.35279191e+10  0.00000000e+00  1.57614617e+12  9.61066155e+09
 1.79120000e+03  9.51177838e+16  4.15706458e+15  5.12138203e+10  3.36870744e+09  1.57614617e+12  9.61066155e+09
 1.79215000e+03  9.10056876e+16  7.86690416e+15  4.89997637e+10  6.37500285e+09  1.57614617e+12  9.61066155e+09
 1.79310000e+03  8.70713640e+16  1.11660672e+16  4.68814243e+10  9.04850359e+09  1.57614617e+12  9.61066155e+09
 1.79405000e+03  8.33071275e+16  1.40884146e+16  4.48546642e+10  1.14166489e+10  1.57614617e+12  9.61066155e+09
 1.79500000e+03  7.97056251e+16  1.66653065e+16  4.29155243e+10  1.35048520e+10  1.57614617e+12  9.61066155e+09
 1.79595000e+03  7.62598216e+16  1.89257779e+16  4.10602165e+10  1.53366414e+10  1.57614617e+12  9.61066155e+09
 1.79690000e+03  7.29629857e+16  2.08967011e+16  3.92851167e+10  1.69337933e+10  1.57614617e+12  9.61066155e+09
 1.79785000e+03  6.98086773e+16  2.26029377e+16  3.75867573e+10  1.83164545e+10  1.57614617e+12  9.61066155e+09
 1.79880000e+03  6.67907349e+16  2.40674801e+16  3.59618207e+10  1.95032571e+10  1.57614617e+12  9.61066155e+09
 1.79975000e+03  6.39032630e+16  2.53115836e+16  3.44071329e+10  2.05114254e+10  1.57614617e+12  9.61066155e+09
 1.79975000e+03  6.39032630e+16  0.00000000e+00  3.44071329e+10  0.00000000e+00  1.57614617e+12  9.61066155e+09
 1.79977500e+03  6.38289868e+16  7.42112269e+13  3.43671407e+10  6.01376060e+07  1.57614617e+12  9.61066155e+09
 1.79980000e+03  6.37547969e+16  1.48206413e+14  3.43271950e+10  1.20100142e+08  1.57614617e+12  9.61066155e+09
 1.79982500e+03  6.36806932e+16  2.21986036e+14  3.42872957e+10  1.79887994e+08  1.57614617e+12  9.61066155e+09
 1.79985000e+03  6.36066757e+16  2.95550573e+14  3.42474428e+10  2.39501551e+08  1.57614617e+12  9.61066155e+09
 1.79987500e+03  6.35327442e+16  3.68900500e+14  3.42076362e+10  2.98941196e+08  1.57614617e+12  9.61066155e+09
 1.79990000e+03  6.34588987e+16  4.42036294e+14  3.41678759e+10  3.58207317e+08  1.57614617e+12  9.61066155e+09
 1.79992500e+03  6.33851390e+16  5.14958427e+14  3.41281618e+10  4.17300296e+08  1.57614617e+12  9.61066155e+09
 1.79995000e+03  6.33114650e+16  5.87667373e+14  3.40884939e+10  4.76220518e+08  1.57614617e+12  9.61066155e+09
 1.79997500e+03  6.32378767e+16  6.60163605e+14  3.40488720e+10  5.34968366e+08  1.57614617e+12  9.61066155e+09
 1.80000000e+03  6.31643739e+16  7.32447594e+14  3.40092963e+10  5.93544221e+08  1.57614617e+12  9.61066155e+09
 1.80000000e+03  6.31643739e+16  7.32447594e+14  3.40092963e+10  5.93544221e+08  1.57614617e+12  9.61066155e+09
 1.80150000e+03  6.81576106e+16  5.01367076e+15  3.66977812e+10  4.06286447e+09  1.57614617e+12  9.61066155e+09
 1.80300000e+03  7.28142985e+16  9.18735909e+15  3.92050597e+10  7.44504308e+09  1.57614617e+12  9.61066155e+09
 1.80450000e+03  7.71571211e+16  1.32427133e+16  4.15433453e+10  1.07313288e+10  1.57614617e+12  9.61066155e+09
 1.80600000e+03  8.12072334e+16  1.71714611e+16  4.37240281e+10  1.39150181e+10  1.57614617e+12  9.61066155e+09
 1.80750000e+03  8.49843642e+16  2.09675079e+16  4.57577309e+10  1.69911721e+10  1.57614617e+12  9.61066155e+09
 1.80900000e+03  8.85069128e+16  2.46266279e+16  4.76543602e+10  1.99563665e+10  1.57614617e+12  9.61066155e+09
 1.81050000e+03  9.17920383e+16  2.81461933e+16  4.94231548e+10  2.28084719e+10  1.57614617e+12  9.61066155e+09
 1.81200000e+03  9.48557432e+16  3.15249355e+16  5.10727310e+10  2.55464601e+10  1.57614617e+12  9.61066155e+09
 1.81350000e+03  9.77129514e+16  3.47627355e+16  5.26111242e+10  2.81702349e+10  1.57614617e+12  9.61066155e+09
 1.81500000e+03  1.00377581e+17  3.78604406e+16  5.40458282e+10  3.06804827e+10  1.57614617e+12  9.61066155e+09
 1.81500000e+03  1.00377581e+17  3.78604406e+16  5.40458282e+10  3.06804827e+10  1.57614617e+12  9.60105089e+09
 1.81502500e+03  1.00260910e+17  3.79107978e+16  5.39830095e+10  3.07212900e+10  1.57614617e+12  9.60105089e+09
 1.81505000e+03  1.00144374e+17  3.79609314e+16  5.39202638e+10  3.07619162e+10  1.57614617e+12  9.60105089e+09
 1.81507500e+03  1.00027974e+17  3.80108421e+16  5.38575911e+10  3.08023616e+10  1.57614617e+12  9.60105089e+09
 1.81510000e+03  9.99117096e+16  3.80605302e+16  5.37949912e+10  3.08426267e+10  1.57614617e+12  9.60105089e+09
 1.81512500e+03  9.97955800e+16  3.81099965e+16  5.37324640e+10  3.08827121e+10  1.57614617e+12  9.60105089e+09
 1.81515000e+03  9.96795853e+16  3.81592413e+16  5.36700096e+10  3.09226180e+10  1.57614617e+12  9.60105089e+09
 1.81517500e+03  9.95637255e+16  3.82082654e+16  5.36076277e+10  3.09623450e+10  1.57614617e+12  9.60105089e+09
 1.81520000e+03  9.94480003e+16  3.82570691e+16  5.35453184e+10  3.10018935e+10  1.57614617e+12  9.60105089e+09
 1.81522500e+03  9.93324097e+16  3.83056531e+16  5.34830814e+10  3.10412639e+10  1.57614617e+12  9.60105089e+09
 1.81525000e+03  9.92169534e+16  3.83540180e+16  5.34209168e+10  3.10804567e+10  1.57614617e+12  9.60105089e+09
 1.81525000e+03  9.92169534e+16  0.00000000e+00  5.34209168e+10  0.00000000e+00  1.59661659e+12  9.59144984e+09
 1.81620000e+03  9.49276434e+16  4.14875461e+15  5.11114439e+10  3.36197339e+09  1.59661659e+12  9.59144984e+09
 1.81715000e+03  9.08237672e+16  7.85117822e+15  4.89018132e+10  6.36225922e+09  1.59661659e+12  9.59144984e+09
 1.81810000e+03  8.68973083e+16  1.11437463e+16  4.67877084e+10  9.03041563e+09  1.59661659e+12  9.59144984e+09
 1.81905000e+03  8.31405966e+16  1.40602518e+16  4.47649998e+10  1.13938270e+10  1.59661659e+12  9.59144984e+09
 1.82000000e+03  7.95462936e+16  1.66319925e+16  4.28297362e+10  1.34778558e+10  1.59661659e+12  9.59144984e+09
 1.82095000e+03  7.61073782e+16  1.88879453e+16  4.09781371e+10  1.53059835e+10  1.59661659e+12  9.59144984e+09
 1.82190000e+03  7.28171327e+16  2.08549286e+16  3.92065857e+10  1.68999427e+10  1.59661659e+12  9.59144984e+09
 1.82285000e+03  6.96691298e+16  2.25577544e+16  3.75116214e+10  1.82798399e+10  1.59661659e+12  9.59144984e+09
 1.82380000e+03  6.66572202e+16  2.40193692e+16  3.58899331e+10  1.94642701e+10  1.59661659e+12  9.59144984e+09
 1.82475000e+03  6.37755203e+16  2.52609858e+16  3.43383530e+10  2.04704231e+10  1.59661659e+12  9.59144984e+09
 1.82475000e+03  6.37755203e+16  0.00000000e+00  3.43383530e+10  0.00000000e+00  1.59661659e+12  9.59144984e+09
 1.82477500e+03  6.37013926e+16  7.40628786e+13  3.42984407e+10  6.00173909e+07  1.59661659e+12  9.59144984e+09
 1.82480000e+03  6.36273510e+16  1.47910148e+14  3.42585749e+10  1.19860061e+08  1.59661659e+12  9.59144984e+09
 1.82482500e+03  6.35533955e+16  2.21542286e+14  3.42187554e+10  1.79528398e+08  1.59661659e+12  9.59144984e+09
 1.82485000e+03  6.34795260e+16  2.94959767e+14  3.41789821e+10  2.39022787e+08  1.59661659e+12  9.59144984e+09
 1.82487500e+03  6.34057423e+16  3.68163068e+14  3.41392551e+10  2.98343613e+08  1.59661659e+12  9.59144984e+09
 1.82490000e+03  6.33320444e+16  4.41152663e+14  3.40995743e+10  3.57491260e+08  1.59661659e+12  9.59144984e+09
 1.82492500e+03  6.32584321e+16  5.13929025e+14  3.40599396e+10  4.16466113e+08  1.59661659e+12  9.59144984e+09
 1.82495000e+03  6.31849054e+16  5.86492626e+14  3.40203510e+10  4.75268554e+08  1.59661659e+12  9.59144984e+09
 1.82497500e+03  6.31114641e+16  6.58843938e+14  3.39808083e+10  5.33898964e+08  1.59661659e+12  9.59144984e+09
 1.82500000e+03  6.30381083e+16  7.30983431e+14  3.39413117e+10  5.92357726e+08  1.59661659e+12  9.59144984e+09
 1.82500000e+03  6.30381083e+16  7.30983431e+14  3.39413117e+10  5.92357726e+08  1.59661659e+12  9.59144984e+09
 1.82650000e+03  6.80213636e+16  5.00364843e+15  3.66244224e+10  4.05474280e+09  1.59661659e+12  9.59144984e+09
 1.82800000e+03  7.26687427e+16  9.16899356e+15  3.91266888e+10  7.43016044e+09  1.59661659e+12  9.59144984e+09
 1.82950000e+03  7.70028840e+16  1.32162411e+16  4.14603001e+10  1.07098768e+10  1.59661659e+12  9.59144984e+09
 1.83100000e+03  8.10449001e+16  1.71371354e+16  4.36366238e+10  1.38872020e+10  1.59661659e+12  9.59144984e+09
 1.83250000e+03  8.48144805e+16  2.09255938e+16  4.56662612e+10  1.69572067e+10  1.59661659e+12  9.59144984e+09
 1.83400000e+03  8.83299875e+16  2.45773992e+16  4.75590991e+10  1.99164738e+10  1.59661659e+12  9.59144984e+09
 1.83550000e+03  9.16085460e+16  2.80899291e+16  4.93243579e+10  2.27628778e+10  1.59661659e+12  9.59144984e+09
 1.83700000e+03  9.46661266e+16  3.14619171e+16  5.09706366e+10  2.54953928e+10  1.59661659e+12  9.59144984e+09
 1.83850000e+03  9.75176232e+16  3.46932448e+16  5.25059545e+10  2.81139226e+10  1.59661659e+12  9.59144984e+09
 1.84000000e+03  1.00176926e+17  3.77847576e+16  5.39377906e+10  3.06191524e+10  1.59661659e+12  9.59144984e+09
 1.84000000e+03  1.00176926e+17  3.77847576e+16  5.39377906e+10  3.06191524e+10  1.59661659e+12  9.58185839e+09
 1.84002500e+03  1.00060488e+17  3.78350141e+16  5.38750974e+10  3.06598781e+10  1.59661659e+12  9.58185839e+09
 1.84005000e+03  9.99441859e+16  3.78850475e+16  5.38124772e+10  3.07004231e+10  1.59661659e+12  9.58185839e+09
 1.84007500e+03  9.98280185e+16  3.79348584e+16  5.37499297e+10  3.07407877e+10  1.59661659e+12  9.58185839e+09
 1.84010000e+03  9.97119861e+16  3.79844472e+16  5.36874550e+10  3.07809723e+10  1.59661659e+12  9.58185839e+09
 1.84012500e+03  9.95960886e+16  3.80338146e+16  5.36250528e+10  3.08209775e+10  1.59661659e+12  9.58185839e+09
 1.84015000e+03  9.94803258e+16  3.80829610e+16  5.35627232e+10  3.08608037e+10  1.59661659e+12  9.58185839e+09
 1.84017500e+03  9.93646976e+16  3.81318870e+16  5.35004661e+10  3.09004513e+10  1.59661659e+12  9.58185839e+09
 1.84020000e+03  9.92492038e+16  3.81805932e+16  5.34382813e+10  3.09399207e+10  1.59661659e+12  9.58185839e+09
 1.84022500e+03  9.91338442e+16  3.82290801e+16  5.33761687e+10  3.09792124e+10  1.59661659e+12  9.58185839e+09
 1.84025000e+03  9.90186187e+16  3.82773483e+16  5.33141284e+10  3.10183268e+10  1.59661659e+12  9.58185839e+09
 1.84025000e+03  9.90186187e+16  0.00000000e+00  5.33141284e+10  0.00000000e+00  1.61704609e+12  9.57227653e+09
 1.84120000e+03  9.47378830e+16  4.14046125e+15  5.10092721e+10  3.35525281e+09  1.61704609e+12  9.57227653e+09
 1.84215000e+03  9.06422105e+16  7.83548371e+15  4.88040584e+10  6.34954106e+09  1.61704609e+12  9.57227653e+09
 1.84310000e+03  8.67236006e+16  1.11214699e+16  4.66941797e+10  9.01236383e+09  1.61704609e+12  9.57227653e+09
 1.84405000e+03  8.29743985e+16  1.40321454e+16  4.46755145e+10  1.13710508e+10  1.61704609e+12  9.57227653e+09
 1.84500000e+03  7.93872806e+16  1.65987452e+16  4.27441195e+10  1.34509136e+10  1.61704609e+12  9.57227653e+09
 1.84595000e+03  7.59552395e+16  1.88501883e+16  4.08962218e+10  1.52753868e+10  1.61704609e+12  9.57227653e+09
 1.84690000e+03  7.26715712e+16  2.08132396e+16  3.91282118e+10  1.68661597e+10  1.61704609e+12  9.57227653e+09
 1.84785000e+03  6.95298612e+16  2.25126615e+16  3.74366356e+10  1.82432985e+10  1.61704609e+12  9.57227653e+09
 1.84880000e+03  6.65239724e+16  2.39713545e+16  3.58181891e+10  1.94253610e+10  1.61704609e+12  9.57227653e+09
 1.84975000e+03  6.36480331e+16  2.52104891e+16  3.42697106e+10  2.04295027e+10  1.61704609e+12  9.57227653e+09
 1.84975000e+03  6.36480331e+16  0.00000000e+00  3.42697106e+10  0.00000000e+00  1.61704609e+12  9.57227653e+09
 1.84977500e+03  6.35740535e+16  7.39148269e+13  3.42298782e+10  5.98974162e+07  1.61704609e+12  9.57227653e+09
 1.84980000e+03  6.35001600e+16  1.47614476e+14  3.41900920e+10  1.19620461e+08  1.61704609e+12  9.57227653e+09
 1.84982500e+03  6.34263523e+16  2.21099423e+14  3.41503521e+10  1.79169521e+08  1.61704609e+12  9.57227653e+09
 1.84985000e+03  6.33526304e+16  2.94370143e+14  3.41106584e+10  2.38544980e+08  1.61704609e+12  9.57227653e+09
 1.84987500e+03  6.32789942e+16  3.67427110e+14  3.40710108e+10  2.97747224e+08  1.61704609e+12  9.57227653e+09
 1.84990000e+03  6.32054436e+16  4.40270799e+14  3.40314093e+10  3.56776635e+08  1.61704609e+12  9.57227653e+09
 1.84992500e+03  6.31319785e+16  5.12901681e+14  3.39918538e+10  4.15633597e+08  1.61704609e+12  9.57227653e+09
 1.84995000e+03  6.30585988e+16  5.85320227e+14  3.39523443e+10  4.74318492e+08  1.61704609e+12  9.57227653e+09
 1.84997500e+03  6.29853043e+16  6.57526909e+14  3.39128807e+10  5.32831700e+08  1.61704609e+12  9.57227653e+09
 1.85000000e+03  6.29120951e+16  7.29522195e+14  3.38734630e+10  5.91173603e+08  1.61704609e+12  9.57227653e+09
 1.85000000e+03  6.29120951e+16  7.29522195e+14  3.38734630e+10  5.91173603e+08  1.61704609e+12  9.57227653e+09
 1.85150000e+03  6.78853889e+16  4.99364614e+15  3.65512101e+10  4.04663737e+09  1.61704609e+12  9.57227653e+09
 1.85300000e+03  7.25234779e+16  9.15066474e+15  3.90484746e+10  7.41530755e+09  1.61704609e+12  9.57227653e+09
 1.85450000e+03  7.68489553e+16  1.31898218e+16  4.13774210e+10  1.06884678e+10  1.61704609e+12  9.57227653e+09
 1.85600000e+03  8.08828914e+16  1.71028783e+16  4.35493942e+10  1.38594415e+10  1.61704609e+12  9.57227653e+09
 1.85750000e+03  8.46449363e+16  2.08837636e+16  4.55749743e+10  1.69233093e+10  1.61704609e+12  9.57227653e+09
 1.85900000e+03  8.81534159e+16  2.45282690e+16  4.74640284e+10  1.98766607e+10  1.61704609e+12  9.57227653e+09
 1.86050000e+03  9.14254205e+16  2.80337773e+16  4.92257585e+10  2.27173748e+10  1.61704609e+12  9.57227653e+09
 1.86200000e+03  9.44768890e+16  3.13990248e+16  5.08687463e+10  2.54444275e+10  1.61704609e+12  9.57227653e+09
 1.86350000e+03  9.73226855e+16  3.46238930e+16  5.24009951e+10  2.80577229e+10  1.61704609e+12  9.57227653e+09
 1.86500000e+03  9.99766727e+16  3.77092259e+16  5.38299689e+10  3.05579447e+10  1.61704609e+12  9.57227653e+09
 1.86500000e+03  9.99766727e+16  3.77092259e+16  5.38299689e+10  3.05579447e+10  1.61704609e+12  9.56270425e+09
 1.86502500e+03  9.98604675e+16  3.77593819e+16  5.37674011e+10  3.05985890e+10  1.61704609e+12  9.56270425e+09
 1.86505000e+03  9.97443974e+16  3.78093153e+16  5.37049061e+10  3.06390529e+10  1.61704609e+12  9.56270425e+09
 1.86507500e+03  9.96284623e+16  3.78590266e+16  5.36424836e+10  3.06793368e+10  1.61704609e+12  9.56270425e+09
 1.86510000e+03  9.95126619e+16  3.79085163e+16  5.35801338e+10  3.07194412e+10  1.61704609e+12  9.56270425e+09
 1.86512500e+03  9.93969960e+16  3.79577850e+16  5.35178564e+10  3.07593664e+10  1.61704609e+12  9.56270425e+09
 1.86515000e+03  9.92814647e+16  3.80068332e+16  5.34556513e+10  3.07991129e+10  1.61704609e+12  9.56270425e+09
 1.86517500e+03  9.91660676e+16  3.80556614e+16  5.33935186e+10  3.08386813e+10  1.61704609e+12  9.56270425e+09
 1.86520000e+03  9.90508046e+16  3.81042702e+16  5.33314581e+10  3.08780718e+10  1.61704609e+12  9.56270425e+09
 1.86522500e+03  9.89356756e+16  3.81526602e+16  5.32694698e+10  3.09172850e+10  1.61704609e+12  9.56270425e+09
 1.86525000e+03  9.88206804e+16  3.82008319e+16  5.32075535e+10  3.09563212e+10  1.61704609e+12  9.56270425e+09
 1.86525000e+03  9.88206804e+16  0.00000000e+00  5.32075535e+10  0.00000000e+00  1.63743476e+12  9.55314155e+09
 1.86620000e+03  9.45485020e+16  4.13218447e+15  5.09073045e+10  3.34854566e+09  1.63743476e+12  9.55314155e+09
 1.86715000e+03  9.04610167e+16  7.81982058e+15  4.87064991e+10  6.33684833e+09  1.63743476e+12  9.55314155e+09
 1.86810000e+03  8.65502401e+16  1.10992381e+16  4.66008381e+10  8.99434812e+09  1.63743476e+12  9.55314155e+09
 1.86905000e+03  8.28085327e+16  1.40040951e+16  4.45862082e+10  1.13483201e+10  1.63743476e+12  9.55314155e+09
 1.87000000e+03  7.92285854e+16  1.65655643e+16  4.26586740e+10  1.34240252e+10  1.63743476e+12  9.55314155e+09
 1.87095000e+03  7.58034050e+16  1.88125067e+16  4.08144703e+10  1.52448513e+10  1.63743476e+12  9.55314155e+09
 1.87190000e+03  7.25263007e+16  2.07716339e+16  3.90499945e+10  1.68324442e+10  1.63743476e+12  9.55314155e+09
 1.87285000e+03  6.93908710e+16  2.24676587e+16  3.73617998e+10  1.82068302e+10  1.63743476e+12  9.55314155e+09
 1.87380000e+03  6.63909910e+16  2.39234358e+16  3.57465885e+10  1.93865297e+10  1.63743476e+12  9.55314155e+09
 1.87475000e+03  6.35208007e+16  2.51600933e+16  3.42012055e+10  2.03886641e+10  1.63743476e+12  9.55314155e+09
 1.87475000e+03  6.35208007e+16  0.00000000e+00  3.42012055e+10  0.00000000e+00  1.63743476e+12  9.55314155e+09
 1.87477500e+03  6.34469690e+16  7.37670712e+13  3.41614526e+10  5.97776812e+07  1.63743476e+12  9.55314155e+09
 1.87480000e+03  6.33732231e+16  1.47319394e+14  3.41217460e+10  1.19381340e+08  1.63743476e+12  9.55314155e+09
 1.87482500e+03  6.32995630e+16  2.20657445e+14  3.40820855e+10  1.78811361e+08  1.63743476e+12  9.55314155e+09
 1.87485000e+03  6.32259885e+16  2.93781697e+14  3.40424712e+10  2.38068129e+08  1.63743476e+12  9.55314155e+09
 1.87487500e+03  6.31524995e+16  3.66692624e+14  3.40029028e+10  2.97152027e+08  1.63743476e+12  9.55314155e+09
 1.87490000e+03  6.30790959e+16  4.39390697e+14  3.39633805e+10  3.56063439e+08  1.63743476e+12  9.55314155e+09
 1.87492500e+03  6.30057777e+16  5.11876390e+14  3.39239041e+10  4.14802746e+08  1.63743476e+12  9.55314155e+09
 1.87495000e+03  6.29325446e+16  5.84150172e+14  3.38844736e+10  4.73370329e+08  1.63743476e+12  9.55314155e+09
 1.87497500e+03  6.28593967e+16  6.56212512e+14  3.38450889e+10  5.31766569e+08  1.63743476e+12  9.55314155e+09
 1.87500000e+03  6.27863338e+16  7.28063880e+14  3.38057500e+10  5.89991847e+08  1.63743476e+12  9.55314155e+09
 1.87500000e+03  6.27863338e+16  7.28063880e+14  3.38057500e+10  5.89991847e+08  1.63743476e+12  9.55314155e+09
 1.87650000e+03  6.77496860e+16  4.98366384e+15  3.64781443e+10  4.03854814e+09  1.63743476e+12  9.55314155e+09
 1.87800000e+03  7.23785034e+16  9.13237256e+15  3.89704167e+10  7.40048435e+09  1.63743476e+12  9.55314155e+09
 1.87950000e+03  7.66953342e+16  1.31634554e+16  4.12947075e+10  1.06671015e+10  1.63743476e+12  9.55314155e+09
 1.88100000e+03  8.07212065e+16  1.70686896e+16  4.34623390e+10  1.38317364e+10  1.63743476e+12  9.55314155e+09
 1.88250000e+03  8.44757311e+16  2.08420169e+16  4.54838700e+10  1.68894796e+10  1.63743476e+12  9.55314155e+09
 1.88400000e+03  8.79771972e+16  2.44792370e+16  4.73691479e+10  1.98369273e+10  1.63743476e+12  9.55314155e+09
 1.88550000e+03  9.12426611e+16  2.79777378e+16  4.91273562e+10  2.26719627e+10  1.63743476e+12  9.55314155e+09
 1.88700000e+03  9.42880297e+16  3.13362581e+16  5.07670597e+10  2.53935641e+10  1.63743476e+12  9.55314155e+09
 1.88850000e+03  9.71281375e+16  3.45546798e+16  5.22962455e+10  2.80016355e+10  1.63743476e+12  9.55314155e+09
 1.89000000e+03  9.97768193e+16  3.76338451e+16  5.37223628e+10  3.04968594e+10  1.63743476e+12  9.55314155e+09
 1.89000000e+03  9.97768193e+16  3.76338451e+16  5.37223628e+10  3.04968594e+10  1.63743476e+12  9.54358841e+09
 1.89002500e+03  9.96608464e+16  3.76839009e+16  5.36599201e+10  3.05374225e+10  1.63743476e+12  9.54358841e+09
 1.89005000e+03  9.95450084e+16  3.77337345e+16  5.35975499e+10  3.05778055e+10  1.63743476e+12  9.54358841e+09
 1.89007500e+03  9.94293050e+16  3.77833464e+16  5.35352523e+10  3.06180088e+10  1.63743476e+12  9.54358841e+09
 1.89010000e+03  9.93137360e+16  3.78327372e+16  5.34730271e+10  3.06580330e+10  1.63743476e+12  9.54358841e+09
 1.89012500e+03  9.91983014e+16  3.78819074e+16  5.34108742e+10  3.06978784e+10  1.63743476e+12  9.54358841e+09
 1.89015000e+03  9.90830010e+16  3.79308575e+16  5.33487935e+10  3.07375455e+10  1.63743476e+12  9.54358841e+09
 1.89017500e+03  9.89678346e+16  3.79795881e+16  5.32867850e+10  3.07770347e+10  1.63743476e+12  9.54358841e+09
 1.89020000e+03  9.88528020e+16  3.80280998e+16  5.32248486e+10  3.08163465e+10  1.63743476e+12  9.54358841e+09
 1.89022500e+03  9.87379032e+16  3.80763930e+16  5.31629841e+10  3.08554813e+10  1.63743476e+12  9.54358841e+09
 1.89025000e+03  9.86231379e+16  3.81244684e+16  5.31011916e+10  3.08944395e+10  1.63743476e+12  9.54358841e+09
 1.89025000e+03  9.86231379e+16  0.00000000e+00  5.31011916e+10  0.00000000e+00  1.65778266e+12  9.53404482e+09
 1.89120000e+03  9.43594995e+16  4.12392423e+15  5.08055408e+10  3.34185191e+09  1.65778266e+12  9.53404482e+09
 1.89215000e+03  9.02801852e+16  7.80418876e+15  4.86091348e+10  6.32418097e+09  1.65778266e+12  9.53404482e+09
 1.89310000e+03  8.63772262e+16  1.10770507e+16  4.65076830e+10  8.97636841e+09  1.65778266e+12  9.53404482e+09
 1.89405000e+03  8.26429984e+16  1.39761009e+16  4.44970804e+10  1.13256348e+10  1.65778266e+12  9.53404482e+09
 1.89500000e+03  7.90702074e+16  1.65324497e+16  4.25733993e+10  1.33971906e+10  1.65778266e+12  9.53404482e+09
 1.89595000e+03  7.56518740e+16  1.87749005e+16  4.07328822e+10  1.52143768e+10  1.65778266e+12  9.53404482e+09
 1.89690000e+03  7.23813207e+16  2.07301114e+16  3.89719335e+10  1.67987962e+10  1.65778266e+12  9.53404482e+09
 1.89785000e+03  6.92521586e+16  2.24227458e+16  3.72871136e+10  1.81704347e+10  1.65778266e+12  9.53404482e+09
 1.89880000e+03  6.62582754e+16  2.38756128e+16  3.56751311e+10  1.93477761e+10  1.65778266e+12  9.53404482e+09
 1.89975000e+03  6.33938226e+16  2.51097983e+16  3.41328373e+10  2.03479072e+10  1.65778266e+12  9.53404482e+09
 1.89975000e+03  6.33938226e+16  0.00000000e+00  3.41328373e+10  0.00000000e+00  1.65778266e+12  9.53404482e+09
 1.89977500e+03  6.33201385e+16  7.36196108e+13  3.40931639e+10  5.96581856e+07  1.65778266e+12  9.53404482e+09
 1.89980000e+03  6.32465401e+16  1.47024903e+14  3.40535366e+10  1.19142697e+08  1.65778266e+12  9.53404482e+09
 1.89982500e+03  6.31730272e+16  2.20216351e+14  3.40139554e+10  1.78453917e+08  1.65778266e+12  9.53404482e+09
 1.89985000e+03  6.30995997e+16  2.93194427e+14  3.39744203e+10  2.37592231e+08  1.65778266e+12  9.53404482e+09
 1.89987500e+03  6.30262577e+16  3.65959605e+14  3.39349310e+10  2.96558020e+08  1.65778266e+12  9.53404482e+09
 1.89990000e+03  6.29530008e+16  4.38512355e+14  3.38954877e+10  3.55351668e+08  1.65778266e+12  9.53404482e+09
 1.89992500e+03  6.28798291e+16  5.10853149e+14  3.38560902e+10  4.13973555e+08  1.65778266e+12  9.53404482e+09
 1.89995000e+03  6.28067425e+16  5.82982456e+14  3.38167385e+10  4.72424062e+08  1.65778266e+12  9.53404482e+09
 1.89997500e+03  6.27337408e+16  6.54900744e+14  3.37774325e+10  5.30703568e+08  1.65778266e+12  9.53404482e+09
 1.90000000e+03  6.26608239e+16  7.26608481e+14  3.37381723e+10  5.88812453e+08  1.65778266e+12  9.53404482e+09
 1.90000000e+03  6.26608239e+16  7.26608481e+14  3.37381723e+10  5.88812453e+08  1.65778266e+12  9.53404482e+09
 1.90150000e+03  6.76142543e+16  4.97370150e+15  3.64052245e+10  4.03047509e+09  1.65778266e+12  9.53404482e+09
 1.90300000e+03  7.22338188e+16  9.11411695e+15  3.88925148e+10  7.38569078e+09  1.65778266e+12  9.53404482e+09
 1.90450000e+03  7.65420202e+16  1.31371416e+16  4.12121594e+10  1.06457780e+10  1.65778266e+12  9.53404482e+09
 1.90600000e+03  8.05598448e+16  1.70345693e+16  4.33754577e+10  1.38040868e+10  1.65778266e+12  9.53404482e+09
 1.90750000e+03  8.43068641e+16  2.08003537e+16  4.53929477e+10  1.68557175e+10  1.65778266e+12  9.53404482e+09
 1.90900000e+03  8.78013308e+16  2.44303030e+16  4.72744569e+10  1.97972733e+10  1.65778266e+12  9.53404482e+09
 1.91050000e+03  9.10602670e+16  2.79218103e+16  4.90291506e+10  2.26266415e+10  1.65778266e+12  9.53404482e+09
 1.91200000e+03  9.40995479e+16  3.12736169e+16  5.06655763e+10  2.53428023e+10  1.65778266e+12  9.53404482e+09
 1.91350000e+03  9.69339783e+16  3.44856050e+16  5.21917053e+10  2.79456602e+10  1.65778266e+12  9.53404482e+09
 1.91500000e+03  9.95773654e+16  3.75586151e+16  5.36149718e+10  3.04358962e+10  1.65778266e+12  9.53404482e+09
 1.91500000e+03  9.95773654e+16  3.75586151e+16  5.36149718e+10  3.04358962e+10  1.65778266e+12  9.52451077e+09
 1.91502500e+03  9.94616244e+16  3.76085708e+16  5.35526539e+10  3.04763782e+10  1.65778266e+12  9.52451077e+09
 1.91505000e+03  9.93460179e+16  3.76583048e+16  5.34904084e+10  3.05166804e+10  1.65778266e+12  9.52451077e+09
 1.91507500e+03  9.92305458e+16  3.77078175e+16  5.34282353e+10  3.05568034e+10  1.65778266e+12  9.52451077e+09
 1.91510000e+03  9.91152079e+16  3.77571095e+16  5.33661345e+10  3.05967476e+10  1.65778266e+12  9.52451077e+09
 1.91512500e+03  9.90000040e+16  3.78061814e+16  5.33041058e+10  3.06365134e+10  1.65778266e+12  9.52451077e+09
 1.91515000e+03  9.88849341e+16  3.78550337e+16  5.32421493e+10  3.06761012e+10  1.65778266e+12  9.52451077e+09
 1.91517500e+03  9.87699979e+16  3.79036669e+16  5.31802647e+10  3.07155114e+10  1.65778266e+12  9.52451077e+09
 1.91520000e+03  9.86551953e+16  3.79520816e+16  5.31184521e+10  3.07547446e+10  1.65778266e+12  9.52451077e+09
 1.91522500e+03  9.85405261e+16  3.80002783e+16  5.30567113e+10  3.07938012e+10  1.65778266e+12  9.52451077e+09
 1.91525000e+03  9.84259903e+16  3.80482576e+16  5.29950423e+10  3.08326815e+10  1.65778266e+12  9.52451077e+09
 1.91525000e+03  9.84259903e+16  0.00000000e+00  5.29950423e+10  0.00000000e+00  1.67808990e+12  9.51498626e+09
 1.91620000e+03  9.41708749e+16  4.11568050e+15  5.07039806e+10  3.33517155e+09  1.67808990e+12  9.51498626e+09
 1.91715000e+03  9.00997151e+16  7.78858819e+15  4.85119652e+10  6.31153893e+09  1.67808990e+12  9.51498626e+09
 1.91810000e+03  8.62045581e+16  1.10549077e+16  4.64147141e+10  8.95842465e+09  1.67808990e+12  9.51498626e+09
 1.91905000e+03  8.24777951e+16  1.39481627e+16  4.44081307e+10  1.13029948e+10  1.67808990e+12  9.51498626e+09
 1.92000000e+03  7.89121461e+16  1.64994014e+16  4.24882951e+10  1.33704096e+10  1.67808990e+12  9.51498626e+09
 1.92095000e+03  7.55006459e+16  1.87373695e+16  4.06514571e+10  1.51839633e+10  1.67808990e+12  9.51498626e+09
 1.92190000e+03  7.22366304e+16  2.06886719e+16  3.88940286e+10  1.67652154e+10  1.67808990e+12  9.51498626e+09
 1.92285000e+03  6.91137236e+16  2.23779228e+16  3.72125766e+10  1.81341120e+10  1.67808990e+12  9.51498626e+09
 1.92380000e+03  6.61258251e+16  2.38278855e+16  3.56038165e+10  1.93090998e+10  1.67808990e+12  9.51498626e+09
 1.92475000e+03  6.32670983e+16  2.50596038e+16  3.40646057e+10  2.03072317e+10  1.67808990e+12  9.51498626e+09
 1.92475000e+03  6.32670983e+16  0.00000000e+00  3.40646057e+10  0.00000000e+00  1.67808990e+12  9.51498626e+09
 1.92477500e+03  6.31935615e+16  7.34724452e+13  3.40250117e+10  5.95389289e+07  1.67808990e+12  9.51498626e+09
 1.92480000e+03  6.31201102e+16  1.46731000e+14  3.39854636e+10  1.18904530e+08  1.67808990e+12  9.51498626e+09
 1.92482500e+03  6.30467443e+16  2.19776138e+14  3.39459615e+10  1.78097188e+08  1.67808990e+12  9.51498626e+09
 1.92485000e+03  6.29734636e+16  2.92608331e+14  3.39065054e+10  2.37117284e+08  1.67808990e+12  9.51498626e+09
 1.92487500e+03  6.29002682e+16  3.65228052e+14  3.38670951e+10  2.95965201e+08  1.67808990e+12  9.51498626e+09
 1.92490000e+03  6.28271578e+16  4.37635769e+14  3.38277306e+10  3.54641320e+08  1.67808990e+12  9.51498626e+09
 1.92492500e+03  6.27541323e+16  5.09831954e+14  3.37884119e+10  4.13146022e+08  1.67808990e+12  9.51498626e+09
 1.92495000e+03  6.26811918e+16  5.81817074e+14  3.37491388e+10  4.71479686e+08  1.67808990e+12  9.51498626e+09
 1.92497500e+03  6.26083360e+16  6.53591597e+14  3.37099114e+10  5.29642692e+08  1.67808990e+12  9.51498626e+09
 1.92500000e+03  6.25355649e+16  7.25155990e+14  3.36707297e+10  5.87635417e+08  1.67808990e+12  9.51498626e+09
 1.92500000e+03  6.25355649e+16  7.25155990e+14  3.36707297e+10  5.87635417e+08  1.67808990e+12  9.51498626e+09
 1.92650000e+03  6.74790934e+16  4.96375907e+15  3.63324504e+10  4.02241817e+09  1.67808990e+12  9.51498626e+09
 1.92800000e+03  7.20894234e+16  9.09589783e+15  3.88147687e+10  7.37092679e+09  1.67808990e+12  9.51498626e+09
 1.92950000e+03  7.63890127e+16  1.31108805e+16  4.11297763e+10  1.06244971e+10  1.67808990e+12  9.51498626e+09
 1.93100000e+03  8.03988057e+16  1.70005172e+16  4.32887502e+10  1.37764924e+10  1.67808990e+12  9.51498626e+09
 1.93250000e+03  8.41383347e+16  2.07587738e+16  4.53022072e+10  1.68220229e+10  1.67808990e+12  9.51498626e+09
 1.93400000e+03  8.76258159e+16  2.43814668e+16  4.71799553e+10  1.97576985e+10  1.67808990e+12  9.51498626e+09
 1.93550000e+03  9.08782376e+16  2.78659946e+16  4.89311414e+10  2.25814108e+10  1.67808990e+12  9.51498626e+09
 1.93700000e+03  9.39114429e+16  3.12111010e+16  5.05642958e+10  2.52921421e+10  1.67808990e+12  9.51498626e+09
 1.93850000e+03  9.67402073e+16  3.44166683e+16  5.20873741e+10  2.78897968e+10  1.67808990e+12  9.51498626e+09
 1.94000000e+03  9.93783103e+16  3.74835354e+16  5.35077955e+10  3.03750548e+10  1.67808990e+12  9.51498626e+09
 1.94000000e+03  9.93783103e+16  3.74835354e+16  5.35077955e+10  3.03750548e+10  1.67808990e+12  9.50547128e+09
 1.94002500e+03  9.92628006e+16  3.75333913e+16  5.34456021e+10  3.04154559e+10  1.67808990e+12  9.50547128e+09
 1.94005000e+03  9.91474252e+16  3.75830258e+16  5.33834811e+10  3.04556776e+10  1.67808990e+12  9.50547128e+09
 1.94007500e+03  9.90321839e+16  3.76324396e+16  5.33214323e+10  3.04957204e+10  1.67808990e+12  9.50547128e+09
 1.94010000e+03  9.89170766e+16  3.76816331e+16  5.32594556e+10  3.05355847e+10  1.67808990e+12  9.50547128e+09
 1.94012500e+03  9.88021030e+16  3.77306069e+16  5.31975509e+10  3.05752710e+10  1.67808990e+12  9.50547128e+09
 1.94015000e+03  9.86872631e+16  3.77793615e+16  5.31357182e+10  3.06147796e+10  1.67808990e+12  9.50547128e+09
 1.94017500e+03  9.85725567e+16  3.78278975e+16  5.30739574e+10  3.06541111e+10  1.67808990e+12  9.50547128e+09
 1.94020000e+03  9.84579836e+16  3.78762154e+16  5.30122683e+10  3.06932659e+10  1.67808990e+12  9.50547128e+09
 1.94022500e+03  9.83435436e+16  3.79243158e+16  5.29506509e+10  3.07322444e+10  1.67808990e+12  9.50547128e+09
 1.94025000e+03  9.82292367e+16  3.79721991e+16  5.28891052e+10  3.07710470e+10  1.67808990e+12  9.50547128e+09
 1.94025000e+03  9.82292367e+16  0.00000000e+00  5.28891052e+10  0.00000000e+00  1.69835653e+12  9.49596580e+09
 1.94120000e+03  9.39826273e+16  4.10745326e+15  5.06026233e+10  3.32850454e+09  1.69835653e+12  9.49596580e+09
 1.94215000e+03  8.99196057e+16  7.77301880e+15  4.84149897e+10  6.29892217e+09  1.69835653e+12  9.49596580e+09
 1.94310000e+03  8.60322352e+16  1.10328090e+16  4.63219311e+10  8.94051676e+09  1.69835653e+12  9.49596580e+09
 1.94405000e+03  8.23129220e+16  1.39202803e+16  4.43193588e+10  1.12804001e+10  1.69835653e+12  9.49596580e+09
 1.94500000e+03  7.87544007e+16  1.64664191e+16  4.24033610e+10  1.33436821e+10  1.69835653e+12  9.49596580e+09
 1.94595000e+03  7.53497201e+16  1.86999135e+16  4.05701949e+10  1.51536106e+10  1.69835653e+12  9.49596580e+09
 1.94690000e+03  7.20922294e+16  2.06473153e+16  3.88162795e+10  1.67317017e+10  1.69835653e+12  9.49596580e+09
 1.94785000e+03  6.89755653e+16  2.23331893e+16  3.71381887e+10  1.80978619e+10  1.69835653e+12  9.49596580e+09
 1.94880000e+03  6.59936396e+16  2.37802535e+16  3.55326445e+10  1.92705010e+10  1.69835653e+12  9.49596580e+09
 1.94975000e+03  6.31406274e+16  2.50095096e+16  3.39965106e+10  2.02666375e+10  1.69835653e+12  9.49596580e+09
 1.94975000e+03  6.31406274e+16  0.00000000e+00  3.39965106e+10  0.00000000e+00  1.69835653e+12  9.49596580e+09
 1.94977500e+03  6.30672376e+16  7.33255738e+13  3.39569957e+10  5.94199106e+07  1.69835653e+12  9.49596580e+09
 1.94980000e+03  6.29939331e+16  1.46437685e+14  3.39175267e+10  1.18666840e+08  1.69835653e+12  9.49596580e+09
 1.94982500e+03  6.29207139e+16  2.19336806e+14  3.38781036e+10  1.77741171e+08  1.69835653e+12  9.49596580e+09
 1.94985000e+03  6.28475797e+16  2.92023407e+14  3.38387263e+10  2.36643286e+08  1.69835653e+12  9.49596580e+09
 1.94987500e+03  6.27745305e+16  3.64497961e+14  3.37993948e+10  2.95373567e+08  1.69835653e+12  9.49596580e+09
 1.94990000e+03  6.27015663e+16  4.36760935e+14  3.37601090e+10  3.53932392e+08  1.69835653e+12  9.49596580e+09
 1.94992500e+03  6.26286868e+16  5.08812800e+14  3.37208688e+10  4.12320143e+08  1.69835653e+12  9.49596580e+09
 1.94995000e+03  6.25558921e+16  5.80654021e+14  3.36816743e+10  4.70537198e+08  1.69835653e+12  9.49596580e+09
 1.94997500e+03  6.24831820e+16  6.52285067e+14  3.36425253e+10  5.28583936e+08  1.69835653e+12  9.49596580e+09
 1.95000000e+03  6.24105563e+16  7.23706403e+14  3.36034219e+10  5.86460734e+08  1.69835653e+12  9.49596580e+09
 1.95000000e+03  6.24105563e+16  7.23706403e+14  3.36034219e+10  5.86460734e+08  1.69835653e+12  9.49596580e+09
 1.95150000e+03  6.73442027e+16  4.95383651e+15  3.62598218e+10  4.01437735e+09  1.69835653e+12  9.49596580e+09
 1.95300000e+03  7.19453167e+16  9.07771513e+15  3.87371779e+10  7.35619230e+09  1.69835653e+12  9.49596580e+09
 1.95450000e+03  7.62363111e+16  1.30846718e+16  4.10475579e+10  1.06032587e+10  1.69835653e+12  9.49596580e+09
 1.95600000e+03  8.02380884e+16  1.69665332e+16  4.32022160e+10  1.37489532e+10  1.69835653e+12  9.49596580e+09
 1.95750000e+03  8.39701422e+16  2.07172770e+16  4.52116481e+10  1.67883957e+10  1.69835653e+12  9.49596580e+09
 1.95900000e+03  8.74506519e+16  2.43327283e+16  4.70856426e+10  1.97182029e+10  1.69835653e+12  9.49596580e+09
 1.96050000e+03  9.06965720e+16  2.78102904e+16  4.88333280e+10  2.25362706e+10  1.69835653e+12  9.49596580e+09
 1.96200000e+03  9.37237139e+16  3.11487100e+16  5.04632178e+10  2.52415831e+10  1.69835653e+12  9.49596580e+09
 1.96350000e+03  9.65468236e+16  3.43478694e+16  5.19832514e+10  2.78340451e+10  1.69835653e+12  9.49596580e+09
 1.96500000e+03  9.91796530e+16  3.74086058e+16  5.34008334e+10  3.03143351e+10  1.69835653e+12  9.49596580e+09
 1.96500000e+03  9.91796530e+16  3.74086058e+16  5.34008334e+10  3.03143351e+10  1.69835653e+12  9.48646984e+09
 1.96502500e+03  9.90643743e+16  3.74583620e+16  5.33387644e+10  3.03546554e+10  1.69835653e+12  9.48646984e+09
 1.96505000e+03  9.89492295e+16  3.75078974e+16  5.32767675e+10  3.03947967e+10  1.69835653e+12  9.48646984e+09
 1.96507500e+03  9.88342186e+16  3.75572123e+16  5.32148427e+10  3.04347594e+10  1.69835653e+12  9.48646984e+09
 1.96510000e+03  9.87193413e+16  3.76063075e+16  5.31529899e+10  3.04745441e+10  1.69835653e+12  9.48646984e+09
 1.96512500e+03  9.86045976e+16  3.76551834e+16  5.30912090e+10  3.05141510e+10  1.69835653e+12  9.48646984e+09
 1.96515000e+03  9.84899873e+16  3.77038406e+16  5.30294999e+10  3.05535807e+10  1.69835653e+12  9.48646984e+09
 1.96517500e+03  9.83755101e+16  3.77522795e+16  5.29678625e+10  3.05928336e+10  1.69835653e+12  9.48646984e+09
 1.96520000e+03  9.82611661e+16  3.78005009e+16  5.29062968e+10  3.06319101e+10  1.69835653e+12  9.48646984e+09
 1.96522500e+03  9.81469549e+16  3.78485051e+16  5.28448026e+10  3.06708106e+10  1.69835653e+12  9.48646984e+09
 1.96525000e+03  9.80328765e+16  3.78962927e+16  5.27833799e+10  3.07095357e+10  1.69835653e+12  9.48646984e+09
 1.96525000e+03  9.80328765e+16  0.00000000e+00  5.27833799e+10  0.00000000e+00  1.71858266e+12  9.47698337e+09
 1.96620000e+03  9.37947560e+16  4.09924246e+15  5.05014687e+10  3.32185086e+09  1.71858266e+12  9.47698337e+09
 1.96715000e+03  8.97398565e+16  7.75748054e+15  4.83182082e+10  6.28633062e+09  1.71858266e+12  9.47698337e+09
 1.96810000e+03  8.58602568e+16  1.10107544e+16  4.62293336e+10  8.92264467e+09  1.71858266e+12  9.47698337e+09
 1.96905000e+03  8.21483785e+16  1.38924537e+16  4.42307644e+10  1.12578506e+10  1.71858266e+12  9.47698337e+09
 1.97000000e+03  7.85969707e+16  1.64335027e+16  4.23185967e+10  1.33170081e+10  1.71858266e+12  9.47698337e+09
 1.97095000e+03  7.51990960e+16  1.86625324e+16  4.04890950e+10  1.51233185e+10  1.71858266e+12  9.47698337e+09
 1.97190000e+03  7.19481170e+16  2.06060413e+16  3.87386857e+10  1.66982550e+10  1.71858266e+12  9.47698337e+09
 1.97285000e+03  6.88376831e+16  2.22885452e+16  3.70639494e+10  1.80616843e+10  1.71858266e+12  9.47698337e+09
 1.97380000e+03  6.58617183e+16  2.37327168e+16  3.54616147e+10  1.92319792e+10  1.71858266e+12  9.47698337e+09
 1.97475000e+03  6.30144093e+16  2.49595156e+16  3.39285516e+10  2.02261245e+10  1.71858266e+12  9.47698337e+09
 1.97475000e+03  6.30144093e+16  0.00000000e+00  3.39285516e+10  0.00000000e+00  1.71858266e+12  9.47698337e+09
 1.97477500e+03  6.29411662e+16  7.31789960e+13  3.38891156e+10  5.93011302e+07  1.71858266e+12  9.47698337e+09
 1.97480000e+03  6.28680083e+16  1.46144956e+14  3.38497255e+10  1.18429625e+08  1.71858266e+12  9.47698337e+09
 1.97482500e+03  6.27949354e+16  2.18898351e+14  3.38103812e+10  1.77385867e+08  1.71858266e+12  9.47698337e+09
 1.97485000e+03  6.27219474e+16  2.91439653e+14  3.37710827e+10  2.36170237e+08  1.71858266e+12  9.47698337e+09
 1.97487500e+03  6.26490442e+16  3.63769329e+14  3.37318298e+10  2.94783115e+08  1.71858266e+12  9.47698337e+09
 1.97490000e+03  6.25762258e+16  4.35887850e+14  3.36926225e+10  3.53224881e+08  1.71858266e+12  9.47698337e+09
 1.97492500e+03  6.25034921e+16  5.07795683e+14  3.36534608e+10  4.11495915e+08  1.71858266e+12  9.47698337e+09
 1.97495000e+03  6.24308429e+16  5.79493294e+14  3.36143446e+10  4.69596594e+08  1.71858266e+12  9.47698337e+09
 1.97497500e+03  6.23582781e+16  6.50981150e+14  3.35752739e+10  5.27527297e+08  1.71858266e+12  9.47698337e+09
 1.97500000e+03  6.22857976e+16  7.22259714e+14  3.35362486e+10  5.85288399e+08  1.71858266e+12  9.47698337e+09
 1.97500000e+03  6.22857976e+16  7.22259714e+14  3.35362486e+10  5.85288399e+08  1.71858266e+12  9.47698337e+09
 1.97650000e+03  6.72095817e+16  4.94393379e+15  3.61873385e+10  4.00635261e+09  1.71858266e+12  9.47698337e+09
 1.97800000e+03  7.18014980e+16  9.05956878e+15  3.86597423e+10  7.34148728e+09  1.71858266e+12  9.47698337e+09
 1.97950000e+03  7.60839147e+16  1.30585156e+16  4.09655038e+10  1.05820628e+10  1.71858266e+12  9.47698337e+09
 1.98100000e+03  8.00776925e+16  1.69326171e+16  4.31158548e+10  1.37214691e+10  1.71858266e+12  9.47698337e+09
 1.98250000e+03  8.38022858e+16  2.06758632e+16  4.51212700e+10  1.67548357e+10  1.71858266e+12  9.47698337e+09
 1.98400000e+03  8.72758380e+16  2.42840872e+16  4.69915184e+10  1.96787862e+10  1.71858266e+12  9.47698337e+09
 1.98550000e+03  9.05152695e+16  2.77546977e+16  4.87357102e+10  2.24912206e+10  1.71858266e+12  9.47698337e+09
 1.98700000e+03  9.35363602e+16  3.10864437e+16  5.03623418e+10  2.51911252e+10  1.71858266e+12  9.47698337e+09
 1.98850000e+03  9.63538265e+16  3.42792080e+16  5.18793369e+10  2.77784049e+10  1.71858266e+12  9.47698337e+09
 1.99000000e+03  9.89813929e+16  3.73338260e+16  5.32940851e+10  3.02537367e+10  1.71858266e+12  9.47698337e+09
 1.99000000e+03  9.89813929e+16  3.73338260e+16  5.32940851e+10  3.02537367e+10  1.71858266e+12  9.46750639e+09
 1.99002500e+03  9.88663446e+16  3.73834828e+16  5.32321402e+10  3.02939764e+10  1.71858266e+12  9.46750639e+09
 1.99005000e+03  9.87514300e+16  3.74329191e+16  5.31702673e+10  3.03340375e+10  1.71858266e+12  9.46750639e+09
 1.99007500e+03  9.86366490e+16  3.74821355e+16  5.31084663e+10  3.03739204e+10  1.71858266e+12  9.46750639e+09
 1.99010000e+03  9.85220014e+16  3.75311325e+16  5.30467371e+10  3.04136255e+10  1.71858266e+12  9.46750639e+09
 1.99012500e+03  9.84074870e+16  3.75799107e+16  5.29850797e+10  3.04531532e+10  1.71858266e+12  9.46750639e+09
 1.99015000e+03  9.82931058e+16  3.76284706e+16  5.29234939e+10  3.04925041e+10  1.71858266e+12  9.46750639e+09
 1.99017500e+03  9.81788575e+16  3.76768127e+16  5.28619798e+10  3.05316785e+10  1.71858266e+12  9.46750639e+09
 1.99020000e+03  9.80647420e+16  3.77249377e+16  5.28005371e+10  3.05706769e+10  1.71858266e+12  9.46750639e+09
 1.99022500e+03  9.79507591e+16  3.77728459e+16  5.27391658e+10  3.06094997e+10  1.71858266e+12  9.46750639e+09
 1.99025000e+03  9.78369087e+16  3.78205380e+16  5.26778659e+10  3.06481473e+10  1.71858266e+12  9.46750639e+09
 1.99025000e+03  9.78369087e+16  0.00000000e+00  5.26778659e+10  0.00000000e+00  1.73876835e+12  9.45803888e+09
 1.99120000e+03  9.36072603e+16  4.09104807e+15  5.04005162e+10  3.31521048e+09  1.73876835e+12  9.45803888e+09
 1.99215000e+03  8.95604665e+16  7.74197333e+15  4.82216201e+10  6.27376425e+09  1.73876835e+12  9.45803888e+09
 1.99310000e+03  8.56886221e+16  1.09887439e+16  4.61369212e+10  8.90480830e+09  1.73876835e+12  9.45803888e+09
 1.99405000e+03  8.19841638e+16  1.38646827e+16  4.41423471e+10  1.12353462e+10  1.73876835e+12  9.45803888e+09
 1.99500000e+03  7.84398553e+16  1.64006521e+16  4.22340018e+10  1.32903874e+10  1.73876835e+12  9.45803888e+09
 1.99595000e+03  7.50487730e+16  1.86252260e+16  4.04081573e+10  1.50930870e+10  1.73876835e+12  9.45803888e+09
 1.99690000e+03  7.18042927e+16  2.05648498e+16  3.86612471e+10  1.66648752e+10  1.73876835e+12  9.45803888e+09
 1.99785000e+03  6.87000766e+16  2.22439904e+16  3.69898586e+10  1.80255790e+10  1.73876835e+12  9.45803888e+09
 1.99880000e+03  6.57300607e+16  2.36852751e+16  3.53907270e+10  1.91935345e+10  1.73876835e+12  9.45803888e+09
 1.99975000e+03  6.28884435e+16  2.49096216e+16  3.38607284e+10  2.01856925e+10  1.73876835e+12  9.45803888e+09
 1.99975000e+03  6.28884435e+16  0.00000000e+00  3.38607284e+10  0.00000000e+00  1.73876835e+12  9.45803888e+09
 1.99977500e+03  6.28153468e+16  7.30327112e+13  3.38213713e+10  5.91825872e+07  1.73876835e+12  9.45803888e+09
 1.99980000e+03  6.27423351e+16  1.45852812e+14  3.37820599e+10  1.18192884e+08  1.73876835e+12  9.45803888e+09
 1.99982500e+03  6.26694083e+16  2.18460774e+14  3.37427943e+10  1.77031272e+08  1.73876835e+12  9.45803888e+09
 1.99985000e+03  6.25965662e+16  2.90857065e+14  3.37035743e+10  2.35698132e+08  1.73876835e+12  9.45803888e+09
 1.99987500e+03  6.25238088e+16  3.63042155e+14  3.36643999e+10  2.94193843e+08  1.73876835e+12  9.45803888e+09
 1.99990000e+03  6.24511360e+16  4.35016510e+14  3.36252710e+10  3.52518785e+08  1.73876835e+12  9.45803888e+09
 1.99992500e+03  6.23785476e+16  5.06780599e+14  3.35861875e+10  4.10673335e+08  1.73876835e+12  9.45803888e+09
 1.99995000e+03  6.23060436e+16  5.78334887e+14  3.35471496e+10  4.68657871e+08  1.73876835e+12  9.45803888e+09
 1.99997500e+03  6.22336239e+16  6.49679838e+14  3.35081570e+10  5.26472770e+08  1.73876835e+12  9.45803888e+09
 2.00000000e+03  6.21612883e+16  7.20815917e+14  3.34692097e+10  5.84118407e+08  1.73876835e+12  9.45803888e+09
 2.00000000e+03  6.21612883e+16  7.20815917e+14  3.34692097e+10  5.84118407e+08  1.73876835e+12  9.45803888e+09
 2.00150000e+03  6.70752297e+16  4.93405087e+15  3.61150000e+10  3.99834391e+09  1.73876835e+12  9.45803888e+09
 2.00300000e+03  7.16579668e+16  9.04145870e+15  3.85824615e+10  7.32681164e+09  1.73876835e+12  9.45803888e+09
 2.00450000e+03  7.59318230e+16  1.30324116e+16  4.08836138e+10  1.05609093e+10  1.73876835e+12  9.45803888e+09
 2.00600000e+03  7.99176172e+16  1.68987687e+16  4.30296662e+10  1.36940398e+10  1.73876835e+12  9.45803888e+09
 2.00750000e+03  8.36347651e+16  2.06345321e+16  4.50310726e+10  1.67213428e+10  1.73876835e+12  9.45803888e+09
 2.00900000e+03  8.71013736e+16  2.42355433e+16  4.68975823e+10  1.96394483e+10  1.73876835e+12  9.45803888e+09
 2.01050000e+03  9.03343295e+16  2.76992160e+16  4.86382875e+10  2.24462606e+10  1.73876835e+12  9.45803888e+09
 2.01200000e+03  9.33493810e+16  3.10243019e+16  5.02616675e+10  2.51407681e+10  1.73876835e+12  9.45803888e+09
 2.01350000e+03  9.61612152e+16  3.42106839e+16  5.17756301e+10  2.77228758e+10  1.73876835e+12  9.45803888e+09
 2.01500000e+03  9.87835291e+16  3.72591957e+16  5.31875502e+10  3.01932595e+10  1.73876835e+12  9.45803888e+09
 2.01500000e+03  9.87835291e+16  3.72591957e+16  5.31875502e+10  3.01932595e+10  1.73876835e+12  9.44858084e+09
 2.01502500e+03  9.86687108e+16  3.73087532e+16  5.31257292e+10  3.02334188e+10  1.73876835e+12  9.44858084e+09
 2.01505000e+03  9.85540259e+16  3.73580907e+16  5.30639799e+10  3.02733998e+10  1.73876835e+12  9.44858084e+09
 2.01507500e+03  9.84394743e+16  3.74072087e+16  5.30023025e+10  3.03132029e+10  1.73876835e+12  9.44858084e+09
 2.01510000e+03  9.83250559e+16  3.74561078e+16  5.29406967e+10  3.03528286e+10  1.73876835e+12  9.44858084e+09
 2.01512500e+03  9.82107705e+16  3.75047884e+16  5.28791625e+10  3.03922774e+10  1.73876835e+12  9.44858084e+09
 2.01515000e+03  9.80966179e+16  3.75532513e+16  5.28176999e+10  3.04315496e+10  1.73876835e+12  9.44858084e+09
 2.01517500e+03  9.79825980e+16  3.76014968e+16  5.27563087e+10  3.04706457e+10  1.73876835e+12  9.44858084e+09
 2.01520000e+03  9.78687106e+16  3.76495255e+16  5.26949888e+10  3.05095661e+10  1.73876835e+12  9.44858084e+09
 2.01522500e+03  9.77549555e+16  3.76973380e+16  5.26337402e+10  3.05483113e+10  1.73876835e+12  9.44858084e+09
 2.01525000e+03  9.76413328e+16  3.77449347e+16  5.25725628e+10  3.05868817e+10  1.73876835e+12  9.44858084e+09
 2.01525000e+03  9.76413328e+16  0.00000000e+00  5.25725628e+10  0.00000000e+00  1.75891369e+12  9.43913226e+09
 2.01620000e+03  9.34201394e+16  4.08287007e+15  5.02997656e+10  3.30858338e+09  1.75891369e+12  9.43913226e+09
 2.01715000e+03  8.93814351e+16  7.72649713e+15  4.81252251e+10  6.26122299e+09  1.75891369e+12  9.43913226e+09
 2.01810000e+03  8.55173305e+16  1.09667774e+16  4.60446934e+10  8.88700759e+09  1.75891369e+12  9.43913226e+09
 2.01905000e+03  8.18202775e+16  1.38369672e+16  4.40541066e+10  1.12128867e+10  1.75891369e+12  9.43913226e+09
 2.02000000e+03  7.82830541e+16  1.63678672e+16  4.21495760e+10  1.32638199e+10  1.75891369e+12  9.43913226e+09
 2.02095000e+03  7.48987505e+16  1.85879942e+16  4.03273814e+10  1.50629159e+10  1.75891369e+12  9.43913226e+09
 2.02190000e+03  7.16607559e+16  2.05237407e+16  3.85839633e+10  1.66315621e+10  1.75891369e+12  9.43913226e+09
 2.02285000e+03  6.85627451e+16  2.21995247e+16  3.69159159e+10  1.79895459e+10  1.75891369e+12  9.43913226e+09
 2.02380000e+03  6.55986663e+16  2.36379283e+16  3.53199809e+10  1.91551666e+10  1.75891369e+12  9.43913226e+09
 2.02475000e+03  6.27627295e+16  2.48598272e+16  3.37930408e+10  2.01453413e+10  1.75891369e+12  9.43913226e+09
 2.02475000e+03  6.27627295e+16  0.00000000e+00  3.37930408e+10  0.00000000e+00  1.75891369e+12  9.43913226e+09
 2.02477500e+03  6.26897789e+16  7.28867188e+13  3.37537624e+10  5.90642813e+07  1.75891369e+12  9.43913226e+09
 2.02480000e+03  6.26169132e+16  1.45561252e+14  3.37145296e+10  1.17956617e+08  1.75891369e+12  9.43913226e+09
 2.02482500e+03  6.25441321e+16  2.18024070e+14  3.36753424e+10  1.76677387e+08  1.75891369e+12  9.43913226e+09
 2.02485000e+03  6.24714357e+16  2.90275641e+14  3.36362008e+10  2.35226972e+08  1.75891369e+12  9.43913226e+09
 2.02487500e+03  6.23988237e+16  3.62316433e+14  3.35971047e+10  2.93605750e+08  1.75891369e+12  9.43913226e+09
 2.02490000e+03  6.23262961e+16  4.34146912e+14  3.35580540e+10  3.51814100e+08  1.75891369e+12  9.43913226e+09
 2.02492500e+03  6.22538529e+16  5.05767545e+14  3.35190488e+10  4.09852399e+08  1.75891369e+12  9.43913226e+09
 2.02495000e+03  6.21814938e+16  5.77178796e+14  3.34800888e+10  4.67721024e+08  1.75891369e+12  9.43913226e+09
 2.02497500e+03  6.21092189e+16  6.48381128e+14  3.34411741e+10  5.25420350e+08  1.75891369e+12  9.43913226e+09
 2.02500000e+03  6.20370279e+16  7.19375006e+14  3.34023047e+10  5.82950754e+08  1.75891369e+12  9.43913226e+09
 2.02500000e+03  6.20370279e+16  7.19375006e+14  3.34023047e+10  5.82950754e+08  1.75891369e+12  9.43913226e+09
 2.02650000e+03  6.69411463e+16  4.92418770e+15  3.60428061e+10  3.99035122e+09  1.75891369e+12  9.43913226e+09
 2.02800000e+03  7.15147225e+16  9.02338483e+15  3.85053352e+10  7.31216535e+09  1.75891369e+12  9.43913226e+09
 2.02950000e+03  7.57800353e+16  1.30063598e+16  4.08018874e+10  1.05397980e+10  1.75891369e+12  9.43913226e+09
 2.03100000e+03  7.97578619e+16  1.68649881e+16  4.29436499e+10  1.36666654e+10  1.75891369e+12  9.43913226e+09
 2.03250000e+03  8.34675792e+16  2.05932837e+16  4.49410555e+10  1.66879168e+10  1.75891369e+12  9.43913226e+09
 2.03400000e+03  8.69272580e+16  2.41870964e+16  4.68038340e+10  1.96001890e+10  1.75891369e+12  9.43913226e+09
 2.03550000e+03  9.01537512e+16  2.76438453e+16  4.85410596e+10  2.24013906e+10  1.75891369e+12  9.43913226e+09
 2.03700000e+03  9.31627756e+16  3.09622843e+16  5.01611944e+10  2.50905117e+10  1.75891369e+12  9.43913226e+09
 2.03850000e+03  9.59689890e+16  3.41422967e+16  5.16721306e+10  2.76674578e+10  1.75891369e+12  9.43913226e+09
 2.04000000e+03  9.85860608e+16  3.71847146e+16  5.30812283e+10  3.01329032e+10  1.75891369e+12  9.43913226e+09
 2.04000000e+03  9.85860608e+16  3.71847146e+16  5.30812283e+10  3.01329032e+10  1.75891369e+12  9.42969313e+09
 2.04002500e+03  9.84714720e+16  3.72341730e+16  5.30195308e+10  3.01729822e+10  1.75891369e+12  9.42969313e+09
 2.04005000e+03  9.83570164e+16  3.72834118e+16  5.29579050e+10  3.02128832e+10  1.75891369e+12  9.42969313e+09
 2.04007500e+03  9.82426938e+16  3.73324317e+16  5.28963509e+10  3.02526068e+10  1.75891369e+12  9.42969313e+09
 2.04010000e+03  9.81285041e+16  3.73812330e+16  5.28348682e+10  3.02921533e+10  1.75891369e+12  9.42969313e+09
 2.04012500e+03  9.80144471e+16  3.74298164e+16  5.27734571e+10  3.03315232e+10  1.75891369e+12  9.42969313e+09
 2.04015000e+03  9.79005227e+16  3.74781823e+16  5.27121173e+10  3.03707169e+10  1.75891369e+12  9.42969313e+09
 2.04017500e+03  9.77867307e+16  3.75263314e+16  5.26508488e+10  3.04097349e+10  1.75891369e+12  9.42969313e+09
 2.04020000e+03  9.76730710e+16  3.75742641e+16  5.25896515e+10  3.04485775e+10  1.75891369e+12  9.42969313e+09
 2.04022500e+03  9.75595434e+16  3.76219810e+16  5.25285254e+10  3.04872452e+10  1.75891369e+12  9.42969313e+09
 2.04025000e+03  9.74461477e+16  3.76694826e+16  5.24674703e+10  3.05257385e+10  1.75891369e+12  9.42969313e+09
 2.04025000e+03  9.74461477e+16  0.00000000e+00  5.24674703e+10  0.00000000e+00  1.77901876e+12  9.42026343e+09
 2.04120000e+03  9.32333926e+16  4.07470841e+15  5.01992164e+10  3.30196952e+09  1.77901876e+12  9.42026343e+09
 2.04215000e+03  8.92027616e+16  7.71105186e+15  4.80290227e+10  6.24870681e+09  1.77901876e+12  9.42026343e+09
 2.04310000e+03  8.53463814e+16  1.09448548e+16  4.59526501e+10  8.86924246e+09  1.77901876e+12  9.42026343e+09
 2.04405000e+03  8.16567188e+16  1.38093071e+16  4.39660424e+10  1.11904722e+10  1.77901876e+12  9.42026343e+09
 2.04500000e+03  7.81265662e+16  1.63351478e+16  4.20653190e+10  1.32373055e+10  1.77901876e+12  9.42026343e+09
 2.04595000e+03  7.47490279e+16  1.85508368e+16  4.02467670e+10  1.50328051e+10  1.77901876e+12  9.42026343e+09
 2.04690000e+03  7.15175061e+16  2.04827137e+16  3.85068339e+10  1.65983157e+10  1.77901876e+12  9.42026343e+09
 2.04785000e+03  6.84256882e+16  2.21551479e+16  3.68421210e+10  1.79535848e+10  1.77901876e+12  9.42026343e+09
 2.04880000e+03  6.54675346e+16  2.35906760e+16  3.52493763e+10  1.91168754e+10  1.77901876e+12  9.42026343e+09
 2.04975000e+03  6.26372668e+16  2.48101324e+16  3.37254885e+10  2.01050708e+10  1.77901876e+12  9.42026343e+09
 2.04975000e+03  6.26372668e+16  0.00000000e+00  3.37254885e+10  0.00000000e+00  1.77901876e+12  9.42026343e+09
 2.04977500e+03  6.25644621e+16  7.27410182e+13  3.36862886e+10  5.89462118e+07  1.77901876e+12  9.42026343e+09
 2.04980000e+03  6.24917420e+16  1.45270275e+14  3.36471343e+10  1.17720821e+08  1.77901876e+12  9.42026343e+09
 2.04982500e+03  6.24191064e+16  2.17588240e+14  3.36080254e+10  1.76324209e+08  1.77901876e+12  9.42026343e+09
 2.04985000e+03  6.23465553e+16  2.89695380e+14  3.35689621e+10  2.34756753e+08  1.77901876e+12  9.42026343e+09
 2.04987500e+03  6.22740885e+16  3.61592163e+14  3.35299441e+10  2.93018832e+08  1.77901876e+12  9.42026343e+09
 2.04990000e+03  6.22017059e+16  4.33279053e+14  3.34909715e+10  3.51110823e+08  1.77901876e+12  9.42026343e+09
 2.04992500e+03  6.21294074e+16  5.04756516e+14  3.34520442e+10  4.09033104e+08  1.77901876e+12  9.42026343e+09
 2.04995000e+03  6.20571930e+16  5.76025015e+14  3.34131621e+10  4.66786049e+08  1.77901876e+12  9.42026343e+09
 2.04997500e+03  6.19850625e+16  6.47085014e+14  3.33743252e+10  5.24370035e+08  1.77901876e+12  9.42026343e+09
 2.05000000e+03  6.19130159e+16  7.17936975e+14  3.33355335e+10  5.81785436e+08  1.77901876e+12  9.42026343e+09
 2.05000000e+03  6.19130159e+16  7.17936975e+14  3.33355335e+10  5.81785436e+08  1.77901876e+12  9.42026343e+09
 2.05150000e+03  6.68073310e+16  4.91434425e+15  3.59707565e+10  3.98237451e+09  1.77901876e+12  9.42026343e+09
 2.05300000e+03  7.13717646e+16  9.00534708e+15  3.84283630e+10  7.29754833e+09  1.77901876e+12  9.42026343e+09
 2.05450000e+03  7.56285510e+16  1.29803601e+16  4.07203244e+10  1.05187290e+10  1.77901876e+12  9.42026343e+09
 2.05600000e+03  7.95984259e+16  1.68312750e+16  4.28578055e+10  1.36393458e+10  1.77901876e+12  9.42026343e+09
 2.05750000e+03  8.33007275e+16  2.05521177e+16  4.48512183e+10  1.66545577e+10  1.77901876e+12  9.42026343e+09
 2.05900000e+03  8.67534904e+16  2.41387464e+16  4.67102732e+10  1.95610083e+10  1.77901876e+12  9.42026343e+09
 2.06050000e+03  8.99735338e+16  2.75885853e+16  4.84440260e+10  2.23566102e+10  1.77901876e+12  9.42026343e+09
 2.06200000e+03  9.29765432e+16  3.09003907e+16  5.00609222e+10  2.50403558e+10  1.77901876e+12  9.42026343e+09
 2.06350000e+03  9.57771469e+16  3.40740463e+16  5.15688381e+10  2.76121506e+10  1.77901876e+12  9.42026343e+09
 2.06500000e+03  9.83889873e+16  3.71103823e+16  5.29751190e+10  3.00726675e+10  1.77901876e+12  9.42026343e+09
 2.06500000e+03  9.83889873e+16  3.71103823e+16  5.29751190e+10  3.00726675e+10  1.77901876e+12  9.41084317e+09
 2.06502500e+03  9.82746275e+16  3.71597419e+16  5.29135448e+10  3.01126664e+10  1.77901876e+12  9.41084317e+09
 2.06505000e+03  9.81604007e+16  3.72088823e+16  5.28520422e+10  3.01524877e+10  1.77901876e+12  9.41084317e+09
 2.06507500e+03  9.80463067e+16  3.72578041e+16  5.27906110e+10  3.01921318e+10  1.77901876e+12  9.41084317e+09
 2.06510000e+03  9.79323452e+16  3.73065079e+16  5.27292513e+10  3.02315993e+10  1.77901876e+12  9.41084317e+09
 2.06512500e+03  9.78185163e+16  3.73549942e+16  5.26679629e+10  3.02708905e+10  1.77901876e+12  9.41084317e+09
 2.06515000e+03  9.77048196e+16  3.74032634e+16  5.26067458e+10  3.03100058e+10  1.77901876e+12  9.41084317e+09
 2.06517500e+03  9.75912551e+16  3.74513163e+16  5.25455998e+10  3.03489458e+10  1.77901876e+12  9.41084317e+09
 2.06520000e+03  9.74778225e+16  3.74991532e+16  5.24845248e+10  3.03877108e+10  1.77901876e+12  9.41084317e+09
 2.06522500e+03  9.73645219e+16  3.75467747e+16  5.24235209e+10  3.04263012e+10  1.77901876e+12  9.41084317e+09
 2.06525000e+03  9.72513529e+16  3.75941813e+16  5.23625878e+10  3.04647175e+10  1.77901876e+12  9.41084317e+09
 2.06525000e+03  9.72513529e+16  0.00000000e+00  5.23625878e+10  0.00000000e+00  1.79908364e+12  9.40143233e+09
 2.06620000e+03  9.30470190e+16  4.06656307e+15  5.00988681e+10  3.29536888e+09  1.79908364e+12  9.40143233e+09
 2.06715000e+03  8.90244453e+16  7.69563747e+15  4.79330127e+10  6.23621564e+09  1.79908364e+12  9.40143233e+09
 2.06810000e+03  8.51757740e+16  1.09229760e+16  4.58607908e+10  8.85151285e+09  1.79908364e+12  9.40143233e+09
 2.06905000e+03  8.14934870e+16  1.37817023e+16  4.38781543e+10  1.11681024e+10  1.79908364e+12  9.40143233e+09
 2.07000000e+03  7.79703912e+16  1.63024939e+16  4.19812305e+10  1.32108442e+10  1.79908364e+12  9.40143233e+09
 2.07095000e+03  7.45996046e+16  1.85137536e+16  4.01663137e+10  1.50027545e+10  1.79908364e+12  9.40143233e+09
 2.07190000e+03  7.13745426e+16  2.04417688e+16  3.84298588e+10  1.65651356e+10  1.79908364e+12  9.40143233e+09
 2.07285000e+03  6.82889052e+16  2.21108597e+16  3.67684736e+10  1.79176956e+10  1.79908364e+12  9.40143233e+09
 2.07380000e+03  6.53366650e+16  2.35435183e+16  3.51789128e+10  1.90786608e+10  1.79908364e+12  9.40143233e+09
 2.07475000e+03  6.25120549e+16  2.47605370e+16  3.36580712e+10  2.00648807e+10  1.79908364e+12  9.40143233e+09
 2.07475000e+03  6.25120549e+16  0.00000000e+00  3.36580712e+10  0.00000000e+00  1.79908364e+12  9.40143233e+09
 2.07477500e+03  6.24393957e+16  7.25956089e+13  3.36189497e+10  5.88283783e+07  1.79908364e+12  9.40143233e+09
 2.07480000e+03  6.23668210e+16  1.44979880e+14  3.35798736e+10  1.17485498e+08  1.79908364e+12  9.40143233e+09
 2.07482500e+03  6.22943306e+16  2.17153281e+14  3.35408430e+10  1.75971737e+08  1.79908364e+12  9.40143233e+09
 2.07485000e+03  6.22219245e+16  2.89116279e+14  3.35018577e+10  2.34287474e+08  1.79908364e+12  9.40143233e+09
 2.07487500e+03  6.21496026e+16  3.60869340e+14  3.34629177e+10  2.92433087e+08  1.79908364e+12  9.40143233e+09
 2.07490000e+03  6.20773647e+16  4.32412928e+14  3.34240230e+10  3.50408953e+08  1.79908364e+12  9.40143233e+09
 2.07492500e+03  6.20052107e+16  5.03747507e+14  3.33851735e+10  4.08215447e+08  1.79908364e+12  9.40143233e+09
 2.07495000e+03  6.19331407e+16  5.74873541e+14  3.33463692e+10  4.65852944e+08  1.79908364e+12  9.40143233e+09
 2.07497500e+03  6.18611544e+16  6.45791491e+14  3.33076100e+10  5.23321819e+08  1.79908364e+12  9.40143233e+09
 2.07500000e+03  6.17892518e+16  7.16501819e+14  3.32688958e+10  5.80622447e+08  1.79908364e+12  9.40143233e+09
 2.07500000e+03  6.17892518e+16  7.16501819e+14  3.32688958e+10  5.80622447e+08  1.79908364e+12  9.40143233e+09
 2.07650000e+03  6.66737831e+16  4.90452048e+15  3.58988510e+10  3.97441374e+09  1.79908364e+12  9.40143233e+09
 2.07800000e+03  7.12290924e+16  8.98734539e+15  3.83515447e+10  7.28296053e+09  1.79908364e+12  9.40143233e+09
 2.07950000e+03  7.54773695e+16  1.29544124e+16  4.06389245e+10  1.04977020e+10  1.79908364e+12  9.40143233e+09
 2.08100000e+03  7.94393087e+16  1.67976293e+16  4.27721328e+10  1.36120807e+10  1.79908364e+12  9.40143233e+09
 2.08250000e+03  8.31342093e+16  2.05110341e+16  4.47615607e+10  1.66212652e+10  1.79908364e+12  9.40143233e+09
 2.08400000e+03  8.65800702e+16  2.40904931e+16  4.66168993e+10  1.95219058e+10  1.79908364e+12  9.40143233e+09
 2.08550000e+03  8.97936767e+16  2.75334357e+16  4.83471864e+10  2.23119193e+10  1.79908364e+12  9.40143233e+09
 2.08700000e+03  9.27906831e+16  3.08386208e+16  4.99608504e+10  2.49903001e+10  1.79908364e+12  9.40143233e+09
 2.08850000e+03  9.55856884e+16  3.40059322e+16  5.14657520e+10  2.75569539e+10  1.79908364e+12  9.40143233e+09
 2.09000000e+03  9.81923077e+16  3.70361987e+16  5.28692217e+10  3.00125522e+10  1.79908364e+12  9.40143233e+09
 2.09000000e+03  9.81923077e+16  3.70361987e+16  5.28692217e+10  3.00125522e+10  1.79908364e+12  9.39203090e+09
 2.09002500e+03  9.80781766e+16  3.70854596e+16  5.28077706e+10  3.00524712e+10  1.79908364e+12  9.39203090e+09
 2.09005000e+03  9.79641781e+16  3.71345017e+16  5.27463909e+10  3.00922129e+10  1.79908364e+12  9.39203090e+09
 2.09007500e+03  9.78503121e+16  3.71833258e+16  5.26850826e+10  3.01317778e+10  1.79908364e+12  9.39203090e+09
 2.09010000e+03  9.77365785e+16  3.72319322e+16  5.26238456e+10  3.01711663e+10  1.79908364e+12  9.39203090e+09
 2.09012500e+03  9.76229770e+16  3.72803215e+16  5.25626797e+10  3.02103790e+10  1.79908364e+12  9.39203090e+09
 2.09015000e+03  9.75095076e+16  3.73284943e+16  5.25015849e+10  3.02494161e+10  1.79908364e+12  9.39203090e+09
 2.09017500e+03  9.73961701e+16  3.73764511e+16  5.24405611e+10  3.02882783e+10  1.79908364e+12  9.39203090e+09
 2.09020000e+03  9.72829644e+16  3.74241924e+16  5.23796082e+10  3.03269657e+10  1.79908364e+12  9.39203090e+09
 2.09022500e+03  9.71698902e+16  3.74717187e+16  5.23187262e+10  3.03654790e+10  1.79908364e+12  9.39203090e+09
 2.09025000e+03  9.70569474e+16  3.75190306e+16  5.22579150e+10  3.04038186e+10  1.79908364e+12  9.39203090e+09
 2.09025000e+03  9.70569474e+16  0.00000000e+00  5.22579150e+10  0.00000000e+00  1.81910841e+12  9.38263886e+09
 2.09120000e+03  9.28610180e+16  4.05843401e+15  4.99987205e+10  3.28878144e+09  1.81910841e+12  9.38263886e+09
 2.09215000e+03  8.88464854e+16  7.68025389e+15  4.78371946e+10  6.22374945e+09  1.81910841e+12  9.38263886e+09
 2.09310000e+03  8.50055076e+16  1.09011410e+16  4.57691150e+10  8.83381867e+09  1.81910841e+12  9.38263886e+09
 2.09405000e+03  8.13305815e+16  1.37541526e+16  4.37904419e+10  1.11457774e+10  1.81910841e+12  9.38263886e+09
 2.09500000e+03  7.78145284e+16  1.62699052e+16  4.18973100e+10  1.31844357e+10  1.81910841e+12  9.38263886e+09
 2.09595000e+03  7.44504800e+16  1.84767446e+16  4.00860212e+10  1.49727640e+10  1.81910841e+12  9.38263886e+09
 2.09690000e+03  7.12318649e+16  2.04009057e+16  3.83530375e+10  1.65320219e+10  1.81910841e+12  9.38263886e+09
 2.09785000e+03  6.81523957e+16  2.20666601e+16  3.66949734e+10  1.78818781e+10  1.81910841e+12  9.38263886e+09
 2.09880000e+03  6.52060570e+16  2.34964548e+16  3.51085901e+10  1.90405226e+10  1.81910841e+12  9.38263886e+09
 2.09975000e+03  6.23870933e+16  2.47110407e+16  3.35907888e+10  2.00247710e+10  1.81910841e+12  9.38263886e+09
 2.09975000e+03  6.23870933e+16  0.00000000e+00  3.35907888e+10  0.00000000e+00  1.81910841e+12  9.38263886e+09
 2.09977500e+03  6.23145794e+16  7.24504903e+13  3.35517454e+10  5.87107803e+07  1.81910841e+12  9.38263886e+09
 2.09980000e+03  6.22421497e+16  1.44690065e+14  3.35127475e+10  1.17250644e+08  1.81910841e+12  9.38263886e+09
 2.09982500e+03  6.21698043e+16  2.16719192e+14  3.34737948e+10  1.75619969e+08  1.81910841e+12  9.38263886e+09
 2.09985000e+03  6.20975429e+16  2.88538336e+14  3.34348875e+10  2.33819134e+08  1.81910841e+12  9.38263886e+09
 2.09987500e+03  6.20253655e+16  3.60147962e+14  3.33960254e+10  2.91848514e+08  1.81910841e+12  9.38263886e+09
 2.09990000e+03  6.19532720e+16  4.31548535e+14  3.33572084e+10  3.49708485e+08  1.81910841e+12  9.38263886e+09
 2.09992500e+03  6.18812623e+16  5.02740516e+14  3.33184366e+10  4.07399424e+08  1.81910841e+12  9.38263886e+09
 2.09995000e+03  6.18093363e+16  5.73724369e+14  3.32797098e+10  4.64921704e+08  1.81910841e+12  9.38263886e+09
 2.09997500e+03  6.17374940e+16  6.44500554e+14  3.32410280e+10  5.22275699e+08  1.81910841e+12  9.38263886e+09
 2.10000000e+03  6.16657351e+16  7.15069532e+14  3.32023913e+10  5.79461782e+08  1.81910841e+12  9.38263886e+09
 2.10000000e+03  6.16657351e+16  7.15069532e+14  3.32023913e+10  5.79461782e+08  1.81910841e+12  9.38263886e+09
 2.10150000e+03  6.65405022e+16  4.89471634e+15  3.58270892e+10  3.96646889e+09  1.81910841e+12  9.38263886e+09
 2.10300000e+03  7.10867055e+16  8.96937969e+15  3.82748800e+10  7.26840189e+09  1.81910841e+12  9.38263886e+09
 2.10450000e+03  7.53264902e+16  1.29285165e+16  4.05576873e+10  1.04767171e+10  1.81910841e+12  9.38263886e+09
 2.10600000e+03  7.92805095e+16  1.67640508e+16  4.26866313e+10  1.35848702e+10  1.81910841e+12  9.38263886e+09
 2.10750000e+03  8.29680241e+16  2.04700325e+16  4.46720824e+10  1.65880393e+10  1.81910841e+12  9.38263886e+09
 2.10900000e+03  8.64069966e+16  2.40423362e+16  4.65237122e+10  1.94828815e+10  1.81910841e+12  9.38263886e+09
 2.11050000e+03  8.96141792e+16  2.74783963e+16  4.82505404e+10  2.22673178e+10  1.81910841e+12  9.38263886e+09
 2.11200000e+03  9.26051945e+16  3.07769744e+16  4.98609787e+10  2.49403445e+10  1.81910841e+12  9.38263886e+09
 2.11350000e+03  9.53946126e+16  3.39379544e+16  5.13628719e+10  2.75018675e+10  1.81910841e+12  9.38263886e+09
 2.11500000e+03  9.79960213e+16  3.69621633e+16  5.27635361e+10  2.99525572e+10  1.81910841e+12  9.38263886e+09
 2.11500000e+03  9.79960213e+16  3.69621633e+16  5.27635361e+10  2.99525572e+10  1.81910841e+12  9.37325623e+09
 2.11502500e+03  9.78821183e+16  3.70113257e+16  5.27022079e+10  2.99923963e+10  1.81910841e+12  9.37325623e+09
 2.11505000e+03  9.77683477e+16  3.70602699e+16  5.26409509e+10  3.00320585e+10  1.81910841e+12  9.37325623e+09
 2.11507500e+03  9.76547093e+16  3.71089963e+16  5.25797651e+10  3.00715443e+10  1.81910841e+12  9.37325623e+09
 2.11510000e+03  9.75412031e+16  3.71575056e+16  5.25186505e+10  3.01108542e+10  1.81910841e+12  9.37325623e+09
 2.11512500e+03  9.74278287e+16  3.72057982e+16  5.24576069e+10  3.01499884e+10  1.81910841e+12  9.37325623e+09
 2.11515000e+03  9.73145861e+16  3.72538747e+16  5.23966342e+10  3.01889476e+10  1.81910841e+12  9.37325623e+09
 2.11517500e+03  9.72014752e+16  3.73017356e+16  5.23357324e+10  3.02277320e+10  1.81910841e+12  9.37325623e+09
 2.11520000e+03  9.70884957e+16  3.73493814e+16  5.22749014e+10  3.02663421e+10  1.81910841e+12  9.37325623e+09
 2.11522500e+03  9.69756476e+16  3.73968127e+16  5.22141411e+10  3.03047784e+10  1.81910841e+12  9.37325623e+09
 2.11525000e+03  9.68629306e+16  3.74440300e+16  5.21534514e+10  3.03430413e+10  1.81910841e+12  9.37325623e+09
 2.11525000e+03  9.68629306e+16  0.00000000e+00  5.21534514e+10  0.00000000e+00  1.83909316e+12  9.36388297e+09
 2.11620000e+03  9.26753888e+16  4.05032120e+15  4.98987731e+10  3.28220716e+09  1.83909316e+12  9.36388297e+09
 2.11715000e+03  8.86688813e+16  7.66490106e+15  4.77415681e+10  6.21130817e+09  1.83909316e+12  9.36388297e+09
 2.11810000e+03  8.48355816e+16  1.08793496e+16  4.56776226e+10  8.81615987e+09  1.83909316e+12  9.36388297e+09
 2.11905000e+03  8.11680017e+16  1.37266581e+16  4.37029048e+10  1.11234970e+10  1.83909316e+12  9.36388297e+09
 2.12000000e+03  7.76589772e+16  1.62373817e+16  4.18135573e+10  1.31580800e+10  1.83909316e+12  9.36388297e+09
 2.12095000e+03  7.43016535e+16  1.84398096e+16  4.00058893e+10  1.49428335e+10  1.83909316e+12  9.36388297e+09
 2.12190000e+03  7.10894724e+16  2.03601243e+16  3.82763697e+10  1.64989744e+10  1.83909316e+12  9.36388297e+09
 2.12285000e+03  6.80161591e+16  2.20225488e+16  3.66216201e+10  1.78461322e+10  1.83909316e+12  9.36388297e+09
 2.12380000e+03  6.50757101e+16  2.34494854e+16  3.50384080e+10  1.90024606e+10  1.83909316e+12  9.36388297e+09
 2.12475000e+03  6.22623815e+16  2.46616433e+16  3.35236408e+10  1.99847415e+10  1.83909316e+12  9.36388297e+09
 2.12475000e+03  6.22623815e+16  0.00000000e+00  3.35236408e+10  0.00000000e+00  1.83909316e+12  9.36388297e+09
 2.12477500e+03  6.21900125e+16  7.23056618e+13  3.34846755e+10  5.85934175e+07  1.83909316e+12  9.36388297e+09
 2.12480000e+03  6.21177277e+16  1.44400830e+14  3.34457555e+10  1.17016260e+08  1.83909316e+12  9.36388297e+09
 2.12482500e+03  6.20455268e+16  2.16285970e+14  3.34068807e+10  1.75268905e+08  1.83909316e+12  9.36388297e+09
 2.12485000e+03  6.19734099e+16  2.87961548e+14  3.33680512e+10  2.33351729e+08  1.83909316e+12  9.36388297e+09
 2.12487500e+03  6.19013768e+16  3.59428026e+14  3.33292667e+10  2.91265108e+08  1.83909316e+12  9.36388297e+09
 2.12490000e+03  6.18294274e+16  4.30685869e+14  3.32905274e+10  3.49009418e+08  1.83909316e+12  9.36388297e+09
 2.12492500e+03  6.17575617e+16  5.01735538e+14  3.32518330e+10  4.06585032e+08  1.83909316e+12  9.36388297e+09
 2.12495000e+03  6.16857795e+16  5.72577494e+14  3.32131837e+10  4.63992325e+08  1.83909316e+12  9.36388297e+09
 2.12497500e+03  6.16140807e+16  6.43212198e+14  3.31745792e+10  5.21231670e+08  1.83909316e+12  9.36388297e+09
 2.12500000e+03  6.15424653e+16  7.13640108e+14  3.31360197e+10  5.78303438e+08  1.83909316e+12  9.36388297e+09
 2.12500000e+03  6.15424653e+16  7.13640108e+14  3.31360197e+10  5.78303438e+08  1.83909316e+12  9.36388297e+09
 2.12650000e+03  6.64074878e+16  4.88493180e+15  3.57554708e+10  3.95853992e+09  1.83909316e+12  9.36388297e+09
 2.12800000e+03  7.09446031e+16  8.95144990e+15  3.81983685e+10  7.25387236e+09  1.83909316e+12  9.36388297e+09
 2.12950000e+03  7.51759126e+16  1.29026724e+16  4.04766125e+10  1.04557742e+10  1.83909316e+12  9.36388297e+09
 2.13100000e+03  7.91220277e+16  1.67305395e+16  4.26013007e+10  1.35577140e+10  1.83909316e+12  9.36388297e+09
 2.13250000e+03  8.28021710e+16  2.04291129e+16  4.45827829e+10  1.65548798e+10  1.83909316e+12  9.36388297e+09
 2.13400000e+03  8.62342690e+16  2.39942755e+16  4.64307113e+10  1.94439352e+10  1.83909316e+12  9.36388297e+09
 2.13550000e+03  8.94350404e+16  2.74234670e+16  4.81540875e+10  2.22228054e+10  1.83909316e+12  9.36388297e+09
 2.13700000e+03  9.24200768e+16  3.07154513e+16  4.97613066e+10  2.48904887e+10  1.83909316e+12  9.36388297e+09
 2.13850000e+03  9.52039188e+16  3.38701124e+16  5.12601975e+10  2.74468913e+10  1.83909316e+12  9.36388297e+09
 2.14000000e+03  9.78001272e+16  3.68882759e+16  5.26580618e+10  2.98926820e+10  1.83909316e+12  9.36388297e+09
 2.14000000e+03  9.78001272e+16  3.68882759e+16  5.26580618e+10  2.98926820e+10  1.83909316e+12  9.35451909e+09
 2.14002500e+03  9.76864519e+16  3.69373401e+16  5.25968562e+10  2.99324415e+10  1.83909316e+12  9.35451909e+09
 2.14005000e+03  9.75729088e+16  3.69861864e+16  5.25357216e+10  2.99720244e+10  1.83909316e+12  9.35451909e+09
 2.14007500e+03  9.74594976e+16  3.70348154e+16  5.24746582e+10  3.00114313e+10  1.83909316e+12  9.35451909e+09
 2.14010000e+03  9.73462182e+16  3.70832277e+16  5.24136657e+10  3.00506626e+10  1.83909316e+12  9.35451909e+09
 2.14012500e+03  9.72330705e+16  3.71314238e+16  5.23527441e+10  3.00897186e+10  1.83909316e+12  9.35451909e+09
 2.14015000e+03  9.71200543e+16  3.71794042e+16  5.22918933e+10  3.01285998e+10  1.83909316e+12  9.35451909e+09
 2.14017500e+03  9.70071695e+16  3.72271694e+16  5.22311133e+10  3.01673067e+10  1.83909316e+12  9.35451909e+09
 2.14020000e+03  9.68944158e+16  3.72747200e+16  5.21704039e+10  3.02058397e+10  1.83909316e+12  9.35451909e+09
 2.14022500e+03  9.67817933e+16  3.73220565e+16  5.21097650e+10  3.02441992e+10  1.83909316e+12  9.35451909e+09
 2.14025000e+03  9.66693016e+16  3.73691794e+16  5.20491967e+10  3.02823856e+10  1.83909316e+12  9.35451909e+09
 2.14025000e+03  9.66693016e+16  0.00000000e+00  5.20491967e+10  0.00000000e+00  1.85903795e+12  9.34516457e+09
 2.14120000e+03  9.24901307e+16  4.04222461e+15  4.97990254e+10  3.27564603e+09  1.85903795e+12  9.34516457e+09
 2.14215000e+03  8.84916322e+16  7.64957892e+15  4.76461327e+10  6.19889177e+09  1.85903795e+12  9.34516457e+09
 2.14310000e+03  8.46659953e+16  1.08576018e+16  4.55863130e+10  8.79853637e+09  1.85903795e+12  9.34516457e+09
 2.14405000e+03  8.10057468e+16  1.36992185e+16  4.36155427e+10  1.11012611e+10  1.85903795e+12  9.34516457e+09
 2.14500000e+03  7.75037369e+16  1.62049231e+16  4.17299720e+10  1.31317770e+10  1.85903795e+12  9.34516457e+09
 2.14595000e+03  7.41531245e+16  1.84029484e+16  3.99259175e+10  1.49129628e+10  1.85903795e+12  9.34516457e+09
 2.14690000e+03  7.09473645e+16  2.03194244e+16  3.81998553e+10  1.64659930e+10  1.85903795e+12  9.34516457e+09
 2.14785000e+03  6.78801948e+16  2.19785258e+16  3.65484135e+10  1.78104578e+10  1.85903795e+12  9.34516457e+09
 2.14880000e+03  6.49456237e+16  2.34026098e+16  3.49683663e+10  1.89644746e+10  1.85903795e+12  9.34516457e+09
 2.14975000e+03  6.21379190e+16  2.46123447e+16  3.34566270e+10  1.99447920e+10  1.85903795e+12  9.34516457e+09
 2.14975000e+03  6.21379190e+16  0.00000000e+00  3.34566270e+10  0.00000000e+00  1.85903795e+12  9.34516457e+09
 2.14977500e+03  6.20656947e+16  7.21611227e+13  3.34177396e+10  5.84762893e+07  1.85903795e+12  9.34516457e+09
 2.14980000e+03  6.19935543e+16  1.44112173e+14  3.33788974e+10  1.16782344e+08  1.85903795e+12  9.34516457e+09
 2.14982500e+03  6.19214978e+16  2.15853615e+14  3.33401004e+10  1.74918542e+08  1.85903795e+12  9.34516457e+09
 2.14985000e+03  6.18495250e+16  2.87385913e+14  3.33013484e+10  2.32885259e+08  1.85903795e+12  9.34516457e+09
 2.14987500e+03  6.17776359e+16  3.58709530e+14  3.32626415e+10  2.90682869e+08  1.85903795e+12  9.34516457e+09
 2.14990000e+03  6.17058304e+16  4.29824928e+14  3.32239796e+10  3.48311748e+08  1.85903795e+12  9.34516457e+09
 2.14992500e+03  6.16341083e+16  5.00732568e+14  3.31853626e+10  4.05772269e+08  1.85903795e+12  9.34516457e+09
 2.14995000e+03  6.15624696e+16  5.71432911e+14  3.31467905e+10  4.63064805e+08  1.85903795e+12  9.34516457e+09
 2.14997500e+03  6.14909142e+16  6.41926416e+14  3.31082633e+10  5.20189728e+08  1.85903795e+12  9.34516457e+09
 2.15000000e+03  6.14194419e+16  7.12213542e+14  3.30697808e+10  5.77147410e+08  1.85903795e+12  9.34516457e+09
 2.15000000e+03  6.14194419e+16  7.12213542e+14  3.30697808e+10  5.77147410e+08  1.85903795e+12  9.34516457e+09
 2.15150000e+03  6.62747392e+16  4.87516682e+15  3.56839956e+10  3.95062680e+09  1.85903795e+12  9.34516457e+09
 2.15300000e+03  7.08027849e+16  8.93355595e+15  3.81220099e+10  7.23937186e+09  1.85903795e+12  9.34516457e+09
 2.15450000e+03  7.50256359e+16  1.28768799e+16  4.03956997e+10  1.04348731e+10  1.85903795e+12  9.34516457e+09
 2.15600000e+03  7.89638628e+16  1.66970951e+16  4.25161407e+10  1.35306122e+10  1.85903795e+12  9.34516457e+09
 2.15750000e+03  8.26366494e+16  2.03882751e+16  4.44936619e+10  1.65217866e+10  1.85903795e+12  9.34516457e+09
 2.15900000e+03  8.60618867e+16  2.39463110e+16  4.63378963e+10  1.94050668e+10  1.85903795e+12  9.34516457e+09
 2.16050000e+03  8.92562598e+16  2.73686475e+16  4.80578275e+10  2.21783820e+10  1.85903795e+12  9.34516457e+09
 2.16200000e+03  9.22353290e+16  3.06540511e+16  4.96618337e+10  2.48407326e+10  1.85903795e+12  9.34516457e+09
 2.16350000e+03  9.50136062e+16  3.38024061e+16  5.11577284e+10  2.73920249e+10  1.85903795e+12  9.34516457e+09
 2.16500000e+03  9.76046248e+16  3.68145363e+16  5.25527983e+10  2.98329265e+10  1.85903795e+12  9.34516457e+09
 2.16500000e+03  9.76046248e+16  3.68145363e+16  5.25527983e+10  2.98329265e+10  1.85903795e+12  9.33581940e+09
 2.16502500e+03  9.74911767e+16  3.68635023e+16  5.24917150e+10  2.98726065e+10  1.85903795e+12  9.33581940e+09
 2.16505000e+03  9.73778605e+16  3.69122510e+16  5.24307027e+10  2.99121104e+10  1.85903795e+12  9.33581940e+09
 2.16507500e+03  9.72646760e+16  3.69607828e+16  5.23697613e+10  2.99514385e+10  1.85903795e+12  9.33581940e+09
 2.16510000e+03  9.71516231e+16  3.70090983e+16  5.23088908e+10  2.99905913e+10  1.85903795e+12  9.33581940e+09
 2.16512500e+03  9.70387016e+16  3.70571981e+16  5.22480910e+10  3.00295693e+10  1.85903795e+12  9.33581940e+09
 2.16515000e+03  9.69259113e+16  3.71050825e+16  5.21873618e+10  3.00683728e+10  1.85903795e+12  9.33581940e+09
 2.16517500e+03  9.68132521e+16  3.71527523e+16  5.21267033e+10  3.01070023e+10  1.85903795e+12  9.33581940e+09
 2.16520000e+03  9.67007239e+16  3.72002078e+16  5.20661152e+10  3.01454582e+10  1.85903795e+12  9.33581940e+09
 2.16522500e+03  9.65883265e+16  3.72474497e+16  5.20055976e+10  3.01837410e+10  1.85903795e+12  9.33581940e+09
 2.16525000e+03  9.64760597e+16  3.72944784e+16  5.19451503e+10  3.02218511e+10  1.85903795e+12  9.33581940e+09
 2.16525000e+03  9.64760597e+16  0.00000000e+00  5.19451503e+10  0.00000000e+00  1.87894287e+12  9.32648358e+09
 2.16620000e+03  9.23052430e+16  4.03414420e+15  4.96994772e+10  3.26909802e+09  1.87894287e+12  9.32648358e+09
 2.16715000e+03  8.83147374e+16  7.63428741e+15  4.75508881e+10  6.18650018e+09  1.87894287e+12  9.32648358e+09
 2.16810000e+03  8.44967480e+16  1.08358974e+16  4.54951860e+10  8.78094809e+09  1.87894287e+12  9.32648358e+09
 2.16905000e+03  8.08438163e+16  1.36718338e+16  4.35283552e+10  1.10790697e+10  1.87894287e+12  9.32648358e+09
 2.17000000e+03  7.73488069e+16  1.61725295e+16  4.16465537e+10  1.31055266e+10  1.87894287e+12  9.32648358e+09
 2.17095000e+03  7.40048924e+16  1.83661610e+16  3.98461056e+10  1.48831518e+10  1.87894287e+12  9.32648358e+09
 2.17190000e+03  7.08055408e+16  2.02788059e+16  3.81234938e+10  1.64330774e+10  1.87894287e+12  9.32648358e+09
 2.17285000e+03  6.77445023e+16  2.19345907e+16  3.64753532e+10  1.77748547e+10  1.87894287e+12  9.32648358e+09
 2.17380000e+03  6.48157974e+16  2.33558280e+16  3.48984645e+10  1.89265647e+10  1.87894287e+12  9.32648358e+09
 2.17475000e+03  6.20137053e+16  2.45631446e+16  3.33897472e+10  1.99049224e+10  1.87894287e+12  9.32648358e+09
 2.17475000e+03  6.20137053e+16  0.00000000e+00  3.33897472e+10  0.00000000e+00  1.87894287e+12  9.32648358e+09
 2.17477500e+03  6.19416254e+16  7.20168727e+13  3.33509376e+10  5.83593952e+07  1.87894287e+12  9.32648358e+09
 2.17480000e+03  6.18696292e+16  1.43824092e+14  3.33121730e+10  1.16548897e+08  1.87894287e+12  9.32648358e+09
 2.17482500e+03  6.17977167e+16  2.15422123e+14  3.32734535e+10  1.74568880e+08  1.87894287e+12  9.32648358e+09
 2.17485000e+03  6.17258878e+16  2.86811428e+14  3.32347790e+10  2.32419721e+08  1.87894287e+12  9.32648358e+09
 2.17487500e+03  6.16541425e+16  3.57992469e+14  3.31961495e+10  2.90101794e+08  1.87894287e+12  9.32648358e+09
 2.17490000e+03  6.15824805e+16  4.28965708e+14  3.31575649e+10  3.47615473e+08  1.87894287e+12  9.32648358e+09
 2.17492500e+03  6.15109017e+16  4.99731604e+14  3.31190251e+10  4.04961130e+08  1.87894287e+12  9.32648358e+09
 2.17495000e+03  6.14394062e+16  5.70290617e+14  3.30805301e+10  4.62139138e+08  1.87894287e+12  9.32648358e+09
 2.17497500e+03  6.13679938e+16  6.40643206e+14  3.30420798e+10  5.19149869e+08  1.87894287e+12  9.32648358e+09
 2.17500000e+03  6.12966644e+16  7.10789827e+14  3.30036743e+10  5.75993692e+08  1.87894287e+12  9.32648358e+09
 2.17500000e+03  6.12966644e+16  7.10789827e+14  3.30036743e+10  5.75993692e+08  1.87894287e+12  9.32648358e+09
 2.17650000e+03  6.61422560e+16  4.86542137e+15  3.56126633e+10  3.94272950e+09  1.87894287e+12  9.32648358e+09
 2.17800000e+03  7.06612501e+16  8.91569777e+15  3.80458040e+10  7.22490036e+09  1.87894287e+12  9.32648358e+09
 2.17950000e+03  7.48756597e+16  1.28511391e+16  4.03149487e+10  1.04140138e+10  1.87894287e+12  9.32648358e+09
 2.18100000e+03  7.88060140e+16  1.66637176e+16  4.24311509e+10  1.35035645e+10  1.87894287e+12  9.32648358e+09
 2.18250000e+03  8.24714588e+16  2.03475190e+16  4.44047191e+10  1.64887596e+10  1.87894287e+12  9.32648358e+09
 2.18400000e+03  8.58898490e+16  2.38984423e+16  4.62452668e+10  1.93662761e+10  1.87894287e+12  9.32648358e+09
 2.18550000e+03  8.90778365e+16  2.73139376e+16  4.79617599e+10  2.21340474e+10  1.87894287e+12  9.32648358e+09
 2.18700000e+03  9.20509506e+16  3.05927736e+16  4.95625597e+10  2.47910760e+10  1.87894287e+12  9.32648358e+09
 2.18850000e+03  9.48236740e+16  3.37348350e+16  5.10554641e+10  2.73372683e+10  1.87894287e+12  9.32648358e+09
 2.19000000e+03  9.74095131e+16  3.67409440e+16  5.24477453e+10  2.97732905e+10  1.87894287e+12  9.32648358e+09
 2.19000000e+03  9.74095131e+16  3.67409440e+16  5.24477453e+10  2.97732905e+10  1.87894287e+12  9.31715710e+09
 2.19002500e+03  9.72962919e+16  3.67898122e+16  5.23867841e+10  2.98128912e+10  1.87894287e+12  9.31715710e+09
 2.19005000e+03  9.71832022e+16  3.68384634e+16  5.23258938e+10  2.98523160e+10  1.87894287e+12  9.31715710e+09
 2.19007500e+03  9.70702439e+16  3.68868982e+16  5.22650742e+10  2.98915655e+10  1.87894287e+12  9.31715710e+09
 2.19010000e+03  9.69574170e+16  3.69351172e+16  5.22043253e+10  2.99306401e+10  1.87894287e+12  9.31715710e+09
 2.19012500e+03  9.68447212e+16  3.69831207e+16  5.21436470e+10  2.99695401e+10  1.87894287e+12  9.31715710e+09
 2.19015000e+03  9.67321564e+16  3.70309095e+16  5.20830393e+10  3.00082661e+10  1.87894287e+12  9.31715710e+09
 2.19017500e+03  9.66197224e+16  3.70784839e+16  5.20225020e+10  3.00468184e+10  1.87894287e+12  9.31715710e+09
 2.19020000e+03  9.65074191e+16  3.71258446e+16  5.19620351e+10  3.00851975e+10  1.87894287e+12  9.31715710e+09
 2.19022500e+03  9.63952464e+16  3.71729920e+16  5.19016384e+10  3.01234037e+10  1.87894287e+12  9.31715710e+09
 2.19025000e+03  9.62832040e+16  3.72199267e+16  5.18413120e+10  3.01614376e+10  1.87894287e+12  9.31715710e+09
 2.19025000e+03  9.62832040e+16  0.00000000e+00  5.18413120e+10  0.00000000e+00  1.89880800e+12  9.30783994e+09
 2.19120000e+03  9.21207248e+16  4.02607995e+15  4.96001279e+10  3.26256309e+09  1.89880800e+12  9.30783994e+09
 2.19215000e+03  8.81381963e+16  7.61902647e+15  4.74558338e+10  6.17413337e+09  1.89880800e+12  9.30783994e+09
 2.19310000e+03  8.43278390e+16  1.08142365e+16  4.54042411e+10  8.76339498e+09  1.89880800e+12  9.30783994e+09
 2.19405000e+03  8.06822096e+16  1.36445038e+16  4.34413420e+10  1.10569226e+10  1.89880800e+12  9.30783994e+09
 2.19500000e+03  7.71941866e+16  1.61402006e+16  4.15633023e+10  1.30793286e+10  1.89880800e+12  9.30783994e+09
 2.19595000e+03  7.38569566e+16  1.83294470e+16  3.97664532e+10  1.48534003e+10  1.89880800e+12  9.30783994e+09
 2.19690000e+03  7.06640005e+16  2.02382685e+16  3.80472849e+10  1.64002277e+10  1.89880800e+12  9.30783994e+09
 2.19785000e+03  6.76090810e+16  2.18907435e+16  3.64024390e+10  1.77393227e+10  1.89880800e+12  9.30783994e+09
 2.19880000e+03  6.46862307e+16  2.33091397e+16  3.48287025e+10  1.88887305e+10  1.89880800e+12  9.30783994e+09
 2.19975000e+03  6.18897399e+16  2.45140429e+16  3.33230011e+10  1.98651325e+10  1.89880800e+12  9.30783994e+09
 2.19975000e+03  6.18897399e+16  0.00000000e+00  3.33230011e+10  0.00000000e+00  1.89880800e+12  9.30783994e+09
 2.19977500e+03  6.18178040e+16  7.18729109e+13  3.32842690e+10  5.82427347e+07  1.89880800e+12  9.30783994e+09
 2.19980000e+03  6.17459518e+16  1.43536588e+14  3.32455820e+10  1.16315915e+08  1.89880800e+12  9.30783994e+09
 2.19982500e+03  6.16741831e+16  2.14991494e+14  3.32069399e+10  1.74219917e+08  1.89880800e+12  9.30783994e+09
 2.19985000e+03  6.16024978e+16  2.86238092e+14  3.31683427e+10  2.31955114e+08  1.89880800e+12  9.30783994e+09
 2.19987500e+03  6.15308958e+16  3.57276842e+14  3.31297904e+10  2.89521881e+08  1.89880800e+12  9.30783994e+09
 2.19990000e+03  6.14593771e+16  4.28108205e+14  3.30912829e+10  3.46920590e+08  1.89880800e+12  9.30783994e+09
 2.19992500e+03  6.13879414e+16  4.98732641e+14  3.30528201e+10  4.04151613e+08  1.89880800e+12  9.30783994e+09
 2.19995000e+03  6.13165889e+16  5.69150606e+14  3.30144021e+10  4.61215322e+08  1.89880800e+12  9.30783994e+09
 2.19997500e+03  6.12453192e+16  6.39362560e+14  3.29760287e+10  5.18112088e+08  1.89880800e+12  9.30783994e+09
 2.20000000e+03  6.11741324e+16  7.09368958e+14  3.29376999e+10  5.74842281e+08  1.89880800e+12  9.30783994e+09
 2.20000000e+03  6.11741324e+16  7.09368958e+14  3.29376999e+10  5.74842281e+08  1.89880800e+12  9.30783994e+09
 2.20150000e+03  6.60100376e+16  4.85569539e+15  3.55414736e+10  3.93484798e+09  1.89880800e+12  9.30783994e+09
 2.20300000e+03  7.05199983e+16  8.89787529e+15  3.79697505e+10  7.21045778e+09  1.89880800e+12  9.30783994e+09
 2.20450000e+03  7.47259832e+16  1.28254496e+16  4.02343592e+10  1.03931961e+10  1.89880800e+12  9.30783994e+09
 2.20600000e+03  7.86484808e+16  1.66304069e+16  4.23463310e+10  1.34765708e+10  1.89880800e+12  9.30783994e+09
 2.20750000e+03  8.23065983e+16  2.03068443e+16  4.43159540e+10  1.64557985e+10  1.89880800e+12  9.30783994e+09
 2.20900000e+03  8.57181552e+16  2.38506693e+16  4.61528225e+10  1.93275629e+10  1.89880800e+12  9.30783994e+09
 2.21050000e+03  8.88997699e+16  2.72593370e+16  4.78658843e+10  2.20898015e+10  1.89880800e+12  9.30783994e+09
 2.21200000e+03  9.18669408e+16  3.05316187e+16  4.94634842e+10  2.47415187e+10  1.89880800e+12  9.30783994e+09
 2.21350000e+03  9.46341214e+16  3.36673991e+16  5.09534042e+10  2.72826211e+10  1.89880800e+12  9.30783994e+09
 2.21500000e+03  9.72147915e+16  3.66674989e+16  5.23429023e+10  2.97137737e+10  1.89880800e+12  9.30783994e+09
 2.21500000e+03  9.72147915e+16  3.66674989e+16  5.23429023e+10  2.97137737e+10  1.89880800e+12  9.29853210e+09
 2.21502500e+03  9.71017966e+16  3.67162694e+16  5.22820629e+10  2.97532952e+10  1.89880800e+12  9.29853210e+09
 2.21505000e+03  9.69889330e+16  3.67648233e+16  5.22212943e+10  2.97926413e+10  1.89880800e+12  9.29853210e+09
 2.21507500e+03  9.68762005e+16  3.68131613e+16  5.21605963e+10  2.98318123e+10  1.89880800e+12  9.29853210e+09
 2.21510000e+03  9.67635991e+16  3.68612839e+16  5.20999689e+10  2.98708088e+10  1.89880800e+12  9.29853210e+09
 2.21512500e+03  9.66511286e+16  3.69091915e+16  5.20394119e+10  2.99096310e+10  1.89880800e+12  9.29853210e+09
 2.21515000e+03  9.65387888e+16  3.69568847e+16  5.19789253e+10  2.99482796e+10  1.89880800e+12  9.29853210e+09
 2.21517500e+03  9.64265796e+16  3.70043640e+16  5.19185090e+10  2.99867548e+10  1.89880800e+12  9.29853210e+09
 2.21520000e+03  9.63145008e+16  3.70516300e+16  5.18581630e+10  3.00250572e+10  1.89880800e+12  9.29853210e+09
 2.21522500e+03  9.62025523e+16  3.70986832e+16  5.17978871e+10  3.00631871e+10  1.89880800e+12  9.29853210e+09
 2.21525000e+03  9.60907339e+16  3.71455241e+16  5.17376812e+10  3.01011449e+10  1.89880800e+12  9.29853210e+09
 2.21525000e+03  9.60907339e+16  0.00000000e+00  5.17376812e+10  0.00000000e+00  1.91863343e+12  9.28923357e+09
 2.21620000e+03  9.19365754e+16  4.01803181e+15  4.95009772e+10  3.25604123e+09  1.91863343e+12  9.28923357e+09
 2.21715000e+03  8.79620080e+16  7.60379604e+15  4.73609696e+10  6.16179128e+09  1.91863343e+12  9.28923357e+09
 2.21810000e+03  8.41592676e+16  1.07926188e+16  4.53134780e+10  8.74587695e+09  1.91863343e+12  9.28923357e+09
 2.21905000e+03  8.05209258e+16  1.36172284e+16  4.33545028e+10  1.10348198e+10  1.91863343e+12  9.28923357e+09
 2.22000000e+03  7.70398755e+16  1.61079363e+16  4.14802172e+10  1.30531831e+10  1.91863343e+12  9.28923357e+09
 2.22095000e+03  7.37093166e+16  1.82928064e+16  3.96869601e+10  1.48237084e+10  1.91863343e+12  9.28923357e+09
 2.22190000e+03  7.05227431e+16  2.01978122e+16  3.79712284e+10  1.63674437e+10  1.91863343e+12  9.28923357e+09
 2.22285000e+03  6.74739305e+16  2.18469839e+16  3.63296705e+10  1.77038618e+10  1.91863343e+12  9.28923357e+09
 2.22380000e+03  6.45569229e+16  2.32625448e+16  3.47590799e+10  1.88509719e+10  1.91863343e+12  9.28923357e+09
 2.22475000e+03  6.17660223e+16  2.44650393e+16  3.32563884e+10  1.98254221e+10  1.91863343e+12  9.28923357e+09
 2.22475000e+03  6.17660223e+16  0.00000000e+00  3.32563884e+10  0.00000000e+00  1.91863343e+12  9.28923357e+09
 2.22477500e+03  6.16942303e+16  7.17292370e+13  3.32177338e+10  5.81263075e+07  1.91863343e+12  9.28923357e+09
 2.22480000e+03  6.16225217e+16  1.43249658e+14  3.31791241e+10  1.16083400e+08  1.91863343e+12  9.28923357e+09
 2.22482500e+03  6.15508964e+16  2.14561726e+14  3.31405592e+10  1.73871651e+08  1.91863343e+12  9.28923357e+09
 2.22485000e+03  6.14793544e+16  2.85665902e+14  3.31020392e+10  2.31491436e+08  1.91863343e+12  9.28923357e+09
 2.22487500e+03  6.14078956e+16  3.56562646e+14  3.30635639e+10  2.88943127e+08  1.91863343e+12  9.28923357e+09
 2.22490000e+03  6.13365198e+16  4.27252417e+14  3.30251334e+10  3.46227095e+08  1.91863343e+12  9.28923357e+09
 2.22492500e+03  6.12652270e+16  4.97735674e+14  3.29867476e+10  4.03343714e+08  1.91863343e+12  9.28923357e+09
 2.22495000e+03  6.11940170e+16  5.68012874e+14  3.29484063e+10  4.60293353e+08  1.91863343e+12  9.28923357e+09
 2.22497500e+03  6.11228898e+16  6.38084474e+14  3.29101096e+10  5.17076382e+08  1.91863343e+12  9.28923357e+09
 2.22500000e+03  6.10518453e+16  7.07950929e+14  3.28718575e+10  5.73693171e+08  1.91863343e+12  9.28923357e+09
 2.22500000e+03  6.10518453e+16  7.07950929e+14  3.28718575e+10  5.73693171e+08  1.91863343e+12  9.28923357e+09
 2.22650000e+03  6.58780836e+16  4.84598885e+15  3.54704262e+10  3.92698222e+09  1.91863343e+12  9.28923357e+09
 2.22800000e+03  7.03790288e+16  8.88008844e+15  3.78938489e+10  7.19604408e+09  1.91863343e+12  9.28923357e+09
 2.22950000e+03  7.45766060e+16  1.27998116e+16  4.01539307e+10  1.03724201e+10  1.91863343e+12  9.28923357e+09
 2.23100000e+03  7.84912625e+16  1.65971627e+16  4.22616807e+10  1.34496312e+10  1.91863343e+12  9.28923357e+09
 2.23250000e+03  8.21420674e+16  2.02662509e+16  4.42273664e+10  1.64229034e+10  1.91863343e+12  9.28923357e+09
 2.23400000e+03  8.55468046e+16  2.38029918e+16  4.60605630e+10  1.92889271e+10  1.91863343e+12  9.28923357e+09
 2.23550000e+03  8.87220593e+16  2.72048456e+16  4.77702004e+10  2.20456440e+10  1.91863343e+12  9.28923357e+09
 2.23700000e+03  9.16832987e+16  3.04705860e+16  4.93646067e+10  2.46920604e+10  1.91863343e+12  9.28923357e+09
 2.23850000e+03  9.44449478e+16  3.36000980e+16  5.08515484e+10  2.72280831e+10  1.91863343e+12  9.28923357e+09
 2.24000000e+03  9.70204592e+16  3.65942005e+16  5.22382688e+10  2.96543759e+10  1.91863343e+12  9.28923357e+09
 2.24000000e+03  9.70204592e+16  3.65942005e+16  5.22382688e+10  2.96543759e+10  1.91863343e+12  9.27994434e+09
 2.24002500e+03  9.69076901e+16  3.66428735e+16  5.21775511e+10  2.96938184e+10  1.91863343e+12  9.27994434e+09
 2.24005000e+03  9.67950521e+16  3.66913304e+16  5.21169039e+10  2.97330858e+10  1.91863343e+12  9.27994434e+09
 2.24007500e+03  9.66825450e+16  3.67395718e+16  5.20563273e+10  2.97721785e+10  1.91863343e+12  9.27994434e+09
 2.24010000e+03  9.65701687e+16  3.67875981e+16  5.19958210e+10  2.98110970e+10  1.91863343e+12  9.27994434e+09
 2.24012500e+03  9.64579230e+16  3.68354100e+16  5.19353851e+10  2.98498417e+10  1.91863343e+12  9.27994434e+09
 2.24015000e+03  9.63458078e+16  3.68830079e+16  5.18750194e+10  2.98884130e+10  1.91863343e+12  9.27994434e+09
 2.24017500e+03  9.62338229e+16  3.69303923e+16  5.18147239e+10  2.99268113e+10  1.91863343e+12  9.27994434e+09
 2.24020000e+03  9.61219681e+16  3.69775638e+16  5.17544985e+10  2.99650371e+10  1.91863343e+12  9.27994434e+09
 2.24022500e+03  9.60102434e+16  3.70245230e+16  5.16943431e+10  3.00030907e+10  1.91863343e+12  9.27994434e+09
 2.24025000e+03  9.58986485e+16  3.70712702e+16  5.16342576e+10  3.00409727e+10  1.91863343e+12  9.27994434e+09
 2.24025000e+03  9.58986485e+16  0.00000000e+00  5.16342576e+10  0.00000000e+00  1.93841922e+12  9.27066439e+09
 2.24120000e+03  9.17527942e+16  4.00999977e+15  4.94020248e+10  3.24953240e+09  1.93841922e+12  9.27066439e+09
 2.24215000e+03  8.77861720e+16  7.58859605e+15  4.72662950e+10  6.14947386e+09  1.93841922e+12  9.27066439e+09
 2.24310000e+03  8.39910332e+16  1.07710444e+16  4.52228964e+10  8.72839394e+09  1.93841922e+12  9.27066439e+09
 2.24405000e+03  8.03599645e+16  1.35900076e+16  4.32678371e+10  1.10127612e+10  1.93841922e+12  9.27066439e+09
 2.24500000e+03  7.68858728e+16  1.60757366e+16  4.13972983e+10  1.30270897e+10  1.93841922e+12  9.27066439e+09
 2.24595000e+03  7.35619716e+16  1.82562391e+16  3.96076259e+10  1.47940758e+10  1.93841922e+12  9.27066439e+09
 2.24690000e+03  7.03817682e+16  2.01574368e+16  3.78953239e+10  1.63347251e+10  1.93841922e+12  9.27066439e+09
 2.24785000e+03  6.73390501e+16  2.18033117e+16  3.62570475e+10  1.76684718e+10  1.93841922e+12  9.27066439e+09
 2.24880000e+03  6.44278736e+16  2.32160429e+16  3.46895965e+10  1.88132888e+10  1.93841922e+12  9.27066439e+09
 2.24975000e+03  6.16425520e+16  2.44161337e+16  3.31899089e+10  1.97857910e+10  1.93841922e+12  9.27066439e+09
 2.24975000e+03  6.16425520e+16  0.00000000e+00  3.31899089e+10  0.00000000e+00  1.93841922e+12  9.27066439e+09
 2.24977500e+03  6.15709035e+16  7.15858502e+13  3.31513315e+10  5.80101130e+07  1.93841922e+12  9.27066439e+09
 2.24980000e+03  6.14993382e+16  1.42963302e+14  3.31127990e+10  1.15851349e+08  1.93841922e+12  9.27066439e+09
 2.24982500e+03  6.14278562e+16  2.14132818e+14  3.30743112e+10  1.73524082e+08  1.93841922e+12  9.27066439e+09
 2.24985000e+03  6.13564572e+16  2.85094856e+14  3.30358682e+10  2.31028685e+08  1.93841922e+12  9.27066439e+09
 2.24987500e+03  6.12851412e+16  3.55849877e+14  3.29974699e+10  2.88365529e+08  1.93841922e+12  9.27066439e+09
 2.24990000e+03  6.12139081e+16  4.26398340e+14  3.29591162e+10  3.45534987e+08  1.93841922e+12  9.27066439e+09
 2.24992500e+03  6.11427578e+16  4.96740700e+14  3.29208070e+10  4.02537430e+08  1.93841922e+12  9.27066439e+09
 2.24995000e+03  6.10716902e+16  5.66877416e+14  3.28825424e+10  4.59373226e+08  1.93841922e+12  9.27066439e+09
 2.24997500e+03  6.10007051e+16  6.36808943e+14  3.28443223e+10  5.16042746e+08  1.93841922e+12  9.27066439e+09
 2.25000000e+03  6.09298027e+16  7.06535736e+14  3.28061466e+10  5.72546358e+08  1.93841922e+12  9.27066439e+09
 2.25000000e+03  6.09298027e+16  7.06535736e+14  3.28061466e+10  5.72546358e+08  1.93841922e+12  9.27066439e+09
 2.25150000e+03  6.57463933e+16  4.83630172e+15  3.53995208e+10  3.91913218e+09  1.93841922e+12  9.27066439e+09
 2.25300000e+03  7.02383411e+16  8.86233714e+15  3.78180991e+10  7.18165919e+09  1.93841922e+12  9.27066439e+09
 2.25450000e+03  7.44275274e+16  1.27742247e+16  4.00736630e+10  1.03516857e+10  1.93841922e+12  9.27066439e+09
 2.25600000e+03  7.83343585e+16  1.65639850e+16  4.21771996e+10  1.34227454e+10  1.93841922e+12  9.27066439e+09
 2.25750000e+03  8.19778654e+16  2.02257386e+16  4.41389559e+10  1.63900740e+10  1.93841922e+12  9.27066439e+09
 2.25900000e+03  8.53757966e+16  2.37554097e+16  4.59684880e+10  1.92503685e+10  1.93841922e+12  9.27066439e+09
 2.26050000e+03  8.85447039e+16  2.71504631e+16  4.76747078e+10  2.20015747e+10  1.93841922e+12  9.27066439e+09
 2.26200000e+03  9.15000238e+16  3.04096753e+16  4.92659268e+10  2.46427009e+10  1.93841922e+12  9.27066439e+09
 2.26350000e+03  9.42561524e+16  3.35329314e+16  5.07498961e+10  2.71736542e+10  1.93841922e+12  9.27066439e+09
 2.26500000e+03  9.68265153e+16  3.65210487e+16  5.21338445e+10  2.95950968e+10  1.93841922e+12  9.27066439e+09
 2.26500000e+03  9.68265153e+16  3.65210487e+16  5.21338445e+10  2.95950968e+10  1.93841922e+12  9.26139373e+09
 2.26502500e+03  9.67139716e+16  3.65696244e+16  5.20732482e+10  2.96344604e+10  1.93841922e+12  9.26139373e+09
 2.26505000e+03  9.66015588e+16  3.66179845e+16  5.20127222e+10  2.96736493e+10  1.93841922e+12  9.26139373e+09
 2.26507500e+03  9.64892766e+16  3.66661294e+16  5.19522667e+10  2.97126639e+10  1.93841922e+12  9.26139373e+09
 2.26510000e+03  9.63771249e+16  3.67140597e+16  5.18918814e+10  2.97515046e+10  1.93841922e+12  9.26139373e+09
 2.26512500e+03  9.62651036e+16  3.67617760e+16  5.18315663e+10  2.97901718e+10  1.93841922e+12  9.26139373e+09
 2.26515000e+03  9.61532125e+16  3.68092787e+16  5.17713213e+10  2.98286660e+10  1.93841922e+12  9.26139373e+09
 2.26517500e+03  9.60414515e+16  3.68565685e+16  5.17111463e+10  2.98669876e+10  1.93841922e+12  9.26139373e+09
 2.26520000e+03  9.59298203e+16  3.69036457e+16  5.16510413e+10  2.99051370e+10  1.93841922e+12  9.26139373e+09
 2.26522500e+03  9.58183189e+16  3.69505109e+16  5.15910061e+10  2.99431146e+10  1.93841922e+12  9.26139373e+09
 2.26525000e+03  9.57069471e+16  3.69971647e+16  5.15310407e+10  2.99809208e+10  1.93841922e+12  9.26139373e+09
 2.26525000e+03  9.57069471e+16  0.00000000e+00  5.15310407e+10  0.00000000e+00  1.95816546e+12  9.25213233e+09
 2.26620000e+03  9.15693804e+16  4.00198378e+15  4.93032701e+10  3.24303658e+09  1.95816546e+12  9.25213233e+09
 2.26715000e+03  8.76106874e+16  7.57342645e+15  4.71718097e+10  6.13718106e+09  1.95816546e+12  9.25213233e+09
 2.26810000e+03  8.38231352e+16  1.07495131e+16  4.51324958e+10  8.71094588e+09  1.95816546e+12  9.25213233e+09
 2.26905000e+03  8.01993249e+16  1.35628411e+16  4.31813447e+10  1.09907467e+10  1.95816546e+12  9.25213233e+09
 2.27000000e+03  7.67321779e+16  1.60436012e+16  4.13145451e+10  1.30010486e+10  1.95816546e+12  9.25213233e+09
 2.27095000e+03  7.34149213e+16  1.82197449e+16  3.95284502e+10  1.47645024e+10  1.95816546e+12  9.25213233e+09
 2.27190000e+03  7.02410750e+16  2.01171421e+16  3.78195711e+10  1.63020720e+10  1.95816546e+12  9.25213233e+09
 2.27285000e+03  6.72044393e+16  2.17597269e+16  3.61845697e+10  1.76331525e+10  1.95816546e+12  9.25213233e+09
 2.27380000e+03  6.42990823e+16  2.31696341e+16  3.46202520e+10  1.87756810e+10  1.95816546e+12  9.25213233e+09
 2.27475000e+03  6.15193286e+16  2.43673258e+16  3.31235623e+10  1.97462392e+10  1.95816546e+12  9.25213233e+09
 2.27475000e+03  6.15193286e+16  0.00000000e+00  3.31235623e+10  0.00000000e+00  1.95816546e+12  9.25213233e+09
 2.27477500e+03  6.14478232e+16  7.14427501e+13  3.30850620e+10  5.78941508e+07  1.95816546e+12  9.25213233e+09
 2.27480000e+03  6.13764011e+16  1.42677519e+14  3.30466065e+10  1.15619762e+08  1.95816546e+12  9.25213233e+09
 2.27482500e+03  6.13050619e+16  2.13704766e+14  3.30081957e+10  1.73177207e+08  1.95816546e+12  9.25213233e+09
 2.27485000e+03  6.12338056e+16  2.84524952e+14  3.29698295e+10  2.30566858e+08  1.95816546e+12  9.25213233e+09
 2.27487500e+03  6.11626322e+16  3.55138533e+14  3.29315079e+10  2.87789087e+08  1.95816546e+12  9.25213233e+09
 2.27490000e+03  6.10915415e+16  4.25545969e+14  3.28932309e+10  3.44844263e+08  1.95816546e+12  9.25213233e+09
 2.27492500e+03  6.10205334e+16  4.95747716e+14  3.28549984e+10  4.01732757e+08  1.95816546e+12  9.25213233e+09
 2.27495000e+03  6.09496078e+16  5.65744228e+14  3.28168102e+10  4.58454939e+08  1.95816546e+12  9.25213233e+09
 2.27497500e+03  6.08787647e+16  6.35535962e+14  3.27786665e+10  5.15011177e+08  1.95816546e+12  9.25213233e+09
 2.27500000e+03  6.08080040e+16  7.05123371e+14  3.27405671e+10  5.71401838e+08  1.95816546e+12  9.25213233e+09
 2.27500000e+03  6.08080040e+16  7.05123371e+14  3.27405671e+10  5.71401838e+08  1.95816546e+12  9.25213233e+09
 2.27650000e+03  6.56149662e+16  4.82663395e+15  3.53287572e+10  3.91129784e+09  1.95816546e+12  9.25213233e+09
 2.27800000e+03  7.00979347e+16  8.84462133e+15  3.77425008e+10  7.16730305e+09  1.95816546e+12  9.25213233e+09
 2.27950000e+03  7.42787467e+16  1.27486891e+16  3.99935557e+10  1.03309927e+10  1.95816546e+12  9.25213233e+09
 2.28100000e+03  7.81777681e+16  1.65308736e+16  4.20928874e+10  1.33959133e+10  1.95816546e+12  9.25213233e+09
 2.28250000e+03  8.18139917e+16  2.01853074e+16  4.40507222e+10  1.63573103e+10  1.95816546e+12  9.25213233e+09
 2.28400000e+03  8.52051303e+16  2.37079226e+16  4.58765970e+10  1.92118870e+10  1.95816546e+12  9.25213233e+09
 2.28550000e+03  8.83677030e+16  2.70961893e+16  4.75794061e+10  2.19575936e+10  1.95816546e+12  9.25213233e+09
 2.28700000e+03  9.13171153e+16  3.03488863e+16  4.91674442e+10  2.45934402e+10  1.95816546e+12  9.25213233e+09
 2.28850000e+03  9.40677343e+16  3.34658991e+16  5.06484471e+10  2.71193341e+10  1.95816546e+12  9.25213233e+09
 2.29000000e+03  9.66329591e+16  3.64480432e+16  5.20296289e+10  2.95359362e+10  1.95816546e+12  9.25213233e+09
 2.29000000e+03  9.66329591e+16  3.64480432e+16  5.20296289e+10  2.95359362e+10  1.95816546e+12  9.24288020e+09
 2.29002500e+03  9.65206404e+16  3.64965218e+16  5.19691537e+10  2.95752211e+10  1.95816546e+12  9.24288020e+09
 2.29005000e+03  9.64084523e+16  3.65447851e+16  5.19087488e+10  2.96143317e+10  1.95816546e+12  9.24288020e+09
 2.29007500e+03  9.62963945e+16  3.65928338e+16  5.18484141e+10  2.96532683e+10  1.95816546e+12  9.24288020e+09
 2.29010000e+03  9.61844671e+16  3.66406683e+16  5.17881495e+10  2.96920314e+10  1.95816546e+12  9.24288020e+09
 2.29012500e+03  9.60726697e+16  3.66882892e+16  5.17279550e+10  2.97306213e+10  1.95816546e+12  9.24288020e+09
 2.29015000e+03  9.59610022e+16  3.67356970e+16  5.16678304e+10  2.97690385e+10  1.95816546e+12  9.24288020e+09
 2.29017500e+03  9.58494646e+16  3.67828922e+16  5.16077757e+10  2.98072835e+10  1.95816546e+12  9.24288020e+09
 2.29020000e+03  9.57380566e+16  3.68298753e+16  5.15477908e+10  2.98453566e+10  1.95816546e+12  9.24288020e+09
 2.29022500e+03  9.56267781e+16  3.68766469e+16  5.14878757e+10  2.98832583e+10  1.95816546e+12  9.24288020e+09
 2.29025000e+03  9.55156289e+16  3.69232074e+16  5.14280301e+10  2.99209890e+10  1.95816546e+12  9.24288020e+09
 2.29025000e+03  9.55156289e+16  0.00000000e+00  5.14280301e+10  0.00000000e+00  1.97787222e+12  9.23363732e+09
 2.29120000e+03  9.13863332e+16  3.99398381e+15  4.92047129e+10  3.23655375e+09  1.97787222e+12  9.23363732e+09
 2.29215000e+03  8.74355536e+16  7.55828717e+15  4.70775133e+10  6.12491283e+09  1.97787222e+12  9.23363732e+09
 2.29310000e+03  8.36555727e+16  1.07280248e+16  4.50422759e+10  8.69353270e+09  1.97787222e+12  9.23363732e+09
 2.29405000e+03  8.00390065e+16  1.35357290e+16  4.30950252e+10  1.09687762e+10  1.97787222e+12  9.23363732e+09
 2.29500000e+03  7.65787903e+16  1.60115300e+16  4.12319573e+10  1.29750595e+10  1.97787222e+12  9.23363732e+09
 2.29595000e+03  7.32681648e+16  1.81833236e+16  3.94494329e+10  1.47349882e+10  1.97787222e+12  9.23363732e+09
 2.29690000e+03  7.01006631e+16  2.00769279e+16  3.77439698e+10  1.62694842e+10  1.97787222e+12  9.23363732e+09
 2.29785000e+03  6.70700976e+16  2.17162292e+16  3.61122367e+10  1.75979039e+10  1.97787222e+12  9.23363732e+09
 2.29880000e+03  6.41705484e+16  2.31233180e+16  3.45510461e+10  1.87381484e+10  1.97787222e+12  9.23363732e+09
 2.29975000e+03  6.13963514e+16  2.43186155e+16  3.30573483e+10  1.97067665e+10  1.97787222e+12  9.23363732e+09
 2.29975000e+03  6.13963514e+16  0.00000000e+00  3.30573483e+10  0.00000000e+00  1.97787222e+12  9.23363732e+09
 2.29977500e+03  6.13249891e+16  7.12999361e+13  3.30189250e+10  5.77784204e+07  1.97787222e+12  9.23363732e+09
 2.29980000e+03  6.12537096e+16  1.42392306e+14  3.29805463e+10  1.15388638e+08  1.97787222e+12  9.23363732e+09
 2.29982500e+03  6.11825131e+16  2.13277570e+14  3.29422123e+10  1.72831026e+08  1.97787222e+12  9.23363732e+09
 2.29985000e+03  6.11113992e+16  2.83956186e+14  3.29039228e+10  2.30105955e+08  1.97787222e+12  9.23363732e+09
 2.29987500e+03  6.10403681e+16  3.54428611e+14  3.28656778e+10  2.87213796e+08  1.97787222e+12  9.23363732e+09
 2.29990000e+03  6.09694195e+16  4.24695303e+14  3.28274773e+10  3.44154919e+08  1.97787222e+12  9.23363732e+09
 2.29992500e+03  6.08985533e+16  4.94756716e+14  3.27893212e+10  4.00929694e+08  1.97787222e+12  9.23363732e+09
 2.29995000e+03  6.08277696e+16  5.64613306e+14  3.27512094e+10  4.57538488e+08  1.97787222e+12  9.23363732e+09
 2.29997500e+03  6.07570681e+16  6.34265526e+14  3.27131420e+10  5.13981670e+08  1.97787222e+12  9.23363732e+09
 2.30000000e+03  6.06864488e+16  7.03713829e+14  3.26751187e+10  5.70259606e+08  1.97787222e+12  9.23363732e+09
 2.30000000e+03  6.06864488e+16  7.03713829e+14  3.26751187e+10  5.70259606e+08  1.97787222e+12  9.23363732e+09
 2.30150000e+03  6.54838019e+16  4.81698551e+15  3.52581350e+10  3.90347915e+09  1.97787222e+12  9.23363732e+09
 2.30300000e+03  6.99578089e+16  8.82694093e+15  3.76670535e+10  7.15297561e+09  1.97787222e+12  9.23363732e+09
 2.30450000e+03  7.41302635e+16  1.27232044e+16  3.99136086e+10  1.03103410e+10  1.97787222e+12  9.23363732e+09
 2.30600000e+03  7.80214907e+16  1.64978283e+16  4.20087437e+10  1.33691349e+10  1.97787222e+12  9.23363732e+09
 2.30750000e+03  8.16504455e+16  2.01449570e+16  4.39626648e+10  1.63246120e+10  1.97787222e+12  9.23363732e+09
 2.30900000e+03  8.50348053e+16  2.36605305e+16  4.57848896e+10  1.91734825e+10  1.97787222e+12  9.23363732e+09
 2.31050000e+03  8.81910560e+16  2.70420241e+16  4.74842948e+10  2.19137004e+10  1.97787222e+12  9.23363732e+09
 2.31200000e+03  9.11345724e+16  3.02882189e+16  4.90691585e+10  2.45442779e+10  1.97787222e+12  9.23363732e+09
 2.31350000e+03  9.38796929e+16  3.33990007e+16  5.05472008e+10  2.70651225e+10  1.97787222e+12  9.23363732e+09
 2.31500000e+03  9.64397898e+16  3.63751835e+16  5.19256217e+10  2.94768938e+10  1.97787222e+12  9.23363732e+09
 2.31500000e+03  9.64397898e+16  3.63751835e+16  5.19256217e+10  2.94768938e+10  1.97787222e+12  9.22440368e+09
 2.31502500e+03  9.63276956e+16  3.64235652e+16  5.18652674e+10  2.95161003e+10  1.97787222e+12  9.22440368e+09
 2.31505000e+03  9.62157318e+16  3.64717321e+16  5.18049832e+10  2.95551327e+10  1.97787222e+12  9.22440368e+09
 2.31507500e+03  9.61038980e+16  3.65196847e+16  5.17447691e+10  2.95939914e+10  1.97787222e+12  9.22440368e+09
 2.31510000e+03  9.59921943e+16  3.65674236e+16  5.16846250e+10  2.96326770e+10  1.97787222e+12  9.22440368e+09
 2.31512500e+03  9.58806204e+16  3.66149493e+16  5.16245508e+10  2.96711898e+10  1.97787222e+12  9.22440368e+09
 2.31515000e+03  9.57691762e+16  3.66622623e+16  5.15645464e+10  2.97095302e+10  1.97787222e+12  9.22440368e+09
 2.31517500e+03  9.56578615e+16  3.67093632e+16  5.15046118e+10  2.97476987e+10  1.97787222e+12  9.22440368e+09
 2.31520000e+03  9.55466762e+16  3.67562524e+16  5.14447468e+10  2.97856957e+10  1.97787222e+12  9.22440368e+09
 2.31522500e+03  9.54356202e+16  3.68029304e+16  5.13849514e+10  2.98235216e+10  1.97787222e+12  9.22440368e+09
 2.31525000e+03  9.53246932e+16  3.68493979e+16  5.13252255e+10  2.98611769e+10  1.97787222e+12  9.22440368e+09
 2.31525000e+03  9.53246932e+16  0.00000000e+00  5.13252255e+10  0.00000000e+00  1.99753959e+12  9.21517928e+09
 2.31620000e+03  9.12036519e+16  3.98599984e+15  4.91063527e+10  3.23008388e+09  1.99753959e+12  9.21517928e+09
 2.31715000e+03  8.72607700e+16  7.54317815e+15  4.69834053e+10  6.11266913e+09  1.99753959e+12  9.21517928e+09
 2.31810000e+03  8.34883452e+16  1.07065795e+16  4.49522364e+10  8.67615433e+09  1.99753959e+12  9.21517928e+09
 2.31905000e+03  7.98790085e+16  1.35086711e+16  4.30088783e+10  1.09468496e+10  1.99753959e+12  9.21517928e+09
 2.32000000e+03  7.64257093e+16  1.59795230e+16  4.11495346e+10  1.29491223e+10  1.99753959e+12  9.21517928e+09
 2.32095000e+03  7.31217018e+16  1.81469752e+16  3.93705734e+10  1.47055330e+10  1.99753959e+12  9.21517928e+09
 2.32190000e+03  6.99605319e+16  2.00367941e+16  3.76685196e+10  1.62369615e+10  1.99753959e+12  9.21517928e+09
 2.32285000e+03  6.69360245e+16  2.16728185e+16  3.60400484e+10  1.75627257e+10  1.99753959e+12  9.21517928e+09
 2.32380000e+03  6.40422715e+16  2.30770945e+16  3.44819786e+10  1.87006909e+10  1.99753959e+12  9.21517928e+09
 2.32475000e+03  6.12736201e+16  2.42700026e+16  3.29912666e+10  1.96673727e+10  1.99753959e+12  9.21517928e+09
 2.32475000e+03  6.12736201e+16  0.00000000e+00  3.29912666e+10  0.00000000e+00  1.99753959e+12  9.21517928e+09
 2.32477500e+03  6.12024004e+16  7.11574075e+13  3.29529201e+10  5.76629213e+07  1.99753959e+12  9.21517928e+09
 2.32480000e+03  6.11312635e+16  1.42107664e+14  3.29146182e+10  1.15157976e+08  1.99753959e+12  9.21517928e+09
 2.32482500e+03  6.10602092e+16  2.12851228e+14  3.28763608e+10  1.72485537e+08  1.99753959e+12  9.21517928e+09
 2.32485000e+03  6.09892376e+16  2.83388558e+14  3.28381479e+10  2.29645973e+08  1.99753959e+12  9.21517928e+09
 2.32487500e+03  6.09183484e+16  3.53720109e+14  3.27999794e+10  2.86639656e+08  1.99753959e+12  9.21517928e+09
 2.32490000e+03  6.08475416e+16  4.23846337e+14  3.27618552e+10  3.43466954e+08  1.99753959e+12  9.21517928e+09
 2.32492500e+03  6.07768171e+16  4.93767697e+14  3.27237754e+10  4.00128235e+08  1.99753959e+12  9.21517928e+09
 2.32495000e+03  6.07061749e+16  5.63484644e+14  3.26857398e+10  4.56623868e+08  1.99753959e+12  9.21517928e+09
 2.32497500e+03  6.06356147e+16  6.32997629e+14  3.26477484e+10  5.12954220e+08  1.99753959e+12  9.21517928e+09
 2.32500000e+03  6.05651366e+16  7.02307105e+14  3.26098012e+10  5.69119657e+08  1.99753959e+12  9.21517928e+09
 2.32500000e+03  6.05651366e+16  7.02307105e+14  3.26098012e+10  5.69119657e+08  1.99753959e+12  9.21517928e+09
 2.32650000e+03  6.53528998e+16  4.80735636e+15  3.51876540e+10  3.89567610e+09  1.99753959e+12  9.21517928e+09
 2.32800000e+03  6.98179632e+16  8.80929588e+15  3.75917571e+10  7.13867681e+09  1.99753959e+12  9.21517928e+09
 2.32950000e+03  7.39820771e+16  1.26977707e+16  3.98338213e+10  1.02897306e+10  1.99753959e+12  9.21517928e+09
 2.33100000e+03  7.78655258e+16  1.64648492e+16  4.19247682e+10  1.33424100e+10  1.99753959e+12  9.21517928e+09
 2.33250000e+03  8.14872263e+16  2.01046872e+16  4.38747834e+10  1.62919791e+10  1.99753959e+12  9.21517928e+09
 2.33400000e+03  8.48648207e+16  2.36132331e+16  4.56933657e+10  1.91351547e+10  1.99753959e+12  9.21517928e+09
 2.33550000e+03  8.80147621e+16  2.69879671e+16  4.73893737e+10  2.18698949e+10  1.99753959e+12  9.21517928e+09
 2.33700000e+03  9.09523944e+16  3.02276728e+16  4.89710693e+10  2.44952139e+10  1.99753959e+12  9.21517928e+09
 2.33850000e+03  9.36920274e+16  3.33322361e+16  5.04461570e+10  2.70110193e+10  1.99753959e+12  9.21517928e+09
 2.34000000e+03  9.62470066e+16  3.63024695e+16  5.18218224e+10  2.94179695e+10  1.99753959e+12  9.21517928e+09
 2.34000000e+03  9.62470066e+16  3.63024695e+16  5.18218224e+10  2.94179695e+10  1.99753959e+12  9.20596410e+09
 2.34002500e+03  9.61351366e+16  3.63507545e+16  5.17615887e+10  2.94570976e+10  1.99753959e+12  9.20596410e+09
 2.34005000e+03  9.60233965e+16  3.63988251e+16  5.17014251e+10  2.94960520e+10  1.99753959e+12  9.20596410e+09
 2.34007500e+03  9.59117863e+16  3.64466819e+16  5.16413313e+10  2.95348330e+10  1.99753959e+12  9.20596410e+09
 2.34010000e+03  9.58003059e+16  3.64943254e+16  5.15813074e+10  2.95734413e+10  1.99753959e+12  9.20596410e+09
 2.34012500e+03  9.56889550e+16  3.65417560e+16  5.15213533e+10  2.96118771e+10  1.99753959e+12  9.20596410e+09
 2.34015000e+03  9.55777336e+16  3.65889745e+16  5.14614689e+10  2.96501409e+10  1.99753959e+12  9.20596410e+09
 2.34017500e+03  9.54666415e+16  3.66359812e+16  5.14016541e+10  2.96882331e+10  1.99753959e+12  9.20596410e+09
 2.34020000e+03  9.53556784e+16  3.66827766e+16  5.13419087e+10  2.97261541e+10  1.99753959e+12  9.20596410e+09
 2.34022500e+03  9.52448444e+16  3.67293614e+16  5.12822329e+10  2.97639044e+10  1.99753959e+12  9.20596410e+09
 2.34025000e+03  9.51341391e+16  3.67757360e+16  5.12226264e+10  2.98014844e+10  1.99753959e+12  9.20596410e+09
 2.34025000e+03  9.51341391e+16  0.00000000e+00  5.12226264e+10  0.00000000e+00  2.01716765e+12  9.19675814e+09
 2.34120000e+03  9.10213358e+16  3.97803183e+15  4.90081891e+10  3.22362695e+09  2.01716765e+12  9.19675814e+09
 2.34215000e+03  8.70863357e+16  7.52809934e+15  4.68894855e+10  6.10044991e+09  2.01716765e+12  9.19675814e+09
 2.34310000e+03  8.33214520e+16  1.06851770e+16  4.48623769e+10  8.65881070e+09  2.01716765e+12  9.19675814e+09
 2.34405000e+03  7.97193304e+16  1.34816673e+16  4.29229035e+10  1.09249669e+10  2.01716765e+12  9.19675814e+09
 2.34500000e+03  7.62729343e+16  1.59475799e+16  4.10672767e+10  1.29232371e+10  2.01716765e+12  9.19675814e+09
 2.34595000e+03  7.29755315e+16  1.81106994e+16  3.92918717e+10  1.46761366e+10  2.01716765e+12  9.19675814e+09
 2.34690000e+03  6.98206808e+16  1.99967406e+16  3.75932203e+10  1.62045038e+10  2.01716765e+12  9.19675814e+09
 2.34785000e+03  6.68022194e+16  2.16294945e+16  3.59680043e+10  1.75276178e+10  2.01716765e+12  9.19675814e+09
 2.34880000e+03  6.39142510e+16  2.30309633e+16  3.44130491e+10  1.86633082e+10  2.01716765e+12  9.19675814e+09
 2.34975000e+03  6.11511341e+16  2.42214869e+16  3.29253171e+10  1.96280576e+10  2.01716765e+12  9.19675814e+09
 2.34975000e+03  6.11511341e+16  0.00000000e+00  3.29253171e+10  0.00000000e+00  2.01716765e+12  9.19675814e+09
 2.34977500e+03  6.10800568e+16  7.10151638e+13  3.28870473e+10  5.75476531e+07  2.01716765e+12  9.19675814e+09
 2.34980000e+03  6.10090621e+16  1.41823591e+14  3.28488219e+10  1.14927776e+08  2.01716765e+12  9.19675814e+09
 2.34982500e+03  6.09381499e+16  2.12425739e+14  3.28106410e+10  1.72140738e+08  2.01716765e+12  9.19675814e+09
 2.34985000e+03  6.08673201e+16  2.82822064e+14  3.27725044e+10  2.29186911e+08  2.01716765e+12  9.19675814e+09
 2.34987500e+03  6.07965726e+16  3.53013022e+14  3.27344122e+10  2.86066663e+08  2.01716765e+12  9.19675814e+09
 2.34990000e+03  6.07259074e+16  4.22999068e+14  3.26963643e+10  3.42780363e+08  2.01716765e+12  9.19675814e+09
 2.34992500e+03  6.06553243e+16  4.92780656e+14  3.26583605e+10  3.99328379e+08  2.01716765e+12  9.19675814e+09
 2.34995000e+03  6.05848232e+16  5.62358238e+14  3.26204010e+10  4.55711077e+08  2.01716765e+12  9.19675814e+09
 2.34997500e+03  6.05144041e+16  6.31732267e+14  3.25824855e+10  5.11928825e+08  2.01716765e+12  9.19675814e+09
 2.35000000e+03  6.04440669e+16  7.00903193e+14  3.25446142e+10  5.67981987e+08  2.01716765e+12  9.19675814e+09
 2.35000000e+03  6.04440669e+16  7.00903193e+14  3.25446142e+10  5.67981987e+08  2.01716765e+12  9.19675814e+09
 2.35150000e+03  6.52222594e+16  4.79774645e+15  3.51173139e+10  3.88788864e+09  2.01716765e+12  9.19675814e+09
 2.35300000e+03  6.96783971e+16  8.79168609e+15  3.75166111e+10  7.12440660e+09  2.01716765e+12  9.19675814e+09
 2.35450000e+03  7.38341870e+16  1.26723879e+16  3.97541935e+10  1.02691615e+10  2.01716765e+12  9.19675814e+09
 2.35600000e+03  7.77098726e+16  1.64319359e+16  4.18409606e+10  1.33157385e+10  2.01716765e+12  9.19675814e+09
 2.35750000e+03  8.13243333e+16  2.00644979e+16  4.37870777e+10  1.62594114e+10  2.01716765e+12  9.19675814e+09
 2.35900000e+03  8.46951759e+16  2.35660302e+16  4.56020246e+10  1.90969035e+10  2.01716765e+12  9.19675814e+09
 2.36050000e+03  8.78388206e+16  2.69340181e+16  4.72946424e+10  2.18261769e+10  2.01716765e+12  9.19675814e+09
 2.36200000e+03  9.07705805e+16  3.01672476e+16  4.88731761e+10  2.44462479e+10  2.01716765e+12  9.19675814e+09
 2.36350000e+03  9.35047371e+16  3.32656050e+16  5.03453151e+10  2.69570243e+10  2.01716765e+12  9.19675814e+09
 2.36500000e+03  9.60546089e+16  3.62299009e+16  5.17182306e+10  2.93591630e+10  2.01716765e+12  9.19675814e+09
 2.36500000e+03  9.60546089e+16  3.62299009e+16  5.17182306e+10  2.93591630e+10  2.01716765e+12  9.18756138e+09
 2.36502500e+03  9.59429624e+16  3.62780893e+16  5.16581173e+10  2.93982128e+10  2.01716765e+12  9.18756138e+09
 2.36505000e+03  9.58314457e+16  3.63260639e+16  5.15980739e+10  2.94370893e+10  2.01716765e+12  9.18756138e+09
 2.36507500e+03  9.57200587e+16  3.63738250e+16  5.15381003e+10  2.94757929e+10  2.01716765e+12  9.18756138e+09
 2.36510000e+03  9.56088011e+16  3.64213732e+16  5.14781964e+10  2.95143240e+10  2.01716765e+12  9.18756138e+09
 2.36512500e+03  9.54976728e+16  3.64687091e+16  5.14183621e+10  2.95526829e+10  2.01716765e+12  9.18756138e+09
 2.36515000e+03  9.53866737e+16  3.65158331e+16  5.13585974e+10  2.95908702e+10  2.01716765e+12  9.18756138e+09
 2.36517500e+03  9.52758036e+16  3.65627458e+16  5.12989021e+10  2.96288863e+10  2.01716765e+12  9.18756138e+09
 2.36520000e+03  9.51650624e+16  3.66094477e+16  5.12392763e+10  2.96667315e+10  2.01716765e+12  9.18756138e+09
 2.36522500e+03  9.50544499e+16  3.66559394e+16  5.11797197e+10  2.97044064e+10  2.01716765e+12  9.18756138e+09
 2.36525000e+03  9.49439660e+16  3.67022213e+16  5.11202324e+10  2.97419112e+10  2.01716765e+12  9.18756138e+09
 2.36525000e+03  9.49439660e+16  0.00000000e+00  5.11202324e+10  0.00000000e+00  2.03675647e+12  9.17837382e+09
 2.36620000e+03  9.08393842e+16  3.97007974e+15  4.89102217e+10  3.21718292e+09  2.03675647e+12  9.17837382e+09
 2.36715000e+03  8.69122501e+16  7.51305067e+15  4.67957534e+10  6.08825511e+09  2.03675647e+12  9.17837382e+09
 2.36810000e+03  8.31548924e+16  1.06638173e+16  4.47726970e+10  8.64150173e+09  2.03675647e+12  9.17837382e+09
 2.36905000e+03  7.95599714e+16  1.34547174e+16  4.28371006e+10  1.09031279e+10  2.03675647e+12  9.17837382e+09
 2.37000000e+03  7.61204647e+16  1.59157007e+16  4.09851832e+10  1.28974035e+10  2.03675647e+12  9.17837382e+09
 2.37095000e+03  7.28296534e+16  1.80744961e+16  3.92133272e+10  1.46467990e+10  2.03675647e+12  9.17837382e+09
 2.37190000e+03  6.96811092e+16  1.99567671e+16  3.75180714e+10  1.61721110e+10  2.03675647e+12  9.17837382e+09
 2.37285000e+03  6.66686818e+16  2.15862572e+16  3.58961043e+10  1.74925801e+10  2.03675647e+12  9.17837382e+09
 2.37380000e+03  6.37864864e+16  2.29849244e+16  3.43442574e+10  1.86260002e+10  2.03675647e+12  9.17837382e+09
 2.37475000e+03  6.10288930e+16  2.41730681e+16  3.28594994e+10  1.95888211e+10  2.03675647e+12  9.17837382e+09
 2.37475000e+03  6.10288930e+16  0.00000000e+00  3.28594994e+10  0.00000000e+00  2.03675647e+12  9.17837382e+09
 2.37477500e+03  6.09579578e+16  7.08732045e+13  3.28213061e+10  5.74326154e+07  2.03675647e+12  9.17837382e+09
 2.37480000e+03  6.08871050e+16  1.41540086e+14  3.27831571e+10  1.14698035e+08  2.03675647e+12  9.17837382e+09
 2.37482500e+03  6.08163345e+16  2.12001100e+14  3.27450525e+10  1.71796629e+08  2.03675647e+12  9.17837382e+09
 2.37485000e+03  6.07456463e+16  2.82256703e+14  3.27069922e+10  2.28728766e+08  2.03675647e+12  9.17837382e+09
 2.37487500e+03  6.06750403e+16  3.52307349e+14  3.26689761e+10  2.85494816e+08  2.03675647e+12  9.17837382e+09
 2.37490000e+03  6.06045163e+16  4.22153493e+14  3.26310042e+10  3.42095145e+08  2.03675647e+12  9.17837382e+09
 2.37492500e+03  6.05340743e+16  4.91795587e+14  3.25930765e+10  3.98530121e+08  2.03675647e+12  9.17837382e+09
 2.37495000e+03  6.04637142e+16  5.61234084e+14  3.25551928e+10  4.54800111e+08  2.03675647e+12  9.17837382e+09
 2.37497500e+03  6.03934358e+16  6.30469434e+14  3.25173532e+10  5.10905479e+08  2.03675647e+12  9.17837382e+09
 2.37500000e+03  6.03232392e+16  6.99502088e+14  3.24795575e+10  5.66846591e+08  2.03675647e+12  9.17837382e+09
 2.37500000e+03  6.03232392e+16  6.99502088e+14  3.24795575e+10  5.66846591e+08  2.03675647e+12  9.17837382e+09
 2.37650000e+03  6.50918801e+16  4.78815576e+15  3.50471144e+10  3.88011675e+09  2.03675647e+12  9.17837382e+09
 2.37800000e+03  6.95391100e+16  8.77411151e+15  3.74416154e+10  7.11016491e+09  2.03675647e+12  9.17837382e+09
 2.37950000e+03  7.36865924e+16  1.26470558e+16  3.96747248e+10  1.02486334e+10  2.03675647e+12  9.17837382e+09
 2.38100000e+03  7.75545306e+16  1.63990885e+16  4.17573206e+10  1.32891203e+10  2.03675647e+12  9.17837382e+09
 2.38250000e+03  8.11617660e+16  2.00243890e+16  4.36995473e+10  1.62269089e+10  2.03675647e+12  9.17837382e+09
 2.38400000e+03  8.45258703e+16  2.35189217e+16  4.55108662e+10  1.90587288e+10  2.03675647e+12  9.17837382e+09
 2.38550000e+03  8.76632307e+16  2.68801770e+16  4.72001004e+10  2.17825464e+10  2.03675647e+12  9.17837382e+09
 2.38700000e+03  9.05891301e+16  3.01069433e+16  4.87754786e+10  2.43973799e+10  2.03675647e+12  9.17837382e+09
 2.38850000e+03  9.33178211e+16  3.31991070e+16  5.02446748e+10  2.69031372e+10  2.03675647e+12  9.17837382e+09
 2.39000000e+03  9.58625957e+16  3.61574773e+16  5.16148458e+10  2.93004740e+10  2.03675647e+12  9.17837382e+09
 2.39000000e+03  9.58625957e+16  3.61574773e+16  5.16148458e+10  2.93004740e+10  2.03675647e+12  9.16919544e+09
 2.39002500e+03  9.57511724e+16  3.62055694e+16  5.15548527e+10  2.93394458e+10  2.03675647e+12  9.16919544e+09
 2.39005000e+03  9.56398787e+16  3.62534481e+16  5.14949294e+10  2.93782446e+10  2.03675647e+12  9.16919544e+09
 2.39007500e+03  9.55287143e+16  3.63011137e+16  5.14350756e+10  2.94168708e+10  2.03675647e+12  9.16919544e+09
 2.39010000e+03  9.54176791e+16  3.63485669e+16  5.13752915e+10  2.94553248e+10  2.03675647e+12  9.16919544e+09
 2.39012500e+03  9.53067730e+16  3.63958081e+16  5.13155768e+10  2.94936071e+10  2.03675647e+12  9.16919544e+09
 2.39015000e+03  9.51959958e+16  3.64428380e+16  5.12559316e+10  2.95317181e+10  2.03675647e+12  9.16919544e+09
 2.39017500e+03  9.50853473e+16  3.64896569e+16  5.11963556e+10  2.95696582e+10  2.03675647e+12  9.16919544e+09
 2.39020000e+03  9.49748275e+16  3.65362655e+16  5.11368490e+10  2.96074277e+10  2.03675647e+12  9.16919544e+09
 2.39022500e+03  9.48644361e+16  3.65826642e+16  5.10774114e+10  2.96450273e+10  2.03675647e+12  9.16919544e+09
 2.39025000e+03  9.47541730e+16  3.66288535e+16  5.10180430e+10  2.96824572e+10  2.03675647e+12  9.16919544e+09
 2.39025000e+03  9.47541730e+16  0.00000000e+00  5.10180430e+10  0.00000000e+00  2.05630614e+12  9.16002625e+09
 2.39120000e+03  9.06577962e+16  3.96214355e+15  4.88124502e+10  3.21075177e+09  2.05630614e+12  9.16002625e+09
 2.39215000e+03  8.67385125e+16  7.49803208e+15  4.67022087e+10  6.07608469e+09  2.05630614e+12  9.16002625e+09
 2.39310000e+03  8.29886658e+16  1.06425004e+16  4.46831964e+10  8.62422737e+09  2.05630614e+12  9.16002625e+09
 2.39405000e+03  7.94009310e+16  1.34278214e+16  4.27514693e+10  1.08813325e+10  2.05630614e+12  9.16002625e+09
 2.39500000e+03  7.59682999e+16  1.58838852e+16  4.09032538e+10  1.28716216e+10  2.05630614e+12  9.16002625e+09
 2.39595000e+03  7.26840669e+16  1.80383651e+16  3.91349398e+10  1.46175200e+10  2.05630614e+12  9.16002625e+09
 2.39690000e+03  6.95418167e+16  1.99168735e+16  3.74430728e+10  1.61397829e+10  2.05630614e+12  9.16002625e+09
 2.39785000e+03  6.65354111e+16  2.15431062e+16  3.58243480e+10  1.74576124e+10  2.05630614e+12  9.16002625e+09
 2.39880000e+03  6.36589772e+16  2.29389776e+16  3.42756032e+10  1.85887669e+10  2.05630614e+12  9.16002625e+09
 2.39975000e+03  6.09068963e+16  2.41247462e+16  3.27938133e+10  1.95496631e+10  2.05630614e+12  9.16002625e+09
 2.39975000e+03  6.09068963e+16  0.00000000e+00  3.27938133e+10  0.00000000e+00  2.05630614e+12  9.16002625e+09
 2.39977500e+03  6.08361028e+16  7.07315290e+13  3.27556963e+10  5.73178076e+07  2.05630614e+12  9.16002625e+09
 2.39980000e+03  6.07653916e+16  1.41257147e+14  3.27176236e+10  1.14468754e+08  2.05630614e+12  9.16002625e+09
 2.39982500e+03  6.06947626e+16  2.11577310e+14  3.26795951e+10  1.71453208e+08  2.05630614e+12  9.16002625e+09
 2.39985000e+03  6.06242157e+16  2.81692472e+14  3.26416109e+10  2.28271538e+08  2.05630614e+12  9.16002625e+09
 2.39987500e+03  6.05537509e+16  3.51603087e+14  3.26036708e+10  2.84924112e+08  2.05630614e+12  9.16002625e+09
 2.39990000e+03  6.04833679e+16  4.21309608e+14  3.25657748e+10  3.41411297e+08  2.05630614e+12  9.16002625e+09
 2.39992500e+03  6.04130667e+16  4.90812488e+14  3.25279229e+10  3.97733460e+08  2.05630614e+12  9.16002625e+09
 2.39995000e+03  6.03428472e+16  5.60112177e+14  3.24901150e+10  4.53890965e+08  2.05630614e+12  9.16002625e+09
 2.39997500e+03  6.02727093e+16  6.29209125e+14  3.24523510e+10  5.09884179e+08  2.05630614e+12  9.16002625e+09
 2.40000000e+03  6.02026530e+16  6.98103783e+14  3.24146309e+10  5.65713464e+08  2.05630614e+12  9.16002625e+09
 2.40000000e+03  6.02026530e+16  6.98103783e+14  3.24146309e+10  5.65713464e+08  2.05630614e+12  9.16002625e+09
 2.40150000e+03  6.49617614e+16  4.77858423e+15  3.49770552e+10  3.87236040e+09  2.05630614e+12  9.16002625e+09
 2.40300000e+03  6.94001013e+16  8.75657206e+15  3.73667696e+10  7.09595169e+09  2.05630614e+12  9.16002625e+09
 2.40450000e+03  7.35392929e+16  1.26217743e+16  3.95954151e+10  1.02281464e+10  2.05630614e+12  9.16002625e+09
 2.40600000e+03  7.73994990e+16  1.63663067e+16  4.16738477e+10  1.32625554e+10  2.05630614e+12  9.16002625e+09
 2.40750000e+03  8.09995236e+16  1.99843602e+16  4.36121919e+10  1.61944713e+10  2.05630614e+12  9.16002625e+09
 2.40900000e+03  8.43569031e+16  2.34719074e+16  4.54198899e+10  1.90206304e+10  2.05630614e+12  9.16002625e+09
 2.41050000e+03  8.74879919e+16  2.68264435e+16  4.71057474e+10  2.17390031e+10  2.05630614e+12  9.16002625e+09
 2.41200000e+03  9.04080425e+16  3.00467595e+16  4.86779764e+10  2.43486095e+10  2.05630614e+12  9.16002625e+09
 2.41350000e+03  9.31312788e+16  3.31327420e+16  5.01442357e+10  2.68493578e+10  2.05630614e+12  9.16002625e+09
 2.41500000e+03  9.56709664e+16  3.60851985e+16  5.15116678e+10  2.92419024e+10  2.05630614e+12  9.16002625e+09
 2.41500000e+03  9.56709664e+16  3.60851985e+16  5.15116678e+10  2.92419024e+10  2.05630614e+12  9.15086622e+09
 2.41502500e+03  9.55597658e+16  3.61331945e+16  5.14517946e+10  2.92807963e+10  2.05630614e+12  9.15086622e+09
 2.41505000e+03  9.54486946e+16  3.61809774e+16  5.13919910e+10  2.93195175e+10  2.05630614e+12  9.15086622e+09
 2.41507500e+03  9.53377524e+16  3.62285478e+16  5.13322569e+10  2.93580665e+10  2.05630614e+12  9.15086622e+09
 2.41510000e+03  9.52269392e+16  3.62759061e+16  5.12725923e+10  2.93964436e+10  2.05630614e+12  9.15086622e+09
 2.41512500e+03  9.51162547e+16  3.63230529e+16  5.12129970e+10  2.94346494e+10  2.05630614e+12  9.15086622e+09
 2.41515000e+03  9.50056990e+16  3.63699887e+16  5.11534710e+10  2.94726842e+10  2.05630614e+12  9.15086622e+09
 2.41517500e+03  9.48952717e+16  3.64167141e+16  5.10940141e+10  2.95105484e+10  2.05630614e+12  9.15086622e+09
 2.41520000e+03  9.47849728e+16  3.64632295e+16  5.10346264e+10  2.95482425e+10  2.05630614e+12  9.15086622e+09
 2.41522500e+03  9.46748021e+16  3.65095354e+16  5.09753077e+10  2.95857669e+10  2.05630614e+12  9.15086622e+09
 2.41525000e+03  9.45647594e+16  3.65556325e+16  5.09160579e+10  2.96231219e+10  2.05630614e+12  9.15086622e+09
 2.41525000e+03  9.45647594e+16  0.00000000e+00  5.09160579e+10  0.00000000e+00  2.07581672e+12  9.14171536e+09
 2.41620000e+03  9.04765713e+16  3.95422323e+15  4.87148741e+10  3.20433347e+09  2.07581672e+12  9.14171536e+09
 2.41715000e+03  8.65651222e+16  7.48304351e+15  4.66088510e+10  6.06393859e+09  2.07581672e+12  9.14171536e+09
 2.41810000e+03  8.28227715e+16  1.06212260e+16  4.45938747e+10  8.60698754e+09  2.07581672e+12  9.14171536e+09
 2.41905000e+03  7.92422086e+16  1.34009792e+16  4.26660091e+10  1.08595807e+10  2.07581672e+12  9.14171536e+09
 2.42000000e+03  7.58164392e+16  1.58521333e+16  4.08214882e+10  1.28458912e+10  2.07581672e+12  9.14171536e+09
 2.42095000e+03  7.25387715e+16  1.80023065e+16  3.90567090e+10  1.45882996e+10  2.07581672e+12  9.14171536e+09
 2.42190000e+03  6.94028026e+16  1.98770597e+16  3.73682241e+10  1.61075195e+10  2.07581672e+12  9.14171536e+09
 2.42285000e+03  6.64024068e+16  2.15000416e+16  3.57527351e+10  1.74227146e+10  2.07581672e+12  9.14171536e+09
 2.42380000e+03  6.35317229e+16  2.28931226e+16  3.42070863e+10  1.85516079e+10  2.07581672e+12  9.14171536e+09
 2.42475000e+03  6.07851434e+16  2.40765208e+16  3.27282584e+10  1.95105833e+10  2.07581672e+12  9.14171536e+09
 2.42475000e+03  6.07851434e+16  0.00000000e+00  3.27282584e+10  0.00000000e+00  2.07581672e+12  9.14171536e+09
 2.42477500e+03  6.07144914e+16  7.05901367e+13  3.26902176e+10  5.72032293e+07  2.07581672e+12  9.14171536e+09
 2.42480000e+03  6.06439216e+16  1.40974774e+14  3.26522210e+10  1.14239931e+08  2.07581672e+12  9.14171536e+09
 2.42482500e+03  6.05734338e+16  2.11154367e+14  3.26142686e+10  1.71110473e+08  2.07581672e+12  9.14171536e+09
 2.42485000e+03  6.05030279e+16  2.81129368e+14  3.25763603e+10  2.27815223e+08  2.07581672e+12  9.14171536e+09
 2.42487500e+03  6.04327039e+16  3.50900232e+14  3.25384961e+10  2.84354549e+08  2.07581672e+12  9.14171536e+09
 2.42490000e+03  6.03624616e+16  4.20467410e+14  3.25006759e+10  3.40728816e+08  2.07581672e+12  9.14171536e+09
 2.42492500e+03  6.02923010e+16  4.89831354e+14  3.24628996e+10  3.96938391e+08  2.07581672e+12  9.14171536e+09
 2.42495000e+03  6.02222218e+16  5.58992513e+14  3.24251672e+10  4.52983637e+08  2.07581672e+12  9.14171536e+09
 2.42497500e+03  6.01522242e+16  6.27951336e+14  3.23874787e+10  5.08864920e+08  2.07581672e+12  9.14171536e+09
 2.42500000e+03  6.00823079e+16  6.96708274e+14  3.23498340e+10  5.64582603e+08  2.07581672e+12  9.14171536e+09
 2.42500000e+03  6.00823079e+16  6.96708274e+14  3.23498340e+10  5.64582603e+08  2.07581672e+12  9.14171536e+09
 2.42650000e+03  6.48319028e+16  4.76903185e+15  3.49071360e+10  3.86461955e+09  2.07581672e+12  9.14171536e+09
 2.42800000e+03  6.92613705e+16  8.73906768e+15  3.72920735e+10  7.08176688e+09  2.07581672e+12  9.14171536e+09
 2.42950000e+03  7.33922879e+16  1.25965434e+16  3.95162638e+10  1.02077003e+10  2.07581672e+12  9.14171536e+09
 2.43100000e+03  7.72447774e+16  1.63335905e+16  4.15905417e+10  1.32360435e+10  2.07581672e+12  9.14171536e+09
 2.43250000e+03  8.08376056e+16  1.99444115e+16  4.35250112e+10  1.61620985e+10  2.07581672e+12  9.14171536e+09
 2.43400000e+03  8.41882736e+16  2.34249870e+16  4.53290956e+10  1.89826082e+10  2.07581672e+12  9.14171536e+09
 2.43550000e+03  8.73131035e+16  2.67728175e+16  4.70115830e+10  2.16955468e+10  2.07581672e+12  9.14171536e+09
 2.43700000e+03  9.02273168e+16  2.99866961e+16  4.85806691e+10  2.42999367e+10  2.07581672e+12  9.14171536e+09
 2.43850000e+03  9.29451093e+16  3.30665097e+16  5.00439974e+10  2.67956860e+10  2.07581672e+12  9.14171536e+09
 2.44000000e+03  9.54797201e+16  3.60130642e+16  5.14086959e+10  2.91834478e+10  2.07581672e+12  9.14171536e+09
 2.44000000e+03  9.54797201e+16  3.60130642e+16  5.14086959e+10  2.91834478e+10  2.07581672e+12  9.13257364e+09
 2.44002500e+03  9.53687419e+16  3.60609643e+16  5.13489424e+10  2.92222640e+10  2.07581672e+12  9.13257364e+09
 2.44005000e+03  9.52578926e+16  3.61086516e+16  5.12892584e+10  2.92609078e+10  2.07581672e+12  9.13257364e+09
 2.44007500e+03  9.51471722e+16  3.61561269e+16  5.12296437e+10  2.92993797e+10  2.07581672e+12  9.13257364e+09
 2.44010000e+03  9.50365805e+16  3.62033906e+16  5.11700984e+10  2.93376801e+10  2.07581672e+12  9.13257364e+09
 2.44012500e+03  9.49261173e+16  3.62504431e+16  5.11106222e+10  2.93758095e+10  2.07581672e+12  9.13257364e+09
 2.44015000e+03  9.48157826e+16  3.62972851e+16  5.10512152e+10  2.94137683e+10  2.07581672e+12  9.13257364e+09
 2.44017500e+03  9.47055760e+16  3.63439171e+16  5.09918772e+10  2.94515568e+10  2.07581672e+12  9.13257364e+09
 2.44020000e+03  9.45954976e+16  3.63903395e+16  5.09326082e+10  2.94891756e+10  2.07581672e+12  9.13257364e+09
 2.44022500e+03  9.44855471e+16  3.64365529e+16  5.08734081e+10  2.95266249e+10  2.07581672e+12  9.13257364e+09
 2.44025000e+03  9.43757244e+16  3.64825577e+16  5.08142767e+10  2.95639053e+10  2.07581672e+12  9.13257364e+09
 2.44025000e+03  9.43757244e+16  0.00000000e+00  5.08142767e+10  0.00000000e+00  2.09528830e+12  9.12344107e+09
 2.44120000e+03  9.02957086e+16  3.94631873e+15  4.86174931e+10  3.19792801e+09  2.09528830e+12  9.12344107e+09
 2.44215000e+03  8.63920786e+16  7.46808491e+15  4.65156799e+10  6.05181678e+09  2.09528830e+12  9.12344107e+09
 2.44310000e+03  8.26572087e+16  1.05999942e+16  4.45047315e+10  8.58978217e+09  2.09528830e+12  9.12344107e+09
 2.44405000e+03  7.90838034e+16  1.33741907e+16  4.25807197e+10  1.08378724e+10  2.09528830e+12  9.12344107e+09
 2.44500000e+03  7.56648822e+16  1.58204449e+16  4.07398861e+10  1.28202123e+10  2.09528830e+12  9.12344107e+09
 2.44595000e+03  7.23937665e+16  1.79663198e+16  3.89786347e+10  1.45591376e+10  2.09528830e+12  9.12344107e+09
 2.44690000e+03  6.92640664e+16  1.98373255e+16  3.72935250e+10  1.60753206e+10  2.09528830e+12  9.12344107e+09
 2.44785000e+03  6.62696684e+16  2.14570630e+16  3.56812654e+10  1.73878866e+10  2.09528830e+12  9.12344107e+09
 2.44880000e+03  6.34047230e+16  2.28473592e+16  3.41387063e+10  1.85145233e+10  2.09528830e+12  9.12344107e+09
 2.44975000e+03  6.06636339e+16  2.40283918e+16  3.26628346e+10  1.94715816e+10  2.09528830e+12  9.12344107e+09
 2.44975000e+03  6.06636339e+16  0.00000000e+00  3.26628346e+10  0.00000000e+00  2.09528830e+12  9.12344107e+09
 2.44977500e+03  6.05931232e+16  7.04490270e+13  3.26248699e+10  5.70888800e+07  2.09528830e+12  9.12344107e+09
 2.44980000e+03  6.05226944e+16  1.40692965e+14  3.25869493e+10  1.14011565e+08  2.09528830e+12  9.12344107e+09
 2.44982500e+03  6.04523475e+16  2.10732269e+14  3.25490727e+10  1.70768423e+08  2.09528830e+12  9.12344107e+09
 2.44985000e+03  6.03820824e+16  2.80567391e+14  3.25112402e+10  2.27359820e+08  2.09528830e+12  9.12344107e+09
 2.44987500e+03  6.03118989e+16  3.50198783e+14  3.24734516e+10  2.83786124e+08  2.09528830e+12  9.12344107e+09
 2.44990000e+03  6.02417970e+16  4.19626896e+14  3.24357070e+10  3.40047699e+08  2.09528830e+12  9.12344107e+09
 2.44992500e+03  6.01717766e+16  4.88852181e+14  3.23980063e+10  3.96144911e+08  2.09528830e+12  9.12344107e+09
 2.44995000e+03  6.01018376e+16  5.57875087e+14  3.23603493e+10  4.52078123e+08  2.09528830e+12  9.12344107e+09
 2.44997500e+03  6.00319799e+16  6.26696062e+14  3.23227362e+10  5.07847699e+08  2.09528830e+12  9.12344107e+09
 2.45000000e+03  5.99622034e+16  6.95315554e+14  3.22851667e+10  5.63454003e+08  2.09528830e+12  9.12344107e+09
 2.45000000e+03  5.99622034e+16  6.95315554e+14  3.22851667e+10  5.63454003e+08  2.09528830e+12  9.12344107e+09
 2.45150000e+03  6.47023039e+16  4.75949855e+15  3.48373567e+10  3.85689417e+09  2.09528830e+12  9.12344107e+09
 2.45300000e+03  6.91229170e+16  8.72159828e+15  3.72175266e+10  7.06761043e+09  2.09528830e+12  9.12344107e+09
 2.45450000e+03  7.32455767e+16  1.25713629e+16  3.94372708e+10  1.01872951e+10  2.09528830e+12  9.12344107e+09
 2.45600000e+03  7.70903651e+16  1.63009396e+16  4.15074022e+10  1.32095847e+10  2.09528830e+12  9.12344107e+09
 2.45750000e+03  8.06760112e+16  1.99045426e+16  4.34380047e+10  1.61297905e+10  2.09528830e+12  9.12344107e+09
 2.45900000e+03  8.40199813e+16  2.33781605e+16  4.52384827e+10  1.89446619e+10  2.09528830e+12  9.12344107e+09
 2.46050000e+03  8.71385646e+16  2.67192986e+16  4.69176068e+10  2.16521774e+10  2.09528830e+12  9.12344107e+09
 2.46200000e+03  9.00469524e+16  2.99267526e+16  4.84835564e+10  2.42513611e+10  2.09528830e+12  9.12344107e+09
 2.46350000e+03  9.27593121e+16  3.30004097e+16  4.99439594e+10  2.67421214e+10  2.09528830e+12  9.12344107e+09
 2.46500000e+03  9.52888561e+16  3.59410741e+16  5.13059299e+10  2.91251101e+10  2.09528830e+12  9.12344107e+09
 2.46500000e+03  9.52888561e+16  3.59410741e+16  5.13059299e+10  2.91251101e+10  2.09528830e+12  9.11431763e+09
 2.46502500e+03  9.51780998e+16  3.59888784e+16  5.12462959e+10  2.91638487e+10  2.09528830e+12  9.11431763e+09
 2.46505000e+03  9.50674721e+16  3.60364704e+16  5.11867312e+10  2.92024152e+10  2.09528830e+12  9.11431763e+09
 2.46507500e+03  9.49569730e+16  3.60838508e+16  5.11272357e+10  2.92408102e+10  2.09528830e+12  9.11431763e+09
 2.46510000e+03  9.48466024e+16  3.61310200e+16  5.10678093e+10  2.92790341e+10  2.09528830e+12  9.11431763e+09
 2.46512500e+03  9.47363600e+16  3.61779785e+16  5.10084521e+10  2.93170873e+10  2.09528830e+12  9.11431763e+09
 2.46515000e+03  9.46262458e+16  3.62247268e+16  5.09491638e+10  2.93549702e+10  2.09528830e+12  9.11431763e+09
 2.46517500e+03  9.45162596e+16  3.62712656e+16  5.08899444e+10  2.93926832e+10  2.09528830e+12  9.11431763e+09
 2.46520000e+03  9.44064012e+16  3.63175952e+16  5.08307939e+10  2.94302267e+10  2.09528830e+12  9.11431763e+09
 2.46522500e+03  9.42966705e+16  3.63637162e+16  5.07717121e+10  2.94676012e+10  2.09528830e+12  9.11431763e+09
 2.46525000e+03  9.41870674e+16  3.64096291e+16  5.07126990e+10  2.95048071e+10  2.09528830e+12  9.11431763e+09
 2.46525000e+03  9.41870674e+16  0.00000000e+00  5.07126990e+10  0.00000000e+00  2.11472096e+12  9.10520331e+09
 2.46620000e+03  9.01152075e+16  3.93843004e+15  4.85203067e+10  3.19153535e+09  2.11472096e+12  9.10520331e+09
 2.46715000e+03  8.62193808e+16  7.45315621e+15  4.64226951e+10  6.03971920e+09  2.11472096e+12  9.10520331e+09
 2.46810000e+03  8.24919770e+16  1.05788048e+16  4.44157666e+10  8.57261120e+09  2.11472096e+12  9.10520331e+09
 2.46905000e+03  7.89257149e+16  1.33474557e+16  4.24956009e+10  1.08162075e+10  2.11472096e+12  9.10520331e+09
 2.47000000e+03  7.55136281e+16  1.57888198e+16  4.06584471e+10  1.27945847e+10  2.11472096e+12  9.10520331e+09
 2.47095000e+03  7.22490513e+16  1.79304052e+16  3.89007164e+10  1.45300339e+10  2.11472096e+12  9.10520331e+09
 2.47190000e+03  6.91256075e+16  1.97976706e+16  3.72189752e+10  1.60431860e+10  2.11472096e+12  9.10520331e+09
 2.47285000e+03  6.61371953e+16  2.14141703e+16  3.56099385e+10  1.73531282e+10  2.11472096e+12  9.10520331e+09
 2.47380000e+03  6.32779770e+16  2.28016873e+16  3.40704631e+10  1.84775127e+10  2.11472096e+12  9.10520331e+09
 2.47475000e+03  6.05423673e+16  2.39803591e+16  3.25975416e+10  1.94326579e+10  2.11472096e+12  9.10520331e+09
 2.47475000e+03  6.05423673e+16  0.00000000e+00  3.25975416e+10  0.00000000e+00  2.11472096e+12  9.10520331e+09
 2.47477500e+03  6.04719975e+16  7.03081994e+13  3.25596528e+10  5.69747594e+07  2.11472096e+12  9.10520331e+09
 2.47480000e+03  6.04017095e+16  1.40411720e+14  3.25218079e+10  1.13783656e+08  2.11472096e+12  9.10520331e+09
 2.47482500e+03  6.03315033e+16  2.10311015e+14  3.24840071e+10  1.70427057e+08  2.11472096e+12  9.10520331e+09
 2.47485000e+03  6.02613786e+16  2.80006536e+14  3.24462502e+10  2.26905328e+08  2.11472096e+12  9.10520331e+09
 2.47487500e+03  6.01913354e+16  3.49498735e+14  3.24085372e+10  2.83218835e+08  2.11472096e+12  9.10520331e+09
 2.47490000e+03  6.01213737e+16  4.18788062e+14  3.23708680e+10  3.39367944e+08  2.11472096e+12  9.10520331e+09
 2.47492500e+03  6.00514933e+16  4.87874965e+14  3.23332426e+10  3.95353017e+08  2.11472096e+12  9.10520331e+09
 2.47495000e+03  5.99816941e+16  5.56759894e+14  3.22956610e+10  4.51174419e+08  2.11472096e+12  9.10520331e+09
 2.47497500e+03  5.99119760e+16  6.25443296e+14  3.22581230e+10  5.06832512e+08  2.11472096e+12  9.10520331e+09
 2.47500000e+03  5.98423389e+16  6.93925618e+14  3.22206287e+10  5.62327658e+08  2.11472096e+12  9.10520331e+09
 2.47500000e+03  5.98423389e+16  6.93925618e+14  3.22206287e+10  5.62327658e+08  2.11472096e+12  9.10520331e+09
 2.47650000e+03  6.45729640e+16  4.74998431e+15  3.47677168e+10  3.84918424e+09  2.11472096e+12  9.10520331e+09
 2.47800000e+03  6.89847403e+16  8.70416381e+15  3.71431288e+10  7.05348228e+09  2.11472096e+12  9.10520331e+09
 2.47950000e+03  7.30991588e+16  1.25462328e+16  3.93584357e+10  1.01669307e+10  2.11472096e+12  9.10520331e+09
 2.48100000e+03  7.69362615e+16  1.62683541e+16  4.14244289e+10  1.31831787e+10  2.11472096e+12  9.10520331e+09
 2.48250000e+03  8.05147398e+16  1.98647534e+16  4.33511721e+10  1.60975470e+10  2.11472096e+12  9.10520331e+09
 2.48400000e+03  8.38520253e+16  2.33314275e+16  4.51480510e+10  1.89067916e+10  2.11472096e+12  9.10520331e+09
 2.48550000e+03  8.69643746e+16  2.66658867e+16  4.68238185e+10  2.16088947e+10  2.11472096e+12  9.10520331e+09
 2.48700000e+03  8.98669485e+16  2.98669291e+16  4.83866378e+10  2.42028826e+10  2.11472096e+12  9.10520331e+09
 2.48850000e+03  9.25738862e+16  3.29344419e+16  4.98441215e+10  2.66886639e+10  2.11472096e+12  9.10520331e+09
 2.49000000e+03  9.50983737e+16  3.58692279e+16  5.12033694e+10  2.90668890e+10  2.11472096e+12  9.10520331e+09
 2.49000000e+03  9.50983737e+16  3.58692279e+16  5.12033694e+10  2.90668890e+10  2.11472096e+12  9.09609811e+09
 2.49002500e+03  9.49878387e+16  3.59169366e+16  5.11438546e+10  2.91055501e+10  2.11472096e+12  9.09609811e+09
 2.49005000e+03  9.48774322e+16  3.59644335e+16  5.10844089e+10  2.91440396e+10  2.11472096e+12  9.09609811e+09
 2.49007500e+03  9.47671540e+16  3.60117192e+16  5.10250323e+10  2.91823579e+10  2.11472096e+12  9.09609811e+09
 2.49010000e+03  9.46570040e+16  3.60587941e+16  5.09657248e+10  2.92205053e+10  2.11472096e+12  9.09609811e+09
 2.49012500e+03  9.45469821e+16  3.61056587e+16  5.09064862e+10  2.92584824e+10  2.11472096e+12  9.09609811e+09
 2.49015000e+03  9.44370880e+16  3.61523136e+16  5.08473164e+10  2.92962896e+10  2.11472096e+12  9.09609811e+09
 2.49017500e+03  9.43273216e+16  3.61987593e+16  5.07882154e+10  2.93339272e+10  2.11472096e+12  9.09609811e+09
 2.49020000e+03  9.42176828e+16  3.62449963e+16  5.07291831e+10  2.93713957e+10  2.11472096e+12  9.09609811e+09
 2.49022500e+03  9.41081715e+16  3.62910251e+16  5.06702195e+10  2.94086955e+10  2.11472096e+12  9.09609811e+09
 2.49025000e+03  9.39987874e+16  3.63368463e+16  5.06113243e+10  2.94458269e+10  2.11472096e+12  9.09609811e+09
 2.49025000e+03  9.39987874e+16  0.00000000e+00  5.06113243e+10  0.00000000e+00  2.13411477e+12  9.08700201e+09
 2.49120000e+03  8.99350672e+16  3.93055712e+15  4.84233146e+10  3.18515547e+09  2.13411477e+12  9.08700201e+09
 2.49215000e+03  8.60470283e+16  7.43825735e+15  4.63298961e+10  6.02764580e+09  2.13411477e+12  9.08700201e+09
 2.49310000e+03  8.23270755e+16  1.05576578e+16  4.43269795e+10  8.55547455e+09  2.13411477e+12  9.08700201e+09
 2.49405000e+03  7.87679424e+16  1.33207741e+16  4.24106522e+10  1.07945859e+10  2.13411477e+12  9.08700201e+09
 2.49500000e+03  7.53626763e+16  1.57572580e+16  4.05771708e+10  1.27690083e+10  2.13411477e+12  9.08700201e+09
 2.49595000e+03  7.21046255e+16  1.78945623e+16  3.88229538e+10  1.45009884e+10  2.13411477e+12  9.08700201e+09
 2.49690000e+03  6.89874255e+16  1.97580951e+16  3.71445745e+10  1.60111157e+10  2.13411477e+12  9.08700201e+09
 2.49785000e+03  6.60049870e+16  2.13713634e+16  3.55387542e+10  1.73184393e+10  2.13411477e+12  9.08700201e+09
 2.49880000e+03  6.31514843e+16  2.27561068e+16  3.40023562e+10  1.84405762e+10  2.13411477e+12  9.08700201e+09
 2.49975000e+03  6.04213431e+16  2.39324224e+16  3.25323791e+10  1.93938121e+10  2.13411477e+12  9.08700201e+09
 2.49975000e+03  6.04213431e+16  0.00000000e+00  3.25323791e+10  0.00000000e+00  2.13411477e+12  9.08700201e+09
 2.49977500e+03  6.03511140e+16  7.01676533e+13  3.24945660e+10  5.68608668e+07  2.13411477e+12  9.08700201e+09
 2.49980000e+03  6.02809665e+16  1.40131037e+14  3.24567968e+10  1.13556202e+08  2.13411477e+12  9.08700201e+09
 2.49982500e+03  6.02109006e+16  2.09890603e+14  3.24190716e+10  1.70086373e+08  2.13411477e+12  9.08700201e+09
 2.49985000e+03  6.01409161e+16  2.79446803e+14  3.23813902e+10  2.26451744e+08  2.13411477e+12  9.08700201e+09
 2.49987500e+03  6.00710130e+16  3.48800087e+14  3.23437525e+10  2.82652681e+08  2.13411477e+12  9.08700201e+09
 2.49990000e+03  6.00011911e+16  4.17950904e+14  3.23061587e+10  3.38689547e+08  2.13411477e+12  9.08700201e+09
 2.49992500e+03  5.99314503e+16  4.86899703e+14  3.22686085e+10  3.94562706e+08  2.13411477e+12  9.08700201e+09
 2.49995000e+03  5.98617906e+16  5.55646931e+14  3.22311020e+10  4.50272521e+08  2.13411477e+12  9.08700201e+09
 2.49997500e+03  5.97922119e+16  6.24193035e+14  3.21936390e+10  5.05819354e+08  2.13411477e+12  9.08700201e+09
 2.50000000e+03  5.97227141e+16  6.92538461e+14  3.21562196e+10  5.61203565e+08  2.13411477e+12  9.08700201e+09
 2.50000000e+03  5.97227141e+16  6.92538461e+14  3.21562196e+10  5.61203565e+08  2.13411477e+12  9.08700201e+09
 2.50150000e+03  6.44438826e+16  4.74048909e+15  3.46982161e+10  3.84148972e+09  2.13411477e+12  9.08700201e+09
 2.50300000e+03  6.88468398e+16  8.68676418e+15  3.70688797e+10  7.03938237e+09  2.13411477e+12  9.08700201e+09
 2.50450000e+03  7.29530336e+16  1.25211528e+16  3.92797582e+10  1.01466070e+10  2.13411477e+12  9.08700201e+09
 2.50600000e+03  7.67824659e+16  1.62358336e+16  4.13416214e+10  1.31568255e+10  2.13411477e+12  9.08700201e+09
 2.50750000e+03  8.03537909e+16  1.98250438e+16  4.32645131e+10  1.60653680e+10  2.13411477e+12  9.08700201e+09
 2.50900000e+03  8.36844051e+16  2.32847880e+16  4.50578000e+10  1.88689969e+10  2.13411477e+12  9.08700201e+09
 2.51050000e+03  8.67905328e+16  2.66125816e+16  4.67302177e+10  2.15656986e+10  2.13411477e+12  9.08700201e+09
 2.51200000e+03  8.96873045e+16  2.98072251e+16  4.82899129e+10  2.41545011e+10  2.13411477e+12  9.08700201e+09
 2.51350000e+03  9.23888310e+16  3.28686060e+16  4.97444831e+10  2.66353133e+10  2.13411477e+12  9.08700201e+09
 2.51500000e+03  9.49082721e+16  3.57975253e+16  5.11010139e+10  2.90087843e+10  2.13411477e+12  9.08700201e+09
 2.51500000e+03  9.49082721e+16  3.57975253e+16  5.11010139e+10  2.90087843e+10  2.13411477e+12  9.07791501e+09
 2.51502500e+03  9.47979580e+16  3.58451387e+16  5.10416180e+10  2.90473681e+10  2.13411477e+12  9.07791501e+09
 2.51505000e+03  9.46877722e+16  3.58925406e+16  5.09822912e+10  2.90857807e+10  2.13411477e+12  9.07791501e+09
 2.51507500e+03  9.45777145e+16  3.59397318e+16  5.09230333e+10  2.91240223e+10  2.13411477e+12  9.07791501e+09
 2.51510000e+03  9.44677847e+16  3.59867125e+16  5.08638443e+10  2.91620935e+10  2.13411477e+12  9.07791501e+09
 2.51512500e+03  9.43579826e+16  3.60334835e+16  5.08047241e+10  2.91999947e+10  2.13411477e+12  9.07791501e+09
 2.51515000e+03  9.42483082e+16  3.60800451e+16  5.07456726e+10  2.92377263e+10  2.13411477e+12  9.07791501e+09
 2.51517500e+03  9.41387613e+16  3.61263980e+16  5.06866898e+10  2.92752887e+10  2.13411477e+12  9.07791501e+09
 2.51520000e+03  9.40293417e+16  3.61725426e+16  5.06277755e+10  2.93126823e+10  2.13411477e+12  9.07791501e+09
 2.51522500e+03  9.39200492e+16  3.62184794e+16  5.05689297e+10  2.93499075e+10  2.13411477e+12  9.07791501e+09
 2.51525000e+03  9.38108838e+16  3.62642089e+16  5.05101523e+10  2.93869647e+10  2.13411477e+12  9.07791501e+09
 2.51525000e+03  9.38108838e+16  0.00000000e+00  5.05101523e+10  0.00000000e+00  2.15346982e+12  9.06883709e+09
 2.51620000e+03  8.97552870e+16  3.92269994e+15  4.83265164e+10  3.17878835e+09  2.15346982e+12  9.06883709e+09
 2.51715000e+03  8.58750202e+16  7.42338827e+15  4.62372826e+10  6.01559653e+09  2.15346982e+12  9.06883709e+09
 2.51810000e+03  8.21625037e+16  1.05365530e+16  4.42383698e+10  8.53837216e+09  2.15346982e+12  9.06883709e+09
 2.51905000e+03  7.86104853e+16  1.32941459e+16  4.23258733e+10  1.07730075e+10  2.15346982e+12  9.06883709e+09
 2.52000000e+03  7.52120263e+16  1.57257592e+16  4.04960571e+10  1.27434831e+10  2.15346982e+12  9.06883709e+09
 2.52095000e+03  7.19604883e+16  1.78587911e+16  3.87453468e+10  1.44720009e+10  2.15346982e+12  9.06883709e+09
 2.52190000e+03  6.88495196e+16  1.97185987e+16  3.70703225e+10  1.59791095e+10  2.15346982e+12  9.06883709e+09
 2.52285000e+03  6.58730431e+16  2.13286420e+16  3.54677123e+10  1.72838198e+10  2.15346982e+12  9.06883709e+09
 2.52380000e+03  6.30252445e+16  2.27106173e+16  3.39343855e+10  1.84037135e+10  2.15346982e+12  9.06883709e+09
 2.52475000e+03  6.03005608e+16  2.38845814e+16  3.24673469e+10  1.93550438e+10  2.15346982e+12  9.06883709e+09
 2.52475000e+03  6.03005608e+16  0.00000000e+00  3.24673469e+10  0.00000000e+00  2.15346982e+12  9.06883709e+09
 2.52477500e+03  6.02304721e+16  7.00273881e+13  3.24296094e+10  5.67472019e+07  2.15346982e+12  9.06883709e+09
 2.52480000e+03  6.01604649e+16  1.39850915e+14  3.23919157e+10  1.13329204e+08  2.15346982e+12  9.06883709e+09
 2.52482500e+03  6.00905390e+16  2.09471032e+14  3.23542659e+10  1.69746370e+08  2.15346982e+12  9.06883709e+09
 2.52485000e+03  6.00206944e+16  2.78888189e+14  3.23166598e+10  2.25999067e+08  2.15346982e+12  9.06883709e+09
 2.52487500e+03  5.99509310e+16  3.48102836e+14  3.22790974e+10  2.82087658e+08  2.15346982e+12  9.06883709e+09
 2.52490000e+03  5.98812487e+16  4.17115421e+14  3.22415787e+10  3.38012507e+08  2.15346982e+12  9.06883709e+09
 2.52492500e+03  5.98116474e+16  4.85926391e+14  3.22041035e+10  3.93773975e+08  2.15346982e+12  9.06883709e+09
 2.52495000e+03  5.97421269e+16  5.54536193e+14  3.21666720e+10  4.49372426e+08  2.15346982e+12  9.06883709e+09
 2.52497500e+03  5.96726873e+16  6.22945273e+14  3.21292839e+10  5.04808221e+08  2.15346982e+12  9.06883709e+09
 2.52500000e+03  5.96033284e+16  6.91154076e+14  3.20919393e+10  5.60081719e+08  2.15346982e+12  9.06883709e+09
 2.52500000e+03  5.96033284e+16  6.91154076e+14  3.20919393e+10  5.60081719e+08  2.15346982e+12  9.06883709e+09
 2.52650000e+03  6.43150593e+16  4.73101286e+15  3.46288544e+10  3.83381059e+09  2.15346982e+12  9.06883709e+09
 2.52800000e+03  6.87092150e+16  8.66939934e+15  3.69947790e+10  7.02531064e+09  2.15346982e+12  9.06883709e+09
 2.52950000e+03  7.28072004e+16  1.24961231e+16  3.92012380e+10  1.01263240e+10  2.15346982e+12  9.06883709e+09
 2.53100000e+03  7.66289778e+16  1.62033782e+16  4.12589795e+10  1.31305250e+10  2.15346982e+12  9.06883709e+09
 2.53250000e+03  8.01931636e+16  1.97854135e+16  4.31780273e+10  1.60332534e+10  2.15346982e+12  9.06883709e+09
 2.53400000e+03  8.35171200e+16  2.32382417e+16  4.49677295e+10  1.88312778e+10  2.15346982e+12  9.06883709e+09
 2.53550000e+03  8.66170385e+16  2.65593831e+16  4.66368040e+10  2.15225887e+10  2.15346982e+12  9.06883709e+09
 2.53700000e+03  8.95080196e+16  2.97476404e+16  4.81933813e+10  2.41062162e+10  2.15346982e+12  9.06883709e+09
 2.53850000e+03  9.22041457e+16  3.28029016e+16  4.96450439e+10  2.65820693e+10  2.15346982e+12  9.06883709e+09
 2.54000000e+03  9.47185504e+16  3.57259661e+16  5.09988629e+10  2.89507957e+10  2.15346982e+12  9.06883709e+09
 2.54000000e+03  9.47185504e+16  3.57259661e+16  5.09988629e+10  2.89507957e+10  2.15346982e+12  9.05976825e+09
 2.54002500e+03  9.46084569e+16  3.57734842e+16  5.09395858e+10  2.89893024e+10  2.15346982e+12  9.05976825e+09
 2.54005000e+03  9.44984914e+16  3.58207914e+16  5.08803776e+10  2.90276382e+10  2.15346982e+12  9.05976825e+09
 2.54007500e+03  9.43886536e+16  3.58678882e+16  5.08212382e+10  2.90658034e+10  2.15346982e+12  9.05976825e+09
 2.54010000e+03  9.42789436e+16  3.59147751e+16  5.07621675e+10  2.91037985e+10  2.15346982e+12  9.05976825e+09
 2.54012500e+03  9.41693610e+16  3.59614526e+16  5.07031655e+10  2.91416239e+10  2.15346982e+12  9.05976825e+09
 2.54015000e+03  9.40599059e+16  3.60079211e+16  5.06442320e+10  2.91792801e+10  2.15346982e+12  9.05976825e+09
 2.54017500e+03  9.39505779e+16  3.60541813e+16  5.05853671e+10  2.92167674e+10  2.15346982e+12  9.05976825e+09
 2.54020000e+03  9.38413770e+16  3.61002337e+16  5.05265706e+10  2.92540862e+10  2.15346982e+12  9.05976825e+09
 2.54022500e+03  9.37323031e+16  3.61460786e+16  5.04678424e+10  2.92912370e+10  2.15346982e+12  9.05976825e+09
 2.54025000e+03  9.36233559e+16  3.61917168e+16  5.04091825e+10  2.93282202e+10  2.15346982e+12  9.05976825e+09
 2.54025000e+03  9.36233559e+16  0.00000000e+00  5.04091825e+10  0.00000000e+00  2.17278617e+12  9.05070848e+09
 2.54120000e+03  8.95758662e+16  3.91485846e+15  4.82299117e+10  3.17243395e+09  2.17278617e+12  9.05070848e+09
 2.54215000e+03  8.57033561e+16  7.40854892e+15  4.61448543e+10  6.00357136e+09  2.17278617e+12  9.05070848e+09
 2.54310000e+03  8.19982608e+16  1.05154904e+16  4.41499373e+10  8.52130395e+09  2.17278617e+12  9.05070848e+09
 2.54405000e+03  7.84533429e+16  1.32675709e+16  4.22412639e+10  1.07514723e+10  2.17278617e+12  9.05070848e+09
 2.54500000e+03  7.50616775e+16  1.56943234e+16  4.04151054e+10  1.27180088e+10  2.17278617e+12  9.05070848e+09
 2.54595000e+03  7.18166393e+16  1.78230913e+16  3.86678948e+10  1.44430713e+10  2.17278617e+12  9.05070848e+09
 2.54690000e+03  6.87118894e+16  1.96791812e+16  3.69962189e+10  1.59471672e+10  2.17278617e+12  9.05070848e+09
 2.54785000e+03  6.57413629e+16  2.12860061e+16  3.53968123e+10  1.72492694e+10  2.17278617e+12  9.05070848e+09
 2.54880000e+03  6.28992570e+16  2.26652188e+16  3.38665507e+10  1.83669245e+10  2.17278617e+12  9.05070848e+09
 2.54975000e+03  6.01800200e+16  2.38368362e+16  3.24024447e+10  1.93163531e+10  2.17278617e+12  9.05070848e+09
 2.54975000e+03  6.01800200e+16  0.00000000e+00  3.24024447e+10  0.00000000e+00  2.17278617e+12  9.05070848e+09
 2.54977500e+03  6.01100714e+16  6.98874034e+13  3.23647826e+10  5.66337643e+07  2.17278617e+12  9.05070848e+09
 2.54980000e+03  6.00402041e+16  1.39571353e+14  3.23271643e+10  1.13102658e+08  2.17278617e+12  9.05070848e+09
 2.54982500e+03  5.99704180e+16  2.09052299e+14  3.22895897e+10  1.69407047e+08  2.17278617e+12  9.05070848e+09
 2.54985000e+03  5.99007131e+16  2.78330692e+14  3.22520588e+10  2.25547295e+08  2.17278617e+12  9.05070848e+09
 2.54987500e+03  5.98310891e+16  3.47406978e+14  3.22145715e+10  2.81523765e+08  2.17278617e+12  9.05070848e+09
 2.54990000e+03  5.97615461e+16  4.16281607e+14  3.21771277e+10  3.37336820e+08  2.17278617e+12  9.05070848e+09
 2.54992500e+03  5.96920839e+16  4.84955024e+14  3.21397275e+10  3.92986821e+08  2.17278617e+12  9.05070848e+09
 2.54995000e+03  5.96227024e+16  5.53427675e+14  3.21023708e+10  4.48474131e+08  2.17278617e+12  9.05070848e+09
 2.54997500e+03  5.95534016e+16  6.21700006e+14  3.20650575e+10  5.03799109e+08  2.17278617e+12  9.05070848e+09
 2.55000000e+03  5.94841813e+16  6.89772459e+14  3.20277876e+10  5.58962116e+08  2.17278617e+12  9.05070848e+09
 2.55000000e+03  5.94841813e+16  6.89772459e+14  3.20277876e+10  5.58962116e+08  2.17278617e+12  9.05070848e+09
 2.55150000e+03  6.41864935e+16  4.72155556e+15  3.45596313e+10  3.82614680e+09  2.17278617e+12  9.05070848e+09
 2.55300000e+03  6.85718653e+16  8.65206921e+15  3.69208264e+10  7.01126704e+09  2.17278617e+12  9.05070848e+09
 2.55450000e+03  7.26616589e+16  1.24711433e+16  3.91228747e+10  1.01060814e+10  2.17278617e+12  9.05070848e+09
 2.55600000e+03  7.64757964e+16  1.61709876e+16  4.11765028e+10  1.31042771e+10  2.17278617e+12  9.05070848e+09
 2.55750000e+03  8.00328575e+16  1.97458625e+16  4.30917145e+10  1.60012029e+10  2.17278617e+12  9.05070848e+09
 2.55900000e+03  8.33501693e+16  2.31917885e+16  4.48778390e+10  1.87936340e+10  2.17278617e+12  9.05070848e+09
 2.56050000e+03  8.64438910e+16  2.65062909e+16  4.65435771e+10  2.14795651e+10  2.17278617e+12  9.05070848e+09
 2.56200000e+03  8.93290930e+16  2.96881749e+16  4.80970428e+10  2.40580279e+10  2.17278617e+12  9.05070848e+09
 2.56350000e+03  9.20198297e+16  3.27373286e+16  4.95458034e+10  2.65289317e+10  2.17278617e+12  9.05070848e+09
 2.56500000e+03  9.45292081e+16  3.56545498e+16  5.08969162e+10  2.88929231e+10  2.17278617e+12  9.05070848e+09
 2.56500000e+03  9.45292081e+16  3.56545498e+16  5.08969162e+10  2.88929231e+10  2.17278617e+12  9.04165778e+09
 2.56502500e+03  9.44193346e+16  3.57019730e+16  5.08377576e+10  2.89313528e+10  2.17278617e+12  9.04165778e+09
 2.56505000e+03  9.43095889e+16  3.57491857e+16  5.07786677e+10  2.89696119e+10  2.17278617e+12  9.04165778e+09
 2.56507500e+03  9.41999707e+16  3.57961883e+16  5.07196465e+10  2.90077009e+10  2.17278617e+12  9.04165778e+09
 2.56510000e+03  9.40904800e+16  3.58429815e+16  5.06606939e+10  2.90456200e+10  2.17278617e+12  9.04165778e+09
 2.56512500e+03  9.39811165e+16  3.58895656e+16  5.06018098e+10  2.90833698e+10  2.17278617e+12  9.04165778e+09
 2.56515000e+03  9.38718801e+16  3.59359413e+16  5.05429942e+10  2.91209507e+10  2.17278617e+12  9.04165778e+09
 2.56517500e+03  9.37627707e+16  3.59821090e+16  5.04842469e+10  2.91583630e+10  2.17278617e+12  9.04165778e+09
 2.56520000e+03  9.36537881e+16  3.60280693e+16  5.04255680e+10  2.91956073e+10  2.17278617e+12  9.04165778e+09
 2.56522500e+03  9.35449322e+16  3.60738226e+16  5.03669572e+10  2.92326838e+10  2.17278617e+12  9.04165778e+09
 2.56525000e+03  9.34362028e+16  3.61193695e+16  5.03084145e+10  2.92695931e+10  2.17278617e+12  9.04165778e+09
 2.56525000e+03  9.34362028e+16  0.00000000e+00  5.03084145e+10  0.00000000e+00  2.19206391e+12  9.03261612e+09
 2.56620000e+03  8.93968041e+16  3.90703266e+15  4.81335001e+10  3.16609225e+09  2.19206391e+12  9.03261612e+09
 2.56715000e+03  8.55320351e+16  7.39373923e+15  4.60526107e+10  5.99157022e+09  2.19206391e+12  9.03261612e+09
 2.56810000e+03  8.18343463e+16  1.04944700e+16  4.40616816e+10  8.50426986e+09  2.19206391e+12  9.03261612e+09
 2.56905000e+03  7.82965147e+16  1.32410490e+16  4.21568236e+10  1.07299801e+10  2.19206391e+12  9.03261612e+09
 2.57000000e+03  7.49116292e+16  1.56629505e+16  4.03343156e+10  1.26925855e+10  2.19206391e+12  9.03261612e+09
 2.57095000e+03  7.16730779e+16  1.77874630e+16  3.85905977e+10  1.44141996e+10  2.19206391e+12  9.03261612e+09
 2.57190000e+03  6.85745343e+16  1.96398425e+16  3.69222635e+10  1.59152888e+10  2.19206391e+12  9.03261612e+09
 2.57285000e+03  6.56099459e+16  2.12434553e+16  3.53260541e+10  1.72147881e+10  2.19206391e+12  9.03261612e+09
 2.57380000e+03  6.27735214e+16  2.26199110e+16  3.37988514e+10  1.83302090e+10  2.19206391e+12  9.03261612e+09
 2.57475000e+03  6.00597201e+16  2.37891863e+16  3.23376722e+10  1.92777397e+10  2.19206391e+12  9.03261612e+09
 2.57475000e+03  6.00597201e+16  0.00000000e+00  3.23376722e+10  0.00000000e+00  2.19206391e+12  9.03261612e+09
 2.57477500e+03  5.99899114e+16  6.97476985e+13  3.23000854e+10  5.65205534e+07  2.19206391e+12  9.03261612e+09
 2.57480000e+03  5.99201837e+16  1.39292350e+14  3.22625423e+10  1.12876566e+08  2.19206391e+12  9.03261612e+09
 2.57482500e+03  5.98505372e+16  2.08634404e+14  3.22250428e+10  1.69068403e+08  2.19206391e+12  9.03261612e+09
 2.57485000e+03  5.97809715e+16  2.77774309e+14  3.21875869e+10  2.25096426e+08  2.19206391e+12  9.03261612e+09
 2.57487500e+03  5.97114868e+16  3.46712512e+14  3.21501745e+10  2.80960999e+08  2.19206391e+12  9.03261612e+09
 2.57490000e+03  5.96420827e+16  4.15449460e+14  3.21128057e+10  3.36662483e+08  2.19206391e+12  9.03261612e+09
 2.57492500e+03  5.95727594e+16  4.83985599e+14  3.20754802e+10  3.92201241e+08  2.19206391e+12  9.03261612e+09
 2.57495000e+03  5.95035166e+16  5.52321373e+14  3.20381982e+10  4.47577631e+08  2.19206391e+12  9.03261612e+09
 2.57497500e+03  5.94343544e+16  6.20457227e+14  3.20009594e+10  5.02792015e+08  2.19206391e+12  9.03261612e+09
 2.57500000e+03  5.93652725e+16  6.88393604e+14  3.19637640e+10  5.57844750e+08  2.19206391e+12  9.03261612e+09
 2.57500000e+03  5.93652725e+16  6.88393604e+14  3.19637640e+10  5.57844750e+08  2.19206391e+12  9.03261612e+09
 2.57650000e+03  6.40581847e+16  4.71211717e+15  3.44905466e+10  3.81849833e+09  2.19206391e+12  9.03261612e+09
 2.57800000e+03  6.84347901e+16  8.63477372e+15  3.68470217e+10  6.99725152e+09  2.19206391e+12  9.03261612e+09
 2.57950000e+03  7.25164082e+16  1.24462135e+16  3.90446681e+10  1.00858794e+10  2.19206391e+12  9.03261612e+09
 2.58100000e+03  7.63229213e+16  1.61386618e+16  4.10941910e+10  1.30780817e+10  2.19206391e+12  9.03261612e+09
 2.58250000e+03  7.98728718e+16  1.97063905e+16  4.30055741e+10  1.59692165e+10  2.19206391e+12  9.03261612e+09
 2.58400000e+03  8.31835523e+16  2.31454281e+16  4.47881282e+10  1.87560656e+10  2.19206391e+12  9.03261612e+09
 2.58550000e+03  8.62710897e+16  2.64533048e+16  4.64505364e+10  2.14366274e+10  2.19206391e+12  9.03261612e+09
 2.58700000e+03  8.91505242e+16  2.96288282e+16  4.80008968e+10  2.40099359e+10  2.19206391e+12  9.03261612e+09
 2.58850000e+03  9.18358820e+16  3.26718867e+16  4.94467613e+10  2.64759004e+10  2.19206391e+12  9.03261612e+09
 2.59000000e+03  9.43402442e+16  3.55832764e+16  5.07951733e+10  2.88351661e+10  2.19206391e+12  9.03261612e+09
 2.59000000e+03  9.43402442e+16  3.55832764e+16  5.07951733e+10  2.88351661e+10  2.19206391e+12  9.02358350e+09
 2.59002500e+03  9.42305904e+16  3.56306048e+16  5.07361329e+10  2.88735190e+10  2.19206391e+12  9.02358350e+09
 2.59005000e+03  9.41210640e+16  3.56777231e+16  5.06771611e+10  2.89117017e+10  2.19206391e+12  9.02358350e+09
 2.59007500e+03  9.40116650e+16  3.57246317e+16  5.06182579e+10  2.89497145e+10  2.19206391e+12  9.02358350e+09
 2.59010000e+03  9.39023931e+16  3.57713313e+16  5.05594232e+10  2.89875578e+10  2.19206391e+12  9.02358350e+09
 2.59012500e+03  9.37932482e+16  3.58178224e+16  5.05006568e+10  2.90252322e+10  2.19206391e+12  9.02358350e+09
 2.59015000e+03  9.36842302e+16  3.58641053e+16  5.04419588e+10  2.90627379e+10  2.19206391e+12  9.02358350e+09
 2.59017500e+03  9.35753389e+16  3.59101808e+16  5.03833289e+10  2.91000755e+10  2.19206391e+12  9.02358350e+09
 2.59020000e+03  9.34665742e+16  3.59560492e+16  5.03247673e+10  2.91372453e+10  2.19206391e+12  9.02358350e+09
 2.59022500e+03  9.33579359e+16  3.60017110e+16  5.02662736e+10  2.91742477e+10  2.19206391e+12  9.02358350e+09
 2.59025000e+03  9.32494238e+16  3.60471669e+16  5.02078480e+10  2.92110832e+10  2.19206391e+12  9.02358350e+09
 2.59025000e+03  9.32494238e+16  0.00000000e+00  5.02078480e+10  0.00000000e+00  2.21130311e+12  9.01455992e+09
 2.59120000e+03  8.92180998e+16  3.89922250e+15  4.80372812e+10  3.15976324e+09  2.21130311e+12  9.01455992e+09
 2.59215000e+03  8.53610565e+16  7.37895915e+15  4.59605516e+10  5.97959307e+09  2.21130311e+12  9.01455992e+09
 2.59310000e+03  8.16707595e+16  1.04734915e+16  4.39736023e+10  8.48726983e+09  2.21130311e+12  9.01455992e+09
 2.59405000e+03  7.81399999e+16  1.32145801e+16  4.20725521e+10  1.07085309e+10  2.21130311e+12  9.01455992e+09
 2.59500000e+03  7.47618809e+16  1.56316402e+16  4.02536873e+10  1.26672131e+10  2.21130311e+12  9.01455992e+09
 2.59595000e+03  7.15298034e+16  1.77519058e+16  3.85134551e+10  1.43853857e+10  2.21130311e+12  9.01455992e+09
 2.59690000e+03  6.84374538e+16  1.96005825e+16  3.68484559e+10  1.58834742e+10  2.21130311e+12  9.01455992e+09
 2.59785000e+03  6.54787916e+16  2.12009897e+16  3.52554373e+10  1.71803758e+10  2.21130311e+12  9.01455992e+09
 2.59880000e+03  6.26480371e+16  2.25746938e+16  3.37312875e+10  1.82935669e+10  2.21130311e+12  9.01455992e+09
 2.59975000e+03  5.99396608e+16  2.37416317e+16  3.22730292e+10  1.92392035e+10  2.21130311e+12  9.01455992e+09
 2.59975000e+03  5.99396608e+16  0.00000000e+00  3.22730292e+10  0.00000000e+00  2.21130311e+12  9.01455992e+09
 2.59977500e+03  5.98699915e+16  6.96082728e+13  3.22355175e+10  5.64075688e+07  2.21130311e+12  9.01455992e+09
 2.59980000e+03  5.98004033e+16  1.39013905e+14  3.21980494e+10  1.12650926e+08  2.21130311e+12  9.01455992e+09
 2.59982500e+03  5.97308959e+16  2.08217344e+14  3.21606249e+10  1.68730435e+08  2.21130311e+12  9.01455992e+09
 2.59985000e+03  5.96614694e+16  2.77219038e+14  3.21232439e+10  2.24646458e+08  2.21130311e+12  9.01455992e+09
 2.59987500e+03  5.95921235e+16  3.46019433e+14  3.20859063e+10  2.80399358e+08  2.21130311e+12  9.01455992e+09
 2.59990000e+03  5.95228582e+16  4.14618976e+14  3.20486122e+10  3.35989495e+08  2.21130311e+12  9.01455992e+09
 2.59992500e+03  5.94536735e+16  4.83018112e+14  3.20113613e+10  3.91417230e+08  2.21130311e+12  9.01455992e+09
 2.59995000e+03  5.93845691e+16  5.51217283e+14  3.19741538e+10  4.46682924e+08  2.21130311e+12  9.01455992e+09
 2.59997500e+03  5.93155451e+16  6.19216933e+14  3.19369895e+10  5.01786934e+08  2.21130311e+12  9.01455992e+09
 2.60000000e+03  5.92466013e+16  6.87017505e+14  3.18998684e+10  5.56729619e+08  2.21130311e+12  9.01455992e+09
 2.60000000e+03  5.92466013e+16  6.87017505e+14  3.18998684e+10  5.56729619e+08  2.21130311e+12  9.01455992e+09
 2.60150000e+03  6.39301324e+16  4.70269765e+15  3.44216000e+10  3.81086515e+09  2.21130311e+12  9.01455992e+09
 2.60300000e+03  6.82979890e+16  8.61751281e+15  3.67733645e+10  6.98326402e+09  2.21130311e+12  9.01455992e+09
 2.60450000e+03  7.23714479e+16  1.24213335e+16  3.89666178e+10  1.00657177e+10  2.21130311e+12  9.01455992e+09
 2.60600000e+03  7.61703518e+16  1.61064006e+16  4.10120437e+10  1.30519386e+10  2.21130311e+12  9.01455992e+09
 2.60750000e+03  7.97132060e+16  1.96669974e+16  4.29196060e+10  1.59372940e+10  2.21130311e+12  9.01455992e+09
 2.60900000e+03  8.30172684e+16  2.30991604e+16  4.46985967e+10  1.87185722e+10  2.21130311e+12  9.01455992e+09
 2.61050000e+03  8.60986338e+16  2.64004246e+16  4.63576818e+10  2.13937756e+10  2.21130311e+12  9.01455992e+09
 2.61200000e+03  8.89723123e+16  2.95696002e+16  4.79049430e+10  2.39619400e+10  2.21130311e+12  9.01455992e+09
 2.61350000e+03  9.16523021e+16  3.26065756e+16  4.93479173e+10  2.64229750e+10  2.21130311e+12  9.01455992e+09
 2.61500000e+03  9.41516580e+16  3.55121454e+16  5.06936337e+10  2.87775246e+10  2.21130311e+12  9.01455992e+09
 2.61500000e+03  9.41516580e+16  3.55121454e+16  5.06936337e+10  2.87775246e+10  2.21130311e+12  9.00554536e+09
 2.61502500e+03  9.40422234e+16  3.55593792e+16  5.06347114e+10  2.88158009e+10  2.21130311e+12  9.00554536e+09
 2.61505000e+03  9.39329160e+16  3.56064033e+16  5.05758575e+10  2.88539072e+10  2.21130311e+12  9.00554536e+09
 2.61507500e+03  9.38237357e+16  3.56532182e+16  5.05170720e+10  2.88918440e+10  2.21130311e+12  9.00554536e+09
 2.61510000e+03  9.37146822e+16  3.56998245e+16  5.04583549e+10  2.89296117e+10  2.21130311e+12  9.00554536e+09
 2.61512500e+03  9.36057555e+16  3.57462225e+16  5.03997060e+10  2.89672107e+10  2.21130311e+12  9.00554536e+09
 2.61515000e+03  9.34969554e+16  3.57924130e+16  5.03411253e+10  2.90046415e+10  2.21130311e+12  9.00554536e+09
 2.61517500e+03  9.33882818e+16  3.58383963e+16  5.02826127e+10  2.90419044e+10  2.21130311e+12  9.00554536e+09
 2.61520000e+03  9.32797345e+16  3.58841730e+16  5.02241680e+10  2.90789999e+10  2.21130311e+12  9.00554536e+09
 2.61522500e+03  9.31713134e+16  3.59297436e+16  5.01657914e+10  2.91159284e+10  2.21130311e+12  9.00554536e+09
 2.61525000e+03  9.30630182e+16  3.59751086e+16  5.01074825e+10  2.91526902e+10  2.21130311e+12  9.00554536e+09
 2.61525000e+03  9.30630182e+16  0.00000000e+00  5.01074825e+10  0.00000000e+00  2.23050386e+12  8.99653981e+09
 2.61620000e+03  8.90397529e+16  3.89142795e+15  4.79412547e+10  3.15344687e+09  2.23050386e+12  8.99653981e+09
 2.61715000e+03  8.51904198e+16  7.36420861e+15  4.58686764e+10  5.96763986e+09  2.23050386e+12  8.99653981e+09
 2.61810000e+03  8.15074996e+16  1.04525550e+16  4.38856991e+10  8.47030378e+09  2.23050386e+12  8.99653981e+09
 2.61905000e+03  7.79837981e+16  1.31881642e+16  4.19884490e+10  1.06871245e+10  2.23050386e+12  8.99653981e+09
 2.62000000e+03  7.46124319e+16  1.56003926e+16  4.01732202e+10  1.26418913e+10  2.23050386e+12  8.99653981e+09
 2.62095000e+03  7.13868153e+16  1.77164198e+16  3.84364667e+10  1.43566293e+10  2.23050386e+12  8.99653981e+09
 2.62190000e+03  6.83006474e+16  1.95614009e+16  3.67747958e+10  1.58517231e+10  2.23050386e+12  8.99653981e+09
 2.62285000e+03  6.53478995e+16  2.11586089e+16  3.51849617e+10  1.71460322e+10  2.23050386e+12  8.99653981e+09
 2.62380000e+03  6.25228037e+16  2.25295670e+16  3.36638587e+10  1.82569980e+10  2.23050386e+12  8.99653981e+09
 2.62475000e+03  5.98198414e+16  2.36941722e+16  3.22085154e+10  1.92007443e+10  2.23050386e+12  8.99653981e+09
 2.62475000e+03  5.98198414e+16  0.00000000e+00  3.22085154e+10  0.00000000e+00  2.23050386e+12  8.99653981e+09
 2.62477500e+03  5.97503114e+16  6.94691259e+13  3.21710787e+10  5.62948101e+07  2.23050386e+12  8.99653981e+09
 2.62480000e+03  5.96808623e+16  1.38736016e+14  3.21336855e+10  1.12425737e+08  2.23050386e+12  8.99653981e+09
 2.62482500e+03  5.96114939e+16  2.07801117e+14  3.20963358e+10  1.68393143e+08  2.23050386e+12  8.99653981e+09
 2.62485000e+03  5.95422061e+16  2.76664877e+14  3.20590295e+10  2.24197390e+08  2.23050386e+12  8.99653981e+09
 2.62487500e+03  5.94729988e+16  3.45327741e+14  3.20217666e+10  2.79838840e+08  2.23050386e+12  8.99653981e+09
 2.62490000e+03  5.94038720e+16  4.13790153e+14  3.19845470e+10  3.35317852e+08  2.23050386e+12  8.99653981e+09
 2.62492500e+03  5.93348256e+16  4.82052558e+14  3.19473706e+10  3.90634787e+08  2.23050386e+12  8.99653981e+09
 2.62495000e+03  5.92658594e+16  5.50115399e+14  3.19102375e+10  4.45790004e+08  2.23050386e+12  8.99653981e+09
 2.62497500e+03  5.91969733e+16  6.17979119e+14  3.18731475e+10  5.00783861e+08  2.23050386e+12  8.99653981e+09
 2.62500000e+03  5.91281673e+16  6.85644157e+14  3.18361006e+10  5.55616716e+08  2.23050386e+12  8.99653981e+09
 2.62500000e+03  5.91281673e+16  6.85644157e+14  3.18361006e+10  5.55616716e+08  2.23050386e+12  8.99653981e+09
 2.62650000e+03  6.38023360e+16  4.69329696e+15  3.43527912e+10  3.80324723e+09  2.23050386e+12  8.99653981e+09
 2.62800000e+03  6.81614613e+16  8.60028640e+15  3.66998545e+10  6.96930447e+09  2.23050386e+12  8.99653981e+09
 2.62950000e+03  7.22267774e+16  1.23965033e+16  3.88887235e+10  1.00455963e+10  2.23050386e+12  8.99653981e+09
 2.63100000e+03  7.60180873e+16  1.60742039e+16  4.09300606e+10  1.30258478e+10  2.23050386e+12  8.99653981e+09
 2.63250000e+03  7.95538593e+16  1.96276831e+16  4.28338097e+10  1.59054354e+10  2.23050386e+12  8.99653981e+09
 2.63400000e+03  8.28513168e+16  2.30529852e+16  4.46092442e+10  1.86811538e+10  2.23050386e+12  8.99653981e+09
 2.63550000e+03  8.59265226e+16  2.63476502e+16  4.62650128e+10  2.13510094e+10  2.23050386e+12  8.99653981e+09
 2.63700000e+03  8.87944566e+16  2.95104906e+16  4.78091810e+10  2.39140401e+10  2.23050386e+12  8.99653981e+09
 2.63850000e+03  9.14690891e+16  3.25413950e+16  4.92492708e+10  2.63701555e+10  2.23050386e+12  8.99653981e+09
 2.64000000e+03  9.39634489e+16  3.54411567e+16  5.05922971e+10  2.87199984e+10  2.23050386e+12  8.99653981e+09
 2.64000000e+03  9.39634489e+16  3.54411567e+16  5.05922971e+10  2.87199984e+10  2.23050386e+12  8.98754327e+09
 2.64002500e+03  9.38542330e+16  3.54882960e+16  5.05334926e+10  2.87581981e+10  2.23050386e+12  8.98754327e+09
 2.64005000e+03  9.37451441e+16  3.55352261e+16  5.04747564e+10  2.87962282e+10  2.23050386e+12  8.98754327e+09
 2.64007500e+03  9.36361820e+16  3.55819474e+16  5.04160884e+10  2.88340892e+10  2.23050386e+12  8.98754327e+09
 2.64010000e+03  9.35273466e+16  3.56284605e+16  5.03574886e+10  2.88717814e+10  2.23050386e+12  8.98754327e+09
 2.64012500e+03  9.34186376e+16  3.56747658e+16  5.02989570e+10  2.89093053e+10  2.23050386e+12  8.98754327e+09
 2.64015000e+03  9.33100550e+16  3.57208640e+16  5.02404934e+10  2.89466612e+10  2.23050386e+12  8.98754327e+09
 2.64017500e+03  9.32015986e+16  3.57667554e+16  5.01820977e+10  2.89838497e+10  2.23050386e+12  8.98754327e+09
 2.64020000e+03  9.30932683e+16  3.58124406e+16  5.01237699e+10  2.90208710e+10  2.23050386e+12  8.98754327e+09
 2.64022500e+03  9.29850639e+16  3.58579201e+16  5.00655099e+10  2.90577256e+10  2.23050386e+12  8.98754327e+09
 2.64025000e+03  9.28769853e+16  3.59031944e+16  5.00073177e+10  2.90944140e+10  2.23050386e+12  8.98754327e+09
 2.64025000e+03  9.28769853e+16  0.00000000e+00  5.00073177e+10  0.00000000e+00  2.24966622e+12  8.97855573e+09
 2.64120000e+03  8.88617624e+16  3.88364899e+15  4.78454201e+10  3.14714313e+09  2.24966622e+12  8.97855573e+09
 2.64215000e+03  8.50201241e+16  7.34948755e+15  4.57769849e+10  5.95571055e+09  2.24966622e+12  8.97855573e+09
 2.64310000e+03  8.13445661e+16  1.04316604e+16  4.37979716e+10  8.45337164e+09  2.24966622e+12  8.97855573e+09
 2.64405000e+03  7.78279085e+16  1.31618010e+16  4.19045141e+10  1.06657609e+10  2.24966622e+12  8.97855573e+09
 2.64500000e+03  7.44632816e+16  1.55692074e+16  4.00929140e+10  1.26166202e+10  2.24966622e+12  8.97855573e+09
 2.64595000e+03  7.12441131e+16  1.76810047e+16  3.83596322e+10  1.43279304e+10  2.24966622e+12  8.97855573e+09
 2.64690000e+03  6.81641144e+16  1.95222977e+16  3.67012830e+10  1.58200355e+10  2.24966622e+12  8.97855573e+09
 2.64785000e+03  6.52172690e+16  2.11163128e+16  3.51146270e+10  1.71117573e+10  2.24966622e+12  8.97855573e+09
 2.64880000e+03  6.23978206e+16  2.24845304e+16  3.35965646e+10  1.82205023e+10  2.24966622e+12  8.97855573e+09
 2.64975000e+03  5.97002615e+16  2.36468076e+16  3.21441306e+10  1.91623620e+10  2.24966622e+12  8.97855573e+09
 2.64975000e+03  5.97002615e+16  0.00000000e+00  3.21441306e+10  0.00000000e+00  2.24966622e+12  8.97855573e+09
 2.64977500e+03  5.96308706e+16  6.93302571e+13  3.21067687e+10  5.61822768e+07  2.24966622e+12  8.97855573e+09
 2.64980000e+03  5.95615602e+16  1.38458683e+14  3.20694503e+10  1.12200998e+08  2.24966622e+12  8.97855573e+09
 2.64982500e+03  5.94923305e+16  2.07385723e+14  3.20321753e+10  1.68056525e+08  2.24966622e+12  8.97855573e+09
 2.64985000e+03  5.94231812e+16  2.76111824e+14  3.19949435e+10  2.23749219e+08  2.24966622e+12  8.97855573e+09
 2.64987500e+03  5.93541123e+16  3.44637430e+14  3.19577551e+10  2.79279442e+08  2.24966622e+12  8.97855573e+09
 2.64990000e+03  5.92851237e+16  4.12962987e+14  3.19206099e+10  3.34647552e+08  2.24966622e+12  8.97855573e+09
 2.64992500e+03  5.92162152e+16  4.81088935e+14  3.18835078e+10  3.89853908e+08  2.24966622e+12  8.97855573e+09
 2.64995000e+03  5.91473869e+16  5.49015719e+14  3.18464489e+10  4.44898870e+08  2.24966622e+12  8.97855573e+09
 2.64997500e+03  5.90786386e+16  6.16743778e+14  3.18094331e+10  4.99782795e+08  2.24966622e+12  8.97855573e+09
 2.65000000e+03  5.90099701e+16  6.84273555e+14  3.17724602e+10  5.54506039e+08  2.24966622e+12  8.97855573e+09
 2.65000000e+03  5.90099701e+16  6.84273555e+14  3.17724602e+10  5.54506039e+08  2.24966622e+12  8.97855573e+09
 2.65150000e+03  6.36747952e+16  4.68391506e+15  3.42841200e+10  3.79564454e+09  2.24966622e+12  8.97855573e+09
 2.65300000e+03  6.80252065e+16  8.58309443e+15  3.66264915e+10  6.95537283e+09  2.24966622e+12  8.97855573e+09
 2.65450000e+03  7.20823960e+16  1.23717227e+16  3.88109850e+10  1.00255152e+10  2.24966622e+12  8.97855573e+09
 2.65600000e+03  7.58661271e+16  1.60420716e+16  4.08482414e+10  1.29998091e+10  2.24966622e+12  8.97855573e+09
 2.65750000e+03  7.93948311e+16  1.95884474e+16  4.27481849e+10  1.58736404e+10  2.24966622e+12  8.97855573e+09
 2.65900000e+03  8.26856971e+16  2.30069023e+16  4.45200704e+10  1.86438101e+10  2.24966622e+12  8.97855573e+09
 2.66050000e+03  8.57547555e+16  2.62949812e+16  4.61725291e+10  2.13083288e+10  2.24966622e+12  8.97855573e+09
 2.66200000e+03  8.86169565e+16  2.94514991e+16  4.77136105e+10  2.38662359e+10  2.24966622e+12  8.97855573e+09
 2.66350000e+03  9.12862424e+16  3.24763448e+16  4.91508215e+10  2.63174416e+10  2.24966622e+12  8.97855573e+09
 2.66500000e+03  9.37756159e+16  3.53703098e+16  5.04911631e+10  2.86625871e+10  2.24966622e+12  8.97855573e+09
 2.66500000e+03  9.37756159e+16  3.53703098e+16  5.04911631e+10  2.86625871e+10  2.24966622e+12  8.96957717e+09
 2.66502500e+03  9.36666184e+16  3.54173549e+16  5.04324761e+10  2.87007105e+10  2.24966622e+12  8.96957717e+09
 2.66505000e+03  9.35577476e+16  3.54641912e+16  5.03738573e+10  2.87386646e+10  2.24966622e+12  8.96957717e+09
 2.66507500e+03  9.34490033e+16  3.55108191e+16  5.03153066e+10  2.87764499e+10  2.24966622e+12  8.96957717e+09
 2.66510000e+03  9.33403854e+16  3.55572392e+16  5.02568240e+10  2.88140667e+10  2.24966622e+12  8.96957717e+09
 2.66512500e+03  9.32318938e+16  3.56034520e+16  5.01984094e+10  2.88515156e+10  2.24966622e+12  8.96957717e+09
 2.66515000e+03  9.31235282e+16  3.56494580e+16  5.01400626e+10  2.88887969e+10  2.24966622e+12  8.96957717e+09
 2.66517500e+03  9.30152886e+16  3.56952576e+16  5.00817837e+10  2.89259109e+10  2.24966622e+12  8.96957717e+09
 2.66520000e+03  9.29071749e+16  3.57408515e+16  5.00235725e+10  2.89628583e+10  2.24966622e+12  8.96957717e+09
 2.66522500e+03  9.27991868e+16  3.57862401e+16  4.99654290e+10  2.89996392e+10  2.24966622e+12  8.96957717e+09
 2.66525000e+03  9.26913242e+16  3.58314239e+16  4.99073530e+10  2.90362543e+10  2.24966622e+12  8.96957717e+09
 2.66525000e+03  9.26913242e+16  0.00000000e+00  4.99073530e+10  0.00000000e+00  2.26879027e+12  8.96060760e+09
 2.66620000e+03  8.86841277e+16  3.87588557e+15  4.77497771e+10  3.14085199e+09  2.26879027e+12  8.96060760e+09
 2.66715000e+03  8.48501689e+16  7.33479593e+15  4.56854767e+10  5.94380509e+09  2.26879027e+12  8.96060760e+09
 2.66810000e+03  8.11819583e+16  1.04108075e+16  4.37104194e+10  8.43647335e+09  2.26879027e+12  8.96060760e+09
 2.66905000e+03  7.76723305e+16  1.31354906e+16  4.18207470e+10  1.06444401e+10  2.26879027e+12  8.96060760e+09
 2.67000000e+03  7.43144295e+16  1.55380846e+16  4.00127682e+10  1.25913995e+10  2.26879027e+12  8.96060760e+09
 2.67095000e+03  7.11016961e+16  1.76456603e+16  3.82829513e+10  1.42992888e+10  2.26879027e+12  8.96060760e+09
 2.67190000e+03  6.80278543e+16  1.94832726e+16  3.66279171e+10  1.57884113e+10  2.26879027e+12  8.96060760e+09
 2.67285000e+03  6.50868997e+16  2.10741013e+16  3.50444328e+10  1.70775509e+10  2.26879027e+12  8.96060760e+09
 2.67380000e+03  6.22730874e+16  2.24395838e+16  3.35294051e+10  1.81840795e+10  2.26879027e+12  8.96060760e+09
 2.67475000e+03  5.95809207e+16  2.35995376e+16  3.20798745e+10  1.91240565e+10  2.26879027e+12  8.96060760e+09
 2.67475000e+03  5.95809207e+16  0.00000000e+00  3.20798745e+10  0.00000000e+00  2.26879027e+12  8.96060760e+09
 2.67477500e+03  5.95116684e+16  6.91916659e+13  3.20425873e+10  5.60699684e+07  2.26879027e+12  8.96060760e+09
 2.67480000e+03  5.94424967e+16  1.38181904e+14  3.20053435e+10  1.11976708e+08  2.26879027e+12  8.96060760e+09
 2.67482500e+03  5.93734053e+16  2.06971159e+14  3.19681429e+10  1.67720580e+08  2.26879027e+12  8.96060760e+09
 2.67485000e+03  5.93043943e+16  2.75559876e+14  3.19309857e+10  2.23301945e+08  2.26879027e+12  8.96060760e+09
 2.67487500e+03  5.92354634e+16  3.43948500e+14  3.18938715e+10  2.78721162e+08  2.26879027e+12  8.96060760e+09
 2.67490000e+03  5.91666127e+16  4.12137474e+14  3.18568006e+10  3.33978591e+08  2.26879027e+12  8.96060760e+09
 2.67492500e+03  5.90978420e+16  4.80127238e+14  3.18197727e+10  3.89074590e+08  2.26879027e+12  8.96060760e+09
 2.67495000e+03  5.90291513e+16  5.47918236e+14  3.17827879e+10  4.44009517e+08  2.26879027e+12  8.96060760e+09
 2.67497500e+03  5.89605404e+16  6.15510908e+14  3.17458460e+10  4.98783729e+08  2.26879027e+12  8.96060760e+09
 2.67500000e+03  5.88920092e+16  6.82905692e+14  3.17089471e+10  5.53397581e+08  2.26879027e+12  8.96060760e+09
 2.67500000e+03  5.88920092e+16  6.82905692e+14  3.17089471e+10  5.53397581e+08  2.26879027e+12  8.96060760e+09
 2.67650000e+03  6.35475092e+16  4.67455191e+15  3.42155861e+10  3.78805705e+09  2.26879027e+12  8.96060760e+09
 2.67800000e+03  6.78892242e+16  8.56593683e+15  3.65532752e+10  6.94146904e+09  2.26879027e+12  8.96060760e+09
 2.67950000e+03  7.19383033e+16  1.23469916e+16  3.87334018e+10  1.00054742e+10  2.26879027e+12  8.96060760e+09
 2.68100000e+03  7.57144707e+16  1.60100035e+16  4.07665858e+10  1.29738225e+10  2.26879027e+12  8.96060760e+09
 2.68250000e+03  7.92361208e+16  1.95492901e+16  4.26627313e+10  1.58419090e+10  2.26879027e+12  8.96060760e+09
 2.68400000e+03  8.25204083e+16  2.29609115e+16  4.44310747e+10  1.86065412e+10  2.26879027e+12  8.96060760e+09
 2.68550000e+03  8.55833318e+16  2.62424176e+16  4.60802302e+10  2.12657334e+10  2.26879027e+12  8.96060760e+09
 2.68700000e+03  8.84398112e+16  2.93926256e+16  4.76182309e+10  2.38185273e+10  2.26879027e+12  8.96060760e+09
 2.68850000e+03  9.11037612e+16  3.24114246e+16  4.90525690e+10  2.62648330e+10  2.26879027e+12  8.96060760e+09
 2.69000000e+03  9.35881585e+16  3.52996045e+16  5.03902313e+10  2.86052906e+10  2.26879027e+12  8.96060760e+09
 2.69000000e+03  9.35881585e+16  3.52996045e+16  5.03902313e+10  2.86052906e+10  2.26879027e+12  8.95164699e+09
 2.69002500e+03  9.34793788e+16  3.53465556e+16  5.03316616e+10  2.86433377e+10  2.26879027e+12  8.95164699e+09
 2.69005000e+03  9.33707256e+16  3.53932983e+16  5.02731600e+10  2.86812160e+10  2.26879027e+12  8.95164699e+09
 2.69007500e+03  9.32621987e+16  3.54398330e+16  5.02147263e+10  2.87189257e+10  2.26879027e+12  8.95164699e+09
 2.69010000e+03  9.31537980e+16  3.54861603e+16  5.01563606e+10  2.87564674e+10  2.26879027e+12  8.95164699e+09
 2.69012500e+03  9.30455232e+16  3.55322807e+16  5.00980628e+10  2.87938414e+10  2.26879027e+12  8.95164699e+09
 2.69015000e+03  9.29373743e+16  3.55781947e+16  5.00398326e+10  2.88310481e+10  2.26879027e+12  8.95164699e+09
 2.69017500e+03  9.28293511e+16  3.56239028e+16  4.99816702e+10  2.88680880e+10  2.26879027e+12  8.95164699e+09
 2.69020000e+03  9.27214534e+16  3.56694055e+16  4.99235754e+10  2.89049615e+10  2.26879027e+12  8.95164699e+09
 2.69022500e+03  9.26136812e+16  3.57147034e+16  4.98655481e+10  2.89416690e+10  2.26879027e+12  8.95164699e+09
 2.69025000e+03  9.25060342e+16  3.57597969e+16  4.98075882e+10  2.89782108e+10  2.26879027e+12  8.95164699e+09
 2.69025000e+03  9.25060342e+16  0.00000000e+00  4.98075882e+10  0.00000000e+00  2.28787610e+12  8.94269534e+09
 2.69120000e+03  8.85068482e+16  3.86813768e+15  4.76543253e+10  3.13457343e+09  2.28787610e+12  8.94269534e+09
 2.69215000e+03  8.46805534e+16  7.32013367e+15  4.55941515e+10  5.93192342e+09  2.28787610e+12  8.94269534e+09
 2.69310000e+03  8.10196756e+16  1.03899963e+16  4.36230423e+10  8.41960884e+09  2.28787610e+12  8.94269534e+09
 2.69405000e+03  7.75170635e+16  1.31092328e+16  4.17371473e+10  1.06231619e+10  2.28787610e+12  8.94269534e+09
 2.69500000e+03  7.41658750e+16  1.55070239e+16  3.99327827e+10  1.25662293e+10  2.28787610e+12  8.94269534e+09
 2.69595000e+03  7.09595638e+16  1.76103867e+16  3.82064237e+10  1.42707046e+10  2.28787610e+12  8.94269534e+09
 2.69690000e+03  6.78918666e+16  1.94443255e+16  3.65546979e+10  1.57568502e+10  2.28787610e+12  8.94269534e+09
 2.69785000e+03  6.49567910e+16  2.10319742e+16  3.49743790e+10  1.70434129e+10  2.28787610e+12  8.94269534e+09
 2.69880000e+03  6.21486035e+16  2.23947271e+16  3.34623798e+10  1.81477295e+10  2.28787610e+12  8.94269534e+09
 2.69975000e+03  5.94618184e+16  2.35523621e+16  3.20157468e+10  1.90858275e+10  2.28787610e+12  8.94269534e+09
 2.69975000e+03  5.94618184e+16  0.00000000e+00  3.20157468e+10  0.00000000e+00  2.28787610e+12  8.94269534e+09
 2.69977500e+03  5.93927046e+16  6.90533518e+13  3.19785342e+10  5.59578845e+07  2.28787610e+12  8.94269534e+09
 2.69980000e+03  5.93236711e+16  1.37905678e+14  3.19413648e+10  1.11752866e+08  2.28787610e+12  8.94269534e+09
 2.69982500e+03  5.92547179e+16  2.06557423e+14  3.19042386e+10  1.67385306e+08  2.28787610e+12  8.94269534e+09
 2.69985000e+03  5.91858448e+16  2.75009032e+14  3.18671556e+10  2.22855564e+08  2.28787610e+12  8.94269534e+09
 2.69987500e+03  5.91170517e+16  3.43260947e+14  3.18301157e+10  2.78163999e+08  2.28787610e+12  8.94269534e+09
 2.69990000e+03  5.90483387e+16  4.11313611e+14  3.17931188e+10  3.33310968e+08  2.28787610e+12  8.94269534e+09
 2.69992500e+03  5.89797054e+16  4.79167464e+14  3.17561650e+10  3.88296830e+08  2.28787610e+12  8.94269534e+09
 2.69995000e+03  5.89111520e+16  5.46822948e+14  3.17192541e+10  4.43121942e+08  2.28787610e+12  8.94269534e+09
 2.69997500e+03  5.88426782e+16  6.14280501e+14  3.16823861e+10  4.97786660e+08  2.28787610e+12  8.94269534e+09
 2.70000000e+03  5.87742841e+16  6.81540563e+14  3.16455609e+10  5.52291339e+08  2.28787610e+12  8.94269534e+09
 2.70000000e+03  5.87742841e+16  6.81540563e+14  3.16455609e+10  5.52291339e+08  2.28787610e+12  8.94269534e+09
 2.70150000e+03  6.34204778e+16  4.66520748e+15  3.41471891e+10  3.78048472e+09  2.28787610e+12  8.94269534e+09
 2.70300000e+03  6.77535136e+16  8.54881352e+15  3.64802052e+10  6.92759304e+09  2.28787610e+12  8.94269534e+09
 2.70450000e+03  7.17944987e+16  1.23223099e+16  3.86559737e+10  9.98547325e+09  2.28787610e+12  8.94269534e+09
 2.70600000e+03  7.55631175e+16  1.59779995e+16  4.06850934e+10  1.29478878e+10  2.28787610e+12  8.94269534e+09
 2.70750000e+03  7.90777278e+16  1.95102110e+16  4.25774485e+10  1.58102410e+10  2.28787610e+12  8.94269534e+09
 2.70900000e+03  8.23554501e+16  2.29150126e+16  4.43422570e+10  1.85693467e+10  2.28787610e+12  8.94269534e+09
 2.71050000e+03  8.54122507e+16  2.61899590e+16  4.59881158e+10  2.12232232e+10  2.28787610e+12  8.94269534e+09
 2.71200000e+03  8.82630200e+16  2.93338697e+16  4.75230421e+10  2.37709141e+10  2.28787610e+12  8.94269534e+09
 2.71350000e+03  9.09216448e+16  3.23466341e+16  4.89545129e+10  2.62123296e+10  2.28787610e+12  8.94269534e+09
 2.71500000e+03  9.34010757e+16  3.52290406e+16  5.02895012e+10  2.85481086e+10  2.28787610e+12  8.94269534e+09
 2.71500000e+03  9.34010757e+16  3.52290406e+16  5.02895012e+10  2.85481086e+10  2.28787610e+12  8.93375265e+09
 2.71502500e+03  9.32925136e+16  3.52758978e+16  5.02310486e+10  2.85860797e+10  2.28787610e+12  8.93375265e+09
 2.71505000e+03  9.31840776e+16  3.53225471e+16  5.01726639e+10  2.86238822e+10  2.28787610e+12  8.93375265e+09
 2.71507500e+03  9.30757676e+16  3.53689888e+16  5.01143471e+10  2.86615166e+10  2.28787610e+12  8.93375265e+09
 2.71510000e+03  9.29675835e+16  3.54152235e+16  5.00560981e+10  2.86989832e+10  2.28787610e+12  8.93375265e+09
 2.71512500e+03  9.28595252e+16  3.54612517e+16  4.99979167e+10  2.87362825e+10  2.28787610e+12  8.93375265e+09
 2.71515000e+03  9.27515925e+16  3.55070739e+16  4.99398030e+10  2.87734149e+10  2.28787610e+12  8.93375265e+09
 2.71517500e+03  9.26437852e+16  3.55526906e+16  4.98817569e+10  2.88103807e+10  2.28787610e+12  8.93375265e+09
 2.71520000e+03  9.25361032e+16  3.55981024e+16  4.98237782e+10  2.88471805e+10  2.28787610e+12  8.93375265e+09
 2.71522500e+03  9.24285464e+16  3.56433097e+16  4.97658669e+10  2.88838146e+10  2.28787610e+12  8.93375265e+09
 2.71525000e+03  9.23211146e+16  3.56883130e+16  4.97080229e+10  2.89202833e+10  2.28787610e+12  8.93375265e+09
 2.71525000e+03  9.23211146e+16  0.00000000e+00  4.97080229e+10  0.00000000e+00  2.30692378e+12  8.92481890e+09
 2.71620000e+03  8.83299230e+16  3.86040527e+15  4.75590643e+10  3.12830741e+09  2.30692378e+12  8.92481890e+09
 2.71715000e+03  8.45112770e+16  7.30550072e+15  4.55030088e+10  5.92006550e+09  2.30692378e+12  8.92481890e+09
 2.71810000e+03  8.08577173e+16  1.03692267e+16  4.35358398e+10  8.40277804e+09  2.30692378e+12  8.92481890e+09
 2.71905000e+03  7.73621069e+16  1.30830274e+16  4.16537148e+10  1.06019262e+10  2.30692378e+12  8.92481890e+09
 2.72000000e+03  7.40176174e+16  1.54760254e+16  3.98529571e+10  1.25411094e+10  2.30692378e+12  8.92481890e+09
 2.72095000e+03  7.08177156e+16  1.75751835e+16  3.81300490e+10  1.42421774e+10  2.30692378e+12  8.92481890e+09
 2.72190000e+03  6.77561508e+16  1.94054563e+16  3.64816251e+10  1.57253523e+10  2.30692378e+12  8.92481890e+09
 2.72285000e+03  6.48269424e+16  2.09899313e+16  3.49044652e+10  1.70093431e+10  2.30692378e+12  8.92481890e+09
 2.72380000e+03  6.20243684e+16  2.23499600e+16  3.33954885e+10  1.81114522e+10  2.30692378e+12  8.92481890e+09
 2.72475000e+03  5.93429543e+16  2.35052810e+16  3.19517473e+10  1.90476749e+10  2.30692378e+12  8.92481890e+09
 2.72475000e+03  5.93429543e+16  0.00000000e+00  3.19517473e+10  0.00000000e+00  2.30692378e+12  8.92481890e+09
 2.72477500e+03  5.92739786e+16  6.89153141e+13  3.19146091e+10  5.58460247e+07  2.30692378e+12  8.92481890e+09
 2.72480000e+03  5.92050831e+16  1.37630005e+14  3.18775140e+10  1.11529473e+08  2.30692378e+12  8.92481890e+09
 2.72482500e+03  5.91362677e+16  2.06144515e+14  3.18404621e+10  1.67050703e+08  2.30692378e+12  8.92481890e+09
 2.72485000e+03  5.90675323e+16  2.74459289e+14  3.18034532e+10  2.22410076e+08  2.30692378e+12  8.92481890e+09
 2.72487500e+03  5.89988768e+16  3.42574769e+14  3.17664873e+10  2.77607949e+08  2.30692378e+12  8.92481890e+09
 2.72490000e+03  5.89303010e+16  4.10491395e+14  3.17295644e+10  3.32644679e+08  2.30692378e+12  8.92481890e+09
 2.72492500e+03  5.88618050e+16  4.78209608e+14  3.16926844e+10  3.87520625e+08  2.30692378e+12  8.92481890e+09
 2.72495000e+03  5.87933886e+16  5.45729849e+14  3.16558473e+10  4.42236141e+08  2.30692378e+12  8.92481890e+09
 2.72497500e+03  5.87250517e+16  6.13052555e+14  3.16190530e+10  4.96791585e+08  2.30692378e+12  8.92481890e+09
 2.72500000e+03  5.86567943e+16  6.80178164e+14  3.15823014e+10  5.51187309e+08  2.30692378e+12  8.92481890e+09
 2.72500000e+03  5.86567943e+16  6.80178164e+14  3.15823014e+10  5.51187309e+08  2.30692378e+12  8.92481890e+09
 2.72650000e+03  6.32937002e+16  4.65588173e+15  3.40789289e+10  3.77292753e+09  2.30692378e+12  8.92481890e+09
 2.72800000e+03  6.76180743e+16  8.53172444e+15  3.64072812e+10  6.91374479e+09  2.30692378e+12  8.92481890e+09
 2.72950000e+03  7.16509815e+16  1.22976776e+16  3.85787004e+10  9.96551229e+09  2.30692378e+12  8.92481890e+09
 2.73100000e+03  7.54120668e+16  1.59460595e+16  4.06037639e+10  1.29220050e+10  2.30692378e+12  8.92481890e+09
 2.73250000e+03  7.89196514e+16  1.94712101e+16  4.24923362e+10  1.57786364e+10  2.30692378e+12  8.92481890e+09
 2.73400000e+03  8.21908215e+16  2.28692055e+16  4.42536169e+10  1.85322266e+10  2.30692378e+12  8.92481890e+09
 2.73550000e+03  8.52415116e+16  2.61376052e+16  4.58961855e+10  2.11807980e+10  2.30692378e+12  8.92481890e+09
 2.73700000e+03  8.80865823e+16  2.92752313e+16  4.74280435e+10  2.37233960e+10  2.30692378e+12  8.92481890e+09
 2.73850000e+03  9.07398924e+16  3.22819732e+16  4.88566528e+10  2.61599312e+10  2.30692378e+12  8.92481890e+09
 2.74000000e+03  9.32143670e+16  3.51586178e+16  5.01889725e+10  2.84910409e+10  2.30692378e+12  8.92481890e+09
 2.74000000e+03  9.32143670e+16  3.51586178e+16  5.01889725e+10  2.84910409e+10  2.30692378e+12  8.91589408e+09
 2.74002500e+03  9.31060218e+16  3.52053813e+16  5.01306367e+10  2.85289361e+10  2.30692378e+12  8.91589408e+09
 2.74005000e+03  9.29978026e+16  3.52519373e+16  5.00723688e+10  2.85666631e+10  2.30692378e+12  8.91589408e+09
 2.74007500e+03  9.28897091e+16  3.52982861e+16  5.00141685e+10  2.86042222e+10  2.30692378e+12  8.91589408e+09
 2.74010000e+03  9.27817413e+16  3.53444284e+16  4.99560359e+10  2.86416140e+10  2.30692378e+12  8.91589408e+09
 2.74012500e+03  9.26738990e+16  3.53903646e+16  4.98979709e+10  2.86788387e+10  2.30692378e+12  8.91589408e+09
 2.74015000e+03  9.25661820e+16  3.54360952e+16  4.98399734e+10  2.87158968e+10  2.30692378e+12  8.91589408e+09
 2.74017500e+03  9.24585903e+16  3.54816208e+16  4.97820432e+10  2.87527888e+10  2.30692378e+12  8.91589408e+09
 2.74020000e+03  9.23511236e+16  3.55269418e+16  4.97241804e+10  2.87895150e+10  2.30692378e+12  8.91589408e+09
 2.74022500e+03  9.22437818e+16  3.55720587e+16  4.96663849e+10  2.88260758e+10  2.30692378e+12  8.91589408e+09
 2.74025000e+03  9.21365647e+16  3.56169721e+16  4.96086565e+10  2.88624717e+10  2.30692378e+12  8.91589408e+09
 2.74025000e+03  9.21365647e+16  0.00000000e+00  4.96086565e+10  0.00000000e+00  2.32593338e+12  8.90697818e+09
 2.74120000e+03  8.81533515e+16  3.85268832e+15  4.74639938e+10  3.12205393e+09  2.32593338e+12  8.90697818e+09
 2.74215000e+03  8.43423389e+16  7.29089703e+15  4.54120483e+10  5.90823129e+09  2.32593338e+12  8.90697818e+09
 2.74310000e+03  8.06960827e+16  1.03484986e+16  4.34488117e+10  8.38598089e+09  2.32593338e+12  8.90697818e+09
 2.74405000e+03  7.72074600e+16  1.30568744e+16  4.15704490e+10  1.05807329e+10  2.32593338e+12  8.90697818e+09
 2.74500000e+03  7.38696562e+16  1.54450888e+16  3.97732910e+10  1.25160398e+10  2.32593338e+12  8.90697818e+09
 2.74595000e+03  7.06761510e+16  1.75400507e+16  3.80538271e+10  1.42137073e+10  2.32593338e+12  8.90697818e+09
 2.74690000e+03  6.76207062e+16  1.93666648e+16  3.64086983e+10  1.56939173e+10  2.32593338e+12  8.90697818e+09
 2.74785000e+03  6.46973533e+16  2.09479724e+16  3.48346912e+10  1.69753414e+10  2.32593338e+12  8.90697818e+09
 2.74880000e+03  6.19003817e+16  2.23052825e+16  3.33287309e+10  1.80752474e+10  2.32593338e+12  8.90697818e+09
 2.74975000e+03  5.92243277e+16  2.34582939e+16  3.18878758e+10  1.90095986e+10  2.32593338e+12  8.90697818e+09
 2.74975000e+03  5.92243277e+16  0.00000000e+00  3.18878758e+10  0.00000000e+00  2.32593338e+12  8.90697818e+09
 2.74977500e+03  5.91554899e+16  6.87775524e+13  3.18508118e+10  5.57343885e+07  2.32593338e+12  8.90697818e+09
 2.74980000e+03  5.90867322e+16  1.37354882e+14  3.18137909e+10  1.11306525e+08  2.32593338e+12  8.90697818e+09
 2.74982500e+03  5.90180543e+16  2.05732432e+14  3.17768130e+10  1.66716769e+08  2.32593338e+12  8.90697818e+09
 2.74985000e+03  5.89494563e+16  2.73910645e+14  3.17398781e+10  2.21965478e+08  2.32593338e+12  8.90697818e+09
 2.74987500e+03  5.88809380e+16  3.41889962e+14  3.17029861e+10  2.77053010e+08  2.32593338e+12  8.90697818e+09
 2.74990000e+03  5.88124994e+16  4.09670823e+14  3.16661370e+10  3.31979723e+08  2.32593338e+12  8.90697818e+09
 2.74992500e+03  5.87441403e+16  4.77253667e+14  3.16293307e+10  3.86745971e+08  2.32593338e+12  8.90697818e+09
 2.74995000e+03  5.86758606e+16  5.44638935e+14  3.15925672e+10  4.41352111e+08  2.32593338e+12  8.90697818e+09
 2.74997500e+03  5.86076603e+16  6.11827063e+14  3.15558465e+10  4.95798498e+08  2.32593338e+12  8.90697818e+09
 2.75000000e+03  5.85395393e+16  6.78818488e+14  3.15191684e+10  5.50085485e+08  2.32593338e+12  8.90697818e+09
 2.75000000e+03  5.85395393e+16  6.78818488e+14  3.15191684e+10  5.50085485e+08  2.32593338e+12  8.90697818e+09
 2.75150000e+03  6.31671761e+16  4.64657462e+15  3.40108051e+10  3.76538545e+09  2.32593338e+12  8.90697818e+09
 2.75300000e+03  6.74829058e+16  8.51466952e+15  3.63345031e+10  6.89992421e+09  2.32593338e+12  8.90697818e+09
 2.75450000e+03  7.15077512e+16  1.22730946e+16  3.85015816e+10  9.94559123e+09  2.32593338e+12  8.90697818e+09
 2.75600000e+03  7.52613181e+16  1.59141833e+16  4.05225970e+10  1.28961739e+10  2.32593338e+12  8.90697818e+09
 2.75750000e+03  7.87618911e+16  1.94322872e+16  4.24073940e+10  1.57470949e+10  2.32593338e+12  8.90697818e+09
 2.75900000e+03  8.20265221e+16  2.28234899e+16  4.41651539e+10  1.84951806e+10  2.32593338e+12  8.90697818e+09
 2.76050000e+03  8.50711138e+16  2.60853562e+16  4.58044391e+10  2.11384576e+10  2.32593338e+12  8.90697818e+09
 2.76200000e+03  8.79104972e+16  2.92167101e+16  4.73332349e+10  2.36759730e+10  2.32593338e+12  8.90697818e+09
 2.76350000e+03  9.05585034e+16  3.22174416e+16  4.87589884e+10  2.61076375e+10  2.32593338e+12  8.90697818e+09
 2.76500000e+03  9.30280315e+16  3.50883357e+16  5.00886448e+10  2.84340874e+10  2.32593338e+12  8.90697818e+09
 2.76500000e+03  9.30280315e+16  3.50883357e+16  5.00886448e+10  2.84340874e+10  2.32593338e+12  8.89807120e+09
 2.76502500e+03  9.29199029e+16  3.51350058e+16  5.00304256e+10  2.84719068e+10  2.32593338e+12  8.89807120e+09
 2.76505000e+03  9.28119000e+16  3.51814687e+16  4.99722741e+10  2.85095583e+10  2.32593338e+12  8.89807120e+09
 2.76507500e+03  9.27040226e+16  3.52277249e+16  4.99141902e+10  2.85470424e+10  2.32593338e+12  8.89807120e+09
 2.76510000e+03  9.25962706e+16  3.52737749e+16  4.98561738e+10  2.85843594e+10  2.32593338e+12  8.89807120e+09
 2.76512500e+03  9.24886439e+16  3.53196193e+16  4.97982249e+10  2.86215097e+10  2.32593338e+12  8.89807120e+09
 2.76515000e+03  9.23811422e+16  3.53652585e+16  4.97403432e+10  2.86584937e+10  2.32593338e+12  8.89807120e+09
 2.76517500e+03  9.22737656e+16  3.54106930e+16  4.96825289e+10  2.86953120e+10  2.32593338e+12  8.89807120e+09
 2.76520000e+03  9.21665137e+16  3.54559234e+16  4.96247818e+10  2.87319647e+10  2.32593338e+12  8.89807120e+09
 2.76522500e+03  9.20593865e+16  3.55009502e+16  4.95671018e+10  2.87684525e+10  2.32593338e+12  8.89807120e+09
 2.76525000e+03  9.19523837e+16  3.55457738e+16  4.95094888e+10  2.88047756e+10  2.32593338e+12  8.89807120e+09
 2.76525000e+03  9.19523837e+16  0.00000000e+00  4.95094888e+10  0.00000000e+00  2.34490497e+12  8.88917313e+09
 2.76620000e+03  8.79771329e+16  3.84498680e+15  4.73691132e+10  3.11581294e+09  2.34490497e+12  8.88917313e+09
 2.76715000e+03  8.41737386e+16  7.27632253e+15  4.53212696e+10  5.89642074e+09  2.34490497e+12  8.88917313e+09
 2.76810000e+03  8.05347712e+16  1.03278119e+16  4.33619575e+10  8.36921731e+09  2.34490497e+12  8.88917313e+09
 2.76905000e+03  7.70531223e+16  1.30307737e+16  4.14873497e+10  1.05595820e+10  2.34490497e+12  8.88917313e+09
 2.77000000e+03  7.37219907e+16  1.54142141e+16  3.96937842e+10  1.24910202e+10  2.34490497e+12  8.88917313e+09
 2.77095000e+03  7.05348694e+16  1.75049881e+16  3.79777575e+10  1.41852941e+10  2.34490497e+12  8.88917313e+09
 2.77190000e+03  6.74855324e+16  1.93279509e+16  3.63359173e+10  1.56625452e+10  2.34490497e+12  8.88917313e+09
 2.77285000e+03  6.45680233e+16  2.09060974e+16  3.47650566e+10  1.69414077e+10  2.34490497e+12  8.88917313e+09
 2.77380000e+03  6.17766428e+16  2.22606942e+16  3.32621068e+10  1.80391150e+10  2.34490497e+12  8.88917313e+09
 2.77475000e+03  5.91059383e+16  2.34114008e+16  3.18241319e+10  1.89715984e+10  2.34490497e+12  8.88917313e+09
 2.77475000e+03  5.91059383e+16  0.00000000e+00  3.18241319e+10  0.00000000e+00  2.34490497e+12  8.88917313e+09
 2.77477500e+03  5.90372381e+16  6.86400661e+13  3.17871420e+10  5.56229755e+07  2.34490497e+12  8.88917313e+09
 2.77480000e+03  5.89686178e+16  1.37080310e+14  3.17501951e+10  1.11084023e+08  2.34490497e+12  8.88917313e+09
 2.77482500e+03  5.89000772e+16  2.05321173e+14  3.17132911e+10  1.66383502e+08  2.34490497e+12  8.88917313e+09
 2.77485000e+03  5.88316163e+16  2.73363098e+14  3.16764300e+10  2.21521769e+08  2.34490497e+12  8.88917313e+09
 2.77487500e+03  5.87632350e+16  3.41206524e+14  3.16396118e+10  2.76499181e+08  2.34490497e+12  8.88917313e+09
 2.77490000e+03  5.86949332e+16  4.08851891e+14  3.16028364e+10  3.31316095e+08  2.34490497e+12  8.88917313e+09
 2.77492500e+03  5.86267107e+16  4.76299637e+14  3.15661037e+10  3.85972866e+08  2.34490497e+12  8.88917313e+09
 2.77495000e+03  5.85585676e+16  5.43550202e+14  3.15294137e+10  4.40469849e+08  2.34490497e+12  8.88917313e+09
 2.77497500e+03  5.84905036e+16  6.10604020e+14  3.14927663e+10  4.94807397e+08  2.34490497e+12  8.88917313e+09
 2.77500000e+03  5.84225188e+16  6.77461529e+14  3.14561616e+10  5.48985864e+08  2.34490497e+12  8.88917313e+09
 2.77500000e+03  5.84225188e+16  6.77461529e+14  3.14561616e+10  5.48985864e+08  2.34490497e+12  8.88917313e+09
 2.77650000e+03  6.30409049e+16  4.63728612e+15  3.39428175e+10  3.75785845e+09  2.34490497e+12  8.88917313e+09
 2.77800000e+03  6.73480075e+16  8.49764870e+15  3.62618704e+10  6.88613126e+09  2.34490497e+12  8.88917313e+09
 2.77950000e+03  7.13648072e+16  1.22485607e+16  3.84246169e+10  9.92570999e+09  2.34490497e+12  8.88917313e+09
 2.78100000e+03  7.51108707e+16  1.58823709e+16  4.04415923e+10  1.28703944e+10  2.34490497e+12  8.88917313e+09
 2.78250000e+03  7.86044460e+16  1.93934420e+16  4.23226216e+10  1.57156164e+10  2.34490497e+12  8.88917313e+09
 2.78400000e+03  8.18625510e+16  2.27778658e+16  4.40768677e+10  1.84582088e+10  2.34490497e+12  8.88917313e+09
 2.78550000e+03  8.49010567e+16  2.60332115e+16  4.57128760e+10  2.10962018e+10  2.34490497e+12  8.88917313e+09
 2.78700000e+03  8.77347641e+16  2.91583059e+16  4.72386157e+10  2.36286447e+10  2.34490497e+12  8.88917313e+09
 2.78850000e+03  9.03774769e+16  3.21530389e+16  4.86615192e+10  2.60554483e+10  2.34490497e+12  8.88917313e+09
 2.79000000e+03  9.28420684e+16  3.50181941e+16  4.99885176e+10  2.83772476e+10  2.34490497e+12  8.88917313e+09
 2.79000000e+03  9.28420684e+16  3.50181941e+16  4.99885176e+10  2.83772476e+10  2.34490497e+12  8.88028396e+09
 2.79002500e+03  9.27341560e+16  3.50647709e+16  4.99304148e+10  2.84149914e+10  2.34490497e+12  8.88028396e+09
 2.79005000e+03  9.26263690e+16  3.51111409e+16  4.98723795e+10  2.84525677e+10  2.34490497e+12  8.88028396e+09
 2.79007500e+03  9.25187073e+16  3.51573047e+16  4.98144117e+10  2.84899768e+10  2.34490497e+12  8.88028396e+09
 2.79010000e+03  9.24111707e+16  3.52032626e+16  4.97565113e+10  2.85272192e+10  2.34490497e+12  8.88028396e+09
 2.79012500e+03  9.23037591e+16  3.52490154e+16  4.96986782e+10  2.85642953e+10  2.34490497e+12  8.88028396e+09
 2.79015000e+03  9.21964723e+16  3.52945633e+16  4.96409123e+10  2.86012054e+10  2.34490497e+12  8.88028396e+09
 2.79017500e+03  9.20893103e+16  3.53399071e+16  4.95832135e+10  2.86379500e+10  2.34490497e+12  8.88028396e+09
 2.79020000e+03  9.19822728e+16  3.53850470e+16  4.95255819e+10  2.86745295e+10  2.34490497e+12  8.88028396e+09
 2.79022500e+03  9.18753597e+16  3.54299838e+16  4.94680172e+10  2.87109444e+10  2.34490497e+12  8.88028396e+09
 2.79025000e+03  9.17685709e+16  3.54747178e+16  4.94105194e+10  2.87471949e+10  2.34490497e+12  8.88028396e+09
 2.79025000e+03  9.17685709e+16  0.00000000e+00  4.94105194e+10  0.00000000e+00  2.36383865e+12  8.87140368e+09
 2.79120000e+03  8.78012666e+16  3.83730067e+15  4.72744224e+10  3.10958443e+09  2.36383865e+12  8.87140368e+09
 2.79215000e+03  8.40054753e+16  7.26177716e+15  4.52306724e+10  5.88463379e+09  2.36383865e+12  8.87140368e+09
 2.79310000e+03  8.03737822e+16  1.03071666e+16  4.32752769e+10  8.35248725e+09  2.36383865e+12  8.87140368e+09
 2.79405000e+03  7.68990931e+16  1.30047252e+16  4.14044165e+10  1.05384734e+10  2.36383865e+12  8.87140368e+09
 2.79500000e+03  7.35746205e+16  1.53834011e+16  3.96144363e+10  1.24660506e+10  2.36383865e+12  8.87140368e+09
 2.79595000e+03  7.03938702e+16  1.74699957e+16  3.79018399e+10  1.41569377e+10  2.36383865e+12  8.87140368e+09
 2.79690000e+03  6.73506289e+16  1.92893143e+16  3.62632818e+10  1.56312357e+10  2.36383865e+12  8.87140368e+09
 2.79785000e+03  6.44389518e+16  2.08643061e+16  3.46955613e+10  1.69075418e+10  2.36383865e+12  8.87140368e+09
 2.79880000e+03  6.16531513e+16  2.22161951e+16  3.31956158e+10  1.80030548e+10  2.36383865e+12  8.87140368e+09
 2.79975000e+03  5.89877855e+16  2.33646014e+16  3.17605155e+10  1.89336742e+10  2.36383865e+12  8.87140368e+09
 2.79975000e+03  5.89877855e+16  0.00000000e+00  3.17605155e+10  0.00000000e+00  2.36383865e+12  8.87140368e+09
 2.79977500e+03  5.89192227e+16  6.85028546e+13  3.17235995e+10  5.55117851e+07  2.36383865e+12  8.87140368e+09
 2.79980000e+03  5.88507395e+16  1.36806286e+14  3.16867265e+10  1.10861966e+08  2.36383865e+12  8.87140368e+09
 2.79982500e+03  5.87823360e+16  2.04910736e+14  3.16498963e+10  1.66050901e+08  2.36383865e+12  8.87140368e+09
 2.79985000e+03  5.87140119e+16  2.72816645e+14  3.16131089e+10  2.21078947e+08  2.36383865e+12  8.87140368e+09
 2.79987500e+03  5.86457673e+16  3.40524452e+14  3.15763642e+10  2.75946460e+08  2.36383865e+12  8.87140368e+09
 2.79990000e+03  5.85776020e+16  4.08034596e+14  3.15396623e+10  3.30653794e+08  2.36383865e+12  8.87140368e+09
 2.79992500e+03  5.85095159e+16  4.75347514e+14  3.15030030e+10  3.85201306e+08  2.36383865e+12  8.87140368e+09
 2.79995000e+03  5.84415090e+16  5.42463645e+14  3.14663864e+10  4.39589349e+08  2.36383865e+12  8.87140368e+09
 2.79997500e+03  5.83735811e+16  6.09383423e+14  3.14298123e+10  4.93818277e+08  2.36383865e+12  8.87140368e+09
 2.80000000e+03  5.83057322e+16  6.76107284e+14  3.13932807e+10  5.47888442e+08  2.36383865e+12  8.87140368e+09
 2.80000000e+03  5.83057322e+16  6.76107284e+14  3.13932807e+10  5.47888442e+08  2.36383865e+12  8.87140368e+09
 2.80150000e+03  6.29148862e+16  4.62801619e+15  3.38749658e+10  3.75034649e+09  2.36383865e+12  8.87140368e+09
 2.80300000e+03  6.72133788e+16  8.48066190e+15  3.61893829e+10  6.87236589e+09  2.36383865e+12  8.87140368e+09
 2.80450000e+03  7.12221489e+16  1.22240758e+16  3.83478061e+10  9.90586850e+09  2.36383865e+12  8.87140368e+09
 2.80600000e+03  7.49607241e+16  1.58506220e+16  4.03607496e+10  1.28446665e+10  2.36383865e+12  8.87140368e+09
 2.80750000e+03  7.84473157e+16  1.93546745e+16  4.22380187e+10  1.56842009e+10  2.36383865e+12  8.87140368e+09
 2.80900000e+03  8.16989078e+16  2.27323328e+16  4.39887581e+10  1.84213108e+10  2.36383865e+12  8.87140368e+09
 2.81050000e+03  8.47313394e+16  2.59811712e+16  4.56214960e+10  2.10540305e+10  2.36383865e+12  8.87140368e+09
 2.81200000e+03  8.75593823e+16  2.91000185e+16  4.71441858e+10  2.35814110e+10  2.36383865e+12  8.87140368e+09
 2.81350000e+03  9.01968124e+16  3.20887650e+16  4.85642448e+10  2.60033635e+10  2.36383865e+12  8.87140368e+09
 2.81500000e+03  9.26564771e+16  3.49481927e+16  4.98885905e+10  2.83205215e+10  2.36383865e+12  8.87140368e+09
 2.81500000e+03  9.26564771e+16  3.49481927e+16  4.98885905e+10  2.83205215e+10  2.36383865e+12  8.86253227e+09
 2.81502500e+03  9.25487804e+16  3.49946764e+16  4.98306039e+10  2.83581899e+10  2.36383865e+12  8.86253227e+09
 2.81505000e+03  9.24412089e+16  3.50409537e+16  4.97726846e+10  2.83956910e+10  2.36383865e+12  8.86253227e+09
 2.81507500e+03  9.23337624e+16  3.50870252e+16  4.97148327e+10  2.84330254e+10  2.36383865e+12  8.86253227e+09
 2.81510000e+03  9.22264408e+16  3.51328913e+16  4.96570481e+10  2.84701933e+10  2.36383865e+12  8.86253227e+09
 2.81512500e+03  9.21192439e+16  3.51785526e+16  4.95993305e+10  2.85071953e+10  2.36383865e+12  8.86253227e+09
 2.81515000e+03  9.20121716e+16  3.52240095e+16  4.95416801e+10  2.85440316e+10  2.36383865e+12  8.86253227e+09
 2.81517500e+03  9.19052238e+16  3.52692626e+16  4.94840967e+10  2.85807028e+10  2.36383865e+12  8.86253227e+09
 2.81520000e+03  9.17984003e+16  3.53143123e+16  4.94265802e+10  2.86172092e+10  2.36383865e+12  8.86253227e+09
 2.81522500e+03  9.16917009e+16  3.53591592e+16  4.93691306e+10  2.86535512e+10  2.36383865e+12  8.86253227e+09
 2.81525000e+03  9.15851256e+16  3.54038038e+16  4.93117477e+10  2.86897292e+10  2.36383865e+12  8.86253227e+09
 2.81525000e+03  9.15851256e+16  0.00000000e+00  4.93117477e+10  0.00000000e+00  2.38273447e+12  8.85366974e+09
 2.81620000e+03  8.76257519e+16  3.82962991e+15  4.71799208e+10  3.10336837e+09  2.38273447e+12  8.85366974e+09
 2.81715000e+03  8.38375484e+16  7.24726086e+15  4.51402562e+10  5.87287041e+09  2.38273447e+12  8.85366974e+09
 2.81810000e+03  8.02131150e+16  1.02865626e+16  4.31887697e+10  8.33579062e+09  2.38273447e+12  8.85366974e+09
 2.81905000e+03  7.67453718e+16  1.29787288e+16  4.13216490e+10  1.05174070e+10  2.38273447e+12  8.85366974e+09
 2.82000000e+03  7.34275448e+16  1.53526496e+16  3.95352471e+10  1.24411310e+10  2.38273447e+12  8.85366974e+09
 2.82095000e+03  7.02531528e+16  1.74350731e+16  3.78260741e+10  1.41286380e+10  2.38273447e+12  8.85366974e+09
 2.82190000e+03  6.72159950e+16  1.92507549e+16  3.61907915e+10  1.55999889e+10  2.38273447e+12  8.85366974e+09
 2.82285000e+03  6.43101384e+16  2.08225984e+16  3.46262049e+10  1.68737436e+10  2.38273447e+12  8.85366974e+09
 2.82380000e+03  6.15299067e+16  2.21717849e+16  3.31292578e+10  1.79670667e+10  2.38273447e+12  8.85366974e+09
 2.82475000e+03  5.88698689e+16  2.33178955e+16  3.16970262e+10  1.88958258e+10  2.38273447e+12  8.85366974e+09
 2.82475000e+03  5.88698689e+16  0.00000000e+00  3.16970262e+10  0.00000000e+00  2.38273447e+12  8.85366974e+09
 2.82477500e+03  5.88014431e+16  6.83659174e+13  3.16601840e+10  5.54008171e+07  2.38273447e+12  8.85366974e+09
 2.82480000e+03  5.87330969e+16  1.36532810e+14  3.16233847e+10  1.10640353e+08  2.38273447e+12  8.85366974e+09
 2.82482500e+03  5.86648301e+16  2.04501120e+14  3.15866281e+10  1.65718966e+08  2.38273447e+12  8.85366974e+09
 2.82485000e+03  5.85966426e+16  2.72271284e+14  3.15499143e+10  2.20637010e+08  2.38273447e+12  8.85366974e+09
 2.82487500e+03  5.85285344e+16  3.39843743e+14  3.15132431e+10  2.75394843e+08  2.38273447e+12  8.85366974e+09
 2.82490000e+03  5.84605054e+16  4.07218934e+14  3.14766145e+10  3.29992817e+08  2.38273447e+12  8.85366974e+09
 2.82492500e+03  5.83925554e+16  4.74397295e+14  3.14400285e+10  3.84431289e+08  2.38273447e+12  8.85366974e+09
 2.82495000e+03  5.83246844e+16  5.41379260e+14  3.14034851e+10  4.38710610e+08  2.38273447e+12  8.85366974e+09
 2.82497500e+03  5.82568923e+16  6.08165265e+14  3.13669841e+10  4.92831134e+08  2.38273447e+12  8.85366974e+09
 2.82500000e+03  5.81891790e+16  6.74755745e+14  3.13305256e+10  5.46793213e+08  2.38273447e+12  8.85366974e+09
 2.82500000e+03  5.81891790e+16  6.74755745e+14  3.13305256e+10  5.46793213e+08  2.38273447e+12  8.85366974e+09
 2.82650000e+03  6.27891193e+16  4.61876478e+15  3.38072497e+10  3.74284954e+09  2.38273447e+12  8.85366974e+09
 2.82800000e+03  6.70790192e+16  8.46370905e+15  3.61170404e+10  6.85862803e+09  2.38273447e+12  8.85366974e+09
 2.82950000e+03  7.10797758e+16  1.21996399e+16  3.82711489e+10  9.88606666e+09  2.38273447e+12  8.85366974e+09
 2.83100000e+03  7.48108776e+16  1.58189366e+16  4.02800684e+10  1.28189900e+10  2.38273447e+12  8.85366974e+09
 2.83250000e+03  7.82904996e+16  1.93159846e+16  4.21535849e+10  1.56528482e+10  2.38273447e+12  8.85366974e+09
 2.83400000e+03  8.15355917e+16  2.26868909e+16  4.39008245e+10  1.83844866e+10  2.38273447e+12  8.85366974e+09
 2.83550000e+03  8.45619615e+16  2.59292348e+16  4.55302986e+10  2.10119435e+10  2.38273447e+12  8.85366974e+09
 2.83700000e+03  8.73843511e+16  2.90418475e+16  4.70499445e+10  2.35342718e+10  2.38273447e+12  8.85366974e+09
 2.83850000e+03  9.00165089e+16  3.20246195e+16  4.84671649e+10  2.59513827e+10  2.38273447e+12  8.85366974e+09
 2.84000000e+03  9.24712568e+16  3.48783313e+16  4.97888632e+10  2.82639088e+10  2.38273447e+12  8.85366974e+09
 2.84000000e+03  9.24712568e+16  3.48783313e+16  4.97888632e+10  2.82639088e+10  2.38273447e+12  8.84481607e+09
 2.84002500e+03  9.23637754e+16  3.49247221e+16  4.97309925e+10  2.83015019e+10  2.38273447e+12  8.84481607e+09
 2.84005000e+03  9.22564189e+16  3.49709069e+16  4.96731890e+10  2.83389281e+10  2.38273447e+12  8.84481607e+09
 2.84007500e+03  9.21491872e+16  3.50168862e+16  4.96154528e+10  2.83761878e+10  2.38273447e+12  8.84481607e+09
 2.84010000e+03  9.20420801e+16  3.50626607e+16  4.95577836e+10  2.84132814e+10  2.38273447e+12  8.84481607e+09
 2.84012500e+03  9.19350975e+16  3.51082307e+16  4.95001815e+10  2.84502094e+10  2.38273447e+12  8.84481607e+09
 2.84015000e+03  9.18282393e+16  3.51535967e+16  4.94426463e+10  2.84869721e+10  2.38273447e+12  8.84481607e+09
 2.84017500e+03  9.17215052e+16  3.51987593e+16  4.93851780e+10  2.85235699e+10  2.38273447e+12  8.84481607e+09
 2.84020000e+03  9.16148952e+16  3.52437190e+16  4.93277765e+10  2.85600034e+10  2.38273447e+12  8.84481607e+09
 2.84022500e+03  9.15084092e+16  3.52884763e+16  4.92704417e+10  2.85962727e+10  2.38273447e+12  8.84481607e+09
 2.84025000e+03  9.14020469e+16  3.53330316e+16  4.92131735e+10  2.86323785e+10  2.38273447e+12  8.84481607e+09
 2.84025000e+03  9.14020469e+16  0.00000000e+00  4.92131735e+10  0.00000000e+00  2.40159253e+12  8.83597125e+09
 2.84120000e+03  8.74505880e+16  3.82197448e+15  4.70856082e+10  3.09716474e+09  2.40159253e+12  8.83597125e+09
 2.84215000e+03  8.36699571e+16  7.23277359e+15  4.50500209e+10  5.86113054e+09  2.40159253e+12  8.83597125e+09
 2.84310000e+03  8.00527690e+16  1.02659998e+16  4.31024353e+10  8.31912738e+09  2.40159253e+12  8.83597125e+09
 2.84405000e+03  7.65919578e+16  1.29527843e+16  4.12390471e+10  1.04963827e+10  2.40159253e+12  8.83597125e+09
 2.84500000e+03  7.32807631e+16  1.53219597e+16  3.94562161e+10  1.24162612e+10  2.40159253e+12  8.83597125e+09
 2.84595000e+03  7.01127168e+16  1.74002204e+16  3.77504598e+10  1.41003948e+10  2.40159253e+12  8.83597125e+09
 2.84690000e+03  6.70816302e+16  1.92122727e+16  3.61184461e+10  1.55688045e+10  2.40159253e+12  8.83597125e+09
 2.84785000e+03  6.41815824e+16  2.07809740e+16  3.45569871e+10  1.68400130e+10  2.40159253e+12  8.83597125e+09
 2.84880000e+03  6.14069084e+16  2.21274635e+16  3.30630324e+10  1.79311506e+10  2.40159253e+12  8.83597125e+09
 2.84975000e+03  5.87521880e+16  2.32712831e+16  3.16336638e+10  1.88580530e+10  2.40159253e+12  8.83597125e+09
 2.84975000e+03  5.87521880e+16  0.00000000e+00  3.16336638e+10  0.00000000e+00  2.40159253e+12  8.83597125e+09
 2.84977500e+03  5.86838990e+16  6.82292539e+13  3.15968953e+10  5.52900708e+07  2.40159253e+12  8.83597125e+09
 2.84980000e+03  5.86156894e+16  1.36259881e+14  3.15601695e+10  1.10419183e+08  2.40159253e+12  8.83597125e+09
 2.84982500e+03  5.85475591e+16  2.04092322e+14  3.15234864e+10  1.65387693e+08  2.40159253e+12  8.83597125e+09
 2.84985000e+03  5.84795079e+16  2.71727014e+14  3.14868460e+10  2.20195957e+08  2.40159253e+12  8.83597125e+09
 2.84987500e+03  5.84115359e+16  3.39164396e+14  3.14502481e+10  2.74844328e+08  2.40159253e+12  8.83597125e+09
 2.84990000e+03  5.83436428e+16  4.06404904e+14  3.14136928e+10  3.29333162e+08  2.40159253e+12  8.83597125e+09
 2.84992500e+03  5.82758287e+16  4.73448974e+14  3.13771799e+10  3.83662811e+08  2.40159253e+12  8.83597125e+09
 2.84995000e+03  5.82080934e+16  5.40297043e+14  3.13407095e+10  4.37833628e+08  2.40159253e+12  8.83597125e+09
 2.84997500e+03  5.81404368e+16  6.06949543e+14  3.13042815e+10  4.91845965e+08  2.40159253e+12  8.83597125e+09
 2.85000000e+03  5.80728589e+16  6.73406909e+14  3.12678958e+10  5.45700173e+08  2.40159253e+12  8.83597125e+09
 2.85000000e+03  5.80728589e+16  6.73406909e+14  3.12678958e+10  5.45700173e+08  2.40159253e+12  8.83597125e+09
 2.85150000e+03  6.26636039e+16  4.60953187e+15  3.37396690e+10  3.73536759e+09  2.40159253e+12  8.83597125e+09
 2.85300000e+03  6.69449283e+16  8.44679010e+15  3.60448424e+10  6.84491763e+09  2.40159253e+12  8.83597125e+09
 2.85450000e+03  7.09376874e+16  1.21752528e+16  3.81946448e+10  9.86630442e+09  2.40159253e+12  8.83597125e+09
 2.85600000e+03  7.46613307e+16  1.57873146e+16  4.01995486e+10  1.27933649e+10  2.40159253e+12  8.83597125e+09
 2.85750000e+03  7.81339969e+16  1.92773719e+16  4.20693199e+10  1.56215582e+10  2.40159253e+12  8.83597125e+09
 2.85900000e+03  8.13726020e+16  2.26415398e+16  4.38130668e+10  1.83477360e+10  2.40159253e+12  8.83597125e+09
 2.86050000e+03  8.43929221e+16  2.58774023e+16  4.54392835e+10  2.09699406e+10  2.40159253e+12  8.83597125e+09
 2.86200000e+03  8.72096698e+16  2.89837929e+16  4.69558917e+10  2.34872268e+10  2.40159253e+12  8.83597125e+09
 2.86350000e+03  8.98365659e+16  3.19606023e+16  4.83702790e+10  2.58995059e+10  2.40159253e+12  8.83597125e+09
 2.86500000e+03  9.22864068e+16  3.48086095e+16  4.96893353e+10  2.82074092e+10  2.40159253e+12  8.83597125e+09
 2.86500000e+03  9.22864068e+16  3.48086095e+16  4.96893353e+10  2.82074092e+10  2.40159253e+12  8.82713528e+09
 2.86502500e+03  9.21791402e+16  3.48549075e+16  4.96315802e+10  2.82449272e+10  2.40159253e+12  8.82713528e+09
 2.86505000e+03  9.20719983e+16  3.49010000e+16  4.95738923e+10  2.82822785e+10  2.40159253e+12  8.82713528e+09
 2.86507500e+03  9.19649810e+16  3.49468875e+16  4.95162715e+10  2.83194638e+10  2.40159253e+12  8.82713528e+09
 2.86510000e+03  9.18580880e+16  3.49925704e+16  4.94587176e+10  2.83564833e+10  2.40159253e+12  8.82713528e+09
 2.86512500e+03  9.17513192e+16  3.50380493e+16  4.94012306e+10  2.83933374e+10  2.40159253e+12  8.82713528e+09
 2.86515000e+03  9.16446746e+16  3.50833247e+16  4.93438105e+10  2.84300266e+10  2.40159253e+12  8.82713528e+09
 2.86517500e+03  9.15381539e+16  3.51283970e+16  4.92864570e+10  2.84665513e+10  2.40159253e+12  8.82713528e+09
 2.86520000e+03  9.14317571e+16  3.51732668e+16  4.92291703e+10  2.85029119e+10  2.40159253e+12  8.82713528e+09
 2.86522500e+03  9.13254839e+16  3.52179346e+16  4.91719501e+10  2.85391088e+10  2.40159253e+12  8.82713528e+09
 2.86525000e+03  9.12193342e+16  3.52624009e+16  4.91147964e+10  2.85751423e+10  2.40159253e+12  8.82713528e+09
 2.86525000e+03  9.12193342e+16  0.00000000e+00  4.91147964e+10  0.00000000e+00  2.42041288e+12  8.81830815e+09
 2.86620000e+03  8.72757743e+16  3.81433435e+15  4.69914840e+10  3.09097351e+09  2.42041288e+12  8.81830815e+09
 2.86715000e+03  8.35027009e+16  7.21831527e+15  4.49599659e+10  5.84941414e+09  2.42041288e+12  8.81830815e+09
 2.86810000e+03  7.98927435e+16  1.02454780e+16  4.30162736e+10  8.30249744e+09  2.42041288e+12  8.81830815e+09
 2.86905000e+03  7.64388505e+16  1.29268917e+16  4.11566102e+10  1.04754004e+10  2.42041288e+12  8.81830815e+09
 2.87000000e+03  7.31342749e+16  1.52913311e+16  3.93773431e+10  1.23914411e+10  2.42041288e+12  8.81830815e+09
 2.87095000e+03  6.99725614e+16  1.73654374e+16  3.76749966e+10  1.40722082e+10  2.42041288e+12  8.81830815e+09
 2.87190000e+03  6.69475340e+16  1.91738673e+16  3.60462454e+10  1.55376825e+10  2.42041288e+12  8.81830815e+09
 2.87285000e+03  6.40532834e+16  2.07394328e+16  3.44879077e+10  1.68063498e+10  2.42041288e+12  8.81830815e+09
 2.87380000e+03  6.12841560e+16  2.20832307e+16  3.29969394e+10  1.78953062e+10  2.42041288e+12  8.81830815e+09
 2.87475000e+03  5.86347424e+16  2.32247638e+16  3.15704282e+10  1.88203558e+10  2.42041288e+12  8.81830815e+09
 2.87475000e+03  5.86347424e+16  0.00000000e+00  3.15704282e+10  0.00000000e+00  2.42041288e+12  8.81830815e+09
 2.87477500e+03  5.85665899e+16  6.80928637e+13  3.15337331e+10  5.51795460e+07  2.42041288e+12  8.81830815e+09
 2.87480000e+03  5.84985167e+16  1.35987498e+14  3.14970808e+10  1.10198455e+08  2.42041288e+12  8.81830815e+09
 2.87482500e+03  5.84305225e+16  2.03684341e+14  3.14604710e+10  1.65057083e+08  2.42041288e+12  8.81830815e+09
 2.87485000e+03  5.83626074e+16  2.71183832e+14  3.14239038e+10  2.19755785e+08  2.42041288e+12  8.81830815e+09
 2.87487500e+03  5.82947712e+16  3.38486406e+14  3.13873791e+10  2.74294914e+08  2.42041288e+12  8.81830815e+09
 2.87490000e+03  5.82270139e+16  4.05592500e+14  3.13508968e+10  3.28674825e+08  2.42041288e+12  8.81830815e+09
 2.87492500e+03  5.81593353e+16  4.72502550e+14  3.13144569e+10  3.82895869e+08  2.42041288e+12  8.81830815e+09
 2.87495000e+03  5.80917354e+16  5.39216989e+14  3.12780594e+10  4.36958398e+08  2.42041288e+12  8.81830815e+09
 2.87497500e+03  5.80242141e+16  6.05736251e+14  3.12417042e+10  4.90862765e+08  2.42041288e+12  8.81830815e+09
 2.87500000e+03  5.79567712e+16  6.72060768e+14  3.12053913e+10  5.44609318e+08  2.42041288e+12  8.81830815e+09
 2.87500000e+03  5.79567712e+16  6.72060768e+14  3.12053913e+10  5.44609318e+08  2.42041288e+12  8.81830815e+09
 2.87650000e+03  6.25383393e+16  4.60031742e+15  3.36722234e+10  3.72790059e+09  2.42041288e+12  8.81830815e+09
 2.87800000e+03  6.68111054e+16  8.42990497e+15  3.59727887e+10  6.83123464e+09  2.42041288e+12  8.81830815e+09
 2.87950000e+03  7.07958829e+16  1.21509145e+16  3.81182938e+10  9.84658168e+09  2.42041288e+12  8.81830815e+09
 2.88100000e+03  7.45120827e+16  1.57557557e+16  4.01191897e+10  1.27677909e+10  2.42041288e+12  8.81830815e+09
 2.88250000e+03  7.79778070e+16  1.92388364e+16  4.19852233e+10  1.55903307e+10  2.42041288e+12  8.81830815e+09
 2.88400000e+03  8.12099382e+16  2.25962794e+16  4.37254845e+10  1.83110589e+10  2.42041288e+12  8.81830815e+09
 2.88550000e+03  8.42242207e+16  2.58256733e+16  4.53484504e+10  2.09280217e+10  2.42041288e+12  8.81830815e+09
 2.88700000e+03  8.70353376e+16  2.89258543e+16  4.68620269e+10  2.34402758e+10  2.42041288e+12  8.81830815e+09
 2.88850000e+03  8.96569826e+16  3.18967131e+16  4.82735868e+10  2.58477328e+10  2.42041288e+12  8.81830815e+09
 2.89000000e+03  9.21019263e+16  3.47390271e+16  4.95900063e+10  2.81510226e+10  2.42041288e+12  8.81830815e+09
 2.89000000e+03  9.21019263e+16  3.47390271e+16  4.95900063e+10  2.81510226e+10  2.42041288e+12  8.80948984e+09
 2.89002500e+03  9.19948741e+16  3.47852326e+16  4.95323667e+10  2.81884655e+10  2.42041288e+12  8.80948984e+09
 2.89005000e+03  9.18879464e+16  3.48312329e+16  4.94747941e+10  2.82257423e+10  2.42041288e+12  8.80948984e+09
 2.89007500e+03  9.17811430e+16  3.48770287e+16  4.94172885e+10  2.82628532e+10  2.42041288e+12  8.80948984e+09
 2.89010000e+03  9.16744637e+16  3.49226203e+16  4.93598496e+10  2.82997986e+10  2.42041288e+12  8.80948984e+09
 2.89012500e+03  9.15679084e+16  3.49680082e+16  4.93024776e+10  2.83365791e+10  2.42041288e+12  8.80948984e+09
 2.89015000e+03  9.14614769e+16  3.50131931e+16  4.92451722e+10  2.83731950e+10  2.42041288e+12  8.80948984e+09
 2.89017500e+03  9.13551692e+16  3.50581753e+16  4.91879334e+10  2.84096467e+10  2.42041288e+12  8.80948984e+09
 2.89020000e+03  9.12489850e+16  3.51029555e+16  4.91307612e+10  2.84459346e+10  2.42041288e+12  8.80948984e+09
 2.89022500e+03  9.11429242e+16  3.51475340e+16  4.90736554e+10  2.84820591e+10  2.42041288e+12  8.80948984e+09
 2.89025000e+03  9.10369868e+16  3.51919113e+16  4.90166159e+10  2.85180206e+10  2.42041288e+12  8.80948984e+09
 2.89025000e+03  9.10369868e+16  0.00000000e+00  4.90166159e+10  0.00000000e+00  2.43919562e+12  8.80068035e+09
 2.89120000e+03  8.71013100e+16  3.80670949e+15  4.68975480e+10  3.08479465e+09  2.43919562e+12  8.80068035e+09
 2.89215000e+03  8.33357790e+16  7.20388586e+15  4.48700909e+10  5.83772116e+09  2.43919562e+12  8.80068035e+09
 2.89310000e+03  7.97330379e+16  1.02249973e+16  4.29302840e+10  8.28590075e+09  2.43919562e+12  8.80068035e+09
 2.89405000e+03  7.62860492e+16  1.29010508e+16  4.10743381e+10  1.04544601e+10  2.43919562e+12  8.80068035e+09
 2.89500000e+03  7.29880795e+16  1.52607637e+16  3.92986278e+10  1.23666706e+10  2.43919562e+12  8.80068035e+09
 2.89595000e+03  6.98326863e+16  1.73307239e+16  3.75996843e+10  1.40440778e+10  2.43919562e+12  8.80068035e+09
 2.89690000e+03  6.68137059e+16  1.91355388e+16  3.59741889e+10  1.55066227e+10  2.43919562e+12  8.80068035e+09
 2.89785000e+03  6.39252409e+16  2.06979747e+16  3.44189663e+10  1.67727539e+10  2.43919562e+12  8.80068035e+09
 2.89880000e+03  6.11616490e+16  2.20390863e+16  3.29309785e+10  1.78595335e+10  2.43919562e+12  8.80068035e+09
 2.89975000e+03  5.85175316e+16  2.31783375e+16  3.15073189e+10  1.87827339e+10  2.43919562e+12  8.80068035e+09
 2.89975000e+03  5.85175316e+16  0.00000000e+00  3.15073189e+10  0.00000000e+00  2.43919562e+12  8.80068035e+09
 2.89977500e+03  5.84495153e+16  6.79567460e+13  3.14706972e+10  5.50692421e+07  2.43919562e+12  8.80068035e+09
 2.89980000e+03  5.83815781e+16  1.35715659e+14  3.14341181e+10  1.09978169e+08  2.43919562e+12  8.80068035e+09
 2.89982500e+03  5.83137199e+16  2.03277176e+14  3.13975815e+10  1.64727134e+08  2.43919562e+12  8.80068035e+09
 2.89985000e+03  5.82459405e+16  2.70641735e+14  3.13610874e+10  2.19316493e+08  2.43919562e+12  8.80068035e+09
 2.89987500e+03  5.81782400e+16  3.37809772e+14  3.13246357e+10  2.73746599e+08  2.43919562e+12  8.80068035e+09
 2.89990000e+03  5.81106181e+16  4.04781721e+14  3.12882264e+10  3.28017804e+08  2.43919562e+12  8.80068035e+09
 2.89992500e+03  5.80430748e+16  4.71558017e+14  3.12518593e+10  3.82130460e+08  2.43919562e+12  8.80068035e+09
 2.89995000e+03  5.79756100e+16  5.38139094e+14  3.12155346e+10  4.36084918e+08  2.43919562e+12  8.80068035e+09
 2.89997500e+03  5.79082237e+16  6.04525384e+14  3.11792521e+10  4.89881530e+08  2.43919562e+12  8.80068035e+09
 2.90000000e+03  5.78409156e+16  6.70717319e+14  3.11430117e+10  5.43520644e+08  2.43919562e+12  8.80068035e+09
 2.90000000e+03  5.78409156e+16  6.70717319e+14  3.11430117e+10  5.43520644e+08  2.43919562e+12  8.80068035e+09
 2.90150000e+03  6.24133252e+16  4.59112138e+15  3.36049127e+10  3.72044852e+09  2.43919562e+12  8.80068035e+09
 2.90300000e+03  6.66775500e+16  8.41305359e+15  3.59008791e+10  6.81757900e+09  2.43919562e+12  8.80068035e+09
 2.90450000e+03  7.06543620e+16  1.21266248e+16  3.80420953e+10  9.82689836e+09  2.43919562e+12  8.80068035e+09
 2.90600000e+03  7.43631330e+16  1.57242600e+16  4.00389914e+10  1.27422681e+10  2.43919562e+12  8.80068035e+09
 2.90750000e+03  7.78219294e+16  1.92003780e+16  4.19012948e+10  1.55591656e+10  2.43919562e+12  8.80068035e+09
 2.90900000e+03  8.10475995e+16  2.25511094e+16  4.36380772e+10  1.82744551e+10  2.43919562e+12  8.80068035e+09
 2.91050000e+03  8.40558565e+16  2.57740478e+16  4.52577988e+10  2.08861866e+10  2.43919562e+12  8.80068035e+09
 2.91200000e+03  8.68613540e+16  2.88680315e+16  4.67683497e+10  2.33934187e+10  2.43919562e+12  8.80068035e+09
 2.91350000e+03  8.94777583e+16  3.18329515e+16  4.81770879e+10  2.57960632e+10  2.43919562e+12  8.80068035e+09
 2.91500000e+03  9.19178145e+16  3.46695838e+16  4.94908759e+10  2.80947487e+10  2.43919562e+12  8.80068035e+09
 2.91500000e+03  9.19178145e+16  3.46695838e+16  4.94908759e+10  2.80947487e+10  2.43919562e+12  8.79187967e+09
 2.91502500e+03  9.18109764e+16  3.47156969e+16  4.94333515e+10  2.81321168e+10  2.43919562e+12  8.79187967e+09
 2.91505000e+03  9.17042624e+16  3.47616053e+16  4.93758940e+10  2.81693190e+10  2.43919562e+12  8.79187967e+09
 2.91507500e+03  9.15976725e+16  3.48073095e+16  4.93185033e+10  2.82063557e+10  2.43919562e+12  8.79187967e+09
 2.91510000e+03  9.14912064e+16  3.48528099e+16  4.92611793e+10  2.82432273e+10  2.43919562e+12  8.79187967e+09
 2.91512500e+03  9.13848641e+16  3.48981072e+16  4.92039219e+10  2.82799343e+10  2.43919562e+12  8.79187967e+09
 2.91515000e+03  9.12786454e+16  3.49432017e+16  4.91467311e+10  2.83164770e+10  2.43919562e+12  8.79187967e+09
 2.91517500e+03  9.11725502e+16  3.49880941e+16  4.90896067e+10  2.83528558e+10  2.43919562e+12  8.79187967e+09
 2.91520000e+03  9.10665783e+16  3.50327847e+16  4.90325488e+10  2.83890712e+10  2.43919562e+12  8.79187967e+09
 2.91522500e+03  9.09607295e+16  3.50772740e+16  4.89755571e+10  2.84251235e+10  2.43919562e+12  8.79187967e+09
 2.91525000e+03  9.08550038e+16  3.51215627e+16  4.89186317e+10  2.84610131e+10  2.43919562e+12  8.79187967e+09
 2.91525000e+03  9.08550038e+16  0.00000000e+00  4.89186317e+10  0.00000000e+00  2.45794080e+12  8.78308779e+09
 2.91620000e+03  8.69271945e+16  3.79909988e+15  4.68037998e+10  3.07862815e+09  2.45794080e+12  8.78308779e+09
 2.91715000e+03  8.31691907e+16  7.18948529e+15  4.47803956e+10  5.82605156e+09  2.45794080e+12  8.78308779e+09
 2.91810000e+03  7.95736516e+16  1.02045576e+16  4.28444664e+10  8.26933723e+09  2.45794080e+12  8.78308779e+09
 2.91905000e+03  7.61335534e+16  1.28752616e+16  4.09922305e+10  1.04335617e+10  2.45794080e+12  8.78308779e+09
 2.92000000e+03  7.28421763e+16  1.52302575e+16  3.92200699e+10  1.23419496e+10  2.45794080e+12  8.78308779e+09
 2.92095000e+03  6.96930908e+16  1.72960798e+16  3.75245226e+10  1.40160037e+10  2.45794080e+12  8.78308779e+09
 2.92190000e+03  6.66801453e+16  1.90972868e+16  3.59022765e+10  1.54756249e+10  2.45794080e+12  8.78308779e+09
 2.92285000e+03  6.37974543e+16  2.06565995e+16  3.43501628e+10  1.67392252e+10  2.45794080e+12  8.78308779e+09
 2.92380000e+03  6.10393868e+16  2.19950302e+16  3.28651495e+10  1.78238323e+10  2.45794080e+12  8.78308779e+09
 2.92475000e+03  5.84005550e+16  2.31320040e+16  3.14443357e+10  1.87451872e+10  2.45794080e+12  8.78308779e+09
 2.92475000e+03  5.84005550e+16  0.00000000e+00  3.14443357e+10  0.00000000e+00  2.45794080e+12  8.78308779e+09
 2.92477500e+03  5.83326747e+16  6.78209005e+13  3.14077873e+10  5.49591587e+07  2.45794080e+12  8.78308779e+09
 2.92480000e+03  5.82648733e+16  1.35444363e+14  3.13712813e+10  1.09758322e+08  2.45794080e+12  8.78308779e+09
 2.92482500e+03  5.81971508e+16  2.02870825e+14  3.13348177e+10  1.64397845e+08  2.45794080e+12  8.78308779e+09
 2.92485000e+03  5.81295069e+16  2.70100722e+14  3.12983966e+10  2.18878080e+08  2.45794080e+12  8.78308779e+09
 2.92487500e+03  5.80619417e+16  3.37134490e+14  3.12620177e+10  2.73199379e+08  2.45794080e+12  8.78308779e+09
 2.92490000e+03  5.79944550e+16  4.03972562e+14  3.12256812e+10  3.27362096e+08  2.45794080e+12  8.78308779e+09
 2.92492500e+03  5.79270467e+16  4.70615373e+14  3.11893869e+10  3.81366581e+08  2.45794080e+12  8.78308779e+09
 2.92495000e+03  5.78597168e+16  5.37063354e+14  3.11531347e+10  4.35213185e+08  2.45794080e+12  8.78308779e+09
 2.92497500e+03  5.77924651e+16  6.03316938e+14  3.11169248e+10  4.88902257e+08  2.45794080e+12  8.78308779e+09
 2.92500000e+03  5.77252916e+16  6.69376555e+14  3.10807569e+10  5.42434147e+08  2.45794080e+12  8.78308779e+09
 2.92500000e+03  5.77252916e+16  6.69376555e+14  3.10807569e+10  5.42434147e+08  2.45794080e+12  8.78308779e+09
 2.92650000e+03  6.22885609e+16  4.58194373e+15  3.35377365e+10  3.71301134e+09  2.45794080e+12  8.78308779e+09
 2.92800000e+03  6.65442616e+16  8.39623589e+15  3.58291133e+10  6.80395066e+09  2.45794080e+12  8.78308779e+09
 2.92950000e+03  7.05131239e+16  1.21023837e+16  3.79660491e+10  9.80725439e+09  2.45794080e+12  8.78308779e+09
 2.93100000e+03  7.42144811e+16  1.56928272e+16  3.99589535e+10  1.27167963e+10  2.45794080e+12  8.78308779e+09
 2.93250000e+03  7.76663633e+16  1.91619964e+16  4.18175341e+10  1.55280628e+10  2.45794080e+12  8.78308779e+09
 2.93400000e+03  8.08855854e+16  2.25060297e+16  4.35508447e+10  1.82379244e+10  2.45794080e+12  8.78308779e+09
 2.93550000e+03  8.38878288e+16  2.57225255e+16  4.51673285e+10  2.08444351e+10  2.45794080e+12  8.78308779e+09
 2.93700000e+03  8.66877182e+16  2.88103243e+16  4.66748597e+10  2.33466553e+10  2.45794080e+12  8.78308779e+09
 2.93850000e+03  8.92988923e+16  3.17693175e+16  4.80807819e+10  2.57444969e+10  2.45794080e+12  8.78308779e+09
 2.94000000e+03  9.17340708e+16  3.46002793e+16  4.93919436e+10  2.80385873e+10  2.45794080e+12  8.78308779e+09
 2.94000000e+03  9.17340708e+16  3.46002793e+16  4.93919436e+10  2.80385873e+10  2.45794080e+12  8.77430470e+09
 2.94002500e+03  9.16274462e+16  3.46463002e+16  4.93345342e+10  2.80758807e+10  2.45794080e+12  8.77430470e+09
 2.94005000e+03  9.15209456e+16  3.46921168e+16  4.92771916e+10  2.81130085e+10  2.45794080e+12  8.77430470e+09
 2.94007500e+03  9.14145687e+16  3.47377297e+16  4.92199156e+10  2.81499712e+10  2.45794080e+12  8.77430470e+09
 2.94010000e+03  9.13083155e+16  3.47831392e+16  4.91627062e+10  2.81867691e+10  2.45794080e+12  8.77430470e+09
 2.94012500e+03  9.12021858e+16  3.48283459e+16  4.91055633e+10  2.82234027e+10  2.45794080e+12  8.77430470e+09
 2.94015000e+03  9.10961794e+16  3.48733503e+16  4.90484868e+10  2.82598724e+10  2.45794080e+12  8.77430470e+09
 2.94017500e+03  9.09902963e+16  3.49181529e+16  4.89914766e+10  2.82961785e+10  2.45794080e+12  8.77430470e+09
 2.94020000e+03  9.08845362e+16  3.49627541e+16  4.89345327e+10  2.83323214e+10  2.45794080e+12  8.77430470e+09
 2.94022500e+03  9.07788990e+16  3.50071546e+16  4.88776550e+10  2.83683016e+10  2.45794080e+12  8.77430470e+09
 2.94025000e+03  9.06733847e+16  3.50513547e+16  4.88208434e+10  2.84041195e+10  2.45794080e+12  8.77430470e+09
 2.94025000e+03  9.06733847e+16  0.00000000e+00  4.88208434e+10  0.00000000e+00  2.47664852e+12  8.76553040e+09
 2.94120000e+03  8.67534270e+16  3.79150548e+15  4.67102391e+10  3.07247397e+09  2.47664852e+12  8.76553040e+09
 2.94215000e+03  8.30029355e+16  7.17511351e+15  4.46908796e+10  5.81440528e+09  2.47664852e+12  8.76553040e+09
 2.94310000e+03  7.94145839e+16  1.01841586e+16  4.27588203e+10  8.25280683e+09  2.47664852e+12  8.76553040e+09
 2.94405000e+03  7.59813625e+16  1.28495240e+16  4.09102871e+10  1.04127050e+10  2.47664852e+12  8.76553040e+09
 2.94500000e+03  7.26965648e+16  1.51998122e+16  3.91416689e+10  1.23172781e+10  2.47664852e+12  8.76553040e+09
 2.94595000e+03  6.95537743e+16  1.72615049e+16  3.74495110e+10  1.39879857e+10  2.47664852e+12  8.76553040e+09
 2.94690000e+03  6.65468517e+16  1.90591114e+16  3.58305079e+10  1.54446891e+10  2.47664852e+12  8.76553040e+09
 2.94785000e+03  6.36699232e+16  2.06153069e+16  3.42814968e+10  1.67057635e+10  2.47664852e+12  8.76553040e+09
 2.94880000e+03  6.09173691e+16  2.19510621e+16  3.27994521e+10  1.77882024e+10  2.47664852e+12  8.76553040e+09
 2.94975000e+03  5.82838123e+16  2.30857631e+16  3.13814785e+10  1.87077156e+10  2.47664852e+12  8.76553040e+09
 2.94975000e+03  5.82838123e+16  0.00000000e+00  3.13814785e+10  0.00000000e+00  2.47664852e+12  8.76553040e+09
 2.94977500e+03  5.82160677e+16  6.76853265e+13  3.13450031e+10  5.48492953e+07  2.47664852e+12  8.76553040e+09
 2.94980000e+03  5.81484019e+16  1.35173610e+14  3.13085701e+10  1.09538915e+08  2.47664852e+12  8.76553040e+09
 2.94982500e+03  5.80808147e+16  2.02465286e+14  3.12721794e+10  1.64069213e+08  2.47664852e+12  8.76553040e+09
 2.94985000e+03  5.80133060e+16  2.69560791e+14  3.12358311e+10  2.18440542e+08  2.47664852e+12  8.76553040e+09
 2.94987500e+03  5.79458758e+16  3.36460558e+14  3.11995250e+10  2.72653254e+08  2.47664852e+12  8.76553040e+09
 2.94990000e+03  5.78785240e+16  4.03165021e+14  3.11632611e+10  3.26707699e+08  2.47664852e+12  8.76553040e+09
 2.94992500e+03  5.78112505e+16  4.69674613e+14  3.11270393e+10  3.80604229e+08  2.47664852e+12  8.76553040e+09
 2.94995000e+03  5.77440552e+16  5.35989764e+14  3.10908596e+10  4.34343194e+08  2.47664852e+12  8.76553040e+09
 2.94997500e+03  5.76769380e+16  6.02110907e+14  3.10547220e+10  4.87924941e+08  2.47664852e+12  8.76553040e+09
 2.95000000e+03  5.76098988e+16  6.68038471e+14  3.10186264e+10  5.41349821e+08  2.47664852e+12  8.76553040e+09
 2.95000000e+03  5.76098988e+16  6.68038471e+14  3.10186264e+10  5.41349821e+08  2.47664852e+12  8.76553040e+09
 2.95150000e+03  6.21640461e+16  4.57278443e+15  3.34706945e+10  3.70558903e+09  2.47664852e+12  8.76553040e+09
 2.95300000e+03  6.64112396e+16  8.37945182e+15  3.57574909e+10  6.79034956e+09  2.47664852e+12  8.76553040e+09
 2.95450000e+03  7.03721682e+16  1.20781910e+16  3.78901550e+10  9.78764969e+09  2.47664852e+12  8.76553040e+09
 2.95600000e+03  7.40661264e+16  1.56614572e+16  3.98790755e+10  1.26913754e+10  2.47664852e+12  8.76553040e+09
 2.95750000e+03  7.75111083e+16  1.91236916e+16  4.17339409e+10  1.54970222e+10  2.47664852e+12  8.76553040e+09
 2.95900000e+03  8.07238951e+16  2.24610402e+16  4.34637866e+10  1.82014668e+10  2.47664852e+12  8.76553040e+09
 2.96050000e+03  8.37201370e+16  2.56711062e+16  4.50770390e+10  2.08027671e+10  2.47664852e+12  8.76553040e+09
 2.96200000e+03  8.65144294e+16  2.87527324e+16  4.65815567e+10  2.32999853e+10  2.47664852e+12  8.76553040e+09
 2.96350000e+03  8.91203838e+16  3.17058106e+16  4.79846684e+10  2.56930336e+10  2.47664852e+12  8.76553040e+09
 2.96500000e+03  9.15506944e+16  3.45311133e+16  4.92932091e+10  2.79825382e+10  2.47664852e+12  8.76553040e+09
 2.96500000e+03  9.15506944e+16  3.45311133e+16  4.92932091e+10  2.79825382e+10  2.47664852e+12  8.75676487e+09
 2.96502500e+03  9.14442830e+16  3.45770423e+16  4.92359145e+10  2.80197570e+10  2.47664852e+12  8.75676487e+09
 2.96505000e+03  9.13379952e+16  3.46227673e+16  4.91786865e+10  2.80568106e+10  2.47664852e+12  8.75676487e+09
 2.96507500e+03  9.12318310e+16  3.46682889e+16  4.91215250e+10  2.80936994e+10  2.47664852e+12  8.75676487e+09
 2.96510000e+03  9.11257902e+16  3.47136077e+16  4.90644299e+10  2.81304238e+10  2.47664852e+12  8.75676487e+09
 2.96512500e+03  9.10198726e+16  3.47587240e+16  4.90074012e+10  2.81669841e+10  2.47664852e+12  8.75676487e+09
 2.96515000e+03  9.09140781e+16  3.48036384e+16  4.89504388e+10  2.82033809e+10  2.47664852e+12  8.75676487e+09
 2.96517500e+03  9.08084067e+16  3.48483515e+16  4.88935426e+10  2.82396144e+10  2.47664852e+12  8.75676487e+09
 2.96520000e+03  9.07028580e+16  3.48928636e+16  4.88367126e+10  2.82756851e+10  2.47664852e+12  8.75676487e+09
 2.96522500e+03  9.05974320e+16  3.49371753e+16  4.87799485e+10  2.83115934e+10  2.47664852e+12  8.75676487e+09
 2.96525000e+03  9.04921286e+16  3.49812870e+16  4.87232505e+10  2.83473397e+10  2.47664852e+12  8.75676487e+09
 2.96525000e+03  9.04921286e+16  0.00000000e+00  4.87232505e+10  0.00000000e+00  2.49531884e+12  8.74800810e+09
 2.96620000e+03  8.65800069e+16  3.78392626e+15  4.66168653e+10  3.06633209e+09  2.49531884e+12  8.74800810e+09
 2.96715000e+03  8.28370127e+16  7.16077046e+15  4.46015425e+10  5.80278229e+09  2.49531884e+12  8.74800810e+09
 2.96810000e+03  7.92558341e+16  1.01638005e+16  4.26733454e+10  8.23630947e+09  2.49531884e+12  8.74800810e+09
 2.96905000e+03  7.58294757e+16  1.28238378e+16  4.08285074e+10  1.03918900e+10  2.49531884e+12  8.74800810e+09
 2.97000000e+03  7.25512444e+16  1.51694278e+16  3.90634247e+10  1.22926558e+10  2.49531884e+12  8.74800810e+09
 2.97095000e+03  6.94147363e+16  1.72269992e+16  3.73746495e+10  1.39600237e+10  2.49531884e+12  8.74800810e+09
 2.97190000e+03  6.64138245e+16  1.90210122e+16  3.57588827e+10  1.54138152e+10  2.49531884e+12  8.74800810e+09
 2.97285000e+03  6.35426471e+16  2.05740969e+16  3.42129681e+10  1.66723687e+10  2.49531884e+12  8.74800810e+09
 2.97380000e+03  6.07955953e+16  2.19071820e+16  3.27338860e+10  1.77526438e+10  2.49531884e+12  8.74800810e+09
 2.97475000e+03  5.81673030e+16  2.30396147e+16  3.13187469e+10  1.86703189e+10  2.49531884e+12  8.74800810e+09
 2.97475000e+03  5.81673030e+16  0.00000000e+00  3.13187469e+10  0.00000000e+00  2.49531884e+12  8.74800810e+09
 2.97477500e+03  5.80996938e+16  6.75500235e+13  3.12823444e+10  5.47396516e+07  2.49531884e+12  8.74800810e+09
 2.97480000e+03  5.80321632e+16  1.34903398e+14  3.12459843e+10  1.09319947e+08  2.49531884e+12  8.74800810e+09
 2.97482500e+03  5.79647111e+16  2.02060558e+14  3.12096664e+10  1.63741239e+08  2.49531884e+12  8.74800810e+09
 2.97485000e+03  5.78973374e+16  2.69021939e+14  3.11733907e+10  2.18003880e+08  2.49531884e+12  8.74800810e+09
 2.97487500e+03  5.78300420e+16  3.35787974e+14  3.11371571e+10  2.72108220e+08  2.49531884e+12  8.74800810e+09
 2.97490000e+03  5.77628249e+16  4.02359094e+14  3.11009657e+10  3.26054611e+08  2.49531884e+12  8.74800810e+09
 2.97492500e+03  5.76956858e+16  4.68735733e+14  3.10648163e+10  3.79843401e+08  2.49531884e+12  8.74800810e+09
 2.97495000e+03  5.76286248e+16  5.34918321e+14  3.10287090e+10  4.33474942e+08  2.49531884e+12  8.74800810e+09
 2.97497500e+03  5.75616418e+16  6.00907288e+14  3.09926436e+10  4.86949579e+08  2.49531884e+12  8.74800810e+09
 2.97500000e+03  5.74947366e+16  6.66703062e+14  3.09566202e+10  5.40267663e+08  2.49531884e+12  8.74800810e+09
 2.97500000e+03  5.74947366e+16  6.66703062e+14  3.09566202e+10  5.40267663e+08  2.49531884e+12  8.74800810e+09
 2.97650000e+03  6.20397802e+16  4.56364343e+15  3.34037866e+10  3.69818156e+09  2.49531884e+12  8.74800810e+09
 2.97800000e+03  6.62784835e+16  8.36270129e+15  3.56860117e+10  6.77677565e+09  2.49531884e+12  8.74800810e+09
 2.97950000e+03  7.02314942e+16  1.20540467e+16  3.78144126e+10  9.76808418e+09  2.49531884e+12  8.74800810e+09
 2.98100000e+03  7.39180682e+16  1.56301500e+16  3.97993572e+10  1.26660054e+10  2.49531884e+12  8.74800810e+09
 2.98250000e+03  7.73561636e+16  1.90854634e+16  4.16505147e+10  1.54660437e+10  2.49531884e+12  8.74800810e+09
 2.98400000e+03  8.05625280e+16  2.24161406e+16  4.33769025e+10  1.81650821e+10  2.49531884e+12  8.74800810e+09
 2.98550000e+03  8.35527805e+16  2.56197896e+16  4.49869300e+10  2.07611824e+10  2.49531884e+12  8.74800810e+09
 2.98700000e+03  8.63414871e+16  2.86952557e+16  4.64884402e+10  2.32534086e+10  2.49531884e+12  8.74800810e+09
 2.98850000e+03  8.89422322e+16  3.16424307e+16  4.78887471e+10  2.56416732e+10  2.49531884e+12  8.74800810e+09
 2.99000000e+03  9.13676846e+16  3.44620856e+16  4.91946720e+10  2.79266011e+10  2.49531884e+12  8.74800810e+09
 2.99000000e+03  9.13676846e+16  3.44620856e+16  4.91946720e+10  2.79266011e+10  2.49531884e+12  8.73926009e+09
 2.99002500e+03  9.12614858e+16  3.45079228e+16  4.91374919e+10  2.79637455e+10  2.49531884e+12  8.73926009e+09
 2.99005000e+03  9.11554105e+16  3.45535564e+16  4.90803783e+10  2.80007251e+10  2.49531884e+12  8.73926009e+09
 2.99007500e+03  9.10494586e+16  3.45989870e+16  4.90233311e+10  2.80375401e+10  2.49531884e+12  8.73926009e+09
 2.99010000e+03  9.09436297e+16  3.46442152e+16  4.89663501e+10  2.80741911e+10  2.49531884e+12  8.73926009e+09
 2.99012500e+03  9.08379239e+16  3.46892413e+16  4.89094354e+10  2.81106783e+10  2.49531884e+12  8.73926009e+09
 2.99015000e+03  9.07323409e+16  3.47340660e+16  4.88525869e+10  2.81470023e+10  2.49531884e+12  8.73926009e+09
 2.99017500e+03  9.06268807e+16  3.47786896e+16  4.87958044e+10  2.81831634e+10  2.49531884e+12  8.73926009e+09
 2.99020000e+03  9.05215430e+16  3.48231127e+16  4.87390880e+10  2.82191620e+10  2.49531884e+12  8.73926009e+09
 2.99022500e+03  9.04163277e+16  3.48673359e+16  4.86824374e+10  2.82549985e+10  2.49531884e+12  8.73926009e+09
 2.99025000e+03  9.03112348e+16  3.49113594e+16  4.86258527e+10  2.82906734e+10  2.49531884e+12  8.73926009e+09
 2.99025000e+03  9.03112348e+16  0.00000000e+00  4.86258527e+10  0.00000000e+00  2.51395183e+12  8.73052083e+09
 2.99120000e+03  8.64069335e+16  3.77636219e+15  4.65236782e+10  3.06020250e+09  2.51395183e+12  8.73052083e+09
 2.99215000e+03  8.26714215e+16  7.14645608e+15  4.45123840e+10  5.79118252e+09  2.51395183e+12  8.73052083e+09
 2.99310000e+03  7.90974017e+16  1.01434831e+16  4.25880414e+10  8.21984509e+09  2.51395183e+12  8.73052083e+09
 2.99405000e+03  7.56778926e+16  1.27982029e+16  4.07468912e+10  1.03711166e+10  2.51395183e+12  8.73052083e+09
 2.99500000e+03  7.24062144e+16  1.51391041e+16  3.89853370e+10  1.22680828e+10  2.51395183e+12  8.73052083e+09
 2.99595000e+03  6.92759762e+16  1.71925624e+16  3.72999375e+10  1.39321176e+10  2.51395183e+12  8.73052083e+09
 2.99690000e+03  6.62810633e+16  1.89829892e+16  3.56874007e+10  1.53830030e+10  2.51395183e+12  8.73052083e+09
 2.99785000e+03  6.34156253e+16  2.05329693e+16  3.41445764e+10  1.66390406e+10  2.51395183e+12  8.73052083e+09
 2.99880000e+03  6.06740649e+16  2.18633895e+16  3.26684509e+10  1.77171563e+10  2.51395183e+12  8.73052083e+09
 2.99975000e+03  5.80510265e+16  2.29935585e+16  3.12561408e+10  1.86329969e+10  2.51395183e+12  8.73052083e+09
 2.99975000e+03  5.80510265e+16  0.00000000e+00  3.12561408e+10  0.00000000e+00  2.51395183e+12  8.73052083e+09
 2.99977500e+03  5.79835525e+16  6.74149910e+13  3.12198110e+10  5.46302270e+07  2.51395183e+12  8.73052083e+09
 2.99980000e+03  5.79161569e+16  1.34633726e+14  3.11835235e+10  1.09101416e+08  2.51395183e+12  8.73052083e+09
 2.99982500e+03  5.78488397e+16  2.01656639e+14  3.11472782e+10  1.63413920e+08  2.51395183e+12  8.73052083e+09
 2.99985000e+03  5.77816006e+16  2.68484164e+14  3.11110750e+10  2.17568090e+08  2.51395183e+12  8.73052083e+09
 2.99987500e+03  5.77144398e+16  3.35116733e+14  3.10749139e+10  2.71564276e+08  2.51395183e+12  8.73052083e+09
 2.99990000e+03  5.76473570e+16  4.01554779e+14  3.10387949e+10  3.25402828e+08  2.51395183e+12  8.73052083e+09
 2.99992500e+03  5.75803522e+16  4.67798730e+14  3.10027178e+10  3.79084095e+08  2.51395183e+12  8.73052083e+09
 2.99995000e+03  5.75134252e+16  5.33849019e+14  3.09666826e+10  4.32608425e+08  2.51395183e+12  8.73052083e+09
 2.99997500e+03  5.74465761e+16  5.99706074e+14  3.09306893e+10  4.85976167e+08  2.51395183e+12  8.73052083e+09
 3.00000000e+03  5.73798046e+16  6.65370323e+14  3.08947379e+10  5.39187667e+08  2.51395183e+12  8.73052083e+09
 3.00000000e+03  5.73798046e+16  6.65370323e+14  3.08947379e+10  5.39187667e+08  2.51395183e+12  8.73052083e+09
 3.00150000e+03  6.19157627e+16  4.55452071e+15  3.33370124e+10  3.69078889e+09  2.51395183e+12  8.73052083e+09
 3.00300000e+03  6.61459928e+16  8.34598425e+15  3.56146753e+10  6.76322888e+09  2.51395183e+12  8.73052083e+09
 3.00450000e+03  7.00911014e+16  1.20299507e+16  3.77388216e+10  9.74855777e+09  2.51395183e+12  8.73052083e+09
 3.00600000e+03  7.37703060e+16  1.55989053e+16  3.97197983e+10  1.26406860e+10  2.51395183e+12  8.73052083e+09
 3.00750000e+03  7.72015286e+16  1.90473115e+16  4.15672554e+10  1.54351270e+10  2.51395183e+12  8.73052083e+09
 3.00900000e+03  8.04014835e+16  2.23713307e+16  4.32901920e+10  1.81287701e+10  2.51395183e+12  8.73052083e+09
 3.01050000e+03  8.33857585e+16  2.55685757e+16  4.48970011e+10  2.07196808e+10  2.51395183e+12  8.73052083e+09
 3.01200000e+03  8.61688904e+16  2.86378939e+16  4.63955098e+10  2.32069251e+10  2.51395183e+12  8.73052083e+09
 3.01350000e+03  8.87644366e+16  3.15791775e+16  4.77930175e+10  2.55904155e+10  2.51395183e+12  8.73052083e+09
 3.01500000e+03  9.11850406e+16  3.43931959e+16  4.90963319e+10  2.78707758e+10  2.51395183e+12  8.73052083e+09
 3.01500000e+03  9.11850406e+16  3.43931959e+16  4.90963319e+10  2.78707758e+10  2.51395183e+12  8.72179031e+09
 3.01502500e+03  9.10790541e+16  3.44389414e+16  4.90392661e+10  2.79078460e+10  2.51395183e+12  8.72179031e+09
 3.01505000e+03  9.09731909e+16  3.44844838e+16  4.89822666e+10  2.79447516e+10  2.51395183e+12  8.72179031e+09
 3.01507500e+03  9.08674507e+16  3.45298237e+16  4.89253334e+10  2.79814931e+10  2.51395183e+12  8.72179031e+09
 3.01510000e+03  9.07618334e+16  3.45749614e+16  4.88684664e+10  2.80180708e+10  2.51395183e+12  8.72179031e+09
 3.01512500e+03  9.06563389e+16  3.46198975e+16  4.88116655e+10  2.80544851e+10  2.51395183e+12  8.72179031e+09
 3.01515000e+03  9.05509670e+16  3.46646326e+16  4.87549306e+10  2.80907365e+10  2.51395183e+12  8.72179031e+09
 3.01517500e+03  9.04457175e+16  3.47091670e+16  4.86982616e+10  2.81268253e+10  2.51395183e+12  8.72179031e+09
 3.01520000e+03  9.03405904e+16  3.47535013e+16  4.86416585e+10  2.81627519e+10  2.51395183e+12  8.72179031e+09
 3.01522500e+03  9.02355855e+16  3.47976361e+16  4.85851212e+10  2.81985168e+10  2.51395183e+12  8.72179031e+09
 3.01525000e+03  9.01307026e+16  3.48415716e+16  4.85286497e+10  2.82341203e+10  2.51395183e+12  8.72179031e+09
 3.01525000e+03  9.01307026e+16  0.00000000e+00  4.85286497e+10  0.00000000e+00  2.53254758e+12  8.71306852e+09
 3.01620000e+03  8.62342060e+16  3.76881324e+15  4.64306773e+10  3.05408515e+09  2.53254758e+12  8.71306852e+09
 3.01715000e+03  8.25061613e+16  7.13217032e+15  4.44234038e+10  5.77960595e+09  2.53254758e+12  8.71306852e+09
 3.01810000e+03  7.89392860e+16  1.01232063e+16  4.25029079e+10  8.20341362e+09  2.53254758e+12  8.71306852e+09
 3.01905000e+03  7.55266125e+16  1.27726193e+16  4.06654382e+10  1.03503847e+10  2.53254758e+12  8.71306852e+09
 3.02000000e+03  7.22614744e+16  1.51088410e+16  3.89074053e+10  1.22435589e+10  2.53254758e+12  8.71306852e+09
 3.02095000e+03  6.91374935e+16  1.71581945e+16  3.72253750e+10  1.39042673e+10  2.53254758e+12  8.71306852e+09
 3.02190000e+03  6.61485674e+16  1.89450422e+16  3.56160616e+10  1.53522524e+10  2.53254758e+12  8.71306852e+09
 3.02285000e+03  6.32888575e+16  2.04919239e+16  3.40763214e+10  1.66057792e+10  2.53254758e+12  8.71306852e+09
 3.02380000e+03  6.05527774e+16  2.18196846e+16  3.26031467e+10  1.76817397e+10  2.53254758e+12  8.71306852e+09
 3.02475000e+03  5.79349825e+16  2.29475943e+16  3.11936597e+10  1.85957495e+10  2.53254758e+12  8.71306852e+09
 3.02475000e+03  5.79349825e+16  0.00000000e+00  3.11936597e+10  0.00000000e+00  2.53254758e+12  8.71306852e+09
 3.02477500e+03  5.78676434e+16  6.72802285e+13  3.11574026e+10  5.45210212e+07  2.53254758e+12  8.71306852e+09
 3.02480000e+03  5.78003825e+16  1.34364593e+14  3.11211877e+10  1.08883323e+08  2.53254758e+12  8.71306852e+09
 3.02482500e+03  5.77331998e+16  2.01253528e+14  3.10850148e+10  1.63087256e+08  2.53254758e+12  8.71306852e+09
 3.02485000e+03  5.76660952e+16  2.67947464e+14  3.10488840e+10  2.17133171e+08  2.53254758e+12  8.71306852e+09
 3.02487500e+03  5.75990686e+16  3.34446835e+14  3.10127952e+10  2.71021419e+08  2.53254758e+12  8.71306852e+09
 3.02490000e+03  5.75321199e+16  4.00752071e+14  3.09767483e+10  3.24752347e+08  2.53254758e+12  8.71306852e+09
 3.02492500e+03  5.74652490e+16  4.66863601e+14  3.09407433e+10  3.78326305e+08  2.53254758e+12  8.71306852e+09
 3.02495000e+03  5.73984559e+16  5.32781855e+14  3.09047802e+10  4.31743641e+08  2.53254758e+12  8.71306852e+09
 3.02497500e+03  5.73317404e+16  5.98507261e+14  3.08688589e+10  4.85004701e+08  2.53254758e+12  8.71306852e+09
 3.02500000e+03  5.72651024e+16  6.64040247e+14  3.08329793e+10  5.38109831e+08  2.53254758e+12  8.71306852e+09
 3.02500000e+03  5.72651024e+16  6.64040247e+14  3.08329793e+10  5.38109831e+08  2.53254758e+12  8.71306852e+09
 3.02650000e+03  6.17919931e+16  4.54541622e+15  3.32703717e+10  3.68341100e+09  2.53254758e+12  8.71306852e+09
 3.02800000e+03  6.60137670e+16  8.32930063e+15  3.55434816e+10  6.74970918e+09  2.53254758e+12  8.71306852e+09
 3.02950000e+03  6.99509893e+16  1.20059028e+16  3.76633817e+10  9.72907041e+09  2.53254758e+12  8.71306852e+09
 3.03100000e+03  7.36228391e+16  1.55677231e+16  3.96403985e+10  1.26154173e+10  2.53254758e+12  8.71306852e+09
 3.03250000e+03  7.70472027e+16  1.90092359e+16  4.14841624e+10  1.54042722e+10  2.53254758e+12  8.71306852e+09
 3.03400000e+03  8.02407610e+16  2.23266104e+16  4.32036549e+10  1.80925307e+10  2.53254758e+12  8.71306852e+09
 3.03550000e+03  8.32190703e+16  2.55174641e+16  4.48072520e+10  2.06782621e+10  2.53254758e+12  8.71306852e+09
 3.03700000e+03  8.59966388e+16  2.85806468e+16  4.63027651e+10  2.31605344e+10  2.53254758e+12  8.71306852e+09
 3.03850000e+03  8.85869965e+16  3.15160507e+16  4.76974792e+10  2.55392603e+10  2.53254758e+12  8.71306852e+09
 3.04000000e+03  9.10027617e+16  3.43244439e+16  4.89981883e+10  2.78150621e+10  2.53254758e+12  8.71306852e+09
 3.04000000e+03  9.10027617e+16  3.43244439e+16  4.89981883e+10  2.78150621e+10  2.53254758e+12  8.70435545e+09
 3.04002500e+03  9.08969871e+16  3.43700980e+16  4.89412366e+10  2.78520582e+10  2.53254758e+12  8.70435545e+09
 3.04005000e+03  9.07913355e+16  3.44155493e+16  4.88843511e+10  2.78888901e+10  2.53254758e+12  8.70435545e+09
 3.04007500e+03  9.06858067e+16  3.44607985e+16  4.88275317e+10  2.79255581e+10  2.53254758e+12  8.70435545e+09
 3.04010000e+03  9.05804005e+16  3.45058460e+16  4.87707783e+10  2.79620626e+10  2.53254758e+12  8.70435545e+09
 3.04012500e+03  9.04751168e+16  3.45506924e+16  4.87140910e+10  2.79984042e+10  2.53254758e+12  8.70435545e+09
 3.04015000e+03  9.03699556e+16  3.45953380e+16  4.86574695e+10  2.80345831e+10  2.53254758e+12  8.70435545e+09
 3.04017500e+03  9.02649165e+16  3.46397834e+16  4.86009138e+10  2.80705997e+10  2.53254758e+12  8.70435545e+09
 3.04020000e+03  9.01599996e+16  3.46840291e+16  4.85444239e+10  2.81064546e+10  2.53254758e+12  8.70435545e+09
 3.04022500e+03  9.00552046e+16  3.47280756e+16  4.84879996e+10  2.81421480e+10  2.53254758e+12  8.70435545e+09
 3.04025000e+03  8.99505314e+16  3.47719233e+16  4.84316409e+10  2.81776803e+10  2.53254758e+12  8.70435545e+09
 3.04025000e+03  8.99505314e+16  0.00000000e+00  4.84316409e+10  0.00000000e+00  2.55110616e+12  8.69565110e+09
 3.04120000e+03  8.60618239e+16  3.76127939e+15  4.63378624e+10  3.04798003e+09  2.55110616e+12  8.69565110e+09
 3.04215000e+03  8.23412315e+16  7.11791311e+15  4.43346014e+10  5.76805252e+09  2.55110616e+12  8.69565110e+09
 3.04310000e+03  7.87814864e+16  1.01029700e+16  4.24179446e+10  8.18701499e+09  2.55110616e+12  8.69565110e+09
 3.04405000e+03  7.53756348e+16  1.27470869e+16  4.05841480e+10  1.03296943e+10  2.55110616e+12  8.69565110e+09
 3.04500000e+03  7.21170237e+16  1.50786384e+16  3.88296294e+10  1.22190840e+10  2.55110616e+12  8.69565110e+09
 3.04595000e+03  6.89992877e+16  1.71238952e+16  3.71509614e+10  1.38764727e+10  2.55110616e+12  8.69565110e+09
 3.04690000e+03  6.60163365e+16  1.89071711e+16  3.55448651e+10  1.53215632e+10  2.55110616e+12  8.69565110e+09
 3.04785000e+03  6.31623430e+16  2.04509605e+16  3.40082028e+10  1.65725842e+10  2.55110616e+12  8.69565110e+09
 3.04880000e+03  6.04317324e+16  2.17760670e+16  3.25379730e+10  1.76463939e+10  2.55110616e+12  8.69565110e+09
 3.04975000e+03  5.78191705e+16  2.29017221e+16  3.11313036e+10  1.85585766e+10  2.55110616e+12  8.69565110e+09
 3.04975000e+03  5.78191705e+16  0.00000000e+00  3.11313036e+10  0.00000000e+00  2.55110616e+12  8.69565110e+09
 3.04977500e+03  5.77519660e+16  6.71457353e+13  3.10951190e+10  5.44120337e+07  2.55110616e+12  8.69565110e+09
 3.04980000e+03  5.76848396e+16  1.34095998e+14  3.10589764e+10  1.08665665e+08  2.55110616e+12  8.69565110e+09
 3.04982500e+03  5.76177912e+16  2.00851222e+14  3.10228759e+10  1.62761245e+08  2.55110616e+12  8.69565110e+09
 3.04985000e+03  5.75508207e+16  2.67411837e+14  3.09868173e+10  2.16699122e+08  2.55110616e+12  8.69565110e+09
 3.04987500e+03  5.74839281e+16  3.33778276e+14  3.09508006e+10  2.70479647e+08  2.55110616e+12  8.69565110e+09
 3.04990000e+03  5.74171132e+16  3.99950967e+14  3.09148258e+10  3.24103167e+08  2.55110616e+12  8.69565110e+09
 3.04992500e+03  5.73503760e+16  4.65930340e+14  3.08788928e+10  3.77570031e+08  2.55110616e+12  8.69565110e+09
 3.04995000e+03  5.72837164e+16  5.31716824e+14  3.08430016e+10  4.30880585e+08  2.55110616e+12  8.69565110e+09
 3.04997500e+03  5.72171342e+16  5.97310845e+14  3.08071520e+10  4.84035176e+08  2.55110616e+12  8.69565110e+09
 3.05000000e+03  5.71506294e+16  6.62712831e+14  3.07713442e+10  5.37034150e+08  2.55110616e+12  8.69565110e+09
 3.05000000e+03  5.71506294e+16  6.62712831e+14  3.07713442e+10  5.37034150e+08  2.55110616e+12  8.69565110e+09
 3.05150000e+03  6.16684709e+16  4.53632993e+15  3.32038643e+10  3.67604787e+09  2.55110616e+12  8.69565110e+09
 3.05300000e+03  6.58818055e+16  8.31265036e+15  3.54724302e+10  6.73621652e+09  2.55110616e+12  8.69565110e+09
 3.05450000e+03  6.98111573e+16  1.19819030e+16  3.75880926e+10  9.70962200e+09  2.55110616e+12  8.69565110e+09
 3.05600000e+03  7.34756671e+16  1.55366032e+16  3.95611573e+10  1.25901991e+10  2.55110616e+12  8.69565110e+09
 3.05750000e+03  7.68931854e+16  1.89712365e+16  4.14012356e+10  1.53734791e+10  2.55110616e+12  8.69565110e+09
 3.05900000e+03  8.00803597e+16  2.22819795e+16  4.31172908e+10  1.80563637e+10  2.55110616e+12  8.69565110e+09
 3.06050000e+03  8.30527154e+16  2.54664547e+16  4.47176823e+10  2.06369263e+10  2.55110616e+12  8.69565110e+09
 3.06200000e+03  8.58247315e+16  2.85235141e+16  4.62102059e+10  2.31142365e+10  2.55110616e+12  8.69565110e+09
 3.06350000e+03  8.84099111e+16  3.14530501e+16  4.76021320e+10  2.54882073e+10  2.55110616e+12  8.69565110e+09
 3.06500000e+03  9.08208471e+16  3.42558294e+16  4.89002409e+10  2.77594598e+10  2.55110616e+12  8.69565110e+09
 3.06500000e+03  9.08208471e+16  3.42558294e+16  4.89002409e+10  2.77594598e+10  2.55110616e+12  8.68695545e+09
 3.06502500e+03  9.07152840e+16  3.43013922e+16  4.88434031e+10  2.77963819e+10  2.55110616e+12  8.68695545e+09
 3.06505000e+03  9.06098436e+16  3.43467527e+16  4.87866313e+10  2.78331402e+10  2.55110616e+12  8.68695545e+09
 3.06507500e+03  9.05045257e+16  3.43919114e+16  4.87299255e+10  2.78697349e+10  2.55110616e+12  8.68695545e+09
 3.06510000e+03  9.03993303e+16  3.44368689e+16  4.86732856e+10  2.79061665e+10  2.55110616e+12  8.68695545e+09
 3.06512500e+03  9.02942571e+16  3.44816255e+16  4.86167115e+10  2.79424354e+10  2.55110616e+12  8.68695545e+09
 3.06515000e+03  9.01893060e+16  3.45261819e+16  4.85602032e+10  2.79785419e+10  2.55110616e+12  8.68695545e+09
 3.06517500e+03  9.00844770e+16  3.45705385e+16  4.85037606e+10  2.80144866e+10  2.55110616e+12  8.68695545e+09
 3.06520000e+03  8.99797697e+16  3.46146957e+16  4.84473836e+10  2.80502698e+10  2.55110616e+12  8.68695545e+09
 3.06522500e+03  8.98751842e+16  3.46586542e+16  4.83910721e+10  2.80858918e+10  2.55110616e+12  8.68695545e+09
 3.06525000e+03  8.97707203e+16  3.47024143e+16  4.83348260e+10  2.81213531e+10  2.55110616e+12  8.68695545e+09
 3.06525000e+03  8.97707203e+16  0.00000000e+00  4.83348260e+10  0.00000000e+00  2.56962764e+12  8.67826849e+09
 3.06620000e+03  8.58897863e+16  3.75376059e+15  4.62452330e+10  3.04188712e+09  2.56962764e+12  8.67826849e+09
 3.06715000e+03  8.21766314e+16  7.10368440e+15  4.42459765e+10  5.75652218e+09  2.56962764e+12  8.67826849e+09
 3.06810000e+03  7.86240022e+16  1.00827741e+16  4.23331511e+10  8.17064915e+09  2.56962764e+12  8.67826849e+09
 3.06905000e+03  7.52249589e+16  1.27216054e+16  4.05030203e+10  1.03090452e+10  2.56962764e+12  8.67826849e+09
 3.07000000e+03  7.19728618e+16  1.50484962e+16  3.87520089e+10  1.21946581e+10  2.56962764e+12  8.67826849e+09
 3.07095000e+03  6.88613581e+16  1.70896646e+16  3.70766967e+10  1.38487336e+10  2.56962764e+12  8.67826849e+09
 3.07190000e+03  6.58843698e+16  1.88693756e+16  3.54738109e+10  1.52909354e+10  2.56962764e+12  8.67826849e+09
 3.07285000e+03  6.30360815e+16  2.04100791e+16  3.39402204e+10  1.65394556e+10  2.56962764e+12  8.67826849e+09
 3.07380000e+03  6.03109294e+16  2.17325367e+16  3.24729296e+10  1.76111187e+10  2.56962764e+12  8.67826849e+09
 3.07475000e+03  5.77035900e+16  2.28559416e+16  3.10690721e+10  1.85214780e+10  2.56962764e+12  8.67826849e+09
 3.07475000e+03  5.77035900e+16  0.00000000e+00  3.10690721e+10  0.00000000e+00  2.56962764e+12  8.67826849e+09
 3.07477500e+03  5.76365198e+16  6.70115110e+13  3.10329598e+10  5.43032640e+07  2.56962764e+12  8.67826849e+09
 3.07480000e+03  5.75695276e+16  1.33827940e+14  3.09968895e+10  1.08448442e+08  2.56962764e+12  8.67826849e+09
 3.07482500e+03  5.75026132e+16  2.00449720e+14  3.09608612e+10  1.62435885e+08  2.56962764e+12  8.67826849e+09
 3.07485000e+03  5.74357766e+16  2.66877281e+14  3.09248746e+10  2.16265941e+08  2.56962764e+12  8.67826849e+09
 3.07487500e+03  5.73690177e+16  3.33111053e+14  3.08889300e+10  2.69938958e+08  2.56962764e+12  8.67826849e+09
 3.07490000e+03  5.73023364e+16  3.99151465e+14  3.08530271e+10  3.23455285e+08  2.56962764e+12  8.67826849e+09
 3.07492500e+03  5.72357326e+16  4.64998946e+14  3.08171659e+10  3.76815269e+08  2.56962764e+12  8.67826849e+09
 3.07495000e+03  5.71692062e+16  5.30653922e+14  3.07813464e+10  4.30019255e+08  2.56962764e+12  8.67826849e+09
 3.07497500e+03  5.71027572e+16  5.96116821e+14  3.07455685e+10  4.83067590e+08  2.56962764e+12  8.67826849e+09
 3.07500000e+03  5.70363853e+16  6.61388068e+14  3.07098323e+10  5.35960618e+08  2.56962764e+12  8.67826849e+09
 3.07500000e+03  5.70363853e+16  6.61388068e+14  3.07098323e+10  5.35960618e+08  2.56962764e+12  8.67826849e+09
 3.07650000e+03  6.15451956e+16  4.52726181e+15  3.31374897e+10  3.66869945e+09  2.56962764e+12  8.67826849e+09
 3.07800000e+03  6.57501077e+16  8.29603337e+15  3.54015208e+10  6.72275082e+09  2.56962764e+12  8.67826849e+09
 3.07950000e+03  6.96716048e+16  1.19579512e+16  3.75129540e+10  9.69021246e+09  2.56962764e+12  8.67826849e+09
 3.08100000e+03  7.33287892e+16  1.55055455e+16  3.94820745e+10  1.25650313e+10  2.56962764e+12  8.67826849e+09
 3.08250000e+03  7.67394759e+16  1.89333130e+16  4.13184745e+10  1.53427475e+10  2.56962764e+12  8.67826849e+09
 3.08400000e+03  7.99202791e+16  2.22374378e+16  4.30310994e+10  1.80202691e+10  2.56962764e+12  8.67826849e+09
 3.08550000e+03  8.28866930e+16  2.54155472e+16  4.46282917e+10  2.05956730e+10  2.56962764e+12  8.67826849e+09
 3.08700000e+03  8.56531679e+16  2.84664956e+16  4.61178317e+10  2.30680312e+10  2.56962764e+12  8.67826849e+09
 3.08850000e+03  8.82331797e+16  3.13901755e+16  4.75069753e+10  2.54372564e+10  2.56962764e+12  8.67826849e+09
 3.09000000e+03  9.06392963e+16  3.41873520e+16  4.88024893e+10  2.77039687e+10  2.56962764e+12  8.67826849e+09
 3.09000000e+03  9.06392963e+16  3.41873520e+16  4.88024893e+10  2.77039687e+10  2.56962764e+12  8.66959022e+09
 3.09002500e+03  9.05339442e+16  3.42328237e+16  4.87457651e+10  2.77408170e+10  2.56962764e+12  8.66959022e+09
 3.09005000e+03  9.04287145e+16  3.42780935e+16  4.86891068e+10  2.77775017e+10  2.56962764e+12  8.66959022e+09
 3.09007500e+03  9.03236072e+16  3.43231620e+16  4.86325143e+10  2.78140233e+10  2.56962764e+12  8.66959022e+09
 3.09010000e+03  9.02186220e+16  3.43680296e+16  4.85759877e+10  2.78503820e+10  2.56962764e+12  8.66959022e+09
 3.09012500e+03  9.01137589e+16  3.44126968e+16  4.85195267e+10  2.78865784e+10  2.56962764e+12  8.66959022e+09
 3.09015000e+03  9.00090176e+16  3.44571641e+16  4.84631314e+10  2.79226128e+10  2.56962764e+12  8.66959022e+09
 3.09017500e+03  8.99043981e+16  3.45014320e+16  4.84068016e+10  2.79584856e+10  2.56962764e+12  8.66959022e+09
 3.09020000e+03  8.97999002e+16  3.45455009e+16  4.83505372e+10  2.79941973e+10  2.56962764e+12  8.66959022e+09
 3.09022500e+03  8.96955237e+16  3.45893715e+16  4.82943383e+10  2.80297481e+10  2.56962764e+12  8.66959022e+09
 3.09025000e+03  8.95912686e+16  3.46330441e+16  4.82382047e+10  2.80651385e+10  2.56962764e+12  8.66959022e+09
 3.09025000e+03  8.95912686e+16  0.00000000e+00  4.82382047e+10  0.00000000e+00  2.58811209e+12  8.66092063e+09
 3.09120000e+03  8.57180926e+16  3.74625682e+15  4.61527888e+10  3.03580639e+09  2.58811209e+12  8.66092063e+09
 3.09215000e+03  8.20123603e+16  7.08948413e+15  4.41575288e+10  5.74501489e+09  2.58811209e+12  8.66092063e+09
 3.09310000e+03  7.84668328e+16  1.00626187e+16  4.22485271e+10  8.15431602e+09  2.58811209e+12  8.66092063e+09
 3.09405000e+03  7.50745842e+16  1.26961749e+16  4.04220547e+10  1.02884375e+10  2.58811209e+12  8.66092063e+09
 3.09500000e+03  7.18289880e+16  1.50184143e+16  3.86745437e+10  1.21702810e+10  2.58811209e+12  8.66092063e+09
 3.09595000e+03  6.87237043e+16  1.70555023e+16  3.70025804e+10  1.38210500e+10  2.58811209e+12  8.66092063e+09
 3.09690000e+03  6.57526669e+16  1.88316557e+16  3.54028987e+10  1.52603688e+10  2.58811209e+12  8.66092063e+09
 3.09785000e+03  6.29100724e+16  2.03692793e+16  3.38723739e+10  1.65063933e+10  2.58811209e+12  8.66092063e+09
 3.09880000e+03  6.01903678e+16  2.16890933e+16  3.24080162e+10  1.75759141e+10  2.58811209e+12  8.66092063e+09
 3.09975000e+03  5.75882405e+16  2.28102525e+16  3.10069651e+10  1.84844536e+10  2.58811209e+12  8.66092063e+09
 3.09975000e+03  5.75882405e+16  0.00000000e+00  3.10069651e+10  0.00000000e+00  2.58811209e+12  8.66092063e+09
 3.09977500e+03  5.75213044e+16  6.68775550e+13  3.09709250e+10  5.41947118e+07  2.58811209e+12  8.66092063e+09
 3.09980000e+03  5.74544461e+16  1.33560418e+14  3.09349268e+10  1.08231654e+08  2.58811209e+12  8.66092063e+09
 3.09982500e+03  5.73876655e+16  2.00049021e+14  3.08989704e+10  1.62111175e+08  2.58811209e+12  8.66092063e+09
 3.09985000e+03  5.73209625e+16  2.66343793e+14  3.08630558e+10  2.15833625e+08  2.58811209e+12  8.66092063e+09
 3.09987500e+03  5.72543370e+16  3.32445164e+14  3.08271830e+10  2.69399350e+08  2.58811209e+12  8.66092063e+09
 3.09990000e+03  5.71877890e+16  3.98353561e+14  3.07913519e+10  3.22808698e+08  2.58811209e+12  8.66092063e+09
 3.09992500e+03  5.71213184e+16  4.64069413e+14  3.07555624e+10  3.76062015e+08  2.58811209e+12  8.66092063e+09
 3.09995000e+03  5.70549250e+16  5.29593145e+14  3.07198145e+10  4.29159647e+08  2.58811209e+12  8.66092063e+09
 3.09997500e+03  5.69886087e+16  5.94925184e+14  3.06841082e+10  4.82101938e+08  2.58811209e+12  8.66092063e+09
 3.10000000e+03  5.69223696e+16  6.60065953e+14  3.06484433e+10  5.34889233e+08  2.58811209e+12  8.66092063e+09
 3.10000000e+03  5.69223696e+16  6.60065953e+14  3.06484433e+10  5.34889233e+08  2.58811209e+12  8.66092063e+09
 3.10150000e+03  6.14221667e+16  4.51821181e+15  3.30712479e+10  3.66136572e+09  2.58811209e+12  8.66092063e+09
 3.10300000e+03  6.56186733e+16  8.27944960e+15  3.53307531e+10  6.70931204e+09  2.58811209e+12  8.66092063e+09
 3.10450000e+03  6.95323312e+16  1.19340472e+16  3.74379656e+10  9.67084173e+09  2.58811209e+12  8.66092063e+09
 3.10600000e+03  7.31822050e+16  1.54745499e+16  3.94031499e+10  1.25399138e+10  2.58811209e+12  8.66092063e+09
 3.10750000e+03  7.65860737e+16  1.88954653e+16  4.12358789e+10  1.53120774e+10  2.58811209e+12  8.66092063e+09
 3.10900000e+03  7.97605184e+16  2.21929852e+16  4.29450802e+10  1.79842465e+10  2.58811209e+12  8.66092063e+09
 3.11050000e+03  8.27210025e+16  2.53647415e+16  4.45390797e+10  2.05545023e+10  2.58811209e+12  8.66092063e+09
 3.11200000e+03  8.54819472e+16  2.84095910e+16  4.60256422e+10  2.30219182e+10  2.58811209e+12  8.66092063e+09
 3.11350000e+03  8.80568016e+16  3.13274265e+16  4.74120089e+10  2.53864073e+10  2.58811209e+12  8.66092063e+09
 3.11500000e+03  9.04581083e+16  3.41190115e+16  4.87049331e+10  2.76485884e+10  2.58811209e+12  8.66092063e+09
 3.11500000e+03  9.04581083e+16  3.41190115e+16  4.87049331e+10  2.76485884e+10  2.58811209e+12  8.65225971e+09
 3.11502500e+03  9.03529668e+16  3.41643923e+16  4.86483223e+10  2.76853631e+10  2.58811209e+12  8.65225971e+09
 3.11505000e+03  9.02479475e+16  3.42095716e+16  4.85917773e+10  2.77219745e+10  2.58811209e+12  8.65225971e+09
 3.11507500e+03  9.01430503e+16  3.42545500e+16  4.85352979e+10  2.77584230e+10  2.58811209e+12  8.65225971e+09
 3.11510000e+03  9.00382750e+16  3.42993279e+16  4.84788843e+10  2.77947091e+10  2.58811209e+12  8.65225971e+09
 3.11512500e+03  8.99336215e+16  3.43439058e+16  4.84225362e+10  2.78308332e+10  2.58811209e+12  8.65225971e+09
 3.11515000e+03  8.98290896e+16  3.43882842e+16  4.83662536e+10  2.78667955e+10  2.58811209e+12  8.65225971e+09
 3.11517500e+03  8.97246792e+16  3.44324636e+16  4.83100364e+10  2.79025966e+10  2.58811209e+12  8.65225971e+09
 3.11520000e+03  8.96203902e+16  3.44764445e+16  4.82538845e+10  2.79382369e+10  2.58811209e+12  8.65225971e+09
 3.11522500e+03  8.95162224e+16  3.45202274e+16  4.81977979e+10  2.79737166e+10  2.58811209e+12  8.65225971e+09
 3.11525000e+03  8.94121756e+16  3.45638127e+16  4.81417765e+10  2.80090363e+10  2.58811209e+12  8.65225971e+09
 3.11525000e+03  8.94121756e+16  0.00000000e+00  4.81417765e+10  0.00000000e+00  2.60655960e+12  8.64360745e+09
 3.11620000e+03  8.55467421e+16  3.73876805e+15  4.60605294e+10  3.02973781e+09  2.60655960e+12  8.64360745e+09
 3.11715000e+03  8.18484176e+16  7.07531226e+15  4.40692579e+10  5.73353061e+09  2.60655960e+12  8.64360745e+09
 3.11810000e+03  7.83099776e+16  1.00425035e+16  4.21640723e+10  8.13801554e+09  2.60655960e+12  8.64360745e+09
 3.11905000e+03  7.49245101e+16  1.26707953e+16  4.03412510e+10  1.02678709e+10  2.60655960e+12  8.64360745e+09
 3.12000000e+03  7.16854019e+16  1.49883925e+16  3.85972333e+10  1.21459526e+10  2.60655960e+12  8.64360745e+09
 3.12095000e+03  6.85863256e+16  1.70214084e+16  3.69286122e+10  1.37934217e+10  2.60655960e+12  8.64360745e+09
 3.12190000e+03  6.56212274e+16  1.87940113e+16  3.53321283e+10  1.52298634e+10  2.60655960e+12  8.64360745e+09
 3.12285000e+03  6.27843152e+16  2.03285611e+16  3.38046631e+10  1.64733970e+10  2.60655960e+12  8.64360745e+09
 3.12380000e+03  6.00700473e+16  2.16457368e+16  3.23432326e+10  1.75407799e+10  2.60655960e+12  8.64360745e+09
 3.12475000e+03  5.74731216e+16  2.27646548e+16  3.09449821e+10  1.84475032e+10  2.60655960e+12  8.64360745e+09
 3.12475000e+03  5.74731216e+16  0.00000000e+00  3.09449821e+10  0.00000000e+00  2.60655960e+12  8.64360745e+09
 3.12477500e+03  5.74063193e+16  6.67438667e+13  3.09090141e+10  5.40863765e+07  2.60655960e+12  8.64360745e+09
 3.12480000e+03  5.73395946e+16  1.33293431e+14  3.08730878e+10  1.08015299e+08  2.60655960e+12  8.64360745e+09
 3.12482500e+03  5.72729475e+16  1.99649123e+14  3.08372033e+10  1.61787115e+08  2.60655960e+12  8.64360745e+09
 3.12485000e+03  5.72063779e+16  2.65811372e+14  3.08013606e+10  2.15402174e+08  2.60655960e+12  8.64360745e+09
 3.12487500e+03  5.71398856e+16  3.31780606e+14  3.07655595e+10  2.68860821e+08  2.60655960e+12  8.64360745e+09
 3.12490000e+03  5.70734706e+16  3.97557253e+14  3.07297999e+10  3.22163403e+08  2.60655960e+12  8.64360745e+09
 3.12492500e+03  5.70071329e+16  4.63141738e+14  3.06940820e+10  3.75310267e+08  2.60655960e+12  8.64360745e+09
 3.12495000e+03  5.69408722e+16  5.28534488e+14  3.06584056e+10  4.28301756e+08  2.60655960e+12  8.64360745e+09
 3.12497500e+03  5.68746885e+16  5.93735928e+14  3.06227706e+10  4.81138216e+08  2.60655960e+12  8.64360745e+09
 3.12500000e+03  5.68085818e+16  6.58746481e+14  3.05871771e+10  5.33819990e+08  2.60655960e+12  8.64360745e+09
 3.12500000e+03  5.68085818e+16  6.58746481e+14  3.05871771e+10  5.33819990e+08  2.60655960e+12  8.64360745e+09
 3.12650000e+03  6.12993838e+16  4.50917991e+15  3.30051385e+10  3.65404665e+09  2.60655960e+12  8.64360745e+09
 3.12800000e+03  6.54875015e+16  8.26289898e+15  3.52601270e+10  6.69590013e+09  2.60655960e+12  8.64360745e+09
 3.12950000e+03  6.93933361e+16  1.19101911e+16  3.73631271e+10  9.65150971e+09  2.60655960e+12  8.64360745e+09
 3.13100000e+03  7.30359137e+16  1.54436163e+16  3.93243830e+10  1.25148465e+10  2.60655960e+12  8.64360745e+09
 3.13250000e+03  7.64329781e+16  1.88576932e+16  4.11534484e+10  1.52814685e+10  2.60655960e+12  8.64360745e+09
 3.13400000e+03  7.96010771e+16  2.21486214e+16  4.28592330e+10  1.79482960e+10  2.60655960e+12  8.64360745e+09
 3.13550000e+03  8.25556433e+16  2.53140374e+16  4.44500461e+10  2.05134138e+10  2.60655960e+12  8.64360745e+09
 3.13700000e+03  8.53110688e+16  2.83528003e+16  4.59336369e+10  2.29758974e+10  2.60655960e+12  8.64360745e+09
 3.13850000e+03  8.78807760e+16  3.12648030e+16  4.73172323e+10  2.53356599e+10  2.60655960e+12  8.64360745e+09
 3.14000000e+03  9.02772826e+16  3.40508075e+16  4.86075720e+10  2.75933189e+10  2.60655960e+12  8.64360745e+09
 3.14000000e+03  9.02772826e+16  3.40508075e+16  4.86075720e+10  2.75933189e+10  2.60655960e+12  8.63496385e+09
 3.14002500e+03  9.01723512e+16  3.40960976e+16  4.85510743e+10  2.76300200e+10  2.60655960e+12  8.63496385e+09
 3.14005000e+03  9.00675419e+16  3.41411867e+16  4.84946423e+10  2.76665583e+10  2.60655960e+12  8.63496385e+09
 3.14007500e+03  8.99628543e+16  3.41860751e+16  4.84382759e+10  2.77029340e+10  2.60655960e+12  8.63496385e+09
 3.14010000e+03  8.98582885e+16  3.42307635e+16  4.83819750e+10  2.77391475e+10  2.60655960e+12  8.63496385e+09
 3.14012500e+03  8.97538442e+16  3.42752523e+16  4.83257395e+10  2.77751993e+10  2.60655960e+12  8.63496385e+09
 3.14015000e+03  8.96495212e+16  3.43195420e+16  4.82695694e+10  2.78110898e+10  2.60655960e+12  8.63496385e+09
 3.14017500e+03  8.95453196e+16  3.43636331e+16  4.82134646e+10  2.78468193e+10  2.60655960e+12  8.63496385e+09
 3.14020000e+03  8.94412390e+16  3.44075261e+16  4.81574250e+10  2.78823883e+10  2.60655960e+12  8.63496385e+09
 3.14022500e+03  8.93372794e+16  3.44512214e+16  4.81014505e+10  2.79177972e+10  2.60655960e+12  8.63496385e+09
 3.14025000e+03  8.92334407e+16  3.44947196e+16  4.80455411e+10  2.79530463e+10  2.60655960e+12  8.63496385e+09
 3.14025000e+03  8.92334407e+16  0.00000000e+00  4.80455411e+10  0.00000000e+00  2.62497022e+12  8.62632888e+09
 3.14120000e+03  8.53757342e+16  3.73129426e+15  4.59684544e+10  3.02368137e+09  2.62497022e+12  8.62632888e+09
 3.14215000e+03  8.16848026e+16  7.06116871e+15  4.39811635e+10  5.72206928e+09  2.62497022e+12  8.62632888e+09
 3.14310000e+03  7.81534359e+16  1.00224285e+16  4.20797864e+10  8.12174765e+09  2.62497022e+12  8.62632888e+09
 3.14405000e+03  7.47747360e+16  1.26454664e+16  4.02606089e+10  1.02473454e+10  2.62497022e+12  8.62632888e+09
 3.14500000e+03  7.15421028e+16  1.49584307e+16  3.85200774e+10  1.21216728e+10  2.62497022e+12  8.62632888e+09
 3.14595000e+03  6.84492215e+16  1.69873826e+16  3.68547919e+10  1.37658487e+10  2.62497022e+12  8.62632888e+09
 3.14690000e+03  6.54900505e+16  1.87564420e+16  3.52614994e+10  1.51994189e+10  2.62497022e+12  8.62632888e+09
 3.14785000e+03  6.26588093e+16  2.02879243e+16  3.37370875e+10  1.64404666e+10  2.62497022e+12  8.62632888e+09
 3.14880000e+03  5.99499673e+16  2.16024670e+16  3.22785785e+10  1.75057158e+10  2.62497022e+12  8.62632888e+09
 3.14975000e+03  5.73582328e+16  2.27191483e+16  3.08831231e+10  1.84106266e+10  2.62497022e+12  8.62632888e+09
 3.14975000e+03  5.73582328e+16  0.00000000e+00  3.08831231e+10  0.00000000e+00  2.62497022e+12  8.62632888e+09
 3.14977500e+03  5.72915641e+16  6.66104457e+13  3.08472270e+10  5.39782579e+07  2.62497022e+12  8.62632888e+09
 3.14980000e+03  5.72249728e+16  1.33026978e+14  3.08113725e+10  1.07799376e+08  2.62497022e+12  8.62632888e+09
 3.14982500e+03  5.71584589e+16  1.99250025e+14  3.07755598e+10  1.61463703e+08  2.62497022e+12  8.62632888e+09
 3.14985000e+03  5.70920223e+16  2.65280015e+14  3.07397887e+10  2.14971585e+08  2.62497022e+12  8.62632888e+09
 3.14987500e+03  5.70256630e+16  3.31117377e+14  3.07040591e+10  2.68323368e+08  2.62497022e+12  8.62632888e+09
 3.14990000e+03  5.69593808e+16  3.96762536e+14  3.06683711e+10  3.21519399e+08  2.62497022e+12  8.62632888e+09
 3.14992500e+03  5.68931756e+16  4.62215918e+14  3.06327245e+10  3.74560022e+08  2.62497022e+12  8.62632888e+09
 3.14995000e+03  5.68270474e+16  5.27477948e+14  3.05971194e+10  4.27445581e+08  2.62497022e+12  8.62632888e+09
 3.14997500e+03  5.67609960e+16  5.92549050e+14  3.05615557e+10  4.80176421e+08  2.62497022e+12  8.62632888e+09
 3.15000000e+03  5.66950214e+16  6.57429647e+14  3.05260333e+10  5.32752883e+08  2.62497022e+12  8.62632888e+09
 3.15000000e+03  5.66950214e+16  6.57429647e+14  3.05260333e+10  5.32752883e+08  2.62497022e+12  8.62632888e+09
 3.15150000e+03  6.11768464e+16  4.50016606e+15  3.29391612e+10  3.64674221e+09  2.62497022e+12  8.62632888e+09
 3.15300000e+03  6.53565920e+16  8.24638145e+15  3.51896420e+10  6.68251502e+09  2.62497022e+12  8.62632888e+09
 3.15450000e+03  6.92546188e+16  1.18863826e+16  3.72884382e+10  9.63221635e+09  2.62497022e+12  8.62632888e+09
 3.15600000e+03  7.28899149e+16  1.54127445e+16  3.92457735e+10  1.24898293e+10  2.62497022e+12  8.62632888e+09
 3.15750000e+03  7.62801886e+16  1.88199967e+16  4.10711826e+10  1.52509209e+10  2.62497022e+12  8.62632888e+09
 3.15900000e+03  7.94419546e+16  2.21043463e+16  4.27735574e+10  1.79124174e+10  2.62497022e+12  8.62632888e+09
 3.16050000e+03  8.23906145e+16  2.52634347e+16  4.43611905e+10  2.04724075e+10  2.62497022e+12  8.62632888e+09
 3.16200000e+03  8.51405320e+16  2.82961230e+16  4.58418156e+10  2.29299685e+10  2.62497022e+12  8.62632888e+09
 3.16350000e+03  8.77051024e+16  3.12023046e+16  4.72226451e+10  2.52850139e+10  2.62497022e+12  8.62632888e+09
 3.16500000e+03  9.00968183e+16  3.39827400e+16  4.85104055e+10  2.75381598e+10  2.62497022e+12  8.62632888e+09
 3.16500000e+03  9.00968183e+16  3.39827400e+16  4.85104055e+10  2.75381598e+10  2.62497022e+12  8.61770255e+09
 3.16502500e+03  8.99920967e+16  3.40279395e+16  4.84540207e+10  2.75747876e+10  2.62497022e+12  8.61770255e+09
 3.16505000e+03  8.98874969e+16  3.40729384e+16  4.83977015e+10  2.76112528e+10  2.62497022e+12  8.61770255e+09
 3.16507500e+03  8.97830186e+16  3.41177372e+16  4.83414478e+10  2.76475558e+10  2.62497022e+12  8.61770255e+09
 3.16510000e+03  8.96786618e+16  3.41623362e+16  4.82852594e+10  2.76836970e+10  2.62497022e+12  8.61770255e+09
 3.16512500e+03  8.95744262e+16  3.42067361e+16  4.82291364e+10  2.77196767e+10  2.62497022e+12  8.61770255e+09
 3.16515000e+03  8.94703118e+16  3.42509372e+16  4.81730785e+10  2.77554954e+10  2.62497022e+12  8.61770255e+09
 3.16517500e+03  8.93663185e+16  3.42949402e+16  4.81170859e+10  2.77911536e+10  2.62497022e+12  8.61770255e+09
 3.16520000e+03  8.92624460e+16  3.43387454e+16  4.80611583e+10  2.78266514e+10  2.62497022e+12  8.61770255e+09
 3.16522500e+03  8.91586942e+16  3.43823534e+16  4.80052957e+10  2.78619895e+10  2.62497022e+12  8.61770255e+09
 3.16525000e+03  8.90550631e+16  3.44257647e+16  4.79494981e+10  2.78971681e+10  2.62497022e+12  8.61770255e+09
 3.16525000e+03  8.90550631e+16  0.00000000e+00  4.79494981e+10  0.00000000e+00  2.64334405e+12  8.60908485e+09
 3.16620000e+03  8.52050681e+16  3.72383540e+15  4.58765634e+10  3.01763703e+09  2.64334405e+12  8.60908485e+09
 3.16715000e+03  8.15215147e+16  7.04705343e+15  4.38932451e+10  5.71063086e+09  2.64334405e+12  8.60908485e+09
 3.16810000e+03  7.79972072e+16  1.00023937e+16  4.19956689e+10  8.10551228e+09  2.64334405e+12  8.60908485e+09
 3.16905000e+03  7.46252613e+16  1.26201881e+16  4.01801279e+10  1.02268610e+10  2.64334405e+12  8.60908485e+09
 3.17000000e+03  7.13990901e+16  1.49285288e+16  3.84430758e+10  1.20974416e+10  2.64334405e+12  8.60908485e+09
 3.17095000e+03  6.83123915e+16  1.69534248e+16  3.67811192e+10  1.37383308e+10  2.64334405e+12  8.60908485e+09
 3.17190000e+03  6.53591359e+16  1.87189479e+16  3.51910117e+10  1.51690352e+10  2.64334405e+12  8.60908485e+09
 3.17285000e+03  6.25335544e+16  2.02473688e+16  3.36696471e+10  1.64076022e+10  2.64334405e+12  8.60908485e+09
 3.17380000e+03  5.98301273e+16  2.15592837e+16  3.22140536e+10  1.74707219e+10  2.64334405e+12  8.60908485e+09
 3.17475000e+03  5.72435737e+16  2.26737327e+16  3.08213878e+10  1.83738238e+10  2.64334405e+12  8.60908485e+09
 3.17475000e+03  5.72435737e+16  0.00000000e+00  3.08213878e+10  0.00000000e+00  2.64334405e+12  8.60908485e+09
 3.17477500e+03  5.71770382e+16  6.64772915e+13  3.07855634e+10  5.38703553e+07  2.64334405e+12  8.60908485e+09
 3.17480000e+03  5.71105801e+16  1.32761057e+14  3.07497806e+10  1.07583885e+08  2.64334405e+12  8.60908485e+09
 3.17482500e+03  5.70441991e+16  1.98851724e+14  3.07140394e+10  1.61140937e+08  2.64334405e+12  8.60908485e+09
 3.17485000e+03  5.69778954e+16  2.64749720e+14  3.06783398e+10  2.14541856e+08  2.64334405e+12  8.60908485e+09
 3.17487500e+03  5.69116687e+16  3.30455473e+14  3.06426817e+10  2.67786990e+08  2.64334405e+12  8.60908485e+09
 3.17490000e+03  5.68455190e+16  3.95969407e+14  3.06070650e+10  3.20876681e+08  2.64334405e+12  8.60908485e+09
 3.17492500e+03  5.67794461e+16  4.61291948e+14  3.05714897e+10  3.73811276e+08  2.64334405e+12  8.60908485e+09
 3.17495000e+03  5.67134501e+16  5.26423519e+14  3.05359558e+10  4.26591117e+08  2.64334405e+12  8.60908485e+09
 3.17497500e+03  5.66475308e+16  5.91364544e+14  3.05004632e+10  4.79216548e+08  2.64334405e+12  8.60908485e+09
 3.17500000e+03  5.65816881e+16  6.56115445e+14  3.04650118e+10  5.31687910e+08  2.64334405e+12  8.60908485e+09
 3.17500000e+03  5.65816881e+16  6.56115445e+14  3.04650118e+10  5.31687910e+08  2.64334405e+12  8.60908485e+09
 3.17650000e+03  6.10545538e+16  4.49117022e+15  3.28733158e+10  3.63945237e+09  2.64334405e+12  8.60908485e+09
 3.17800000e+03  6.52259442e+16  8.22989693e+15  3.51192979e+10  6.66915667e+09  2.64334405e+12  8.60908485e+09
 3.17950000e+03  6.91161789e+16  1.18626217e+16  3.72138986e+10  9.61296155e+09  2.64334405e+12  8.60908485e+09
 3.18100000e+03  7.27442080e+16  1.53819344e+16  3.91673212e+10  1.24648622e+10  2.64334405e+12  8.60908485e+09
 3.18250000e+03  7.61277045e+16  1.87823755e+16  4.09890813e+10  1.52204343e+10  2.64334405e+12  8.60908485e+09
 3.18400000e+03  7.92831501e+16  2.20601597e+16  4.26880530e+10  1.78766105e+10  2.64334405e+12  8.60908485e+09
 3.18550000e+03  8.22259157e+16  2.52129331e+16  4.42725125e+10  2.04314832e+10  2.64334405e+12  8.60908485e+09
 3.18700000e+03  8.49703361e+16  2.82395591e+16  4.57501778e+10  2.28841315e+10  2.64334405e+12  8.60908485e+09
 3.18850000e+03  8.75297799e+16  3.11399312e+16  4.71282471e+10  2.52344691e+10  2.64334405e+12  8.60908485e+09
 3.19000000e+03  8.99167147e+16  3.39148085e+16  4.84134332e+10  2.74831111e+10  2.64334405e+12  8.60908485e+09
 3.19000000e+03  8.99167147e+16  3.39148085e+16  4.84134332e+10  2.74831111e+10  2.64334405e+12  8.60047577e+09
 3.19002500e+03  8.98122025e+16  3.39599177e+16  4.83571611e+10  2.75196656e+10  2.64334405e+12  8.60047577e+09
 3.19005000e+03  8.97078117e+16  3.40048266e+16  4.83009545e+10  2.75560579e+10  2.64334405e+12  8.60047577e+09
 3.19007500e+03  8.96035423e+16  3.40495358e+16  4.82448132e+10  2.75922883e+10  2.64334405e+12  8.60047577e+09
 3.19010000e+03  8.94993941e+16  3.40940457e+16  4.81887372e+10  2.76283572e+10  2.64334405e+12  8.60047577e+09
 3.19012500e+03  8.93953669e+16  3.41383568e+16  4.81327263e+10  2.76642651e+10  2.64334405e+12  8.60047577e+09
 3.19015000e+03  8.92914607e+16  3.41824696e+16  4.80767806e+10  2.77000122e+10  2.64334405e+12  8.60047577e+09
 3.19017500e+03  8.91876752e+16  3.42263846e+16  4.80208998e+10  2.77355990e+10  2.64334405e+12  8.60047577e+09
 3.19020000e+03  8.90840103e+16  3.42701023e+16  4.79650841e+10  2.77710260e+10  2.64334405e+12  8.60047577e+09
 3.19022500e+03  8.89804660e+16  3.43136231e+16  4.79093332e+10  2.78062934e+10  2.64334405e+12  8.60047577e+09
 3.19025000e+03  8.88770420e+16  3.43569476e+16  4.78536471e+10  2.78414017e+10  2.64334405e+12  8.60047577e+09
 3.19025000e+03  8.88770420e+16  0.00000000e+00  4.78536471e+10  0.00000000e+00  2.66168114e+12  8.59187529e+09
 3.19120000e+03  8.50347432e+16  3.71639145e+15  4.57848562e+10  3.01160477e+09  2.66168114e+12  8.59187529e+09
 3.19215000e+03  8.13585531e+16  7.03296637e+15  4.38055025e+10  5.69921531e+09  2.66168114e+12  8.59187529e+09
 3.19310000e+03  7.78412908e+16  9.98239890e+15  4.19117195e+10  8.08930936e+09  2.66168114e+12  8.59187529e+09
 3.19405000e+03  7.44760854e+16  1.25949603e+16  4.00998078e+10  1.02064175e+10  2.66168114e+12  8.59187529e+09
 3.19500000e+03  7.12563633e+16  1.48986866e+16  3.83662280e+10  1.20732588e+10  2.66168114e+12  8.59187529e+09
 3.19595000e+03  6.81758350e+16  1.69195349e+16  3.67075937e+10  1.37108678e+10  2.66168114e+12  8.59187529e+09
 3.19690000e+03  6.52284830e+16  1.86815287e+16  3.51206648e+10  1.51387123e+10  2.66168114e+12  8.59187529e+09
 3.19785000e+03  6.24085498e+16  2.02068943e+16  3.36023415e+10  1.63748034e+10  2.66168114e+12  8.59187529e+09
 3.19880000e+03  5.97105268e+16  2.15161867e+16  3.21496577e+10  1.74357979e+10  2.66168114e+12  8.59187529e+09
 3.19975000e+03  5.71291438e+16  2.26284079e+16  3.07597758e+10  1.83370945e+10  2.66168114e+12  8.59187529e+09
 3.19975000e+03  5.71291438e+16  0.00000000e+00  3.07597758e+10  0.00000000e+00  2.66168114e+12  8.59187529e+09
 3.19977500e+03  5.70627413e+16  6.63444033e+13  3.07240230e+10  5.37626685e+07  2.66168114e+12  8.59187529e+09
 3.19980000e+03  5.69964160e+16  1.32495667e+14  3.06883118e+10  1.07368825e+08  2.66168114e+12  8.59187529e+09
 3.19982500e+03  5.69301678e+16  1.98454219e+14  3.06526421e+10  1.60818816e+08  2.66168114e+12  8.59187529e+09
 3.19985000e+03  5.68639966e+16  2.64220486e+14  3.06170138e+10  2.14112987e+08  2.66168114e+12  8.59187529e+09
 3.19987500e+03  5.67979023e+16  3.29794893e+14  3.05814270e+10  2.67251683e+08  2.66168114e+12  8.59187529e+09
 3.19990000e+03  5.67318848e+16  3.95177864e+14  3.05458815e+10  3.20235249e+08  2.66168114e+12  8.59187529e+09
 3.19992500e+03  5.66659440e+16  4.60369826e+14  3.05103773e+10  3.73064028e+08  2.66168114e+12  8.59187529e+09
 3.19995000e+03  5.66000799e+16  5.25371199e+14  3.04749144e+10  4.25738362e+08  2.66168114e+12  8.59187529e+09
 3.19997500e+03  5.65342924e+16  5.90182407e+14  3.04394927e+10  4.78258594e+08  2.66168114e+12  8.59187529e+09
 3.20000000e+03  5.64685813e+16  6.54803871e+14  3.04041122e+10  5.30625066e+08  2.66168114e+12  8.59187529e+09
 3.20000000e+03  5.64685813e+16  6.54803871e+14  3.04041122e+10  5.30625066e+08  2.66168114e+12  8.59187529e+09
 3.20150000e+03  6.09325058e+16  4.48219237e+15  3.28076021e+10  3.63217710e+09  2.66168114e+12  8.59187529e+09
 3.20300000e+03  6.50955575e+16  8.21344536e+15  3.50490944e+10  6.65582503e+09  2.66168114e+12  8.59187529e+09
 3.20450000e+03  6.89780156e+16  1.18389083e+16  3.71395080e+10  9.59374524e+09  2.66168114e+12  8.59187529e+09
 3.20600000e+03  7.25987923e+16  1.53511860e+16  3.90890258e+10  1.24399449e+10  2.66168114e+12  8.59187529e+09
 3.20750000e+03  7.59755252e+16  1.87448296e+16  4.09071442e+10  1.51900086e+10  2.66168114e+12  8.59187529e+09
 3.20900000e+03  7.91246631e+16  2.20160615e+16  4.26027196e+10  1.78408751e+10  2.66168114e+12  8.59187529e+09
 3.21050000e+03  8.20615461e+16  2.51625324e+16  4.41840117e+10  2.03906407e+10  2.66168114e+12  8.59187529e+09
 3.21200000e+03  8.48004804e+16  2.81831082e+16  4.56587232e+10  2.28383861e+10  2.66168114e+12  8.59187529e+09
 3.21350000e+03  8.73548078e+16  3.10776825e+16  4.70340377e+10  2.51840254e+10  2.66168114e+12  8.59187529e+09
 3.21500000e+03  8.97369712e+16  3.38470128e+16  4.83166547e+10  2.74281723e+10  2.66168114e+12  8.59187529e+09
 3.21500000e+03  8.97369712e+16  3.38470128e+16  4.83166547e+10  2.74281723e+10  2.66168114e+12  8.58328341e+09
 3.21502500e+03  8.96326679e+16  3.38920318e+16  4.82604952e+10  2.74646538e+10  2.66168114e+12  8.58328341e+09
 3.21505000e+03  8.95284858e+16  3.39368510e+16  4.82044009e+10  2.75009734e+10  2.66168114e+12  8.58328341e+09
 3.21507500e+03  8.94244248e+16  3.39814708e+16  4.81483718e+10  2.75371313e+10  2.66168114e+12  8.58328341e+09
 3.21510000e+03  8.93204848e+16  3.40258917e+16  4.80924079e+10  2.75731282e+10  2.66168114e+12  8.58328341e+09
 3.21512500e+03  8.92166656e+16  3.40701142e+16  4.80365090e+10  2.76089642e+10  2.66168114e+12  8.58328341e+09
 3.21515000e+03  8.91129671e+16  3.41141389e+16  4.79806751e+10  2.76446399e+10  2.66168114e+12  8.58328341e+09
 3.21517500e+03  8.90093890e+16  3.41579661e+16  4.79249061e+10  2.76801556e+10  2.66168114e+12  8.58328341e+09
 3.21520000e+03  8.89059314e+16  3.42015963e+16  4.78692018e+10  2.77155117e+10  2.66168114e+12  8.58328341e+09
 3.21522500e+03  8.88025940e+16  3.42450302e+16  4.78135624e+10  2.77507086e+10  2.66168114e+12  8.58328341e+09
 3.21525000e+03  8.86993768e+16  3.42882680e+16  4.77579876e+10  2.77857467e+10  2.66168114e+12  8.58328341e+09
 3.21525000e+03  8.86993768e+16  0.00000000e+00  4.77579876e+10  0.00000000e+00  2.67998158e+12  8.57470013e+09
 3.21620000e+03  8.48647587e+16  3.70896239e+15  4.56933323e+10  3.00558457e+09  2.67998158e+12  8.57470013e+09
 3.21715000e+03  8.11959174e+16  7.01890747e+15  4.37179353e+10  5.68782258e+09  2.67998158e+12  8.57470013e+09
 3.21810000e+03  7.76856861e+16  9.96244408e+15  4.18279380e+10  8.07313883e+09  2.67998158e+12  8.57470013e+09
 3.21905000e+03  7.43272077e+16  1.25697830e+16  4.00196483e+10  1.01860148e+10  2.67998158e+12  8.57470013e+09
 3.22000000e+03  7.11139219e+16  1.48689042e+16  3.82895340e+10  1.20491244e+10  2.67998158e+12  8.57470013e+09
 3.22095000e+03  6.80395516e+16  1.68857127e+16  3.66342152e+10  1.36834598e+10  2.67998158e+12  8.57470013e+09
 3.22190000e+03  6.50980913e+16  1.86441844e+16  3.50504586e+10  1.51084500e+10  2.67998158e+12  8.57470013e+09
 3.22285000e+03  6.22837951e+16  2.01665007e+16  3.35351704e+10  1.63420701e+10  2.67998158e+12  8.57470013e+09
 3.22380000e+03  5.95911655e+16  2.14731758e+16  3.20853905e+10  1.74009438e+10  2.67998158e+12  8.57470013e+09
 3.22475000e+03  5.70149427e+16  2.25831737e+16  3.06982870e+10  1.83004386e+10  2.67998158e+12  8.57470013e+09
 3.22475000e+03  5.70149427e+16  0.00000000e+00  3.06982870e+10  0.00000000e+00  2.67998158e+12  8.57470013e+09
 3.22477500e+03  5.69486729e+16  6.62117809e+13  3.06626057e+10  5.36551969e+07  2.67998158e+12  8.57470013e+09
 3.22480000e+03  5.68824802e+16  1.32230808e+14  3.06269659e+10  1.07154195e+08  2.67998158e+12  8.57470013e+09
 3.22482500e+03  5.68163644e+16  1.98057509e+14  3.05913674e+10  1.60497339e+08  2.67998158e+12  8.57470013e+09
 3.22485000e+03  5.67503254e+16  2.63692309e+14  3.05558104e+10  2.13684975e+08  2.67998158e+12  8.57470013e+09
 3.22487500e+03  5.66843633e+16  3.29135633e+14  3.05202947e+10  2.66717447e+08  2.67998158e+12  8.57470013e+09
 3.22490000e+03  5.66184777e+16  3.94387904e+14  3.04848203e+10  3.19595099e+08  2.67998158e+12  8.57470013e+09
 3.22492500e+03  5.65526688e+16  4.59449546e+14  3.04493871e+10  3.72318273e+08  2.67998158e+12  8.57470013e+09
 3.22495000e+03  5.64869364e+16  5.24320982e+14  3.04139951e+10  4.24887311e+08  2.67998158e+12  8.57470013e+09
 3.22497500e+03  5.64212803e+16  5.89002632e+14  3.03786442e+10  4.77302555e+08  2.67998158e+12  8.57470013e+09
 3.22500000e+03  5.63557006e+16  6.53494918e+14  3.03433344e+10  5.29564347e+08  2.67998158e+12  8.57470013e+09
 3.22500000e+03  5.63557006e+16  6.53494918e+14  3.03433344e+10  5.29564347e+08  2.67998158e+12  8.57470013e+09
 3.22650000e+03  6.08107017e+16  4.47323247e+15  3.27420197e+10  3.62491638e+09  2.67998158e+12  8.57470013e+09
 3.22800000e+03  6.49654315e+16  8.19702669e+15  3.49790313e+10  6.64252004e+09  2.67998158e+12  8.57470013e+09
 3.22950000e+03  6.88401286e+16  1.18152423e+16  3.70652661e+10  9.57456734e+09  2.67998158e+12  8.57470013e+09
 3.23100000e+03  7.24536673e+16  1.53204989e+16  3.90108868e+10  1.24150774e+10  2.67998158e+12  8.57470013e+09
 3.23250000e+03  7.58236501e+16  1.87073587e+16  4.08253708e+10  1.51596438e+10  2.67998158e+12  8.57470013e+09
 3.23400000e+03  7.89664929e+16  2.19720514e+16  4.25175568e+10  1.78052112e+10  2.67998158e+12  8.57470013e+09
 3.23550000e+03  8.18975051e+16  2.51122325e+16  4.40956879e+10  2.03498798e+10  2.67998158e+12  8.57470013e+09
 3.23700000e+03  8.46309642e+16  2.81267701e+16  4.55674514e+10  2.27927322e+10  2.67998158e+12  8.57470013e+09
 3.23850000e+03  8.71801856e+16  3.10155582e+16  4.69400167e+10  2.51336826e+10  2.67998158e+12  8.57470013e+09
 3.24000000e+03  8.95575870e+16  3.37793526e+16  4.82200697e+10  2.73733434e+10  2.67998158e+12  8.57470013e+09
 3.24000000e+03  8.95575870e+16  3.37793526e+16  4.82200697e+10  2.73733434e+10  2.67998158e+12  8.56612543e+09
 3.24002500e+03  8.94534922e+16  3.38242816e+16  4.81640224e+10  2.74097520e+10  2.67998158e+12  8.56612543e+09
 3.24005000e+03  8.93495184e+16  3.38690112e+16  4.81080403e+10  2.74459989e+10  2.67998158e+12  8.56612543e+09
 3.24007500e+03  8.92456654e+16  3.39135418e+16  4.80521232e+10  2.74820846e+10  2.67998158e+12  8.56612543e+09
 3.24010000e+03  8.91419332e+16  3.39578739e+16  4.79962712e+10  2.75180095e+10  2.67998158e+12  8.56612543e+09
 3.24012500e+03  8.90383215e+16  3.40020081e+16  4.79404840e+10  2.75537739e+10  2.67998158e+12  8.56612543e+09
 3.24015000e+03  8.89348302e+16  3.40459447e+16  4.78847617e+10  2.75893782e+10  2.67998158e+12  8.56612543e+09
 3.24017500e+03  8.88314593e+16  3.40896843e+16  4.78291042e+10  2.76248229e+10  2.67998158e+12  8.56612543e+09
 3.24020000e+03  8.87282085e+16  3.41332274e+16  4.77735113e+10  2.76601084e+10  2.67998158e+12  8.56612543e+09
 3.24022500e+03  8.86250777e+16  3.41765744e+16  4.77179831e+10  2.76952349e+10  2.67998158e+12  8.56612543e+09
 3.24025000e+03  8.85220667e+16  3.42197258e+16  4.76625194e+10  2.77302030e+10  2.67998158e+12  8.56612543e+09
 3.24025000e+03  8.85220667e+16  0.00000000e+00  4.76625194e+10  0.00000000e+00  2.69824544e+12  8.55755931e+09
 3.24120000e+03  8.46951141e+16  3.70154817e+15  4.56019913e+10  2.99957641e+09  2.69824544e+12  8.55755931e+09
 3.24215000e+03  8.10336068e+16  7.00487667e+15  4.36305432e+10  5.67645262e+09  2.69824544e+12  8.55755931e+09
 3.24310000e+03  7.75303924e+16  9.94252916e+15  4.17443240e+10  8.05700062e+09  2.69824544e+12  8.55755931e+09
 3.24405000e+03  7.41786276e+16  1.25446560e+16  3.99396491e+10  1.01656530e+10  2.69824544e+12  8.55755931e+09
 3.24500000e+03  7.09717651e+16  1.48391812e+16  3.82129932e+10  1.20250382e+10  2.69824544e+12  8.55755931e+09
 3.24595000e+03  6.79035405e+16  1.68519582e+16  3.65609834e+10  1.36561066e+10  2.69824544e+12  8.55755931e+09
 3.24690000e+03  6.49679602e+16  1.86069146e+16  3.49803928e+10  1.50782482e+10  2.69824544e+12  8.55755931e+09
 3.24785000e+03  6.21592898e+16  2.01261879e+16  3.34681336e+10  1.63094023e+10  2.69824544e+12  8.55755931e+09
 3.24880000e+03  5.94720428e+16  2.14302509e+16  3.20212518e+10  1.73661593e+10  2.69824544e+12  8.55755931e+09
 3.24975000e+03  5.69009698e+16  2.25380300e+16  3.06369211e+10  1.82638561e+10  2.69824544e+12  8.55755931e+09
 3.24975000e+03  5.69009698e+16  0.00000000e+00  3.06369211e+10  0.00000000e+00  2.69824544e+12  8.55755931e+09
 3.24977500e+03  5.68348325e+16  6.60794235e+13  3.06013111e+10  5.35479402e+07  2.69824544e+12  8.55755931e+09
 3.24980000e+03  5.67687721e+16  1.31966479e+14  3.05657425e+10  1.06939994e+08  2.69824544e+12  8.55755931e+09
 3.24982500e+03  5.67027885e+16  1.97661592e+14  3.05302153e+10  1.60176505e+08  2.69824544e+12  8.55755931e+09
 3.24985000e+03  5.66368815e+16  2.63165188e+14  3.04947293e+10  2.13257819e+08  2.69824544e+12  8.55755931e+09
 3.24987500e+03  5.65710512e+16  3.28477690e+14  3.04592846e+10  2.66184279e+08  2.69824544e+12  8.55755931e+09
 3.24990000e+03  5.65052974e+16  3.93599523e+14  3.04238811e+10  3.18956228e+08  2.69824544e+12  8.55755931e+09
 3.24992500e+03  5.64396200e+16  4.58531107e+14  3.03885187e+10  3.71574008e+08  2.69824544e+12  8.55755931e+09
 3.24995000e+03  5.63740190e+16  5.23272864e+14  3.03531975e+10  4.24037961e+08  2.69824544e+12  8.55755931e+09
 3.24997500e+03  5.63084942e+16  5.87825216e+14  3.03179173e+10  4.76348428e+08  2.69824544e+12  8.55755931e+09
 3.25000000e+03  5.62430455e+16  6.52188581e+14  3.02826781e+10  5.28505748e+08  2.69824544e+12  8.55755931e+09
 3.25000000e+03  5.62430455e+16  6.52188581e+14  3.02826781e+10  5.28505748e+08  2.69824544e+12  8.55755931e+09
 3.25150000e+03  6.06891411e+16  4.46429048e+15  3.26765684e+10  3.61767017e+09  2.69824544e+12  8.55755931e+09
 3.25300000e+03  6.48355656e+16  8.18064083e+15  3.49091082e+10  6.62924164e+09  2.69824544e+12  8.55755931e+09
 3.25450000e+03  6.87025171e+16  1.17916237e+16  3.69911727e+10  9.55542778e+09  2.69824544e+12  8.55755931e+09
 3.25600000e+03  7.23088325e+16  1.52898733e+16  3.89329040e+10  1.23902597e+10  2.69824544e+12  8.55755931e+09
 3.25750000e+03  7.56720787e+16  1.86699626e+16  4.07437609e+10  1.51293397e+10  2.69824544e+12  8.55755931e+09
 3.25900000e+03  7.88086389e+16  2.19281292e+16  4.24325642e+10  1.77696186e+10  2.69824544e+12  8.55755931e+09
 3.26050000e+03  8.17337919e+16  2.50620331e+16  4.40075406e+10  2.03092004e+10  2.69824544e+12  8.55755931e+09
 3.26200000e+03  8.44617869e+16  2.80705447e+16  4.54763621e+10  2.27471695e+10  2.69824544e+12  8.55755931e+09
 3.26350000e+03  8.70059124e+16  3.09535581e+16  4.68461836e+10  2.50834403e+10  2.69824544e+12  8.55755931e+09
 3.26500000e+03  8.93785614e+16  3.37118277e+16  4.81236778e+10  2.73186241e+10  2.69824544e+12  8.55755931e+09
 3.26500000e+03  8.93785614e+16  3.37118277e+16  4.81236778e+10  2.73186241e+10  2.69824544e+12  8.54900175e+09
 3.26502500e+03  8.92746747e+16  3.37566669e+16  4.80677425e+10  2.73549599e+10  2.69824544e+12  8.54900175e+09
 3.26505000e+03  8.91709087e+16  3.38013071e+16  4.80118723e+10  2.73911344e+10  2.69824544e+12  8.54900175e+09
 3.26507500e+03  8.90672633e+16  3.38457487e+16  4.79560670e+10  2.74271479e+10  2.69824544e+12  8.54900175e+09
 3.26510000e+03  8.89637384e+16  3.38899922e+16  4.79003266e+10  2.74630010e+10  2.69824544e+12  8.54900175e+09
 3.26512500e+03  8.88603339e+16  3.39340381e+16  4.78446510e+10  2.74986939e+10  2.69824544e+12  8.54900175e+09
 3.26515000e+03  8.87570495e+16  3.39778869e+16  4.77890401e+10  2.75342271e+10  2.69824544e+12  8.54900175e+09
 3.26517500e+03  8.86538852e+16  3.40215390e+16  4.77334938e+10  2.75696009e+10  2.69824544e+12  8.54900175e+09
 3.26520000e+03  8.85508408e+16  3.40649950e+16  4.76780121e+10  2.76048158e+10  2.69824544e+12  8.54900175e+09
 3.26522500e+03  8.84479161e+16  3.41082554e+16  4.76225948e+10  2.76398722e+10  2.69824544e+12  8.54900175e+09
 3.26525000e+03  8.83451111e+16  3.41513206e+16  4.75672420e+10  2.76747703e+10  2.69824544e+12  8.54900175e+09
 3.26525000e+03  8.83451111e+16  0.00000000e+00  4.75672420e+10  0.00000000e+00  2.71647278e+12  8.54045274e+09
 3.26620000e+03  8.45258085e+16  3.69414878e+15  4.55108329e+10  2.99358026e+09  2.71647278e+12  8.54045274e+09
 3.26715000e+03  8.08716206e+16  6.99087393e+15  4.35433257e+10  5.66510540e+09  2.71647278e+12  8.54045274e+09
 3.26810000e+03  7.73754091e+16  9.92265404e+15  4.16608770e+10  8.04089468e+09  2.71647278e+12  8.54045274e+09
 3.26905000e+03  7.40303446e+16  1.25195792e+16  3.98598097e+10  1.01453318e+10  2.71647278e+12  8.54045274e+09
 3.27000000e+03  7.08298926e+16  1.48095177e+16  3.81366054e+10  1.20010001e+10  2.71647278e+12  8.54045274e+09
 3.27095000e+03  6.77678013e+16  1.68182711e+16  3.64878980e+10  1.36288080e+10  2.71647278e+12  8.54045274e+09
 3.27190000e+03  6.48380892e+16  1.85697194e+16  3.49104670e+10  1.50481068e+10  2.71647278e+12  8.54045274e+09
 3.27285000e+03  6.20350334e+16  2.00859556e+16  3.34012308e+10  1.62767998e+10  2.71647278e+12  8.54045274e+09
 3.27380000e+03  5.93531582e+16  2.13874119e+16  3.19572414e+10  1.73314443e+10  2.71647278e+12  8.54045274e+09
 3.27475000e+03  5.67872248e+16  2.24929764e+16  3.05756779e+10  1.82273466e+10  2.71647278e+12  8.54045274e+09
 3.27475000e+03  5.67872248e+16  0.00000000e+00  3.05756779e+10  0.00000000e+00  2.71647278e+12  8.54045274e+09
 3.27477500e+03  5.67212197e+16  6.59473308e+13  3.05401391e+10  5.34408979e+07  2.71647278e+12  8.54045274e+09
 3.27480000e+03  5.66552913e+16  1.31702678e+14  3.05046416e+10  1.06726221e+08  2.71647278e+12  8.54045274e+09
 3.27482500e+03  5.65894396e+16  1.97266467e+14  3.04691854e+10  1.59856312e+08  2.71647278e+12  8.54045274e+09
 3.27485000e+03  5.65236644e+16  2.62639121e+14  3.04337704e+10  2.12831517e+08  2.71647278e+12  8.54045274e+09
 3.27487500e+03  5.64579657e+16  3.27821064e+14  3.03983965e+10  2.65652177e+08  2.71647278e+12  8.54045274e+09
 3.27490000e+03  5.63923433e+16  3.92812717e+14  3.03630638e+10  3.18318635e+08  2.71647278e+12  8.54045274e+09
 3.27492500e+03  5.63267972e+16  4.57614503e+14  3.03277721e+10  3.70831232e+08  2.71647278e+12  8.54045274e+09
 3.27495000e+03  5.62613273e+16  5.22226842e+14  3.02925214e+10  4.23190309e+08  2.71647278e+12  8.54045274e+09
 3.27497500e+03  5.61959335e+16  5.86650153e+14  3.02573118e+10  4.75396207e+08  2.71647278e+12  8.54045274e+09
 3.27500000e+03  5.61306157e+16  6.50884856e+14  3.02221430e+10  5.27449265e+08  2.71647278e+12  8.54045274e+09
 3.27500000e+03  5.61306157e+16  6.50884856e+14  3.02221430e+10  5.27449265e+08  2.71647278e+12  8.54045274e+09
 3.27650000e+03  6.05678235e+16  4.45536636e+15  3.26112479e+10  3.61043845e+09  2.71647278e+12  8.54045274e+09
 3.27800000e+03  6.47059593e+16  8.16428773e+15  3.48393249e+10  6.61598978e+09  2.71647278e+12  8.54045274e+09
 3.27950000e+03  6.85651808e+16  1.17680522e+16  3.69172273e+10  9.53632648e+09  2.71647278e+12  8.54045274e+09
 3.28100000e+03  7.21642871e+16  1.52593088e+16  3.88550772e+10  1.23654916e+10  2.71647278e+12  8.54045274e+09
 3.28250000e+03  7.55208102e+16  1.86326414e+16  4.06623141e+10  1.50990961e+10  2.71647278e+12  8.54045274e+09
 3.28400000e+03  7.86511004e+16  2.18842949e+16  4.23477415e+10  1.77340971e+10  2.71647278e+12  8.54045274e+09
 3.28550000e+03  8.15704061e+16  2.50119341e+16  4.39195695e+10  2.02686023e+10  2.71647278e+12  8.54045274e+09
 3.28700000e+03  8.42929478e+16  2.80144317e+16  4.53854548e+10  2.27016979e+10  2.71647278e+12  8.54045274e+09
 3.28850000e+03  8.68319876e+16  3.08916820e+16  4.67525380e+10  2.50332985e+10  2.71647278e+12  8.54045274e+09
 3.29000000e+03  8.91998937e+16  3.36444377e+16  4.80274786e+10  2.72640142e+10  2.71647278e+12  8.54045274e+09
 3.29000000e+03  8.91998937e+16  3.36444377e+16  4.80274786e+10  2.72640142e+10  2.71647278e+12  8.53191229e+09
 3.29002500e+03  8.90962146e+16  3.36891873e+16  4.79716551e+10  2.73002773e+10  2.71647278e+12  8.53191229e+09
 3.29005000e+03  8.89926561e+16  3.37337382e+16  4.79158966e+10  2.73363795e+10  2.71647278e+12  8.53191229e+09
 3.29007500e+03  8.88892179e+16  3.37780910e+16  4.78602029e+10  2.73723211e+10  2.71647278e+12  8.53191229e+09
 3.29010000e+03  8.87858999e+16  3.38222461e+16  4.78045739e+10  2.74081024e+10  2.71647278e+12  8.53191229e+09
 3.29012500e+03  8.86827021e+16  3.38662039e+16  4.77490095e+10  2.74437240e+10  2.71647278e+12  8.53191229e+09
 3.29015000e+03  8.85796242e+16  3.39099651e+16  4.76935098e+10  2.74791862e+10  2.71647278e+12  8.53191229e+09
 3.29017500e+03  8.84766661e+16  3.39535300e+16  4.76380745e+10  2.75144893e+10  2.71647278e+12  8.53191229e+09
 3.29020000e+03  8.83738276e+16  3.39968991e+16  4.75827037e+10  2.75496338e+10  2.71647278e+12  8.53191229e+09
 3.29022500e+03  8.82711087e+16  3.40400730e+16  4.75273973e+10  2.75846201e+10  2.71647278e+12  8.53191229e+09
 3.29025000e+03  8.81685092e+16  3.40830521e+16  4.74721551e+10  2.76194485e+10  2.71647278e+12  8.53191229e+09
 3.29025000e+03  8.81685092e+16  0.00000000e+00  4.74721551e+10  0.00000000e+00  2.73466369e+12  8.52338038e+09
 3.29120000e+03  8.43568414e+16  3.68676417e+15  4.54198568e+10  2.98759609e+09  2.73466369e+12  8.52338038e+09
 3.29215000e+03  8.07099582e+16  6.97689917e+15  4.34562826e+10  5.65378085e+09  2.73466369e+12  8.52338038e+09
 3.29310000e+03  7.72207357e+16  9.90281866e+15  4.15775970e+10  8.02482093e+09  2.73466369e+12  8.52338038e+09
 3.29405000e+03  7.38823579e+16  1.24945526e+16  3.97801299e+10  1.01250513e+10  2.73466369e+12  8.52338038e+09
 3.29500000e+03  7.06883036e+16  1.47799135e+16  3.80603703e+10  1.19770101e+10  2.73466369e+12  8.52338038e+09
 3.29595000e+03  6.76323335e+16  1.67846514e+16  3.64149587e+10  1.36015640e+10  2.73466369e+12  8.52338038e+09
 3.29690000e+03  6.47084779e+16  1.85325985e+16  3.48406809e+10  1.50180257e+10  2.73466369e+12  8.52338038e+09
 3.29785000e+03  6.19110253e+16  2.00458038e+16  3.33344617e+10  1.62442625e+10  2.73466369e+12  8.52338038e+09
 3.29880000e+03  5.92345112e+16  2.13446584e+16  3.18933588e+10  1.72967988e+10  2.73466369e+12  8.52338038e+09
 3.29975000e+03  5.66737071e+16  2.24480130e+16  3.05145571e+10  1.81909102e+10  2.73466369e+12  8.52338038e+09
 3.29975000e+03  5.66737071e+16  0.00000000e+00  3.05145571e+10  0.00000000e+00  2.73466369e+12  8.52338038e+09
 3.29977500e+03  5.66078340e+16  6.58155021e+13  3.04790894e+10  5.33340695e+07  2.73466369e+12  8.52338038e+09
 3.29980000e+03  5.65420374e+16  1.31439404e+14  3.04436629e+10  1.06512875e+08  2.73466369e+12  8.52338038e+09
 3.29982500e+03  5.64763173e+16  1.96872131e+14  3.04082775e+10  1.59536760e+08  2.73466369e+12  8.52338038e+09
 3.29985000e+03  5.64106736e+16  2.62114105e+14  3.03729333e+10  2.12406067e+08  2.73466369e+12  8.52338038e+09
 3.29987500e+03  5.63451062e+16  3.27165749e+14  3.03376301e+10  2.65121138e+08  2.73466369e+12  8.52338038e+09
 3.29990000e+03  5.62796150e+16  3.92027484e+14  3.03023680e+10  3.17682316e+08  2.73466369e+12  8.52338038e+09
 3.29992500e+03  5.62142000e+16  4.56699732e+14  3.02671469e+10  3.70089940e+08  2.73466369e+12  8.52338038e+09
 3.29995000e+03  5.61488609e+16  5.21182910e+14  3.02319667e+10  4.22344352e+08  2.73466369e+12  8.52338038e+09
 3.29997500e+03  5.60835978e+16  5.85477440e+14  3.01968274e+10  4.74445890e+08  2.73466369e+12  8.52338038e+09
 3.30000000e+03  5.60184106e+16  6.49583738e+14  3.01617289e+10  5.26394894e+08  2.73466369e+12  8.52338038e+09
 3.30000000e+03  5.60184106e+16  6.49583738e+14  3.01617289e+10  5.26394894e+08  2.73466369e+12  8.52338038e+09
 3.30150000e+03  6.04467484e+16  4.44646009e+15  3.25460580e+10  3.60322118e+09  2.73466369e+12  8.52338038e+09
 3.30300000e+03  6.45766121e+16  8.14796732e+15  3.47696811e+10  6.60276442e+09  2.73466369e+12  8.52338038e+09
 3.30450000e+03  6.84281190e+16  1.17445279e+16  3.68434298e+10  9.51726336e+09  2.73466369e+12  8.52338038e+09
 3.30600000e+03  7.20200307e+16  1.52288054e+16  3.87774059e+10  1.23407730e+10  2.73466369e+12  8.52338038e+09
 3.30750000e+03  7.53698441e+16  1.85953947e+16  4.05810301e+10  1.50689130e+10  2.73466369e+12  8.52338038e+09
 3.30900000e+03  7.84938769e+16  2.18405482e+16  4.22630884e+10  1.76986467e+10  2.73466369e+12  8.52338038e+09
 3.31050000e+03  8.14073468e+16  2.49619353e+16  4.38317743e+10  2.02280853e+10  2.73466369e+12  8.52338038e+09
 3.31200000e+03  8.41244462e+16  2.79584309e+16  4.52947293e+10  2.26563173e+10  2.73466369e+12  8.52338038e+09
 3.31350000e+03  8.66584104e+16  3.08299295e+16  4.66590797e+10  2.49832570e+10  2.73466369e+12  8.52338038e+09
 3.31500000e+03  8.90215831e+16  3.35771825e+16  4.79314716e+10  2.72095134e+10  2.73466369e+12  8.52338038e+09
 3.31500000e+03  8.90215831e+16  3.35771825e+16  4.79314716e+10  2.72095134e+10  2.73466369e+12  8.51485700e+09
 3.31502500e+03  8.89181113e+16  3.36218426e+16  4.78757598e+10  2.72457041e+10  2.73466369e+12  8.51485700e+09
 3.31505000e+03  8.88147597e+16  3.36663045e+16  4.78201127e+10  2.72817341e+10  2.73466369e+12  8.51485700e+09
 3.31507500e+03  8.87115283e+16  3.37105686e+16  4.77645303e+10  2.73176038e+10  2.73466369e+12  8.51485700e+09
 3.31510000e+03  8.86084169e+16  3.37546354e+16  4.77090125e+10  2.73533136e+10  2.73466369e+12  8.51485700e+09
 3.31512500e+03  8.85054254e+16  3.37985054e+16  4.76535593e+10  2.73888640e+10  2.73466369e+12  8.51485700e+09
 3.31515000e+03  8.84025535e+16  3.38421790e+16  4.75981704e+10  2.74242553e+10  2.73466369e+12  8.51485700e+09
 3.31517500e+03  8.82998012e+16  3.38856569e+16  4.75428460e+10  2.74594878e+10  2.73466369e+12  8.51485700e+09
 3.31520000e+03  8.81971684e+16  3.39289393e+16  4.74875859e+10  2.74945621e+10  2.73466369e+12  8.51485700e+09
 3.31522500e+03  8.80946548e+16  3.39720269e+16  4.74323900e+10  2.75294784e+10  2.73466369e+12  8.51485700e+09
 3.31525000e+03  8.79922604e+16  3.40149200e+16  4.73772583e+10  2.75642372e+10  2.73466369e+12  8.51485700e+09
 3.31525000e+03  8.79922604e+16  0.00000000e+00  4.73772583e+10  0.00000000e+00  2.75281824e+12  8.50634214e+09
 3.31620000e+03  8.41882121e+16  3.67939433e+15  4.53290625e+10  2.98162389e+09  2.75281824e+12  8.50634214e+09
 3.31715000e+03  8.05486190e+16  6.96295235e+15  4.33694135e+10  5.64247894e+09  2.75281824e+12  8.50634214e+09
 3.31810000e+03  7.70663714e+16  9.88302292e+15  4.14944833e+10  8.00877931e+09  2.75281824e+12  8.50634214e+09
 3.31905000e+03  7.37346671e+16  1.24695760e+16  3.97006095e+10  1.01048113e+10  2.75281824e+12  8.50634214e+09
 3.32000000e+03  7.05469977e+16  1.47503684e+16  3.79842876e+10  1.19530681e+10  2.75281824e+12  8.50634214e+09
 3.32095000e+03  6.74971364e+16  1.67510989e+16  3.63421652e+10  1.35743745e+10  2.75281824e+12  8.50634214e+09
 3.32190000e+03  6.45791256e+16  1.84955519e+16  3.47710344e+10  1.49880046e+10  2.75281824e+12  8.50634214e+09
 3.32285000e+03  6.17872652e+16  2.00057322e+16  3.32678261e+10  1.62117902e+10  2.75281824e+12  8.50634214e+09
 3.32380000e+03  5.91161014e+16  2.13019904e+16  3.18296040e+10  1.72622225e+10  2.75281824e+12  8.50634214e+09
 3.32475000e+03  5.65604164e+16  2.24031394e+16  3.04535585e+10  1.81545465e+10  2.75281824e+12  8.50634214e+09
 3.32475000e+03  5.65604164e+16  0.00000000e+00  3.04535585e+10  0.00000000e+00  2.75281824e+12  8.50634214e+09
 3.32477500e+03  5.64946749e+16  6.56839369e+13  3.04181617e+10  5.32274547e+07  2.75281824e+12  8.50634214e+09
 3.32480000e+03  5.64290099e+16  1.31176657e+14  3.03828060e+10  1.06299956e+08  2.75281824e+12  8.50634214e+09
 3.32482500e+03  5.63634212e+16  1.96478584e+14  3.03474913e+10  1.59217846e+08  2.75281824e+12  8.50634214e+09
 3.32485000e+03  5.62979087e+16  2.61590139e+14  3.03122178e+10  2.11981467e+08  2.75281824e+12  8.50634214e+09
 3.32487500e+03  5.62324723e+16  3.26511745e+14  3.02769852e+10  2.64591161e+08  2.75281824e+12  8.50634214e+09
 3.32490000e+03  5.61671121e+16  3.91243822e+14  3.02417936e+10  3.17047269e+08  2.75281824e+12  8.50634214e+09
 3.32492500e+03  5.61018278e+16  4.55786789e+14  3.02066429e+10  3.69350130e+08  2.75281824e+12  8.50634214e+09
 3.32495000e+03  5.60366193e+16  5.20141066e+14  3.01715330e+10  4.21500085e+08  2.75281824e+12  8.50634214e+09
 3.32497500e+03  5.59714867e+16  5.84307070e+14  3.01364639e+10  4.73497473e+08  2.75281824e+12  8.50634214e+09
 3.32500000e+03  5.59064298e+16  6.48285220e+14  3.01014356e+10  5.25342630e+08  2.75281824e+12  8.50634214e+09
 3.32500000e+03  5.59064298e+16  6.48285220e+14  3.01014356e+10  5.25342630e+08  2.75281824e+12  8.50634214e+09
 3.32650000e+03  6.03259154e+16  4.43757161e+15  3.24809985e+10  3.59601835e+09  2.75281824e+12  8.50634214e+09
 3.32800000e+03  6.44475235e+16  8.13167953e+15  3.47001765e+10  6.58956549e+09  2.75281824e+12  8.50634214e+09
 3.32950000e+03  6.82913312e+16  1.17210506e+16  3.67697798e+10  9.49823835e+09  2.75281824e+12  8.50634214e+09
 3.33100000e+03  7.18760626e+16  1.51983631e+16  3.86998898e+10  1.23161038e+10  2.75281824e+12  8.50634214e+09
 3.33250000e+03  7.52191798e+16  1.85582225e+16  4.04999086e+10  1.50387903e+10  2.75281824e+12  8.50634214e+09
 3.33400000e+03  7.83369676e+16  2.17968889e+16  4.21786045e+10  1.76632671e+10  2.75281824e+12  8.50634214e+09
 3.33550000e+03  8.12446136e+16  2.49120364e+16  4.37441546e+10  2.01876494e+10  2.75281824e+12  8.50634214e+09
 3.33700000e+03  8.39562814e+16  2.79025420e+16  4.52041851e+10  2.26110273e+10  2.75281824e+12  8.50634214e+09
 3.33850000e+03  8.64851803e+16  3.07683004e+16  4.65658082e+10  2.49333155e+10  2.75281824e+12  8.50634214e+09
 3.34000000e+03  8.88436289e+16  3.35100617e+16  4.78356566e+10  2.71551216e+10  2.75281824e+12  8.50634214e+09
 3.34000000e+03  8.88436289e+16  3.35100617e+16  4.78356566e+10  2.71551216e+10  2.75281824e+12  8.49783580e+09
 3.34002500e+03  8.87403640e+16  3.35546326e+16  4.77800561e+10  2.71912399e+10  2.75281824e+12  8.49783580e+09
 3.34005000e+03  8.86372190e+16  3.35990056e+16  4.77245203e+10  2.72271979e+10  2.75281824e+12  8.49783580e+09
 3.34007500e+03  8.85341940e+16  3.36431812e+16  4.76690490e+10  2.72629959e+10  2.75281824e+12  8.49783580e+09
 3.34010000e+03  8.84312887e+16  3.36871599e+16  4.76136422e+10  2.72986344e+10  2.75281824e+12  8.49783580e+09
 3.34012500e+03  8.83285030e+16  3.37309422e+16  4.75582998e+10  2.73341137e+10  2.75281824e+12  8.49783580e+09
 3.34015000e+03  8.82258368e+16  3.37745285e+16  4.75030217e+10  2.73694342e+10  2.75281824e+12  8.49783580e+09
 3.34017500e+03  8.81232899e+16  3.38179194e+16  4.74478079e+10  2.74045963e+10  2.75281824e+12  8.49783580e+09
 3.34020000e+03  8.80208622e+16  3.38611154e+16  4.73926582e+10  2.74396004e+10  2.75281824e+12  8.49783580e+09
 3.34022500e+03  8.79185536e+16  3.39041168e+16  4.73375727e+10  2.74744470e+10  2.75281824e+12  8.49783580e+09
 3.34025000e+03  8.78163639e+16  3.39469242e+16  4.72825511e+10  2.75091363e+10  2.75281824e+12  8.49783580e+09
 3.34025000e+03  8.78163639e+16  0.00000000e+00  4.72825511e+10  0.00000000e+00  2.77093649e+12  8.48933796e+09
 3.34120000e+03  8.40199199e+16  3.67203922e+15  4.52384497e+10  2.97566362e+09  2.77093649e+12  8.48933796e+09
 3.34215000e+03  8.03876023e+16  6.94903341e+15  4.32827180e+10  5.63119963e+09  2.77093649e+12  8.48933796e+09
 3.34310000e+03  7.69123158e+16  9.86326676e+15  4.14115359e+10  7.99276976e+09  2.77093649e+12  8.48933796e+09
 3.34405000e+03  7.35872715e+16  1.24446493e+16  3.96212479e+10  1.00846118e+10  2.77093649e+12  8.48933796e+09
 3.34500000e+03  7.04059742e+16  1.47208825e+16  3.79083571e+10  1.19291739e+10  2.77093649e+12  8.48933796e+09
 3.34595000e+03  6.73622097e+16  1.67176135e+16  3.62695172e+10  1.35472393e+10  2.77093649e+12  8.48933796e+09
 3.34690000e+03  6.44500320e+16  1.84585793e+16  3.47015271e+10  1.49580436e+10  2.77093649e+12  8.48933796e+09
 3.34785000e+03  6.16637524e+16  1.99657408e+16  3.32013238e+10  1.61793829e+10  2.77093649e+12  8.48933796e+09
 3.34880000e+03  5.89979283e+16  2.12594078e+16  3.17659766e+10  1.72277153e+10  2.77093649e+12  8.48933796e+09
 3.34975000e+03  5.64473521e+16  2.23583555e+16  3.03926819e+10  1.81182556e+10  2.77093649e+12  8.48933796e+09
 3.34975000e+03  5.64473521e+16  0.00000000e+00  3.03926819e+10  0.00000000e+00  2.77093649e+12  8.48933796e+09
 3.34977500e+03  5.63817421e+16  6.55526347e+13  3.03573558e+10  5.31210530e+07  2.77093649e+12  8.48933796e+09
 3.34980000e+03  5.63162083e+16  1.30914435e+14  3.03220707e+10  1.06087462e+08  2.77093649e+12  8.48933796e+09
 3.34982500e+03  5.62507507e+16  1.96085823e+14  3.02868267e+10  1.58899569e+08  2.77093649e+12  8.48933796e+09
 3.34985000e+03  5.61853692e+16  2.61067221e+14  3.02516236e+10  2.11557716e+08  2.77093649e+12  8.48933796e+09
 3.34987500e+03  5.61200636e+16  3.25859048e+14  3.02164615e+10  2.64062243e+08  2.77093649e+12  8.48933796e+09
 3.34990000e+03  5.60548340e+16  3.90461725e+14  3.01813402e+10  3.16413491e+08  2.77093649e+12  8.48933796e+09
 3.34992500e+03  5.59896802e+16  4.54875671e+14  3.01462598e+10  3.68611800e+08  2.77093649e+12  8.48933796e+09
 3.34995000e+03  5.59246021e+16  5.19101304e+14  3.01112201e+10  4.20657507e+08  2.77093649e+12  8.48933796e+09
 3.34997500e+03  5.58595997e+16  5.83139040e+14  3.00762211e+10  4.72550951e+08  2.77093649e+12  8.48933796e+09
 3.35000000e+03  5.57946728e+16  6.46989297e+14  3.00412629e+10  5.24292470e+08  2.77093649e+12  8.48933796e+09
 3.35000000e+03  5.57946728e+16  6.46989297e+14  3.00412629e+10  5.24292470e+08  2.77093649e+12  8.48933796e+09
 3.35150000e+03  6.02053239e+16  4.42870091e+15  3.24160689e+10  3.58882990e+09  2.77093649e+12  8.48933796e+09
 3.35300000e+03  6.43186929e+16  8.11542430e+15  3.46308108e+10  6.57639295e+09  2.77093649e+12  8.48933796e+09
 3.35450000e+03  6.81548168e+16  1.16976202e+16  3.66962770e+10  9.47925137e+09  2.77093649e+12  8.48933796e+09
 3.35600000e+03  7.17323824e+16  1.51679815e+16  3.86225288e+10  1.22914839e+10  2.77093649e+12  8.48933796e+09
 3.35750000e+03  7.50688166e+16  1.85211247e+16  4.04189493e+10  1.50087277e+10  2.77093649e+12  8.48933796e+09
 3.35900000e+03  7.81803720e+16  2.17533170e+16  4.20942894e+10  1.76279582e+10  2.77093649e+12  8.48933796e+09
 3.36050000e+03  8.10822056e+16  2.48622372e+16  4.36567100e+10  2.01472943e+10  2.77093649e+12  8.48933796e+09
 3.36200000e+03  8.37884528e+16  2.78467648e+16  4.51138220e+10  2.25658278e+10  2.77093649e+12  8.48933796e+09
 3.36350000e+03  8.63122964e+16  3.07067946e+16  4.64727232e+10  2.48834738e+10  2.77093649e+12  8.48933796e+09
 3.36500000e+03  8.86660305e+16  3.34430751e+16  4.77400331e+10  2.71008385e+10  2.77093649e+12  8.48933796e+09
 3.36500000e+03  8.86660305e+16  3.34430751e+16  4.77400331e+10  2.71008385e+10  2.77093649e+12  8.48084863e+09
 3.36502500e+03  8.85629720e+16  3.34875569e+16  4.76845438e+10  2.71368846e+10  2.77093649e+12  8.48084863e+09
 3.36505000e+03  8.84600332e+16  3.35318412e+16  4.76291190e+10  2.71727707e+10  2.77093649e+12  8.48084863e+09
 3.36507500e+03  8.83572141e+16  3.35759284e+16  4.75737586e+10  2.72084972e+10  2.77093649e+12  8.48084863e+09
 3.36510000e+03  8.82545145e+16  3.36198192e+16  4.75184625e+10  2.72440644e+10  2.77093649e+12  8.48084863e+09
 3.36512500e+03  8.81519343e+16  3.36635140e+16  4.74632308e+10  2.72794728e+10  2.77093649e+12  8.48084863e+09
 3.36515000e+03  8.80494733e+16  3.37070132e+16  4.74080632e+10  2.73147227e+10  2.77093649e+12  8.48084863e+09
 3.36517500e+03  8.79471314e+16  3.37503174e+16  4.73529597e+10  2.73498145e+10  2.77093649e+12  8.48084863e+09
 3.36520000e+03  8.78449085e+16  3.37934270e+16  4.72979203e+10  2.73847487e+10  2.77093649e+12  8.48084863e+09
 3.36522500e+03  8.77428044e+16  3.38363425e+16  4.72429448e+10  2.74195256e+10  2.77093649e+12  8.48084863e+09
 3.36525000e+03  8.76408189e+16  3.38790643e+16  4.71880333e+10  2.74541455e+10  2.77093649e+12  8.48084863e+09
 3.36525000e+03  8.76408189e+16  0.00000000e+00  4.71880333e+10  0.00000000e+00  2.78901853e+12  8.47236778e+09
 3.36620000e+03  8.38519640e+16  3.66469882e+15  4.51480180e+10  2.96971527e+09  2.78901853e+12  8.47236778e+09
 3.36715000e+03  8.02269075e+16  6.93514229e+15  4.31961959e+10  5.61994286e+09  2.78901853e+12  8.47236778e+09
 3.36810000e+03  7.67585680e+16  9.84355009e+15  4.13287542e+10  7.97679222e+09  2.78901853e+12  8.47236778e+09
 3.36905000e+03  7.34401705e+16  1.24197724e+16  3.95420451e+10  1.00644527e+10  2.78901853e+12  8.47236778e+09
 3.37000000e+03  7.02652327e+16  1.46914554e+16  3.78325783e+10  1.19053275e+10  2.78901853e+12  8.47236778e+09
 3.37095000e+03  6.72275526e+16  1.66841949e+16  3.61970145e+10  1.35201584e+10  2.78901853e+12  8.47236778e+09
 3.37190000e+03  6.43211964e+16  1.84216806e+16  3.46321588e+10  1.49281425e+10  2.78901853e+12  8.47236778e+09
 3.37285000e+03  6.15404866e+16  1.99258293e+16  3.31349543e+10  1.61470403e+10  2.78901853e+12  8.47236778e+09
 3.37380000e+03  5.88799915e+16  2.12169102e+16  3.17024764e+10  1.71932771e+10  2.78901853e+12  8.47236778e+09
 3.37475000e+03  5.63345138e+16  2.23136612e+16  3.03319269e+10  1.80820372e+10  2.78901853e+12  8.47236778e+09
 3.37475000e+03  5.63345138e+16  0.00000000e+00  3.03319269e+10  0.00000000e+00  2.78901853e+12  8.47236778e+09
 3.37477500e+03  5.62690349e+16  6.54215950e+13  3.02966714e+10  5.30148640e+07  2.78901853e+12  8.47236778e+09
 3.37480000e+03  5.62036322e+16  1.30652737e+14  3.02614569e+10  1.05875393e+08  2.78901853e+12  8.47236778e+09
 3.37482500e+03  5.61383054e+16  1.95693848e+14  3.02262833e+10  1.58581929e+08  2.78901853e+12  8.47236778e+09
 3.37485000e+03  5.60730546e+16  2.60545347e+14  3.01911507e+10  2.11134812e+08  2.78901853e+12  8.47236778e+09
 3.37487500e+03  5.60078796e+16  3.25207656e+14  3.01560588e+10  2.63534383e+08  2.78901853e+12  8.47236778e+09
 3.37490000e+03  5.59427804e+16  3.89681192e+14  3.01210077e+10  3.15780981e+08  2.78901853e+12  8.47236778e+09
 3.37492500e+03  5.58777568e+16  4.53966374e+14  3.00859974e+10  3.67874945e+08  2.78901853e+12  8.47236778e+09
 3.37495000e+03  5.58128089e+16  5.18063620e+14  3.00510278e+10  4.19816612e+08  2.78901853e+12  8.47236778e+09
 3.37497500e+03  5.57479364e+16  5.81973345e+14  3.00160988e+10  4.71606322e+08  2.78901853e+12  8.47236778e+09
 3.37500000e+03  5.56831393e+16  6.45695966e+14  2.99812104e+10  5.23244410e+08  2.78901853e+12  8.47236778e+09
 3.37500000e+03  5.56831393e+16  6.45695966e+14  2.99812104e+10  5.23244410e+08  2.78901853e+12  8.47236778e+09
 3.37650000e+03  6.00849735e+16  4.41984793e+15  3.23512692e+10  3.58165583e+09  2.78901853e+12  8.47236778e+09
 3.37800000e+03  6.41901198e+16  8.09920157e+15  3.45615838e+10  6.56324674e+09  2.78901853e+12  8.47236778e+09
 3.37950000e+03  6.80185754e+16  1.16742366e+16  3.66229211e+10  9.46030235e+09  2.78901853e+12  8.47236778e+09
 3.38100000e+03  7.15889894e+16  1.51376607e+16  3.85453223e+10  1.22669132e+10  2.78901853e+12  8.47236778e+09
 3.38250000e+03  7.49187541e+16  1.84841009e+16  4.03381518e+10  1.49787253e+10  2.78901853e+12  8.47236778e+09
 3.38400000e+03  7.80240894e+16  2.17098321e+16  4.20101429e+10  1.75927199e+10  2.78901853e+12  8.47236778e+09
 3.38550000e+03  8.09201223e+16  2.48125376e+16  4.35694402e+10  2.01070198e+10  2.78901853e+12  8.47236778e+09
 3.38700000e+03  8.36209597e+16  2.77910991e+16  4.50236394e+10  2.25207187e+10  2.78901853e+12  8.47236778e+09
 3.38850000e+03  8.61397581e+16  3.06454117e+16  4.63798242e+10  2.48337317e+10  2.78901853e+12  8.47236778e+09
 3.39000000e+03  8.84887871e+16  3.33762224e+16  4.76446008e+10  2.70466639e+10  2.78901853e+12  8.47236778e+09
 3.39000000e+03  8.84887871e+16  3.33762224e+16  4.76446008e+10  2.70466639e+10  2.78901853e+12  8.46389541e+09
 3.39002500e+03  8.83859346e+16  3.34206152e+16  4.75892224e+10  2.70826380e+10  2.78901853e+12  8.46389541e+09
 3.39005000e+03  8.82832016e+16  3.34648110e+16  4.75339084e+10  2.71184523e+10  2.78901853e+12  8.46389541e+09
 3.39007500e+03  8.81805881e+16  3.35088102e+16  4.74786586e+10  2.71541074e+10  2.78901853e+12  8.46389541e+09
 3.39010000e+03  8.80780938e+16  3.35526132e+16  4.74234731e+10  2.71896035e+10  2.78901853e+12  8.46389541e+09
 3.39012500e+03  8.79757186e+16  3.35962206e+16  4.73683518e+10  2.72249411e+10  2.78901853e+12  8.46389541e+09
 3.39015000e+03  8.78734624e+16  3.36396329e+16  4.73132944e+10  2.72601205e+10  2.78901853e+12  8.46389541e+09
 3.39017500e+03  8.77713251e+16  3.36828505e+16  4.72583011e+10  2.72951422e+10  2.78901853e+12  8.46389541e+09
 3.39020000e+03  8.76693065e+16  3.37258739e+16  4.72033717e+10  2.73300066e+10  2.78901853e+12  8.46389541e+09
 3.39022500e+03  8.75674065e+16  3.37687036e+16  4.71485062e+10  2.73647139e+10  2.78901853e+12  8.46389541e+09
 3.39025000e+03  8.74656249e+16  3.38113401e+16  4.70937044e+10  2.73992647e+10  2.78901853e+12  8.46389541e+09
 3.39025000e+03  8.74656249e+16  0.00000000e+00  4.70937044e+10  0.00000000e+00  2.80706442e+12  8.45543151e+09
 3.39120000e+03  8.36843440e+16  3.65737308e+15  4.50577671e+10  2.96377881e+09  2.80706442e+12  8.45543151e+09
 3.39215000e+03  8.00665339e+16  6.92127894e+15  4.31098467e+10  5.60870859e+09  2.80706442e+12  8.45543151e+09
 3.39310000e+03  7.66051277e+16  9.82387283e+15  4.12461380e+10  7.96084661e+09  2.80706442e+12  8.45543151e+09
 3.39405000e+03  7.32933636e+16  1.23949453e+16  3.94630005e+10  1.00443339e+10  2.80706442e+12  8.45543151e+09
 3.39500000e+03  7.01247725e+16  1.46620872e+16  3.77569509e+10  1.18815287e+10  2.80706442e+12  8.45543151e+09
 3.39595000e+03  6.70931647e+16  1.66508432e+16  3.61246566e+10  1.34931316e+10  2.80706442e+12  8.45543151e+09
 3.39690000e+03  6.41926183e+16  1.83848556e+16  3.45629291e+10  1.48983011e+10  2.80706442e+12  8.45543151e+09
 3.39785000e+03  6.14174672e+16  1.98859975e+16  3.30687175e+10  1.61147623e+10  2.80706442e+12  8.45543151e+09
 3.39880000e+03  5.87622904e+16  2.11744976e+16  3.16391032e+10  1.71589077e+10  2.80706442e+12  8.45543151e+09
 3.39975000e+03  5.62219011e+16  2.22690562e+16  3.02712934e+10  1.80458912e+10  2.80706442e+12  8.45543151e+09
 3.39975000e+03  5.62219011e+16  0.00000000e+00  3.02712934e+10  0.00000000e+00  2.80706442e+12  8.45543151e+09
 3.39977500e+03  5.61565531e+16  6.52908172e+13  3.02361084e+10  5.29088873e+07  2.80706442e+12  8.45543151e+09
 3.39980000e+03  5.60912811e+16  1.30391562e+14  3.02009643e+10  1.05663748e+08  2.80706442e+12  8.45543151e+09
 3.39982500e+03  5.60260850e+16  1.95302655e+14  3.01658610e+10  1.58264924e+08  2.80706442e+12  8.45543151e+09
 3.39985000e+03  5.59609646e+16  2.60024517e+14  3.01307985e+10  2.10712754e+08  2.80706442e+12  8.45543151e+09
 3.39987500e+03  5.58959199e+16  3.24557566e+14  3.00957768e+10  2.63007578e+08  2.80706442e+12  8.45543151e+09
 3.39990000e+03  5.58309508e+16  3.88902219e+14  3.00607958e+10  3.15149735e+08  2.80706442e+12  8.45543151e+09
 3.39992500e+03  5.57660572e+16  4.53058896e+14  3.00258555e+10  3.67139563e+08  2.80706442e+12  8.45543151e+09
 3.39995000e+03  5.57012391e+16  5.17028011e+14  2.99909558e+10  4.18977399e+08  2.80706442e+12  8.45543151e+09
 3.39997500e+03  5.56364962e+16  5.80809981e+14  2.99560966e+10  4.70663581e+08  2.80706442e+12  8.45543151e+09
 3.40000000e+03  5.55718287e+16  6.44405220e+14  2.99212779e+10  5.22198444e+08  2.80706442e+12  8.45543151e+09
 3.40000000e+03  5.55718287e+16  6.44405220e+14  2.99212779e+10  5.22198444e+08  2.80706442e+12  8.45543151e+09
 3.40150000e+03  5.99648636e+16  4.41101266e+15  3.22865990e+10  3.57449610e+09  2.80706442e+12  8.45543151e+09
 3.40300000e+03  6.40618037e+16  8.08301127e+15  3.44924952e+10  6.55012681e+09  2.80706442e+12  8.45543151e+09
 3.40450000e+03  6.78826062e+16  1.16508999e+16  3.65497119e+10  9.44139121e+09  2.80706442e+12  8.45543151e+09
 3.40600000e+03  7.14458830e+16  1.51074006e+16  3.84682702e+10  1.22423916e+10  2.80706442e+12  8.45543151e+09
 3.40750000e+03  7.47689915e+16  1.84471512e+16  4.02575159e+10  1.49487828e+10  2.80706442e+12  8.45543151e+09
 3.40900000e+03  7.78681193e+16  2.16664341e+16  4.19261647e+10  1.75575521e+10  2.80706442e+12  8.45543151e+09
 3.41050000e+03  8.07583629e+16  2.47629373e+16  4.34823449e+10  2.00668259e+10  2.80706442e+12  8.45543151e+09
 3.41200000e+03  8.34538014e+16  2.77355447e+16  4.49336372e+10  2.24756998e+10  2.80706442e+12  8.45543151e+09
 3.41350000e+03  8.59675647e+16  3.05841516e+16  4.62871109e+10  2.47840891e+10  2.80706442e+12  8.45543151e+09
 3.41500000e+03  8.83118980e+16  3.33095033e+16  4.75493593e+10  2.69925976e+10  2.80706442e+12  8.45543151e+09
 3.41500000e+03  8.83118980e+16  3.33095033e+16  4.75493593e+10  2.69925976e+10  2.80706442e+12  8.44697608e+09
 3.41502500e+03  8.82092511e+16  3.33538074e+16  4.74940916e+10  2.70284998e+10  2.80706442e+12  8.44697608e+09
 3.41505000e+03  8.81067235e+16  3.33979148e+16  4.74388881e+10  2.70642426e+10  2.80706442e+12  8.44697608e+09
 3.41507500e+03  8.80043151e+16  3.34418261e+16  4.73837488e+10  2.70998263e+10  2.80706442e+12  8.44697608e+09
 3.41510000e+03  8.79020257e+16  3.34855415e+16  4.73286736e+10  2.71352515e+10  2.80706442e+12  8.44697608e+09
 3.41512500e+03  8.77998552e+16  3.35290618e+16  4.72736624e+10  2.71705184e+10  2.80706442e+12  8.44697608e+09
 3.41515000e+03  8.76978034e+16  3.35723873e+16  4.72187152e+10  2.72056276e+10  2.80706442e+12  8.44697608e+09
 3.41517500e+03  8.75958703e+16  3.36155185e+16  4.71638318e+10  2.72405793e+10  2.80706442e+12  8.44697608e+09
 3.41520000e+03  8.74940556e+16  3.36584559e+16  4.71090122e+10  2.72753739e+10  2.80706442e+12  8.44697608e+09
 3.41522500e+03  8.73923593e+16  3.37012000e+16  4.70542563e+10  2.73100119e+10  2.80706442e+12  8.44697608e+09
 3.41525000e+03  8.72907812e+16  3.37437512e+16  4.69995641e+10  2.73444935e+10  2.80706442e+12  8.44697608e+09
 3.41525000e+03  8.72907812e+16  0.00000000e+00  4.69995641e+10  0.00000000e+00  2.82507424e+12  8.43852911e+09
 3.41620000e+03  8.35170590e+16  3.65006199e+15  4.49676966e+10  2.95785421e+09  2.82507424e+12  8.43852911e+09
 3.41715000e+03  7.99064809e+16  6.90744330e+15  4.30236701e+10  5.59749678e+09  2.82507424e+12  8.43852911e+09
 3.41810000e+03  7.64519940e+16  9.80423491e+15  4.11636870e+10  7.94493288e+09  2.82507424e+12  8.43852911e+09
 3.41905000e+03  7.31468502e+16  1.23701678e+16  3.93841140e+10  1.00242552e+10  2.82507424e+12  8.43852911e+09
 3.42000000e+03  6.99845931e+16  1.46327777e+16  3.76814748e+10  1.18577775e+10  2.82507424e+12  8.43852911e+09
 3.42095000e+03  6.69590455e+16  1.66175582e+16  3.60524434e+10  1.34661588e+10  2.82507424e+12  8.43852911e+09
 3.42190000e+03  6.40642972e+16  1.83481043e+16  3.44938378e+10  1.48685194e+10  2.82507424e+12  8.43852911e+09
 3.42285000e+03  6.12946937e+16  1.98462454e+16  3.30026132e+10  1.60825489e+10  2.82507424e+12  8.43852911e+09
 3.42380000e+03  5.86448245e+16  2.11321698e+16  3.15758566e+10  1.71246071e+10  2.82507424e+12  8.43852911e+09
 3.42475000e+03  5.61095136e+16  2.22245403e+16  3.02107811e+10  1.80098175e+10  2.82507424e+12  8.43852911e+09
 3.42475000e+03  5.61095136e+16  0.00000000e+00  3.02107811e+10  0.00000000e+00  2.82507424e+12  8.43852911e+09
 3.42477500e+03  5.60442962e+16  6.51603008e+13  3.01756664e+10  5.28031224e+07  2.82507424e+12  8.43852911e+09
 3.42480000e+03  5.59791546e+16  1.30130909e+14  3.01405925e+10  1.05452526e+08  2.82507424e+12  8.43852911e+09
 3.42482500e+03  5.59140888e+16  1.94912245e+14  3.01055594e+10  1.57948552e+08  2.82507424e+12  8.43852911e+09
 3.42485000e+03  5.58490986e+16  2.59504728e+14  3.00705671e+10  2.10291539e+08  2.82507424e+12  8.43852911e+09
 3.42487500e+03  5.57841839e+16  3.23908775e+14  3.00356154e+10  2.62481825e+08  2.82507424e+12  8.43852911e+09
 3.42490000e+03  5.57193447e+16  3.88124804e+14  3.00007043e+10  3.14519750e+08  2.82507424e+12  8.43852911e+09
 3.42492500e+03  5.56545809e+16  4.52153231e+14  2.99658338e+10  3.66405651e+08  2.82507424e+12  8.43852911e+09
 3.42495000e+03  5.55898923e+16  5.15994472e+14  2.99310038e+10  4.18139863e+08  2.82507424e+12  8.43852911e+09
 3.42497500e+03  5.55252789e+16  5.79648941e+14  2.98962144e+10  4.69722724e+08  2.82507424e+12  8.43852911e+09
 3.42500000e+03  5.54607406e+16  6.43117054e+14  2.98614653e+10  5.21154569e+08  2.82507424e+12  8.43852911e+09
 3.42500000e+03  5.54607406e+16  6.43117054e+14  2.98614653e+10  5.21154569e+08  2.82507424e+12  8.43852911e+09
 3.42650000e+03  5.98449938e+16  4.40219504e+15  3.22220581e+10  3.56735069e+09  2.82507424e+12  8.43852911e+09
 3.42800000e+03  6.39337442e+16  8.06685333e+15  3.44235447e+10  6.53703311e+09  2.82507424e+12  8.43852911e+09
 3.42950000e+03  6.77469089e+16  1.16276097e+16  3.64766490e+10  9.42251787e+09  2.82507424e+12  8.43852911e+09
 3.43100000e+03  7.13030627e+16  1.50772009e+16  3.83913721e+10  1.22179191e+10  2.82507424e+12  8.43852911e+09
 3.43250000e+03  7.46195283e+16  1.84102754e+16  4.01770411e+10  1.49189002e+10  2.82507424e+12  8.43852911e+09
 3.43400000e+03  7.77124609e+16  2.16231229e+16  4.18423543e+10  1.75224545e+10  2.82507424e+12  8.43852911e+09
 3.43550000e+03  8.05969270e+16  2.47134362e+16  4.33954237e+10  2.00267123e+10  2.82507424e+12  8.43852911e+09
 3.43700000e+03  8.32869772e+16  2.76801013e+16  4.48438148e+10  2.24307709e+10  2.82507424e+12  8.43852911e+09
 3.43850000e+03  8.57957156e+16  3.05230138e+16  4.61945830e+10  2.47345457e+10  2.82507424e+12  8.43852911e+09
 3.44000000e+03  8.81353625e+16  3.32429176e+16  4.74543081e+10  2.69386394e+10  2.82507424e+12  8.43852911e+09
 3.44000000e+03  8.81353625e+16  3.32429176e+16  4.74543081e+10  2.69386394e+10  2.82507424e+12  8.43009058e+09
 3.44002500e+03  8.80329208e+16  3.32871332e+16  4.73991509e+10  2.69744698e+10  2.82507424e+12  8.43009058e+09
 3.44005000e+03  8.79305982e+16  3.33311524e+16  4.73440578e+10  2.70101411e+10  2.82507424e+12  8.43009058e+09
 3.44007500e+03  8.78283944e+16  3.33749758e+16  4.72890287e+10  2.70456538e+10  2.82507424e+12  8.43009058e+09
 3.44010000e+03  8.77263095e+16  3.34186040e+16  4.72340636e+10  2.70810081e+10  2.82507424e+12  8.43009058e+09
 3.44012500e+03  8.76243432e+16  3.34620372e+16  4.71791624e+10  2.71162046e+10  2.82507424e+12  8.43009058e+09
 3.44015000e+03  8.75224955e+16  3.35052761e+16  4.71243250e+10  2.71512435e+10  2.82507424e+12  8.43009058e+09
 3.44017500e+03  8.74207661e+16  3.35483211e+16  4.70695513e+10  2.71861253e+10  2.82507424e+12  8.43009058e+09
 3.44020000e+03  8.73191550e+16  3.35911726e+16  4.70148413e+10  2.72208504e+10  2.82507424e+12  8.43009058e+09
 3.44022500e+03  8.72176620e+16  3.36338313e+16  4.69601949e+10  2.72554191e+10  2.82507424e+12  8.43009058e+09
 3.44025000e+03  8.71162869e+16  3.36762974e+16  4.69056120e+10  2.72898319e+10  2.82507424e+12  8.43009058e+09
 3.44025000e+03  8.71162869e+16  0.00000000e+00  4.69056120e+10  0.00000000e+00  2.84304806e+12  8.42166049e+09
 3.44120000e+03  8.33501084e+16  3.64276552e+15  4.48778062e+10  2.95194146e+09  2.84304806e+12  8.42166049e+09
 3.44215000e+03  7.97467479e+16  6.89363532e+15  4.29376658e+10  5.58630739e+09  2.84304806e+12  8.42166049e+09
 3.44310000e+03  7.62991665e+16  9.78463625e+15  4.10814008e+10  7.92905096e+09  2.84304806e+12  8.42166049e+09
 3.44405000e+03  7.30006296e+16  1.23454399e+16  3.93053851e+10  1.00042167e+10  2.84304806e+12  8.42166049e+09
 3.44500000e+03  6.98446939e+16  1.46035268e+16  3.76061495e+10  1.18340738e+10  2.84304806e+12  8.42166049e+09
 3.44595000e+03  6.68251944e+16  1.65843397e+16  3.59803746e+10  1.34392400e+10  2.84304806e+12  8.42166049e+09
 3.44690000e+03  6.39362327e+16  1.83114264e+16  3.44248846e+10  1.48387972e+10  2.84304806e+12  8.42166049e+09
 3.44785000e+03  6.11721656e+16  1.98065728e+16  3.29366409e+10  1.60503999e+10  2.84304806e+12  8.42166049e+09
 3.44880000e+03  5.85275935e+16  2.10899266e+16  3.15127365e+10  1.70903750e+10  2.84304806e+12  8.42166049e+09
 3.44975000e+03  5.59973506e+16  2.21801135e+16  3.01503897e+10  1.79738158e+10  2.84304806e+12  8.42166049e+09
 3.44975000e+03  5.59973506e+16  0.00000000e+00  3.01503897e+10  0.00000000e+00  2.84304806e+12  8.42166049e+09
 3.44977500e+03  5.59322636e+16  6.50300454e+13  3.01153452e+10  5.26975690e+07  2.84304806e+12  8.42166049e+09
 3.44980000e+03  5.58672523e+16  1.29870778e+14  3.00803415e+10  1.05241727e+08  2.84304806e+12  8.42166049e+09
 3.44982500e+03  5.58023165e+16  1.94522616e+14  3.00453784e+10  1.57632813e+08  2.84304806e+12  8.42166049e+09
 3.44985000e+03  5.57374563e+16  2.58985978e+14  3.00104560e+10  2.09871166e+08  2.84304806e+12  8.42166049e+09
 3.44987500e+03  5.56726713e+16  3.23261281e+14  2.99755742e+10  2.61957124e+08  2.84304806e+12  8.42166049e+09
 3.44990000e+03  5.56079617e+16  3.87348942e+14  2.99407329e+10  3.13891025e+08  2.84304806e+12  8.42166049e+09
 3.44992500e+03  5.55433274e+16  4.51249377e+14  2.99059321e+10  3.65673206e+08  2.84304806e+12  8.42166049e+09
 3.44995000e+03  5.54787681e+16  5.14962999e+14  2.98711718e+10  4.17304002e+08  2.84304806e+12  8.42166049e+09
 3.44997500e+03  5.54142839e+16  5.78490223e+14  2.98364518e+10  4.68783749e+08  2.84304806e+12  8.42166049e+09
 3.45000000e+03  5.53498746e+16  6.41831463e+14  2.98017722e+10  5.20112781e+08  2.84304806e+12  8.42166049e+09
 3.45000000e+03  5.53498746e+16  6.41831463e+14  2.98017722e+10  5.20112781e+08  2.84304806e+12  8.42166049e+09
 3.45150000e+03  5.97253637e+16  4.39339506e+15  3.21576462e+10  3.56021955e+09  2.84304806e+12  8.42166049e+09
 3.45300000e+03  6.38059406e+16  8.05072769e+15  3.43547321e+10  6.52396558e+09  2.84304806e+12  8.42166049e+09
 3.45450000e+03  6.76114828e+16  1.16043661e+16  3.64037322e+10  9.40368225e+09  2.84304806e+12  8.42166049e+09
 3.45600000e+03  7.11605278e+16  1.50470615e+16  3.83146278e+10  1.21934955e+10  2.84304806e+12  8.42166049e+09
 3.45750000e+03  7.44703638e+16  1.83734732e+16  4.00967272e+10  1.48890773e+10  2.84304806e+12  8.42166049e+09
 3.45900000e+03  7.75571137e+16  2.15798983e+16  4.17587114e+10  1.74874271e+10  2.84304806e+12  8.42166049e+09
 3.46050000e+03  8.04358137e+16  2.46640341e+16  4.33086763e+10  1.99866789e+10  2.84304806e+12  8.42166049e+09
 3.46200000e+03  8.31204866e+16  2.76247688e+16  4.47541720e+10  2.23859318e+10  2.84304806e+12  8.42166049e+09
 3.46350000e+03  8.56242099e+16  3.04619983e+16  4.61022400e+10  2.46851013e+10  2.84304806e+12  8.42166049e+09
 3.46500000e+03  8.79591800e+16  3.31764650e+16  4.73594469e+10  2.68847891e+10  2.84304806e+12  8.42166049e+09
 3.46500000e+03  8.79591800e+16  3.31764650e+16  4.73594469e+10  2.68847891e+10  2.84304806e+12  8.41323883e+09
 3.46502500e+03  8.78569430e+16  3.32205922e+16  4.73044000e+10  2.69205479e+10  2.84304806e+12  8.41323883e+09
 3.46505000e+03  8.77548249e+16  3.32645234e+16  4.72494170e+10  2.69561479e+10  2.84304806e+12  8.41323883e+09
 3.46507500e+03  8.76528255e+16  3.33082593e+16  4.71944979e+10  2.69915895e+10  2.84304806e+12  8.41323883e+09
 3.46510000e+03  8.75509446e+16  3.33518002e+16  4.71396427e+10  2.70268732e+10  2.84304806e+12  8.41323883e+09
 3.46512500e+03  8.74491822e+16  3.33951466e+16  4.70848512e+10  2.70619993e+10  2.84304806e+12  8.41323883e+09
 3.46515000e+03  8.73475380e+16  3.34382990e+16  4.70301234e+10  2.70969682e+10  2.84304806e+12  8.41323883e+09
 3.46517500e+03  8.72460120e+16  3.34812580e+16  4.69754593e+10  2.71317803e+10  2.84304806e+12  8.41323883e+09
 3.46520000e+03  8.71446040e+16  3.35240239e+16  4.69208586e+10  2.71664359e+10  2.84304806e+12  8.41323883e+09
 3.46522500e+03  8.70433138e+16  3.35665972e+16  4.68663214e+10  2.72009356e+10  2.84304806e+12  8.41323883e+09
 3.46525000e+03  8.69421414e+16  3.36089785e+16  4.68118477e+10  2.72352795e+10  2.84304806e+12  8.41323883e+09
 3.46525000e+03  8.69421414e+16  0.00000000e+00  4.68118477e+10  0.00000000e+00  2.86098594e+12  8.40482559e+09
 3.46620000e+03  8.31834915e+16  3.63548363e+15  4.47880955e+10  2.94604053e+09  2.86098594e+12  8.40482559e+09
 3.46715000e+03  7.95873341e+16  6.87985495e+15  4.28518334e+10  5.57514036e+09  2.86098594e+12  8.40482559e+09
 3.46810000e+03  7.61466444e+16  9.76507676e+15  4.09992791e+10  7.91320078e+09  2.86098594e+12  8.40482559e+09
 3.46905000e+03  7.28547014e+16  1.23207613e+16  3.92268137e+10  9.98421831e+09  2.86098594e+12  8.40482559e+09
 3.47000000e+03  6.97050743e+16  1.45743343e+16  3.75309748e+10  1.18104175e+10  2.86098594e+12  8.40482559e+09
 3.47095000e+03  6.66916108e+16  1.65511876e+16  3.59084498e+10  1.34123749e+10  2.86098594e+12  8.40482559e+09
 3.47190000e+03  6.38084242e+16  1.82748219e+16  3.43560693e+10  1.48091345e+10  2.86098594e+12  8.40482559e+09
 3.47285000e+03  6.10498824e+16  1.97669794e+16  3.28708006e+10  1.60183152e+10  2.86098594e+12  8.40482559e+09
 3.47380000e+03  5.84105969e+16  2.10477678e+16  3.14497425e+10  1.70562113e+10  2.86098594e+12  8.40482559e+09
 3.47475000e+03  5.58854119e+16  2.21357754e+16  3.00901191e+10  1.79378862e+10  2.86098594e+12  8.40482559e+09
 3.47475000e+03  5.58854119e+16  0.00000000e+00  3.00901191e+10  0.00000000e+00  2.86098594e+12  8.40482559e+09
 3.47477500e+03  5.58204551e+16  6.49000503e+13  3.00551447e+10  5.25922266e+07  2.86098594e+12  8.40482559e+09
 3.47480000e+03  5.57555737e+16  1.29611166e+14  3.00202109e+10  1.05031349e+08  2.86098594e+12  8.40482559e+09
 3.47482500e+03  5.56907677e+16  1.94133765e+14  2.99853177e+10  1.57317705e+08  2.86098594e+12  8.40482559e+09
 3.47485000e+03  5.56260371e+16  2.58468265e+14  2.99504651e+10  2.09451633e+08  2.86098594e+12  8.40482559e+09
 3.47487500e+03  5.55613817e+16  3.22615082e+14  2.99156530e+10  2.61433472e+08  2.86098594e+12  8.40482559e+09
 3.47490000e+03  5.54968014e+16  3.86574632e+14  2.98808814e+10  3.13263557e+08  2.86098594e+12  8.40482559e+09
 3.47492500e+03  5.54322962e+16  4.50347329e+14  2.98461501e+10  3.64942225e+08  2.86098594e+12  8.40482559e+09
 3.47495000e+03  5.53678660e+16  5.13933588e+14  2.98114593e+10  4.16469811e+08  2.86098594e+12  8.40482559e+09
 3.47497500e+03  5.53035107e+16  5.77333821e+14  2.97768088e+10  4.67846650e+08  2.86098594e+12  8.40482559e+09
 3.47500000e+03  5.52392302e+16  6.40548442e+14  2.97421985e+10  5.19073076e+08  2.86098594e+12  8.40482559e+09
 3.47500000e+03  5.52392302e+16  6.40548442e+14  2.97421985e+10  5.19073076e+08  2.86098594e+12  8.40482559e+09
 3.47650000e+03  5.96059727e+16  4.38461266e+15  3.20933631e+10  3.55310267e+09  2.86098594e+12  8.40482559e+09
 3.47800000e+03  6.36783926e+16  8.03463428e+15  3.42860569e+10  6.51092417e+09  2.86098594e+12  8.40482559e+09
 3.47950000e+03  6.74763275e+16  1.15811690e+16  3.63309611e+10  9.38488429e+09  2.86098594e+12  8.40482559e+09
 3.48100000e+03  7.10182779e+16  1.50169825e+16  3.82380369e+10  1.21691207e+10  2.86098594e+12  8.40482559e+09
 3.48250000e+03  7.43214976e+16  1.83367446e+16  4.00165738e+10  1.48593140e+10  2.86098594e+12  8.40482559e+09
 3.48400000e+03  7.74020770e+16  2.15367601e+16  4.16752357e+10  1.74524698e+10  2.86098594e+12  8.40482559e+09
 3.48550000e+03  8.02750225e+16  2.46147307e+16  4.32221022e+10  1.99467255e+10  2.86098594e+12  8.40482559e+09
 3.48700000e+03  8.29543287e+16  2.75695469e+16  4.46647084e+10  2.23411823e+10  2.86098594e+12  8.40482559e+09
 3.48850000e+03  8.54530471e+16  3.04011048e+16  4.60100816e+10  2.46357558e+10  2.86098594e+12  8.40482559e+09
 3.49000000e+03  8.77833496e+16  3.31101453e+16  4.72647754e+10  2.68310464e+10  2.86098594e+12  8.40482559e+09
 3.49000000e+03  8.77833496e+16  3.31101453e+16  4.72647754e+10  2.68310464e+10  2.86098594e+12  8.39642076e+09
 3.49002500e+03  8.76813170e+16  3.31541842e+16  4.72098385e+10  2.68667337e+10  2.86098594e+12  8.39642076e+09
 3.49005000e+03  8.75794030e+16  3.31980277e+16  4.71549654e+10  2.69022625e+10  2.86098594e+12  8.39642076e+09
 3.49007500e+03  8.74776075e+16  3.32416761e+16  4.71001561e+10  2.69376333e+10  2.86098594e+12  8.39642076e+09
 3.49010000e+03  8.73759303e+16  3.32851299e+16  4.70454105e+10  2.69728465e+10  2.86098594e+12  8.39642076e+09
 3.49012500e+03  8.72743713e+16  3.33283897e+16  4.69907286e+10  2.70079023e+10  2.86098594e+12  8.39642076e+09
 3.49015000e+03  8.71729303e+16  3.33714559e+16  4.69361102e+10  2.70428013e+10  2.86098594e+12  8.39642076e+09
 3.49017500e+03  8.70716072e+16  3.34143289e+16  4.68815553e+10  2.70775438e+10  2.86098594e+12  8.39642076e+09
 3.49020000e+03  8.69704019e+16  3.34570094e+16  4.68270638e+10  2.71121302e+10  2.86098594e+12  8.39642076e+09
 3.49022500e+03  8.68693143e+16  3.34994976e+16  4.67726357e+10  2.71465609e+10  2.86098594e+12  8.39642076e+09
 3.49025000e+03  8.67683441e+16  3.35417942e+16  4.67182708e+10  2.71808362e+10  2.86098594e+12  8.39642076e+09
 3.49025000e+03  8.67683441e+16  0.00000000e+00  4.67182708e+10  0.00000000e+00  2.87888797e+12  8.38802434e+09
 3.49120000e+03  8.30172077e+16  3.62821630e+15  4.46985641e+10  2.94015140e+09  2.87888797e+12  8.38802434e+09
 3.49215000e+03  7.94282390e+16  6.86610212e+15  4.27661726e+10  5.56399565e+09  2.87888797e+12  8.38802434e+09
 3.49310000e+03  7.59944273e+16  9.74555637e+15  4.09173215e+10  7.89738230e+09  2.87888797e+12  8.38802434e+09
 3.49405000e+03  7.27090648e+16  1.22961321e+16  3.91483993e+10  9.96425986e+09  2.87888797e+12  8.38802434e+09
 3.49500000e+03  6.95657339e+16  1.45452002e+16  3.74559504e+10  1.17868085e+10  2.87888797e+12  8.38802434e+09
 3.49595000e+03  6.65582943e+16  1.65181018e+16  3.58366689e+10  1.33855636e+10  2.87888797e+12  8.38802434e+09
 3.49690000e+03  6.36808711e+16  1.82382905e+16  3.42873915e+10  1.47795310e+10  2.87888797e+12  8.38802434e+09
 3.49785000e+03  6.09278437e+16  1.97274652e+16  3.28050919e+10  1.59862946e+10  2.87888797e+12  8.38802434e+09
 3.49880000e+03  5.82938341e+16  2.10056933e+16  3.13868745e+10  1.70221160e+10  2.87888797e+12  8.38802434e+09
 3.49975000e+03  5.57736970e+16  2.20915260e+16  3.00299689e+10  1.79020284e+10  2.87888797e+12  8.38802434e+09
 3.49975000e+03  5.57736970e+16  0.00000000e+00  3.00299689e+10  0.00000000e+00  2.87888797e+12  8.38802434e+09
 3.49977500e+03  5.57088700e+16  6.47703151e+13  2.99950644e+10  5.24870947e+07  2.87888797e+12  8.38802434e+09
 3.49980000e+03  5.56441183e+16  1.29352073e+14  2.99602005e+10  1.04821391e+08  2.87888797e+12  8.38802434e+09
 3.49982500e+03  5.55794419e+16  1.93745692e+14  2.99253771e+10  1.57003227e+08  2.87888797e+12  8.38802434e+09
 3.49985000e+03  5.55148406e+16  2.57951587e+14  2.98905941e+10  2.09032940e+08  2.87888797e+12  8.38802434e+09
 3.49987500e+03  5.54503145e+16  3.21970175e+14  2.98558516e+10  2.60910866e+08  2.87888797e+12  8.38802434e+09
 3.49990000e+03  5.53858633e+16  3.85801869e+14  2.98211495e+10  3.12637343e+08  2.87888797e+12  8.38802434e+09
 3.49992500e+03  5.53214871e+16  4.49447085e+14  2.97864877e+10  3.64212705e+08  2.87888797e+12  8.38802434e+09
 3.49995000e+03  5.52571857e+16  5.12906235e+14  2.97518662e+10  4.15637288e+08  2.87888797e+12  8.38802434e+09
 3.49997500e+03  5.51929590e+16  5.76179731e+14  2.97172849e+10  4.66911424e+08  2.87888797e+12  8.38802434e+09
 3.50000000e+03  5.51288070e+16  6.39267985e+14  2.96827438e+10  5.18035449e+08  2.87888797e+12  8.38802434e+09
 3.50000000e+03  5.51288070e+16  6.39267985e+14  2.96827438e+10  5.18035449e+08  2.87888797e+12  8.38802434e+09
 3.50150000e+03  5.94868203e+16  4.37584782e+15  3.20292085e+10  3.54600002e+09  2.87888797e+12  8.38802434e+09
 3.50300000e+03  6.35510995e+16  8.01857305e+15  3.42175191e+10  6.49790884e+09  2.87888797e+12  8.38802434e+09
 3.50450000e+03  6.73414423e+16  1.15580182e+16  3.62583356e+10  9.36612391e+09  2.87888797e+12  8.38802434e+09
 3.50600000e+03  7.08763124e+16  1.49869635e+16  3.81615990e+10  1.21447946e+10  2.87888797e+12  8.38802434e+09
 3.50750000e+03  7.41729289e+16  1.83000895e+16  3.99365807e+10  1.48296103e+10  2.87888797e+12  8.38802434e+09
 3.50900000e+03  7.72473503e+16  2.14937081e+16  4.15919269e+10  1.74175823e+10  2.87888797e+12  8.38802434e+09
 3.51050000e+03  8.01145527e+16  2.45655258e+16  4.31357012e+10  1.99068520e+10  2.87888797e+12  8.38802434e+09
 3.51200000e+03  8.27885030e+16  2.75144354e+16  4.45754237e+10  2.22965223e+10  2.87888797e+12  8.38802434e+09
 3.51350000e+03  8.52822265e+16  3.03403330e+16  4.59181075e+10  2.45865089e+10  2.87888797e+12  8.38802434e+09
 3.51500000e+03  8.76078706e+16  3.30439581e+16  4.71702931e+10  2.67774111e+10  2.87888797e+12  8.38802434e+09
 3.51500000e+03  8.76078706e+16  3.30439581e+16  4.71702931e+10  2.67774111e+10  2.87888797e+12  8.37963632e+09
 3.51502500e+03  8.75060420e+16  3.30879090e+16  4.71154660e+10  2.68130271e+10  2.87888797e+12  8.37963632e+09
 3.51505000e+03  8.74043318e+16  3.31316648e+16  4.70607026e+10  2.68484849e+10  2.87888797e+12  8.37963632e+09
 3.51507500e+03  8.73027397e+16  3.31752259e+16  4.70060029e+10  2.68837850e+10  2.87888797e+12  8.37963632e+09
 3.51510000e+03  8.72012658e+16  3.32185929e+16  4.69513668e+10  2.69189277e+10  2.87888797e+12  8.37963632e+09
 3.51512500e+03  8.70999098e+16  3.32617662e+16  4.68967941e+10  2.69539135e+10  2.87888797e+12  8.37963632e+09
 3.51515000e+03  8.69986716e+16  3.33047463e+16  4.68422849e+10  2.69887428e+10  2.87888797e+12  8.37963632e+09
 3.51517500e+03  8.68975511e+16  3.33475337e+16  4.67878391e+10  2.70234158e+10  2.87888797e+12  8.37963632e+09
 3.51520000e+03  8.67965481e+16  3.33901288e+16  4.67334565e+10  2.70579331e+10  2.87888797e+12  8.37963632e+09
 3.51522500e+03  8.66956625e+16  3.34325321e+16  4.66791372e+10  2.70922949e+10  2.87888797e+12  8.37963632e+09
 3.51525000e+03  8.65948942e+16  3.34747441e+16  4.66248810e+10  2.71265017e+10  2.87888797e+12  8.37963632e+09
 3.51525000e+03  8.65948942e+16  0.00000000e+00  4.66248810e+10  0.00000000e+00  2.89675421e+12  8.37125668e+09
 3.51620000e+03  8.28512563e+16  3.62096350e+15  4.46092117e+10  2.93427403e+09  2.89675421e+12  8.37125668e+09
 3.51715000e+03  7.92694620e+16  6.85237678e+15  4.26806830e+10  5.55287323e+09  2.89675421e+12  8.37125668e+09
 3.51810000e+03  7.58425144e+16  9.72607500e+15  4.08355278e+10  7.88159543e+09  2.89675421e+12  8.37125668e+09
 3.51905000e+03  7.25637194e+16  1.22715522e+16  3.90701416e+10  9.94434130e+09  2.89675421e+12  8.37125668e+09
 3.52000000e+03  6.94266720e+16  1.45161244e+16  3.73810760e+10  1.17632467e+10  2.89675421e+12  8.37125668e+09
 3.52095000e+03  6.64252442e+16  1.64850821e+16  3.57650314e+10  1.33588059e+10  2.89675421e+12  8.37125668e+09
 3.52190000e+03  6.35535731e+16  1.82018322e+16  3.42188510e+10  1.47499867e+10  2.89675421e+12  8.37125668e+09
 3.52285000e+03  6.08060489e+16  1.96880300e+16  3.27395145e+10  1.59543380e+10  2.89675421e+12  8.37125668e+09
 3.52380000e+03  5.81773047e+16  2.09637030e+16  3.13241321e+10  1.69880888e+10  2.89675421e+12  8.37125668e+09
 3.52475000e+03  5.56622054e+16  2.20473651e+16  2.99699390e+10  1.78662422e+10  2.89675421e+12  8.37125668e+09
 3.52475000e+03  5.56622054e+16  0.00000000e+00  2.99699390e+10  0.00000000e+00  2.89675421e+12  8.37125668e+09
 3.52477500e+03  5.55975079e+16  6.46408393e+13  2.99351043e+10  5.23821730e+07  2.89675421e+12  8.37125668e+09
 3.52480000e+03  5.55328857e+16  1.29093499e+14  2.99003101e+10  1.04611853e+08  2.89675421e+12  8.37125668e+09
 3.52482500e+03  5.54683386e+16  1.93358394e+14  2.98655562e+10  1.56689377e+08  2.89675421e+12  8.37125668e+09
 3.52485000e+03  5.54038665e+16  2.57435942e+14  2.98308428e+10  2.08615083e+08  2.89675421e+12  8.37125668e+09
 3.52487500e+03  5.53394693e+16  3.21326556e+14  2.97961698e+10  2.60389306e+08  2.89675421e+12  8.37125668e+09
 3.52490000e+03  5.52751470e+16  3.85030651e+14  2.97615370e+10  3.12012381e+08  2.89675421e+12  8.37125668e+09
 3.52492500e+03  5.52108994e+16  4.48548640e+14  2.97269445e+10  3.63484644e+08  2.89675421e+12  8.37125668e+09
 3.52495000e+03  5.51467265e+16  5.11880935e+14  2.96923922e+10  4.14806429e+08  2.89675421e+12  8.37125668e+09
 3.52497500e+03  5.50826283e+16  5.75027948e+14  2.96578801e+10  4.65978069e+08  2.89675421e+12  8.37125668e+09
 3.52500000e+03  5.50186045e+16  6.37990088e+14  2.96234080e+10  5.16999896e+08  2.89675421e+12  8.37125668e+09
 3.52500000e+03  5.50186045e+16  6.37990088e+14  2.96234080e+10  5.16999896e+08  2.89675421e+12  8.37125668e+09
 3.52650000e+03  5.93679062e+16  4.36710050e+15  3.19651821e+10  3.53891157e+09  2.89675421e+12  8.37125668e+09
 3.52800000e+03  6.34240608e+16  8.00254392e+15  3.41491183e+10  6.48491952e+09  2.89675421e+12  8.37125668e+09
 3.52950000e+03  6.72068267e+16  1.15349137e+16  3.61858551e+10  9.34740103e+09  2.89675421e+12  8.37125668e+09
 3.53100000e+03  7.07346307e+16  1.49570046e+16  3.80853140e+10  1.21205172e+10  2.89675421e+12  8.37125668e+09
 3.53250000e+03  7.40246572e+16  1.82635076e+16  3.98567475e+10  1.47999659e+10  2.89675421e+12  8.37125668e+09
 3.53400000e+03  7.70929328e+16  2.14507422e+16  4.15087847e+10  1.73827645e+10  2.89675421e+12  8.37125668e+09
 3.53550000e+03  7.99544038e+16  2.45164193e+16  4.30494730e+10  1.98670582e+10  2.89675421e+12  8.37125668e+09
 3.53700000e+03  8.26230088e+16  2.74594340e+16  4.44863174e+10  2.22519515e+10  2.89675421e+12  8.37125668e+09
 3.53850000e+03  8.51117473e+16  3.02796827e+16  4.58263172e+10  2.45373605e+10  2.89675421e+12  8.37125668e+09
 3.54000000e+03  8.74327425e+16  3.29779032e+16  4.70759997e+10  2.67238831e+10  2.89675421e+12  8.37125668e+09
 3.54000000e+03  8.74327425e+16  3.29779032e+16  4.70759997e+10  2.67238831e+10  2.89675421e+12  8.36288542e+09
 3.54002500e+03  8.73311174e+16  3.30217663e+16  4.70212822e+10  2.67594278e+10  2.89675421e+12  8.36288542e+09
 3.54005000e+03  8.72296105e+16  3.30654346e+16  4.69666283e+10  2.67948148e+10  2.89675421e+12  8.36288542e+09
 3.54007500e+03  8.71282216e+16  3.31089087e+16  4.69120379e+10  2.68300443e+10  2.89675421e+12  8.36288542e+09
 3.54010000e+03  8.70269505e+16  3.31521890e+16  4.68575110e+10  2.68651168e+10  2.89675421e+12  8.36288542e+09
 3.54012500e+03  8.69257971e+16  3.31952760e+16  4.68030474e+10  2.69000327e+10  2.89675421e+12  8.36288542e+09
 3.54015000e+03  8.68247613e+16  3.32381702e+16  4.67486472e+10  2.69347923e+10  2.89675421e+12  8.36288542e+09
 3.54017500e+03  8.67238429e+16  3.32808720e+16  4.66943102e+10  2.69693960e+10  2.89675421e+12  8.36288542e+09
 3.54020000e+03  8.66230418e+16  3.33233819e+16  4.66400363e+10  2.70038443e+10  2.89675421e+12  8.36288542e+09
 3.54022500e+03  8.65223579e+16  3.33657005e+16  4.65858256e+10  2.70381374e+10  2.89675421e+12  8.36288542e+09
 3.54025000e+03  8.64217910e+16  3.34078281e+16  4.65316778e+10  2.70722758e+10  2.89675421e+12  8.36288542e+09
 3.54025000e+03  8.64217910e+16  0.00000000e+00  4.65316778e+10  0.00000000e+00  2.91458474e+12  8.35452254e+09
 3.54120000e+03  8.26856366e+16  3.61372519e+15  4.45200378e+10  2.92840842e+09  2.91458474e+12  8.35452254e+09
 3.54215000e+03  7.91110023e+16  6.83867888e+15  4.25953643e+10  5.54177303e+09  2.91458474e+12  8.35452254e+09
 3.54310000e+03  7.56909052e+16  9.70663258e+15  4.07538976e+10  7.86584012e+09  2.91458474e+12  8.35452254e+09
 3.54405000e+03  7.24186645e+16  1.22470213e+16  3.89920404e+10  9.92446257e+09  2.91458474e+12  8.35452254e+09
 3.54500000e+03  6.92878881e+16  1.44871066e+16  3.73063512e+10  1.17397319e+10  2.91458474e+12  8.35452254e+09
 3.54595000e+03  6.62924602e+16  1.64521284e+16  3.56935371e+10  1.33321016e+10  2.91458474e+12  8.35452254e+09
 3.54690000e+03  6.34265295e+16  1.81654467e+16  3.41504475e+10  1.47205015e+10  2.91458474e+12  8.35452254e+09
 3.54785000e+03  6.06844976e+16  1.96486737e+16  3.26740682e+10  1.59224452e+10  2.91458474e+12  8.35452254e+09
 3.54880000e+03  5.80610083e+16  2.09217965e+16  3.12615152e+10  1.69541296e+10  2.91458474e+12  8.35452254e+09
 3.54975000e+03  5.55509366e+16  2.20032924e+16  2.99100291e+10  1.78305276e+10  2.91458474e+12  8.35452254e+09
 3.54975000e+03  5.55509366e+16  0.00000000e+00  2.99100291e+10  0.00000000e+00  2.91458474e+12  8.35452254e+09
 3.54977500e+03  5.54863685e+16  6.45116222e+13  2.98752640e+10  5.22774610e+07  2.91458474e+12  8.35452254e+09
 3.54980000e+03  5.54218755e+16  1.28835441e+14  2.98405393e+10  1.04402734e+08  2.91458474e+12  8.35452254e+09
 3.54982500e+03  5.53574574e+16  1.92971871e+14  2.98058550e+10  1.56376155e+08  2.91458474e+12  8.35452254e+09
 3.54985000e+03  5.52931141e+16  2.56921327e+14  2.97712110e+10  2.08198061e+08  2.91458474e+12  8.35452254e+09
 3.54987500e+03  5.52288457e+16  3.20684224e+14  2.97366072e+10  2.59868787e+08  2.91458474e+12  8.35452254e+09
 3.54990000e+03  5.51646520e+16  3.84260975e+14  2.97020437e+10  3.11388668e+08  2.91458474e+12  8.35452254e+09
 3.54992500e+03  5.51005328e+16  4.47651991e+14  2.96675203e+10  3.62758038e+08  2.91458474e+12  8.35452254e+09
 3.54995000e+03  5.50364882e+16  5.10857685e+14  2.96330371e+10  4.13977231e+08  2.91458474e+12  8.35452254e+09
 3.54997500e+03  5.49725181e+16  5.73878467e+14  2.95985940e+10  4.65046578e+08  2.91458474e+12  8.35452254e+09
 3.55000000e+03  5.49086223e+16  6.36714746e+14  2.95641908e+10  5.15966413e+08  2.91458474e+12  8.35452254e+09
 3.55000000e+03  5.49086223e+16  6.36714746e+14  2.95641908e+10  5.15966413e+08  2.91458474e+12  8.35452254e+09
 3.55150000e+03  5.92492297e+16  4.35837066e+15  3.19012837e+10  3.53183728e+09  2.91458474e+12  8.35452254e+09
 3.55300000e+03  6.32972761e+16  7.98654684e+15  3.40808542e+10  6.47195616e+09  2.91458474e+12  8.35452254e+09
 3.55450000e+03  6.70724803e+16  1.15118555e+16  3.61135196e+10  9.32871557e+09  2.91458474e+12  8.35452254e+09
 3.55600000e+03  7.05932321e+16  1.49271055e+16  3.80091814e+10  1.20962882e+10  2.91458474e+12  8.35452254e+09
 3.55750000e+03  7.38766819e+16  1.82269989e+16  3.97770738e+10  1.47703807e+10  2.91458474e+12  8.35452254e+09
 3.55900000e+03  7.69388241e+16  2.14078622e+16  4.14258086e+10  1.73480164e+10  2.91458474e+12  8.35452254e+09
 3.56050000e+03  7.97945749e+16  2.44674110e+16  4.29634171e+10  1.98273440e+10  2.91458474e+12  8.35452254e+09
 3.56200000e+03  8.24578454e+16  2.74045426e+16  4.43973893e+10  2.22074699e+10  2.91458474e+12  8.35452254e+09
 3.56350000e+03  8.49416089e+16  3.02191536e+16  4.57347104e+10  2.44883103e+10  2.91458474e+12  8.35452254e+09
 3.56500000e+03  8.72579644e+16  3.29119804e+16  4.69818948e+10  2.66704621e+10  2.91458474e+12  8.35452254e+09
 3.56500000e+03  8.72579644e+16  3.29119804e+16  4.69818948e+10  2.66704621e+10  2.91458474e+12  8.34616802e+09
 3.56502500e+03  8.71565425e+16  3.29557558e+16  4.69272866e+10  2.67059357e+10  2.91458474e+12  8.34616802e+09
 3.56505000e+03  8.70552385e+16  3.29993368e+16  4.68727420e+10  2.67412519e+10  2.91458474e+12  8.34616802e+09
 3.56507500e+03  8.69540523e+16  3.30427240e+16  4.68182607e+10  2.67764110e+10  2.91458474e+12  8.34616802e+09
 3.56510000e+03  8.68529836e+16  3.30859177e+16  4.67638428e+10  2.68114134e+10  2.91458474e+12  8.34616802e+09
 3.56512500e+03  8.67520324e+16  3.31289186e+16  4.67094882e+10  2.68462595e+10  2.91458474e+12  8.34616802e+09
 3.56515000e+03  8.66511986e+16  3.31717271e+16  4.66551967e+10  2.68809496e+10  2.91458474e+12  8.34616802e+09
 3.56517500e+03  8.65504819e+16  3.32143435e+16  4.66009683e+10  2.69154842e+10  2.91458474e+12  8.34616802e+09
 3.56520000e+03  8.64498823e+16  3.32567685e+16  4.65468029e+10  2.69498636e+10  2.91458474e+12  8.34616802e+09
 3.56522500e+03  8.63493997e+16  3.32990025e+16  4.64927005e+10  2.69840882e+10  2.91458474e+12  8.34616802e+09
 3.56525000e+03  8.62490338e+16  3.33410459e+16  4.64386610e+10  2.70181584e+10  2.91458474e+12  8.34616802e+09
 3.56525000e+03  8.62490338e+16  0.00000000e+00  4.64386610e+10  0.00000000e+00  2.93237962e+12  8.33782185e+09
 3.56620000e+03  8.25203481e+16  3.60650135e+15  4.44310423e+10  2.92255453e+09  2.93237962e+12  8.33782185e+09
 3.56715000e+03  7.89528594e+16  6.82500836e+15  4.25102162e+10  5.53069503e+09  2.93237962e+12  8.33782185e+09
 3.56810000e+03  7.55395991e+16  9.68722902e+15  4.06724305e+10  7.85011630e+09  2.93237962e+12  8.33782185e+09
 3.56905000e+03  7.22738996e+16  1.22225395e+16  3.89140953e+10  9.90462356e+09  2.93237962e+12  8.33782185e+09
 3.57000000e+03  6.91493816e+16  1.44581469e+16  3.72317758e+10  1.17162642e+10  2.93237962e+12  8.33782185e+09
 3.57095000e+03  6.61599415e+16  1.64192406e+16  3.56221857e+10  1.33054507e+10  2.93237962e+12  8.33782185e+09
 3.57190000e+03  6.32997399e+16  1.81291340e+16  3.40821808e+10  1.46910752e+10  2.93237962e+12  8.33782185e+09
 3.57285000e+03  6.05631893e+16  1.96093960e+16  3.26087527e+10  1.58906163e+10  2.93237962e+12  8.33782185e+09
 3.57380000e+03  5.79449443e+16  2.08799738e+16  3.11990234e+10  1.69202383e+10  2.93237962e+12  8.33782185e+09
 3.57475000e+03  5.54398903e+16  2.19593078e+16  2.98502390e+10  1.77948844e+10  2.93237962e+12  8.33782185e+09
 3.57475000e+03  5.54398903e+16  0.00000000e+00  2.98502390e+10  0.00000000e+00  2.93237962e+12  8.33782185e+09
 3.57477500e+03  5.53754513e+16  6.43826635e+13  2.98155434e+10  5.21729584e+07  2.93237962e+12  8.33782185e+09
 3.57480000e+03  5.53110871e+16  1.28577899e+14  2.97808881e+10  1.04194033e+08  2.93237962e+12  8.33782185e+09
 3.57482500e+03  5.52467978e+16  1.92586120e+14  2.97462731e+10  1.56063559e+08  2.93237962e+12  8.33782185e+09
 3.57485000e+03  5.51825832e+16  2.56407742e+14  2.97116983e+10  2.07781873e+08  2.93237962e+12  8.33782185e+09
 3.57487500e+03  5.51184432e+16  3.20043177e+14  2.96771637e+10  2.59349310e+08  2.93237962e+12  8.33782185e+09
 3.57490000e+03  5.50543778e+16  3.83492837e+14  2.96426693e+10  3.10766202e+08  2.93237962e+12  8.33782185e+09
 3.57492500e+03  5.49903869e+16  4.46757135e+14  2.96082150e+10  3.62032885e+08  2.93237962e+12  8.33782185e+09
 3.57495000e+03  5.49264703e+16  5.09836481e+14  2.95738007e+10  4.13149690e+08  2.93237962e+12  8.33782185e+09
 3.57497500e+03  5.48626280e+16  5.72731284e+14  2.95394264e+10  4.64116950e+08  2.93237962e+12  8.33782185e+09
 3.57500000e+03  5.47988600e+16  6.35441954e+14  2.95050920e+10  5.14934996e+08  2.93237962e+12  8.33782185e+09
 3.57500000e+03  5.47988600e+16  6.35441954e+14  2.95050920e+10  5.14934996e+08  2.93237962e+12  8.33782185e+09
 3.57650000e+03  5.91307905e+16  4.34965828e+15  3.18375130e+10  3.52477714e+09  2.93237962e+12  8.33782185e+09
 3.57800000e+03  6.31707449e+16  7.97058173e+15  3.40127266e+10  6.45901872e+09  2.93237962e+12  8.33782185e+09
 3.57950000e+03  6.69384024e+16  1.14888433e+16  3.60413287e+10  9.31006747e+09  2.93237962e+12  8.33782185e+09
 3.58100000e+03  7.04521163e+16  1.48972662e+16  3.79332011e+10  1.20721078e+10  2.93237962e+12  8.33782185e+09
 3.58250000e+03  7.37290024e+16  1.81905631e+16  3.96975595e+10  1.47408548e+10  2.93237962e+12  8.33782185e+09
 3.58400000e+03  7.67850233e+16  2.13650678e+16  4.13429984e+10  1.73133377e+10  2.93237962e+12  8.33782185e+09
 3.58550000e+03  7.96350655e+16  2.44185007e+16  4.28775332e+10  1.97877091e+10  2.93237962e+12  8.33782185e+09
 3.58700000e+03  8.22930122e+16  2.73497609e+16  4.43086389e+10  2.21630772e+10  2.93237962e+12  8.33782185e+09
 3.58850000e+03  8.47718107e+16  3.01587455e+16  4.56432867e+10  2.44393582e+10  2.93237962e+12  8.33782185e+09
 3.59000000e+03  8.70835358e+16  3.28461894e+16  4.68879780e+10  2.66171478e+10  2.93237962e+12  8.33782185e+09
 3.59000000e+03  8.70835358e+16  3.28461894e+16  4.68879780e+10  2.66171478e+10  2.93237962e+12  8.32948403e+09
 3.59002500e+03  8.69823166e+16  3.28898772e+16  4.68334790e+10  2.66525506e+10  2.93237962e+12  8.32948403e+09
 3.59005000e+03  8.68812151e+16  3.29333711e+16  4.67790434e+10  2.66877962e+10  2.93237962e+12  8.32948403e+09
 3.59007500e+03  8.67802311e+16  3.29766716e+16  4.67246710e+10  2.67228850e+10  2.93237962e+12  8.32948403e+09
 3.59010000e+03  8.66793645e+16  3.30197790e+16  4.66703619e+10  2.67578174e+10  2.93237962e+12  8.32948403e+09
 3.59012500e+03  8.65786151e+16  3.30626939e+16  4.66161159e+10  2.67925938e+10  2.93237962e+12  8.32948403e+09
 3.59015000e+03  8.64779828e+16  3.31054168e+16  4.65619329e+10  2.68272146e+10  2.93237962e+12  8.32948403e+09
 3.59017500e+03  8.63774675e+16  3.31479480e+16  4.65078129e+10  2.68616801e+10  2.93237962e+12  8.32948403e+09
 3.59020000e+03  8.62770690e+16  3.31902882e+16  4.64537559e+10  2.68959908e+10  2.93237962e+12  8.32948403e+09
 3.59022500e+03  8.61767872e+16  3.32324378e+16  4.63997616e+10  2.69301470e+10  2.93237962e+12  8.32948403e+09
 3.59025000e+03  8.60766220e+16  3.32743971e+16  4.63458301e+10  2.69641491e+10  2.93237962e+12  8.32948403e+09
 3.59025000e+03  8.60766220e+16  0.00000000e+00  4.63458301e+10  0.00000000e+00  2.95013894e+12  8.32115454e+09
 3.59120000e+03  8.23553899e+16  3.59929196e+15  4.43422246e+10  2.91671235e+09  2.95013894e+12  8.32115454e+09
 3.59215000e+03  7.87950327e+16  6.81136517e+15  4.24252383e+10  5.51963917e+09  2.95013894e+12  8.32115454e+09
 3.59310000e+03  7.53885955e+16  9.66786425e+15  4.05911263e+10  7.83442392e+09  2.95013894e+12  8.32115454e+09
 3.59405000e+03  7.21294241e+16  1.21981067e+16  3.88363060e+10  9.88482422e+09  2.95013894e+12  8.32115454e+09
 3.59500000e+03  6.90111520e+16  1.44292451e+16  3.71573495e+10  1.16928434e+10  2.95013894e+12  8.32115454e+09
 3.59595000e+03  6.60276878e+16  1.63864186e+16  3.55509769e+10  1.32788531e+10  2.95013894e+12  8.32115454e+09
 3.59690000e+03  6.31732037e+16  1.80928939e+16  3.40140505e+10  1.46617078e+10  2.95013894e+12  8.32115454e+09
 3.59785000e+03  6.04421235e+16  1.95701968e+16  3.25435678e+10  1.58588509e+10  2.95013894e+12  8.32115454e+09
 3.59880000e+03  5.78291124e+16  2.08382348e+16  3.11366566e+10  1.68864147e+10  2.95013894e+12  8.32115454e+09
 3.59975000e+03  5.53290660e+16  2.19154111e+16  2.97905684e+10  1.77593124e+10  2.95013894e+12  8.32115454e+09
 3.59975000e+03  5.53290660e+16  0.00000000e+00  2.97905684e+10  0.00000000e+00  2.95013894e+12  8.32115454e+09
 3.59977500e+03  5.52647557e+16  6.42539626e+13  2.97559421e+10  5.20686646e+07  2.95013894e+12  8.32115454e+09
 3.59980000e+03  5.52005203e+16  1.28320871e+14  2.97213561e+10  1.03985749e+08  2.95013894e+12  8.32115454e+09
 3.59982500e+03  5.51363595e+16  1.92201140e+14  2.96868103e+10  1.55751588e+08  2.95013894e+12  8.32115454e+09
 3.59985000e+03  5.50722732e+16  2.55895183e+14  2.96523046e+10  2.07366517e+08  2.95013894e+12  8.32115454e+09
 3.59987500e+03  5.50082615e+16  3.19403410e+14  2.96178391e+10  2.58830870e+08  2.95013894e+12  8.32115454e+09
 3.59990000e+03  5.49443241e+16  3.82726235e+14  2.95834136e+10  3.10144981e+08  2.95013894e+12  8.32115454e+09
 3.59992500e+03  5.48804611e+16  4.45864068e+14  2.95490281e+10  3.61309181e+08  2.95013894e+12  8.32115454e+09
 3.59995000e+03  5.48166723e+16  5.08817317e+14  2.95146826e+10  4.12323804e+08  2.95013894e+12  8.32115454e+09
 3.59997500e+03  5.47529576e+16  5.71586394e+14  2.94803771e+10  4.63189180e+08  2.95013894e+12  8.32115454e+09
 3.60000000e+03  5.46893170e+16  6.34171705e+14  2.94461113e+10  5.13905641e+08  2.95013894e+12  8.32115454e+09
 3.60000000e+03  5.46893170e+16  6.34171705e+14  2.94461113e+10  5.13905641e+08  2.95013894e+12  8.32115454e+09
 3.60150000e+03  5.90125881e+16  4.34096331e+15  3.17738698e+10  3.51773111e+09  2.95013894e+12  8.32115454e+09
 3.60300000e+03  6.30444665e+16  7.95464854e+15  3.39447351e+10  6.44610714e+09  2.95013894e+12  8.32115454e+09
 3.60450000e+03  6.68045925e+16  1.14658771e+16  3.59692821e+10  9.29145664e+09  2.95013894e+12  8.32115454e+09
 3.60600000e+03  7.03112825e+16  1.48674866e+16  3.78573726e+10  1.20479756e+10  2.95013894e+12  8.32115454e+09
 3.60750000e+03  7.35816182e+16  1.81542002e+16  3.96182040e+10  1.47113878e+10  2.95013894e+12  8.32115454e+09
 3.60900000e+03  7.66315301e+16  2.13223591e+16  4.12603538e+10  1.72787283e+10  2.95013894e+12  8.32115454e+09
 3.61050000e+03  7.94758750e+16  2.43696881e+16  4.27918210e+10  1.97481535e+10  2.95013894e+12  8.32115454e+09
 3.61200000e+03  8.21285084e+16  2.72950888e+16  4.42200659e+10  2.21187732e+10  2.95013894e+12  8.32115454e+09
 3.61350000e+03  8.46023518e+16  3.00984582e+16  4.55520458e+10  2.43905039e+10  2.95013894e+12  8.32115454e+09
 3.61500000e+03  8.69094558e+16  3.27805298e+16  4.67942489e+10  2.65639401e+10  2.95013894e+12  8.32115454e+09
 3.61500000e+03  8.69094558e+16  3.27805298e+16  4.67942489e+10  2.65639401e+10  2.95013894e+12  8.31283339e+09
 3.61502500e+03  8.68084390e+16  3.28241303e+16  4.67398589e+10  2.65992721e+10  2.95013894e+12  8.31283339e+09
 3.61505000e+03  8.67075396e+16  3.28675373e+16  4.66855321e+10  2.66344473e+10  2.95013894e+12  8.31283339e+09
 3.61507500e+03  8.66067574e+16  3.29107512e+16  4.66312684e+10  2.66694660e+10  2.95013894e+12  8.31283339e+09
 3.61510000e+03  8.65060924e+16  3.29537725e+16  4.65770679e+10  2.67043285e+10  2.95013894e+12  8.31283339e+09
 3.61512500e+03  8.64055444e+16  3.29966016e+16  4.65229303e+10  2.67390354e+10  2.95013894e+12  8.31283339e+09
 3.61515000e+03  8.63051133e+16  3.30392390e+16  4.64688556e+10  2.67735870e+10  2.95013894e+12  8.31283339e+09
 3.61517500e+03  8.62047989e+16  3.30816853e+16  4.64148438e+10  2.68079836e+10  2.95013894e+12  8.31283339e+09
 3.61520000e+03  8.61046012e+16  3.31239408e+16  4.63608948e+10  2.68422257e+10  2.95013894e+12  8.31283339e+09
 3.61522500e+03  8.60045198e+16  3.31660061e+16  4.63070085e+10  2.68763136e+10  2.95013894e+12  8.31283339e+09
 3.61525000e+03  8.59045548e+16  3.32078816e+16  4.62531848e+10  2.69102477e+10  2.95013894e+12  8.31283339e+09
 3.61525000e+03  8.59045548e+16  0.00000000e+00  4.62531848e+10  0.00000000e+00  2.96786275e+12  8.30452055e+09
 3.61620000e+03  8.21907615e+16  3.59209697e+15  4.42535845e+10  2.91088184e+09  2.96786275e+12  8.30452055e+09
 3.61715000e+03  7.86375214e+16  6.79774925e+15  4.23404302e+10  5.50860541e+09  2.96786275e+12  8.30452055e+09
 3.61810000e+03  7.52378937e+16  9.64853819e+15  4.05099847e+10  7.81876291e+09  2.96786275e+12  8.30452055e+09
 3.61905000e+03  7.19852374e+16  1.21737227e+16  3.87586723e+10  9.86506446e+09  2.96786275e+12  8.30452055e+09
 3.62000000e+03  6.88731987e+16  1.44004010e+16  3.70830719e+10  1.16694694e+10  2.96786275e+12  8.30452055e+09
 3.62095000e+03  6.58956985e+16  1.63536621e+16  3.54799105e+10  1.32523087e+10  2.96786275e+12  8.30452055e+09
 3.62190000e+03  6.30469204e+16  1.80567262e+16  3.39460564e+10  1.46323990e+10  2.96786275e+12  8.30452055e+09
 3.62285000e+03  6.03212997e+16  1.95310760e+16  3.24785133e+10  1.58271491e+10  2.96786275e+12  8.30452055e+09
 3.62380000e+03  5.77135120e+16  2.07965791e+16  3.10744144e+10  1.68526588e+10  2.96786275e+12  8.30452055e+09
 3.62475000e+03  5.52184632e+16  2.18716022e+16  2.97310170e+10  1.77238115e+10  2.96786275e+12  8.30452055e+09
 3.62475000e+03  5.52184632e+16  0.00000000e+00  2.97310170e+10  0.00000000e+00  2.96786275e+12  8.30452055e+09
 3.62477500e+03  5.51542815e+16  6.41255189e+13  2.96964600e+10  5.19645794e+07  2.96786275e+12  8.30452055e+09
 3.62480000e+03  5.50901744e+16  1.28064358e+14  2.96619431e+10  1.03777881e+08  2.96786275e+12  8.30452055e+09
 3.62482500e+03  5.50261419e+16  1.91816930e+14  2.96274664e+10  1.55440241e+08  2.96786275e+12  8.30452055e+09
 3.62485000e+03  5.49621837e+16  2.55383648e+14  2.95930297e+10  2.06951992e+08  2.96786275e+12  8.30452055e+09
 3.62487500e+03  5.48983000e+16  3.18764923e+14  2.95586330e+10  2.58313468e+08  2.96786275e+12  8.30452055e+09
 3.62490000e+03  5.48344904e+16  3.81961165e+14  2.95242764e+10  3.09525001e+08  2.96786275e+12  8.30452055e+09
 3.62492500e+03  5.47707550e+16  4.44972785e+14  2.94899596e+10  3.60586924e+08  2.96786275e+12  8.30452055e+09
 3.62495000e+03  5.47070938e+16  5.07800192e+14  2.94556828e+10  4.11499569e+08  2.96786275e+12  8.30452055e+09
 3.62497500e+03  5.46435065e+16  5.70443793e+14  2.94214458e+10  4.62263265e+08  2.96786275e+12  8.30452055e+09
 3.62500000e+03  5.45799931e+16  6.32903996e+14  2.93872486e+10  5.12878344e+08  2.96786275e+12  8.30452055e+09
 3.62500000e+03  5.45799931e+16  6.32903996e+14  2.93872486e+10  5.12878344e+08  2.96786275e+12  8.30452055e+09
 3.62650000e+03  5.88946219e+16  4.33228573e+15  3.17103539e+10  3.51069917e+09  2.96786275e+12  8.30452055e+09
 3.62800000e+03  6.29184407e+16  7.93874719e+15  3.38768796e+10  6.43322137e+09  2.96786275e+12  8.30452055e+09
 3.62950000e+03  6.66710502e+16  1.14429568e+16  3.58973795e+10  9.27288302e+09  2.96786275e+12  8.30452055e+09
 3.63100000e+03  7.01707302e+16  1.48377665e+16  3.77816957e+10  1.20238917e+10  2.96786275e+12  8.30452055e+09
 3.63250000e+03  7.34345285e+16  1.81179099e+16  3.95390073e+10  1.46819797e+10  2.96786275e+12  8.30452055e+09
 3.63400000e+03  7.64783437e+16  2.12797357e+16  4.11778743e+10  1.72441882e+10  2.96786275e+12  8.30452055e+09
 3.63550000e+03  7.93170028e+16  2.43209731e+16  4.27062802e+10  1.97086769e+10  2.96786275e+12  8.30452055e+09
 3.63700000e+03  8.19643336e+16  2.72405259e+16  4.41316700e+10  2.20745577e+10  2.96786275e+12  8.30452055e+09
 3.63850000e+03  8.44332317e+16  3.00382913e+16  4.54609872e+10  2.43417473e+10  2.96786275e+12  8.30452055e+09
 3.64000000e+03  8.67357238e+16  3.27150015e+16  4.67007072e+10  2.65108388e+10  2.96786275e+12  8.30452055e+09
 3.64000000e+03  8.67357238e+16  3.27150015e+16  4.67007072e+10  2.65108388e+10  2.96786275e+12  8.29621603e+09
 3.64002500e+03  8.66349089e+16  3.27585149e+16  4.66464259e+10  2.65461002e+10  2.96786275e+12  8.29621603e+09
 3.64005000e+03  8.65342112e+16  3.28018351e+16  4.65922077e+10  2.65812050e+10  2.96786275e+12  8.29621603e+09
 3.64007500e+03  8.64336305e+16  3.28449626e+16  4.65380525e+10  2.66161537e+10  2.96786275e+12  8.29621603e+09
 3.64010000e+03  8.63331668e+16  3.28878979e+16  4.64839603e+10  2.66509466e+10  2.96786275e+12  8.29621603e+09
 3.64012500e+03  8.62328198e+16  3.29306414e+16  4.64299309e+10  2.66855841e+10  2.96786275e+12  8.29621603e+09
 3.64015000e+03  8.61325894e+16  3.29731936e+16  4.63759644e+10  2.67200666e+10  2.96786275e+12  8.29621603e+09
 3.64017500e+03  8.60324755e+16  3.30155550e+16  4.63220605e+10  2.67543945e+10  2.96786275e+12  8.29621603e+09
 3.64020000e+03  8.59324781e+16  3.30577261e+16  4.62682194e+10  2.67885681e+10  2.96786275e+12  8.29621603e+09
 3.64022500e+03  8.58325968e+16  3.30997073e+16  4.62144408e+10  2.68225879e+10  2.96786275e+12  8.29621603e+09
 3.64025000e+03  8.57328316e+16  3.31414990e+16  4.61607247e+10  2.68564541e+10  2.96786275e+12  8.29621603e+09
 3.64025000e+03  8.57328316e+16  0.00000000e+00  4.61607247e+10  0.00000000e+00  2.98555113e+12  8.28791982e+09
 3.64120000e+03  8.20264621e+16  3.58491637e+15  4.41651216e+10  2.90506298e+09  2.98555113e+12  8.28791982e+09
 3.64215000e+03  7.84803250e+16  6.78416055e+15  4.22557917e+10  5.49759371e+09  2.98555113e+12  8.28791982e+09
 3.64310000e+03  7.50874931e+16  9.62925076e+15  4.04290052e+10  7.80313320e+09  2.98555113e+12  8.28791982e+09
 3.64405000e+03  7.18413389e+16  1.21493874e+16  3.86811937e+10  9.84534419e+09  2.98555113e+12  8.28791982e+09
 3.64500000e+03  6.87355212e+16  1.43716146e+16  3.70089429e+10  1.16461421e+10  2.98555113e+12  8.28791982e+09
 3.64595000e+03  6.57639730e+16  1.63209711e+16  3.54089862e+10  1.32258173e+10  2.98555113e+12  8.28791982e+09
 3.64690000e+03  6.29208896e+16  1.80206308e+16  3.38781982e+10  1.46031489e+10  2.98555113e+12  8.28791982e+09
 3.64785000e+03  6.02007174e+16  1.94920333e+16  3.24135887e+10  1.57955106e+10  2.98555113e+12  8.28791982e+09
 3.64880000e+03  5.75981427e+16  2.07550068e+16  3.10122966e+10  1.68189703e+10  2.98555113e+12  8.28791982e+09
 3.64975000e+03  5.51080815e+16  2.18278809e+16  2.96715847e+10  1.76883816e+10  2.98555113e+12  8.28791982e+09
 3.64975000e+03  5.51080815e+16  0.00000000e+00  2.96715847e+10  0.00000000e+00  2.98555113e+12  8.28791982e+09
 3.64977500e+03  5.50440281e+16  6.39973320e+13  2.96370967e+10  5.18607022e+07  2.98555113e+12  8.28791982e+09
 3.64980000e+03  5.49800492e+16  1.27808357e+14  2.96026489e+10  1.03570429e+08  2.98555113e+12  8.28791982e+09
 3.64982500e+03  5.49161446e+16  1.91433488e+14  2.95682411e+10  1.55129516e+08  2.98555113e+12  8.28791982e+09
 3.64985000e+03  5.48523143e+16  2.54873136e+14  2.95338732e+10  2.06538295e+08  2.98555113e+12  8.28791982e+09
 3.64987500e+03  5.47885582e+16  3.18127712e+14  2.94995453e+10  2.57797099e+08  2.98555113e+12  8.28791982e+09
 3.64990000e+03  5.47248763e+16  3.81197625e+14  2.94652573e+10  3.08906261e+08  2.98555113e+12  8.28791982e+09
 3.64992500e+03  5.46612683e+16  4.44083285e+14  2.94310092e+10  3.59866111e+08  2.98555113e+12  8.28791982e+09
 3.64995000e+03  5.45977343e+16  5.06785099e+14  2.93968009e+10  4.10676981e+08  2.98555113e+12  8.28791982e+09
 3.64997500e+03  5.45342741e+16  5.69303476e+14  2.93626323e+10  4.61339201e+08  2.98555113e+12  8.28791982e+09
 3.65000000e+03  5.44708877e+16  6.31638821e+14  2.93285035e+10  5.11853100e+08  2.98555113e+12  8.28791982e+09
 3.65000000e+03  5.44708877e+16  6.31638821e+14  2.93285035e+10  5.11853100e+08  2.98555113e+12  8.28791982e+09
 3.65150000e+03  5.87768916e+16  4.32362549e+15  3.16469649e+10  3.50368128e+09  2.98555113e+12  8.28791982e+09
 3.65300000e+03  6.27926667e+16  7.92287764e+15  3.38091597e+10  6.42036137e+09  2.98555113e+12  8.28791982e+09
 3.65450000e+03  6.65377747e+16  1.14200823e+16  3.58256206e+10  9.25434653e+09  2.98555113e+12  8.28791982e+09
 3.65600000e+03  7.00304589e+16  1.48081058e+16  3.77061701e+10  1.19998560e+10  2.98555113e+12  8.28791982e+09
 3.65750000e+03  7.32877329e+16  1.80816922e+16  3.94599688e+10  1.46526304e+10  2.98555113e+12  8.28791982e+09
 3.65900000e+03  7.63254634e+16  2.12371975e+16  4.10955597e+10  1.72097170e+10  2.98555113e+12  8.28791982e+09
 3.66050000e+03  7.91584481e+16  2.42723554e+16  4.26209103e+10  1.96692793e+10  2.98555113e+12  8.28791982e+09
 3.66200000e+03  8.18004869e+16  2.71860721e+16  4.40434508e+10  2.20304307e+10  2.98555113e+12  8.28791982e+09
 3.66350000e+03  8.42644497e+16  2.99782448e+16  4.53701107e+10  2.42930881e+10  2.98555113e+12  8.28791982e+09
 3.66500000e+03  8.65623391e+16  3.26496043e+16  4.66073525e+10  2.64578436e+10  2.98555113e+12  8.28791982e+09
 3.66500000e+03  8.65623391e+16  3.26496043e+16  4.66073525e+10  2.64578436e+10  2.98555113e+12  8.27963190e+09
 3.66502500e+03  8.64617257e+16  3.26930306e+16  4.65531797e+10  2.64930345e+10  2.98555113e+12  8.27963190e+09
 3.66505000e+03  8.63612293e+16  3.27362642e+16  4.64990699e+10  2.65280692e+10  2.98555113e+12  8.27963190e+09
 3.66507500e+03  8.62608497e+16  3.27793055e+16  4.64450230e+10  2.65629480e+10  2.98555113e+12  8.27963190e+09
 3.66510000e+03  8.61605867e+16  3.28221550e+16  4.63910389e+10  2.65976714e+10  2.98555113e+12  8.27963190e+09
 3.66512500e+03  8.60604404e+16  3.28648130e+16  4.63371175e+10  2.66322396e+10  2.98555113e+12  8.27963190e+09
 3.66515000e+03  8.59604104e+16  3.29072802e+16  4.62832588e+10  2.66666532e+10  2.98555113e+12  8.27963190e+09
 3.66517500e+03  8.58604966e+16  3.29495569e+16  4.62294627e+10  2.67009125e+10  2.98555113e+12  8.27963190e+09
 3.66520000e+03  8.57606990e+16  3.29916437e+16  4.61757292e+10  2.67350178e+10  2.98555113e+12  8.27963190e+09
 3.66522500e+03  8.56610174e+16  3.30335409e+16  4.61220581e+10  2.67689695e+10  2.98555113e+12  8.27963190e+09
 3.66525000e+03  8.55614517e+16  3.30752492e+16  4.60684494e+10  2.68027681e+10  2.98555113e+12  8.27963190e+09
 3.66525000e+03  8.55614517e+16  0.00000000e+00  4.60684494e+10  0.00000000e+00  3.00320415e+12  8.27135227e+09
 3.66620000e+03  8.18624912e+16  3.57775012e+15  4.40768355e+10  2.89925576e+09  3.00320415e+12  8.27135227e+09
 3.66715000e+03  7.83234428e+16  6.77059901e+15  4.21713224e+10  5.48660402e+09  3.00320415e+12  8.27135227e+09
 3.66810000e+03  7.49373932e+16  9.61000189e+15  4.03481876e+10  7.78753474e+09  3.00320415e+12  8.27135227e+09
 3.66905000e+03  7.16977280e+16  1.21251008e+16  3.86038700e+10  9.82566335e+09  3.00320415e+12  8.27135227e+09
 3.67000000e+03  6.85981188e+16  1.43428857e+16  3.69349620e+10  1.16228615e+10  3.00320415e+12  8.27135227e+09
 3.67095000e+03  6.56325108e+16  1.62883455e+16  3.53382036e+10  1.31993789e+10  3.00320415e+12  8.27135227e+09
 3.67190000e+03  6.27951108e+16  1.79846075e+16  3.38104757e+10  1.45739572e+10  3.00320415e+12  8.27135227e+09
 3.67285000e+03  6.00803762e+16  1.94530688e+16  3.23487939e+10  1.57639354e+10  3.00320415e+12  8.27135227e+09
 3.67380000e+03  5.74830040e+16  2.07135175e+16  3.09503031e+10  1.67853492e+10  3.00320415e+12  8.27135227e+09
 3.67475000e+03  5.49979204e+16  2.17842470e+16  2.96122712e+10  1.76530225e+10  3.00320415e+12  8.27135227e+09
 3.67475000e+03  5.49979204e+16  0.00000000e+00  2.96122712e+10  0.00000000e+00  3.00320415e+12  8.27135227e+09
 3.67477500e+03  5.49339951e+16  6.38694013e+13  2.95778522e+10  5.17570327e+07  3.00320415e+12  8.27135227e+09
 3.67480000e+03  5.48701440e+16  1.27552868e+14  2.95434732e+10  1.03363392e+08  3.00320415e+12  8.27135227e+09
 3.67482500e+03  5.48063672e+16  1.91050813e+14  2.95091341e+10  1.54819412e+08  3.00320415e+12  8.27135227e+09
 3.67485000e+03  5.47426646e+16  2.54363645e+14  2.94748350e+10  2.06125425e+08  3.00320415e+12  8.27135227e+09
 3.67487500e+03  5.46790359e+16  3.17491775e+14  2.94405757e+10  2.57281762e+08  3.00320415e+12  8.27135227e+09
 3.67490000e+03  5.46154812e+16  3.80435611e+14  2.94063563e+10  3.08288757e+08  3.00320415e+12  8.27135227e+09
 3.67492500e+03  5.45520004e+16  4.43195562e+14  2.93721766e+10  3.59146739e+08  3.00320415e+12  8.27135227e+09
 3.67495000e+03  5.44885934e+16  5.05772036e+14  2.93380367e+10  4.09856038e+08  3.00320415e+12  8.27135227e+09
 3.67497500e+03  5.44252601e+16  5.68165438e+14  2.93039364e+10  4.60416984e+08  3.00320415e+12  8.27135227e+09
 3.67500000e+03  5.43620004e+16  6.30376175e+14  2.92698758e+10  5.10829906e+08  3.00320415e+12  8.27135227e+09
 3.67500000e+03  5.43620004e+16  6.30376175e+14  2.92698758e+10  5.10829906e+08  3.00320415e+12  8.27135227e+09
 3.67650000e+03  5.86593966e+16  4.31498256e+15  3.15837026e+10  3.49667742e+09  3.00320415e+12  8.27135227e+09
 3.67800000e+03  6.26671442e+16  7.90703981e+15  3.37415752e+10  6.40752706e+09  3.00320415e+12  8.27135227e+09
 3.67950000e+03  6.64047657e+16  1.13972536e+16  3.57540052e+10  9.23584709e+09  3.00320415e+12  8.27135227e+09
 3.68100000e+03  6.98904680e+16  1.47785044e+16  3.76307955e+10  1.19758682e+10  3.00320415e+12  8.27135227e+09
 3.68250000e+03  7.31412307e+16  1.80455469e+16  3.93810883e+10  1.46233398e+10  3.00320415e+12  8.27135227e+09
 3.68400000e+03  7.61728888e+16  2.11947443e+16  4.10134097e+10  1.71753148e+10  3.00320415e+12  8.27135227e+09
 3.68550000e+03  7.90002103e+16  2.42238350e+16  4.25357111e+10  1.96299604e+10  3.00320415e+12  8.27135227e+09
 3.68700000e+03  8.16369677e+16  2.71317271e+16  4.39554079e+10  2.19863919e+10  3.00320415e+12  8.27135227e+09
 3.68850000e+03  8.40960051e+16  2.99183183e+16  4.52794159e+10  2.42445262e+10  3.00320415e+12  8.27135227e+09
 3.69000000e+03  8.63893010e+16  3.25843377e+16  4.65141844e+10  2.64049544e+10  3.00320415e+12  8.27135227e+09
 3.69000000e+03  8.63893010e+16  3.25843377e+16  4.65141844e+10  2.64049544e+10  3.00320415e+12  8.26308091e+09
 3.69002500e+03  8.62888887e+16  3.26276773e+16  4.64601199e+10  2.64400750e+10  3.00320415e+12  8.26308091e+09
 3.69005000e+03  8.61885932e+16  3.26708244e+16  4.64061182e+10  2.64750396e+10  3.00320415e+12  8.26308091e+09
 3.69007500e+03  8.60884142e+16  3.27137797e+16  4.63521794e+10  2.65098487e+10  3.00320415e+12  8.26308091e+09
 3.69010000e+03  8.59883517e+16  3.27565435e+16  4.62983032e+10  2.65445026e+10  3.00320415e+12  8.26308091e+09
 3.69012500e+03  8.58884055e+16  3.27991163e+16  4.62444896e+10  2.65790018e+10  3.00320415e+12  8.26308091e+09
 3.69015000e+03  8.57885755e+16  3.28414985e+16  4.61907386e+10  2.66133466e+10  3.00320415e+12  8.26308091e+09
 3.69017500e+03  8.56888615e+16  3.28836908e+16  4.61370500e+10  2.66475373e+10  3.00320415e+12  8.26308091e+09
 3.69020000e+03  8.55892634e+16  3.29256934e+16  4.60834239e+10  2.66815745e+10  3.00320415e+12  8.26308091e+09
 3.69022500e+03  8.54897811e+16  3.29675069e+16  4.60298601e+10  2.67154584e+10  3.00320415e+12  8.26308091e+09
 3.69025000e+03  8.53904144e+16  3.30091318e+16  4.59763586e+10  2.67491894e+10  3.00320415e+12  8.26308091e+09
 3.69025000e+03  8.53904144e+16  0.00000000e+00  4.59763586e+10  0.00000000e+00  3.02082189e+12  8.25481783e+09
 3.69120000e+03  8.16988481e+16  3.57059820e+15  4.39887259e+10  2.89346015e+09  3.02082189e+12  8.25481783e+09
 3.69215000e+03  7.81668743e+16  6.75706458e+15  4.20870219e+10  5.47563630e+09  3.02082189e+12  8.25481783e+09
 3.69310000e+03  7.47875934e+16  9.59079149e+15  4.02675316e+10  7.77196746e+09  3.02082189e+12  8.25481783e+09
 3.69405000e+03  7.15544043e+16  1.21008627e+16  3.85267008e+10  9.80602185e+09  3.02082189e+12  8.25481783e+09
 3.69500000e+03  6.84609912e+16  1.43142143e+16  3.68611290e+10  1.15996274e+10  3.02082189e+12  8.25481783e+09
 3.69595000e+03  6.55013114e+16  1.62557851e+16  3.52675625e+10  1.31729934e+10  3.02082189e+12  8.25481783e+09
 3.69690000e+03  6.26695834e+16  1.79486563e+16  3.37428886e+10  1.45448238e+10  3.02082189e+12  8.25481783e+09
 3.69785000e+03  5.99602755e+16  1.94141821e+16  3.22841287e+10  1.57324233e+10  3.02082189e+12  8.25481783e+09
 3.69880000e+03  5.73680955e+16  2.06721112e+16  3.08884334e+10  1.67517953e+10  3.02082189e+12  8.25481783e+09
 3.69975000e+03  5.48879796e+16  2.17407002e+16  2.95530763e+10  1.76177341e+10  3.02082189e+12  8.25481783e+09
 3.69975000e+03  5.48879796e+16  0.00000000e+00  2.95530763e+10  0.00000000e+00  3.02082189e+12  8.25481783e+09
 3.69977500e+03  5.48241820e+16  6.37417264e+13  2.95187261e+10  5.16535703e+07  3.02082189e+12  8.25481783e+09
 3.69980000e+03  5.47604586e+16  1.27297890e+14  2.94844158e+10  1.03156769e+08  3.02082189e+12  8.25481783e+09
 3.69982500e+03  5.46968093e+16  1.90668902e+14  2.94501454e+10  1.54509928e+08  3.02082189e+12  8.25481783e+09
 3.69985000e+03  5.46332340e+16  2.53855172e+14  2.94159148e+10  2.05713380e+08  3.02082189e+12  8.25481783e+09
 3.69987500e+03  5.45697325e+16  3.16857108e+14  2.93817240e+10  2.56767456e+08  3.02082189e+12  8.25481783e+09
 3.69990000e+03  5.45063049e+16  3.79675120e+14  2.93475730e+10  3.07672488e+08  3.02082189e+12  8.25481783e+09
 3.69992500e+03  5.44429510e+16  4.42309614e+14  2.93134616e+10  3.58428804e+08  3.02082189e+12  8.25481783e+09
 3.69995000e+03  5.43796707e+16  5.04760997e+14  2.92793899e+10  4.09036736e+08  3.02082189e+12  8.25481783e+09
 3.69997500e+03  5.43164640e+16  5.67029675e+14  2.92453578e+10  4.59496610e+08  3.02082189e+12  8.25481783e+09
 3.70000000e+03  5.42533307e+16  6.29116053e+14  2.92113653e+10  5.09808757e+08  3.02082189e+12  8.25481783e+09
 3.70000000e+03  5.42533307e+16  6.29116053e+14  2.92113653e+10  5.09808757e+08  3.02082189e+12  8.25481783e+09
 3.70150000e+03  5.85421364e+16  4.30635691e+15  3.15205667e+10  3.48968756e+09  3.02082189e+12  8.25481783e+09
 3.70300000e+03  6.25418725e+16  7.89123363e+15  3.36741258e+10  6.39471842e+09  3.02082189e+12  8.25481783e+09
 3.70450000e+03  6.62720226e+16  1.13744704e+16  3.56825329e+10  9.21738463e+09  3.02082189e+12  8.25481783e+09
 3.70600000e+03  6.97507570e+16  1.47489622e+16  3.75555715e+10  1.19519285e+10  3.02082189e+12  8.25481783e+09
 3.70750000e+03  7.29950214e+16  1.80094739e+16  3.93023655e+10  1.45941078e+10  3.02082189e+12  8.25481783e+09
 3.70900000e+03  7.60206192e+16  2.11523760e+16  4.09314239e+10  1.71409813e+10  3.02082189e+12  8.25481783e+09
 3.71050000e+03  7.88422889e+16  2.41754116e+16  4.24506822e+10  1.95907201e+10  3.02082189e+12  8.25481783e+09
 3.71200000e+03  8.14737754e+16  2.70774908e+16  4.38675411e+10  2.19424411e+10  3.02082189e+12  8.25481783e+09
 3.71350000e+03  8.39278971e+16  2.98585116e+16  4.51889023e+10  2.41960614e+10  3.02082189e+12  8.25481783e+09
 3.71500000e+03  8.62166087e+16  3.25192016e+16  4.64212025e+10  2.63521709e+10  3.02082189e+12  8.25481783e+09
 3.71500000e+03  8.62166087e+16  3.25192016e+16  4.64212025e+10  2.63521709e+10  3.02082189e+12  8.24656301e+09
 3.71502500e+03  8.61163972e+16  3.25624545e+16  4.63672461e+10  2.63872212e+10  3.02082189e+12  8.24656301e+09
 3.71505000e+03  8.60163022e+16  3.26055155e+16  4.63133524e+10  2.64221160e+10  3.02082189e+12  8.24656301e+09
 3.71507500e+03  8.59163235e+16  3.26483848e+16  4.62595213e+10  2.64568555e+10  3.02082189e+12  8.24656301e+09
 3.71510000e+03  8.58164610e+16  3.26910631e+16  4.62057529e+10  2.64914401e+10  3.02082189e+12  8.24656301e+09
 3.71512500e+03  8.57167146e+16  3.27335508e+16  4.61520469e+10  2.65258704e+10  3.02082189e+12  8.24656301e+09
 3.71515000e+03  8.56170841e+16  3.27758484e+16  4.60984033e+10  2.65601465e+10  3.02082189e+12  8.24656301e+09
 3.71517500e+03  8.55175695e+16  3.28179563e+16  4.60448221e+10  2.65942689e+10  3.02082189e+12  8.24656301e+09
 3.71520000e+03  8.54181705e+16  3.28598749e+16  4.59913031e+10  2.66282380e+10  3.02082189e+12  8.24656301e+09
 3.71522500e+03  8.53188870e+16  3.29016049e+16  4.59378464e+10  2.66620542e+10  3.02082189e+12  8.24656301e+09
 3.71525000e+03  8.52197189e+16  3.29431465e+16  4.58844518e+10  2.66957177e+10  3.02082189e+12  8.24656301e+09
 3.71525000e+03  8.52197189e+16  0.00000000e+00  4.58844518e+10  0.00000000e+00  3.03840440e+12  8.23831645e+09
 3.71620000e+03  8.15355321e+16  3.56346057e+15  4.39007925e+10  2.88767612e+09  3.03840440e+12  8.23831645e+09
 3.71715000e+03  7.80106187e+16  6.74355721e+15  4.20028899e+10  5.46469050e+09  3.03840440e+12  8.23831645e+09
 3.71810000e+03  7.46380930e+16  9.57161950e+15  4.01870368e+10  7.75643129e+09  3.03840440e+12  8.23831645e+09
 3.71905000e+03  7.14113670e+16  1.20766731e+16  3.84496860e+10  9.78641961e+09  3.03840440e+12  8.23831645e+09
 3.72000000e+03  6.83241377e+16  1.42856002e+16  3.67874436e+10  1.15764397e+10  3.03840440e+12  8.23831645e+09
 3.72095000e+03  6.53703743e+16  1.62232898e+16  3.51970627e+10  1.31466606e+10  3.03840440e+12  8.23831645e+09
 3.72190000e+03  6.25443069e+16  1.79127769e+16  3.36754365e+10  1.45157487e+10  3.03840440e+12  8.23831645e+09
 3.72285000e+03  5.98404149e+16  1.93753731e+16  3.22195927e+10  1.57009742e+10  3.03840440e+12  8.23831645e+09
 3.72380000e+03  5.72534166e+16  2.06307876e+16  3.08266874e+10  1.67183084e+10  3.03840440e+12  8.23831645e+09
 3.72475000e+03  5.47782585e+16  2.16972406e+16  2.94939997e+10  1.75825163e+10  3.03840440e+12  8.23831645e+09
 3.72475000e+03  5.47782585e+16  0.00000000e+00  2.94939997e+10  0.00000000e+00  3.03840440e+12  8.23831645e+09
 3.72477500e+03  5.47145885e+16  6.36143067e+13  2.94597181e+10  5.15503149e+07  3.03840440e+12  8.23831645e+09
 3.72480000e+03  5.46509925e+16  1.27043422e+14  2.94254764e+10  1.02950558e+08  3.03840440e+12  8.23831645e+09
 3.72482500e+03  5.45874704e+16  1.90287755e+14  2.93912745e+10  1.54201063e+08  3.03840440e+12  8.23831645e+09
 3.72485000e+03  5.45240221e+16  2.53347715e+14  2.93571124e+10  2.05302159e+08  3.03840440e+12  8.23831645e+09
 3.72487500e+03  5.44606476e+16  3.16223711e+14  2.93229900e+10  2.56254178e+08  3.03840440e+12  8.23831645e+09
 3.72490000e+03  5.43973468e+16  3.78916150e+14  2.92889072e+10  3.07057450e+08  3.03840440e+12  8.23831645e+09
 3.72492500e+03  5.43341195e+16  4.41425437e+14  2.92548640e+10  3.57712305e+08  3.03840440e+12  8.23831645e+09
 3.72495000e+03  5.42709658e+16  5.03751980e+14  2.92208604e+10  4.08219071e+08  3.03840440e+12  8.23831645e+09
 3.72497500e+03  5.42078854e+16  5.65896183e+14  2.91868964e+10  4.58578077e+08  3.03840440e+12  8.23831645e+09
 3.72500000e+03  5.41448783e+16  6.27858450e+14  2.91529718e+10  5.08789649e+08  3.03840440e+12  8.23831645e+09
 3.72500000e+03  5.41448783e+16  6.27858450e+14  2.91529718e+10  5.08789649e+08  3.03840440e+12  8.23831645e+09
 3.72650000e+03  5.84251107e+16  4.29774851e+15  3.14575571e+10  3.48271168e+09  3.03840440e+12  8.23831645e+09
 3.72800000e+03  6.24168513e+16  7.87545906e+15  3.36068112e+10  6.38193537e+09  3.03840440e+12  8.23831645e+09
 3.72950000e+03  6.61395448e+16  1.13517329e+16  3.56112036e+10  9.19895908e+09  3.03840440e+12  8.23831645e+09
 3.73100000e+03  6.96113252e+16  1.47194790e+16  3.74804979e+10  1.19280366e+10  3.03840440e+12  8.23831645e+09
 3.73250000e+03  7.28491043e+16  1.79734729e+16  3.92238001e+10  1.45649342e+10  3.03840440e+12  8.23831645e+09
 3.73400000e+03  7.58686540e+16  2.11100924e+16  4.08496020e+10  1.71067165e+10  3.03840440e+12  8.23831645e+09
 3.73550000e+03  7.86846832e+16  2.41270849e+16  4.23658233e+10  1.95515583e+10  3.03840440e+12  8.23831645e+09
 3.73700000e+03  8.13109093e+16  2.70233629e+16  4.37798499e+10  2.18985781e+10  3.03840440e+12  8.23831645e+09
 3.73850000e+03  8.37601253e+16  2.97988244e+16  4.50985697e+10  2.41476935e+10  3.03840440e+12  8.23831645e+09
 3.74000000e+03  8.60442617e+16  3.24541957e+16  4.63284065e+10  2.62994929e+10  3.03840440e+12  8.23831645e+09
 3.74000000e+03  8.60442617e+16  3.24541957e+16  4.63284065e+10  2.62994929e+10  3.03840440e+12  8.23007814e+09
 3.74002500e+03  8.59442506e+16  3.24973622e+16  4.62745580e+10  2.63344732e+10  3.03840440e+12  8.23007814e+09
 3.74005000e+03  8.58443556e+16  3.25403370e+16  4.62207720e+10  2.63692982e+10  3.03840440e+12  8.23007814e+09
 3.74007500e+03  8.57445768e+16  3.25831207e+16  4.61670486e+10  2.64039682e+10  3.03840440e+12  8.23007814e+09
 3.74010000e+03  8.56449139e+16  3.26257137e+16  4.61133876e+10  2.64384838e+10  3.03840440e+12  8.23007814e+09
 3.74012500e+03  8.55453669e+16  3.26681165e+16  4.60597889e+10  2.64728451e+10  3.03840440e+12  8.23007814e+09
 3.74015000e+03  8.54459356e+16  3.27103295e+16  4.60062526e+10  2.65070527e+10  3.03840440e+12  8.23007814e+09
 3.74017500e+03  8.53466198e+16  3.27523532e+16  4.59527785e+10  2.65411070e+10  3.03840440e+12  8.23007814e+09
 3.74020000e+03  8.52474195e+16  3.27941880e+16  4.58993665e+10  2.65750082e+10  3.03840440e+12  8.23007814e+09
 3.74022500e+03  8.51483345e+16  3.28358345e+16  4.58460167e+10  2.66087567e+10  3.03840440e+12  8.23007814e+09
 3.74025000e+03  8.50493647e+16  3.28772932e+16  4.57927288e+10  2.66423530e+10  3.03840440e+12  8.23007814e+09
 3.74025000e+03  8.50493647e+16  0.00000000e+00  4.57927288e+10  0.00000000e+00  3.05595177e+12  8.22184806e+09
 3.74120000e+03  8.13725426e+16  3.55633722e+15  4.38130348e+10  2.88190366e+09  3.05595177e+12  8.22184806e+09
 3.74215000e+03  7.78546754e+16  6.73007684e+15  4.19189262e+10  5.45376658e+09  3.05595177e+12  8.22184806e+09
 3.74310000e+03  7.44888914e+16  9.55248583e+15  4.01067029e+10  7.74092619e+09  3.05595177e+12  8.22184806e+09
 3.74405000e+03  7.12686157e+16  1.20525318e+16  3.83728250e+10  9.76685656e+09  3.05595177e+12  8.22184806e+09
 3.74500000e+03  6.81875577e+16  1.42570433e+16  3.67139055e+10  1.15532984e+10  3.05595177e+12  8.22184806e+09
 3.74595000e+03  6.52396989e+16  1.61908594e+16  3.51267038e+10  1.31203804e+10  3.05595177e+12  8.22184806e+09
 3.74690000e+03  6.24192808e+16  1.78769693e+16  3.36081193e+10  1.44867317e+10  3.05595177e+12  8.22184806e+09
 3.74785000e+03  5.97207939e+16  1.93366418e+16  3.21551858e+10  1.56695879e+10  3.05595177e+12  8.22184806e+09
 3.74880000e+03  5.71389671e+16  2.05895467e+16  3.07650649e+10  1.66848885e+10  3.05595177e+12  8.22184806e+09
 3.74975000e+03  5.46687567e+16  2.16538678e+16  2.94350412e+10  1.75473688e+10  3.05595177e+12  8.22184806e+09
 3.74975000e+03  5.46687567e+16  0.00000000e+00  2.94350412e+10  0.00000000e+00  3.05595177e+12  8.22184806e+09
 3.74977500e+03  5.46052140e+16  6.34871417e+13  2.94008282e+10  5.14472658e+07  3.05595177e+12  8.22184806e+09
 3.74980000e+03  5.45417451e+16  1.26789462e+14  2.93666549e+10  1.02744760e+08  3.05595177e+12  8.22184806e+09
 3.74982500e+03  5.44783500e+16  1.89907370e+14  2.93325214e+10  1.53892815e+08  3.05595177e+12  8.22184806e+09
 3.74985000e+03  5.44150286e+16  2.52841273e+14  2.92984275e+10  2.04891760e+08  3.05595177e+12  8.22184806e+09
 3.74987500e+03  5.43517808e+16  3.15591580e+14  2.92643733e+10  2.55741926e+08  3.05595177e+12  8.22184806e+09
 3.74990000e+03  5.42886065e+16  3.78158696e+14  2.92303587e+10  3.06443643e+08  3.05595177e+12  8.22184806e+09
 3.74992500e+03  5.42255056e+16  4.40543028e+14  2.91963836e+10  3.56997238e+08  3.05595177e+12  8.22184806e+09
 3.74995000e+03  5.41624781e+16  5.02744980e+14  2.91624479e+10  4.07403041e+08  3.05595177e+12  8.22184806e+09
 3.74997500e+03  5.40995238e+16  5.64764956e+14  2.91285518e+10  4.57661379e+08  3.05595177e+12  8.22184806e+09
 3.75000000e+03  5.40366427e+16  6.26603361e+14  2.90946950e+10  5.07772579e+08  3.05595177e+12  8.22184806e+09
 3.75000000e+03  5.40366427e+16  6.26603361e+14  2.90946950e+10  5.07772579e+08  3.05595177e+12  8.22184806e+09
 3.75150000e+03  5.83083189e+16  4.28915731e+15  3.13946735e+10  3.47574974e+09  3.05595177e+12  8.22184806e+09
 3.75300000e+03  6.22920800e+16  7.85971602e+15  3.35396312e+10  6.36917789e+09  3.05595177e+12  8.22184806e+09
 3.75450000e+03  6.60073319e+16  1.13290408e+16  3.55400168e+10  9.18057036e+09  3.05595177e+12  8.22184806e+09
 3.75600000e+03  6.94721722e+16  1.46900548e+16  3.74055744e+10  1.19041924e+10  3.05595177e+12  8.22184806e+09
 3.75750000e+03  7.27034790e+16  1.79375439e+16  3.91453917e+10  1.45358189e+10  3.05595177e+12  8.22184806e+09
 3.75900000e+03  7.57169926e+16  2.10678934e+16  4.07679436e+10  1.70725202e+10  3.05595177e+12  8.22184806e+09
 3.76050000e+03  7.85273925e+16  2.40788549e+16  4.22811340e+10  1.95124747e+10  3.05595177e+12  8.22184806e+09
 3.76200000e+03  8.11483688e+16  2.69693432e+16  4.36923340e+10  2.18548029e+10  3.05595177e+12  8.22184806e+09
 3.76350000e+03  8.35926888e+16  2.97392566e+16  4.50084176e+10  2.40994223e+10  3.05595177e+12  8.22184806e+09
 3.76500000e+03  8.58722593e+16  3.23893198e+16  4.62357960e+10  2.62469202e+10  3.05595177e+12  8.22184806e+09
 3.76500000e+03  8.58722593e+16  3.23893198e+16  4.62357960e+10  2.62469202e+10  3.05595177e+12  8.21362621e+09
 3.76502500e+03  8.57724480e+16  3.24324000e+16  4.61820551e+10  2.62818306e+10  3.05595177e+12  8.21362621e+09
 3.76505000e+03  8.56727527e+16  3.24752889e+16  4.61283767e+10  2.63165859e+10  3.05595177e+12  8.21362621e+09
 3.76507500e+03  8.55731734e+16  3.25179871e+16  4.60747606e+10  2.63511867e+10  3.05595177e+12  8.21362621e+09
 3.76510000e+03  8.54737097e+16  3.25604949e+16  4.60212069e+10  2.63856332e+10  3.05595177e+12  8.21362621e+09
 3.76512500e+03  8.53743617e+16  3.26028129e+16  4.59677154e+10  2.64199259e+10  3.05595177e+12  8.21362621e+09
 3.76515000e+03  8.52751292e+16  3.26449415e+16  4.59142861e+10  2.64540652e+10  3.05595177e+12  8.21362621e+09
 3.76517500e+03  8.51760119e+16  3.26868812e+16  4.58609189e+10  2.64880513e+10  3.05595177e+12  8.21362621e+09
 3.76520000e+03  8.50770099e+16  3.27286325e+16  4.58076137e+10  2.65218847e+10  3.05595177e+12  8.21362621e+09
 3.76522500e+03  8.49781230e+16  3.27701957e+16  4.57543705e+10  2.65555658e+10  3.05595177e+12  8.21362621e+09
 3.76525000e+03  8.48793510e+16  3.28115714e+16  4.57011891e+10  2.65890949e+10  3.05595177e+12  8.21362621e+09
 3.76525000e+03  8.48793510e+16  0.00000000e+00  4.57011891e+10  0.00000000e+00  3.07346406e+12  8.20541258e+09
 3.76620000e+03  8.12098789e+16  3.54922810e+15  4.37254525e+10  2.87614273e+09  3.07346406e+12  8.20541258e+09
 3.76715000e+03  7.76990439e+16  6.71662341e+15  4.18351302e+10  5.44286450e+09  3.07346406e+12  8.20541258e+09
 3.76810000e+03  7.43399881e+16  9.53339042e+15  4.00265296e+10  7.72545208e+09  3.07346406e+12  8.20541258e+09
 3.76905000e+03  7.11261497e+16  1.20284388e+16  3.82961178e+10  9.74733261e+09  3.07346406e+12  8.20541258e+09
 3.77000000e+03  6.80512508e+16  1.42285435e+16  3.66405144e+10  1.15302034e+10  3.07346406e+12  8.20541258e+09
 3.77095000e+03  6.51092847e+16  1.61584939e+16  3.50564855e+10  1.30941527e+10  3.07346406e+12  8.20541258e+09
 3.77190000e+03  6.22945047e+16  1.78412332e+16  3.35409367e+10  1.44577728e+10  3.07346406e+12  8.20541258e+09
 3.77285000e+03  5.96014121e+16  1.92979878e+16  3.20909075e+10  1.56382644e+10  3.07346406e+12  8.20541258e+09
 3.77380000e+03  5.70247463e+16  2.05483882e+16  3.07035655e+10  1.66515354e+10  3.07346406e+12  8.20541258e+09
 3.77475000e+03  5.45594739e+16  2.16105817e+16  2.93762005e+10  1.75122917e+10  3.07346406e+12  8.20541258e+09
 3.77475000e+03  5.45594739e+16  0.00000000e+00  2.93762005e+10  0.00000000e+00  3.07346406e+12  8.20541258e+09
 3.77477500e+03  5.44960582e+16  6.33602309e+13  2.93420559e+10  5.13444227e+07  3.07346406e+12  8.20541258e+09
 3.77480000e+03  5.44327162e+16  1.26536010e+14  2.93079510e+10  1.02539373e+08  3.07346406e+12  8.20541258e+09
 3.77482500e+03  5.43694478e+16  1.89527745e+14  2.92738857e+10  1.53585183e+08  3.07346406e+12  8.20541258e+09
 3.77485000e+03  5.43062530e+16  2.52335844e+14  2.92398600e+10  2.04482181e+08  3.07346406e+12  8.20541258e+09
 3.77487500e+03  5.42431316e+16  3.14960712e+14  2.92058738e+10  2.55230698e+08  3.07346406e+12  8.20541258e+09
 3.77490000e+03  5.41800836e+16  3.77402757e+14  2.91719272e+10  3.05831062e+08  3.07346406e+12  8.20541258e+09
 3.77492500e+03  5.41171088e+16  4.39662382e+14  2.91380200e+10  3.56283601e+08  3.07346406e+12  8.20541258e+09
 3.77495000e+03  5.40542073e+16  5.01739993e+14  2.91041522e+10  4.06588643e+08  3.07346406e+12  8.20541258e+09
 3.77497500e+03  5.39913789e+16  5.63635991e+14  2.90703238e+10  4.56746514e+08  3.07346406e+12  8.20541258e+09
 3.77500000e+03  5.39286235e+16  6.25350781e+14  2.90365347e+10  5.06757541e+08  3.07346406e+12  8.20541258e+09
 3.77500000e+03  5.39286235e+16  6.25350781e+14  2.90365347e+10  5.06757541e+08  3.07346406e+12  8.20541258e+09
 3.77650000e+03  5.81917606e+16  4.28058328e+15  3.13319155e+10  3.46880171e+09  3.07346406e+12  8.20541258e+09
 3.77800000e+03  6.21675582e+16  7.84400444e+15  3.34725855e+10  6.35644590e+09  3.07346406e+12  8.20541258e+09
 3.77950000e+03  6.58753832e+16  1.13063940e+16  3.54689723e+10  9.16221840e+09  3.07346406e+12  8.20541258e+09
 3.78100000e+03  6.93332973e+16  1.46606893e+16  3.73308007e+10  1.18803959e+10  3.07346406e+12  8.20541258e+09
 3.78250000e+03  7.25581447e+16  1.79016868e+16  3.90671401e+10  1.45067617e+10  3.07346406e+12  8.20541258e+09
 3.78400000e+03  7.55656343e+16  2.10257786e+16  4.06864485e+10  1.70383922e+10  3.07346406e+12  8.20541258e+09
 3.78550000e+03  7.83704162e+16  2.40307212e+16  4.21966140e+10  1.94734693e+10  3.07346406e+12  8.20541258e+09
 3.78700000e+03  8.09861532e+16  2.69154315e+16  4.36049930e+10  2.18111151e+10  3.07346406e+12  8.20541258e+09
 3.78850000e+03  8.34255870e+16  2.96798078e+16  4.49184458e+10  2.40512475e+10  3.07346406e+12  8.20541258e+09
 3.79000000e+03  8.57006006e+16  3.23245735e+16  4.61433707e+10  2.61944526e+10  3.07346406e+12  8.20541258e+09
 3.79000000e+03  8.57006006e+16  3.23245735e+16  4.61433707e+10  2.61944526e+10  3.07346406e+12  8.19720717e+09
 3.79002500e+03  8.56009889e+16  3.23675676e+16  4.60897372e+10  2.62292932e+10  3.07346406e+12  8.19720717e+09
 3.79005000e+03  8.55014929e+16  3.24103708e+16  4.60361661e+10  2.62639791e+10  3.07346406e+12  8.19720717e+09
 3.79007500e+03  8.54021126e+16  3.24529836e+16  4.59826572e+10  2.62985107e+10  3.07346406e+12  8.19720717e+09
 3.79010000e+03  8.53028478e+16  3.24954065e+16  4.59292105e+10  2.63328884e+10  3.07346406e+12  8.19720717e+09
 3.79012500e+03  8.52036984e+16  3.25376399e+16  4.58758259e+10  2.63671125e+10  3.07346406e+12  8.19720717e+09
 3.79015000e+03  8.51046642e+16  3.25796843e+16  4.58225034e+10  2.64011835e+10  3.07346406e+12  8.19720717e+09
 3.79017500e+03  8.50057451e+16  3.26215401e+16  4.57692429e+10  2.64351017e+10  3.07346406e+12  8.19720717e+09
 3.79020000e+03  8.49069410e+16  3.26632079e+16  4.57160443e+10  2.64688675e+10  3.07346406e+12  8.19720717e+09
 3.79022500e+03  8.48082517e+16  3.27046881e+16  4.56629075e+10  2.65024812e+10  3.07346406e+12  8.19720717e+09
 3.79025000e+03  8.47096772e+16  3.27459811e+16  4.56098325e+10  2.65359433e+10  3.07346406e+12  8.19720717e+09
 3.79025000e+03  8.47096772e+16  0.00000000e+00  4.56098325e+10  0.00000000e+00  3.09094135e+12  8.18900996e+09
 3.79120000e+03  8.10475403e+16  3.54213319e+15  4.36380453e+10  2.87039333e+09  3.09094135e+12  8.18900996e+09
 3.79215000e+03  7.75437236e+16  6.70319688e+15  4.17515018e+10  5.43198422e+09  3.09094135e+12  8.18900996e+09
 3.79310000e+03  7.41913825e+16  9.51433317e+15  3.99465166e+10  7.71000890e+09  3.09094135e+12  8.18900996e+09
 3.79405000e+03  7.09839686e+16  1.20043939e+16  3.82195638e+10  9.72784770e+09  3.09094135e+12  8.18900996e+09
 3.79500000e+03  6.79152164e+16  1.42001006e+16  3.65672700e+10  1.15071545e+10  3.09094135e+12  8.18900996e+09
 3.79595000e+03  6.49791313e+16  1.61261931e+16  3.49864076e+10  1.30679775e+10  3.09094135e+12  8.18900996e+09
 3.79690000e+03  6.21699779e+16  1.78055686e+16  3.34738884e+10  1.44288717e+10  3.09094135e+12  8.18900996e+09
 3.79785000e+03  5.94822689e+16  1.92594111e+16  3.20267578e+10  1.56070035e+10  3.09094135e+12  8.18900996e+09
 3.79880000e+03  5.69107538e+16  2.05073120e+16  3.06421891e+10  1.66182490e+10  3.09094135e+12  8.18900996e+09
 3.79975000e+03  5.44504095e+16  2.15673822e+16  2.93174775e+10  1.74772846e+10  3.09094135e+12  8.18900996e+09
 3.79975000e+03  5.44504095e+16  0.00000000e+00  2.93174775e+10  0.00000000e+00  3.09094135e+12  8.18900996e+09
 3.79977500e+03  5.43871206e+16  6.32335738e+13  2.92834011e+10  5.12417852e+07  3.09094135e+12  8.18900996e+09
 3.79980000e+03  5.43239052e+16  1.26283064e+14  2.92493644e+10  1.02334397e+08  3.09094135e+12  8.18900996e+09
 3.79982500e+03  5.42607633e+16  1.89148879e+14  2.92153672e+10  1.53278166e+08  3.09094135e+12  8.18900996e+09
 3.79985000e+03  5.41976948e+16  2.51831424e+14  2.91814095e+10  2.04073421e+08  3.09094135e+12  8.18900996e+09
 3.79987500e+03  5.41346996e+16  3.14331106e+14  2.91474913e+10  2.54720492e+08  3.09094135e+12  8.18900996e+09
 3.79990000e+03  5.40717776e+16  3.76648329e+14  2.91136125e+10  3.05219705e+08  3.09094135e+12  8.18900996e+09
 3.79992500e+03  5.40089287e+16  4.38783497e+14  2.90797731e+10  3.55571390e+08  3.09094135e+12  8.18900996e+09
 3.79995000e+03  5.39461529e+16  5.00737014e+14  2.90459730e+10  4.05775872e+08  3.09094135e+12  8.18900996e+09
 3.79997500e+03  5.38834501e+16  5.62509283e+14  2.90122122e+10  4.55833478e+08  3.09094135e+12  8.18900996e+09
 3.80000000e+03  5.38208202e+16  6.24100704e+14  2.89784907e+10  5.05744533e+08  3.09094135e+12  8.18900996e+09
 3.80000000e+03  5.38208202e+16  6.24100704e+14  2.89784907e+10  5.05744533e+08  3.09094135e+12  8.18900996e+09
 3.80150000e+03  5.80754352e+16  4.27202639e+15  3.12692830e+10  3.46186758e+09  3.09094135e+12  8.18900996e+09
 3.80300000e+03  6.20432852e+16  7.82832428e+15  3.34056738e+10  6.34373936e+09  3.09094135e+12  8.18900996e+09
 3.80450000e+03  6.57436983e+16  1.12837925e+16  3.53980698e+10  9.14390313e+09  3.09094135e+12  8.18900996e+09
 3.80600000e+03  6.91947001e+16  1.46313826e+16  3.72561764e+10  1.18566470e+10  3.09094135e+12  8.18900996e+09
 3.80750000e+03  7.24131010e+16  1.78659013e+16  3.89890449e+10  1.44777627e+10  3.09094135e+12  8.18900996e+09
 3.80900000e+03  7.54145786e+16  2.09837481e+16  4.06051163e+10  1.70043325e+10  3.09094135e+12  8.18900996e+09
 3.81050000e+03  7.82137538e+16  2.39826838e+16  4.21122630e+10  1.94345418e+10  3.09094135e+12  8.18900996e+09
 3.81200000e+03  8.08242619e+16  2.68616275e+16  4.35178266e+10  2.17675147e+10  3.09094135e+12  8.18900996e+09
 3.81350000e+03  8.32588192e+16  2.96204778e+16  4.48286538e+10  2.40031691e+10  3.09094135e+12  8.18900996e+09
 3.81500000e+03  8.55292851e+16  3.22599567e+16  4.60511301e+10  2.61420899e+10  3.09094135e+12  8.18900996e+09
 3.81500000e+03  8.55292851e+16  3.22599567e+16  4.60511301e+10  2.61420899e+10  3.09094135e+12  8.18082095e+09
 3.81502500e+03  8.54298725e+16  3.23028648e+16  4.59976038e+10  2.61768608e+10  3.09094135e+12  8.18082095e+09
 3.81505000e+03  8.53305754e+16  3.23455825e+16  4.59441398e+10  2.62114774e+10  3.09094135e+12  8.18082095e+09
 3.81507500e+03  8.52313938e+16  3.23881101e+16  4.58907379e+10  2.62459399e+10  3.09094135e+12  8.18082095e+09
 3.81510000e+03  8.51323274e+16  3.24304482e+16  4.58373980e+10  2.62802489e+10  3.09094135e+12  8.18082095e+09
 3.81512500e+03  8.50333762e+16  3.24725971e+16  4.57841202e+10  2.63144046e+10  3.09094135e+12  8.18082095e+09
 3.81515000e+03  8.49345400e+16  3.25145575e+16  4.57309043e+10  2.63484075e+10  3.09094135e+12  8.18082095e+09
 3.81517500e+03  8.48358186e+16  3.25563297e+16  4.56777502e+10  2.63822579e+10  3.09094135e+12  8.18082095e+09
 3.81520000e+03  8.47372120e+16  3.25979142e+16  4.56246579e+10  2.64159562e+10  3.09094135e+12  8.18082095e+09
 3.81522500e+03  8.46387200e+16  3.26393114e+16  4.55716273e+10  2.64495028e+10  3.09094135e+12  8.18082095e+09
 3.81525000e+03  8.45403426e+16  3.26805219e+16  4.55186584e+10  2.64828980e+10  3.09094135e+12  8.18082095e+09
 3.81525000e+03  8.45403426e+16  0.00000000e+00  4.55186584e+10  0.00000000e+00  3.10838370e+12  8.17264013e+09
 3.81620000e+03  8.08855263e+16  3.53505247e+15  4.35508129e+10  2.86465541e+09  3.10838370e+12  8.17264013e+09
 3.81715000e+03  7.73887137e+16  6.68979719e+15  4.16680405e+10  5.42112568e+09  3.10838370e+12  8.17264013e+09
 3.81810000e+03  7.40430739e+16  9.49531402e+15  3.98666635e+10  7.69459659e+09  3.10838370e+12  8.17264013e+09
 3.81905000e+03  7.08420716e+16  1.19803971e+16  3.81431629e+10  9.70840173e+09  3.10838370e+12  8.17264013e+09
 3.82000000e+03  6.77794538e+16  1.41717146e+16  3.64941720e+10  1.14841517e+10  3.10838370e+12  8.17264013e+09
 3.82095000e+03  6.48492380e+16  1.60939568e+16  3.49164697e+10  1.30418546e+10  3.10838370e+12  8.17264013e+09
 3.82190000e+03  6.20457002e+16  1.77699753e+16  3.34069741e+10  1.44000284e+10  3.10838370e+12  8.17264013e+09
 3.82285000e+03  5.93633638e+16  1.92209116e+16  3.19627363e+10  1.55758051e+10  3.10838370e+12  8.17264013e+09
 3.82380000e+03  5.67969892e+16  2.04663179e+16  3.05809353e+10  1.65850291e+10  3.10838370e+12  8.17264013e+09
 3.82475000e+03  5.43415631e+16  2.15242690e+16  2.92588719e+10  1.74423475e+10  3.10838370e+12  8.17264013e+09
 3.82475000e+03  5.43415631e+16  0.00000000e+00  2.92588719e+10  0.00000000e+00  3.10838370e+12  8.17264013e+09
 3.82477500e+03  5.42784007e+16  6.31071699e+13  2.92248636e+10  5.11393529e+07  3.10838370e+12  8.17264013e+09
 3.82480000e+03  5.42153117e+16  1.26030624e+14  2.91908949e+10  1.02129831e+08  3.10838370e+12  8.17264013e+09
 3.82482500e+03  5.41522960e+16  1.88770770e+14  2.91569657e+10  1.52971763e+08  3.10838370e+12  8.17264013e+09
 3.82485000e+03  5.40893536e+16  2.51328013e+14  2.91230759e+10  2.03665479e+08  3.10838370e+12  8.17264013e+09
 3.82487500e+03  5.40264843e+16  3.13702758e+14  2.90892254e+10  2.54211305e+08  3.10838370e+12  8.17264013e+09
 3.82490000e+03  5.39636881e+16  3.75895409e+14  2.90554144e+10  3.04609571e+08  3.10838370e+12  8.17264013e+09
 3.82492500e+03  5.39009649e+16  4.37906369e+14  2.90216426e+10  3.54860603e+08  3.10838370e+12  8.17264013e+09
 3.82495000e+03  5.38383146e+16  4.99736041e+14  2.89879101e+10  4.04964726e+08  3.10838370e+12  8.17264013e+09
 3.82497500e+03  5.37757371e+16  5.61384827e+14  2.89542168e+10  4.54922267e+08  3.10838370e+12  8.17264013e+09
 3.82500000e+03  5.37132323e+16  6.22853127e+14  2.89205627e+10  5.04733550e+08  3.10838370e+12  8.17264013e+09
 3.82500000e+03  5.37132323e+16  6.22853127e+14  2.89205627e+10  5.04733550e+08  3.10838370e+12  8.17264013e+09
 3.82650000e+03  5.79593425e+16  4.26348661e+15  3.12067757e+10  3.45494730e+09  3.10838370e+12  8.17264013e+09
 3.82800000e+03  6.19192607e+16  7.81267546e+15  3.33388959e+10  6.33105823e+09  3.10838370e+12  8.17264013e+09
 3.82950000e+03  6.56122767e+16  1.12612362e+16  3.53273091e+10  9.12562446e+09  3.10838370e+12  8.17264013e+09
 3.83100000e+03  6.90563799e+16  1.46021345e+16  3.71817013e+10  1.18329456e+10  3.10838370e+12  8.17264013e+09
 3.83250000e+03  7.22683472e+16  1.78301874e+16  3.89111058e+10  1.44488217e+10  3.10838370e+12  8.17264013e+09
 3.83400000e+03  7.52638249e+16  2.09418016e+16  4.05239467e+10  1.69703408e+10  3.10838370e+12  8.17264013e+09
 3.83550000e+03  7.80574045e+16  2.39347424e+16  4.20280806e+10  1.93956922e+10  3.10838370e+12  8.17264013e+09
 3.83700000e+03  8.06626942e+16  2.68079311e+16  4.34308345e+10  2.17240014e+10  3.10838370e+12  8.17264013e+09
 3.83850000e+03  8.30923849e+16  2.95612665e+16  4.47390414e+10  2.39551867e+10  3.10838370e+12  8.17264013e+09
 3.84000000e+03  8.53583121e+16  3.21954691e+16  4.59590739e+10  2.60898319e+10  3.10838370e+12  8.17264013e+09
 3.84000000e+03  8.53583121e+16  3.21954691e+16  4.59590739e+10  2.60898319e+10  3.10838370e+12  8.16446749e+09
 3.84002500e+03  8.52590982e+16  3.22382914e+16  4.59056546e+10  2.61245333e+10  3.10838370e+12  8.16446749e+09
 3.84005000e+03  8.51599996e+16  3.22809237e+16  4.58522974e+10  2.61590806e+10  3.10838370e+12  8.16446749e+09
 3.84007500e+03  8.50610162e+16  3.23233663e+16  4.57990023e+10  2.61934743e+10  3.10838370e+12  8.16446749e+09
 3.84010000e+03  8.49621479e+16  3.23656197e+16  4.57457691e+10  2.62277147e+10  3.10838370e+12  8.16446749e+09
 3.84012500e+03  8.48633944e+16  3.24076844e+16  4.56925977e+10  2.62618021e+10  3.10838370e+12  8.16446749e+09
 3.84015000e+03  8.47647558e+16  3.24495609e+16  4.56394882e+10  2.62957370e+10  3.10838370e+12  8.16446749e+09
 3.84017500e+03  8.46662318e+16  3.24912496e+16  4.55864404e+10  2.63295198e+10  3.10838370e+12  8.16446749e+09
 3.84020000e+03  8.45678223e+16  3.25327509e+16  4.55334542e+10  2.63631507e+10  3.10838370e+12  8.16446749e+09
 3.84022500e+03  8.44695272e+16  3.25740654e+16  4.54805297e+10  2.63966302e+10  3.10838370e+12  8.16446749e+09
 3.84025000e+03  8.43713464e+16  3.26151935e+16  4.54276666e+10  2.64299587e+10  3.10838370e+12  8.16446749e+09
 3.84025000e+03  8.43713464e+16  0.00000000e+00  4.54276666e+10  0.00000000e+00  3.12579118e+12  8.15630302e+09
 3.84120000e+03  8.07238361e+16  3.52798590e+15  4.34637548e+10  2.85892896e+09  3.12579118e+12  8.15630302e+09
 3.84215000e+03  7.72340136e+16  6.67642429e+15  4.15847461e+10  5.41028885e+09  3.12579118e+12  8.15630302e+09
 3.84310000e+03  7.38950618e+16  9.47633288e+15  3.97869700e+10  7.67921509e+09  3.12579118e+12  8.15630302e+09
 3.84405000e+03  7.07004583e+16  1.19564483e+16  3.80669147e+10  9.68899463e+09  3.12579118e+12  8.15630302e+09
 3.84500000e+03  6.76439627e+16  1.41433853e+16  3.64212202e+10  1.14611949e+10  3.12579118e+12  8.15630302e+09
 3.84595000e+03  6.47196044e+16  1.60617850e+16  3.48466717e+10  1.30157840e+10  3.12579118e+12  8.15630302e+09
 3.84690000e+03  6.19216708e+16  1.77344531e+16  3.33401935e+10  1.43712427e+10  3.12579118e+12  8.15630302e+09
 3.84785000e+03  5.92446964e+16  1.91824890e+16  3.18988428e+10  1.55446691e+10  3.12579118e+12  8.15630302e+09
 3.84880000e+03  5.66834520e+16  2.04254057e+16  3.05198041e+10  1.65518757e+10  3.12579118e+12  8.15630302e+09
 3.84975000e+03  5.42329344e+16  2.14812420e+16  2.92003834e+10  1.74074802e+10  3.12579118e+12  8.15630302e+09
 3.84975000e+03  5.42329344e+16  0.00000000e+00  2.92003834e+10  0.00000000e+00  3.12579118e+12  8.15630302e+09
 3.84977500e+03  5.41698982e+16  6.29810186e+13  2.91664431e+10  5.10371253e+07  3.12579118e+12  8.15630302e+09
 3.84980000e+03  5.41069353e+16  1.25778689e+14  2.91325423e+10  1.01925673e+08  3.12579118e+12  8.15630302e+09
 3.84982500e+03  5.40440456e+16  1.88393418e+14  2.90986809e+10  1.52665972e+08  3.12579118e+12  8.15630302e+09
 3.84985000e+03  5.39812290e+16  2.50825608e+14  2.90648588e+10  2.03258351e+08  3.12579118e+12  8.15630302e+09
 3.84987500e+03  5.39184854e+16  3.13075666e+14  2.90310761e+10  2.53703137e+08  3.12579118e+12  8.15630302e+09
 3.84990000e+03  5.38558147e+16  3.75143994e+14  2.89973326e+10  3.04000657e+08  3.12579118e+12  8.15630302e+09
 3.84992500e+03  5.37932169e+16  4.37030994e+14  2.89636284e+10  3.54151236e+08  3.12579118e+12  8.15630302e+09
 3.84995000e+03  5.37306918e+16  4.98737069e+14  2.89299633e+10  4.04155201e+08  3.12579118e+12  8.15630302e+09
 3.84997500e+03  5.36682394e+16  5.60262619e+14  2.88963373e+10  4.54012877e+08  3.12579118e+12  8.15630302e+09
 3.85000000e+03  5.36058596e+16  6.21608044e+14  2.88627505e+10  5.03724587e+08  3.12579118e+12  8.15630302e+09
 3.85000000e+03  5.36058596e+16  6.21608044e+14  2.88627505e+10  5.03724587e+08  3.12579118e+12  8.15630302e+09
 3.85150000e+03  5.78434817e+16  4.25496390e+15  3.11443934e+10  3.44804086e+09  3.12579118e+12  8.15630302e+09
 3.85300000e+03  6.17954841e+16  7.79705792e+15  3.32722514e+10  6.31840244e+09  3.12579118e+12  8.15630302e+09
 3.85450000e+03  6.54811177e+16  1.12387250e+16  3.52566898e+10  9.10738234e+09  3.12579118e+12  8.15630302e+09
 3.85600000e+03  6.89183362e+16  1.45729448e+16  3.71073751e+10  1.18092915e+10  3.12579118e+12  8.15630302e+09
 3.85750000e+03  7.21238828e+16  1.77945448e+16  3.88333225e+10  1.44199385e+10  3.12579118e+12  8.15630302e+09
 3.85900000e+03  7.51133725e+16  2.08999389e+16  4.04429393e+10  1.69364171e+10  3.12579118e+12  8.15630302e+09
 3.86050000e+03  7.79013677e+16  2.38868969e+16  4.19440665e+10  1.93569202e+10  3.12579118e+12  8.15630302e+09
 3.86200000e+03  8.05014495e+16  2.67543421e+16  4.33440162e+10  2.16805752e+10  3.12579118e+12  8.15630302e+09
 3.86350000e+03  8.29262832e+16  2.95021735e+16  4.46496080e+10  2.39073003e+10  3.12579118e+12  8.15630302e+09
 3.86500000e+03  8.51876808e+16  3.21311103e+16  4.58672017e+10  2.60376783e+10  3.12579118e+12  8.15630302e+09
 3.86500000e+03  8.51876808e+16  3.21311103e+16  4.58672017e+10  2.60376783e+10  3.12579118e+12  8.14814672e+09
 3.86502500e+03  8.50886652e+16  3.21738471e+16  4.58138892e+10  2.60723104e+10  3.12579118e+12  8.14814672e+09
 3.86505000e+03  8.49897648e+16  3.22163941e+16  4.57606387e+10  2.61067886e+10  3.12579118e+12  8.14814672e+09
 3.86507500e+03  8.48909792e+16  3.22587519e+16  4.57074501e+10  2.61411136e+10  3.12579118e+12  8.14814672e+09
 3.86510000e+03  8.47923085e+16  3.23009208e+16  4.56543233e+10  2.61752855e+10  3.12579118e+12  8.14814672e+09
 3.86512500e+03  8.46937525e+16  3.23429014e+16  4.56012582e+10  2.62093048e+10  3.12579118e+12  8.14814672e+09
 3.86515000e+03  8.45953111e+16  3.23846942e+16  4.55482548e+10  2.62431719e+10  3.12579118e+12  8.14814672e+09
 3.86517500e+03  8.44969840e+16  3.24262996e+16  4.54953131e+10  2.62768871e+10  3.12579118e+12  8.14814672e+09
 3.86520000e+03  8.43987713e+16  3.24677180e+16  4.54424328e+10  2.63104508e+10  3.12579118e+12  8.14814672e+09
 3.86522500e+03  8.43006727e+16  3.25089499e+16  4.53896141e+10  2.63438633e+10  3.12579118e+12  8.14814672e+09
 3.86525000e+03  8.42026881e+16  3.25499958e+16  4.53368567e+10  2.63771252e+10  3.12579118e+12  8.14814672e+09
 3.86525000e+03  8.42026881e+16  0.00000000e+00  4.53368567e+10  0.00000000e+00  3.14316386e+12  8.13999857e+09
 3.86620000e+03  8.05624692e+16  3.52093345e+15  4.33768708e+10  2.85321396e+09  3.14316386e+12  8.13999857e+09
 3.86715000e+03  7.70796228e+16  6.66307812e+15  4.15016182e+10  5.39947368e+09  3.14316386e+12  8.13999857e+09
 3.86810000e+03  7.37473456e+16  9.45738969e+15  3.97074359e+10  7.66386434e+09  3.14316386e+12  8.13999857e+09
 3.86905000e+03  7.05591281e+16  1.19325474e+16  3.79908190e+10  9.66962633e+09  3.14316386e+12  8.13999857e+09
 3.87000000e+03  6.75087424e+16  1.41151127e+16  3.63484142e+10  1.14382840e+10  3.14316386e+12  8.13999857e+09
 3.87095000e+03  6.45902299e+16  1.60296775e+16  3.47770132e+10  1.29897654e+10  3.14316386e+12  8.13999857e+09
 3.87190000e+03  6.17978894e+16  1.76990019e+16  3.32735465e+10  1.43425146e+10  3.14316386e+12  8.13999857e+09
 3.87285000e+03  5.91262663e+16  1.91441432e+16  3.18350770e+10  1.55135953e+10  3.14316386e+12  8.13999857e+09
 3.87380000e+03  5.65701418e+16  2.03845753e+16  3.04587950e+10  1.65187885e+10  3.14316386e+12  8.13999857e+09
 3.87475000e+03  5.41245227e+16  2.14383010e+16  2.91420118e+10  1.73726827e+10  3.14316386e+12  8.13999857e+09
 3.87475000e+03  5.41245227e+16  0.00000000e+00  2.91420118e+10  0.00000000e+00  3.14316386e+12  8.13999857e+09
 3.87477500e+03  5.40616126e+16  6.28551196e+13  2.91081394e+10  5.09351021e+07  3.14316386e+12  8.13999857e+09
 3.87480000e+03  5.39987755e+16  1.25527258e+14  2.90743063e+10  1.01721924e+08  3.14316386e+12  8.13999857e+09
 3.87482500e+03  5.39360115e+16  1.88016819e+14  2.90405126e+10  1.52360793e+08  3.14316386e+12  8.13999857e+09
 3.87485000e+03  5.38733205e+16  2.50324208e+14  2.90067582e+10  2.02852038e+08  3.14316386e+12  8.13999857e+09
 3.87487500e+03  5.38107023e+16  3.12449828e+14  2.89730430e+10  2.53195984e+08  3.14316386e+12  8.13999857e+09
 3.87490000e+03  5.37481569e+16  3.74394081e+14  2.89393669e+10  3.03392959e+08  3.14316386e+12  8.13999857e+09
 3.87492500e+03  5.36856842e+16  4.36157369e+14  2.89057301e+10  3.53443288e+08  3.14316386e+12  8.13999857e+09
 3.87495000e+03  5.36232841e+16  4.97740093e+14  2.88721323e+10  4.03347295e+08  3.14316386e+12  8.13999857e+09
 3.87497500e+03  5.35609566e+16  5.59142654e+14  2.88385735e+10  4.53105305e+08  3.14316386e+12  8.13999857e+09
 3.87500000e+03  5.34987015e+16  6.20365449e+14  2.88050538e+10  5.02717642e+08  3.14316386e+12  8.13999857e+09
 3.87500000e+03  5.34987015e+16  6.20365449e+14  2.88050538e+10  5.02717642e+08  3.14316386e+12  8.13999857e+09
 3.87650000e+03  5.77278526e+16  4.24645823e+15  3.10821357e+10  3.44114823e+09  3.14316386e+12  8.13999857e+09
 3.87800000e+03  6.16719549e+16  7.78147160e+15  3.32057402e+10  6.30577196e+09  3.14316386e+12  8.13999857e+09
 3.87950000e+03  6.53502210e+16  1.12162588e+16  3.51862116e+10  9.08917668e+09  3.14316386e+12  8.13999857e+09
 3.88100000e+03  6.87805684e+16  1.45438135e+16  3.70331974e+10  1.17856848e+10  3.14316386e+12  8.13999857e+09
 3.88250000e+03  7.19797071e+16  1.77589735e+16  3.87556946e+10  1.43911130e+10  3.14316386e+12  8.13999857e+09
 3.88400000e+03  7.49632209e+16  2.08581599e+16  4.03620939e+10  1.69025612e+10  3.14316386e+12  8.13999857e+09
 3.88550000e+03  7.77456429e+16  2.38391470e+16  4.18602203e+10  1.93182257e+10  3.14316386e+12  8.13999857e+09
 3.88700000e+03  8.03405271e+16  2.67008601e+16  4.32573715e+10  2.16372357e+10  3.14316386e+12  8.13999857e+09
 3.88850000e+03  8.27605136e+16  2.94431987e+16  4.45603535e+10  2.38595096e+10  3.14316386e+12  8.13999857e+09
 3.89000000e+03  8.50173906e+16  3.20668802e+16  4.57755132e+10  2.59856290e+10  3.14316386e+12  8.13999857e+09
 3.89000000e+03  8.50173906e+16  3.20668802e+16  4.57755132e+10  2.59856290e+10  3.14316386e+12  8.13185858e+09
 3.89002500e+03  8.49185730e+16  3.21095315e+16  4.57223072e+10  2.60201918e+10  3.14316386e+12  8.13185858e+09
 3.89005000e+03  8.48198702e+16  3.21519935e+16  4.56691632e+10  2.60546012e+10  3.14316386e+12  8.13185858e+09
 3.89007500e+03  8.47212822e+16  3.21942666e+16  4.56160809e+10  2.60888575e+10  3.14316386e+12  8.13185858e+09
 3.89010000e+03  8.46228087e+16  3.22363513e+16  4.55630603e+10  2.61229611e+10  3.14316386e+12  8.13185858e+09
 3.89012500e+03  8.45244497e+16  3.22782480e+16  4.55101013e+10  2.61569124e+10  3.14316386e+12  8.13185858e+09
 3.89015000e+03  8.44262050e+16  3.23199572e+16  4.54572039e+10  2.61907118e+10  3.14316386e+12  8.13185858e+09
 3.89017500e+03  8.43280745e+16  3.23614794e+16  4.54043679e+10  2.62243596e+10  3.14316386e+12  8.13185858e+09
 3.89020000e+03  8.42300581e+16  3.24028150e+16  4.53515934e+10  2.62578562e+10  3.14316386e+12  8.13185858e+09
 3.89022500e+03  8.41321556e+16  3.24439645e+16  4.52988802e+10  2.62912020e+10  3.14316386e+12  8.13185858e+09
 3.89025000e+03  8.40343669e+16  3.24849283e+16  4.52462283e+10  2.63243973e+10  3.14316386e+12  8.13185858e+09
 3.89025000e+03  8.40343669e+16  0.00000000e+00  4.52462283e+10  0.00000000e+00  3.16050181e+12  8.12372672e+09
 3.89120000e+03  8.04014248e+16  3.51389511e+15  4.32901604e+10  2.84751039e+09  3.16050181e+12  8.12372672e+09
 3.89215000e+03  7.69255407e+16  6.64975862e+15  4.14186565e+10  5.38868014e+09  3.16050181e+12  8.12372672e+09
 3.89310000e+03  7.35999246e+16  9.43848437e+15  3.96280607e+10  7.64854428e+09  3.16050181e+12  8.12372672e+09
 3.89405000e+03  7.04180804e+16  1.19086942e+16  3.79148753e+10  9.65029675e+09  3.16050181e+12  8.12372672e+09
 3.89500000e+03  6.73737925e+16  1.40868966e+16  3.62757537e+10  1.14154188e+10  3.16050181e+12  8.12372672e+09
 3.89595000e+03  6.44611140e+16  1.59976342e+16  3.47074940e+10  1.29637989e+10  3.16050181e+12  8.12372672e+09
 3.89690000e+03  6.16743554e+16  1.76636216e+16  3.32070327e+10  1.43138439e+10  3.16050181e+12  8.12372672e+09
 3.89785000e+03  5.90080729e+16  1.91058740e+16  3.17714387e+10  1.54825836e+10  3.16050181e+12  8.12372672e+09
 3.89880000e+03  5.64570581e+16  2.03438265e+16  3.03979078e+10  1.64857674e+10  3.16050181e+12  8.12372672e+09
 3.89975000e+03  5.40163278e+16  2.13954458e+16  2.90837569e+10  1.73379547e+10  3.16050181e+12  8.12372672e+09
 3.89975000e+03  5.40163278e+16  0.00000000e+00  2.90837569e+10  0.00000000e+00  3.16050181e+12  8.12372672e+09
 3.89977500e+03  5.39535434e+16  6.27294722e+13  2.90499522e+10  5.08332828e+07  3.16050181e+12  8.12372672e+09
 3.89980000e+03  5.38908320e+16  1.25276329e+14  2.90161868e+10  1.01518582e+08  3.16050181e+12  8.12372672e+09
 3.89982500e+03  5.38281934e+16  1.87640973e+14  2.89824606e+10  1.52056224e+08  3.16050181e+12  8.12372672e+09
 3.89985000e+03  5.37656277e+16  2.49823810e+14  2.89487737e+10  2.02446537e+08  3.16050181e+12  8.12372672e+09
 3.89987500e+03  5.37031347e+16  3.11825241e+14  2.89151259e+10  2.52689846e+08  3.16050181e+12  8.12372672e+09
 3.89990000e+03  5.36407143e+16  3.73645667e+14  2.88815171e+10  3.02786477e+08  3.16050181e+12  8.12372672e+09
 3.89992500e+03  5.35783665e+16  4.35285491e+14  2.88479475e+10  3.52736755e+08  3.16050181e+12  8.12372672e+09
 3.89995000e+03  5.35160912e+16  4.96745111e+14  2.88144169e+10  4.02541004e+08  3.16050181e+12  8.12372672e+09
 3.89997500e+03  5.34538882e+16  5.58024927e+14  2.87809252e+10  4.52199548e+08  3.16050181e+12  8.12372672e+09
 3.90000000e+03  5.33917576e+16  6.19125339e+14  2.87474725e+10  5.01712709e+08  3.16050181e+12  8.12372672e+09
 3.90000000e+03  5.33917576e+16  6.19125339e+14  2.87474725e+10  5.01712709e+08  3.16050181e+12  8.12372672e+09
 3.90150000e+03  5.76124546e+16  4.23796956e+15  3.10200026e+10  3.43426937e+09  3.16050181e+12  8.12372672e+09
 3.90300000e+03  6.15486727e+16  7.76591644e+15  3.31393619e+10  6.29316672e+09  3.16050181e+12  8.12372672e+09
 3.90450000e+03  6.52195859e+16  1.11938375e+16  3.51158744e+10  9.07100742e+09  3.16050181e+12  8.12372672e+09
 3.90600000e+03  6.86430760e+16  1.45147404e+16  3.69591681e+10  1.17621252e+10  3.16050181e+12  8.12372672e+09
 3.90750000e+03  7.18358197e+16  1.77234734e+16  3.86782220e+10  1.43623452e+10  3.16050181e+12  8.12372672e+09
 3.90900000e+03  7.48133694e+16  2.08164645e+16  4.02814101e+10  1.68687730e+10  3.16050181e+12  8.12372672e+09
 3.91050000e+03  7.75902294e+16  2.37914925e+16  4.17765417e+10  1.92796085e+10  3.16050181e+12  8.12372672e+09
 3.91200000e+03  8.01799263e+16  2.66474851e+16  4.31709000e+10  2.15939829e+10  3.16050181e+12  8.12372672e+09
 3.91350000e+03  8.25950753e+16  2.93843417e+16  4.44712773e+10  2.38118145e+10  3.16050181e+12  8.12372672e+09
 3.91500000e+03  8.48474409e+16  3.20027785e+16  4.56840079e+10  2.59336837e+10  3.16050181e+12  8.12372672e+09
 3.91500000e+03  8.48474409e+16  3.20027785e+16  4.56840079e+10  2.59336837e+10  3.16050181e+12  8.11560299e+09
 3.91502500e+03  8.47488208e+16  3.20453446e+16  4.56309084e+10  2.59681774e+10  3.16050181e+12  8.11560299e+09
 3.91505000e+03  8.46503153e+16  3.20877217e+16  4.55778705e+10  2.60025180e+10  3.16050181e+12  8.11560299e+09
 3.91507500e+03  8.45519243e+16  3.21299103e+16  4.55248943e+10  2.60367058e+10  3.16050181e+12  8.11560299e+09
 3.91510000e+03  8.44536477e+16  3.21719108e+16  4.54719797e+10  2.60707413e+10  3.16050181e+12  8.11560299e+09
 3.91512500e+03  8.43554853e+16  3.22137238e+16  4.54191266e+10  2.61046247e+10  3.16050181e+12  8.11560299e+09
 3.91515000e+03  8.42574370e+16  3.22553496e+16  4.53663349e+10  2.61383565e+10  3.16050181e+12  8.11560299e+09
 3.91517500e+03  8.41595027e+16  3.22967888e+16  4.53136046e+10  2.61719371e+10  3.16050181e+12  8.11560299e+09
 3.91520000e+03  8.40616822e+16  3.23380418e+16  4.52609356e+10  2.62053667e+10  3.16050181e+12  8.11560299e+09
 3.91522500e+03  8.39639754e+16  3.23791090e+16  4.52083278e+10  2.62386458e+10  3.16050181e+12  8.11560299e+09
 3.91525000e+03  8.38663822e+16  3.24199909e+16  4.51557811e+10  2.62717748e+10  3.16050181e+12  8.11560299e+09
 3.91525000e+03  8.38663822e+16  0.00000000e+00  4.51557811e+10  0.00000000e+00  3.17780511e+12  8.10748739e+09
 3.91620000e+03  8.02407023e+16  3.50687083e+15  4.32036234e+10  2.84181822e+09  3.17780511e+12  8.10748739e+09
 3.91715000e+03  7.67717665e+16  6.63646576e+15  4.13358606e+10  5.37790817e+09  3.17780511e+12  8.10748739e+09
 3.91810000e+03  7.34527984e+16  9.41961684e+15  3.95488442e+10  7.63325484e+09  3.17780511e+12  8.10748739e+09
 3.91905000e+03  7.02773147e+16  1.18848887e+16  3.78390835e+10  9.63100581e+09  3.17780511e+12  8.10748739e+09
 3.92000000e+03  6.72391122e+16  1.40587369e+16  3.62032385e+10  1.13925994e+10  3.17780511e+12  8.10748739e+09
 3.92095000e+03  6.43322563e+16  1.59656549e+16  3.46381137e+10  1.29378843e+10  3.17780511e+12  8.10748739e+09
 3.92190000e+03  6.15510684e+16  1.76283120e+16  3.31406518e+10  1.42852305e+10  3.17780511e+12  8.10748739e+09
 3.92285000e+03  5.88901157e+16  1.90676814e+16  3.17079276e+10  1.54516339e+10  3.17780511e+12  8.10748739e+09
 3.92380000e+03  5.63442004e+16  2.03031592e+16  3.03371424e+10  1.64528124e+10  3.17780511e+12  8.10748739e+09
 3.92475000e+03  5.39083492e+16  2.13526763e+16  2.90256185e+10  1.73032961e+10  3.17780511e+12  8.10748739e+09
 3.92475000e+03  5.39083492e+16  0.00000000e+00  2.90256185e+10  0.00000000e+00  3.17780511e+12  8.10748739e+09
 3.92477500e+03  5.38456903e+16  6.26040760e+13  2.89918814e+10  5.07316671e+07  3.17780511e+12  8.10748739e+09
 3.92480000e+03  5.37831042e+16  1.25025901e+14  2.89581834e+10  1.01315646e+08  3.17780511e+12  8.10748739e+09
 3.92482500e+03  5.37205909e+16  1.87265879e+14  2.89245247e+10  1.51752264e+08  3.17780511e+12  8.10748739e+09
 3.92485000e+03  5.36581502e+16  2.49324412e+14  2.88909051e+10  2.02041846e+08  3.17780511e+12  8.10748739e+09
 3.92487500e+03  5.35957821e+16  3.11201902e+14  2.88573245e+10  2.52184719e+08  3.17780511e+12  8.10748739e+09
 3.92490000e+03  5.35334866e+16  3.72898750e+14  2.88237830e+10  3.02181207e+08  3.17780511e+12  8.10748739e+09
 3.92492500e+03  5.34712634e+16  4.34415355e+14  2.87902805e+10  3.52031634e+08  3.17780511e+12  8.10748739e+09
 3.92495000e+03  5.34091125e+16  4.95752118e+14  2.87568169e+10  4.01736324e+08  3.17780511e+12  8.10748739e+09
 3.92497500e+03  5.33470339e+16  5.56909436e+14  2.87233922e+10  4.51295601e+08  3.17780511e+12  8.10748739e+09
 3.92500000e+03  5.32850274e+16  6.17887707e+14  2.86900063e+10  5.00709785e+08  3.17780511e+12  8.10748739e+09
 3.92500000e+03  5.32850274e+16  6.17887707e+14  2.86900063e+10  5.00709785e+08  3.17780511e+12  8.10748739e+09
 3.92650000e+03  5.74972873e+16  4.22949786e+15  3.09579936e+10  3.42740427e+09  3.17780511e+12  8.10748739e+09
 3.92800000e+03  6.14256369e+16  7.75039237e+15  3.30731163e+10  6.28058668e+09  3.17780511e+12  8.10748739e+09
 3.92950000e+03  6.50892119e+16  1.11714610e+16  3.50456778e+10  9.05287448e+09  3.17780511e+12  8.10748739e+09
 3.93100000e+03  6.85058585e+16  1.44857255e+16  3.68852867e+10  1.17386127e+10  3.17780511e+12  8.10748739e+09
 3.93250000e+03  7.16922199e+16  1.76880441e+16  3.86009042e+10  1.43336349e+10  3.17780511e+12  8.10748739e+09
 3.93400000e+03  7.46638174e+16  2.07748524e+16  4.02008875e+10  1.68350523e+10  3.17780511e+12  8.10748739e+09
 3.93550000e+03  7.74351265e+16  2.37439333e+16  4.16930304e+10  1.92410686e+10  3.17780511e+12  8.10748739e+09
 3.93700000e+03  8.00196467e+16  2.65942168e+16  4.30846014e+10  2.15508165e+10  3.17780511e+12  8.10748739e+09
 3.93850000e+03  8.24299677e+16  2.93256024e+16  4.43823792e+10  2.37642147e+10  3.17780511e+12  8.10748739e+09
 3.94000000e+03  8.46778308e+16  3.19388050e+16  4.55926856e+10  2.58818423e+10  3.17780511e+12  8.10748739e+09
 3.94000000e+03  8.46778308e+16  3.19388050e+16  4.55926856e+10  2.58818423e+10  3.17780511e+12  8.09937990e+09
 3.94002500e+03  8.45794079e+16  3.19812859e+16  4.55396922e+10  2.59162671e+10  3.17780511e+12  8.09937990e+09
 3.94005000e+03  8.44810993e+16  3.20235783e+16  4.54867604e+10  2.59505390e+10  3.17780511e+12  8.09937990e+09
 3.94007500e+03  8.43829050e+16  3.20656826e+16  4.54338901e+10  2.59846585e+10  3.17780511e+12  8.09937990e+09
 3.94010000e+03  8.42848249e+16  3.21075992e+16  4.53810812e+10  2.60186259e+10  3.17780511e+12  8.09937990e+09
 3.94012500e+03  8.41868587e+16  3.21493285e+16  4.53283338e+10  2.60524416e+10  3.17780511e+12  8.09937990e+09
 3.94015000e+03  8.40890064e+16  3.21908712e+16  4.52756476e+10  2.60861060e+10  3.17780511e+12  8.09937990e+09
 3.94017500e+03  8.39912679e+16  3.22322275e+16  4.52230227e+10  2.61196194e+10  3.17780511e+12  8.09937990e+09
 3.94020000e+03  8.38936429e+16  3.22733980e+16  4.51704590e+10  2.61529822e+10  3.17780511e+12  8.09937990e+09
 3.94022500e+03  8.37961315e+16  3.23143832e+16  4.51179563e+10  2.61861948e+10  3.17780511e+12  8.09937990e+09
 3.94025000e+03  8.36987333e+16  3.23551834e+16  4.50655147e+10  2.62192576e+10  3.17780511e+12  8.09937990e+09
 3.94025000e+03  8.36987333e+16  0.00000000e+00  4.50655147e+10  0.00000000e+00  3.19507382e+12  8.09128052e+09
 3.94120000e+03  8.00803012e+16  3.49986060e+15  4.31172593e+10  2.83613742e+09  3.19507382e+12  8.09128052e+09
 3.94215000e+03  7.66182997e+16  6.62319946e+15  4.12532302e+10  5.36715773e+09  3.19507382e+12  8.09128052e+09
 3.94310000e+03  7.33059662e+16  9.40078703e+15  3.94697861e+10  7.61799596e+09  3.19507382e+12  8.09128052e+09
 3.94405000e+03  7.01368303e+16  1.18611309e+16  3.77634432e+10  9.61175343e+09  3.19507382e+12  8.09128052e+09
 3.94500000e+03  6.71047013e+16  1.40306335e+16  3.61308682e+10  1.13698256e+10  3.19507382e+12  8.09128052e+09
 3.94595000e+03  6.42036561e+16  1.59337396e+16  3.45688721e+10  1.29120214e+10  3.19507382e+12  8.09128052e+09
 3.94690000e+03  6.14280278e+16  1.75930730e+16  3.30744036e+10  1.42566744e+10  3.19507382e+12  8.09128052e+09
 3.94785000e+03  5.87723944e+16  1.90295651e+16  3.16445435e+10  1.54207461e+10  3.19507382e+12  8.09128052e+09
 3.94880000e+03  5.62315684e+16  2.02625732e+16  3.02764985e+10  1.64199232e+10  3.19507382e+12  8.09128052e+09
 3.94975000e+03  5.38005864e+16  2.13099923e+16  2.89675963e+10  1.72687068e+10  3.19507382e+12  8.09128052e+09
 3.94975000e+03  5.38005864e+16  0.00000000e+00  2.89675963e+10  0.00000000e+00  3.19507382e+12  8.09128052e+09
 3.94977500e+03  5.37380527e+16  6.24789304e+13  2.89339266e+10  5.06302545e+07  3.19507382e+12  8.09128052e+09
 3.94980000e+03  5.36755918e+16  1.24775974e+14  2.89002960e+10  1.01113116e+08  3.19507382e+12  8.09128052e+09
 3.94982500e+03  5.36132034e+16  1.86891535e+14  2.88667046e+10  1.51448911e+08  3.19507382e+12  8.09128052e+09
 3.94985000e+03  5.35508876e+16  2.48826013e+14  2.88331521e+10  2.01637964e+08  3.19507382e+12  8.09128052e+09
 3.94987500e+03  5.34886442e+16  3.10579809e+14  2.87996387e+10  2.51680601e+08  3.19507382e+12  8.09128052e+09
 3.94990000e+03  5.34264731e+16  3.72153325e+14  2.87661643e+10  3.01577146e+08  3.19507382e+12  8.09128052e+09
 3.94992500e+03  5.33643743e+16  4.33546959e+14  2.87327287e+10  3.51327923e+08  3.19507382e+12  8.09128052e+09
 3.94995000e+03  5.33023477e+16  4.94761109e+14  2.86993320e+10  4.00933254e+08  3.19507382e+12  8.09128052e+09
 3.94997500e+03  5.32403932e+16  5.55796174e+14  2.86659741e+10  4.50393461e+08  3.19507382e+12  8.09128052e+09
 3.95000000e+03  5.31785107e+16  6.16652550e+14  2.86326550e+10  4.99708867e+08  3.19507382e+12  8.09128052e+09
 3.95000000e+03  5.31785107e+16  6.16652550e+14  2.86326550e+10  4.99708867e+08  3.19507382e+12  8.09128052e+09
 3.95150000e+03  5.73823503e+16  4.22104309e+15  3.08961085e+10  3.42055289e+09  3.19507382e+12  8.09128052e+09
 3.95300000e+03  6.13028470e+16  7.73489934e+15  3.30070032e+10  6.26803179e+09  3.19507382e+12  8.09128052e+09
 3.95450000e+03  6.49590986e+16  1.11491293e+16  3.49756215e+10  9.03477778e+09  3.19507382e+12  8.09128052e+09
 3.95600000e+03  6.83689153e+16  1.44567685e+16  3.68115530e+10  1.17151472e+10  3.19507382e+12  8.09128052e+09
 3.95750000e+03  7.15489071e+16  1.76526857e+16  3.85237410e+10  1.43049819e+10  3.19507382e+12  8.09128052e+09
 3.95900000e+03  7.45145645e+16  2.07333234e+16  4.01205259e+10  1.68013990e+10  3.19507382e+12  8.09128052e+09
 3.96050000e+03  7.72803337e+16  2.36964692e+16  4.16096860e+10  1.92026057e+10  3.19507382e+12  8.09128052e+09
 3.96200000e+03  7.98596874e+16  2.65410550e+16  4.29984753e+10  2.15077364e+10  3.19507382e+12  8.09128052e+09
 3.96350000e+03  8.22651902e+16  2.92669806e+16  4.42936589e+10  2.37167100e+10  3.19507382e+12  8.09128052e+09
 3.96500000e+03  8.45085599e+16  3.18749593e+16  4.55015458e+10  2.58301045e+10  3.19507382e+12  8.09128052e+09
 3.96500000e+03  8.45085599e+16  3.18749593e+16  4.55015458e+10  2.58301045e+10  3.19507382e+12  8.08318924e+09
 3.96502500e+03  8.44103336e+16  3.19173554e+16  4.54486583e+10  2.58644604e+10  3.19507382e+12  8.08318924e+09
 3.96505000e+03  8.43122216e+16  3.19595632e+16  4.53958323e+10  2.58986639e+10  3.19507382e+12  8.08318924e+09
 3.96507500e+03  8.42142236e+16  3.20015833e+16  4.53430677e+10  2.59327151e+10  3.19507382e+12  8.08318924e+09
 3.96510000e+03  8.41163395e+16  3.20434161e+16  4.52903644e+10  2.59666146e+10  3.19507382e+12  8.08318924e+09
 3.96512500e+03  8.40185692e+16  3.20850620e+16  4.52377224e+10  2.60003628e+10  3.19507382e+12  8.08318924e+09
 3.96515000e+03  8.39209125e+16  3.21265216e+16  4.51851416e+10  2.60339598e+10  3.19507382e+12  8.08318924e+09
 3.96517500e+03  8.38233693e+16  3.21677953e+16  4.51326219e+10  2.60674062e+10  3.19507382e+12  8.08318924e+09
 3.96520000e+03  8.37259395e+16  3.22088835e+16  4.50801632e+10  2.61007024e+10  3.19507382e+12  8.08318924e+09
 3.96522500e+03  8.36286230e+16  3.22497867e+16  4.50277655e+10  2.61338486e+10  3.19507382e+12  8.08318924e+09
 3.96525000e+03  8.35314195e+16  3.22905054e+16  4.49754287e+10  2.61668453e+10  3.19507382e+12  8.08318924e+09
 3.96525000e+03  8.35314195e+16  0.00000000e+00  4.49754287e+10  0.00000000e+00  3.21230800e+12  8.07510605e+09
 3.96620000e+03  7.99202207e+16  3.49286438e+15  4.30310679e+10  2.83046798e+09  3.21230800e+12  8.07510605e+09
 3.96715000e+03  7.64651398e+16  6.60995969e+15  4.11707650e+10  5.35642878e+09  3.21230800e+12  8.07510605e+09
 3.96810000e+03  7.31594276e+16  9.38199485e+15  3.93908860e+10  7.60276758e+09  3.21230800e+12  8.07510605e+09
 3.96905000e+03  6.99966268e+16  1.18374205e+16  3.76879540e+10  9.59253953e+09  3.21230800e+12  8.07510605e+09
 3.97000000e+03  6.69705590e+16  1.40025862e+16  3.60586426e+10  1.13470973e+10  3.21230800e+12  8.07510605e+09
 3.97095000e+03  6.40753130e+16  1.59018880e+16  3.44997689e+10  1.28862103e+10  3.21230800e+12  8.07510605e+09
 3.97190000e+03  6.13052332e+16  1.75579045e+16  3.30082879e+10  1.42281753e+10  3.21230800e+12  8.07510605e+09
 3.97285000e+03  5.86549084e+16  1.89915250e+16  3.15812860e+10  1.53899200e+10  3.21230800e+12  8.07510605e+09
 3.97380000e+03  5.61191615e+16  2.02220683e+16  3.02159758e+10  1.63870998e+10  3.21230800e+12  8.07510605e+09
 3.97475000e+03  5.36930390e+16  2.12673936e+16  2.89096901e+10  1.72341867e+10  3.21230800e+12  8.07510605e+09
 3.97475000e+03  5.36930390e+16  0.00000000e+00  2.89096901e+10  0.00000000e+00  3.21230800e+12  8.07510605e+09
 3.97477500e+03  5.36306304e+16  6.23540350e+13  2.88760877e+10  5.05290446e+07  3.21230800e+12  8.07510605e+09
 3.97480000e+03  5.35682943e+16  1.24526547e+14  2.88425243e+10  1.00910991e+08  3.21230800e+12  8.07510605e+09
 3.97482500e+03  5.35060306e+16  1.86517939e+14  2.88090000e+10  1.51146164e+08  3.21230800e+12  8.07510605e+09
 3.97485000e+03  5.34438394e+16  2.48328610e+14  2.87755147e+10  2.01234890e+08  3.21230800e+12  8.07510605e+09
 3.97487500e+03  5.33817204e+16  3.09958960e+14  2.87420682e+10  2.51177492e+08  3.21230800e+12  8.07510605e+09
 3.97490000e+03  5.33196736e+16  3.71409391e+14  2.87086607e+10  3.00974294e+08  3.21230800e+12  8.07510605e+09
 3.97492500e+03  5.32576989e+16  4.32680298e+14  2.86752920e+10  3.50625618e+08  3.21230800e+12  8.07510605e+09
 3.97495000e+03  5.31957963e+16  4.93772082e+14  2.86419620e+10  4.00131788e+08  3.21230800e+12  8.07510605e+09
 3.97497500e+03  5.31339656e+16  5.54685137e+14  2.86086708e+10  4.49493124e+08  3.21230800e+12  8.07510605e+09
 3.97500000e+03  5.30722068e+16  6.15419861e+14  2.85754183e+10  4.98709949e+08  3.21230800e+12  8.07510605e+09
 3.97500000e+03  5.30722068e+16  6.15419861e+14  2.85754183e+10  4.98709949e+08  3.21230800e+12  8.07510605e+09
 3.97650000e+03  5.72676429e+16  4.21260523e+15  3.08343472e+10  3.41371520e+09  3.21230800e+12  8.07510605e+09
 3.97800000e+03  6.11803026e+16  7.71943727e+15  3.29410222e+10  6.25550199e+09  3.21230800e+12  8.07510605e+09
 3.97950000e+03  6.48292454e+16  1.11268422e+16  3.49057052e+10  9.01671726e+09  3.21230800e+12  8.07510605e+09
 3.98100000e+03  6.82322459e+16  1.44278694e+16  3.67379667e+10  1.16917286e+10  3.21230800e+12  8.07510605e+09
 3.98250000e+03  7.14058809e+16  1.76173980e+16  3.84467321e+10  1.42763863e+10  3.21230800e+12  8.07510605e+09
 3.98400000e+03  7.43656099e+16  2.06918775e+16  4.00403250e+10  1.67678131e+10  3.21230800e+12  8.07510605e+09
 3.98550000e+03  7.71258503e+16  2.36491000e+16  4.15265083e+10  1.91642197e+10  3.21230800e+12  8.07510605e+09
 3.98700000e+03  7.97000479e+16  2.64879994e+16  4.29125213e+10  2.14647424e+10  3.21230800e+12  8.07510605e+09
 3.98850000e+03  8.21007421e+16  2.92084759e+16  4.42051158e+10  2.36693003e+10  3.21230800e+12  8.07510605e+09
 3.99000000e+03  8.43396272e+16  3.18112413e+16  4.54105882e+10  2.57784701e+10  3.21230800e+12  8.07510605e+09
 3.99000000e+03  8.43396272e+16  3.18112413e+16  4.54105882e+10  2.57784701e+10  3.21230800e+12  8.06703094e+09
 3.99002500e+03  8.42415974e+16  3.18535526e+16  4.53578065e+10  2.58127574e+10  3.21230800e+12  8.06703094e+09
 3.99005000e+03  8.41436815e+16  3.18956760e+16  4.53050861e+10  2.58468924e+10  3.21230800e+12  8.06703094e+09
 3.99007500e+03  8.40458794e+16  3.19376121e+16  4.52524269e+10  2.58808756e+10  3.21230800e+12  8.06703094e+09
 3.99010000e+03  8.39481909e+16  3.19793613e+16  4.51998290e+10  2.59147074e+10  3.21230800e+12  8.06703094e+09
 3.99012500e+03  8.38506161e+16  3.20209240e+16  4.51472922e+10  2.59483880e+10  3.21230800e+12  8.06703094e+09
 3.99015000e+03  8.37531546e+16  3.20623007e+16  4.50948165e+10  2.59819179e+10  3.21230800e+12  8.06703094e+09
 3.99017500e+03  8.36558064e+16  3.21034919e+16  4.50424018e+10  2.60152975e+10  3.21230800e+12  8.06703094e+09
 3.99020000e+03  8.35585714e+16  3.21444979e+16  4.49900480e+10  2.60485271e+10  3.21230800e+12  8.06703094e+09
 3.99022500e+03  8.34614494e+16  3.21853194e+16  4.49377550e+10  2.60816070e+10  3.21230800e+12  8.06703094e+09
 3.99025000e+03  8.33644402e+16  3.22259567e+16  4.48855229e+10  2.61145377e+10  3.21230800e+12  8.06703094e+09
 3.99025000e+03  8.33644402e+16  0.00000000e+00  4.48855229e+10  0.00000000e+00  3.22950774e+12  8.05896391e+09
 3.99120000e+03  7.97604601e+16  3.48588214e+15  4.29450488e+10  2.82480988e+09  3.22950774e+12  8.05896391e+09
 3.99215000e+03  7.63122859e+16  6.59674638e+15  4.10884646e+10  5.34572128e+09  3.22950774e+12  8.05896391e+09
 3.99310000e+03  7.30131819e+16  9.36324025e+15  3.93121436e+10  7.58756965e+09  3.22950774e+12  8.05896391e+09
 3.99405000e+03  6.98567035e+16  1.18137575e+16  3.76126158e+10  9.57336404e+09  3.22950774e+12  8.05896391e+09
 3.99500000e+03  6.68366848e+16  1.39745951e+16  3.59865614e+10  1.13244145e+10  3.22950774e+12  8.05896391e+09
 3.99595000e+03  6.39472264e+16  1.58701001e+16  3.44308039e+10  1.28604508e+10  3.22950774e+12  8.05896391e+09
 3.99690000e+03  6.11826840e+16  1.75228062e+16  3.29423043e+10  1.41997331e+10  3.22950774e+12  8.05896391e+09
 3.99785000e+03  5.85376572e+16  1.89535609e+16  3.15181550e+10  1.53591556e+10  3.22950774e+12  8.05896391e+09
 3.99880000e+03  5.60069793e+16  2.01816444e+16  3.01555740e+10  1.63543419e+10  3.22950774e+12  8.05896391e+09
 3.99975000e+03  5.35857066e+16  2.12248801e+16  2.88518996e+10  1.71997356e+10  3.22950774e+12  8.05896391e+09
 3.99975000e+03  5.35857066e+16  0.00000000e+00  2.88518996e+10  0.00000000e+00  3.22950774e+12  8.05896391e+09
 3.99977500e+03  5.35234227e+16  6.22293893e+13  2.88183644e+10  5.04280370e+07  3.22950774e+12  8.05896391e+09
 3.99980000e+03  5.34612113e+16  1.24277619e+14  2.87848681e+10  1.00709270e+08  3.22950774e+12  8.05896391e+09
 3.99982500e+03  5.33990721e+16  1.86145089e+14  2.87514108e+10  1.50844023e+08  3.22950774e+12  8.05896391e+09
 3.99985000e+03  5.33370051e+16  2.47832201e+14  2.87179924e+10  2.00832621e+08  3.22950774e+12  8.05896391e+09
 3.99987500e+03  5.32750103e+16  3.09339352e+14  2.86846129e+10  2.50675388e+08  3.22950774e+12  8.05896391e+09
 3.99990000e+03  5.32130876e+16  3.70666943e+14  2.86512721e+10  3.00372646e+08  3.22950774e+12  8.05896391e+09
 3.99992500e+03  5.31512368e+16  4.31815370e+14  2.86179701e+10  3.49924718e+08  3.22950774e+12  8.05896391e+09
 3.99995000e+03  5.30894579e+16  4.92785031e+14  2.85847067e+10  3.99331925e+08  3.22950774e+12  8.05896391e+09
 3.99997500e+03  5.30277508e+16  5.53576322e+14  2.85514821e+10  4.48594588e+08  3.22950774e+12  8.05896391e+09
 4.00000000e+03  5.29661155e+16  6.14189637e+14  2.85182961e+10  4.97713027e+08  3.22950774e+12  8.05896391e+09
 4.00000000e+03  5.29661155e+16  6.14189637e+14  2.85182961e+10  4.97713027e+08  3.22950774e+12  8.05896391e+09
 4.00150000e+03  5.71531649e+16  4.20418423e+15  3.07727094e+10  3.40689119e+09  3.22950774e+12  8.05896391e+09
 4.00300000e+03  6.10580032e+16  7.70400612e+15  3.28751731e+10  6.24299724e+09  3.22950774e+12  8.05896391e+09
 4.00450000e+03  6.46996517e+16  1.11045996e+16  3.48359287e+10  8.99869284e+09  3.22950774e+12  8.05896391e+09
 4.00600000e+03  6.80958496e+16  1.43990281e+16  3.66645275e+10  1.16683569e+10  3.22950774e+12  8.05896391e+09
 4.00750000e+03  7.12631405e+16  1.75821808e+16  3.83698771e+10  1.42478478e+10  3.22950774e+12  8.05896391e+09
 4.00900000e+03  7.42169530e+16  2.06505145e+16  3.99602844e+10  1.67342942e+10  3.22950774e+12  8.05896391e+09
 4.01050000e+03  7.69716757e+16  2.36018254e+16  4.14434968e+10  1.91259104e+10  3.22950774e+12  8.05896391e+09
 4.01200000e+03  7.95407275e+16  2.64350499e+16  4.28267392e+10  2.14218344e+10  3.22950774e+12  8.05896391e+09
 4.01350000e+03  8.19366227e+16  2.91500881e+16  4.41167498e+10  2.36219854e+10  3.22950774e+12  8.05896391e+09
 4.01500000e+03  8.41710323e+16  3.17476506e+16  4.53198124e+10  2.57269389e+10  3.22950774e+12  8.05896391e+09
 4.01500000e+03  8.41710323e+16  3.17476506e+16  4.53198124e+10  2.57269389e+10  3.22950774e+12  8.05090495e+09
 4.01502500e+03  8.40731984e+16  3.17898773e+16  4.52671362e+10  2.57611577e+10  3.22950774e+12  8.05090495e+09
 4.01505000e+03  8.39754783e+16  3.18319166e+16  4.52145212e+10  2.57952245e+10  3.22950774e+12  8.05090495e+09
 4.01507500e+03  8.38778717e+16  3.18737688e+16  4.51619673e+10  2.58291398e+10  3.22950774e+12  8.05090495e+09
 4.01510000e+03  8.37803785e+16  3.19154345e+16  4.51094745e+10  2.58629039e+10  3.22950774e+12  8.05090495e+09
 4.01512500e+03  8.36829987e+16  3.19569142e+16  4.50570428e+10  2.58965172e+10  3.22950774e+12  8.05090495e+09
 4.01515000e+03  8.35857320e+16  3.19982082e+16  4.50046720e+10  2.59299801e+10  3.22950774e+12  8.05090495e+09
 4.01517500e+03  8.34885785e+16  3.20393170e+16  4.49523620e+10  2.59632929e+10  3.22950774e+12  8.05090495e+09
 4.01520000e+03  8.33915378e+16  3.20802411e+16  4.49001129e+10  2.59964561e+10  3.22950774e+12  8.05090495e+09
 4.01522500e+03  8.32946099e+16  3.21209809e+16  4.48479245e+10  2.60294699e+10  3.22950774e+12  8.05090495e+09
 4.01525000e+03  8.31977947e+16  3.21615370e+16  4.47957967e+10  2.60623348e+10  3.22950774e+12  8.05090495e+09
 4.01525000e+03  8.31977947e+16  0.00000000e+00  4.47957967e+10  0.00000000e+00  3.24667309e+12  8.04285404e+09
 4.01620000e+03  7.96010190e+16  3.47891386e+15  4.28592017e+10  2.81916308e+09  3.24667309e+12  8.04285404e+09
 4.01715000e+03  7.61597377e+16  6.58355948e+15  4.10063288e+10  5.33503518e+09  3.24667309e+12  8.04285404e+09
 4.01810000e+03  7.28672286e+16  9.34452313e+15  3.92335586e+10  7.57240210e+09  3.24667309e+12  8.04285404e+09
 4.01905000e+03  6.97170600e+16  1.17901418e+16  3.75374282e+10  9.55422689e+09  3.24667309e+12  8.04285404e+09
 4.02000000e+03  6.67030783e+16  1.39466599e+16  3.59146242e+10  1.13017770e+10  3.24667309e+12  8.04285404e+09
 4.02095000e+03  6.38193959e+16  1.58383758e+16  3.43619767e+10  1.28347427e+10  3.24667309e+12  8.04285404e+09
 4.02190000e+03  6.10603798e+16  1.74877781e+16  3.28764527e+10  1.41713479e+10  3.24667309e+12  8.04285404e+09
 4.02285000e+03  5.84206404e+16  1.89156728e+16  3.14551502e+10  1.53284526e+10  3.24667309e+12  8.04285404e+09
 4.02380000e+03  5.58950213e+16  2.01413013e+16  3.00952930e+10  1.63216496e+10  3.24667309e+12  8.04285404e+09
 4.02475000e+03  5.34785888e+16  2.11824516e+16  2.87942246e+10  1.71653533e+10  3.24667309e+12  8.04285404e+09
 4.02475000e+03  5.34785888e+16  0.00000000e+00  2.87942246e+10  0.00000000e+00  3.24667309e+12  8.04285404e+09
 4.02477500e+03  5.34164294e+16  6.21049928e+13  2.87607565e+10  5.03272314e+07  3.24667309e+12  8.04285404e+09
 4.02480000e+03  5.33543423e+16  1.24029188e+14  2.87273272e+10  1.00507952e+08  3.24667309e+12  8.04285404e+09
 4.02482500e+03  5.32923273e+16  1.85772985e+14  2.86939368e+10  1.50542486e+08  3.24667309e+12  8.04285404e+09
 4.02485000e+03  5.32303845e+16  2.47336784e+14  2.86605852e+10  2.00431157e+08  3.24667309e+12  8.04285404e+09
 4.02487500e+03  5.31685136e+16  3.08720983e+14  2.86272723e+10  2.50174288e+08  3.24667309e+12  8.04285404e+09
 4.02490000e+03  5.31067146e+16  3.69925980e+14  2.85939982e+10  2.99772201e+08  3.24667309e+12  8.04285404e+09
 4.02492500e+03  5.30449875e+16  4.30952172e+14  2.85607627e+10  3.49225218e+08  3.24667309e+12  8.04285404e+09
 4.02495000e+03  5.29833321e+16  4.91799954e+14  2.85275659e+10  3.98533660e+08  3.24667309e+12  8.04285404e+09
 4.02497500e+03  5.29217484e+16  5.52469722e+14  2.84944077e+10  4.47697847e+08  3.24667309e+12  8.04285404e+09
 4.02500000e+03  5.28602362e+16  6.12961872e+14  2.84612880e+10  4.96718099e+08  3.24667309e+12  8.04285404e+09
 4.02500000e+03  5.28602362e+16  6.12961872e+14  2.84612880e+10  4.96718099e+08  3.24667309e+12  8.04285404e+09
 4.02650000e+03  5.70389157e+16  4.19578007e+15  3.07111947e+10  3.40008081e+09  3.24667309e+12  8.04285404e+09
 4.02800000e+03  6.09359483e+16  7.68860581e+15  3.28094556e+10  6.23051749e+09  3.24667309e+12  8.04285404e+09
 4.02950000e+03  6.45703171e+16  1.10824015e+16  3.47662917e+10  8.98070445e+09  3.24667309e+12  8.04285404e+09
 4.03100000e+03  6.79597260e+16  1.43702444e+16  3.65912351e+10  1.16450318e+10  3.24667309e+12  8.04285404e+09
 4.03250000e+03  7.11206855e+16  1.75470341e+16  3.82931757e+10  1.42193663e+10  3.24667309e+12  8.04285404e+09
 4.03400000e+03  7.40685933e+16  2.06092341e+16  3.98804038e+10  1.67008423e+10  3.24667309e+12  8.04285404e+09
 4.03550000e+03  7.68178093e+16  2.35546454e+16  4.13606512e+10  1.90876777e+10  3.24667309e+12  8.04285404e+09
 4.03700000e+03  7.93817256e+16  2.63822062e+16  4.27411286e+10  2.13790122e+10  3.24667309e+12  8.04285404e+09
 4.03850000e+03  8.17728314e+16  2.90918171e+16  4.40285604e+10  2.35747650e+10  3.24667309e+12  8.04285404e+09
 4.04000000e+03  8.40027744e+16  3.16841870e+16  4.52292181e+10  2.56755108e+10  3.24667309e+12  8.04285404e+09
 4.04000000e+03  8.40027744e+16  3.16841870e+16  4.52292181e+10  2.56755108e+10  3.24667309e+12  8.03481119e+09
 4.04002500e+03  8.39051361e+16  3.17263293e+16  4.51766472e+10  2.57096611e+10  3.24667309e+12  8.03481119e+09
 4.04005000e+03  8.38076113e+16  3.17682846e+16  4.51241374e+10  2.57436598e+10  3.24667309e+12  8.03481119e+09
 4.04007500e+03  8.37101998e+16  3.18100532e+16  4.50716886e+10  2.57775073e+10  3.24667309e+12  8.03481119e+09
 4.04010000e+03  8.36129015e+16  3.18516356e+16  4.50193007e+10  2.58112039e+10  3.24667309e+12  8.03481119e+09
 4.04012500e+03  8.35157164e+16  3.18930323e+16  4.49669738e+10  2.58447501e+10  3.24667309e+12  8.03481119e+09
 4.04015000e+03  8.34186442e+16  3.19342437e+16  4.49147076e+10  2.58781461e+10  3.24667309e+12  8.03481119e+09
 4.04017500e+03  8.33216848e+16  3.19752704e+16  4.48625022e+10  2.59113923e+10  3.24667309e+12  8.03481119e+09
 4.04020000e+03  8.32248381e+16  3.20161127e+16  4.48103575e+10  2.59444892e+10  3.24667309e+12  8.03481119e+09
 4.04022500e+03  8.31281040e+16  3.20567711e+16  4.47582735e+10  2.59774370e+10  3.24667309e+12  8.03481119e+09
 4.04025000e+03  8.30314823e+16  3.20972461e+16  4.47062499e+10  2.60102362e+10  3.24667309e+12  8.03481119e+09
 4.04025000e+03  8.30314823e+16  0.00000000e+00  4.47062499e+10  0.00000000e+00  3.26380413e+12  8.02677638e+09
 4.04120000e+03  7.94418965e+16  3.47195951e+15  4.27735261e+10  2.81352758e+09  3.26380413e+12  8.02677638e+09
 4.04215000e+03  7.60074944e+16  6.57039895e+15  4.09243572e+10  5.32437045e+09  3.26380413e+12  8.02677638e+09
 4.04310000e+03  7.27215670e+16  9.32584343e+15  3.91551307e+10  7.55726487e+09  3.26380413e+12  8.02677638e+09
 4.04405000e+03  6.95776956e+16  1.17665733e+16  3.74623909e+10  9.53512799e+09  3.26380413e+12  8.02677638e+09
 4.04500000e+03  6.65697388e+16  1.39187805e+16  3.58428309e+10  1.12791847e+10  3.26380413e+12  8.02677638e+09
 4.04595000e+03  6.36918209e+16  1.58067149e+16  3.42932871e+10  1.28090861e+10  3.26380413e+12  8.02677638e+09
 4.04690000e+03  6.09383201e+16  1.74528201e+16  3.28107326e+10  1.41430194e+10  3.26380413e+12  8.02677638e+09
 4.04785000e+03  5.83038576e+16  1.88778603e+16  3.13922714e+10  1.52978111e+10  3.26380413e+12  8.02677638e+09
 4.04880000e+03  5.57832872e+16  2.01010388e+16  3.00351325e+10  1.62890226e+10  3.26380413e+12  8.02677638e+09
 4.04975000e+03  5.33716851e+16  2.11401078e+16  2.87366650e+10  1.71310397e+10  3.26380413e+12  8.02677638e+09
 4.04975000e+03  5.33716851e+16  0.00000000e+00  2.87366650e+10  0.00000000e+00  3.26380413e+12  8.02677638e+09
 4.04977500e+03  5.33096500e+16  6.19808449e+13  2.87032637e+10  5.02266273e+07  3.26380413e+12  8.02677638e+09
 4.04980000e+03  5.32476870e+16  1.23781253e+14  2.86699013e+10  1.00307037e+08  3.26380413e+12  8.02677638e+09
 4.04982500e+03  5.31857960e+16  1.85401625e+14  2.86365776e+10  1.50241552e+08  3.26380413e+12  8.02677638e+09
 4.04985000e+03  5.31239769e+16  2.46842358e+14  2.86032926e+10  2.00030495e+08  3.26380413e+12  8.02677638e+09
 4.04987500e+03  5.30622297e+16  3.08103850e+14  2.85700464e+10  2.49674190e+08  3.26380413e+12  8.02677638e+09
 4.04990000e+03  5.30005543e+16  3.69186498e+14  2.85368388e+10  2.99172957e+08  3.26380413e+12  8.02677638e+09
 4.04992500e+03  5.29389505e+16  4.30090698e+14  2.85036698e+10  3.48527117e+08  3.26380413e+12  8.02677638e+09
 4.04995000e+03  5.28774184e+16  4.90816846e+14  2.84705393e+10  3.97736991e+08  3.26380413e+12  8.02677638e+09
 4.04997500e+03  5.28159578e+16  5.51365336e+14  2.84374474e+10  4.46802899e+08  3.26380413e+12  8.02677638e+09
 4.05000000e+03  5.27545686e+16  6.11736561e+14  2.84043939e+10  4.95725160e+08  3.26380413e+12  8.02677638e+09
 4.05000000e+03  5.27545686e+16  6.11736561e+14  2.84043939e+10  4.95725160e+08  3.26380413e+12  8.02677638e+09
 4.05150000e+03  5.69248949e+16  4.18739270e+15  3.06498030e+10  3.39328405e+09  3.26380413e+12  8.02677638e+09
 4.05300000e+03  6.08141373e+16  7.67323629e+15  3.27438695e+10  6.21806269e+09  3.26380413e+12  8.02677638e+09
 4.05450000e+03  6.44412410e+16  1.10602478e+16  3.46967939e+10  8.96275203e+09  3.26380413e+12  8.02677638e+09
 4.05600000e+03  6.78238745e+16  1.43415183e+16  3.65180893e+10  1.16217534e+10  3.26380413e+12  8.02677638e+09
 4.05750000e+03  7.09785153e+16  1.75119575e+16  3.82166276e+10  1.41909418e+10  3.26380413e+12  8.02677638e+09
 4.05900000e+03  7.39205302e+16  2.05680362e+16  3.98006829e+10  1.66674574e+10  3.26380413e+12  8.02677638e+09
 4.06050000e+03  7.66642505e+16  2.35075596e+16  4.12779713e+10  1.90495215e+10  3.26380413e+12  8.02677638e+09
 4.06200000e+03  7.92230415e+16  2.63294682e+16  4.26556891e+10  2.13362755e+10  3.26380413e+12  8.02677638e+09
 4.06350000e+03  8.16093675e+16  2.90336626e+16  4.39405473e+10  2.35276391e+10  3.26380413e+12  8.02677638e+09
 4.06500000e+03  8.38348529e+16  3.16208503e+16  4.51388049e+10  2.56241854e+10  3.26380413e+12  8.02677638e+09
 4.06500000e+03  8.38348529e+16  3.16208503e+16  4.51388049e+10  2.56241854e+10  3.26380413e+12  8.01874960e+09
 4.06502500e+03  8.37374097e+16  3.16629084e+16  4.50863391e+10  2.56582675e+10  3.26380413e+12  8.01874960e+09
 4.06505000e+03  8.36400799e+16  3.17047798e+16  4.50339342e+10  2.56921983e+10  3.26380413e+12  8.01874960e+09
 4.06507500e+03  8.35428631e+16  3.17464649e+16  4.49815902e+10  2.57259781e+10  3.26380413e+12  8.01874960e+09
 4.06510000e+03  8.34457593e+16  3.17879642e+16  4.49293071e+10  2.57596073e+10  3.26380413e+12  8.01874960e+09
 4.06512500e+03  8.33487685e+16  3.18292781e+16  4.48770848e+10  2.57930864e+10  3.26380413e+12  8.01874960e+09
 4.06515000e+03  8.32518903e+16  3.18704072e+16  4.48249231e+10  2.58264156e+10  3.26380413e+12  8.01874960e+09
 4.06517500e+03  8.31551247e+16  3.19113518e+16  4.47728221e+10  2.58595954e+10  3.26380413e+12  8.01874960e+09
 4.06520000e+03  8.30584717e+16  3.19521125e+16  4.47207816e+10  2.58926261e+10  3.26380413e+12  8.01874960e+09
 4.06522500e+03  8.29619309e+16  3.19926896e+16  4.46688017e+10  2.59255081e+10  3.26380413e+12  8.01874960e+09
 4.06525000e+03  8.28655024e+16  3.20330837e+16  4.46168821e+10  2.59582417e+10  3.26380413e+12  8.01874960e+09
 4.06525000e+03  8.28655024e+16  0.00000000e+00  4.46168821e+10  0.00000000e+00  3.28090093e+12  8.01073085e+09
 4.06620000e+03  7.92830922e+16  3.46501906e+15  4.26880219e+10  2.80790333e+09  3.28090093e+12  8.01073085e+09
 4.06715000e+03  7.58555554e+16  6.55726472e+15  4.08425494e+10  5.31372703e+09  3.28090093e+12  8.01073085e+09
 4.06810000e+03  7.25761966e+16  9.30720107e+15  3.90768596e+10  7.54215790e+09  3.28090093e+12  8.01073085e+09
 4.06905000e+03  6.94386098e+16  1.17430519e+16  3.73875036e+10  9.51606727e+09  3.28090093e+12  8.01073085e+09
 4.07000000e+03  6.64366659e+16  1.38909568e+16  3.57711811e+10  1.12566376e+10  3.28090093e+12  8.01073085e+09
 4.07095000e+03  6.35645010e+16  1.57751173e+16  3.42247348e+10  1.27834807e+10  3.28090093e+12  8.01073085e+09
 4.07190000e+03  6.08165044e+16  1.74179319e+16  3.27451440e+10  1.41147475e+10  3.28090093e+12  8.01073085e+09
 4.07285000e+03  5.81873082e+16  1.88401235e+16  3.13295182e+10  1.52672307e+10  3.28090093e+12  8.01073085e+09
 4.07380000e+03  5.56717764e+16  2.00608569e+16  2.99750923e+10  1.62564609e+10  3.28090093e+12  8.01073085e+09
 4.07475000e+03  5.32649951e+16  2.10978488e+16  2.86792204e+10  1.70967948e+10  3.28090093e+12  8.01073085e+09
 4.07475000e+03  5.32649951e+16  0.00000000e+00  2.86792204e+10  0.00000000e+00  3.28090093e+12  8.01073085e+09
 4.07477500e+03  5.32030840e+16  6.18569452e+13  2.86458859e+10  5.01262242e+07  3.28090093e+12  8.01073085e+09
 4.07480000e+03  5.31412448e+16  1.23533815e+14  2.86125901e+10  1.00106523e+08  3.28090093e+12  8.01073085e+09
 4.07482500e+03  5.30794776e+16  1.85031007e+14  2.85793331e+10  1.49941219e+08  3.28090093e+12  8.01073085e+09
 4.07485000e+03  5.30177821e+16  2.46348920e+14  2.85461147e+10  1.99630634e+08  3.28090093e+12  8.01073085e+09
 4.07487500e+03  5.29561583e+16  3.07487950e+14  2.85129349e+10  2.49175091e+08  3.28090093e+12  8.01073085e+09
 4.07490000e+03  5.28946062e+16  3.68448494e+14  2.84797936e+10  2.98574910e+08  3.28090093e+12  8.01073085e+09
 4.07492500e+03  5.28331256e+16  4.29230947e+14  2.84466909e+10  3.47830411e+08  3.28090093e+12  8.01073085e+09
 4.07495000e+03  5.27717164e+16  4.89835703e+14  2.84136267e+10  3.96941915e+08  3.28090093e+12  8.01073085e+09
 4.07497500e+03  5.27103787e+16  5.50263156e+14  2.83806009e+10  4.45909740e+08  3.28090093e+12  8.01073085e+09
 4.07500000e+03  5.26491122e+16  6.10513700e+14  2.83476135e+10  4.94734205e+08  3.28090093e+12  8.01073085e+09
 4.07500000e+03  5.26491122e+16  6.10513700e+14  2.83476135e+10  4.94734205e+08  3.28090093e+12  8.01073085e+09
 4.07650000e+03  5.68111021e+16  4.17902210e+15  3.05885341e+10  3.38650088e+09  3.28090093e+12  8.01073085e+09
 4.07800000e+03  6.06925699e+16  7.65789749e+15  3.26784145e+10  6.20563278e+09  3.28090093e+12  8.01073085e+09
 4.07950000e+03  6.43124230e+16  1.10381384e+16  3.46274350e+10  8.94483548e+09  3.28090093e+12  8.01073085e+09
 4.08100000e+03  6.76882946e+16  1.43128496e+16  3.64450896e+10  1.15985215e+10  3.28090093e+12  8.01073085e+09
 4.08250000e+03  7.08366292e+16  1.74769511e+16  3.81402326e+10  1.41625741e+10  3.28090093e+12  8.01073085e+09
 4.08400000e+03  7.37727631e+16  2.05269207e+16  3.97211213e+10  1.66341391e+10  3.28090093e+12  8.01073085e+09
 4.08550000e+03  7.65109987e+16  2.34605680e+16  4.11954566e+10  1.90114415e+10  3.28090093e+12  8.01073085e+09
 4.08700000e+03  7.90646746e+16  2.62768356e+16  4.25704203e+10  2.12936243e+10  3.28090093e+12  8.01073085e+09
 4.08850000e+03  8.14462304e+16  2.89756243e+16  4.38527102e+10  2.34806073e+10  3.28090093e+12  8.01073085e+09
 4.09000000e+03  8.36672670e+16  3.15576403e+16  4.50485725e+10  2.55729627e+10  3.28090093e+12  8.01073085e+09
 4.09000000e+03  8.36672670e+16  3.15576403e+16  4.50485725e+10  2.55729627e+10  3.28090093e+12  8.00272012e+09
 4.09002500e+03  8.35700187e+16  3.15996143e+16  4.49962115e+10  2.56069766e+10  3.28090093e+12  8.00272012e+09
 4.09005000e+03  8.34728833e+16  3.16414019e+16  4.49439114e+10  2.56408396e+10  3.28090093e+12  8.00272012e+09
 4.09007500e+03  8.33758609e+16  3.16830037e+16  4.48916720e+10  2.56745519e+10  3.28090093e+12  8.00272012e+09
 4.09010000e+03  8.32789513e+16  3.17244200e+16  4.48394934e+10  2.57081139e+10  3.28090093e+12  8.00272012e+09
 4.09012500e+03  8.31821543e+16  3.17656514e+16  4.47873755e+10  2.57415260e+10  3.28090093e+12  8.00272012e+09
 4.09015000e+03  8.30854698e+16  3.18066982e+16  4.47353181e+10  2.57747886e+10  3.28090093e+12  8.00272012e+09
 4.09017500e+03  8.29888977e+16  3.18475610e+16  4.46833212e+10  2.58079021e+10  3.28090093e+12  8.00272012e+09
 4.09020000e+03  8.28924378e+16  3.18882402e+16  4.46313848e+10  2.58408668e+10  3.28090093e+12  8.00272012e+09
 4.09022500e+03  8.27960900e+16  3.19287362e+16  4.45795087e+10  2.58736830e+10  3.28090093e+12  8.00272012e+09
 4.09025000e+03  8.26998543e+16  3.19690495e+16  4.45276930e+10  2.59063512e+10  3.28090093e+12  8.00272012e+09
 4.09025000e+03  8.26998543e+16  0.00000000e+00  4.45276930e+10  0.00000000e+00  3.29796354e+12  7.99471740e+09
 4.09120000e+03  7.91246053e+16  3.45809249e+15  4.26026885e+10  2.80229033e+09  3.29796354e+12  7.99471740e+09
 4.09215000e+03  7.57039201e+16  6.54415675e+15  4.07609051e+10  5.30310489e+09  3.29796354e+12  7.99471740e+09
 4.09310000e+03  7.24311168e+16  9.28859597e+15  3.89987450e+10  7.52708112e+09  3.29796354e+12  7.99471740e+09
 4.09405000e+03  6.92998020e+16  1.17195775e+16  3.73127659e+10  9.49704465e+09  3.29796354e+12  7.99471740e+09
 4.09500000e+03  6.63038590e+16  1.38631888e+16  3.56996745e+10  1.12341356e+10  3.29796354e+12  7.99471740e+09
 4.09595000e+03  6.34374355e+16  1.57435828e+16  3.41563196e+10  1.27579265e+10  3.29796354e+12  7.99471740e+09
 4.09690000e+03  6.06949322e+16  1.73831134e+16  3.26796864e+10  1.40865321e+10  3.29796354e+12  7.99471740e+09
 4.09785000e+03  5.80709917e+16  1.88024621e+16  3.12668905e+10  1.52367115e+10  3.29796354e+12  7.99471740e+09
 4.09880000e+03  5.55604885e+16  2.00207552e+16  2.99151721e+10  1.62239642e+10  3.29796354e+12  7.99471740e+09
 4.09975000e+03  5.31585184e+16  2.10556742e+16  2.86218906e+10  1.70626183e+10  3.29796354e+12  7.99471740e+09
 4.09975000e+03  5.31585184e+16  0.00000000e+00  2.86218906e+10  0.00000000e+00  3.29796354e+12  7.99471740e+09
 4.09977500e+03  5.30967310e+16  6.17332932e+13  2.85886228e+10  5.00260219e+07  3.29796354e+12  7.99471740e+09
 4.09980000e+03  5.30350155e+16  1.23286871e+14  2.85553936e+10  9.99064099e+07  3.29796354e+12  7.99471740e+09
 4.09982500e+03  5.29733717e+16  1.84661130e+14  2.85222030e+10  1.49641486e+08  3.29796354e+12  7.99471740e+09
 4.09985000e+03  5.29117995e+16  2.45856468e+14  2.84890510e+10  1.99231573e+08  3.29796354e+12  7.99471740e+09
 4.09987500e+03  5.28502990e+16  3.06873282e+14  2.84559375e+10  2.48676990e+08  3.29796354e+12  7.99471740e+09
 4.09990000e+03  5.27888699e+16  3.67711966e+14  2.84228625e+10  2.97978059e+08  3.29796354e+12  7.99471740e+09
 4.09992500e+03  5.27275122e+16  4.28372914e+14  2.83898260e+10  3.47135098e+08  3.29796354e+12  7.99471740e+09
 4.09995000e+03  5.26662258e+16  4.88856521e+14  2.83568279e+10  3.96148428e+08  3.29796354e+12  7.99471740e+09
 4.09997500e+03  5.26050106e+16  5.49163180e+14  2.83238681e+10  4.45018367e+08  3.29796354e+12  7.99471740e+09
 4.10000000e+03  5.25438666e+16  6.09293283e+14  2.82909466e+10  4.93745231e+08  3.29796354e+12  7.99471740e+09
 4.10000000e+03  5.25438666e+16  6.09293283e+14  2.82909466e+10  4.93745231e+08  3.29796354e+12  7.99471740e+09
 4.10150000e+03  5.66975367e+16  4.17066824e+15  3.05273876e+10  3.37973126e+09  3.29796354e+12  7.99471740e+09
 4.10300000e+03  6.05712454e+16  7.64258935e+15  3.26130903e+10  6.19322772e+09  3.29796354e+12  7.99471740e+09
 4.10450000e+03  6.41838625e+16  1.10160731e+16  3.45582147e+10  8.92695476e+09  3.29796354e+12  7.99471740e+09
 4.10600000e+03  6.75529857e+16  1.42842382e+16  3.63722359e+10  1.15753361e+10  3.29796354e+12  7.99471740e+09
 4.10750000e+03  7.06950268e+16  1.74420147e+16  3.80639903e+10  1.41342631e+10  3.29796354e+12  7.99471740e+09
 4.10900000e+03  7.36252913e+16  2.04858874e+16  3.96417188e+10  1.66008875e+10  3.29796354e+12  7.99471740e+09
 4.11050000e+03  7.63580532e+16  2.34136703e+16  4.11131069e+10  1.89734376e+10  3.29796354e+12  7.99471740e+09
 4.11200000e+03  7.89066244e+16  2.62243082e+16  4.24853221e+10  2.12510584e+10  3.29796354e+12  7.99471740e+09
 4.11350000e+03  8.12834194e+16  2.89177020e+16  4.37650486e+10  2.34336696e+10  3.29796354e+12  7.99471740e+09
 4.11500000e+03  8.35000162e+16  3.14945565e+16  4.49585204e+10  2.55218423e+10  3.29796354e+12  7.99471740e+09
 4.11500000e+03  8.35000162e+16  3.14945565e+16  4.49585204e+10  2.55218423e+10  3.29796354e+12  7.98672269e+09
 4.11502500e+03  8.34029622e+16  3.15364466e+16  4.49062641e+10  2.55557883e+10  3.29796354e+12  7.98672269e+09
 4.11505000e+03  8.33060210e+16  3.15781508e+16  4.48540685e+10  2.55895835e+10  3.29796354e+12  7.98672269e+09
 4.11507500e+03  8.32091926e+16  3.16196694e+16  4.48019336e+10  2.56232284e+10  3.29796354e+12  7.98672269e+09
 4.11510000e+03  8.31124767e+16  3.16610029e+16  4.47498593e+10  2.56567234e+10  3.29796354e+12  7.98672269e+09
 4.11512500e+03  8.30158731e+16  3.17021519e+16  4.46978455e+10  2.56900687e+10  3.29796354e+12  7.98672269e+09
 4.11515000e+03  8.29193819e+16  3.17431167e+16  4.46458922e+10  2.57232648e+10  3.29796354e+12  7.98672269e+09
 4.11517500e+03  8.28230028e+16  3.17838978e+16  4.45939993e+10  2.57563121e+10  3.29796354e+12  7.98672269e+09
 4.11520000e+03  8.27267358e+16  3.18244956e+16  4.45421667e+10  2.57892109e+10  3.29796354e+12  7.98672269e+09
 4.11522500e+03  8.26305806e+16  3.18649107e+16  4.44903943e+10  2.58219615e+10  3.29796354e+12  7.98672269e+09
 4.11525000e+03  8.25345372e+16  3.19051434e+16  4.44386821e+10  2.58545644e+10  3.29796354e+12  7.98672269e+09
 4.11525000e+03  8.25345372e+16  0.00000000e+00  4.44386821e+10  0.00000000e+00  3.31499206e+12  7.97873596e+09
 4.11620000e+03  7.89664352e+16  3.45117976e+15  4.25175257e+10  2.79668856e+09  3.31499206e+12  7.97873596e+09
 4.11715000e+03  7.55525880e+16  6.53107498e+15  4.06794241e+10  5.29250398e+09  3.31499206e+12  7.97873596e+09
 4.11810000e+03  7.22863270e+16  9.27002807e+15  3.89207865e+10  7.51203449e+09  3.31499206e+12  7.97873596e+09
 4.11905000e+03  6.91612717e+16  1.16961501e+16  3.72381777e+10  9.47806006e+09  3.31499206e+12  7.97873596e+09
 4.12000000e+03  6.61713176e+16  1.38354763e+16  3.56283108e+10  1.12116786e+10  3.31499206e+12  7.97873596e+09
 4.12095000e+03  6.33106241e+16  1.57121114e+16  3.40880411e+10  1.27324234e+10  3.31499206e+12  7.97873596e+09
 4.12190000e+03  6.05736030e+16  1.73483646e+16  3.26143597e+10  1.40583731e+10  3.31499206e+12  7.97873596e+09
 4.12285000e+03  5.79549078e+16  1.87648760e+16  3.12043880e+10  1.52062534e+10  3.31499206e+12  7.97873596e+09
 4.12380000e+03  5.54494231e+16  1.99807337e+16  2.98553717e+10  1.61915325e+10  3.31499206e+12  7.97873596e+09
 4.12475000e+03  5.30522545e+16  2.10135839e+16  2.85646755e+10  1.70285101e+10  3.31499206e+12  7.97873596e+09
 4.12475000e+03  5.30522545e+16  0.00000000e+00  2.85646755e+10  0.00000000e+00  3.31499206e+12  7.97873596e+09
 4.12477500e+03  5.29905907e+16  6.16098883e+13  2.85314741e+10  4.99260199e+07  3.31499206e+12  7.97873596e+09
 4.12480000e+03  5.29289985e+16  1.23040420e+14  2.84983113e+10  9.97066970e+07  3.31499206e+12  7.97873596e+09
 4.12482500e+03  5.28674779e+16  1.84291992e+14  2.84651871e+10  1.49342353e+08  3.31499206e+12  7.97873596e+09
 4.12485000e+03  5.28060289e+16  2.45365001e+14  2.84321014e+10  1.98833309e+08  3.31499206e+12  7.97873596e+09
 4.12487500e+03  5.27446512e+16  3.06259842e+14  2.83990541e+10  2.48179885e+08  3.31499206e+12  7.97873596e+09
 4.12490000e+03  5.26833449e+16  3.66976909e+14  2.83660452e+10  2.97382400e+08  3.31499206e+12  7.97873596e+09
 4.12492500e+03  5.26221099e+16  4.27516597e+14  2.83330747e+10  3.46441175e+08  3.31499206e+12  7.97873596e+09
 4.12495000e+03  5.25609460e+16  4.87879297e+14  2.83001426e+10  3.95356527e+08  3.31499206e+12  7.97873596e+09
 4.12497500e+03  5.24998532e+16  5.48065403e+14  2.82672487e+10  4.44128775e+08  3.31499206e+12  7.97873596e+09
 4.12500000e+03  5.24388315e+16  6.08075305e+14  2.82343930e+10  4.92758235e+08  3.31499206e+12  7.97873596e+09
 4.12500000e+03  5.24388315e+16  6.08075305e+14  2.82343930e+10  4.92758235e+08  3.31499206e+12  7.97873596e+09
 4.12650000e+03  5.65841983e+16  4.16233107e+15  3.04663634e+10  3.37297518e+09  3.31499206e+12  7.97873596e+09
 4.12800000e+03  6.04501635e+16  7.62731182e+15  3.25478968e+10  6.18084746e+09  3.31499206e+12  7.97873596e+09
 4.12950000e+03  6.40555589e+16  1.09940520e+16  3.44891328e+10  8.90910978e+09  3.31499206e+12  7.97873596e+09
 4.13100000e+03  6.74179473e+16  1.42556840e+16  3.62995278e+10  1.15521970e+10  3.31499206e+12  7.97873596e+09
 4.13250000e+03  7.05537074e+16  1.74071481e+16  3.79879003e+10  1.41060087e+10  3.31499206e+12  7.97873596e+09
 4.13400000e+03  7.34781144e+16  2.04449361e+16  3.95624750e+10  1.65677023e+10  3.31499206e+12  7.97873596e+09
 4.13550000e+03  7.62054135e+16  2.33668664e+16  4.10309218e+10  1.89355097e+10  3.31499206e+12  7.97873596e+09
 4.13700000e+03  7.87488900e+16  2.61718858e+16  4.24003939e+10  2.12085775e+10  3.31499206e+12  7.97873596e+09
 4.13850000e+03  8.11209338e+16  2.88598955e+16  4.36775623e+10  2.33868257e+10  3.31499206e+12  7.97873596e+09
 4.14000000e+03  8.33330996e+16  3.14315989e+16  4.48686483e+10  2.54708242e+10  3.31499206e+12  7.97873596e+09
 4.14000000e+03  8.33330996e+16  3.14315989e+16  4.48686483e+10  2.54708242e+10  3.31499206e+12  7.97075723e+09
 4.14002500e+03  8.32362397e+16  3.14734053e+16  4.48164964e+10  2.55047023e+10  3.31499206e+12  7.97075723e+09
 4.14005000e+03  8.31394923e+16  3.15150260e+16  4.47644052e+10  2.55384299e+10  3.31499206e+12  7.97075723e+09
 4.14007500e+03  8.30428574e+16  3.15564616e+16  4.47123745e+10  2.55720076e+10  3.31499206e+12  7.97075723e+09
 4.14010000e+03  8.29463348e+16  3.15977126e+16  4.46604043e+10  2.56054356e+10  3.31499206e+12  7.97075723e+09
 4.14012500e+03  8.28499244e+16  3.16387793e+16  4.46084945e+10  2.56387143e+10  3.31499206e+12  7.97075723e+09
 4.14015000e+03  8.27536261e+16  3.16796622e+16  4.45566451e+10  2.56718440e+10  3.31499206e+12  7.97075723e+09
 4.14017500e+03  8.26574397e+16  3.17203617e+16  4.45048559e+10  2.57048252e+10  3.31499206e+12  7.97075723e+09
 4.14020000e+03  8.25613651e+16  3.17608784e+16  4.44531269e+10  2.57376582e+10  3.31499206e+12  7.97075723e+09
 4.14022500e+03  8.24654021e+16  3.18012127e+16  4.44014580e+10  2.57703434e+10  3.31499206e+12  7.97075723e+09
 4.14025000e+03  8.23695507e+16  3.18413650e+16  4.43498492e+10  2.58028811e+10  3.31499206e+12  7.97075723e+09
 4.14025000e+03  8.23695507e+16  0.00000000e+00  4.43498492e+10  0.00000000e+00  3.33198653e+12  7.96278647e+09
 4.14120000e+03  7.88085813e+16  3.44428086e+15  4.24325332e+10  2.79109798e+09  3.33198653e+12  7.96278647e+09
 4.14215000e+03  7.54015584e+16  6.51801936e+15  4.05981059e+10  5.28192427e+09  3.33198653e+12  7.96278647e+09
 4.14310000e+03  7.21418266e+16  9.25149728e+15  3.88429839e+10  7.49701793e+09  3.33198653e+12  7.96278647e+09
 4.14405000e+03  6.90230183e+16  1.16727695e+16  3.71637386e+10  9.45911342e+09  3.33198653e+12  7.96278647e+09
 4.14500000e+03  6.60390411e+16  1.38078192e+16  3.55570898e+10  1.11892664e+10  3.33198653e+12  7.96278647e+09
 4.14595000e+03  6.31840662e+16  1.56807029e+16  3.40198991e+10  1.27069713e+10  3.33198653e+12  7.96278647e+09
 4.14690000e+03  6.04525164e+16  1.73136852e+16  3.25491636e+10  1.40302704e+10  3.33198653e+12  7.96278647e+09
 4.14785000e+03  5.78390560e+16  1.87273650e+16  3.11420105e+10  1.51758561e+10  3.33198653e+12  7.96278647e+09
 4.14880000e+03  5.53385797e+16  1.99407922e+16  2.97956908e+10  1.61591656e+10  3.33198653e+12  7.96278647e+09
 4.14975000e+03  5.29462030e+16  2.09715777e+16  2.85075747e+10  1.69944701e+10  3.33198653e+12  7.96278647e+09
 4.14975000e+03  5.29462030e+16  0.00000000e+00  2.85075747e+10  0.00000000e+00  3.33198653e+12  7.96278647e+09
 4.14977500e+03  5.28846625e+16  6.14867301e+13  2.84744397e+10  4.98262178e+07  3.33198653e+12  7.96278647e+09
 4.14980000e+03  5.28231934e+16  1.22794462e+14  2.84413432e+10  9.95073833e+07  3.33198653e+12  7.96278647e+09
 4.14982500e+03  5.27617958e+16  1.83923593e+14  2.84082852e+10  1.49043818e+08  3.33198653e+12  7.96278647e+09
 4.14985000e+03  5.27004696e+16  2.44874517e+14  2.83752656e+10  1.98435841e+08  3.33198653e+12  7.96278647e+09
 4.14987500e+03  5.26392147e+16  3.05647629e+14  2.83422844e+10  2.47683773e+08  3.33198653e+12  7.96278647e+09
 4.14990000e+03  5.25780309e+16  3.66243322e+14  2.83093415e+10  2.96787933e+08  3.33198653e+12  7.96278647e+09
 4.14992500e+03  5.25169183e+16  4.26661991e+14  2.82764369e+10  3.45748639e+08  3.33198653e+12  7.96278647e+09
 4.14995000e+03  5.24558767e+16  4.86904026e+14  2.82435706e+10  3.94566210e+08  3.33198653e+12  7.96278647e+09
 4.14997500e+03  5.23949060e+16  5.46969820e+14  2.82107424e+10  4.43240961e+08  3.33198653e+12  7.96278647e+09
 4.15000000e+03  5.23340062e+16  6.06859763e+14  2.81779525e+10  4.91773211e+08  3.33198653e+12  7.96278647e+09
 4.15000000e+03  5.23340062e+16  6.06859763e+14  2.81779525e+10  4.91773211e+08  3.33198653e+12  7.96278647e+09
 4.15150000e+03  5.64710865e+16  4.15401057e+15  3.04054611e+10  3.36623260e+09  3.33198653e+12  7.96278647e+09
 4.15300000e+03  6.03293236e+16  7.61206482e+15  3.24828335e+10  6.16849194e+09  3.33198653e+12  7.96278647e+09
 4.15450000e+03  6.39275119e+16  1.09720749e+16  3.44201891e+10  8.89130047e+09  3.33198653e+12  7.96278647e+09
 4.15600000e+03  6.72831788e+16  1.42271869e+16  3.62269650e+10  1.15291041e+10  3.33198653e+12  7.96278647e+09
 4.15750000e+03  7.04126706e+16  1.73723512e+16  3.79119625e+10  1.40778108e+10  3.33198653e+12  7.96278647e+09
 4.15900000e+03  7.33312316e+16  2.04040667e+16  3.94833896e+10  1.65345835e+10  3.33198653e+12  7.96278647e+09
 4.16050000e+03  7.60530788e+16  2.33201561e+16  4.09489010e+10  1.88976576e+10  3.33198653e+12  7.96278647e+09
 4.16200000e+03  7.85914710e+16  2.61195682e+16  4.23156355e+10  2.11661815e+10  3.33198653e+12  7.96278647e+09
 4.16350000e+03  8.09587731e+16  2.88022046e+16  4.35902508e+10  2.33400754e+10  3.33198653e+12  7.96278647e+09
 4.16500000e+03  8.31665168e+16  3.13687672e+16  4.47789559e+10  2.54199080e+10  3.33198653e+12  7.96278647e+09
 4.16500000e+03  8.31665168e+16  3.13687672e+16  4.47789559e+10  2.54199080e+10  3.33198653e+12  7.95482368e+09
 4.16502500e+03  8.30698504e+16  3.14104899e+16  4.47269083e+10  2.54537184e+10  3.33198653e+12  7.95482368e+09
 4.16505000e+03  8.29732965e+16  3.14520275e+16  4.46749212e+10  2.54873786e+10  3.33198653e+12  7.95482368e+09
 4.16507500e+03  8.28768547e+16  3.14933803e+16  4.46229945e+10  2.55208891e+10  3.33198653e+12  7.95482368e+09
 4.16510000e+03  8.27805251e+16  3.15345487e+16  4.45711282e+10  2.55542503e+10  3.33198653e+12  7.95482368e+09
 4.16512500e+03  8.26843074e+16  3.15755333e+16  4.45193221e+10  2.55874625e+10  3.33198653e+12  7.95482368e+09
 4.16515000e+03  8.25882016e+16  3.16163345e+16  4.44675763e+10  2.56205260e+10  3.33198653e+12  7.95482368e+09
 4.16517500e+03  8.24922074e+16  3.16569527e+16  4.44158907e+10  2.56534413e+10  3.33198653e+12  7.95482368e+09
 4.16520000e+03  8.23963249e+16  3.16973885e+16  4.43642651e+10  2.56862087e+10  3.33198653e+12  7.95482368e+09
 4.16522500e+03  8.23005538e+16  3.17376421e+16  4.43126995e+10  2.57188285e+10  3.33198653e+12  7.95482368e+09
 4.16525000e+03  8.22048940e+16  3.17777141e+16  4.42611938e+10  2.57513011e+10  3.33198653e+12  7.95482368e+09
 4.16525000e+03  8.22048940e+16  0.00000000e+00  4.42611938e+10  0.00000000e+00  3.34894702e+12  7.94686886e+09
 4.16620000e+03  7.86510429e+16  3.43739574e+15  4.23477106e+10  2.78551857e+09  3.34894702e+12  7.94686886e+09
 4.16715000e+03  7.52508307e+16  6.50498984e+15  4.05169503e+10  5.27136570e+09  3.34894702e+12  7.94686886e+09
 4.16810000e+03  7.19976151e+16  9.23300354e+15  3.87653367e+10  7.48203139e+09  3.34894702e+12  7.94686886e+09
 4.16905000e+03  6.88850413e+16  1.16494356e+16  3.70894483e+10  9.44020465e+09  3.34894702e+12  7.94686886e+09
 4.17000000e+03  6.59070291e+16  1.37802174e+16  3.54860112e+10  1.11668991e+10  3.34894702e+12  7.94686886e+09
 4.17095000e+03  6.30577612e+16  1.56493571e+16  3.39518933e+10  1.26815701e+10  3.34894702e+12  7.94686886e+09
 4.17190000e+03  6.03316718e+16  1.72790752e+16  3.24840979e+10  1.40022239e+10  3.34894702e+12  7.94686886e+09
 4.17285000e+03  5.77234357e+16  1.86899290e+16  3.10797576e+10  1.51455195e+10  3.34894702e+12  7.94686886e+09
 4.17380000e+03  5.52279579e+16  1.99009306e+16  2.97361292e+10  1.61268635e+10  3.34894702e+12  7.94686886e+09
 4.17475000e+03  5.28403636e+16  2.09296555e+16  2.84505880e+10  1.69604982e+10  3.34894702e+12  7.94686886e+09
 4.17475000e+03  5.28403636e+16  0.00000000e+00  2.84505880e+10  0.00000000e+00  3.34894702e+12  7.94686886e+09
 4.17477500e+03  5.27789460e+16  6.13638182e+13  2.84175193e+10  4.97266152e+07  3.34894702e+12  7.94686886e+09
 4.17480000e+03  5.27175999e+16  1.22548996e+14  2.83844890e+10  9.93084680e+07  3.34894702e+12  7.94686886e+09
 4.17482500e+03  5.26563250e+16  1.83555930e+14  2.83514970e+10  1.48745879e+08  3.34894702e+12  7.94686886e+09
 4.17485000e+03  5.25951214e+16  2.44385013e+14  2.83185434e+10  1.98039168e+08  3.34894702e+12  7.94686886e+09
 4.17487500e+03  5.25339889e+16  3.05036639e+14  2.82856282e+10  2.47188653e+08  3.34894702e+12  7.94686886e+09
 4.17490000e+03  5.24729274e+16  3.65511202e+14  2.82527511e+10  2.96194654e+08  3.34894702e+12  7.94686886e+09
 4.17492500e+03  5.24119370e+16  4.25809094e+14  2.82199123e+10  3.45057488e+08  3.34894702e+12  7.94686886e+09
 4.17495000e+03  5.23510174e+16  4.85930705e+14  2.81871117e+10  3.93777472e+08  3.34894702e+12  7.94686886e+09
 4.17497500e+03  5.22901686e+16  5.45876428e+14  2.81543492e+10  4.42354923e+08  3.34894702e+12  7.94686886e+09
 4.17500000e+03  5.22293906e+16  6.05646650e+14  2.81216247e+10  4.90790156e+08  3.34894702e+12  7.94686886e+09
 4.17500000e+03  5.22293906e+16  6.05646650e+14  2.81216247e+10  4.90790156e+08  3.34894702e+12  7.94686886e+09
 4.17650000e+03  5.63582008e+16  4.14570671e+15  3.03446806e+10  3.35950350e+09  3.34894702e+12  7.94686886e+09
 4.17800000e+03  6.02087253e+16  7.59684830e+15  3.24179003e+10  6.15616113e+09  3.34894702e+12  7.94686886e+09
 4.17950000e+03  6.37997208e+16  1.09501417e+16  3.43513831e+10  8.87352676e+09  3.34894702e+12  7.94686886e+09
 4.18100000e+03  6.71486797e+16  1.41987468e+16  3.61545473e+10  1.15060575e+10  3.34894702e+12  7.94686886e+09
 4.18250000e+03  7.02719156e+16  1.73376239e+16  3.78361765e+10  1.40496693e+10  3.34894702e+12  7.94686886e+09
 4.18400000e+03  7.31846425e+16  2.03632790e+16  3.94044623e+10  1.65015308e+10  3.34894702e+12  7.94686886e+09
 4.18550000e+03  7.59010487e+16  2.32735391e+16  4.08670441e+10  1.88598812e+10  3.34894702e+12  7.94686886e+09
 4.18700000e+03  7.84343666e+16  2.60673552e+16  4.22310466e+10  2.11238703e+10  3.34894702e+12  7.94686886e+09
 4.18850000e+03  8.07969365e+16  2.87446290e+16  4.35031139e+10  2.32934186e+10  3.34894702e+12  7.94686886e+09
 4.19000000e+03  8.30002669e+16  3.13060610e+16  4.46894427e+10  2.53690936e+10  3.34894702e+12  7.94686886e+09
 4.19000000e+03  8.30002669e+16  3.13060610e+16  4.46894427e+10  2.53690936e+10  3.34894702e+12  7.93892199e+09
 4.19002500e+03  8.29037938e+16  3.13477004e+16  4.46374992e+10  2.54028364e+10  3.34894702e+12  7.93892199e+09
 4.19005000e+03  8.28074328e+16  3.13891549e+16  4.45856160e+10  2.54364294e+10  3.34894702e+12  7.93892199e+09
 4.19007500e+03  8.27111839e+16  3.14304250e+16  4.45337931e+10  2.54698729e+10  3.34894702e+12  7.93892199e+09
 4.19010000e+03  8.26150468e+16  3.14715112e+16  4.44820305e+10  2.55031674e+10  3.34894702e+12  7.93892199e+09
 4.19012500e+03  8.25190215e+16  3.15124138e+16  4.44303280e+10  2.55363131e+10  3.34894702e+12  7.93892199e+09
 4.19015000e+03  8.24231078e+16  3.15531335e+16  4.43786856e+10  2.55693106e+10  3.34894702e+12  7.93892199e+09
 4.19017500e+03  8.23273055e+16  3.15936705e+16  4.43271033e+10  2.56021601e+10  3.34894702e+12  7.93892199e+09
 4.19020000e+03  8.22316146e+16  3.16340254e+16  4.42755809e+10  2.56348619e+10  3.34894702e+12  7.93892199e+09
 4.19022500e+03  8.21360350e+16  3.16741986e+16  4.42241184e+10  2.56674166e+10  3.34894702e+12  7.93892199e+09
 4.19025000e+03  8.20405664e+16  3.17141905e+16  4.41727157e+10  2.56998243e+10  3.34894702e+12  7.93892199e+09
 4.19025000e+03  8.20405664e+16  0.00000000e+00  4.41727157e+10  0.00000000e+00  3.36587362e+12  7.93098307e+09
 4.19120000e+03  7.84938195e+16  3.43052438e+15  4.22630575e+10  2.77995032e+09  3.36587362e+12  7.93098307e+09
 4.19215000e+03  7.51004042e+16  6.49198636e+15  4.04359569e+10  5.26082824e+09  3.36587362e+12  7.93098307e+09
 4.19310000e+03  7.18536918e+16  9.21454677e+15  3.86878448e+10  7.46707481e+09  3.36587362e+12  7.93098307e+09
 4.19405000e+03  6.87473401e+16  1.16261484e+16  3.70153065e+10  9.42133368e+09  3.36587362e+12  7.93098307e+09
 4.19500000e+03  6.57752809e+16  1.37526707e+16  3.54150747e+10  1.11445765e+10  3.36587362e+12  7.93098307e+09
 4.19595000e+03  6.29317088e+16  1.56180741e+16  3.38840235e+10  1.26562196e+10  3.36587362e+12  7.93098307e+09
 4.19690000e+03  6.02110688e+16  1.72445343e+16  3.24191622e+10  1.39742335e+10  3.36587362e+12  7.93098307e+09
 4.19785000e+03  5.76080466e+16  1.86525678e+16  3.10176291e+10  1.51152436e+10  3.36587362e+12  7.93098307e+09
 4.19880000e+03  5.51175572e+16  1.98611486e+16  2.96766867e+10  1.60946259e+10  3.36587362e+12  7.93098307e+09
 4.19975000e+03  5.27347357e+16  2.08878172e+16  2.83937153e+10  1.69265942e+10  3.36587362e+12  7.93098307e+09
 4.19975000e+03  5.27347357e+16  0.00000000e+00  2.83937153e+10  0.00000000e+00  3.36587362e+12  7.93098307e+09
 4.19977500e+03  5.26734409e+16  6.12411519e+13  2.83607127e+10  4.96272117e+07  3.36587362e+12  7.93098307e+09
 4.19980000e+03  5.26122174e+16  1.22304021e+14  2.83277484e+10  9.91099504e+07  3.36587362e+12  7.93098307e+09
 4.19982500e+03  5.25510650e+16  1.83189001e+14  2.82948224e+10  1.48448536e+08  3.36587362e+12  7.93098307e+09
 4.19985000e+03  5.24899837e+16  2.43896487e+14  2.82619347e+10  1.97643287e+08  3.36587362e+12  7.93098307e+09
 4.19987500e+03  5.24289734e+16  3.04426871e+14  2.82290852e+10  2.46694523e+08  3.36587362e+12  7.93098307e+09
 4.19990000e+03  5.23680340e+16  3.64780545e+14  2.81962739e+10  2.95602561e+08  3.36587362e+12  7.93098307e+09
 4.19992500e+03  5.23071655e+16  4.24957901e+14  2.81635007e+10  3.44367718e+08  3.36587362e+12  7.93098307e+09
 4.19995000e+03  5.22463677e+16  4.84959330e+14  2.81307656e+10  3.92990311e+08  3.36587362e+12  7.93098307e+09
 4.19997500e+03  5.21856406e+16  5.44785221e+14  2.80980686e+10  4.41470655e+08  3.36587362e+12  7.93098307e+09
 4.20000000e+03  5.21249840e+16  6.04435963e+14  2.80654096e+10  4.89809067e+08  3.36587362e+12  7.93098307e+09
 4.20000000e+03  5.21249840e+16  6.04435963e+14  2.80654096e+10  4.89809067e+08  3.36587362e+12  7.93098307e+09
 4.20150000e+03  5.62455408e+16  4.13741944e+15  3.02840216e+10  3.35278785e+09  3.36587362e+12  7.93098307e+09
 4.20300000e+03  6.00883680e+16  7.58166220e+15  3.23530970e+10  6.14385496e+09  3.36587362e+12  7.93098307e+09
 4.20450000e+03  6.36721851e+16  1.09282524e+16  3.42827147e+10  8.85578858e+09  3.36587362e+12  7.93098307e+09
 4.20600000e+03  6.70144495e+16  1.41703635e+16  3.60822744e+10  1.14830568e+10  3.36587362e+12  7.93098307e+09
 4.20750000e+03  7.01314421e+16  1.73029660e+16  3.77605420e+10  1.40215840e+10  3.36587362e+12  7.93098307e+09
 4.20900000e+03  7.30383464e+16  2.03225728e+16  3.93256928e+10  1.64685443e+10  3.36587362e+12  7.93098307e+09
 4.21050000e+03  7.57493225e+16  2.32270153e+16  4.07853509e+10  1.88221803e+10  3.36587362e+12  7.93098307e+09
 4.21200000e+03  7.82775763e+16  2.60152465e+16  4.21466267e+10  2.10816437e+10  3.36587362e+12  7.93098307e+09
 4.21350000e+03  8.06354234e+16  2.86871684e+16  4.34161512e+10  2.32468550e+10  3.36587362e+12  7.93098307e+09
 4.21500000e+03  8.28343494e+16  3.12434802e+16  4.46001085e+10  2.53183808e+10  3.36587362e+12  7.93098307e+09
 4.21500000e+03  8.28343494e+16  3.12434802e+16  4.46001085e+10  2.53183808e+10  3.36587362e+12  7.92305209e+09
 4.21502500e+03  8.27380691e+16  3.12850363e+16  4.45482688e+10  2.53520561e+10  3.36587362e+12  7.92305209e+09
 4.21505000e+03  8.26419008e+16  3.13264080e+16  4.44964893e+10  2.53855819e+10  3.36587362e+12  7.92305209e+09
 4.21507500e+03  8.25458442e+16  3.13675956e+16  4.44447701e+10  2.54189586e+10  3.36587362e+12  7.92305209e+09
 4.21510000e+03  8.24498993e+16  3.14085996e+16  4.43931109e+10  2.54521865e+10  3.36587362e+12  7.92305209e+09
 4.21512500e+03  8.23540660e+16  3.14494205e+16  4.43415118e+10  2.54852661e+10  3.36587362e+12  7.92305209e+09
 4.21515000e+03  8.22583440e+16  3.14900588e+16  4.42899727e+10  2.55181975e+10  3.36587362e+12  7.92305209e+09
 4.21517500e+03  8.21627332e+16  3.15305147e+16  4.42384934e+10  2.55509813e+10  3.36587362e+12  7.92305209e+09
 4.21520000e+03  8.20672336e+16  3.15707890e+16  4.41870740e+10  2.55836178e+10  3.36587362e+12  7.92305209e+09
 4.21522500e+03  8.19718450e+16  3.16108818e+16  4.41357144e+10  2.56161074e+10  3.36587362e+12  7.92305209e+09
 4.21525000e+03  8.18765673e+16  3.16507938e+16  4.40844144e+10  2.56484503e+10  3.36587362e+12  7.92305209e+09
 4.21525000e+03  8.18765673e+16  0.00000000e+00  4.40844144e+10  0.00000000e+00  3.38276638e+12  7.91512903e+09
 4.21620000e+03  7.83369104e+16  3.42366677e+15  4.21785736e+10  2.77439320e+09  3.38276638e+12  7.91512903e+09
 4.21715000e+03  7.49502785e+16  6.47900888e+15  4.03551254e+10  5.25031184e+09  3.38276638e+12  7.91512903e+09
 4.21810000e+03  7.17100563e+16  9.19612689e+15  3.86105078e+10  7.45214813e+09  3.38276638e+12  7.91512903e+09
 4.21905000e+03  6.86099141e+16  1.16029077e+16  3.69413129e+10  9.40250043e+09  3.38276638e+12  7.91512903e+09
 4.22000000e+03  6.56437962e+16  1.37251791e+16  3.53442799e+10  1.11222985e+10  3.38276638e+12  7.91512903e+09
 4.22095000e+03  6.28059083e+16  1.55868536e+16  3.38162893e+10  1.26309198e+10  3.38276638e+12  7.91512903e+09
 4.22190000e+03  6.00907069e+16  1.72100625e+16  3.23543562e+10  1.39462990e+10  3.38276638e+12  7.91512903e+09
 4.22285000e+03  5.74928881e+16  1.86152813e+16  3.09556249e+10  1.50850283e+10  3.38276638e+12  7.91512903e+09
 4.22380000e+03  5.50073772e+16  1.98214462e+16  2.96173630e+10  1.60624527e+10  3.38276638e+12  7.91512903e+09
 4.22475000e+03  5.26293189e+16  2.08460624e+16  2.83369563e+10  1.68927579e+10  3.38276638e+12  7.91512903e+09
 4.22475000e+03  5.26293189e+16  0.00000000e+00  2.83369563e+10  0.00000000e+00  3.38276638e+12  7.91512903e+09
 4.22477500e+03  5.25681467e+16  6.11187308e+13  2.83040196e+10  4.95280069e+07  3.38276638e+12  7.91512903e+09
 4.22480000e+03  5.25070456e+16  1.22059535e+14  2.82711212e+10  9.89118296e+07  3.38276638e+12  7.91512903e+09
 4.22482500e+03  5.24460154e+16  1.82822806e+14  2.82382610e+10  1.48151787e+08  3.38276638e+12  7.91512903e+09
 4.22485000e+03  5.23850562e+16  2.43408938e+14  2.82054391e+10  1.97248198e+08  3.38276638e+12  7.91512903e+09
 4.22487500e+03  5.23241679e+16  3.03818322e+14  2.81726552e+10  2.46201381e+08  3.38276638e+12  7.91512903e+09
 4.22490000e+03  5.22633503e+16  3.64051349e+14  2.81399095e+10  2.95011651e+08  3.38276638e+12  7.91512903e+09
 4.22492500e+03  5.22026035e+16  4.24108410e+14  2.81072019e+10  3.43679327e+08  3.38276638e+12  7.91512903e+09
 4.22495000e+03  5.21419272e+16  4.83989896e+14  2.80745322e+10  3.92204723e+08  3.38276638e+12  7.91512903e+09
 4.22497500e+03  5.20813215e+16  5.43696195e+14  2.80419006e+10  4.40588155e+08  3.38276638e+12  7.91512903e+09
 4.22500000e+03  5.20207862e+16  6.03227695e+14  2.80093068e+10  4.88829938e+08  3.38276638e+12  7.91512903e+09
 4.22500000e+03  5.20207862e+16  6.03227695e+14  2.80093068e+10  4.88829938e+08  3.38276638e+12  7.91512903e+09
 4.22650000e+03  5.61331059e+16  4.12914874e+15  3.02234838e+10  3.34608563e+09  3.38276638e+12  7.91512903e+09
 4.22800000e+03  5.99682514e+16  7.56650646e+15  3.22884231e+10  6.13157339e+09  3.38276638e+12  7.91512903e+09
 4.22950000e+03  6.35449044e+16  1.09064068e+16  3.42141836e+10  8.83808585e+09  3.38276638e+12  7.91512903e+09
 4.23100000e+03  6.68804876e+16  1.41420369e+16  3.60101459e+10  1.14601022e+10  3.38276638e+12  7.91512903e+09
 4.23250000e+03  6.99912493e+16  1.72683774e+16  3.76850587e+10  1.39935549e+10  3.38276638e+12  7.91512903e+09
 4.23400000e+03  7.28923427e+16  2.02819479e+16  3.92470807e+10  1.64356236e+10  3.38276638e+12  7.91512903e+09
 4.23550000e+03  7.55978996e+16  2.31805845e+16  4.07038210e+10  1.87845548e+10  3.38276638e+12  7.91512903e+09
 4.23700000e+03  7.81210995e+16  2.59632421e+16  4.20623756e+10  2.10395015e+10  3.38276638e+12  7.91512903e+09
 4.23850000e+03  8.04742332e+16  2.86298228e+16  4.33293623e+10  2.32003846e+10  3.38276638e+12  7.91512903e+09
 4.24000000e+03  8.26687635e+16  3.11810245e+16  4.45109529e+10  2.52677694e+10  3.38276638e+12  7.91512903e+09
 4.24000000e+03  8.26687635e+16  3.11810245e+16  4.45109529e+10  2.52677694e+10  3.38276638e+12  7.90721390e+09
 4.24002500e+03  8.25726757e+16  3.12224975e+16  4.44592168e+10  2.53013774e+10  3.38276638e+12  7.90721390e+09
 4.24005000e+03  8.24766996e+16  3.12637865e+16  4.44075409e+10  2.53348362e+10  3.38276638e+12  7.90721390e+09
 4.24007500e+03  8.23808351e+16  3.13048918e+16  4.43559250e+10  2.53681461e+10  3.38276638e+12  7.90721390e+09
 4.24010000e+03  8.22850820e+16  3.13458138e+16  4.43043691e+10  2.54013076e+10  3.38276638e+12  7.90721390e+09
 4.24012500e+03  8.21894402e+16  3.13865531e+16  4.42528731e+10  2.54343210e+10  3.38276638e+12  7.90721390e+09
 4.24015000e+03  8.20939095e+16  3.14271101e+16  4.42014370e+10  2.54671867e+10  3.38276638e+12  7.90721390e+09
 4.24017500e+03  8.19984899e+16  3.14674852e+16  4.41500607e+10  2.54999049e+10  3.38276638e+12  7.90721390e+09
 4.24020000e+03  8.19031812e+16  3.15076789e+16  4.40987441e+10  2.55324762e+10  3.38276638e+12  7.90721390e+09
 4.24022500e+03  8.18079833e+16  3.15476917e+16  4.40474871e+10  2.55649008e+10  3.38276638e+12  7.90721390e+09
 4.24025000e+03  8.17128960e+16  3.15875239e+16  4.39962897e+10  2.55971791e+10  3.38276638e+12  7.90721390e+09
 4.24025000e+03  8.17128960e+16  0.00000000e+00  4.39962897e+10  0.00000000e+00  3.39962536e+12  7.89930669e+09
 4.24120000e+03  7.81803149e+16  3.41682286e+15  4.20942587e+10  2.76884719e+09  3.39962536e+12  7.89930669e+09
 4.24215000e+03  7.48004529e+16  6.46605734e+15  4.02744555e+10  5.23981647e+09  3.39962536e+12  7.89930669e+09
 4.24310000e+03  7.15667079e+16  9.17774383e+15  3.85333254e+10  7.43725128e+09  3.39962536e+12  7.89930669e+09
 4.24405000e+03  6.84727629e+16  1.15797135e+16  3.68674672e+10  9.38370484e+09  3.39962536e+12  7.89930669e+09
 4.24500000e+03  6.55125742e+16  1.36977425e+16  3.52736267e+10  1.11000650e+10  3.39962536e+12  7.89930669e+09
 4.24595000e+03  6.26803593e+16  1.55556954e+16  3.37486906e+10  1.26056706e+10  3.39962536e+12  7.89930669e+09
 4.24690000e+03  5.99705856e+16  1.71756596e+16  3.22896799e+10  1.39184203e+10  3.39962536e+12  7.89930669e+09
 4.24785000e+03  5.73779598e+16  1.85780694e+16  3.08937446e+10  1.50548733e+10  3.39962536e+12  7.89930669e+09
 4.24880000e+03  5.48974174e+16  1.97818231e+16  2.95581579e+10  1.60303439e+10  3.39962536e+12  7.89930669e+09
 4.24975000e+03  5.25241129e+16  2.08043911e+16  2.82803107e+10  1.68589893e+10  3.39962536e+12  7.89930669e+09
 4.24975000e+03  5.25241129e+16  0.00000000e+00  2.82803107e+10  0.00000000e+00  3.39962536e+12  7.89930669e+09
 4.24977500e+03  5.24630630e+16  6.09965545e+13  2.82474399e+10  4.94290004e+07  3.39962536e+12  7.89930669e+09
 4.24980000e+03  5.24020840e+16  1.21815538e+14  2.82146072e+10  9.87141049e+07  3.39962536e+12  7.89930669e+09
 4.24982500e+03  5.23411758e+16  1.82457344e+14  2.81818128e+10  1.47855632e+08  3.39962536e+12  7.89930669e+09
 4.24985000e+03  5.22803385e+16  2.42922363e+14  2.81490564e+10  1.96853899e+08  3.39962536e+12  7.89930669e+09
 4.24987500e+03  5.22195719e+16  3.03210989e+14  2.81163381e+10  2.45709224e+08  3.39962536e+12  7.89930669e+09
 4.24990000e+03  5.21588759e+16  3.63323610e+14  2.80836579e+10  2.94421923e+08  3.39962536e+12  7.89930669e+09
 4.24992500e+03  5.20982505e+16  4.23260618e+14  2.80510156e+10  3.42992312e+08  3.39962536e+12  7.89930669e+09
 4.24995000e+03  5.20376955e+16  4.83022400e+14  2.80184113e+10  3.91420706e+08  3.39962536e+12  7.89930669e+09
 4.24997500e+03  5.19772109e+16  5.42609346e+14  2.79858448e+10  4.39707420e+08  3.39962536e+12  7.89930669e+09
 4.25000000e+03  5.19167966e+16  6.02021843e+14  2.79533162e+10  4.87852767e+08  3.39962536e+12  7.89930669e+09
 4.25000000e+03  5.19167966e+16  6.02021843e+14  2.79533162e+10  4.87852767e+08  3.39962536e+12  7.89930669e+09
 4.25150000e+03  5.60208958e+16  4.12089457e+15  3.01630671e+10  3.33939681e+09  3.39962536e+12  7.89930669e+09
 4.25300000e+03  5.98483749e+16  7.55138101e+15  3.22238786e+10  6.11931638e+09  3.39962536e+12  7.89930669e+09
 4.25450000e+03  6.34178782e+16  1.08846049e+16  3.41457894e+10  8.82041852e+09  3.39962536e+12  7.89930669e+09
 4.25600000e+03  6.67467935e+16  1.41137670e+16  3.59381616e+10  1.14371935e+10  3.39962536e+12  7.89930669e+09
 4.25750000e+03  6.98513368e+16  1.72338579e+16  3.76097262e+10  1.39655817e+10  3.39962536e+12  7.89930669e+09
 4.25900000e+03  7.27466309e+16  2.02414043e+16  3.91686258e+10  1.64027688e+10  3.39962536e+12  7.89930669e+09
 4.26050000e+03  7.54467794e+16  2.31342465e+16  4.06224541e+10  1.87470044e+10  3.39962536e+12  7.89930669e+09
 4.26200000e+03  7.79649354e+16  2.59113415e+16  4.19782929e+10  2.09974436e+10  3.39962536e+12  7.89930669e+09
 4.26350000e+03  8.03133652e+16  2.85725918e+16  4.32427469e+10  2.31540070e+10  3.39962536e+12  7.89930669e+09
 4.26500000e+03  8.25035086e+16  3.11186936e+16  4.44219755e+10  2.52172591e+10  3.39962536e+12  7.89930669e+09
 4.26500000e+03  8.25035086e+16  3.11186936e+16  4.44219755e+10  2.52172591e+10  3.39962536e+12  7.89140738e+09
 4.26502500e+03  8.24076129e+16  3.11600838e+16  4.43703428e+10  2.52507999e+10  3.39962536e+12  7.89140738e+09
 4.26505000e+03  8.23118287e+16  3.12012902e+16  4.43187702e+10  2.52841918e+10  3.39962536e+12  7.89140738e+09
 4.26507500e+03  8.22161558e+16  3.12423133e+16  4.42672575e+10  2.53174352e+10  3.39962536e+12  7.89140738e+09
 4.26510000e+03  8.21205941e+16  3.12831536e+16  4.42158047e+10  2.53505304e+10  3.39962536e+12  7.89140738e+09
 4.26512500e+03  8.20251435e+16  3.13238114e+16  4.41644116e+10  2.53834778e+10  3.39962536e+12  7.89140738e+09
 4.26515000e+03  8.19298038e+16  3.13642873e+16  4.41130783e+10  2.54162777e+10  3.39962536e+12  7.89140738e+09
 4.26517500e+03  8.18345749e+16  3.14045817e+16  4.40618047e+10  2.54489306e+10  3.39962536e+12  7.89140738e+09
 4.26520000e+03  8.17394568e+16  3.14446951e+16  4.40105907e+10  2.54814368e+10  3.39962536e+12  7.89140738e+09
 4.26522500e+03  8.16444492e+16  3.14846278e+16  4.39594362e+10  2.55137966e+10  3.39962536e+12  7.89140738e+09
 4.26525000e+03  8.15495520e+16  3.15243804e+16  4.39083411e+10  2.55460103e+10  3.39962536e+12  7.89140738e+09
 4.26525000e+03  8.15495520e+16  0.00000000e+00  4.39083411e+10  0.00000000e+00  3.41645065e+12  7.88351598e+09
 4.26620000e+03  7.80240324e+16  3.40999263e+15  4.20101122e+10  2.76331226e+09  3.41645065e+12  7.88351598e+09
 4.26715000e+03  7.46509268e+16  6.45313169e+15  4.01939469e+10  5.22934208e+09  3.41645065e+12  7.88351598e+09
 4.26810000e+03  7.14236461e+16  9.15939752e+15  3.84562973e+10  7.42238422e+09  3.41645065e+12  7.88351598e+09
 4.26905000e+03  6.83358859e+16  1.15565657e+16  3.67937691e+10  9.36494681e+09  3.41645065e+12  7.88351598e+09
 4.27000000e+03  6.53816146e+16  1.36703607e+16  3.52031148e+10  1.10778759e+10  3.41645065e+12  7.88351598e+09
 4.27095000e+03  6.25550612e+16  1.55245996e+16  3.36812269e+10  1.25804719e+10  3.41645065e+12  7.88351598e+09
 4.27190000e+03  5.98507044e+16  1.71413254e+16  3.22251328e+10  1.38905974e+10  3.41645065e+12  7.88351598e+09
 4.27285000e+03  5.72632612e+16  1.85409318e+16  3.08319880e+10  1.50247786e+10  3.41645065e+12  7.88351598e+09
 4.27380000e+03  5.47876775e+16  1.97422793e+16  2.94990711e+10  1.59982992e+10  3.41645065e+12  7.88351598e+09
 4.27475000e+03  5.24191172e+16  2.07628032e+16  2.82237784e+10  1.68252881e+10  3.41645065e+12  7.88351598e+09
 4.27475000e+03  5.24191172e+16  0.00000000e+00  2.82237784e+10  0.00000000e+00  3.41645065e+12  7.88351598e+09
 4.27477500e+03  5.23581893e+16  6.08746224e+13  2.81909732e+10  4.93301918e+07  3.41645065e+12  7.88351598e+09
 4.27480000e+03  5.22973322e+16  1.21572029e+14  2.81582062e+10  9.85167754e+07  3.41645065e+12  7.88351598e+09
 4.27482500e+03  5.22365458e+16  1.82092611e+14  2.81254773e+10  1.47560068e+08  3.41645065e+12  7.88351598e+09
 4.27485000e+03  5.21758301e+16  2.42436762e+14  2.80927864e+10  1.96460388e+08  3.41645065e+12  7.88351598e+09
 4.27487500e+03  5.21151850e+16  3.02604870e+14  2.80601335e+10  2.45218051e+08  3.41645065e+12  7.88351598e+09
 4.27490000e+03  5.20546103e+16  3.62597326e+14  2.80275186e+10  2.93833374e+08  3.41645065e+12  7.88351598e+09
 4.27492500e+03  5.19941061e+16  4.22414520e+14  2.79949416e+10  3.42306670e+08  3.41645065e+12  7.88351598e+09
 4.27495000e+03  5.19336721e+16  4.82056839e+14  2.79624024e+10  3.90638256e+08  3.41645065e+12  7.88351598e+09
 4.27497500e+03  5.18733085e+16  5.41524670e+14  2.79299011e+10  4.38828445e+08  3.41645065e+12  7.88351598e+09
 4.27500000e+03  5.18130149e+16  6.00818401e+14  2.78974376e+10  4.86877550e+08  3.41645065e+12  7.88351598e+09
 4.27500000e+03  5.18130149e+16  6.00818401e+14  2.78974376e+10  4.86877550e+08  3.41645065e+12  7.88351598e+09
 4.27650000e+03  5.59089101e+16  4.11265690e+15  3.01027711e+10  3.33272135e+09  3.41645065e+12  7.88351598e+09
 4.27800000e+03  5.97287380e+16  7.53628580e+15  3.21594630e+10  6.10708387e+09  3.41645065e+12  7.88351598e+09
 4.27950000e+03  6.32911058e+16  1.08628466e+16  3.40775320e+10  8.80278650e+09  3.41645065e+12  7.88351598e+09
 4.28100000e+03  6.66133667e+16  1.40855536e+16  3.58663212e+10  1.14143305e+10  3.41645065e+12  7.88351598e+09
 4.28250000e+03  6.97117040e+16  1.71994074e+16  3.75345444e+10  1.39376645e+10  3.41645065e+12  7.88351598e+09
 4.28400000e+03  7.26012104e+16  2.02009418e+16  3.90903277e+10  1.63699797e+10  3.41645065e+12  7.88351598e+09
 4.28550000e+03  7.52959613e+16  2.30880011e+16  4.05412498e+10  1.87095292e+10  3.41645065e+12  7.88351598e+09
 4.28700000e+03  7.78090835e+16  2.58595448e+16  4.18943783e+10  2.09554697e+10  3.41645065e+12  7.88351598e+09
 4.28850000e+03  8.01528188e+16  2.85154752e+16  4.31563047e+10  2.31077222e+10  3.41645065e+12  7.88351598e+09
 4.29000000e+03  8.23385841e+16  3.10564873e+16  4.43331760e+10  2.51668498e+10  3.41645065e+12  7.88351598e+09
 4.29000000e+03  8.23385841e+16  3.10564873e+16  4.43331760e+10  2.51668498e+10  3.41645065e+12  7.87563246e+09
 4.29002500e+03  8.22428801e+16  3.10977947e+16  4.42816465e+10  2.52003235e+10  3.41645065e+12  7.87563246e+09
 4.29005000e+03  8.21472874e+16  3.11389188e+16  4.42301770e+10  2.52336487e+10  3.41645065e+12  7.87563246e+09
 4.29007500e+03  8.20518057e+16  3.11798599e+16  4.41787672e+10  2.52668256e+10  3.41645065e+12  7.87563246e+09
 4.29010000e+03  8.19564350e+16  3.12206185e+16  4.41274173e+10  2.52998547e+10  3.41645065e+12  7.87563246e+09
 4.29012500e+03  8.18611752e+16  3.12611951e+16  4.40761270e+10  2.53327362e+10  3.41645065e+12  7.87563246e+09
 4.29015000e+03  8.17660261e+16  3.13015901e+16  4.40248963e+10  2.53654706e+10  3.41645065e+12  7.87563246e+09
 4.29017500e+03  8.16709876e+16  3.13418040e+16  4.39737252e+10  2.53980582e+10  3.41645065e+12  7.87563246e+09
 4.29020000e+03  8.15760596e+16  3.13818372e+16  4.39226135e+10  2.54304994e+10  3.41645065e+12  7.87563246e+09
 4.29022500e+03  8.14812419e+16  3.14216901e+16  4.38715613e+10  2.54627945e+10  3.41645065e+12  7.87563246e+09
 4.29025000e+03  8.13865344e+16  3.14613632e+16  4.38205683e+10  2.54949439e+10  3.41645065e+12  7.87563246e+09
 4.29025000e+03  8.13865344e+16  0.00000000e+00  4.38205683e+10  0.00000000e+00  3.43324231e+12  7.86775683e+09
 4.29120000e+03  7.78680624e+16  3.40317605e+15  4.19261340e+10  2.75778840e+09  3.43324231e+12  7.86775683e+09
 4.29215000e+03  7.45016996e+16  6.44023188e+15  4.01135992e+10  5.21888862e+09  3.43324231e+12  7.86775683e+09
 4.29310000e+03  7.12808702e+16  9.14108788e+15  3.83794232e+10  7.40754687e+09  3.43324231e+12  7.86775683e+09
 4.29405000e+03  6.81992824e+16  1.15334641e+16  3.67202184e+10  9.34622628e+09  3.43324231e+12  7.86775683e+09
 4.29500000e+03  6.52509167e+16  1.36430336e+16  3.51327437e+10  1.10557313e+10  3.43324231e+12  7.86775683e+09
 4.29595000e+03  6.24300137e+16  1.54935659e+16  3.36138982e+10  1.25553235e+10  3.43324231e+12  7.86775683e+09
 4.29690000e+03  5.97310628e+16  1.71070599e+16  3.21607148e+10  1.38628301e+10  3.43324231e+12  7.86775683e+09
 4.29785000e+03  5.71487920e+16  1.85038685e+16  3.07703549e+10  1.49947441e+10  3.43324231e+12  7.86775683e+09
 4.29880000e+03  5.46781569e+16  1.97028144e+16  2.94401025e+10  1.59663186e+10  3.43324231e+12  7.86775683e+09
 4.29975000e+03  5.23143314e+16  2.07212983e+16  2.81673590e+10  1.67916544e+10  3.43324231e+12  7.86775683e+09
 4.29975000e+03  5.23143314e+16  0.00000000e+00  2.81673590e+10  0.00000000e+00  3.43324231e+12  7.86775683e+09
 4.29977500e+03  5.22535253e+16  6.07529340e+13  2.81346195e+10  4.92315808e+07  3.43324231e+12  7.86775683e+09
 4.29980000e+03  5.21927898e+16  1.21329006e+14  2.81019180e+10  9.83198403e+07  3.43324231e+12  7.86775683e+09
 4.29982500e+03  5.21321250e+16  1.81728608e+14  2.80692545e+10  1.47265096e+08  3.43324231e+12  7.86775683e+09
 4.29985000e+03  5.20715306e+16  2.41952130e+14  2.80366289e+10  1.96067664e+08  3.43324231e+12  7.86775683e+09
 4.29987500e+03  5.20110067e+16  3.01999963e+14  2.80040413e+10  2.44727861e+08  3.43324231e+12  7.86775683e+09
 4.29990000e+03  5.19505531e+16  3.61872494e+14  2.79714916e+10  2.93246001e+08  3.43324231e+12  7.86775683e+09
 4.29992500e+03  5.18901698e+16  4.21570113e+14  2.79389797e+10  3.41622399e+08  3.43324231e+12  7.86775683e+09
 4.29995000e+03  5.18298567e+16  4.81093207e+14  2.79065056e+10  3.89857370e+08  3.43324231e+12  7.86775683e+09
 4.29997500e+03  5.17696137e+16  5.40442162e+14  2.78740692e+10  4.37951226e+08  3.43324231e+12  7.86775683e+09
 4.30000000e+03  5.17094407e+16  5.99617365e+14  2.78416706e+10  4.85904281e+08  3.43324231e+12  7.86775683e+09
 4.30000000e+03  5.17094407e+16  5.99617365e+14  2.78416706e+10  4.85904281e+08  3.43324231e+12  7.86775683e+09
 4.30150000e+03  5.57971482e+16  4.10443570e+15  3.00425956e+10  3.32605924e+09  3.43324231e+12  7.86775683e+09
 4.30300000e+03  5.96093402e+16  7.52122077e+15  3.20951763e+10  6.09487581e+09  3.43324231e+12  7.86775683e+09
 4.30450000e+03  6.31645869e+16  1.08411317e+16  3.40094110e+10  8.78518973e+09  3.43324231e+12  7.86775683e+09
 4.30600000e+03  6.64802066e+16  1.40573966e+16  3.57946245e+10  1.13915133e+10  3.43324231e+12  7.86775683e+09
 4.30750000e+03  6.95723503e+16  1.71650258e+16  3.74595128e+10  1.39098032e+10  3.43324231e+12  7.86775683e+09
 4.30900000e+03  7.24560806e+16  2.01605601e+16  3.90121862e+10  1.63372561e+10  3.43324231e+12  7.86775683e+09
 4.31050000e+03  7.51454447e+16  2.30418482e+16  4.04602078e+10  1.86721288e+10  3.43324231e+12  7.86775683e+09
 4.31200000e+03  7.76535431e+16  2.58078515e+16  4.18106314e+10  2.09135797e+10  3.43324231e+12  7.86775683e+09
 4.31350000e+03  7.99925933e+16  2.84584727e+16  4.30700352e+10  2.30615298e+10  3.43324231e+12  7.86775683e+09
 4.31500000e+03  8.21739893e+16  3.09944054e+16  4.42445540e+10  2.51165412e+10  3.43324231e+12  7.86775683e+09
 4.31500000e+03  8.21739893e+16  3.09944054e+16  4.42445540e+10  2.51165412e+10  3.43324231e+12  7.85988907e+09
 4.31502500e+03  8.20784766e+16  3.10356303e+16  4.41931275e+10  2.51499481e+10  3.43324231e+12  7.85988907e+09
 4.31505000e+03  8.19830749e+16  3.10766721e+16  4.41417608e+10  2.51832067e+10  3.43324231e+12  7.85988907e+09
 4.31507500e+03  8.18877842e+16  3.11175314e+16  4.40904539e+10  2.52163173e+10  3.43324231e+12  7.85988907e+09
 4.31510000e+03  8.17926041e+16  3.11582085e+16  4.40392066e+10  2.52492803e+10  3.43324231e+12  7.85988907e+09
 4.31512500e+03  8.16975347e+16  3.11987040e+16  4.39880188e+10  2.52820961e+10  3.43324231e+12  7.85988907e+09
 4.31515000e+03  8.16025758e+16  3.12390182e+16  4.39368905e+10  2.53147650e+10  3.43324231e+12  7.85988907e+09
 4.31517500e+03  8.15077273e+16  3.12791517e+16  4.38858217e+10  2.53472875e+10  3.43324231e+12  7.85988907e+09
 4.31520000e+03  8.14129891e+16  3.13191049e+16  4.38348122e+10  2.53796638e+10  3.43324231e+12  7.85988907e+09
 4.31522500e+03  8.13183609e+16  3.13588781e+16  4.37838620e+10  2.54118943e+10  3.43324231e+12  7.85988907e+09
 4.31525000e+03  8.12238427e+16  3.13984719e+16  4.37329710e+10  2.54439795e+10  3.43324231e+12  7.85988907e+09
 4.31525000e+03  8.12238427e+16  0.00000000e+00  4.37329710e+10  0.00000000e+00  3.45000040e+12  7.85202918e+09
 4.31620000e+03  7.77124041e+16  3.39637310e+15  4.18423237e+10  2.75227558e+09  3.45000040e+12  7.85202918e+09
 4.31715000e+03  7.43527707e+16  6.42735786e+15  4.00334121e+10  5.20845606e+09  3.45000040e+12  7.85202918e+09
 4.31810000e+03  7.11383797e+16  9.12281485e+15  3.83027027e+10  7.39273919e+09  3.45000040e+12  7.85202918e+09
 4.31905000e+03  6.80629521e+16  1.15104087e+16  3.66468147e+10  9.32754317e+09  3.45000040e+12  7.85202918e+09
 4.32000000e+03  6.51204801e+16  1.36157612e+16  3.50625134e+10  1.10336309e+10  3.45000040e+12  7.85202918e+09
 4.32095000e+03  6.23052161e+16  1.54625943e+16  3.35467040e+10  1.25302254e+10  3.45000040e+12  7.85202918e+09
 4.32190000e+03  5.96116604e+16  1.70728629e+16  3.20964255e+10  1.38351183e+10  3.45000040e+12  7.85202918e+09
 4.32285000e+03  5.70345515e+16  1.84668793e+16  3.07088449e+10  1.49647696e+10  3.45000040e+12  7.85202918e+09
 4.32380000e+03  5.45688553e+16  1.96634285e+16  2.93812517e+10  1.59344019e+10  3.45000040e+12  7.85202918e+09
 4.32475000e+03  5.22097551e+16  2.06798764e+16  2.81110525e+10  1.67580879e+10  3.45000040e+12  7.85202918e+09
 4.32475000e+03  5.22097551e+16  0.00000000e+00  2.81110525e+10  0.00000000e+00  3.45000040e+12  7.85202918e+09
 4.32477500e+03  5.21490705e+16  6.06314889e+13  2.80783784e+10  4.91331668e+07  3.45000040e+12  7.85202918e+09
 4.32480000e+03  5.20884564e+16  1.21086470e+14  2.80457422e+10  9.81232990e+07  3.45000040e+12  7.85202918e+09
 4.32482500e+03  5.20279129e+16  1.81365333e+14  2.80131440e+10  1.46970713e+08  3.45000040e+12  7.85202918e+09
 4.32485000e+03  5.19674396e+16  2.41468468e+14  2.79805837e+10  1.95675725e+08  3.45000040e+12  7.85202918e+09
 4.32487500e+03  5.19070367e+16  3.01396265e+14  2.79480613e+10  2.44238650e+08  3.45000040e+12  7.85202918e+09
 4.32490000e+03  5.18467040e+16  3.61149111e+14  2.79155766e+10  2.92659802e+08  3.45000040e+12  7.85202918e+09
 4.32492500e+03  5.17864414e+16  4.20727394e+14  2.78831297e+10  3.40939496e+08  3.45000040e+12  7.85202918e+09
 4.32495000e+03  5.17262488e+16  4.80131502e+14  2.78507205e+10  3.89078045e+08  3.45000040e+12  7.85202918e+09
 4.32497500e+03  5.16661263e+16  5.39361818e+14  2.78183490e+10  4.37075762e+08  3.45000040e+12  7.85202918e+09
 4.32500000e+03  5.16060735e+16  5.98418730e+14  2.77860151e+10  4.84932959e+08  3.45000040e+12  7.85202918e+09
 4.32500000e+03  5.16060735e+16  5.98418730e+14  2.77860151e+10  4.84932959e+08  3.45000040e+12  7.85202918e+09
 4.32650000e+03  5.56856097e+16  4.09623093e+15  2.99825405e+10  3.31941045e+09  3.45000040e+12  7.85202918e+09
 4.32800000e+03  5.94901811e+16  7.50618585e+15  3.20310180e+10  6.08269215e+09  3.45000040e+12  7.85202918e+09
 4.32950000e+03  6.30383209e+16  1.08194603e+16  3.39414262e+10  8.76762814e+09  3.45000040e+12  7.85202918e+09
 4.33100000e+03  6.63473126e+16  1.40292958e+16  3.57230710e+10  1.13687416e+10  3.45000040e+12  7.85202918e+09
 4.33250000e+03  6.94332752e+16  1.71307129e+16  3.73846313e+10  1.38819975e+10  3.45000040e+12  7.85202918e+09
 4.33400000e+03  7.23112409e+16  2.01202591e+16  3.89342008e+10  1.63045979e+10  3.45000040e+12  7.85202918e+09
 4.33550000e+03  7.49952290e+16  2.29957875e+16  4.03793279e+10  1.86348032e+10  3.45000040e+12  7.85202918e+09
 4.33700000e+03  7.74983137e+16  2.57562616e+16  4.17270520e+10  2.08717734e+10  3.45000040e+12  7.85202918e+09
 4.33850000e+03  7.98326881e+16  2.84015843e+16  4.29839382e+10  2.30154298e+10  3.45000040e+12  7.85202918e+09
 4.34000000e+03  8.20097235e+16  3.09324476e+16  4.41561091e+10  2.50663333e+10  3.45000040e+12  7.85202918e+09
 4.34000000e+03  8.20097235e+16  3.09324476e+16  4.41561091e+10  2.50663333e+10  3.45000040e+12  7.84417715e+09
 4.34002500e+03  8.19144017e+16  3.09735900e+16  4.41047855e+10  2.50996734e+10  3.45000040e+12  7.84417715e+09
 4.34005000e+03  8.18191908e+16  3.10145498e+16  4.40535215e+10  2.51328654e+10  3.45000040e+12  7.84417715e+09
 4.34007500e+03  8.17240905e+16  3.10553274e+16  4.40023171e+10  2.51659098e+10  3.45000040e+12  7.84417715e+09
 4.34010000e+03  8.16291007e+16  3.10959233e+16  4.39511722e+10  2.51988070e+10  3.45000040e+12  7.84417715e+09
 4.34012500e+03  8.15342214e+16  3.11363378e+16  4.39000867e+10  2.52315572e+10  3.45000040e+12  7.84417715e+09
 4.34015000e+03  8.14394523e+16  3.11765714e+16  4.38490607e+10  2.52641608e+10  3.45000040e+12  7.84417715e+09
 4.34017500e+03  8.13447934e+16  3.12166247e+16  4.37980939e+10  2.52966183e+10  3.45000040e+12  7.84417715e+09
 4.34020000e+03  8.12502445e+16  3.12564980e+16  4.37471864e+10  2.53289299e+10  3.45000040e+12  7.84417715e+09
 4.34022500e+03  8.11558055e+16  3.12961917e+16  4.36963381e+10  2.53610960e+10  3.45000040e+12  7.84417715e+09
 4.34025000e+03  8.10614763e+16  3.13357064e+16  4.36455488e+10  2.53931170e+10  3.45000040e+12  7.84417715e+09
 4.34025000e+03  8.10614763e+16  0.00000000e+00  4.36455488e+10  0.00000000e+00  3.46672498e+12  7.83633298e+09
 4.34120000e+03  7.75570570e+16  3.38958375e+15  4.17586809e+10  2.74677378e+09  3.46672498e+12  7.83633298e+09
 4.34215000e+03  7.42041395e+16  6.41450957e+15  3.99533853e+10  5.19804436e+09  3.46672498e+12  7.83633298e+09
 4.34310000e+03  7.09961741e+16  9.10457834e+15  3.82261356e+10  7.37796110e+09  3.46672498e+12  7.83633298e+09
 4.34405000e+03  6.79268942e+16  1.14873994e+16  3.65735577e+10  9.30889742e+09  3.46672498e+12  7.83633298e+09
 4.34500000e+03  6.49903043e+16  1.35885433e+16  3.49924234e+10  1.10115746e+10  3.46672498e+12  7.83633298e+09
 4.34595000e+03  6.21806679e+16  1.54316846e+16  3.34796441e+10  1.25051775e+10  3.46672498e+12  7.83633298e+09
 4.34690000e+03  5.94924967e+16  1.70387342e+16  3.20322648e+10  1.38074619e+10  3.46672498e+12  7.83633298e+09
 4.34785000e+03  5.69205395e+16  1.84299640e+16  3.06474579e+10  1.49348550e+10  3.46672498e+12  7.83633298e+09
 4.34880000e+03  5.44597721e+16  1.96241213e+16  2.93225186e+10  1.59025491e+10  3.46672498e+12  7.83633298e+09
 4.34975000e+03  5.21053878e+16  2.06385374e+16  2.80548585e+10  1.67245885e+10  3.46672498e+12  7.83633298e+09
 4.34975000e+03  5.21053878e+16  0.00000000e+00  2.80548585e+10  0.00000000e+00  3.46672498e+12  7.83633298e+09
 4.34977500e+03  5.20448245e+16  6.05102865e+13  2.80222497e+10  4.90349496e+07  3.46672498e+12  7.83633298e+09
 4.34980000e+03  5.19843316e+16  1.20844418e+14  2.79896788e+10  9.79271505e+07  3.46672498e+12  7.83633298e+09
 4.34982500e+03  5.19239091e+16  1.81002783e+14  2.79571458e+10  1.46676919e+08  3.46672498e+12  7.83633298e+09
 4.34985000e+03  5.18635567e+16  2.40985773e+14  2.79246505e+10  1.95284569e+08  3.46672498e+12  7.83633298e+09
 4.34987500e+03  5.18032745e+16  3.00793774e+14  2.78921931e+10  2.43750416e+08  3.46672498e+12  7.83633298e+09
 4.34990000e+03  5.17430624e+16  3.60427174e+14  2.78597734e+10  2.92074775e+08  3.46672498e+12  7.83633298e+09
 4.34992500e+03  5.16829203e+16  4.19886360e+14  2.78273913e+10  3.40257958e+08  3.46672498e+12  7.83633298e+09
 4.34995000e+03  5.16228481e+16  4.79171719e+14  2.77950469e+10  3.88300278e+08  3.46672498e+12  7.83633298e+09
 4.34997500e+03  5.15628457e+16  5.38283634e+14  2.77627401e+10  4.36202048e+08  3.46672498e+12  7.83633298e+09
 4.35000000e+03  5.15029130e+16  5.97222491e+14  2.77304708e+10  4.83963578e+08  3.46672498e+12  7.83633298e+09
 4.35000000e+03  5.15029130e+16  5.97222491e+14  2.77304708e+10  4.83963578e+08  3.46672498e+12  7.83633298e+09
 4.35150000e+03  5.55742941e+16  4.08804257e+15  2.99226054e+10  3.31277495e+09  3.46672498e+12  7.83633298e+09
 4.35300000e+03  5.93712603e+16  7.49118098e+15  3.19669880e+10  6.07053285e+09  3.46672498e+12  7.83633298e+09
 4.35450000e+03  6.29123073e+16  1.07978322e+16  3.38735773e+10  8.75010165e+09  3.46672498e+12  7.83633298e+09
 4.35600000e+03  6.62146843e+16  1.40012513e+16  3.56516606e+10  1.13460155e+10  3.46672498e+12  7.83633298e+09
 4.35750000e+03  6.92944780e+16  1.70964686e+16  3.73098994e+10  1.38542473e+10  3.46672498e+12  7.83633298e+09
 4.35900000e+03  7.21666907e+16  2.00800387e+16  3.88563713e+10  1.62720050e+10  3.46672498e+12  7.83633298e+09
 4.36050000e+03  7.48453135e+16  2.29498190e+16  4.02986096e+10  1.85975523e+10  3.46672498e+12  7.83633298e+09
 4.36200000e+03  7.73433946e+16  2.57047749e+16  4.16436396e+10  2.08300508e+10  3.46672498e+12  7.83633298e+09
 4.36350000e+03  7.96731026e+16  2.83448095e+16  4.28980133e+10  2.29694220e+10  3.46672498e+12  7.83633298e+09
 4.36500000e+03  8.18457860e+16  3.08706136e+16  4.40678410e+10  2.50162257e+10  3.46672498e+12  7.83633298e+09
 4.36500000e+03  8.18457860e+16  3.08706136e+16  4.40678410e+10  2.50162257e+10  3.46672498e+12  7.82849664e+09
 4.36502500e+03  8.17506548e+16  3.09116738e+16  4.40166200e+10  2.50494991e+10  3.46672498e+12  7.82849664e+09
 4.36505000e+03  8.16556342e+16  3.09525517e+16  4.39654585e+10  2.50826248e+10  3.46672498e+12  7.82849664e+09
 4.36507500e+03  8.15607240e+16  3.09932478e+16  4.39143564e+10  2.51156032e+10  3.46672498e+12  7.82849664e+09
 4.36510000e+03  8.14659241e+16  3.10337625e+16  4.38633138e+10  2.51484346e+10  3.46672498e+12  7.82849664e+09
 4.36512500e+03  8.13712345e+16  3.10740962e+16  4.38123305e+10  2.51811193e+10  3.46672498e+12  7.82849664e+09
 4.36515000e+03  8.12766548e+16  3.11142495e+16  4.37614064e+10  2.52136578e+10  3.46672498e+12  7.82849664e+09
 4.36517500e+03  8.11821851e+16  3.11542227e+16  4.37105415e+10  2.52460503e+10  3.46672498e+12  7.82849664e+09
 4.36520000e+03  8.10878253e+16  3.11940162e+16  4.36597358e+10  2.52782973e+10  3.46672498e+12  7.82849664e+09
 4.36522500e+03  8.09935750e+16  3.12336306e+16  4.36089891e+10  2.53103991e+10  3.46672498e+12  7.82849664e+09
 4.36525000e+03  8.08994344e+16  3.12730663e+16  4.35583014e+10  2.53423561e+10  3.46672498e+12  7.82849664e+09
 4.36525000e+03  8.08994344e+16  0.00000000e+00  4.35583014e+10  0.00000000e+00  3.48341614e+12  7.82066815e+09
 4.36620000e+03  7.74020205e+16  3.38280798e+15  4.16752053e+10  2.74128298e+09  3.48341614e+12  7.82066815e+09
 4.36715000e+03  7.40558055e+16  6.40168697e+15  3.98735185e+10  5.18765347e+09  3.48341614e+12  7.82066815e+09
 4.36810000e+03  7.08542528e+16  9.08637829e+15  3.81497215e+10  7.36321256e+09  3.48341614e+12  7.82066815e+09
 4.36905000e+03  6.77911084e+16  1.14644361e+16  3.65004471e+10  9.29028893e+09  3.48341614e+12  7.82066815e+09
 4.37000000e+03  6.48603887e+16  1.35613798e+16  3.49224736e+10  1.09895625e+10  3.48341614e+12  7.82066815e+09
 4.37095000e+03  6.20563688e+16  1.54008366e+16  3.34127183e+10  1.24801797e+10  3.48341614e+12  7.82066815e+09
 4.37190000e+03  5.93735712e+16  1.70046738e+16  3.19682323e+10  1.37798608e+10  3.48341614e+12  7.82066815e+09
 4.37285000e+03  5.68067553e+16  1.83931225e+16  3.05861937e+10  1.49050002e+10  3.48341614e+12  7.82066815e+09
 4.37380000e+03  5.43509071e+16  1.95848927e+16  2.92639029e+10  1.58707599e+10  3.48341614e+12  7.82066815e+09
 4.37475000e+03  5.20012291e+16  2.05972809e+16  2.79987768e+10  1.66911560e+10  3.48341614e+12  7.82066815e+09
 4.37475000e+03  5.20012291e+16  0.00000000e+00  2.79987768e+10  0.00000000e+00  3.48341614e+12  7.82066815e+09
 4.37477500e+03  5.19407869e+16  6.03893265e+13  2.79662332e+10  4.89369288e+07  3.48341614e+12  7.82066815e+09
 4.37480000e+03  5.18804149e+16  1.20602850e+14  2.79337274e+10  9.77313941e+07  3.48341614e+12  7.82066815e+09
 4.37482500e+03  5.18201132e+16  1.80640959e+14  2.79012594e+10  1.46383711e+08  3.48341614e+12  7.82066815e+09
 4.37485000e+03  5.17598815e+16  2.40504042e+14  2.78688292e+10  1.94894195e+08  3.48341614e+12  7.82066815e+09
 4.37487500e+03  5.16997198e+16  3.00192487e+14  2.78364366e+10  2.43263159e+08  3.48341614e+12  7.82066815e+09
 4.37490000e+03  5.16396280e+16  3.59706680e+14  2.78040817e+10  2.91490917e+08  3.48341614e+12  7.82066815e+09
 4.37492500e+03  5.15796061e+16  4.19047008e+14  2.77717644e+10  3.39577782e+08  3.48341614e+12  7.82066815e+09
 4.37495000e+03  5.15196540e+16  4.78213854e+14  2.77394846e+10  3.87524066e+08  3.48341614e+12  7.82066815e+09
 4.37497500e+03  5.14597715e+16  5.37207605e+14  2.77072424e+10  4.35330080e+08  3.48341614e+12  7.82066815e+09
 4.37500000e+03  5.13999587e+16  5.96028643e+14  2.76750376e+10  4.82996135e+08  3.48341614e+12  7.82066815e+09
 4.37500000e+03  5.13999587e+16  5.96028643e+14  2.76750376e+10  4.82996135e+08  3.48341614e+12  7.82066815e+09
 4.37650000e+03  5.54632011e+16  4.07987057e+15  2.98627901e+10  3.30615271e+09  3.48341614e+12  7.82066815e+09
 4.37800000e+03  5.92525771e+16  7.47620611e+15  3.19030860e+10  6.05839785e+09  3.48341614e+12  7.82066815e+09
 4.37950000e+03  6.27865456e+16  1.07762473e+16  3.38058640e+10  8.73261020e+09  3.48341614e+12  7.82066815e+09
 4.38100000e+03  6.60823212e+16  1.39732628e+16  3.55803929e+10  1.13233348e+10  3.48341614e+12  7.82066815e+09
 4.38250000e+03  6.91559584e+16  1.70622928e+16  3.72353169e+10  1.38265527e+10  3.48341614e+12  7.82066815e+09
 4.38400000e+03  7.20224295e+16  2.00398987e+16  3.87786974e+10  1.62394773e+10  3.48341614e+12  7.82066815e+09
 4.38550000e+03  7.46956977e+16  2.29039423e+16  4.02180527e+10  1.85603758e+10  3.48341614e+12  7.82066815e+09
 4.38700000e+03  7.71887851e+16  2.56533910e+16  4.15603940e+10  2.07884115e+10  3.48341614e+12  7.82066815e+09
 4.38850000e+03  7.95138360e+16  2.82881482e+16  4.28122602e+10  2.29235061e+10  3.48341614e+12  7.82066815e+09
 4.39000000e+03  8.16821763e+16  3.08089033e+16  4.39797494e+10  2.49662182e+10  3.48341614e+12  7.82066815e+09
 4.39000000e+03  8.16821763e+16  3.08089033e+16  4.39797494e+10  2.49662182e+10  3.48341614e+12  7.81284748e+09
 4.39002500e+03  8.15872353e+16  3.08498814e+16  4.39286308e+10  2.49994252e+10  3.48341614e+12  7.81284748e+09
 4.39005000e+03  8.14924046e+16  3.08906776e+16  4.38775715e+10  2.50324847e+10  3.48341614e+12  7.81284748e+09
 4.39007500e+03  8.13976841e+16  3.09312923e+16  4.38265716e+10  2.50653971e+10  3.48341614e+12  7.81284748e+09
 4.39010000e+03  8.13030738e+16  3.09717260e+16  4.37756310e+10  2.50981628e+10  3.48341614e+12  7.81284748e+09
 4.39012500e+03  8.12085734e+16  3.10119791e+16  4.37247496e+10  2.51307822e+10  3.48341614e+12  7.81284748e+09
 4.39015000e+03  8.11141828e+16  3.10520521e+16  4.36739273e+10  2.51632557e+10  3.48341614e+12  7.81284748e+09
 4.39017500e+03  8.10199020e+16  3.10919454e+16  4.36231642e+10  2.51955835e+10  3.48341614e+12  7.81284748e+09
 4.39020000e+03  8.09257307e+16  3.11316594e+16  4.35724600e+10  2.52277660e+10  3.48341614e+12  7.81284748e+09
 4.39022500e+03  8.08316689e+16  3.11711946e+16  4.35218147e+10  2.52598036e+10  3.48341614e+12  7.81284748e+09
 4.39025000e+03  8.07377164e+16  3.12105514e+16  4.34712283e+10  2.52916967e+10  3.48341614e+12  7.81284748e+09
 4.39025000e+03  8.07377164e+16  0.00000000e+00  4.34712283e+10  0.00000000e+00  3.50007393e+12  7.80503463e+09
 4.39120000e+03  7.72472938e+16  3.37604574e+15  4.15918965e+10  2.73580316e+09  3.50007393e+12  7.80503463e+09
 4.39215000e+03  7.39077679e+16  6.38888999e+15  3.97938113e+10  5.17728335e+09  3.50007393e+12  7.80503463e+09
 4.39310000e+03  7.07126151e+16  9.06821462e+15  3.80734603e+10  7.34849350e+09  3.50007393e+12  7.80503463e+09
 4.39405000e+03  6.76555939e+16  1.14415187e+16  3.64274827e+10  9.27171764e+09  3.50007393e+12  7.80503463e+09
 4.39500000e+03  6.47307328e+16  1.35342706e+16  3.48526635e+10  1.09675944e+10  3.50007393e+12  7.80503463e+09
 4.39595000e+03  6.19323181e+16  1.53700503e+16  3.33459263e+10  1.24552318e+10  3.50007393e+12  7.80503463e+09
 4.39690000e+03  5.92548834e+16  1.69706815e+16  3.19043278e+10  1.37523148e+10  3.50007393e+12  7.80503463e+09
 4.39785000e+03  5.66931986e+16  1.83563546e+16  3.05250519e+10  1.48752051e+10  3.50007393e+12  7.80503463e+09
 4.39880000e+03  5.42422596e+16  1.95457425e+16  2.92054043e+10  1.58390342e+10  3.50007393e+12  7.80503463e+09
 4.39975000e+03  5.18972786e+16  2.05561070e+16  2.79428073e+10  1.66577904e+10  3.50007393e+12  7.80503463e+09
 4.39975000e+03  5.18972786e+16  0.00000000e+00  2.79428073e+10  0.00000000e+00  3.50007393e+12  7.80503463e+09
 4.39977500e+03  5.18369573e+16  6.02686082e+13  2.79103287e+10  4.88391038e+07  3.50007393e+12  7.80503463e+09
 4.39980000e+03  5.17767060e+16  1.20361765e+14  2.78778879e+10  9.75360291e+07  3.50007393e+12  7.80503463e+09
 4.39982500e+03  5.17165248e+16  1.80279858e+14  2.78454848e+10  1.46091090e+08  3.50007393e+12  7.80503463e+09
 4.39985000e+03  5.16564135e+16  2.40023275e+14  2.78131194e+10  1.94504602e+08  3.50007393e+12  7.80503463e+09
 4.39987500e+03  5.15963721e+16  2.99592402e+14  2.77807916e+10  2.42776876e+08  3.50007393e+12  7.80503463e+09
 4.39990000e+03  5.15364004e+16  3.58987627e+14  2.77485013e+10  2.90908227e+08  3.50007393e+12  7.80503463e+09
 4.39992500e+03  5.14764985e+16  4.18209333e+14  2.77162486e+10  3.38898966e+08  3.50007393e+12  7.80503463e+09
 4.39995000e+03  5.14166662e+16  4.77257905e+14  2.76840334e+10  3.86749405e+08  3.50007393e+12  7.80503463e+09
 4.39997500e+03  5.13569035e+16  5.36133727e+14  2.76518556e+10  4.34459855e+08  3.50007393e+12  7.80503463e+09
 4.40000000e+03  5.12972102e+16  5.94837182e+14  2.76197152e+10  4.82030625e+08  3.50007393e+12  7.80503463e+09
 4.40000000e+03  5.12972102e+16  5.94837182e+14  2.76197152e+10  4.82030625e+08  3.50007393e+12  7.80503463e+09
 4.40150000e+03  5.53523302e+16  4.07171491e+15  2.98030944e+10  3.29954371e+09  3.50007393e+12  7.80503463e+09
 4.40300000e+03  5.91341312e+16  7.46126117e+15  3.18393117e+10  6.04628711e+09  3.50007393e+12  7.80503463e+09
 4.40450000e+03  6.26610353e+16  1.07547056e+16  3.37382861e+10  8.71515371e+09  3.50007393e+12  7.80503463e+09
 4.40600000e+03  6.59502226e+16  1.39453302e+16  3.55092677e+10  1.13006995e+10  3.50007393e+12  7.80503463e+09
 4.40750000e+03  6.90177156e+16  1.70281852e+16  3.71608835e+10  1.37989134e+10  3.50007393e+12  7.80503463e+09
 4.40900000e+03  7.18784567e+16  1.99998390e+16  3.87011788e+10  1.62070146e+10  3.50007393e+12  7.80503463e+09
 4.41050000e+03  7.45463810e+16  2.28581573e+16  4.01376568e+10  1.85232736e+10  3.50007393e+12  7.80503463e+09
 4.41200000e+03  7.70344847e+16  2.56021099e+16  4.14773147e+10  2.07468555e+10  3.50007393e+12  7.80503463e+09
 4.41350000e+03  7.93548879e+16  2.82316002e+16  4.27266785e+10  2.28776820e+10  3.50007393e+12  7.80503463e+09
 4.41500000e+03  8.15188937e+16  3.07473163e+16  4.38918339e+10  2.49163108e+10  3.50007393e+12  7.80503463e+09
 4.41500000e+03  8.15188937e+16  3.07473163e+16  4.38918339e+10  2.49163108e+10  3.50007393e+12  7.79722960e+09
 4.41502500e+03  8.14241424e+16  3.07882125e+16  4.38408174e+10  2.49494513e+10  3.50007393e+12  7.79722960e+09
 4.41505000e+03  8.13295013e+16  3.08289271e+16  4.37898603e+10  2.49824447e+10  3.50007393e+12  7.79722960e+09
 4.41507500e+03  8.12349702e+16  3.08694607e+16  4.37389623e+10  2.50152914e+10  3.50007393e+12  7.79722960e+09
 4.41510000e+03  8.11405489e+16  3.09098135e+16  4.36881235e+10  2.50479916e+10  3.50007393e+12  7.79722960e+09
 4.41512500e+03  8.10462374e+16  3.09499862e+16  4.36373438e+10  2.50805458e+10  3.50007393e+12  7.79722960e+09
 4.41515000e+03  8.09520355e+16  3.09899790e+16  4.35866232e+10  2.51129543e+10  3.50007393e+12  7.79722960e+09
 4.41517500e+03  8.08579432e+16  3.10297926e+16  4.35359615e+10  2.51452175e+10  3.50007393e+12  7.79722960e+09
 4.41520000e+03  8.07639602e+16  3.10694272e+16  4.34853586e+10  2.51773357e+10  3.50007393e+12  7.79722960e+09
 4.41522500e+03  8.06700864e+16  3.11088834e+16  4.34348146e+10  2.52093093e+10  3.50007393e+12  7.79722960e+09
 4.41525000e+03  8.05763217e+16  3.11481615e+16  4.33843293e+10  2.52411386e+10  3.50007393e+12  7.79722960e+09
 4.41525000e+03  8.05763217e+16  0.00000000e+00  4.33843293e+10  0.00000000e+00  3.51669842e+12  7.78943237e+09
 4.41620000e+03  7.70928765e+16  3.36929703e+15  4.15087543e+10  2.73033429e+09  3.51669842e+12  7.78943237e+09
 4.41715000e+03  7.37600263e+16  6.37611860e+15  3.97142635e+10  5.16693396e+09  3.51669842e+12  7.78943237e+09
 4.41810000e+03  7.05712606e+16  9.05008726e+15  3.79973514e+10  7.33380386e+09  3.51669842e+12  7.78943237e+09
 4.41905000e+03  6.75203504e+16  1.14186471e+16  3.63546642e+10  9.25318348e+09  3.51669842e+12  7.78943237e+09
 4.42000000e+03  6.46013360e+16  1.35072156e+16  3.47829931e+10  1.09456701e+10  3.51669842e+12  7.78943237e+09
 4.42095000e+03  6.18085154e+16  1.53393256e+16  3.32792678e+10  1.24303338e+10  3.51669842e+12  7.78943237e+09
 4.42190000e+03  5.91364329e+16  1.69367571e+16  3.18405510e+10  1.37248239e+10  3.51669842e+12  7.78943237e+09
 4.42285000e+03  5.65798689e+16  1.83196603e+16  3.04640323e+10  1.48454696e+10  3.51669842e+12  7.78943237e+09
 4.42380000e+03  5.41338293e+16  1.95066706e+16  2.91470227e+10  1.58073720e+10  3.51669842e+12  7.78943237e+09
 4.42475000e+03  5.17935360e+16  2.05150153e+16  2.78869496e+10  1.66244915e+10  3.51669842e+12  7.78943237e+09
 4.42475000e+03  5.17935360e+16  0.00000000e+00  2.78869496e+10  0.00000000e+00  3.51669842e+12  7.78943237e+09
 4.42477500e+03  5.17333352e+16  6.01481313e+13  2.78545360e+10  4.87414745e+07  3.51669842e+12  7.78943237e+09
 4.42480000e+03  5.16732044e+16  1.20121162e+14  2.78221600e+10  9.73410546e+07  3.51669842e+12  7.78943237e+09
 4.42482500e+03  5.16131434e+16  1.79919478e+14  2.77898217e+10  1.45799054e+08  3.51669842e+12  7.78943237e+09
 4.42485000e+03  5.15531523e+16  2.39543468e+14  2.77575209e+10  1.94115787e+08  3.51669842e+12  7.78943237e+09
 4.42487500e+03  5.14932309e+16  2.98993517e+14  2.77252578e+10  2.42291565e+08  3.51669842e+12  7.78943237e+09
 4.42490000e+03  5.14333792e+16  3.58270010e+14  2.76930321e+10  2.90326702e+08  3.51669842e+12  7.78943237e+09
 4.42492500e+03  5.13735970e+16  4.17373332e+14  2.76608438e+10  3.38221507e+08  3.51669842e+12  7.78943237e+09
 4.42495000e+03  5.13138843e+16  4.76303866e+14  2.76286930e+10  3.85976293e+08  3.51669842e+12  7.78943237e+09
 4.42497500e+03  5.12542410e+16  5.35061996e+14  2.75965795e+10  4.33591370e+08  3.51669842e+12  7.78943237e+09
 4.42500000e+03  5.11946670e+16  5.93648103e+14  2.75645034e+10  4.81067046e+08  3.51669842e+12  7.78943237e+09
 4.42500000e+03  5.11946670e+16  5.93648103e+14  2.75645034e+10  4.81067046e+08  3.51669842e+12  7.78943237e+09
 4.42650000e+03  5.52416809e+16  4.06357555e+15  2.97435180e+10  3.29294792e+09  3.51669842e+12  7.78943237e+09
 4.42800000e+03  5.90159221e+16  7.44634611e+15  3.17756649e+10  6.03420059e+09  3.51669842e+12  7.78943237e+09
 4.42950000e+03  6.25357759e+16  1.07332070e+16  3.36708432e+10  8.69773212e+09  3.51669842e+12  7.78943237e+09
 4.43100000e+03  6.58183881e+16  1.39174535e+16  3.54382847e+10  1.12781094e+10  3.51669842e+12  7.78943237e+09
 4.43250000e+03  6.88797492e+16  1.69941459e+16  3.70865989e+10  1.37713294e+10  3.51669842e+12  7.78943237e+09
 4.43400000e+03  7.17347716e+16  1.99598593e+16  3.86238152e+10  1.61746168e+10  3.51669842e+12  7.78943237e+09
 4.43550000e+03  7.43973628e+16  2.28124638e+16  4.00574216e+10  1.84862455e+10  3.51669842e+12  7.78943237e+09
 4.43700000e+03  7.68804928e+16  2.55509313e+16  4.13944016e+10  2.07053825e+10  3.51669842e+12  7.78943237e+09
 4.43850000e+03  7.91962575e+16  2.81751652e+16  4.26412678e+10  2.28319495e+10  3.51669842e+12  7.78943237e+09
 4.44000000e+03  8.13559374e+16  3.06858524e+16  4.38040941e+10  2.48665031e+10  3.51669842e+12  7.78943237e+09
 4.44000000e+03  8.13559374e+16  3.06858524e+16  4.38040941e+10  2.48665031e+10  3.51669842e+12  7.78164293e+09
 4.44002500e+03  8.12613755e+16  3.07266668e+16  4.37531796e+10  2.48995774e+10  3.51669842e+12  7.78164293e+09
 4.44005000e+03  8.11669236e+16  3.07673001e+16  4.37023243e+10  2.49325048e+10  3.51669842e+12  7.78164293e+09
 4.44007500e+03  8.10725815e+16  3.08077526e+16  4.36515281e+10  2.49652858e+10  3.51669842e+12  7.78164293e+09
 4.44010000e+03  8.09783490e+16  3.08480248e+16  4.36007910e+10  2.49979207e+10  3.51669842e+12  7.78164293e+09
 4.44012500e+03  8.08842260e+16  3.08881172e+16  4.35501128e+10  2.50304098e+10  3.51669842e+12  7.78164293e+09
 4.44015000e+03  8.07902124e+16  3.09280301e+16  4.34994935e+10  2.50627535e+10  3.51669842e+12  7.78164293e+09
 4.44017500e+03  8.06963081e+16  3.09677640e+16  4.34489331e+10  2.50949522e+10  3.51669842e+12  7.78164293e+09
 4.44020000e+03  8.06025130e+16  3.10073194e+16  4.33984314e+10  2.51270062e+10  3.51669842e+12  7.78164293e+09
 4.44022500e+03  8.05088269e+16  3.10466967e+16  4.33479884e+10  2.51589159e+10  3.51669842e+12  7.78164293e+09
 4.44025000e+03  8.04152496e+16  3.10858964e+16  4.32976041e+10  2.51906816e+10  3.51669842e+12  7.78164293e+09
 4.44025000e+03  8.04152496e+16  0.00000000e+00  4.32976041e+10  0.00000000e+00  3.53328968e+12  7.77386129e+09
 4.44120000e+03  7.69387678e+16  3.36256180e+15  4.14257783e+10  2.72487635e+09  3.53328968e+12  7.77386129e+09
 4.44215000e+03  7.36125800e+16  6.36337274e+15  3.96348747e+10  5.15660526e+09  3.53328968e+12  7.77386129e+09
 4.44310000e+03  7.04301886e+16  9.03199613e+15  3.79213947e+10  7.31914358e+09  3.53328968e+12  7.77386129e+09
 4.44405000e+03  6.73853772e+16  1.13958212e+16  3.62819912e+10  9.23468637e+09  3.53328968e+12  7.77386129e+09
 4.44500000e+03  6.44721980e+16  1.34802147e+16  3.47134618e+10  1.09237898e+10  3.53328968e+12  7.77386129e+09
 4.44595000e+03  6.16849602e+16  1.53086623e+16  3.32127425e+10  1.24054855e+10  3.53328968e+12  7.77386129e+09
 4.44690000e+03  5.90182192e+16  1.69029005e+16  3.17769017e+10  1.36973880e+10  3.53328968e+12  7.77386129e+09
 4.44785000e+03  5.64667658e+16  1.82830393e+16  3.04031347e+10  1.48157935e+10  3.53328968e+12  7.77386129e+09
 4.44880000e+03  5.40256158e+16  1.94676767e+16  2.90887578e+10  1.57757731e+10  3.53328968e+12  7.77386129e+09
 4.44975000e+03  5.16900007e+16  2.04740058e+16  2.78312036e+10  1.65912591e+10  3.53328968e+12  7.77386129e+09
 4.44975000e+03  5.16900007e+16  0.00000000e+00  2.78312036e+10  0.00000000e+00  3.53328968e+12  7.77386129e+09
 4.44977500e+03  5.16299202e+16  6.00278952e+13  2.77988548e+10  4.86440403e+07  3.53328968e+12  7.77386129e+09
 4.44980000e+03  5.15699096e+16  1.19881039e+14  2.77665435e+10  9.71464698e+07  3.53328968e+12  7.77386129e+09
 4.44982500e+03  5.15099688e+16  1.79559819e+14  2.77342698e+10  1.45507602e+08  3.53328968e+12  7.77386129e+09
 4.44985000e+03  5.14500976e+16  2.39064621e+14  2.77020337e+10  1.93727749e+08  3.53328968e+12  7.77386129e+09
 4.44987500e+03  5.13902959e+16  2.98395829e+14  2.76698350e+10  2.41807224e+08  3.53328968e+12  7.77386129e+09
 4.44990000e+03  5.13305638e+16  3.57553829e+14  2.76376737e+10  2.89746339e+08  3.53328968e+12  7.77386129e+09
 4.44992500e+03  5.12709012e+16  4.16539003e+14  2.76055498e+10  3.37545402e+08  3.53328968e+12  7.77386129e+09
 4.44995000e+03  5.12113078e+16  4.75351735e+14  2.75734632e+10  3.85204727e+08  3.53328968e+12  7.77386129e+09
 4.44997500e+03  5.11517838e+16  5.33992407e+14  2.75414140e+10  4.32724620e+08  3.53328968e+12  7.77386129e+09
 4.45000000e+03  5.10923289e+16  5.92461400e+14  2.75094020e+10  4.80105393e+08  3.53328968e+12  7.77386129e+09
 4.45000000e+03  5.10923289e+16  5.92461400e+14  2.75094020e+10  4.80105393e+08  3.53328968e+12  7.77386129e+09
 4.45150000e+03  5.51312527e+16  4.05545246e+15  2.96840607e+10  3.28636532e+09  3.53328968e+12  7.77386129e+09
 4.45300000e+03  5.88979493e+16  7.43146087e+15  3.17121454e+10  6.02213822e+09  3.53328968e+12  7.77386129e+09
 4.45450000e+03  6.24107669e+16  1.07117513e+16  3.36035352e+10  8.68034535e+09  3.53328968e+12  7.77386129e+09
 4.45600000e+03  6.56868172e+16  1.38896325e+16  3.53674436e+10  1.12555645e+10  3.53328968e+12  7.77386129e+09
 4.45750000e+03  6.87420586e+16  1.69601746e+16  3.70124628e+10  1.37438005e+10  3.53328968e+12  7.77386129e+09
 4.45900000e+03  7.15913738e+16  1.99199595e+16  3.85466062e+10  1.61422837e+10  3.53328968e+12  7.77386129e+09
 4.46050000e+03  7.42486425e+16  2.27668617e+16  3.99773468e+10  1.84492915e+10  3.53328968e+12  7.77386129e+09
 4.46200000e+03  7.67268087e+16  2.54998550e+16  4.13116542e+10  2.06639924e+10  3.53328968e+12  7.77386129e+09
 4.46350000e+03  7.90379441e+16  2.81188431e+16  4.25560280e+10  2.27863085e+10  3.53328968e+12  7.77386129e+09
 4.46500000e+03  8.11933069e+16  3.06245114e+16  4.37165297e+10  2.48167949e+10  3.53328968e+12  7.77386129e+09
 4.46500000e+03  8.11933069e+16  3.06245114e+16  4.37165297e+10  2.48167949e+10  3.53328968e+12  7.76608743e+09
 4.46502500e+03  8.10989340e+16  3.06652442e+16  4.36657170e+10  2.48498031e+10  3.53328968e+12  7.76608743e+09
 4.46505000e+03  8.10046709e+16  3.07057963e+16  4.36149634e+10  2.48826647e+10  3.53328968e+12  7.76608743e+09
 4.46507500e+03  8.09105174e+16  3.07461679e+16  4.35642687e+10  2.49153802e+10  3.53328968e+12  7.76608743e+09
 4.46510000e+03  8.08164732e+16  3.07863596e+16  4.35136330e+10  2.49479498e+10  3.53328968e+12  7.76608743e+09
 4.46512500e+03  8.07225384e+16  3.08263718e+16  4.34630561e+10  2.49803740e+10  3.53328968e+12  7.76608743e+09
 4.46515000e+03  8.06287128e+16  3.08662049e+16  4.34125380e+10  2.50126531e+10  3.53328968e+12  7.76608743e+09
 4.46517500e+03  8.05349962e+16  3.09058595e+16  4.33620786e+10  2.50447874e+10  3.53328968e+12  7.76608743e+09
 4.46520000e+03  8.04413886e+16  3.09453358e+16  4.33116779e+10  2.50767773e+10  3.53328968e+12  7.76608743e+09
 4.46522500e+03  8.03478897e+16  3.09846344e+16  4.32613358e+10  2.51086232e+10  3.53328968e+12  7.76608743e+09
 4.46525000e+03  8.02544996e+16  3.10237557e+16  4.32110522e+10  2.51403254e+10  3.53328968e+12  7.76608743e+09
 4.46525000e+03  8.02544996e+16  0.00000000e+00  4.32110522e+10  0.00000000e+00  3.54984777e+12  7.75832134e+09
 4.46620000e+03  7.67849672e+16  3.35584004e+15  4.13429682e+10  2.71942932e+09  3.54984777e+12  7.75832134e+09
 4.46715000e+03  7.34654284e+16  6.35065236e+15  3.95556446e+10  5.14629721e+09  3.54984777e+12  7.75832134e+09
 4.46810000e+03  7.02893987e+16  9.01394117e+15  3.78455898e+10  7.30451261e+09  3.54984777e+12  7.75832134e+09
 4.46905000e+03  6.72506739e+16  1.13730409e+16  3.62094635e+10  9.21622623e+09  3.54984777e+12  7.75832134e+09
 4.47000000e+03  6.43433180e+16  1.34532677e+16  3.46440696e+10  1.09019531e+10  3.54984777e+12  7.75832134e+09
 4.47095000e+03  6.15616519e+16  1.52780603e+16  3.31463503e+10  1.23806870e+10  3.54984777e+12  7.75832134e+09
 4.47190000e+03  5.89002418e+16  1.68691116e+16  3.17133797e+10  1.36700069e+10  3.54984777e+12  7.75832134e+09
 4.47285000e+03  5.63538887e+16  1.82464915e+16  3.03423588e+10  1.47861767e+10  3.54984777e+12  7.75832134e+09
 4.47380000e+03  5.39176186e+16  1.94287608e+16  2.90306094e+10  1.57442373e+10  3.54984777e+12  7.75832134e+09
 4.47475000e+03  5.15866724e+16  2.04330783e+16  2.77755690e+10  1.65580932e+10  3.54984777e+12  7.75832134e+09
 4.47475000e+03  5.15866724e+16  0.00000000e+00  2.77755690e+10  0.00000000e+00  3.54984777e+12  7.75832134e+09
 4.47477500e+03  5.15267120e+16  5.99078994e+13  2.77432848e+10  4.85468008e+07  3.54984777e+12  7.75832134e+09
 4.47480000e+03  5.14668214e+16  1.19641397e+14  2.77110382e+10  9.69522740e+07  3.54984777e+12  7.75832134e+09
 4.47482500e+03  5.14070003e+16  1.79200879e+14  2.76788290e+10  1.45216732e+08  3.54984777e+12  7.75832134e+09
 4.47485000e+03  5.13472488e+16  2.38586730e+14  2.76466573e+10  1.93340488e+08  3.54984777e+12  7.75832134e+09
 4.47487500e+03  5.12875667e+16  2.97799336e+14  2.76145230e+10  2.41323852e+08  3.54984777e+12  7.75832134e+09
 4.47490000e+03  5.12279540e+16  3.56839078e+14  2.75824260e+10  2.89167136e+08  3.54984777e+12  7.75832134e+09
 4.47492500e+03  5.11684106e+16  4.15706341e+14  2.75503663e+10  3.36870649e+08  3.54984777e+12  7.75832134e+09
 4.47495000e+03  5.11089364e+16  4.74401507e+14  2.75183439e+10  3.84434702e+08  3.54984777e+12  7.75832134e+09
 4.47497500e+03  5.10495314e+16  5.32924956e+14  2.74863587e+10  4.31859604e+08  3.54984777e+12  7.75832134e+09
 4.47500000e+03  5.09901953e+16  5.91277070e+14  2.74544107e+10  4.79145662e+08  3.54984777e+12  7.75832134e+09
 4.47500000e+03  5.09901953e+16  5.91277070e+14  2.74544107e+10  4.79145662e+08  3.54984777e+12  7.75832134e+09
 4.47650000e+03  5.50210454e+16  4.04734561e+15  2.96247223e+10  3.27979588e+09  3.54984777e+12  7.75832134e+09
 4.47800000e+03  5.87802123e+16  7.41660538e+15  3.16487528e+10  6.01009997e+09  3.54984777e+12  7.75832134e+09
 4.47950000e+03  6.22860077e+16  1.06903385e+16  3.35363617e+10  8.66299334e+09  3.54984777e+12  7.75832134e+09
 4.48100000e+03  6.55555092e+16  1.38618671e+16  3.52967440e+10  1.12330646e+10  3.54984777e+12  7.75832134e+09
 4.48250000e+03  6.86046432e+16  1.69262712e+16  3.69384749e+10  1.37163267e+10  3.54984777e+12  7.75832134e+09
 4.48400000e+03  7.14482627e+16  1.98801395e+16  3.84695515e+10  1.61100153e+10  3.54984777e+12  7.75832134e+09
 4.48550000e+03  7.41002194e+16  2.27213508e+16  3.98974321e+10  1.84124114e+10  3.54984777e+12  7.75832134e+09
 4.48700000e+03  7.65734318e+16  2.54488808e+16  4.12290722e+10  2.06226851e+10  3.54984777e+12  7.75832134e+09
 4.48850000e+03  7.88799473e+16  2.80626335e+16  4.24709585e+10  2.27407586e+10  3.54984777e+12  7.75832134e+09
 4.49000000e+03  8.10310014e+16  3.05632930e+16  4.36291404e+10  2.47671862e+10  3.54984777e+12  7.75832134e+09
 4.49000000e+03  8.10310014e+16  3.05632930e+16  4.36291404e+10  2.47671862e+10  3.54984777e+12  7.75056302e+09
 4.49002500e+03  8.09368173e+16  3.06039444e+16  4.35784293e+10  2.48001283e+10  3.54984777e+12  7.75056302e+09
 4.49005000e+03  8.08427426e+16  3.06444154e+16  4.35277771e+10  2.48329243e+10  3.54984777e+12  7.75056302e+09
 4.49007500e+03  8.07487772e+16  3.06847063e+16  4.34771838e+10  2.48655743e+10  3.54984777e+12  7.75056302e+09
 4.49010000e+03  8.06549211e+16  3.07248177e+16  4.34266492e+10  2.48980789e+10  3.54984777e+12  7.75056302e+09
 4.49012500e+03  8.05611741e+16  3.07647499e+16  4.33761735e+10  2.49304382e+10  3.54984777e+12  7.75056302e+09
 4.49015000e+03  8.04675360e+16  3.08045034e+16  4.33257564e+10  2.49626528e+10  3.54984777e+12  7.75056302e+09
 4.49017500e+03  8.03740068e+16  3.08440786e+16  4.32753979e+10  2.49947229e+10  3.54984777e+12  7.75056302e+09
 4.49020000e+03  8.02805862e+16  3.08834761e+16  4.32250979e+10  2.50266488e+10  3.54984777e+12  7.75056302e+09
 4.49022500e+03  8.01872743e+16  3.09226961e+16  4.31748564e+10  2.50584311e+10  3.54984777e+12  7.75056302e+09
 4.49025000e+03  8.00940708e+16  3.09617392e+16  4.31246733e+10  2.50900699e+10  3.54984777e+12  7.75056302e+09
 4.49025000e+03  8.00940708e+16  0.00000000e+00  4.31246733e+10  0.00000000e+00  3.56637277e+12  7.74281246e+09
 4.49120000e+03  7.66314741e+16  3.34913172e+15  4.12603236e+10  2.71399318e+09  3.56637277e+12  7.74281246e+09
 4.49215000e+03  7.33185710e+16  6.33795741e+15  3.94765728e+10  5.13600976e+09  3.56637277e+12  7.74281246e+09
 4.49310000e+03  7.01488902e+16  8.99592231e+15  3.77699365e+10  7.28991089e+09  3.56637277e+12  7.74281246e+09
 4.49405000e+03  6.71162398e+16  1.13503062e+16  3.61370808e+10  9.19780299e+09  3.56637277e+12  7.74281246e+09
 4.49500000e+03  6.42146958e+16  1.34263747e+16  3.45748161e+10  1.08801601e+10  3.56637277e+12  7.74281246e+09
 4.49595000e+03  6.14385902e+16  1.52475194e+16  3.30800907e+10  1.23559380e+10  3.56637277e+12  7.74281246e+09
 4.49690000e+03  5.87825002e+16  1.68353902e+16  3.16499847e+10  1.36426806e+10  3.56637277e+12  7.74281246e+09
 4.49785000e+03  5.62412373e+16  1.82100167e+16  3.02817045e+10  1.47566192e+10  3.56637277e+12  7.74281246e+09
 4.49880000e+03  5.38098373e+16  1.93899228e+16  2.89725772e+10  1.57127646e+10  3.56637277e+12  7.74281246e+09
 4.49975000e+03  5.14835506e+16  2.03922325e+16  2.77200457e+10  1.65249936e+10  3.56637277e+12  7.74281246e+09
 4.49975000e+03  5.14835506e+16  0.00000000e+00  2.77200457e+10  0.00000000e+00  3.56637277e+12  7.74281246e+09
 4.49977500e+03  5.14237101e+16  5.97881435e+13  2.76878260e+10  4.84497558e+07  3.56637277e+12  7.74281246e+09
 4.49980000e+03  5.13639392e+16  1.19402234e+14  2.76556438e+10  9.67584664e+07  3.56637277e+12  7.74281246e+09
 4.49982500e+03  5.13042377e+16  1.78842657e+14  2.76234990e+10  1.44926444e+08  3.56637277e+12  7.74281246e+09
 4.49985000e+03  5.12446057e+16  2.38109796e+14  2.75913916e+10  1.92954000e+08  3.56637277e+12  7.74281246e+09
 4.49987500e+03  5.11850429e+16  2.97204035e+14  2.75593215e+10  2.40841445e+08  3.56637277e+12  7.74281246e+09
 4.49990000e+03  5.11255494e+16  3.56125757e+14  2.75272887e+10  2.88589090e+08  3.56637277e+12  7.74281246e+09
 4.49992500e+03  5.10661250e+16  4.14875344e+14  2.74952931e+10  3.36197245e+08  3.56637277e+12  7.74281246e+09
 4.49995000e+03  5.10067697e+16  4.73453178e+14  2.74633347e+10  3.83666217e+08  3.56637277e+12  7.74281246e+09
 4.49997500e+03  5.09474833e+16  5.31859639e+14  2.74314135e+10  4.30996317e+08  3.56637277e+12  7.74281246e+09
 4.50000000e+03  5.08882659e+16  5.90095107e+14  2.73995293e+10  4.78187850e+08  3.56637277e+12  7.74281246e+09
 4.50000000e+03  5.08882659e+16  5.90095107e+14  2.73995293e+10  4.78187850e+08  3.56637277e+12  7.74281246e+09
 4.50150000e+03  5.49110583e+16  4.03925497e+15  2.95655025e+10  3.27323956e+09  3.56637277e+12  7.74281246e+09
 4.50300000e+03  5.86627106e+16  7.40177958e+15  3.15854869e+10  5.99808578e+09  3.56637277e+12  7.74281246e+09
 4.50450000e+03  6.21614980e+16  1.06689685e+16  3.34693226e+10  8.64567602e+09  3.56637277e+12  7.74281246e+09
 4.50600000e+03  6.54244638e+16  1.38341573e+16  3.52261858e+10  1.12106097e+10  3.56637277e+12  7.74281246e+09
 4.50750000e+03  6.84675025e+16  1.68924356e+16  3.68646349e+10  1.36889077e+10  3.56637277e+12  7.74281246e+09
 4.50900000e+03  7.13054376e+16  1.98403991e+16  3.83926509e+10  1.60778114e+10  3.56637277e+12  7.74281246e+09
 4.51050000e+03  7.39520931e+16  2.26759308e+16  3.98176771e+10  1.83756050e+10  3.56637277e+12  7.74281246e+09
 4.51200000e+03  7.64203615e+16  2.53980084e+16  4.11466553e+10  2.05814604e+10  3.56637277e+12  7.74281246e+09
 4.51350000e+03  7.87222663e+16  2.80065363e+16  4.23860590e+10  2.26952998e+10  3.56637277e+12  7.74281246e+09
 4.51500000e+03  8.08690205e+16  3.05021969e+16  4.35419258e+10  2.47176766e+10  3.56637277e+12  7.74281246e+09
 4.51500000e+03  8.08690205e+16  3.05021969e+16  4.35419258e+10  2.47176766e+10  3.56637277e+12  7.73506965e+09
 4.51502500e+03  8.07750246e+16  3.05427671e+16  4.34913160e+10  2.47505529e+10  3.56637277e+12  7.73506965e+09
 4.51505000e+03  8.06811379e+16  3.05831572e+16  4.34407650e+10  2.47832833e+10  3.56637277e+12  7.73506965e+09
 4.51507500e+03  8.05873604e+16  3.06233676e+16  4.33902729e+10  2.48158681e+10  3.56637277e+12  7.73506965e+09
 4.51510000e+03  8.04936919e+16  3.06633988e+16  4.33398394e+10  2.48483076e+10  3.56637277e+12  7.73506965e+09
 4.51512500e+03  8.04001323e+16  3.07032512e+16  4.32894645e+10  2.48806023e+10  3.56637277e+12  7.73506965e+09
 4.51515000e+03  8.03066814e+16  3.07429252e+16  4.32391482e+10  2.49127524e+10  3.56637277e+12  7.73506965e+09
 4.51517500e+03  8.02133391e+16  3.07824213e+16  4.31888903e+10  2.49447584e+10  3.56637277e+12  7.73506965e+09
 4.51520000e+03  8.01201053e+16  3.08217400e+16  4.31386909e+10  2.49766206e+10  3.56637277e+12  7.73506965e+09
 4.51522500e+03  8.00269799e+16  3.08608816e+16  4.30885498e+10  2.50083393e+10  3.56637277e+12  7.73506965e+09
 4.51525000e+03  7.99339628e+16  3.08998466e+16  4.30384670e+10  2.50399149e+10  3.56637277e+12  7.73506965e+09
 4.51525000e+03  7.99339628e+16  0.00000000e+00  4.30384670e+10  0.00000000e+00  3.58286473e+12  7.72733458e+09
 4.51620000e+03  7.64782878e+16  3.34243680e+15  4.11778442e+10  2.70856791e+09  3.58286473e+12  7.72733458e+09
 4.51715000e+03  7.31720072e+16  6.32528783e+15  3.93976592e+10  5.12574287e+09  3.58286473e+12  7.72733458e+09
 4.51810000e+03  7.00086626e+16  8.97793946e+15  3.76944344e+10  7.27533836e+09  3.58286473e+12  7.72733458e+09
 4.51905000e+03  6.69820744e+16  1.13276170e+16  3.60648428e+10  9.17941658e+09  3.58286473e+12  7.72733458e+09
 4.52000000e+03  6.40863306e+16  1.33995353e+16  3.45057011e+10  1.08584107e+10  3.58286473e+12  7.72733458e+09
 4.52095000e+03  6.13157745e+16  1.52170397e+16  3.30139636e+10  1.23312385e+10  3.58286473e+12  7.72733458e+09
 4.52190000e+03  5.86649940e+16  1.68017363e+16  3.15867164e+10  1.36154089e+10  3.58286473e+12  7.72733458e+09
 4.52285000e+03  5.61288110e+16  1.81736149e+16  3.02211713e+10  1.47271207e+10  3.58286473e+12  7.72733458e+09
 4.52380000e+03  5.37022714e+16  1.93511623e+16  2.89146610e+10  1.56813547e+10  3.58286473e+12  7.72733458e+09
 4.52475000e+03  5.13806350e+16  2.03514685e+16  2.76646333e+10  1.64919601e+10  3.58286473e+12  7.72733458e+09
 4.52475000e+03  5.13806350e+16  0.00000000e+00  2.76646333e+10  0.00000000e+00  3.58286473e+12  7.72733458e+09
 4.52477500e+03  5.13209141e+16  5.96686270e+13  2.76324781e+10  4.83529047e+07  3.58286473e+12  7.72733458e+09
 4.52480000e+03  5.12612627e+16  1.19163549e+14  2.76003602e+10  9.65650462e+07  3.58286473e+12  7.72733458e+09
 4.52482500e+03  5.12016806e+16  1.78485150e+14  2.75682797e+10  1.44636736e+08  3.58286473e+12  7.72733458e+09
 4.52485000e+03  5.11421677e+16  2.37633814e+14  2.75362364e+10  1.92568285e+08  3.58286473e+12  7.72733458e+09
 4.52487500e+03  5.10827240e+16  2.96609924e+14  2.75042304e+10  2.40360003e+08  3.58286473e+12  7.72733458e+09
 4.52490000e+03  5.10233494e+16  3.55413862e+14  2.74722617e+10  2.88012201e+08  3.58286473e+12  7.72733458e+09
 4.52492500e+03  5.09640438e+16  4.14046009e+14  2.74403300e+10  3.35525186e+08  3.58286473e+12  7.72733458e+09
 4.52495000e+03  5.09048071e+16  4.72506745e+14  2.74084355e+10  3.82899269e+08  3.58286473e+12  7.72733458e+09
 4.52497500e+03  5.08456393e+16  5.30796452e+14  2.73765781e+10  4.30134755e+08  3.58286473e+12  7.72733458e+09
 4.52500000e+03  5.07865403e+16  5.88915507e+14  2.73447577e+10  4.77231953e+08  3.58286473e+12  7.72733458e+09
 4.52500000e+03  5.07865403e+16  5.88915507e+14  2.73447577e+10  4.77231953e+08  3.58286473e+12  7.72733458e+09
 4.52650000e+03  5.48012911e+16  4.03118050e+15  2.95064010e+10  3.26669636e+09  3.58286473e+12  7.72733458e+09
 4.52800000e+03  5.85454439e+16  7.38698343e+15  3.15223476e+10  5.98609560e+09  3.58286473e+12  7.72733458e+09
 4.52950000e+03  6.20372372e+16  1.06476412e+16  3.34024174e+10  8.62839331e+09  3.58286473e+12  7.72733458e+09
 4.53100000e+03  6.52936803e+16  1.38065028e+16  3.51557687e+10  1.11881997e+10  3.58286473e+12  7.72733458e+09
 4.53250000e+03  6.83306360e+16  1.68586676e+16  3.67909425e+10  1.36615436e+10  3.58286473e+12  7.72733458e+09
 4.53400000e+03  7.11628980e+16  1.98007382e+16  3.83159040e+10  1.60456718e+10  3.58286473e+12  7.72733458e+09
 4.53550000e+03  7.38042629e+16  2.26306016e+16  3.97380816e+10  1.83388722e+10  3.58286473e+12  7.72733458e+09
 4.53700000e+03  7.62675972e+16  2.53472378e+16  4.10644031e+10  2.05403180e+10  3.58286473e+12  7.72733458e+09
 4.53850000e+03  7.85649005e+16  2.79505512e+16  4.23013293e+10  2.26499319e+10  3.58286473e+12  7.72733458e+09
 4.54000000e+03  8.07073633e+16  3.04412231e+16  4.34548854e+10  2.46682659e+10  3.58286473e+12  7.72733458e+09
 4.54000000e+03  8.07073633e+16  3.04412231e+16  4.34548854e+10  2.46682659e+10  3.58286473e+12  7.71960724e+09
 4.54002500e+03  8.06135553e+16  3.04817121e+16  4.34043768e+10  2.47010765e+10  3.58286473e+12  7.71960724e+09
 4.54005000e+03  8.05198563e+16  3.05220215e+16  4.33539270e+10  2.47337415e+10  3.58286473e+12  7.71960724e+09
 4.54007500e+03  8.04262663e+16  3.05621515e+16  4.33035357e+10  2.47662611e+10  3.58286473e+12  7.71960724e+09
 4.54010000e+03  8.03327850e+16  3.06021026e+16  4.32532030e+10  2.47986358e+10  3.58286473e+12  7.71960724e+09
 4.54012500e+03  8.02394124e+16  3.06418754e+16  4.32029289e+10  2.48308660e+10  3.58286473e+12  7.71960724e+09
 4.54015000e+03  8.01461483e+16  3.06814701e+16  4.31527131e+10  2.48629518e+10  3.58286473e+12  7.71960724e+09
 4.54017500e+03  8.00529927e+16  3.07208873e+16  4.31025557e+10  2.48948938e+10  3.58286473e+12  7.71960724e+09
 4.54020000e+03  7.99599453e+16  3.07601273e+16  4.30524567e+10  2.49266923e+10  3.58286473e+12  7.71960724e+09
 4.54022500e+03  7.98670060e+16  3.07991907e+16  4.30024158e+10  2.49583476e+10  3.58286473e+12  7.71960724e+09
 4.54025000e+03  7.97741748e+16  3.08380779e+16  4.29524331e+10  2.49898601e+10  3.58286473e+12  7.71960724e+09
 4.54025000e+03  7.97741748e+16  0.00000000e+00  4.29524331e+10  0.00000000e+00  3.59932372e+12  7.71188763e+09
 4.54120000e+03  7.63254077e+16  3.33575527e+15  4.10955297e+10  2.70315348e+09  3.59932372e+12  7.71188763e+09
 4.54215000e+03  7.30257364e+16  6.31264358e+15  3.93189032e+10  5.11549651e+09  3.59932372e+12  7.71188763e+09
 4.54310000e+03  6.98687152e+16  8.95999256e+15  3.76190832e+10  7.26079496e+09  3.59932372e+12  7.71188763e+09
 4.54405000e+03  6.68481772e+16  1.13049731e+16  3.59927492e+10  9.16106693e+09  3.59932372e+12  7.71188763e+09
 4.54500000e+03  6.39582220e+16  1.33727497e+16  3.44367242e+10  1.08367047e+10  3.59932372e+12  7.71188763e+09
 4.54595000e+03  6.11932042e+16  1.51866208e+16  3.29479687e+10  1.23065883e+10  3.59932372e+12  7.71188763e+09
 4.54690000e+03  5.85477226e+16  1.67681496e+16  3.15235745e+10  1.35881917e+10  3.59932372e+12  7.71188763e+09
 4.54785000e+03  5.60166095e+16  1.81372859e+16  3.01607592e+10  1.46976812e+10  3.59932372e+12  7.71188763e+09
 4.54880000e+03  5.35949206e+16  1.93124793e+16  2.88568606e+10  1.56500077e+10  3.59932372e+12  7.71188763e+09
 4.54975000e+03  5.12779251e+16  2.03107859e+16  2.76093317e+10  1.64589927e+10  3.59932372e+12  7.71188763e+09
 4.54975000e+03  5.12779251e+16  0.00000000e+00  2.76093317e+10  0.00000000e+00  3.59932372e+12  7.71188763e+09
 4.54977500e+03  5.12183236e+16  5.95493494e+13  2.75772407e+10  4.82562473e+07  3.59932372e+12  7.71188763e+09
 4.54980000e+03  5.11587914e+16  1.18925341e+14  2.75451871e+10  9.63720127e+07  3.59932372e+12  7.71188763e+09
 4.54982500e+03  5.10993284e+16  1.78128358e+14  2.75131707e+10  1.44347607e+08  3.59932372e+12  7.71188763e+09
 4.54985000e+03  5.10399345e+16  2.37158784e+14  2.74811915e+10  1.92183341e+08  3.59932372e+12  7.71188763e+09
 4.54987500e+03  5.09806096e+16  2.96017001e+14  2.74492495e+10  2.39879524e+08  3.59932372e+12  7.71188763e+09
 4.54990000e+03  5.09213537e+16  3.54703389e+14  2.74173446e+10  2.87436465e+08  3.59932372e+12  7.71188763e+09
 4.54992500e+03  5.08621667e+16  4.13218331e+14  2.73854768e+10  3.34854472e+08  3.59932372e+12  7.71188763e+09
 4.54995000e+03  5.08030484e+16  4.71562204e+14  2.73536461e+10  3.82133853e+08  3.59932372e+12  7.71188763e+09
 4.54997500e+03  5.07439989e+16  5.29735390e+14  2.73218523e+10  4.29274916e+08  3.59932372e+12  7.71188763e+09
 4.55000000e+03  5.06850180e+16  5.87738265e+14  2.72900955e+10  4.76277966e+08  3.59932372e+12  7.71188763e+09
 4.55000000e+03  5.06850180e+16  5.87738265e+14  2.72900955e+10  4.76277966e+08  3.59932372e+12  7.71188763e+09
 4.55150000e+03  5.46917433e+16  4.02312217e+15  2.94474177e+10  3.26016623e+09  3.59932372e+12  7.71188763e+09
 4.55300000e+03  5.84284115e+16  7.37221685e+15  3.14593344e+10  5.97412940e+09  3.59932372e+12  7.71188763e+09
 4.55450000e+03  6.19132247e+16  1.06263566e+16  3.33356459e+10  8.61114515e+09  3.59932372e+12  7.71188763e+09
 4.55600000e+03  6.51631582e+16  1.37789036e+16  3.50854923e+10  1.11658345e+10  3.59932372e+12  7.71188763e+09
 4.55750000e+03  6.81940431e+16  1.68249671e+16  3.67173974e+10  1.36342342e+10  3.59932372e+12  7.71188763e+09
 4.55900000e+03  7.10206434e+16  1.97611565e+16  3.82393105e+10  1.60135965e+10  3.59932372e+12  7.71188763e+09
 4.56050000e+03  7.36567281e+16  2.25853630e+16  3.96586452e+10  1.83022128e+10  3.59932372e+12  7.71188763e+09
 4.56200000e+03  7.61151383e+16  2.52965687e+16  4.09823154e+10  2.04992579e+10  3.59932372e+12  7.71188763e+09
 4.56350000e+03  7.84078492e+16  2.78946781e+16  4.22167689e+10  2.26046547e+10  3.59932372e+12  7.71188763e+09
 4.56500000e+03  8.05460293e+16  3.03803711e+16  4.33680191e+10  2.46189541e+10  3.59932372e+12  7.71188763e+09
 4.56500000e+03  8.05460293e+16  3.03803711e+16  4.33680191e+10  2.46189541e+10  3.59932372e+12  7.70417575e+09
 4.56502500e+03  8.04524088e+16  3.04207792e+16  4.33176115e+10  2.46516991e+10  3.59932372e+12  7.70417575e+09
 4.56505000e+03  8.03588972e+16  3.04610079e+16  4.32672625e+10  2.46842987e+10  3.59932372e+12  7.70417575e+09
 4.56507500e+03  8.02654942e+16  3.05010577e+16  4.32169719e+10  2.47167534e+10  3.59932372e+12  7.70417575e+09
 4.56510000e+03  8.01721998e+16  3.05409290e+16  4.31667399e+10  2.47490634e+10  3.59932372e+12  7.70417575e+09
 4.56512500e+03  8.00790138e+16  3.05806222e+16  4.31165662e+10  2.47812291e+10  3.59932372e+12  7.70417575e+09
 4.56515000e+03  7.99859362e+16  3.06201378e+16  4.30664508e+10  2.48132508e+10  3.59932372e+12  7.70417575e+09
 4.56517500e+03  7.98929667e+16  3.06594762e+16  4.30163937e+10  2.48451289e+10  3.59932372e+12  7.70417575e+09
 4.56520000e+03  7.98001053e+16  3.06986378e+16  4.29663948e+10  2.48768639e+10  3.59932372e+12  7.70417575e+09
 4.56522500e+03  7.97073519e+16  3.07376231e+16  4.29164540e+10  2.49084559e+10  3.59932372e+12  7.70417575e+09
 4.56525000e+03  7.96147062e+16  3.07764325e+16  4.28665712e+10  2.49399054e+10  3.59932372e+12  7.70417575e+09
 4.56525000e+03  7.96147062e+16  0.00000000e+00  4.28665712e+10  0.00000000e+00  3.61574981e+12  7.69647157e+09
 4.56620000e+03  7.61728332e+16  3.32908710e+15  4.10133798e+10  2.69774988e+09  3.61574981e+12  7.69647157e+09
 4.56715000e+03  7.28797579e+16  6.30002460e+15  3.92403048e+10  5.10527064e+09  3.61574981e+12  7.69647157e+09
 4.56810000e+03  6.97290477e+16  8.94208153e+15  3.75438827e+10  7.24628063e+09  3.61574981e+12  7.69647157e+09
 4.56905000e+03  6.67145477e+16  1.12823744e+16  3.59207997e+10  9.14275396e+09  3.61574981e+12  7.69647157e+09
 4.57000000e+03  6.38303695e+16  1.33460175e+16  3.43678852e+10  1.08150421e+10  3.61574981e+12  7.69647157e+09
 4.57095000e+03  6.10708790e+16  1.51562627e+16  3.28821057e+10  1.22819875e+10  3.61574981e+12  7.69647157e+09
 4.57190000e+03  5.84306858e+16  1.67346301e+16  3.14605589e+10  1.35610289e+10  3.61574981e+12  7.69647157e+09
 4.57285000e+03  5.59046323e+16  1.81010294e+16  3.01004678e+10  1.46683005e+10  3.61574981e+12  7.69647157e+09
 4.57380000e+03  5.34877843e+16  1.92738737e+16  2.87991757e+10  1.56187233e+10  3.61574981e+12  7.69647157e+09
 4.57475000e+03  5.11754206e+16  2.02701846e+16  2.75541406e+10  1.64260911e+10  3.61574981e+12  7.69647157e+09
 4.57475000e+03  5.11754206e+16  0.00000000e+00  2.75541406e+10  0.00000000e+00  3.61574981e+12  7.69647157e+09
 4.57477500e+03  5.11159382e+16  5.94303103e+13  2.75221138e+10  4.81597830e+07  3.61574981e+12  7.69647157e+09
 4.57480000e+03  5.10565250e+16  1.18687609e+14  2.74901242e+10  9.61793650e+07  3.61574981e+12  7.69647157e+09
 4.57482500e+03  5.09971808e+16  1.77772280e+14  2.74581719e+10  1.44059056e+08  3.61574981e+12  7.69647157e+09
 4.57485000e+03  5.09379057e+16  2.36684704e+14  2.74262566e+10  1.91799167e+08  3.61574981e+12  7.69647157e+09
 4.57487500e+03  5.08786994e+16  2.95425263e+14  2.73943784e+10  2.39400005e+08  3.61574981e+12  7.69647157e+09
 4.57490000e+03  5.08195619e+16  3.53994337e+14  2.73625373e+10  2.86861879e+08  3.61574981e+12  7.69647157e+09
 4.57492500e+03  5.07604932e+16  4.12392307e+14  2.73307332e+10  3.34185098e+08  3.61574981e+12  7.69647157e+09
 4.57495000e+03  5.07014931e+16  4.70619552e+14  2.72989661e+10  3.81369967e+08  3.61574981e+12  7.69647157e+09
 4.57497500e+03  5.06425616e+16  5.28676449e+14  2.72672359e+10  4.28416795e+08  3.61574981e+12  7.69647157e+09
 4.57500000e+03  5.05836986e+16  5.86563376e+14  2.72355426e+10  4.75325886e+08  3.61574981e+12  7.69647157e+09
 4.57500000e+03  5.05836986e+16  5.86563376e+14  2.72355426e+10  4.75325886e+08  3.61574981e+12  7.69647157e+09
 4.57650000e+03  5.45824145e+16  4.01507995e+15  2.93885523e+10  3.25364916e+09  3.61574981e+12  7.69647157e+09
 4.57800000e+03  5.83116131e+16  7.35747978e+15  3.13964472e+10  5.96218711e+09  3.61574981e+12  7.69647157e+09
 4.57950000e+03  6.17894602e+16  1.06051145e+16  3.32690080e+10  8.59393147e+09  3.61574981e+12  7.69647157e+09
 4.58100000e+03  6.50328970e+16  1.37513595e+16  3.50153564e+10  1.11435140e+10  3.61574981e+12  7.69647157e+09
 4.58250000e+03  6.80577232e+16  1.67913340e+16  3.66439993e+10  1.36069793e+10  3.61574981e+12  7.69647157e+09
 4.58400000e+03  7.08786731e+16  1.97216540e+16  3.81628701e+10  1.59815853e+10  3.61574981e+12  7.69647157e+09
 4.58550000e+03  7.35094883e+16  2.25402149e+16  3.95793675e+10  1.82656266e+10  3.61574981e+12  7.69647157e+09
 4.58700000e+03  7.59629841e+16  2.52460009e+16  4.09003917e+10  2.04582799e+10  3.61574981e+12  7.69647157e+09
 4.58850000e+03  7.82511119e+16  2.78389166e+16  4.21323776e+10  2.25594680e+10  3.61574981e+12  7.69647157e+09
 4.59000000e+03  8.03850178e+16  3.03196407e+16  4.32813265e+10  2.45697408e+10  3.61574981e+12  7.69647157e+09
 4.59000000e+03  8.03850178e+16  3.03196407e+16  4.32813265e+10  2.45697408e+10  3.61574981e+12  7.68877510e+09
 4.59002500e+03  8.02915844e+16  3.03599681e+16  4.32310196e+10  2.46024203e+10  3.61574981e+12  7.68877510e+09
 4.59005000e+03  8.01982597e+16  3.04001164e+16  4.31807712e+10  2.46349548e+10  3.61574981e+12  7.68877510e+09
 4.59007500e+03  8.01050435e+16  3.04400861e+16  4.31305812e+10  2.46673446e+10  3.61574981e+12  7.68877510e+09
 4.59010000e+03  8.00119356e+16  3.04798777e+16  4.30804496e+10  2.46995900e+10  3.61574981e+12  7.68877510e+09
 4.59012500e+03  7.99189359e+16  3.05194916e+16  4.30303762e+10  2.47316914e+10  3.61574981e+12  7.68877510e+09
 4.59015000e+03  7.98260443e+16  3.05589282e+16  4.29803610e+10  2.47636491e+10  3.61574981e+12  7.68877510e+09
 4.59017500e+03  7.97332607e+16  3.05981879e+16  4.29304040e+10  2.47954635e+10  3.61574981e+12  7.68877510e+09
 4.59020000e+03  7.96405849e+16  3.06372713e+16  4.28805050e+10  2.48271350e+10  3.61574981e+12  7.68877510e+09
 4.59022500e+03  7.95480169e+16  3.06761786e+16  4.28306640e+10  2.48586639e+10  3.61574981e+12  7.68877510e+09
 4.59025000e+03  7.94555564e+16  3.07149104e+16  4.27808810e+10  2.48900505e+10  3.61574981e+12  7.68877510e+09
 4.59025000e+03  7.94555564e+16  0.00000000e+00  4.27808810e+10  0.00000000e+00  3.63214307e+12  7.68108632e+09
 4.59120000e+03  7.60205637e+16  3.32243225e+15  4.09313940e+10  2.69235708e+09  3.63214307e+12  7.68108632e+09
 4.59215000e+03  7.27340713e+16  6.28743086e+15  3.91618634e+10  5.09506520e+09  3.63214307e+12  7.68108632e+09
 4.59310000e+03  6.95896593e+16  8.92420631e+15  3.74688325e+10  7.23179532e+09  3.63214307e+12  7.68108632e+09
 4.59405000e+03  6.65811853e+16  1.12598210e+16  3.58489940e+10  9.12447759e+09  3.63214307e+12  7.68108632e+09
 4.59500000e+03  6.37027726e+16  1.33193388e+16  3.42991838e+10  1.07934228e+10  3.63214307e+12  7.68108632e+09
 4.59595000e+03  6.09487983e+16  1.51259654e+16  3.28163744e+10  1.22574358e+10  3.63214307e+12  7.68108632e+09
 4.59690000e+03  5.83138828e+16  1.67011776e+16  3.13976692e+10  1.35339204e+10  3.63214307e+12  7.68108632e+09
 4.59785000e+03  5.57928790e+16  1.80648455e+16  3.00402970e+10  1.46389786e+10  3.63214307e+12  7.68108632e+09
 4.59880000e+03  5.33808622e+16  1.92353452e+16  2.87416062e+10  1.55875015e+10  3.63214307e+12  7.68108632e+09
 4.59975000e+03  5.10731209e+16  2.02296645e+16  2.74990599e+10  1.63932554e+10  3.63214307e+12  7.68108632e+09
 4.59975000e+03  5.10731209e+16  0.00000000e+00  2.74990599e+10  0.00000000e+00  3.63214307e+12  7.68108632e+09
 4.59977500e+03  5.10137574e+16  5.93115091e+13  2.74670971e+10  4.80635116e+07  3.63214307e+12  7.68108632e+09
 4.59980000e+03  5.09544630e+16  1.18450353e+14  2.74351715e+10  9.59871025e+07  3.63214307e+12  7.68108632e+09
 4.59982500e+03  5.08952375e+16  1.77416913e+14  2.74032830e+10  1.43771082e+08  3.63214307e+12  7.68108632e+09
 4.59985000e+03  5.08360808e+16  2.36211571e+14  2.73714315e+10  1.91415760e+08  3.63214307e+12  7.68108632e+09
 4.59987500e+03  5.07769929e+16  2.94834708e+14  2.73396171e+10  2.38921444e+08  3.63214307e+12  7.68108632e+09
 4.59990000e+03  5.07179736e+16  3.53286703e+14  2.73078396e+10  2.86288442e+08  3.63214307e+12  7.68108632e+09
 4.59992500e+03  5.06590230e+16  4.11567935e+14  2.72760991e+10  3.33517062e+08  3.63214307e+12  7.68108632e+09
 4.59995000e+03  5.06001408e+16  4.69678783e+14  2.72443955e+10  3.80607609e+08  3.63214307e+12  7.68108632e+09
 4.59997500e+03  5.05413272e+16  5.27619624e+14  2.72127287e+10  4.27560390e+08  3.63214307e+12  7.68108632e+09
 4.60000000e+03  5.04825818e+16  5.85390836e+14  2.71810987e+10  4.74375710e+08  3.63214307e+12  7.68108632e+09
 4.60000000e+03  5.04825818e+16  5.85390836e+14  2.71810987e+10  4.74375710e+08  3.63214307e+12  7.68108632e+09
 4.60150000e+03  5.44733043e+16  4.00705380e+15  2.93298046e+10  3.24714512e+09  3.63214307e+12  7.68108632e+09
 4.60300000e+03  5.81950482e+16  7.34277218e+15  3.13336857e+10  5.95026870e+09  3.63214307e+12  7.68108632e+09
 4.60450000e+03  6.16659431e+16  1.05839149e+16  3.32025032e+10  8.57675220e+09  3.63214307e+12  7.68108632e+09
 4.60600000e+03  6.49028963e+16  1.37238706e+16  3.49453607e+10  1.11212381e+10  3.63214307e+12  7.68108632e+09
 4.60750000e+03  6.79216758e+16  1.67577681e+16  3.65707479e+10  1.35797790e+10  3.63214307e+12  7.68108632e+09
 4.60900000e+03  7.07369866e+16  1.96822304e+16  3.80865825e+10  1.59496381e+10  3.63214307e+12  7.68108632e+09
 4.61050000e+03  7.33625429e+16  2.24951570e+16  3.95002484e+10  1.82291136e+10  3.63214307e+12  7.68108632e+09
 4.61200000e+03  7.58111341e+16  2.51955341e+16  4.08186318e+10  2.04173838e+10  3.63214307e+12  7.68108632e+09
 4.61350000e+03  7.80946880e+16  2.77832666e+16  4.20481550e+10  2.25143716e+10  3.63214307e+12  7.68108632e+09
 4.61500000e+03  8.02243281e+16  3.02590317e+16  4.31948071e+10  2.45206259e+10  3.63214307e+12  7.68108632e+09
 4.61500000e+03  8.02243281e+16  3.02590317e+16  4.31948071e+10  2.45206259e+10  3.63214307e+12  7.67340524e+09
 4.61502500e+03  8.01310816e+16  3.02992785e+16  4.31446008e+10  2.45532401e+10  3.63214307e+12  7.67340524e+09
 4.61505000e+03  8.00379434e+16  3.03393466e+16  4.30944528e+10  2.45857096e+10  3.63214307e+12  7.67340524e+09
 4.61507500e+03  7.99449135e+16  3.03792364e+16  4.30443632e+10  2.46180346e+10  3.63214307e+12  7.67340524e+09
 4.61510000e+03  7.98519917e+16  3.04189484e+16  4.29943317e+10  2.46502155e+10  3.63214307e+12  7.67340524e+09
 4.61512500e+03  7.97591779e+16  3.04584831e+16  4.29443585e+10  2.46822527e+10  3.63214307e+12  7.67340524e+09
 4.61515000e+03  7.96664720e+16  3.04978409e+16  4.28944433e+10  2.47141466e+10  3.63214307e+12  7.67340524e+09
 4.61517500e+03  7.95738739e+16  3.05370221e+16  4.28445861e+10  2.47458974e+10  3.63214307e+12  7.67340524e+09
 4.61520000e+03  7.94813834e+16  3.05760274e+16  4.27947869e+10  2.47775056e+10  3.63214307e+12  7.67340524e+09
 4.61522500e+03  7.93890004e+16  3.06148569e+16  4.27450455e+10  2.48089714e+10  3.63214307e+12  7.67340524e+09
 4.61525000e+03  7.92967247e+16  3.06535113e+16  4.26953620e+10  2.48402953e+10  3.63214307e+12  7.67340524e+09
 4.61525000e+03  7.92967247e+16  0.00000000e+00  4.26953620e+10  0.00000000e+00  3.64850355e+12  7.66573183e+09
 4.61620000e+03  7.58685986e+16  3.31579071e+15  4.08495722e+10  2.68697505e+09  3.64850355e+12  7.66573183e+09
 4.61715000e+03  7.25886759e+16  6.27486228e+15  3.90835788e+10  5.08488017e+09  3.64850355e+12  7.66573183e+09
 4.61810000e+03  6.94505496e+16  8.90636682e+15  3.73939323e+10  7.21733896e+09  3.64850355e+12  7.66573183e+09
 4.61905000e+03  6.64480896e+16  1.12373126e+16  3.57773319e+10  9.10623776e+09  3.64850355e+12  7.66573183e+09
 4.62000000e+03  6.35754308e+16  1.32927135e+16  3.42306197e+10  1.07718468e+10  3.64850355e+12  7.66573183e+09
 4.62095000e+03  6.08269617e+16  1.50957286e+16  3.27507744e+10  1.22329331e+10  3.64850355e+12  7.66573183e+09
 4.62190000e+03  5.81973134e+16  1.66677919e+16  3.13349053e+10  1.35068661e+10  3.64850355e+12  7.66573183e+09
 4.62285000e+03  5.56813490e+16  1.80287338e+16  2.99802465e+10  1.46097152e+10  3.64850355e+12  7.66573183e+09
 4.62380000e+03  5.32741539e+16  1.91968937e+16  2.86841517e+10  1.55563421e+10  3.64850355e+12  7.66573183e+09
 4.62475000e+03  5.09710257e+16  2.01892254e+16  2.74440893e+10  1.63604853e+10  3.64850355e+12  7.66573183e+09
 4.62475000e+03  5.09710257e+16  0.00000000e+00  2.74440893e+10  0.00000000e+00  3.64850355e+12  7.66573183e+09
 4.62477500e+03  5.09117809e+16  5.91929454e+13  2.74121904e+10  4.79674327e+07  3.64850355e+12  7.66573183e+09
 4.62480000e+03  5.08526050e+16  1.18213570e+14  2.73803286e+10  9.57952243e+07  3.64850355e+12  7.66573183e+09
 4.62482500e+03  5.07934979e+16  1.77062256e+14  2.73485038e+10  1.43483684e+08  3.64850355e+12  7.66573183e+09
 4.62485000e+03  5.07344595e+16  2.35739384e+14  2.73167160e+10  1.91033120e+08  3.64850355e+12  7.66573183e+09
 4.62487500e+03  5.06754897e+16  2.94245333e+14  2.72849652e+10  2.38443840e+08  3.64850355e+12  7.66573183e+09
 4.62490000e+03  5.06165884e+16  3.52580483e+14  2.72532513e+10  2.85716152e+08  3.64850355e+12  7.66573183e+09
 4.62492500e+03  5.05577556e+16  4.10745211e+14  2.72215742e+10  3.32850361e+08  3.64850355e+12  7.66573183e+09
 4.62495000e+03  5.04989912e+16  4.68739895e+14  2.71899339e+10  3.79846774e+08  3.64850355e+12  7.66573183e+09
 4.62497500e+03  5.04402950e+16  5.26564913e+14  2.71583305e+10  4.26705697e+08  3.64850355e+12  7.66573183e+09
 4.62500000e+03  5.03816672e+16  5.84220639e+14  2.71267637e+10  4.73427433e+08  3.64850355e+12  7.66573183e+09
 4.62500000e+03  5.03816672e+16  5.84220639e+14  2.71267637e+10  4.73427433e+08  3.64850355e+12  7.66573183e+09
 4.62650000e+03  5.43644121e+16  3.99904370e+15  2.92711743e+10  3.24065407e+09  3.64850355e+12  7.66573183e+09
 4.62800000e+03  5.80787163e+16  7.32809398e+15  3.12710496e+10  5.93837411e+09  3.64850355e+12  7.66573183e+09
 4.62950000e+03  6.15426728e+16  1.05627576e+16  3.31361314e+10  8.55960728e+09  3.64850355e+12  7.66573183e+09
 4.63100000e+03  6.47731554e+16  1.36964366e+16  3.48755049e+10  1.10990067e+10  3.64850355e+12  7.66573183e+09
 4.63250000e+03  6.77859003e+16  1.67242694e+16  3.64976430e+10  1.35526330e+10  3.64850355e+12  7.66573183e+09
 4.63400000e+03  7.05955834e+16  1.96428856e+16  3.80104474e+10  1.59177548e+10  3.64850355e+12  7.66573183e+09
 4.63550000e+03  7.32158912e+16  2.24501892e+16  3.94212874e+10  1.81926736e+10  3.64850355e+12  7.66573183e+09
 4.63700000e+03  7.56595877e+16  2.51451682e+16  4.07370354e+10  2.03765695e+10  3.64850355e+12  7.66573183e+09
 4.63850000e+03  7.79385767e+16  2.77277279e+16  4.19641007e+10  2.24693654e+10  3.64850355e+12  7.66573183e+09
 4.64000000e+03  8.00639597e+16  3.01985439e+16  4.31084607e+10  2.44716091e+10  3.64850355e+12  7.66573183e+09
 4.64000000e+03  8.00639597e+16  3.01985439e+16  4.31084607e+10  2.44716091e+10  3.64850355e+12  7.65806610e+09
 4.64002500e+03  7.99708995e+16  3.02387102e+16  4.30583547e+10  2.45041582e+10  3.64850355e+12  7.65806610e+09
 4.64005000e+03  7.98779476e+16  3.02786982e+16  4.30083070e+10  2.45365627e+10  3.64850355e+12  7.65806610e+09
 4.64007500e+03  7.97851036e+16  3.03185083e+16  4.29583175e+10  2.45688231e+10  3.64850355e+12  7.65806610e+09
 4.64010000e+03  7.96923676e+16  3.03581410e+16  4.29083861e+10  2.46009397e+10  3.64850355e+12  7.65806610e+09
 4.64012500e+03  7.95997393e+16  3.03975966e+16  4.28585127e+10  2.46329129e+10  3.64850355e+12  7.65806610e+09
 4.64015000e+03  7.95072188e+16  3.04368757e+16  4.28086973e+10  2.46647430e+10  3.64850355e+12  7.65806610e+09
 4.64017500e+03  7.94148057e+16  3.04759786e+16  4.27589398e+10  2.46964304e+10  3.64850355e+12  7.65806610e+09
 4.64020000e+03  7.93225001e+16  3.05149059e+16  4.27092401e+10  2.47279753e+10  3.64850355e+12  7.65806610e+09
 4.64022500e+03  7.92303018e+16  3.05536578e+16  4.26595982e+10  2.47593783e+10  3.64850355e+12  7.65806610e+09
 4.64025000e+03  7.91382106e+16  3.05922350e+16  4.26100139e+10  2.47906395e+10  3.64850355e+12  7.65806610e+09
 4.64025000e+03  7.91382106e+16  0.00000000e+00  4.26100139e+10  0.00000000e+00  3.66483133e+12  7.65040803e+09
 4.64120000e+03  7.57169373e+16  3.30916244e+15  4.07679139e+10  2.68160379e+09  3.66483133e+12  7.65040803e+09
 4.64215000e+03  7.24435711e+16  6.26231883e+15  3.90054508e+10  5.07471549e+09  3.66483133e+12  7.65040803e+09
 4.64310000e+03  6.93117179e+16  8.88856299e+15  3.73191818e+10  7.20291150e+09  3.66483133e+12  7.65040803e+09
 4.64405000e+03  6.63152598e+16  1.12148492e+16  3.57058130e+10  9.08803439e+09  3.66483133e+12  7.65040803e+09
 4.64500000e+03  6.34483435e+16  1.32661413e+16  3.41621927e+10  1.07503139e+10  3.66483133e+12  7.65040803e+09
 4.64595000e+03  6.07053686e+16  1.50655522e+16  3.26853056e+10  1.22084795e+10  3.66483133e+12  7.65040803e+09
 4.64690000e+03  5.80809769e+16  1.66344730e+16  3.12722668e+10  1.34798659e+10  3.66483133e+12  7.65040803e+09
 4.64785000e+03  5.55700420e+16  1.79926944e+16  2.99203159e+10  1.45805104e+10  3.66483133e+12  7.65040803e+09
 4.64880000e+03  5.31676589e+16  1.91585192e+16  2.86268121e+10  1.55252450e+10  3.66483133e+12  7.65040803e+09
 4.64975000e+03  5.08691346e+16  2.01488672e+16  2.73892285e+10  1.63277807e+10  3.66483133e+12  7.65040803e+09
 4.64975000e+03  5.08691346e+16  0.00000000e+00  2.73892285e+10  0.00000000e+00  3.66483133e+12  7.65040803e+09
 4.64977500e+03  5.08100083e+16  5.90746187e+13  2.73573934e+10  4.78715458e+07  3.66483133e+12  7.65040803e+09
 4.64980000e+03  5.07509507e+16  1.17977261e+14  2.73255953e+10  9.56037296e+07  3.66483133e+12  7.65040803e+09
 4.64982500e+03  5.06919617e+16  1.76708309e+14  2.72938341e+10  1.43196860e+08  3.66483133e+12  7.65040803e+09
 4.64985000e+03  5.06330413e+16  2.35268141e+14  2.72621099e+10  1.90651245e+08  3.66483133e+12  7.65040803e+09
 4.64987500e+03  5.05741894e+16  2.93657137e+14  2.72304225e+10  2.37967191e+08  3.66483133e+12  7.65040803e+09
 4.64990000e+03  5.05154058e+16  3.51875674e+14  2.71987720e+10  2.85145005e+08  3.66483133e+12  7.65040803e+09
 4.64992500e+03  5.04566906e+16  4.09924131e+14  2.71671583e+10  3.32184993e+08  3.66483133e+12  7.65040803e+09
 4.64995000e+03  5.03980437e+16  4.67802884e+14  2.71355813e+10  3.79087460e+08  3.66483133e+12  7.65040803e+09
 4.64997500e+03  5.03394649e+16  5.25512309e+14  2.71040410e+10  4.25852712e+08  3.66483133e+12  7.65040803e+09
 4.65000000e+03  5.02809542e+16  5.83052782e+14  2.70725373e+10  4.72481051e+08  3.66483133e+12  7.65040803e+09
 4.65000000e+03  5.02809542e+16  5.83052782e+14  2.70725373e+10  4.72481051e+08  3.66483133e+12  7.65040803e+09
 4.65150000e+03  5.42557377e+16  3.99104961e+15  2.92126613e+10  3.23417600e+09  3.66483133e+12  7.65040803e+09
 4.65300000e+03  5.79626170e+16  7.31344512e+15  3.12085388e+10  5.92650330e+09  3.66483133e+12  7.65040803e+09
 4.65450000e+03  6.14196490e+16  1.05416427e+16  3.30698923e+10  8.54249662e+09  3.66483133e+12  7.65040803e+09
 4.65600000e+03  6.46436739e+16  1.36690574e+16  3.48057888e+10  1.10768198e+10  3.66483133e+12  7.65040803e+09
 4.65750000e+03  6.76503963e+16  1.66908376e+16  3.64246842e+10  1.35255413e+10  3.66483133e+12  7.65040803e+09
 4.65900000e+03  7.04544628e+16  1.96036195e+16  3.79344645e+10  1.58859352e+10  3.66483133e+12  7.65040803e+09
 4.66050000e+03  7.30695326e+16  2.24053112e+16  3.93424842e+10  1.81563065e+10  3.66483133e+12  7.65040803e+09
 4.66200000e+03  7.55083441e+16  2.50949030e+16  4.06556020e+10  2.03358367e+10  3.66483133e+12  7.65040803e+09
 4.66350000e+03  7.77827775e+16  2.76723002e+16  4.18802145e+10  2.24244492e+10  3.66483133e+12  7.65040803e+09
 4.66500000e+03  7.99039118e+16  3.01381770e+16  4.30222869e+10  2.44226904e+10  3.66483133e+12  7.65040803e+09
 4.66500000e+03  7.99039118e+16  3.01381770e+16  4.30222869e+10  2.44226904e+10  3.66483133e+12  7.64275763e+09
 4.66502500e+03  7.98110377e+16  3.01782630e+16  4.29722811e+10  2.44551744e+10  3.66483133e+12  7.64275763e+09
 4.66505000e+03  7.97182715e+16  3.02181711e+16  4.29223334e+10  2.44875141e+10  3.66483133e+12  7.64275763e+09
 4.66507500e+03  7.96256132e+16  3.02579016e+16  4.28724438e+10  2.45197100e+10  3.66483133e+12  7.64275763e+09
 4.66510000e+03  7.95330625e+16  3.02974550e+16  4.28226122e+10  2.45517625e+10  3.66483133e+12  7.64275763e+09
 4.66512500e+03  7.94406195e+16  3.03368318e+16  4.27728385e+10  2.45836717e+10  3.66483133e+12  7.64275763e+09
 4.66515000e+03  7.93482838e+16  3.03760324e+16  4.27231227e+10  2.46154382e+10  3.66483133e+12  7.64275763e+09
 4.66517500e+03  7.92560555e+16  3.04150572e+16  4.26734646e+10  2.46470622e+10  3.66483133e+12  7.64275763e+09
 4.66520000e+03  7.91639344e+16  3.04539066e+16  4.26238643e+10  2.46785441e+10  3.66483133e+12  7.64275763e+09
 4.66522500e+03  7.90719204e+16  3.04925811e+16  4.25743216e+10  2.47098843e+10  3.66483133e+12  7.64275763e+09
 4.66525000e+03  7.89800133e+16  3.05310811e+16  4.25248365e+10  2.47410830e+10  3.66483133e+12  7.64275763e+09
 4.66525000e+03  7.89800133e+16  0.00000000e+00  4.25248365e+10  0.00000000e+00  3.68112647e+12  7.63511487e+09
 4.66620000e+03  7.55655791e+16  3.30254743e+15  4.06864188e+10  2.67624326e+09  3.68112647e+12  7.63511487e+09
 4.66715000e+03  7.22987564e+16  6.24980046e+15  3.89274789e+10  5.06457113e+09  3.68112647e+12  7.63511487e+09
 4.66810000e+03  6.91731638e+16  8.87079476e+15  3.72445807e+10  7.18851288e+09  3.68112647e+12  7.63511487e+09
 4.66905000e+03  6.61826956e+16  1.11924307e+16  3.56344370e+10  9.06986741e+09  3.68112647e+12  7.63511487e+09
 4.67000000e+03  6.33215102e+16  1.32396223e+16  3.40939025e+10  1.07288240e+10  3.68112647e+12  7.63511487e+09
 4.67095000e+03  6.05840185e+16  1.50354362e+16  3.26199677e+10  1.21840748e+10  3.68112647e+12  7.63511487e+09
 4.67190000e+03  5.79648731e+16  1.66012207e+16  3.12097536e+10  1.34529196e+10  3.68112647e+12  7.63511487e+09
 4.67285000e+03  5.54589575e+16  1.79567270e+16  2.98605052e+10  1.45513640e+10  3.68112647e+12  7.63511487e+09
 4.67380000e+03  5.30613767e+16  1.91202213e+16  2.85695871e+10  1.54942100e+10  3.68112647e+12  7.63511487e+09
 4.67475000e+03  5.07674472e+16  2.01085896e+16  2.73344775e+10  1.62951414e+10  3.68112647e+12  7.63511487e+09
 4.67475000e+03  5.07674472e+16  0.00000000e+00  2.73344775e+10  0.00000000e+00  3.68112647e+12  7.63511487e+09
 4.67477500e+03  5.07084391e+16  5.89565285e+13  2.73027060e+10  4.77758505e+07  3.68112647e+12  7.63511487e+09
 4.67480000e+03  5.06494995e+16  1.17741425e+14  2.72709714e+10  9.54126178e+07  3.68112647e+12  7.63511487e+09
 4.67482500e+03  5.05906285e+16  1.76355069e+14  2.72392738e+10  1.42910609e+08  3.68112647e+12  7.63511487e+09
 4.67485000e+03  5.05318258e+16  2.34797840e+14  2.72076129e+10  1.90270133e+08  3.68112647e+12  7.63511487e+09
 4.67487500e+03  5.04730916e+16  2.93070116e+14  2.71759889e+10  2.37491494e+08  3.68112647e+12  7.63511487e+09
 4.67490000e+03  5.04144255e+16  3.51172275e+14  2.71444017e+10  2.84575000e+08  3.68112647e+12  7.63511487e+09
 4.67492500e+03  5.03558277e+16  4.09104693e+14  2.71128511e+10  3.31520955e+08  3.68112647e+12  7.63511487e+09
 4.67495000e+03  5.02972980e+16  4.66867746e+14  2.70813372e+10  3.78329665e+08  3.68112647e+12  7.63511487e+09
 4.67497500e+03  5.02388363e+16  5.24461810e+14  2.70498600e+10  4.25001432e+08  3.68112647e+12  7.63511487e+09
 4.67500000e+03  5.01804426e+16  5.81887260e+14  2.70184193e+10  4.71536562e+08  3.68112647e+12  7.63511487e+09
 4.67500000e+03  5.01804426e+16  5.81887260e+14  2.70184193e+10  4.71536562e+08  3.68112647e+12  7.63511487e+09
 4.67650000e+03  5.41472805e+16  3.98307151e+15  2.91542652e+10  3.22771089e+09  3.68112647e+12  7.63511487e+09
 4.67800000e+03  5.78467497e+16  7.29882554e+15  3.11461529e+10  5.91465622e+09  3.68112647e+12  7.63511487e+09
 4.67950000e+03  6.12968712e+16  1.05205699e+16  3.30037856e+10  8.52542017e+09  3.68112647e+12  7.63511487e+09
 4.68100000e+03  6.45144512e+16  1.36417329e+16  3.47362120e+10  1.10546772e+10  3.68112647e+12  7.63511487e+09
 4.68250000e+03  6.75151632e+16  1.66574726e+16  3.63518713e+10  1.34985037e+10  3.68112647e+12  7.63511487e+09
 4.68400000e+03  7.03136244e+16  1.95644318e+16  3.78586335e+10  1.58541792e+10  3.68112647e+12  7.63511487e+09
 4.68550000e+03  7.29234666e+16  2.23605230e+16  3.92638386e+10  1.81200120e+10  3.68112647e+12  7.63511487e+09
 4.68700000e+03  7.53574030e+16  2.50447383e+16  4.05743315e+10  2.02951854e+10  3.68112647e+12  7.63511487e+09
 4.68850000e+03  7.76272897e+16  2.76169832e+16  4.17964959e+10  2.23796227e+10  3.68112647e+12  7.63511487e+09
 4.69000000e+03  7.97441839e+16  3.00779308e+16  4.29362853e+10  2.43738694e+10  3.68112647e+12  7.63511487e+09
 4.69000000e+03  7.97441839e+16  3.00779308e+16  4.29362853e+10  2.43738694e+10  3.68112647e+12  7.62747975e+09
 4.69002500e+03  7.96514954e+16  3.01179367e+16  4.28863795e+10  2.44062885e+10  3.68112647e+12  7.62747975e+09
 4.69005000e+03  7.95589147e+16  3.01577650e+16  4.28365317e+10  2.44385636e+10  3.68112647e+12  7.62747975e+09
 4.69007500e+03  7.94664416e+16  3.01974161e+16  4.27867418e+10  2.44706951e+10  3.68112647e+12  7.62747975e+09
 4.69010000e+03  7.93740759e+16  3.02368904e+16  4.27370098e+10  2.45026835e+10  3.68112647e+12  7.62747975e+09
 4.69012500e+03  7.92818177e+16  3.02761885e+16  4.26873356e+10  2.45345290e+10  3.68112647e+12  7.62747975e+09
 4.69015000e+03  7.91896666e+16  3.03153107e+16  4.26377192e+10  2.45662319e+10  3.68112647e+12  7.62747975e+09
 4.69017500e+03  7.90976227e+16  3.03542575e+16  4.25881604e+10  2.45977927e+10  3.68112647e+12  7.62747975e+09
 4.69020000e+03  7.90056857e+16  3.03930292e+16  4.25386592e+10  2.46292117e+10  3.68112647e+12  7.62747975e+09
 4.69022500e+03  7.89138556e+16  3.04316264e+16  4.24892156e+10  2.46604892e+10  3.68112647e+12  7.62747975e+09
 4.69025000e+03  7.88221323e+16  3.04700495e+16  4.24398294e+10  2.46916256e+10  3.68112647e+12  7.62747975e+09
 4.69025000e+03  7.88221323e+16  0.00000000e+00  4.24398294e+10  0.00000000e+00  3.69738904e+12  7.61985227e+09
 4.69120000e+03  7.54145235e+16  3.29594564e+15  4.06050866e+10  2.67089345e+09  3.69738904e+12  7.61985227e+09
 4.69215000e+03  7.21542312e+16  6.23730710e+15  3.88496628e+10  5.05444706e+09  3.69738904e+12  7.61985227e+09
 4.69310000e+03  6.90348867e+16  8.85306204e+15  3.71701288e+10  7.17414304e+09  3.69738904e+12  7.61985227e+09
 4.69405000e+03  6.60503964e+16  1.11700570e+16  3.55632038e+10  9.05173675e+09  3.69738904e+12  7.61985227e+09
 4.69500000e+03  6.31949305e+16  1.32131563e+16  3.40257488e+10  1.07073771e+10  3.69738904e+12  7.61985227e+09
 4.69595000e+03  6.04629111e+16  1.50053803e+16  3.25547604e+10  1.21597188e+10  3.69738904e+12  7.61985227e+09
 4.69690000e+03  5.78490013e+16  1.65680348e+16  3.11473653e+10  1.34260272e+10  3.69738904e+12  7.61985227e+09
 4.69785000e+03  5.53480950e+16  1.79208315e+16  2.98008141e+10  1.45222758e+10  3.69738904e+12  7.61985227e+09
 4.69880000e+03  5.29553070e+16  1.90820000e+16  2.85124765e+10  1.54632371e+10  3.69738904e+12  7.61985227e+09
 4.69975000e+03  5.06659631e+16  2.00683925e+16  2.72798359e+10  1.62625674e+10  3.69738904e+12  7.61985227e+09
 4.69975000e+03  5.06659631e+16  0.00000000e+00  2.72798359e+10  0.00000000e+00  3.69738904e+12  7.61985227e+09
 4.69977500e+03  5.06070729e+16  5.88386744e+13  2.72481279e+10  4.76803466e+07  3.69738904e+12  7.61985227e+09
 4.69980000e+03  5.05482512e+16  1.17506060e+14  2.72164568e+10  9.52218879e+07  3.69738904e+12  7.61985227e+09
 4.69982500e+03  5.04894978e+16  1.76002535e+14  2.71848225e+10  1.42624931e+08  3.69738904e+12  7.61985227e+09
 4.69985000e+03  5.04308127e+16  2.34328479e+14  2.71532249e+10  1.89889783e+08  3.69738904e+12  7.61985227e+09
 4.69987500e+03  5.03721958e+16  2.92484269e+14  2.71216641e+10  2.37016749e+08  3.69738904e+12  7.61985227e+09
 4.69990000e+03  5.03136471e+16  3.50470281e+14  2.70901400e+10  2.84006135e+08  3.69738904e+12  7.61985227e+09
 4.69992500e+03  5.02551664e+16  4.08286892e+14  2.70586525e+10  3.30858245e+08  3.69738904e+12  7.61985227e+09
 4.69995000e+03  5.01967537e+16  4.65934478e+14  2.70272016e+10  3.77573384e+08  3.69738904e+12  7.61985227e+09
 4.69997500e+03  5.01384089e+16  5.23413411e+14  2.69957873e+10  4.24151854e+08  3.69738904e+12  7.61985227e+09
 4.70000000e+03  5.00801319e+16  5.80724067e+14  2.69644095e+10  4.70593960e+08  3.69738904e+12  7.61985227e+09
 4.70000000e+03  5.00801319e+16  5.80724067e+14  2.69644095e+10  4.70593960e+08  3.69738904e+12  7.61985227e+09
 4.70150000e+03  5.40390400e+16  3.97510935e+15  2.90959858e+10  3.22125869e+09  3.69738904e+12  7.61985227e+09
 4.70300000e+03  5.77311140e+16  7.28423519e+15  3.10838918e+10  5.90283283e+09  3.69738904e+12  7.61985227e+09
 4.70450000e+03  6.11743387e+16  1.04995393e+16  3.29378110e+10  8.50837786e+09  3.69738904e+12  7.61985227e+09
 4.70600000e+03  6.43854868e+16  1.36144631e+16  3.46667743e+10  1.10325789e+10  3.69738904e+12  7.61985227e+09
 4.70750000e+03  6.73802004e+16  1.66241743e+16  3.62792039e+10  1.34715202e+10  3.69738904e+12  7.61985227e+09
 4.70900000e+03  7.01730674e+16  1.95253225e+16  3.77829541e+10  1.58224867e+10  3.69738904e+12  7.61985227e+09
 4.71050000e+03  7.27776926e+16  2.23158243e+16  3.91853502e+10  1.80837901e+10  3.69738904e+12  7.61985227e+09
 4.71200000e+03  7.52067635e+16  2.49946739e+16  4.04932234e+10  2.02546153e+10  3.69738904e+12  7.61985227e+09
 4.71350000e+03  7.74721128e+16  2.75617769e+16  4.17129447e+10  2.23348858e+10  3.69738904e+12  7.61985227e+09
 4.71500000e+03  7.95847753e+16  3.00178050e+16  4.28504557e+10  2.43251461e+10  3.69738904e+12  7.61985227e+09
 4.71500000e+03  7.95847753e+16  3.00178050e+16  4.28504557e+10  2.43251461e+10  3.69738904e+12  7.61223242e+09
 4.71502500e+03  7.94922721e+16  3.00577309e+16  4.28006496e+10  2.43575003e+10  3.69738904e+12  7.61223242e+09
 4.71505000e+03  7.93998764e+16  3.00974796e+16  4.27509014e+10  2.43897109e+10  3.69738904e+12  7.61223242e+09
 4.71507500e+03  7.93075882e+16  3.01370514e+16  4.27012111e+10  2.44217782e+10  3.69738904e+12  7.61223242e+09
 4.71510000e+03  7.92154072e+16  3.01764469e+16  4.26515785e+10  2.44537026e+10  3.69738904e+12  7.61223242e+09
 4.71512500e+03  7.91233333e+16  3.02156664e+16  4.26020036e+10  2.44854844e+10  3.69738904e+12  7.61223242e+09
 4.71515000e+03  7.90313665e+16  3.02547104e+16  4.25524864e+10  2.45171240e+10  3.69738904e+12  7.61223242e+09
 4.71517500e+03  7.89395065e+16  3.02935793e+16  4.25030266e+10  2.45486217e+10  3.69738904e+12  7.61223242e+09
 4.71520000e+03  7.88477534e+16  3.03322736e+16  4.24536244e+10  2.45799779e+10  3.69738904e+12  7.61223242e+09
 4.71522500e+03  7.87561068e+16  3.03707936e+16  4.24042796e+10  2.46111929e+10  3.69738904e+12  7.61223242e+09
 4.71525000e+03  7.86645668e+16  3.04091398e+16  4.23549922e+10  2.46422670e+10  3.69738904e+12  7.61223242e+09
 4.71525000e+03  7.86645668e+16  0.00000000e+00  4.23549922e+10  0.00000000e+00  3.71361910e+12  7.60462019e+09
 4.71620000e+03  7.52637699e+16  3.28935704e+15  4.05239171e+10  2.66555434e+09  3.71361910e+12  7.60462019e+09
 4.71715000e+03  7.20099949e+16  6.22483873e+15  3.87720023e+10  5.04434322e+09  3.71361910e+12  7.60462019e+09
 4.71810000e+03  6.88968859e+16  8.83536477e+15  3.70958257e+10  7.15980193e+09  3.71361910e+12  7.60462019e+09
 4.71905000e+03  6.59183617e+16  1.11477281e+16  3.54921130e+10  9.03364232e+09  3.71361910e+12  7.60462019e+09
 4.72000000e+03  6.30686039e+16  1.31867432e+16  3.39577313e+10  1.06859730e+10  3.71361910e+12  7.60462019e+09
 4.72095000e+03  6.03420457e+16  1.49753846e+16  3.24896834e+10  1.21354115e+10  3.71361910e+12  7.60462019e+09
 4.72190000e+03  5.77333611e+16  1.65349153e+16  3.10851017e+10  1.33991886e+10  3.71361910e+12  7.60462019e+09
 4.72285000e+03  5.52374542e+16  1.78850078e+16  2.97412423e+10  1.44932458e+10  3.71361910e+12  7.60462019e+09
 4.72380000e+03  5.28494494e+16  1.90438550e+16  2.84554801e+10  1.54323261e+10  3.71361910e+12  7.60462019e+09
 4.72475000e+03  5.05646819e+16  2.00282758e+16  2.72253035e+10  1.62300586e+10  3.71361910e+12  7.60462019e+09
 4.72475000e+03  5.05646819e+16  0.00000000e+00  2.72253035e+10  0.00000000e+00  3.71361910e+12  7.60462019e+09
 4.72477500e+03  5.05059094e+16  5.87210559e+13  2.71936589e+10  4.75850336e+07  3.71361910e+12  7.60462019e+09
 4.72480000e+03  5.04472052e+16  1.17271165e+14  2.71620511e+10  9.50315394e+07  3.71361910e+12  7.60462019e+09
 4.72482500e+03  5.03885693e+16  1.75650706e+14  2.71304800e+10  1.42339824e+08  3.71361910e+12  7.60462019e+09
 4.72485000e+03  5.03300015e+16  2.33860057e+14  2.70989456e+10  1.89510193e+08  3.71361910e+12  7.60462019e+09
 4.72487500e+03  5.02715018e+16  2.91899593e+14  2.70674479e+10  2.36542952e+08  3.71361910e+12  7.60462019e+09
 4.72490000e+03  5.02130701e+16  3.49769691e+14  2.70359868e+10  2.83438406e+08  3.71361910e+12  7.60462019e+09
 4.72492500e+03  5.01547063e+16  4.07470727e+14  2.70045623e+10  3.30196859e+08  3.71361910e+12  7.60462019e+09
 4.72495000e+03  5.00964104e+16  4.65003074e+14  2.69731743e+10  3.76818614e+08  3.71361910e+12  7.60462019e+09
 4.72497500e+03  5.00381822e+16  5.22367108e+14  2.69418227e+10  4.23303975e+08  3.71361910e+12  7.60462019e+09
 4.72500000e+03  4.99800217e+16  5.79563200e+14  2.69105076e+10  4.69653243e+08  3.71361910e+12  7.60462019e+09
 4.72500000e+03  4.99800217e+16  5.79563200e+14  2.69105076e+10  4.69653243e+08  3.71361910e+12  7.60462019e+09
 4.72650000e+03  5.39310160e+16  3.96716310e+15  2.90378229e+10  3.21481940e+09  3.71361910e+12  7.60462019e+09
 4.72800000e+03  5.76157095e+16  7.26967400e+15  3.10217551e+10  5.89103306e+09  3.71361910e+12  7.60462019e+09
 4.72950000e+03  6.10520512e+16  1.04785507e+16  3.28719683e+10  8.49136961e+09  3.71361910e+12  7.60462019e+09
 4.73100000e+03  6.42567802e+16  1.35872478e+16  3.45974755e+10  1.10105248e+10  3.71361910e+12  7.60462019e+09
 4.73250000e+03  6.72455074e+16  1.65909426e+16  3.62066818e+10  1.34445906e+10  3.71361910e+12  7.60462019e+09
 4.73400000e+03  7.00327915e+16  1.94862914e+16  3.77074260e+10  1.57908576e+10  3.71361910e+12  7.60462019e+09
 4.73550000e+03  7.26322100e+16  2.22712150e+16  3.91070187e+10  1.80476406e+10  3.71361910e+12  7.60462019e+09
 4.73700000e+03  7.50564252e+16  2.49447095e+16  4.04122775e+10  2.02141263e+10  3.71361910e+12  7.60462019e+09
 4.73850000e+03  7.73172460e+16  2.75066809e+16  4.16295606e+10  2.22902384e+10  3.71361910e+12  7.60462019e+09
 4.74000000e+03  7.94256853e+16  2.99577994e+16  4.27647976e+10  2.42765201e+10  3.71361910e+12  7.60462019e+09
 4.74000000e+03  7.94256853e+16  2.99577994e+16  4.27647976e+10  2.42765201e+10  3.71361910e+12  7.59701557e+09
 4.74002500e+03  7.93333671e+16  2.99976455e+16  4.27150911e+10  2.43088097e+10  3.71361910e+12  7.59701557e+09
 4.74005000e+03  7.92411561e+16  3.00373147e+16  4.26654424e+10  2.43409559e+10  3.71361910e+12  7.59701557e+09
 4.74007500e+03  7.91490523e+16  3.00768075e+16  4.26158514e+10  2.43729591e+10  3.71361910e+12  7.59701557e+09
 4.74010000e+03  7.90570556e+16  3.01161242e+16  4.25663180e+10  2.44048197e+10  3.71361910e+12  7.59701557e+09
 4.74012500e+03  7.89651658e+16  3.01552653e+16  4.25168422e+10  2.44365380e+10  3.71361910e+12  7.59701557e+09
 4.74015000e+03  7.88733828e+16  3.01942312e+16  4.24674239e+10  2.44681143e+10  3.71361910e+12  7.59701557e+09
 4.74017500e+03  7.87817065e+16  3.02330224e+16  4.24180631e+10  2.44995490e+10  3.71361910e+12  7.59701557e+09
 4.74020000e+03  7.86901367e+16  3.02716393e+16  4.23687596e+10  2.45308425e+10  3.71361910e+12  7.59701557e+09
 4.74022500e+03  7.85986734e+16  3.03100824e+16  4.23195135e+10  2.45619951e+10  3.71361910e+12  7.59701557e+09
 4.74025000e+03  7.85073164e+16  3.03483520e+16  4.22703245e+10  2.45930072e+10  3.71361910e+12  7.59701557e+09
 4.74025000e+03  7.85073164e+16  0.00000000e+00  4.22703245e+10  0.00000000e+00  3.72981671e+12  7.58941855e+09
 4.74120000e+03  7.51133176e+16  3.28278162e+15  4.04429098e+10  2.66022590e+09  3.72981671e+12  7.58941855e+09
 4.74215000e+03  7.18660469e+16  6.21239528e+15  3.86944971e+10  5.03425957e+09  3.72981671e+12  7.58941855e+09
 4.74310000e+03  6.87591610e+16  8.81770287e+15  3.70216712e+10  7.14548948e+09  3.72981671e+12  7.58941855e+09
 4.74405000e+03  6.57865909e+16  1.11254438e+16  3.54211642e+10  9.01558407e+09  3.72981671e+12  7.58941855e+09
 4.74500000e+03  6.29425297e+16  1.31603829e+16  3.38898498e+10  1.06646118e+10  3.72981671e+12  7.58941855e+09
 4.74595000e+03  6.02214220e+16  1.49454488e+16  3.24247366e+10  1.21111528e+10  3.72981671e+12  7.58941855e+09
 4.74690000e+03  5.76179521e+16  1.65018621e+16  3.10229626e+10  1.33724036e+10  3.72981671e+12  7.58941855e+09
 4.74785000e+03  5.51270345e+16  1.78492556e+16  2.96817895e+10  1.44642738e+10  3.72981671e+12  7.58941855e+09
 4.74880000e+03  5.27438033e+16  1.90057864e+16  2.83985976e+10  1.54014768e+10  3.72981671e+12  7.58941855e+09
 4.74975000e+03  5.04636031e+16  1.99882393e+16  2.71708801e+10  1.61976147e+10  3.72981671e+12  7.58941855e+09
 4.74975000e+03  5.04636031e+16  0.00000000e+00  2.71708801e+10  0.00000000e+00  3.72981671e+12  7.58941855e+09
 4.74977500e+03  5.04049481e+16  5.86036725e+13  2.71392988e+10  4.74899111e+07  3.72981671e+12  7.58941855e+09
 4.74980000e+03  5.03463613e+16  1.17036740e+14  2.71077541e+10  9.48415713e+07  3.72981671e+12  7.58941855e+09
 4.74982500e+03  5.02878425e+16  1.75299580e+14  2.70762462e+10  1.42055287e+08  3.72981671e+12  7.58941855e+09
 4.74985000e+03  5.02293918e+16  2.33392570e+14  2.70447748e+10  1.89131362e+08  3.72981671e+12  7.58941855e+09
 4.74987500e+03  5.01710091e+16  2.91316086e+14  2.70133401e+10  2.36070103e+08  3.72981671e+12  7.58941855e+09
 4.74990000e+03  5.01126942e+16  3.49070502e+14  2.69819419e+10  2.82871813e+08  3.72981671e+12  7.58941855e+09
 4.74992500e+03  5.00544471e+16  4.06656193e+14  2.69505802e+10  3.29536796e+08  3.72981671e+12  7.58941855e+09
 4.74995000e+03  4.99962677e+16  4.64073533e+14  2.69192549e+10  3.76065354e+08  3.72981671e+12  7.58941855e+09
 4.74997500e+03  4.99381559e+16  5.21322896e+14  2.68879660e+10  4.22457790e+08  3.72981671e+12  7.58941855e+09
 4.75000000e+03  4.98801116e+16  5.78404653e+14  2.68567135e+10  4.68714406e+08  3.72981671e+12  7.58941855e+09
 4.75000000e+03  4.98801116e+16  5.78404653e+14  2.68567135e+10  4.68714406e+08  3.72981671e+12  7.58941855e+09
 4.75150000e+03  5.38232079e+16  3.95923274e+15  2.89797763e+10  3.20839297e+09  3.72981671e+12  7.58941855e+09
 4.75300000e+03  5.75005357e+16  7.25514193e+15  3.09597426e+10  5.87925689e+09  3.72981671e+12  7.58941855e+09
 4.75450000e+03  6.09300082e+16  1.04576041e+16  3.28062573e+10  8.47439536e+09  3.72981671e+12  7.58941855e+09
 4.75600000e+03  6.41283309e+16  1.35600869e+16  3.45283151e+10  1.09885148e+10  3.72981671e+12  7.58941855e+09
 4.75750000e+03  6.71110836e+16  1.65577773e+16  3.61343046e+10  1.34177149e+10  3.72981671e+12  7.58941855e+09
 4.75900000e+03  6.98927959e+16  1.94473383e+16  3.76320489e+10  1.57592917e+10  3.72981671e+12  7.58941855e+09
 4.76050000e+03  7.24870182e+16  2.22266949e+16  3.90288437e+10  1.80115634e+10  3.72981671e+12  7.58941855e+09
 4.76200000e+03  7.49063874e+16  2.48948451e+16  4.03314933e+10  2.01737183e+10  3.72981671e+12  7.58941855e+09
 4.76350000e+03  7.71626888e+16  2.74516950e+16  4.15463431e+10  2.22456802e+10  3.72981671e+12  7.58941855e+09
 4.76500000e+03  7.92669134e+16  2.98979138e+16  4.26793108e+10  2.42279913e+10  3.72981671e+12  7.58941855e+09
 4.76500000e+03  7.92669134e+16  2.98979138e+16  4.26793108e+10  2.42279913e+10  3.72981671e+12  7.58182913e+09
 4.76502500e+03  7.91747797e+16  2.99376802e+16  4.26297036e+10  2.42602163e+10  3.72981671e+12  7.58182913e+09
 4.76505000e+03  7.90827530e+16  2.99772701e+16  4.25801542e+10  2.42922983e+10  3.72981671e+12  7.58182913e+09
 4.76507500e+03  7.89908333e+16  3.00166839e+16  4.25306623e+10  2.43242375e+10  3.72981671e+12  7.58182913e+09
 4.76510000e+03  7.88990205e+16  3.00559220e+16  4.24812280e+10  2.43560344e+10  3.72981671e+12  7.58182913e+09
 4.76512500e+03  7.88073144e+16  3.00949849e+16  4.24318511e+10  2.43876893e+10  3.72981671e+12  7.58182913e+09
 4.76515000e+03  7.87157149e+16  3.01338730e+16  4.23825316e+10  2.44192025e+10  3.72981671e+12  7.58182913e+09
 4.76517500e+03  7.86242218e+16  3.01725866e+16  4.23332694e+10  2.44505744e+10  3.72981671e+12  7.58182913e+09
 4.76520000e+03  7.85328351e+16  3.02111263e+16  4.22840645e+10  2.44818054e+10  3.72981671e+12  7.58182913e+09
 4.76522500e+03  7.84415546e+16  3.02494925e+16  4.22349167e+10  2.45128957e+10  3.72981671e+12  7.58182913e+09
 4.76525000e+03  7.83503802e+16  3.02876856e+16  4.21858261e+10  2.45438457e+10  3.72981671e+12  7.58182913e+09
 4.76525000e+03  7.83503802e+16  0.00000000e+00  4.21858261e+10  0.00000000e+00  3.74598195e+12  7.57424731e+09
 4.76620000e+03  7.49631661e+16  3.27621934e+15  4.03620644e+10  2.65490810e+09  3.74598195e+12  7.57424731e+09
 4.76715000e+03  7.17223867e+16  6.19997670e+15  3.86171468e+10  5.02419609e+09  3.74598195e+12  7.57424731e+09
 4.76810000e+03  6.86217115e+16  8.80007628e+15  3.69476649e+10  7.13120565e+09  3.74598195e+12  7.57424731e+09
 4.76905000e+03  6.56550835e+16  1.11032040e+16  3.53503573e+10  8.99756192e+09  3.74598195e+12  7.57424731e+09
 4.77000000e+03  6.28167076e+16  1.31340753e+16  3.38221040e+10  1.06432932e+10  3.74598195e+12  7.57424731e+09
 4.77095000e+03  6.01010394e+16  1.49155728e+16  3.23599195e+10  1.20869426e+10  3.74598195e+12  7.57424731e+09
 4.77190000e+03  5.75027738e+16  1.64688748e+16  3.09609476e+10  1.33456722e+10  3.74598195e+12  7.57424731e+09
 4.77285000e+03  5.50168356e+16  1.78135750e+16  2.96224556e+10  1.44353597e+10  3.74598195e+12  7.57424731e+09
 4.77380000e+03  5.26383684e+16  1.89677938e+16  2.83418288e+10  1.53706893e+10  3.74598195e+12  7.57424731e+09
 4.77475000e+03  5.03627263e+16  1.99482828e+16  2.71165655e+10  1.61652356e+10  3.74598195e+12  7.57424731e+09
 4.77475000e+03  5.03627263e+16  0.00000000e+00  2.71165655e+10  0.00000000e+00  3.74598195e+12  7.57424731e+09
 4.77477500e+03  5.03041886e+16  5.84865238e+13  2.70850473e+10  4.73949788e+07  3.74598195e+12  7.57424731e+09
 4.77480000e+03  5.02457189e+16  1.16802784e+14  2.70535657e+10  9.46519830e+07  3.74598195e+12  7.57424731e+09
 4.77482500e+03  5.01873171e+16  1.74949157e+14  2.70221208e+10  1.41771318e+08  3.74598195e+12  7.57424731e+09
 4.77485000e+03  5.01289833e+16  2.32926019e+14  2.69907123e+10  1.88753289e+08  3.74598195e+12  7.57424731e+09
 4.77487500e+03  5.00707172e+16  2.90733745e+14  2.69593404e+10  2.35598199e+08  3.74598195e+12  7.57424731e+09
 4.77490000e+03  5.00125189e+16  3.48372710e+14  2.69280050e+10  2.82306352e+08  3.74598195e+12  7.57424731e+09
 4.77492500e+03  4.99543882e+16  4.05843287e+14  2.68967059e+10  3.28878052e+08  3.74598195e+12  7.57424731e+09
 4.77495000e+03  4.98963251e+16  4.63145850e+14  2.68654433e+10  3.75313599e+08  3.74598195e+12  7.57424731e+09
 4.77497500e+03  4.98383295e+16  5.20280771e+14  2.68342170e+10  4.21613297e+08  3.74598195e+12  7.57424731e+09
 4.77500000e+03  4.97804013e+16  5.77248422e+14  2.68030270e+10  4.67777446e+08  3.74598195e+12  7.57424731e+09
 4.77500000e+03  4.97804013e+16  5.77248422e+14  2.68030270e+10  4.67777446e+08  3.74598195e+12  7.57424731e+09
 4.77650000e+03  5.37156153e+16  3.95131824e+15  2.89218457e+10  3.20197940e+09  3.74598195e+12  7.57424731e+09
 4.77800000e+03  5.73855922e+16  7.24063890e+15  3.08978541e+10  5.86750425e+09  3.74598195e+12  7.57424731e+09
 4.77950000e+03  6.08082091e+16  1.04366994e+16  3.27406776e+10  8.45745504e+09  3.74598195e+12  7.57424731e+09
 4.78100000e+03  6.40001383e+16  1.35329803e+16  3.44592930e+10  1.09665487e+10  3.74598195e+12  7.57424731e+09
 4.78250000e+03  6.69769285e+16  1.65246783e+16  3.60620721e+10  1.33908929e+10  3.74598195e+12  7.57424731e+09
 4.78400000e+03  6.97530802e+16  1.94084631e+16  3.75568224e+10  1.57277888e+10  3.74598195e+12  7.57424731e+09
 4.78550000e+03  7.23421166e+16  2.21822637e+16  3.89508251e+10  1.79755583e+10  3.74598195e+12  7.57424731e+09
 4.78700000e+03  7.47566495e+16  2.48450803e+16  4.02508707e+10  2.01333910e+10  3.74598195e+12  7.57424731e+09
 4.78850000e+03  7.70084406e+16  2.73968191e+16  4.14632919e+10  2.22012111e+10  3.74598195e+12  7.57424731e+09
 4.79000000e+03  7.91084588e+16  2.98381479e+16  4.25939948e+10  2.41795596e+10  3.74598195e+12  7.57424731e+09
 4.79000000e+03  7.91084588e+16  2.98381479e+16  4.25939948e+10  2.41795596e+10  3.74598195e+12  7.56667306e+09
 4.79002500e+03  7.90165093e+16  2.98778348e+16  4.25444869e+10  2.42117202e+10  3.74598195e+12  7.56667306e+09
 4.79005000e+03  7.89246666e+16  2.99173456e+16  4.24950364e+10  2.42437380e+10  3.74598195e+12  7.56667306e+09
 4.79007500e+03  7.88329307e+16  2.99566806e+16  4.24456435e+10  2.42756134e+10  3.74598195e+12  7.56667306e+09
 4.79010000e+03  7.87413014e+16  2.99958402e+16  4.23963080e+10  2.43073467e+10  3.74598195e+12  7.56667306e+09
 4.79012500e+03  7.86497786e+16  3.00348250e+16  4.23470298e+10  2.43389383e+10  3.74598195e+12  7.56667306e+09
 4.79015000e+03  7.85583622e+16  3.00736353e+16  4.22978089e+10  2.43703885e+10  3.74598195e+12  7.56667306e+09
 4.79017500e+03  7.84670520e+16  3.01122716e+16  4.22486452e+10  2.44016977e+10  3.74598195e+12  7.56667306e+09
 4.79020000e+03  7.83758480e+16  3.01507343e+16  4.21995386e+10  2.44328662e+10  3.74598195e+12  7.56667306e+09
 4.79022500e+03  7.82847500e+16  3.01890238e+16  4.21504891e+10  2.44638944e+10  3.74598195e+12  7.56667306e+09
 4.79025000e+03  7.81937578e+16  3.02271405e+16  4.21014967e+10  2.44947826e+10  3.74598195e+12  7.56667306e+09
 4.79025000e+03  7.81937578e+16  0.00000000e+00  4.21014967e+10  0.00000000e+00  3.76211487e+12  7.55910639e+09
 4.79120000e+03  7.48133147e+16  3.26967017e+15  4.02813806e+10  2.64960094e+09  3.76211487e+12  7.55910639e+09
 4.79215000e+03  7.15790136e+16  6.18758294e+15  3.85399511e+10  5.01415272e+09  3.76211487e+12  7.55910639e+09
 4.79310000e+03  6.84845367e+16  8.78248493e+15  3.68738065e+10  7.11695037e+09  3.76211487e+12  7.55910639e+09
 4.79405000e+03  6.55238390e+16  1.10810087e+16  3.52796920e+10  8.97957579e+09  3.76211487e+12  7.55910639e+09
 4.79500000e+03  6.26911370e+16  1.31078203e+16  3.37544936e+10  1.06220173e+10  3.76211487e+12  7.55910639e+09
 4.79595000e+03  5.99808974e+16  1.48857566e+16  3.22952320e+10  1.20627808e+10  3.76211487e+12  7.55910639e+09
 4.79690000e+03  5.73878258e+16  1.64359535e+16  3.08990567e+10  1.33189942e+10  3.76211487e+12  7.55910639e+09
 4.79785000e+03  5.49068569e+16  1.77779656e+16  2.95632403e+10  1.44065034e+10  3.76211487e+12  7.55910639e+09
 4.79880000e+03  5.25331443e+16  1.89298772e+16  2.82851734e+10  1.53399633e+10  3.76211487e+12  7.55910639e+09
 4.79975000e+03  5.02620512e+16  1.99084061e+16  2.70623595e+10  1.61329213e+10  3.76211487e+12  7.55910639e+09
 4.79975000e+03  5.02620512e+16  0.00000000e+00  2.70623595e+10  0.00000000e+00  3.76211487e+12  7.55910639e+09
 4.79977500e+03  5.02036305e+16  5.83696092e+13  2.70309043e+10  4.73002362e+07  3.76211487e+12  7.55910639e+09
 4.79980000e+03  5.01452777e+16  1.16569295e+14  2.69994857e+10  9.44627737e+07  3.76211487e+12  7.55910639e+09
 4.79982500e+03  5.00869927e+16  1.74599433e+14  2.69681035e+10  1.41487917e+08  3.76211487e+12  7.55910639e+09
 4.79985000e+03  5.00287755e+16  2.32460399e+14  2.69367579e+10  1.88375971e+08  3.76211487e+12  7.55910639e+09
 4.79987500e+03  4.99706259e+16  2.90152568e+14  2.69054487e+10  2.35127238e+08  3.76211487e+12  7.55910639e+09
 4.79990000e+03  4.99125439e+16  3.47676313e+14  2.68741759e+10  2.81742022e+08  3.76211487e+12  7.55910639e+09
 4.79992500e+03  4.98545294e+16  4.05032006e+14  2.68429394e+10  3.28220624e+08  3.76211487e+12  7.55910639e+09
 4.79995000e+03  4.97965824e+16  4.62220022e+14  2.68117393e+10  3.74563347e+08  3.76211487e+12  7.55910639e+09
 4.79997500e+03  4.97387027e+16  5.19240730e+14  2.67805754e+10  4.20770492e+08  3.76211487e+12  7.55910639e+09
 4.80000000e+03  4.96808903e+16  5.76094502e+14  2.67494477e+10  4.66842359e+08  3.76211487e+12  7.55910639e+09
 4.80000000e+03  4.96808903e+16  5.76094502e+14  2.67494477e+10  4.66842359e+08  3.76211487e+12  7.55910639e+09
 4.80150000e+03  5.36082378e+16  3.94341955e+15  2.88640309e+10  3.19557864e+09  3.76211487e+12  7.55910639e+09
 4.80300000e+03  5.72708784e+16  7.22616486e+15  3.08360893e+10  5.85577511e+09  3.76211487e+12  7.55910639e+09
 4.80450000e+03  6.06866535e+16  1.04158364e+16  3.26752290e+10  8.44054859e+09  3.76211487e+12  7.55910639e+09
 4.80600000e+03  6.38722021e+16  1.35059279e+16  3.43904089e+10  1.09446266e+10  3.76211487e+12  7.55910639e+09
 4.80750000e+03  6.68430417e+16  1.64916454e+16  3.59899840e+10  1.33641245e+10  3.76211487e+12  7.55910639e+09
 4.80900000e+03  6.96136438e+16  1.93696656e+16  3.74817463e+10  1.56963490e+10  3.76211487e+12  7.55910639e+09
 4.81050000e+03  7.21975047e+16  2.21379213e+16  3.88729624e+10  1.79396251e+10  3.76211487e+12  7.55910639e+09
 4.81200000e+03  7.46072110e+16  2.47954150e+16  4.01704092e+10  2.00931444e+10  3.76211487e+12  7.55910639e+09
 4.81350000e+03  7.68545007e+16  2.73420528e+16  4.13804068e+10  2.21568309e+10  3.76211487e+12  7.55910639e+09
 4.81500000e+03  7.89503210e+16  2.97785014e+16  4.25088494e+10  2.41312246e+10  3.76211487e+12  7.55910639e+09
 4.81500000e+03  7.89503210e+16  2.97785014e+16  4.25088494e+10  2.41312246e+10  3.76211487e+12  7.55154728e+09
 4.81502500e+03  7.88585553e+16  2.98181090e+16  4.24594404e+10  2.41633209e+10  3.76211487e+12  7.55154728e+09
 4.81505000e+03  7.87668962e+16  2.98575408e+16  4.24100889e+10  2.41952748e+10  3.76211487e+12  7.55154728e+09
 4.81507500e+03  7.86753436e+16  2.98967972e+16  4.23607947e+10  2.42270864e+10  3.76211487e+12  7.55154728e+09
 4.81510000e+03  7.85838975e+16  2.99358786e+16  4.23115578e+10  2.42587563e+10  3.76211487e+12  7.55154728e+09
 4.81512500e+03  7.84925577e+16  2.99747854e+16  4.22623781e+10  2.42902848e+10  3.76211487e+12  7.55154728e+09
 4.81515000e+03  7.84013240e+16  3.00135181e+16  4.22132556e+10  2.43216721e+10  3.76211487e+12  7.55154728e+09
 4.81517500e+03  7.83101964e+16  3.00520772e+16  4.21641901e+10  2.43529187e+10  3.76211487e+12  7.55154728e+09
 4.81520000e+03  7.82191747e+16  3.00904630e+16  4.21151817e+10  2.43840249e+10  3.76211487e+12  7.55154728e+09
 4.81522500e+03  7.81282587e+16  3.01286759e+16  4.20662303e+10  2.44149911e+10  3.76211487e+12  7.55154728e+09
 4.81525000e+03  7.80374485e+16  3.01667165e+16  4.20173358e+10  2.44458175e+10  3.76211487e+12  7.55154728e+09
 4.81525000e+03  7.80374485e+16  0.00000000e+00  4.20173358e+10  0.00000000e+00  3.77821554e+12  7.54399573e+09
 4.81620000e+03  7.46637629e+16  3.26313410e+15  4.02008581e+10  2.64430439e+09  3.77821554e+12  7.54399573e+09
 4.81715000e+03  7.14359272e+16  6.17521397e+15  3.84629098e+10  5.00412943e+09  3.77821554e+12  7.54399573e+09
 4.81810000e+03  6.83476361e+16  8.76492874e+15  3.68000957e+10  7.10272359e+09  3.77821554e+12  7.54399573e+09
 4.81905000e+03  6.53928568e+16  1.10588578e+16  3.52091679e+10  8.96162562e+09  3.77821554e+12  7.54399573e+09
 4.82000000e+03  6.25658174e+16  1.30816178e+16  3.36870184e+10  1.06007839e+10  3.77821554e+12  7.54399573e+09
 4.82095000e+03  5.98609956e+16  1.48560000e+16  3.22306739e+10  1.20386673e+10  3.77821554e+12  7.54399573e+09
 4.82190000e+03  5.72731075e+16  1.64030981e+16  3.08372895e+10  1.32923695e+10  3.77821554e+12  7.54399573e+09
 4.82285000e+03  5.47970981e+16  1.77424275e+16  2.95041434e+10  1.43777048e+10  3.77821554e+12  7.54399573e+09
 4.82380000e+03  5.24281306e+16  1.88920364e+16  2.82286314e+10  1.53092987e+10  3.77821554e+12  7.54399573e+09
 4.82475000e+03  5.01615774e+16  1.98686092e+16  2.70082618e+10  1.61006716e+10  3.77821554e+12  7.54399573e+09
 4.82475000e+03  5.01615774e+16  0.00000000e+00  2.70082618e+10  0.00000000e+00  3.77821554e+12  7.54399573e+09
 4.82477500e+03  5.01032734e+16  5.82529284e+13  2.69768695e+10  4.72056830e+07  3.77821554e+12  7.54399573e+09
 4.82480000e+03  5.00450373e+16  1.16336273e+14  2.69455137e+10  9.42739426e+07  3.77821554e+12  7.54399573e+09
 4.82482500e+03  4.99868688e+16  1.74250409e+14  2.69141943e+10  1.41205083e+08  3.77821554e+12  7.54399573e+09
 4.82485000e+03  4.99287679e+16  2.31995711e+14  2.68829113e+10  1.87999407e+08  3.77821554e+12  7.54399573e+09
 4.82487500e+03  4.98707346e+16  2.89572553e+14  2.68516647e+10  2.34657219e+08  3.77821554e+12  7.54399573e+09
 4.82490000e+03  4.98127687e+16  3.46981308e+14  2.68204544e+10  2.81178820e+08  3.77821554e+12  7.54399573e+09
 4.82492500e+03  4.97548702e+16  4.04222347e+14  2.67892804e+10  3.27564511e+08  3.77821554e+12  7.54399573e+09
 4.82495000e+03  4.96970390e+16  4.61296044e+14  2.67581426e+10  3.73814595e+08  3.77821554e+12  7.54399573e+09
 4.82497500e+03  4.96392750e+16  5.18202768e+14  2.67270410e+10  4.19929372e+08  3.77821554e+12  7.54399573e+09
 4.82500000e+03  4.95815782e+16  5.74942889e+14  2.66959756e+10  4.65909141e+08  3.77821554e+12  7.54399573e+09
 4.82500000e+03  4.95815782e+16  5.74942889e+14  2.66959756e+10  4.65909141e+08  3.77821554e+12  7.54399573e+09
 4.82650000e+03  5.35010749e+16  3.93553666e+15  2.88063318e+10  3.18919068e+09  3.77821554e+12  7.54399573e+09
 4.82800000e+03  5.71563939e+16  7.21171976e+15  3.07744479e+10  5.84406942e+09  3.77821554e+12  7.54399573e+09
 4.82950000e+03  6.05653408e+16  1.03950152e+16  3.26099112e+10  8.42367594e+09  3.77821554e+12  7.54399573e+09
 4.83100000e+03  6.37445215e+16  1.34789295e+16  3.43216625e+10  1.09227483e+10  3.77821554e+12  7.54399573e+09
 4.83250000e+03  6.67094224e+16  1.64586786e+16  3.59180401e+10  1.33374096e+10  3.77821554e+12  7.54399573e+09
 4.83400000e+03  6.94744861e+16  1.93309456e+16  3.74068203e+10  1.56649720e+10  3.77821554e+12  7.54399573e+09
 4.83550000e+03  7.20531819e+16  2.20936676e+16  3.87952553e+10  1.79037638e+10  3.77821554e+12  7.54399573e+09
 4.83700000e+03  7.44580712e+16  2.47458489e+16  4.00901085e+10  2.00529782e+10  3.77821554e+12  7.54399573e+09
 4.83850000e+03  7.67008686e+16  2.72873961e+16  4.12976874e+10  2.21125394e+10  3.77821554e+12  7.54399573e+09
 4.84000000e+03  7.87924993e+16  2.97189742e+16  4.24238742e+10  2.40829863e+10  3.77821554e+12  7.54399573e+09
 4.84000000e+03  7.87924993e+16  2.97189742e+16  4.24238742e+10  2.40829863e+10  3.77821554e+12  7.53645174e+09
 4.84002500e+03  7.87009170e+16  2.97585026e+16  4.23745640e+10  2.41150185e+10  3.77821554e+12  7.53645174e+09
 4.84005000e+03  7.86094412e+16  2.97978556e+16  4.23253111e+10  2.41469084e+10  3.77821554e+12  7.53645174e+09
 4.84007500e+03  7.85180716e+16  2.98370335e+16  4.22761154e+10  2.41786565e+10  3.77821554e+12  7.53645174e+09
 4.84010000e+03  7.84268083e+16  2.98760367e+16  4.22269770e+10  2.42102631e+10  3.77821554e+12  7.53645174e+09
 4.84012500e+03  7.83356510e+16  2.99148658e+16  4.21778956e+10  2.42417285e+10  3.77821554e+12  7.53645174e+09
 4.84015000e+03  7.82445997e+16  2.99535211e+16  4.21288713e+10  2.42730531e+10  3.77821554e+12  7.53645174e+09
 4.84017500e+03  7.81536543e+16  2.99920031e+16  4.20799039e+10  2.43042373e+10  3.77821554e+12  7.53645174e+09
 4.84020000e+03  7.80628145e+16  3.00303121e+16  4.20309935e+10  2.43352813e+10  3.77821554e+12  7.53645174e+09
 4.84022500e+03  7.79720803e+16  3.00684487e+16  4.19821399e+10  2.43661855e+10  3.77821554e+12  7.53645174e+09
 4.84025000e+03  7.78814516e+16  3.01064132e+16  4.19333431e+10  2.43969503e+10  3.77821554e+12  7.53645174e+09
 4.84025000e+03  7.78814516e+16  0.00000000e+00  4.19333431e+10  0.00000000e+00  3.79428403e+12  7.52891528e+09
 4.84120000e+03  7.45145100e+16  3.25661110e+15  4.01204966e+10  2.63901843e+09  3.79428403e+12  7.52891528e+09
 4.84215000e+03  7.12931268e+16  6.16286971e+15  3.83860224e+10  4.99412618e+09  3.79428403e+12  7.52891528e+09
 4.84310000e+03  6.82110092e+16  8.74740765e+15  3.67265323e+10  7.08852524e+09  3.79428403e+12  7.52891528e+09
 4.84405000e+03  6.52621365e+16  1.10367511e+16  3.51387847e+10  8.94371133e+09  3.79428403e+12  7.52891528e+09
 4.84500000e+03  6.24407484e+16  1.30554676e+16  3.36196780e+10  1.05795929e+10  3.79428403e+12  7.52891528e+09
 4.84595000e+03  5.97413334e+16  1.48263028e+16  3.21662447e+10  1.20146020e+10  3.79428403e+12  7.52891528e+09
 4.84690000e+03  5.71586186e+16  1.63703083e+16  3.07756458e+10  1.32657981e+10  3.79428403e+12  7.52891528e+09
 4.84785000e+03  5.46875587e+16  1.77069604e+16  2.94451646e+10  1.43489638e+10  3.79428403e+12  7.52891528e+09
 4.84880000e+03  5.23233268e+16  1.88542712e+16  2.81722024e+10  1.52786954e+10  3.79428403e+12  7.52891528e+09
 4.84975000e+03  5.00613044e+16  1.98288919e+16  2.69542723e+10  1.60684864e+10  3.79428403e+12  7.52891528e+09
 4.84975000e+03  5.00613044e+16  0.00000000e+00  2.69542723e+10  0.00000000e+00  3.79428403e+12  7.52891528e+09
 4.84977500e+03  5.00031170e+16  5.81364808e+13  2.69229427e+10  4.71113189e+07  3.79428403e+12  7.52891528e+09
 4.84980000e+03  4.99449973e+16  1.16103717e+14  2.68916496e+10  9.40854890e+07  3.79428403e+12  7.52891528e+09
 4.84982500e+03  4.98869451e+16  1.73902082e+14  2.68603928e+10  1.40922814e+08  3.79428403e+12  7.52891528e+09
 4.84985000e+03  4.98289603e+16  2.31531952e+14  2.68291724e+10  1.87623596e+08  3.79428403e+12  7.52891528e+09
 4.84987500e+03  4.97710430e+16  2.88993697e+14  2.67979882e+10  2.34188139e+08  3.79428403e+12  7.52891528e+09
 4.84990000e+03  4.97131930e+16  3.46287692e+14  2.67668403e+10  2.80616743e+08  3.79428403e+12  7.52891528e+09
 4.84992500e+03  4.96554102e+16  4.03414307e+14  2.67357286e+10  3.26909710e+08  3.79428403e+12  7.52891528e+09
 4.84995000e+03  4.95976946e+16  4.60373913e+14  2.67046531e+10  3.73067340e+08  3.79428403e+12  7.52891528e+09
 4.84997500e+03  4.95400461e+16  5.17166881e+14  2.66736137e+10  4.19089933e+08  3.79428403e+12  7.52891528e+09
 4.85000000e+03  4.94824646e+16  5.73793579e+14  2.66426103e+10  4.64977789e+08  3.79428403e+12  7.52891528e+09
 4.85000000e+03  4.94824646e+16  5.73793579e+14  2.66426103e+10  4.64977789e+08  3.79428403e+12  7.52891528e+09
 4.85150000e+03  5.33941263e+16  3.92766952e+15  2.87487479e+10  3.18281548e+09  3.79428403e+12  7.52891528e+09
 4.85300000e+03  5.70421382e+16  7.19730353e+15  3.07129298e+10  5.83238712e+09  3.79428403e+12  7.52891528e+09
 4.85450000e+03  6.04442707e+16  1.03742355e+16  3.25447240e+10  8.40683701e+09  3.79428403e+12  7.52891528e+09
 4.85600000e+03  6.36170962e+16  1.34519851e+16  3.42530535e+10  1.09009137e+10  3.79428403e+12  7.52891528e+09
 4.85750000e+03  6.65760703e+16  1.64257777e+16  3.58462399e+10  1.33107481e+10  3.79428403e+12  7.52891528e+09
 4.85900000e+03  6.93356066e+16  1.92923030e+16  3.73320441e+10  1.56336577e+10  3.79428403e+12  7.52891528e+09
 4.86050000e+03  7.19091476e+16  2.20495024e+16  3.87177036e+10  1.78679742e+10  3.79428403e+12  7.52891528e+09
 4.86200000e+03  7.43092295e+16  2.46963820e+16  4.00099684e+10  2.00128923e+10  3.79428403e+12  7.52891528e+09
 4.86350000e+03  7.65475436e+16  2.72328486e+16  4.12151333e+10  2.20683364e+10  3.79428403e+12  7.52891528e+09
 4.86500000e+03  7.86349931e+16  2.96595660e+16  4.23390689e+10  2.40348444e+10  3.79428403e+12  7.52891528e+09
 4.86500000e+03  7.86349931e+16  2.96595660e+16  4.23390689e+10  2.40348444e+10  3.79428403e+12  7.52138637e+09
 4.86502500e+03  7.85435939e+16  2.96990154e+16  4.22898573e+10  2.40668125e+10  3.79428403e+12  7.52138637e+09
 4.86505000e+03  7.84523009e+16  2.97382897e+16  4.22407028e+10  2.40986387e+10  3.79428403e+12  7.52138637e+09
 4.86507500e+03  7.83611140e+16  2.97773892e+16  4.21916055e+10  2.41303234e+10  3.79428403e+12  7.52138637e+09
 4.86510000e+03  7.82700331e+16  2.98163145e+16  4.21425652e+10  2.41618668e+10  3.79428403e+12  7.52138637e+09
 4.86512500e+03  7.81790581e+16  2.98550660e+16  4.20935820e+10  2.41932693e+10  3.79428403e+12  7.52138637e+09
 4.86515000e+03  7.80881888e+16  2.98936440e+16  4.20446556e+10  2.42245313e+10  3.79428403e+12  7.52138637e+09
 4.86517500e+03  7.79974251e+16  2.99320491e+16  4.19957862e+10  2.42556531e+10  3.79428403e+12  7.52138637e+09
 4.86520000e+03  7.79067670e+16  2.99702815e+16  4.19469735e+10  2.42866350e+10  3.79428403e+12  7.52138637e+09
 4.86522500e+03  7.78162142e+16  3.00083419e+16  4.18982176e+10  2.43174775e+10  3.79428403e+12  7.52138637e+09
 4.86525000e+03  7.77257666e+16  3.00462305e+16  4.18495184e+10  2.43481808e+10  3.79428403e+12  7.52138637e+09
 4.86525000e+03  7.77257666e+16  0.00000000e+00  4.18495184e+10  0.00000000e+00  3.81032039e+12  7.51386498e+09
 4.86620000e+03  7.43655555e+16  3.25010113e+15  4.00402958e+10  2.63374303e+09  3.81032039e+12  7.51386498e+09
 4.86715000e+03  7.11506118e+16  6.15055014e+15  3.83092888e+10  4.98414292e+09  3.81032039e+12  7.51386498e+09
 4.86810000e+03  6.80746554e+16  8.72992158e+15  3.66531160e+10  7.07435528e+09  3.81032039e+12  7.51386498e+09
 4.86905000e+03  6.51316775e+16  1.10146887e+16  3.50685423e+10  8.92583285e+09  3.81032039e+12  7.51386498e+09
 4.87000000e+03  6.23159293e+16  1.30293697e+16  3.35524723e+10  1.05584443e+10  3.81032039e+12  7.51386498e+09
 4.87095000e+03  5.96219105e+16  1.47966650e+16  3.21019444e+10  1.19905849e+10  3.81032039e+12  7.51386498e+09
 4.87190000e+03  5.70443585e+16  1.63375840e+16  3.07141252e+10  1.32392797e+10  3.81032039e+12  7.51386498e+09
 4.87285000e+03  5.45782383e+16  1.76715642e+16  2.93863037e+10  1.43202802e+10  3.81032039e+12  7.51386498e+09
 4.87380000e+03  5.22187324e+16  1.88165815e+16  2.81158861e+10  1.52481533e+10  3.81032039e+12  7.51386498e+09
 4.87475000e+03  4.99612318e+16  1.97892539e+16  2.69003907e+10  1.60363655e+10  3.81032039e+12  7.51386498e+09
 4.87475000e+03  4.99612318e+16  0.00000000e+00  2.69003907e+10  0.00000000e+00  3.81032039e+12  7.51386498e+09
 4.87477500e+03  4.99031608e+16  5.80202659e+13  2.68691238e+10  4.70171434e+07  3.81032039e+12  7.51386498e+09
 4.87480000e+03  4.98451572e+16  1.15871625e+14  2.68378932e+10  9.38974121e+07  3.81032039e+12  7.51386498e+09
 4.87482500e+03  4.97872210e+16  1.73554452e+14  2.68066989e+10  1.40641109e+08  3.81032039e+12  7.51386498e+09
 4.87485000e+03  4.97293522e+16  2.31069119e+14  2.67755409e+10  1.87248537e+08  3.81032039e+12  7.51386498e+09
 4.87487500e+03  4.96715507e+16  2.88415999e+14  2.67444191e+10  2.33719997e+08  3.81032039e+12  7.51386498e+09
 4.87490000e+03  4.96138163e+16  3.45595463e+14  2.67133334e+10  2.80055790e+08  3.81032039e+12  7.51386498e+09
 4.87492500e+03  4.95561491e+16  4.02607882e+14  2.66822839e+10  3.26256217e+08  3.81032039e+12  7.51386498e+09
 4.87495000e+03  4.94985488e+16  4.59453626e+14  2.66512705e+10  3.72321578e+08  3.81032039e+12  7.51386498e+09
 4.87497500e+03  4.94410155e+16  5.16133064e+14  2.66202931e+10  4.18252172e+08  3.81032039e+12  7.51386498e+09
 4.87500000e+03  4.93835491e+16  5.72646565e+14  2.65893517e+10  4.64048298e+08  3.81032039e+12  7.51386498e+09
 4.87500000e+03  4.93835491e+16  5.72646565e+14  2.65893517e+10  4.64048298e+08  3.81032039e+12  7.51386498e+09
 4.87650000e+03  5.32873914e+16  3.91981811e+15  2.86912791e+10  3.17645304e+09  3.81032039e+12  7.51386498e+09
 4.87800000e+03  5.69281110e+16  7.18291612e+15  3.06515346e+10  5.82072818e+09  3.81032039e+12  7.51386498e+09
 4.87950000e+03  6.03234426e+16  1.03534974e+16  3.24796671e+10  8.39003174e+09  3.81032039e+12  7.51386498e+09
 4.88100000e+03  6.34899257e+16  1.34250946e+16  3.41845816e+10  1.08791228e+10  3.81032039e+12  7.51386498e+09
 4.88250000e+03  6.64429847e+16  1.63929426e+16  3.57745833e+10  1.32841400e+10  3.81032039e+12  7.51386498e+09
 4.88400000e+03  6.91970048e+16  1.92537377e+16  3.72574173e+10  1.56024060e+10  3.81032039e+12  7.51386498e+09
 4.88550000e+03  7.17654012e+16  2.20054254e+16  3.86403069e+10  1.78322561e+10  3.81032039e+12  7.51386498e+09
 4.88700000e+03  7.41606853e+16  2.46470139e+16  3.99299885e+10  1.99728865e+10  3.81032039e+12  7.51386498e+09
 4.88850000e+03  7.63945250e+16  2.71784101e+16  4.11327442e+10  2.20242218e+10  3.81032039e+12  7.51386498e+09
 4.89000000e+03  7.84778018e+16  2.96002765e+16  4.22544331e+10  2.39867988e+10  3.81032039e+12  7.51386498e+09
 4.89000000e+03  7.84778018e+16  2.96002765e+16  4.22544331e+10  2.39867988e+10  3.81032039e+12  7.50635112e+09
 4.89002500e+03  7.83865852e+16  2.96396470e+16  4.22053198e+10  2.40187030e+10  3.81032039e+12  7.50635112e+09
 4.89005000e+03  7.82954747e+16  2.96788428e+16  4.21562636e+10  2.40504656e+10  3.81032039e+12  7.50635112e+09
 4.89007500e+03  7.82044701e+16  2.97178642e+16  4.21072645e+10  2.40820868e+10  3.81032039e+12  7.50635112e+09
 4.89010000e+03  7.81135713e+16  2.97567117e+16  4.20583222e+10  2.41135672e+10  3.81032039e+12  7.50635112e+09
 4.89012500e+03  7.80227781e+16  2.97953857e+16  4.20094369e+10  2.41449069e+10  3.81032039e+12  7.50635112e+09
 4.89015000e+03  7.79320905e+16  2.98338866e+16  4.19606084e+10  2.41761064e+10  3.81032039e+12  7.50635112e+09
 4.89017500e+03  7.78415083e+16  2.98722149e+16  4.19118366e+10  2.42071660e+10  3.81032039e+12  7.50635112e+09
 4.89020000e+03  7.77510313e+16  2.99103710e+16  4.18631215e+10  2.42380861e+10  3.81032039e+12  7.50635112e+09
 4.89022500e+03  7.76606595e+16  2.99483552e+16  4.18144631e+10  2.42688669e+10  3.81032039e+12  7.50635112e+09
 4.89025000e+03  7.75703928e+16  2.99861681e+16  4.17658612e+10  2.42995088e+10  3.81032039e+12  7.50635112e+09
 4.89025000e+03  7.75703928e+16  0.00000000e+00  4.17658612e+10  0.00000000e+00  3.82632470e+12  7.49884477e+09
 4.89120000e+03  7.42168988e+16  3.24360418e+15  3.99602552e+10  2.62847818e+09  3.82632470e+12  7.49884477e+09
 4.89215000e+03  7.10083817e+16  6.13825519e+15  3.82327085e+10  4.97417962e+09  3.82632470e+12  7.49884477e+09
 4.89310000e+03  6.79385741e+16  8.71247047e+15  3.65798464e+10  7.06021364e+09  3.82632470e+12  7.49884477e+09
 4.89405000e+03  6.50014793e+16  1.09926703e+16  3.49984403e+10  8.90799011e+09  3.82632470e+12  7.49884477e+09
 4.89500000e+03  6.21913598e+16  1.30033240e+16  3.34854009e+10  1.05373380e+10  3.82632470e+12  7.49884477e+09
 4.89595000e+03  5.95027263e+16  1.47670865e+16  3.20377726e+10  1.19666157e+10  3.82632470e+12  7.49884477e+09
 4.89690000e+03  5.69303268e+16  1.63049252e+16  3.06527277e+10  1.32128144e+10  3.82632470e+12  7.49884477e+09
 4.89785000e+03  5.44691364e+16  1.76362387e+16  2.93275605e+10  1.42916540e+10  3.82632470e+12  7.49884477e+09
 4.89880000e+03  5.21143472e+16  1.87789671e+16  2.80596825e+10  1.52176722e+10  3.82632470e+12  7.49884477e+09
 4.89975000e+03  4.98613593e+16  1.97496952e+16  2.68466168e+10  1.60043088e+10  3.82632470e+12  7.49884477e+09
 4.89975000e+03  4.98613593e+16  0.00000000e+00  2.68466168e+10  0.00000000e+00  3.82632470e+12  7.49884477e+09
 4.89977500e+03  4.98034044e+16  5.79042834e+13  2.68154124e+10  4.69231561e+07  3.82632470e+12  7.49884477e+09
 4.89980000e+03  4.97455167e+16  1.15639998e+14  2.67842442e+10  9.37097112e+07  3.82632470e+12  7.49884477e+09
 4.89982500e+03  4.96876964e+16  1.73207517e+14  2.67531123e+10  1.40359968e+08  3.82632470e+12  7.49884477e+09
 4.89985000e+03  4.96299433e+16  2.30607212e+14  2.67220166e+10  1.86874227e+08  3.82632470e+12  7.49884477e+09
 4.89987500e+03  4.95722573e+16  2.87839455e+14  2.66909570e+10  2.33252791e+08  3.82632470e+12  7.49884477e+09
 4.89990000e+03  4.95146383e+16  3.44904618e+14  2.66599335e+10  2.79495959e+08  3.82632470e+12  7.49884477e+09
 4.89992500e+03  4.94570863e+16  4.01803069e+14  2.66289460e+10  3.25604031e+08  3.82632470e+12  7.49884477e+09
 4.89995000e+03  4.93996012e+16  4.58535178e+14  2.65979946e+10  3.71577308e+08  3.82632470e+12  7.49884477e+09
 4.89997500e+03  4.93421830e+16  5.15101314e+14  2.65670791e+10  4.17416086e+08  3.82632470e+12  7.49884477e+09
 4.90000000e+03  4.92848314e+16  5.71501845e+14  2.65361996e+10  4.63120665e+08  3.82632470e+12  7.49884477e+09
 4.90000000e+03  4.92848314e+16  5.71501845e+14  2.65361996e+10  4.63120665e+08  3.82632470e+12  7.49884477e+09
 4.90150000e+03  5.31808699e+16  3.91198239e+15  2.86339253e+10  3.17010331e+09  3.82632470e+12  7.49884477e+09
 4.90300000e+03  5.68143117e+16  7.16855747e+15  3.05902622e+10  5.80909254e+09  3.82632470e+12  7.49884477e+09
 4.90450000e+03  6.02028561e+16  1.03328008e+16  3.24147402e+10  8.37326007e+09  3.82632470e+12  7.49884477e+09
 4.90600000e+03  6.33630093e+16  1.33982578e+16  3.41162466e+10  1.08573754e+10  3.82632470e+12  7.49884477e+09
 4.90750000e+03  6.63101652e+16  1.63601731e+16  3.57030699e+10  1.32575850e+10  3.82632470e+12  7.49884477e+09
 4.90900000e+03  6.90586800e+16  1.92152495e+16  3.71829397e+10  1.55712168e+10  3.82632470e+12  7.49884477e+09
 4.91050000e+03  7.16219422e+16  2.19614366e+16  3.85630650e+10  1.77966094e+10  3.82632470e+12  7.49884477e+09
 4.91200000e+03  7.40124381e+16  2.45977445e+16  3.98501684e+10  1.99329607e+10  3.82632470e+12  7.49884477e+09
 4.91350000e+03  7.62418124e+16  2.71240805e+16  4.10505199e+10  2.19801954e+10  3.82632470e+12  7.49884477e+09
 4.91500000e+03  7.83209246e+16  2.95411055e+16  4.21699665e+10  2.39388492e+10  3.82632470e+12  7.49884477e+09
 4.91500000e+03  7.83209246e+16  2.95411055e+16  4.21699665e+10  2.39388492e+10  3.82632470e+12  7.49134592e+09
 4.91502500e+03  7.82298905e+16  2.95803974e+16  4.21209514e+10  2.39706896e+10  3.82632470e+12  7.49134592e+09
 4.91505000e+03  7.81389621e+16  2.96195148e+16  4.20719933e+10  2.40023887e+10  3.82632470e+12  7.49134592e+09
 4.91507500e+03  7.80481394e+16  2.96584582e+16  4.20230920e+10  2.40339468e+10  3.82632470e+12  7.49134592e+09
 4.91510000e+03  7.79574223e+16  2.96972281e+16  4.19742477e+10  2.40653642e+10  3.82632470e+12  7.49134592e+09
 4.91512500e+03  7.78668106e+16  2.97358247e+16  4.19254600e+10  2.40966413e+10  3.82632470e+12  7.49134592e+09
 4.91515000e+03  7.77763043e+16  2.97742487e+16  4.18767291e+10  2.41277784e+10  3.82632470e+12  7.49134592e+09
 4.91517500e+03  7.76859031e+16  2.98125004e+16  4.18280549e+10  2.41587759e+10  3.82632470e+12  7.49134592e+09
 4.91520000e+03  7.75956070e+16  2.98505801e+16  4.17794372e+10  2.41896341e+10  3.82632470e+12  7.49134592e+09
 4.91522500e+03  7.75054159e+16  2.98884884e+16  4.17308760e+10  2.42203534e+10  3.82632470e+12  7.49134592e+09
 4.91525000e+03  7.74153296e+16  2.99262257e+16  4.16823712e+10  2.42509341e+10  3.82632470e+12  7.49134592e+09
 4.91525000e+03  7.74153296e+16  0.00000000e+00  4.16823712e+10  0.00000000e+00  3.84229702e+12  7.48385458e+09
 4.91620000e+03  7.40685392e+16  3.23712022e+15  3.98803747e+10  2.62322385e+09  3.84229702e+12  7.48385458e+09
 4.91715000e+03  7.08664360e+16  6.12598481e+15  3.81562813e+10  4.96423623e+09  3.84229702e+12  7.48385458e+09
 4.91810000e+03  6.78027649e+16  8.69505424e+15  3.65067233e+10  7.04610028e+09  3.84229702e+12  7.48385458e+09
 4.91905000e+03  6.48715413e+16  1.09706959e+16  3.49284784e+10  8.89018304e+09  3.84229702e+12  7.48385458e+09
 4.92000000e+03  6.20670392e+16  1.29773304e+16  3.34184636e+10  1.05162738e+10  3.84229702e+12  7.48385458e+09
 4.92095000e+03  5.93837804e+16  1.47375671e+16  3.19737291e+10  1.19426944e+10  3.84229702e+12  7.48385458e+09
 4.92190000e+03  5.68165231e+16  1.62723317e+16  3.05914529e+10  1.31864020e+10  3.84229702e+12  7.48385458e+09
 4.92285000e+03  5.43602526e+16  1.76009839e+16  2.92689347e+10  1.42630849e+10  3.84229702e+12  7.48385458e+09
 4.92380000e+03  5.20101706e+16  1.87414280e+16  2.80035912e+10  1.51872521e+10  3.84229702e+12  7.48385458e+09
 4.92475000e+03  4.97616865e+16  1.97102156e+16  2.67929504e+10  1.59723162e+10  3.84229702e+12  7.48385458e+09
 4.92475000e+03  4.97616865e+16  0.00000000e+00  2.67929504e+10  0.00000000e+00  3.84229702e+12  7.48385458e+09
 4.92477500e+03  4.97038473e+16  5.77885328e+13  2.67618084e+10  4.68293567e+07  3.84229702e+12  7.48385458e+09
 4.92480000e+03  4.96460754e+16  1.15408834e+14  2.67307025e+10  9.35223855e+07  3.84229702e+12  7.48385458e+09
 4.92482500e+03  4.95883707e+16  1.72861275e+14  2.66996328e+10  1.40079388e+08  3.84229702e+12  7.48385458e+09
 4.92485000e+03  4.95307330e+16  2.30146228e+14  2.66685993e+10  1.86500666e+08  3.84229702e+12  7.48385458e+09
 4.92487500e+03  4.94731623e+16  2.87264064e+14  2.66376017e+10  2.32786518e+08  3.84229702e+12  7.48385458e+09
 4.92490000e+03  4.94156585e+16  3.44215153e+14  2.66066402e+10  2.78937246e+08  3.84229702e+12  7.48385458e+09
 4.92492500e+03  4.93582216e+16  4.00999864e+14  2.65757147e+10  3.24953149e+08  3.84229702e+12  7.48385458e+09
 4.92495000e+03  4.93008514e+16  4.57618566e+14  2.65448252e+10  3.70834524e+08  3.84229702e+12  7.48385458e+09
 4.92497500e+03  4.92435479e+16  5.14071627e+14  2.65139715e+10  4.16581671e+08  3.84229702e+12  7.48385458e+09
 4.92500000e+03  4.91863110e+16  5.70359413e+14  2.64831538e+10  4.62194887e+08  3.84229702e+12  7.48385458e+09
 4.92500000e+03  4.91863110e+16  5.70359413e+14  2.64831538e+10  4.62194887e+08  3.84229702e+12  7.48385458e+09
 4.92650000e+03  5.30745614e+16  3.90416234e+15  2.85766861e+10  3.16376627e+09  3.84229702e+12  7.48385458e+09
 4.92800000e+03  5.67007399e+16  7.15422752e+15  3.05291123e+10  5.79748017e+09  3.84229702e+12  7.48385458e+09
 4.92950000e+03  6.00825106e+16  1.03121455e+16  3.23499431e+10  8.35652192e+09  3.84229702e+12  7.48385458e+09
 4.93100000e+03  6.32363466e+16  1.33714747e+16  3.40480482e+10  1.08356715e+10  3.84229702e+12  7.48385458e+09
 4.93250000e+03  6.61776112e+16  1.63274691e+16  3.56316994e+10  1.32310830e+10  3.84229702e+12  7.48385458e+09
 4.93400000e+03  6.89206317e+16  1.91768382e+16  3.71086110e+10  1.55400900e+10  3.84229702e+12  7.48385458e+09
 4.93550000e+03  7.14787699e+16  2.19175357e+16  3.84859774e+10  1.77610340e+10  3.84229702e+12  7.48385458e+09
 4.93700000e+03  7.38644873e+16  2.45485736e+16  3.97705079e+10  1.98931147e+10  3.84229702e+12  7.48385458e+09
 4.93850000e+03  7.60894050e+16  2.70698594e+16  4.09684599e+10  2.19362570e+10  3.84229702e+12  7.48385458e+09
 4.94000000e+03  7.81643611e+16  2.94820529e+16  4.20856687e+10  2.38909954e+10  3.84229702e+12  7.48385458e+09
 4.94000000e+03  7.81643611e+16  2.94820529e+16  4.20856687e+10  2.38909954e+10  3.84229702e+12  7.47637072e+09
 4.94002500e+03  7.80735089e+16  2.95212662e+16  4.20367516e+10  2.39227722e+10  3.84229702e+12  7.47637072e+09
 4.94005000e+03  7.79827623e+16  2.95603054e+16  4.19878914e+10  2.39544079e+10  3.84229702e+12  7.47637072e+09
 4.94007500e+03  7.78921212e+16  2.95991710e+16  4.19390879e+10  2.39859029e+10  3.84229702e+12  7.47637072e+09
 4.94010000e+03  7.78015854e+16  2.96378633e+16  4.18903411e+10  2.40172575e+10  3.84229702e+12  7.47637072e+09
 4.94012500e+03  7.77111549e+16  2.96763828e+16  4.18416510e+10  2.40484721e+10  3.84229702e+12  7.47637072e+09
 4.94015000e+03  7.76208294e+16  2.97147300e+16  4.17930175e+10  2.40795470e+10  3.84229702e+12  7.47637072e+09
 4.94017500e+03  7.75306090e+16  2.97529052e+16  4.17444406e+10  2.41104825e+10  3.84229702e+12  7.47637072e+09
 4.94020000e+03  7.74404934e+16  2.97909088e+16  4.16959201e+10  2.41412791e+10  3.84229702e+12  7.47637072e+09
 4.94022500e+03  7.73504826e+16  2.98287414e+16  4.16474560e+10  2.41719369e+10  3.84229702e+12  7.47637072e+09
 4.94025000e+03  7.72605763e+16  2.98664032e+16  4.15990482e+10  2.42024565e+10  3.84229702e+12  7.47637072e+09
 4.94025000e+03  7.72605763e+16  0.00000000e+00  4.15990482e+10  0.00000000e+00  3.85823741e+12  7.46889435e+09
 4.94120000e+03  7.39204762e+16  3.23064921e+15  3.98006538e+10  2.61798002e+09  3.85823741e+12  7.46889435e+09
 4.94215000e+03  7.07247740e+16  6.11373897e+15  3.80800069e+10  4.95431272e+09  3.85823741e+12  7.46889435e+09
 4.94310000e+03  6.76672272e+16  8.67767283e+15  3.64337464e+10  7.03201512e+09  3.85823741e+12  7.46889435e+09
 4.94405000e+03  6.47418631e+16  1.09487655e+16  3.48586564e+10  8.87241157e+09  3.85823741e+12  7.46889435e+09
 4.94500000e+03  6.19429672e+16  1.29513887e+16  3.33516601e+10  1.04952518e+10  3.85823741e+12  7.46889435e+09
 4.94595000e+03  5.92650722e+16  1.47081067e+16  3.19098136e+10  1.19188210e+10  3.85823741e+12  7.46889435e+09
 4.94690000e+03  5.67029469e+16  1.62398033e+16  3.05303006e+10  1.31600424e+10  3.85823741e+12  7.46889435e+09
 4.94785000e+03  5.42515864e+16  1.75657995e+16  2.92104261e+10  1.42345730e+10  3.85823741e+12  7.46889435e+09
 4.94880000e+03  5.19062023e+16  1.87039639e+16  2.79476120e+10  1.51568928e+10  3.85823741e+12  7.46889435e+09
 4.94975000e+03  4.96622129e+16  1.96708149e+16  2.67393913e+10  1.59403875e+10  3.85823741e+12  7.46889435e+09
 4.94975000e+03  4.96622129e+16  0.00000000e+00  2.67393913e+10  0.00000000e+00  3.85823741e+12  7.46889435e+09
 4.94977500e+03  4.96044894e+16  5.76730135e+13  2.67083115e+10  4.67357448e+07  3.85823741e+12  7.46889435e+09
 4.94980000e+03  4.95468329e+16  1.15178131e+14  2.66772679e+10  9.33354342e+07  3.85823741e+12  7.46889435e+09
 4.94982500e+03  4.94892435e+16  1.72515725e+14  2.66462603e+10  1.39799369e+08  3.85823741e+12  7.46889435e+09
 4.94985000e+03  4.94317211e+16  2.29686166e+14  2.66152887e+10  1.86127851e+08  3.85823741e+12  7.46889435e+09
 4.94987500e+03  4.93742655e+16  2.86689823e+14  2.65843532e+10  2.32321178e+08  3.85823741e+12  7.46889435e+09
 4.94990000e+03  4.93168766e+16  3.43527067e+14  2.65534536e+10  2.78379651e+08  3.85823741e+12  7.46889435e+09
 4.94992500e+03  4.92595545e+16  4.00198266e+14  2.65225899e+10  3.24303567e+08  3.85823741e+12  7.46889435e+09
 4.94995000e+03  4.92022990e+16  4.56703787e+14  2.64917621e+10  3.70093226e+08  3.85823741e+12  7.46889435e+09
 4.94997500e+03  4.91451101e+16  5.13043997e+14  2.64609701e+10  4.15748925e+08  3.85823741e+12  7.46889435e+09
 4.95000000e+03  4.90879876e+16  5.69219264e+14  2.64302139e+10  4.61270960e+08  3.85823741e+12  7.46889435e+09
 4.95000000e+03  4.90879876e+16  5.69219264e+14  2.64302139e+10  4.61270960e+08  3.85823741e+12  7.46889435e+09
 4.95150000e+03  5.29684653e+16  3.89635792e+15  2.85195613e+10  3.15744190e+09  3.85823741e+12  7.46889435e+09
 4.95300000e+03  5.65873951e+16  7.13992622e+15  3.04680846e+10  5.78589101e+09  3.85823741e+12  7.46889435e+09
 4.95450000e+03  5.99624056e+16  1.02915315e+16  3.22852756e+10  8.33981723e+09  3.85823741e+12  7.46889435e+09
 4.95600000e+03  6.31099372e+16  1.33447451e+16  3.39799862e+10  1.08140110e+10  3.85823741e+12  7.46889435e+09
 4.95750000e+03  6.60453221e+16  1.62948305e+16  3.55604717e+10  1.32046341e+10  3.85823741e+12  7.46889435e+09
 4.95900000e+03  6.87828593e+16  1.91385037e+16  3.70344309e+10  1.55090253e+10  3.85823741e+12  7.46889435e+09
 4.96050000e+03  7.13358839e+16  2.18737225e+16  3.84090439e+10  1.77255297e+10  3.85823741e+12  7.46889435e+09
 4.96200000e+03  7.37168322e+16  2.44995010e+16  3.96910067e+10  1.98533484e+10  3.85823741e+12  7.46889435e+09
 4.96350000e+03  7.59373023e+16  2.70157468e+16  4.08865639e+10  2.18924064e+10  3.85823741e+12  7.46889435e+09
 4.96500000e+03  7.80081105e+16  2.94231182e+16  4.20015395e+10  2.38432373e+10  3.85823741e+12  7.46889435e+09
 4.96500000e+03  7.80081105e+16  2.94231182e+16  4.20015395e+10  2.38432373e+10  3.85823741e+12  7.46142546e+09
 4.96502500e+03  7.79174400e+16  2.94622532e+16  4.19527202e+10  2.38749506e+10  3.85823741e+12  7.46142546e+09
 4.96505000e+03  7.78268748e+16  2.95012143e+16  4.19039576e+10  2.39065230e+10  3.85823741e+12  7.46142546e+09
 4.96507500e+03  7.77364148e+16  2.95400022e+16  4.18552516e+10  2.39379551e+10  3.85823741e+12  7.46142546e+09
 4.96510000e+03  7.76460600e+16  2.95786172e+16  4.18066023e+10  2.39692470e+10  3.85823741e+12  7.46142546e+09
 4.96512500e+03  7.75558103e+16  2.96170597e+16  4.17580096e+10  2.40003992e+10  3.85823741e+12  7.46142546e+09
 4.96515000e+03  7.74656654e+16  2.96553302e+16  4.17094733e+10  2.40314120e+10  3.85823741e+12  7.46142546e+09
 4.96517500e+03  7.73756253e+16  2.96934291e+16  4.16609934e+10  2.40622857e+10  3.85823741e+12  7.46142546e+09
 4.96520000e+03  7.72856899e+16  2.97313568e+16  4.16125699e+10  2.40930206e+10  3.85823741e+12  7.46142546e+09
 4.96522500e+03  7.71958589e+16  2.97691137e+16  4.15642027e+10  2.41236172e+10  3.85823741e+12  7.46142546e+09
 4.96525000e+03  7.71061325e+16  2.98067003e+16  4.15158917e+10  2.41540758e+10  3.85823741e+12  7.46142546e+09
 4.96525000e+03  7.71061325e+16  0.00000000e+00  4.15158917e+10  0.00000000e+00  3.87414593e+12  7.45396403e+09
 4.96620000e+03  7.37727092e+16  3.22419114e+15  3.97210923e+10  2.61274668e+09  3.87414593e+12  7.45396403e+09
 4.96715000e+03  7.05833952e+16  6.10151761e+15  3.80038850e+10  4.94440905e+09  3.87414593e+12  7.45396403e+09
 4.96810000e+03  6.75319604e+16  8.66032616e+15  3.63609153e+10  7.01795812e+09  3.87414593e+12  7.45396403e+09
 4.96905000e+03  6.46124441e+16  1.09268789e+16  3.47889739e+10  8.85467561e+09  3.87414593e+12  7.45396403e+09
 4.97000000e+03  6.18191432e+16  1.29254989e+16  3.32849901e+10  1.04742718e+10  3.87414593e+12  7.45396403e+09
 4.97095000e+03  5.91466013e+16  1.46787052e+16  3.18460259e+10  1.18949952e+10  3.87414593e+12  7.45396403e+09
 4.97190000e+03  5.65895977e+16  1.62073399e+16  3.04692705e+10  1.31337355e+10  3.87414593e+12  7.45396403e+09
 4.97285000e+03  5.41431375e+16  1.75306855e+16  2.91520345e+10  1.42061181e+10  3.87414593e+12  7.45396403e+09
 4.97380000e+03  5.18024418e+16  1.86665747e+16  2.78917447e+10  1.51265942e+10  3.87414593e+12  7.45396403e+09
 4.97475000e+03  4.95629381e+16  1.96314929e+16  2.66859393e+10  1.59085227e+10  3.87414593e+12  7.45396403e+09
 4.97475000e+03  4.95629381e+16  0.00000000e+00  2.66859393e+10  0.00000000e+00  3.87414593e+12  7.45396403e+09
 4.97477500e+03  4.95053300e+16  5.75577251e+13  2.66549216e+10  4.66423201e+07  3.87414593e+12  7.45396403e+09
 4.97480000e+03  4.94477888e+16  1.14947890e+14  2.66239400e+10  9.31488567e+07  3.87414593e+12  7.45396403e+09
 4.97482500e+03  4.93903145e+16  1.72170866e+14  2.65929944e+10  1.39519910e+08  3.87414593e+12  7.45396403e+09
 4.97485000e+03  4.93329071e+16  2.29227023e+14  2.65620848e+10  1.85755781e+08  3.87414593e+12  7.45396403e+09
 4.97487500e+03  4.92755663e+16  2.86116731e+14  2.65312110e+10  2.31856768e+08  3.87414593e+12  7.45396403e+09
 4.97490000e+03  4.92182922e+16  3.42840357e+14  2.65003732e+10  2.77823170e+08  3.87414593e+12  7.45396403e+09
 4.97492500e+03  4.91610847e+16  3.99398269e+14  2.64695712e+10  3.23655285e+08  3.87414593e+12  7.45396403e+09
 4.97495000e+03  4.91039436e+16  4.55790836e+14  2.64388051e+10  3.69353410e+08  3.87414593e+12  7.45396403e+09
 4.97497500e+03  4.90468690e+16  5.12018422e+14  2.64080746e+10  4.14917843e+08  3.87414593e+12  7.45396403e+09
 4.97500000e+03  4.89898607e+16  5.68081395e+14  2.63773799e+10  4.60348879e+08  3.87414593e+12  7.45396403e+09
 4.97500000e+03  4.89898607e+16  5.68081395e+14  2.63773799e+10  4.60348879e+08  3.87414593e+12  7.45396403e+09
 4.97650000e+03  5.28625814e+16  3.88856910e+15  2.84625507e+10  3.15113018e+09  3.87414593e+12  7.45396403e+09
 4.97800000e+03  5.64742769e+16  7.12565351e+15  3.04071789e+10  5.77432501e+09  3.87414593e+12  7.45396403e+09
 4.97950000e+03  5.98425408e+16  1.02709588e+16  3.22207373e+10  8.32314594e+09  3.87414593e+12  7.45396403e+09
 4.98100000e+03  6.29837804e+16  1.33180690e+16  3.39120602e+10  1.07923938e+10  3.87414593e+12  7.45396403e+09
 4.98250000e+03  6.59132975e+16  1.62622572e+16  3.54893863e+10  1.31782380e+10  3.87414593e+12  7.45396403e+09
 4.98400000e+03  6.86453624e+16  1.91002459e+16  3.69603991e+10  1.54780228e+10  3.87414593e+12  7.45396403e+09
 4.98550000e+03  7.11932834e+16  2.18299970e+16  3.83322642e+10  1.76900964e+10  3.87414593e+12  7.45396403e+09
 4.98700000e+03  7.35694722e+16  2.44505265e+16  3.96116644e+10  1.98136615e+10  3.87414593e+12  7.45396403e+09
 4.98850000e+03  7.57855036e+16  2.69617423e+16  4.08048317e+10  2.18486435e+10  3.87414593e+12  7.45396403e+09
 4.99000000e+03  7.78521723e+16  2.93643014e+16  4.19175784e+10  2.37955747e+10  3.87414593e+12  7.45396403e+09
 4.99000000e+03  7.78521723e+16  2.93643014e+16  4.19175784e+10  2.37955747e+10  3.87414593e+12  7.44651007e+09
 4.99002500e+03  7.77616830e+16  2.94033581e+16  4.18688567e+10  2.38272245e+10  3.87414593e+12  7.44651007e+09
 4.99005000e+03  7.76712988e+16  2.94422414e+16  4.18201916e+10  2.38587339e+10  3.87414593e+12  7.44651007e+09
 4.99007500e+03  7.75810197e+16  2.94809518e+16  4.17715830e+10  2.38901031e+10  3.87414593e+12  7.44651007e+09
 4.99010000e+03  7.74908456e+16  2.95194896e+16  4.17230309e+10  2.39213325e+10  3.87414593e+12  7.44651007e+09
 4.99012500e+03  7.74007762e+16  2.95578552e+16  4.16745353e+10  2.39524224e+10  3.87414593e+12  7.44651007e+09
 4.99015000e+03  7.73108115e+16  2.95960492e+16  4.16260961e+10  2.39833732e+10  3.87414593e+12  7.44651007e+09
 4.99017500e+03  7.72209514e+16  2.96340719e+16  4.15777131e+10  2.40141852e+10  3.87414593e+12  7.44651007e+09
 4.99020000e+03  7.71311958e+16  2.96719238e+16  4.15293864e+10  2.40448587e+10  3.87414593e+12  7.44651007e+09
 4.99022500e+03  7.70415444e+16  2.97096052e+16  4.14811159e+10  2.40753941e+10  3.87414593e+12  7.44651007e+09
 4.99025000e+03  7.69519973e+16  2.97471167e+16  4.14329014e+10  2.41057918e+10  3.87414593e+12  7.44651007e+09
 4.99025000e+03  7.69519973e+16  0.00000000e+00  4.14329014e+10  0.00000000e+00  3.89002265e+12  7.43906356e+09
 4.99120000e+03  7.36252375e+16  3.21774599e+15  3.96416898e+10  2.60752380e+09  3.89002265e+12  7.43906356e+09
 4.99215000e+03  7.04422990e+16  6.08932067e+15  3.79279152e+10  4.93452518e+09  3.89002265e+12  7.43906356e+09
 4.99310000e+03  6.73969640e+16  8.64301417e+15  3.62882298e+10  7.00392923e+09  3.89002265e+12  7.43906356e+09
 4.99405000e+03  6.44832838e+16  1.09050361e+16  3.47194308e+10  8.83697512e+09  3.89002265e+12  7.43906356e+09
 4.99500000e+03  6.16955668e+16  1.28996608e+16  3.32184534e+10  1.04533337e+10  3.89002265e+12  7.43906356e+09
 4.99595000e+03  5.90283672e+16  1.46493625e+16  3.17823657e+10  1.18712171e+10  3.89002265e+12  7.43906356e+09
 4.99690000e+03  5.64764751e+16  1.61749414e+16  3.04083624e+10  1.31074811e+10  3.89002265e+12  7.43906356e+09
 4.99785000e+03  5.40349054e+16  1.74956416e+16  2.90937596e+10  1.41777201e+10  3.89002265e+12  7.43906356e+09
 4.99880000e+03  5.16988887e+16  1.86292602e+16  2.78359891e+10  1.50963561e+10  3.89002265e+12  7.43906356e+09
 4.99975000e+03  4.94638618e+16  1.95922495e+16  2.66325941e+10  1.58767215e+10  3.89002265e+12  7.43906356e+09
 4.99975000e+03  4.94638618e+16  0.00000000e+00  2.66325941e+10  0.00000000e+00  3.89002265e+12  7.43906356e+09
 4.99977500e+03  4.94063688e+16  5.74426672e+13  2.66016384e+10  4.65490821e+07  3.89002265e+12  7.43906356e+09
 4.99980000e+03  4.93489427e+16  1.14718109e+14  2.65707187e+10  9.29626522e+07  3.89002265e+12  7.43906356e+09
 4.99982500e+03  4.92915833e+16  1.71826697e+14  2.65398350e+10  1.39241010e+08  3.89002265e+12  7.43906356e+09
 4.99985000e+03  4.92342906e+16  2.28768799e+14  2.65089872e+10  1.85384455e+08  3.89002265e+12  7.43906356e+09
 4.99987500e+03  4.91770644e+16  2.85544783e+14  2.64781752e+10  2.31393286e+08  3.89002265e+12  7.43906356e+09
 4.99990000e+03  4.91199048e+16  3.42155019e+14  2.64473990e+10  2.77267801e+08  3.89002265e+12  7.43906356e+09
 4.99992500e+03  4.90628117e+16  3.98599872e+14  2.64166586e+10  3.23008298e+08  3.89002265e+12  7.43906356e+09
 4.99995000e+03  4.90057848e+16  4.54879710e+14  2.63859539e+10  3.68615072e+08  3.89002265e+12  7.43906356e+09
 4.99997500e+03  4.89488243e+16  5.10994898e+14  2.63552849e+10  4.14088422e+08  3.89002265e+12  7.43906356e+09
 5.00000000e+03  4.88919300e+16  5.66945800e+14  2.63246516e+10  4.59428642e+08  3.89002265e+12  7.43906356e+09
