# time Anum Bnum Aact Bact Bcum inventory
# 8800 7
# 8800 7
 0.00000000e+00  0.00000000e+00  0.00000000e+00  0.00000000e+00  0.00000000e+00  0.00000000e+00  1.11000000e+10
 1.30000000e+00  9.30227048e+15  2.75647549e+14  5.00857768e+09  2.23372990e+08  0.00000000e+00  1.11000000e+10
 2.60000000e+00  1.80586505e+16  1.04885857e+15  9.72323412e+09  8.49950150e+08  0.00000000e+00  1.11000000e+10
 3.90000000e+00  2.63011749e+16  2.24573896e+15  1.41612177e+10  1.81985086e+09  0.00000000e+00  1.11000000e+10
 5.20000000e+00  3.40599984e+16  3.80061949e+15  1.83387645e+10  3.07985957e+09  0.00000000e+00  1.11000000e+10
 6.50000000e+00  4.13635065e+16  5.65523479e+15  2.22711580e+10  4.58276053e+09  0.00000000e+00  1.11000000e+10
 7.80000000e+00  4.82384187e+16  7.75798007e+15  2.59727845e+10  6.28673542e+09  0.00000000e+00  1.11000000e+10
 9.10000000e+00  5.47098864e+16  1.00632382e+16  2.94571864e+10  8.15481807e+09  0.00000000e+00  1.11000000e+10
 1.04000000e+01  6.08015853e+16  1.25307709e+16  3.27371112e+10  1.01544011e+10  0.00000000e+00  1.11000000e+10
 1.17000000e+01  6.65358016e+16  1.51251680e+16  3.58245582e+10  1.22567896e+10  0.00000000e+00  1.11000000e+10
 1.30000000e+01  7.19335135e+16  1.78153496e+16  3.87308228e+10  1.44367978e+10  0.00000000e+00  1.11000000e+10
 1.30000000e+01  7.19335135e+16  1.78153496e+16  3.87308228e+10  1.44367978e+10  0.00000000e+00  1.10889000e+10
 1.30250000e+01  7.18499036e+16  1.78677302e+16  3.86858051e+10  1.44792448e+10  0.00000000e+00  1.10889000e+10
 1.30500000e+01  7.17663908e+16  1.79199221e+16  3.86408397e+10  1.45215389e+10  0.00000000e+00  1.10889000e+10
 1.30750000e+01  7.16829751e+16  1.79719258e+16  3.85959266e+10  1.45636804e+10  0.00000000e+00  1.10889000e+10
 1.31000000e+01  7.15996564e+16  1.80237416e+16  3.85510657e+10  1.46056697e+10  0.00000000e+00  1.10889000e+10
 1.31250000e+01  7.15164345e+16  1.80753700e+16  3.85062569e+10  1.46475072e+10  0.00000000e+00  1.10889000e+10
 1.31500000e+01  7.14333093e+16  1.81268115e+16  3.84615002e+10  1.46891932e+10  0.00000000e+00  1.10889000e+10
 1.31750000e+01  7.13502808e+16  1.81780665e+16  3.84167956e+10  1.47307281e+10  0.00000000e+00  1.10889000e+10
 1.32000000e+01  7.12673487e+16  1.82291355e+16  3.83721429e+10  1.47721122e+10  0.00000000e+00  1.10889000e+10
 1.32250000e+01  7.11845131e+16  1.82800188e+16  3.83275420e+10  1.48133458e+10  0.00000000e+00  1.10889000e+10
 1.32500000e+01  7.11017737e+16  1.83307170e+16  3.82829931e+10  1.48544295e+10  0.00000000e+00  1.10889000e+10
 1.32500000e+01  7.11017737e+16  0.00000000e+00  3.82829931e+10  0.00000000e+00  1.30025955e+10  1.10778111e+10
 1.40000000e+01  6.86638132e+16  2.37469370e+15  3.69703335e+10  1.92435026e+09  1.30025955e+10  1.10778111e+10
 1.47500000e+01  6.63094463e+16  4.54648269e+15  3.57026828e+10  3.68427523e+09  1.30025955e+10  1.10778111e+10
 1.55000000e+01  6.40358067e+16  6.52853873e+15  3.44784978e+10  5.29044871e+09  1.30025955e+10  1.10778111e+10
 1.62500000e+01  6.18401264e+16  8.33326400e+15  3.32962879e+10  6.75292093e+09  1.30025955e+10  1.10778111e+10
 1.70000000e+01  5.97197322e+16  9.97233382e+15  3.21546141e+10  8.08115305e+09  1.30025955e+10  1.10778111e+10
 1.77500000e+01  5.76720429e+16  1.14567369e+16  3.10520864e+10  9.28404988e+09  1.30025955e+10  1.10778111e+10
 1.85000000e+01  5.56945653e+16  1.27968138e+16  2.99873625e+10  1.03699909e+10  1.30025955e+10  1.10778111e+10
 1.92500000e+01  5.37848922e+16  1.40022925e+16  2.89591461e+10  1.13468593e+10  1.30025955e+10  1.10778111e+10
 2.00000000e+01  5.19406985e+16  1.50823231e+16  2.79661856e+10  1.22220699e+10  1.30025955e+10  1.10778111e+10
 2.07500000e+01  5.01597391e+16  1.60455101e+16  2.70072721e+10  1.30025955e+10  1.30025955e+10  1.10778111e+10
 2.07500000e+01  5.01597391e+16  0.00000000e+00  2.70072721e+10  0.00000000e+00  1.30025955e+10  1.10778111e+10
 2.07750000e+01  5.01014373e+16  5.82507936e+13  2.69758809e+10  4.72039531e+07  1.30025955e+10  1.10778111e+10
 2.08000000e+01  5.00432033e+16  1.16332010e+14  2.69445262e+10  9.42704878e+07  1.30025955e+10  1.10778111e+10
 2.08250000e+01  4.99850369e+16  1.74244023e+14  2.69132080e+10  1.41199908e+08  1.30025955e+10  1.10778111e+10
 2.08500000e+01  4.99269382e+16  2.31987209e+14  2.68819262e+10  1.87992518e+08  1.30025955e+10  1.10778111e+10
 2.08750000e+01  4.98689070e+16  2.89561941e+14  2.68506807e+10  2.34648619e+08  1.30025955e+10  1.10778111e+10
 2.09000000e+01  4.98109432e+16  3.46968592e+14  2.68194715e+10  2.81168515e+08  1.30025955e+10  1.10778111e+10
 2.09250000e+01  4.97530469e+16  4.04207534e+14  2.67882987e+10  3.27552507e+08  1.30025955e+10  1.10778111e+10
 2.09500000e+01  4.96952178e+16  4.61279139e+14  2.67571620e+10  3.73800896e+08  1.30025955e+10  1.10778111e+10
 2.09750000e+01  4.96374559e+16  5.18183778e+14  2.67260616e+10  4.19913983e+08  1.30025955e+10  1.10778111e+10
 2.10000000e+01  4.95797612e+16  5.74921820e+14  2.66949972e+10  4.65892067e+08  1.30025955e+10  1.10778111e+10
 2.10000000e+01  4.95797612e+16  5.74921820e+14  2.66949972e+10  4.65892067e+08  1.30025955e+10  1.10778111e+10
 2.23000000e+01  5.59539189e+16  3.57975877e+15  3.01270050e+10  2.90088349e+09  1.30025955e+10  1.10778111e+10
 2.36000000e+01  6.19540183e+16  6.68055116e+15  3.33576102e+10  5.41363309e+09  1.30025955e+10  1.10778111e+10
 2.49000000e+01  6.76020104e+16  9.84797878e+15  3.63986320e+10  7.98038104e+09  1.30025955e+10  1.10778111e+10
 2.62000000e+01  7.29185582e+16  1.30565030e+16  3.92611958e+10  1.05804319e+10  1.30025955e+10  1.10778111e+10
 2.75000000e+01  7.79231119e+16  1.62839654e+16  4.19557741e+10  1.31958295e+10  1.30025955e+10  1.10778111e+10
 2.88000000e+01  8.26339806e+16  1.95112262e+16  4.44922249e+10  1.58110637e+10  1.30025955e+10  1.10778111e+10
 3.01000000e+01  8.70683987e+16  2.27218369e+16  4.68798277e+10  1.84128053e+10  1.30025955e+10  1.10778111e+10
 3.14000000e+01  9.12425892e+16  2.59017465e+16  4.91273175e+10  2.09896682e+10  1.30025955e+10  1.10778111e+10
 3.27000000e+01  9.51718234e+16  2.90390360e+16  5.12429165e+10  2.35319935e+10  1.30025955e+10  1.10778111e+10
 3.40000000e+01  9.88704760e+16  3.21236796e+16  5.32343647e+10  2.60316568e+10  1.30025955e+10  1.10778111e+10
 3.40000000e+01  9.88704760e+16  3.21236796e+16  5.32343647e+10  2.60316568e+10  1.30025955e+10  1.10667333e+10
 3.40250000e+01  9.87555567e+16  3.21823192e+16  5.31724892e+10  2.60791758e+10  1.30025955e+10  1.10667333e+10
 3.40500000e+01  9.86407708e+16  3.22407229e+16  5.31106856e+10  2.61265037e+10  1.30025955e+10  1.10667333e+10
 3.40750000e+01  9.85261184e+16  3.22988911e+16  5.30489538e+10  2.61736407e+10  1.30025955e+10  1.10667333e+10
 3.41000000e+01  9.84115993e+16  3.23568244e+16  5.29872938e+10  2.62205874e+10  1.30025955e+10  1.10667333e+10
 3.41250000e+01  9.82972133e+16  3.24145235e+16  5.29257055e+10  2.62673442e+10  1.30025955e+10  1.10667333e+10
 3.41500000e+01  9.81829602e+16  3.24719887e+16  5.28641888e+10  2.63139116e+10  1.30025955e+10  1.10667333e+10
 3.41750000e+01  9.80688399e+16  3.25292208e+16  5.28027435e+10  2.63602901e+10  1.30025955e+10  1.10667333e+10
 3.42000000e+01  9.79548523e+16  3.25862203e+16  5.27413697e+10  2.64064800e+10  1.30025955e+10  1.10667333e+10
 3.42250000e+01  9.78409972e+16  3.26429878e+16  5.26800672e+10  2.64524819e+10  1.30025955e+10  1.10667333e+10
 3.42500000e+01  9.77272744e+16  3.26995237e+16  5.26188360e+10  2.64982962e+10  1.30025955e+10  1.10667333e+10
 3.42500000e+01  9.77272744e+16  0.00000000e+00  5.26188360e+10  0.00000000e+00  3.08742766e+10  1.10556666e+10
 3.50000000e+01  9.43763702e+16  3.26394590e+15  5.08146244e+10  2.64496223e+09  3.08742766e+10  1.10556666e+10
 3.57500000e+01  9.11403628e+16  6.24900531e+15  4.90722762e+10  5.06392678e+09  3.08742766e+10  1.10556666e+10
 3.65000000e+01  8.80153128e+16  8.97328241e+15  4.73896703e+10  7.27156449e+09  3.08742766e+10  1.10556666e+10
 3.72500000e+01  8.49974154e+16  1.14538237e+16  4.57647580e+10  9.28168908e+09  3.08742766e+10  1.10556666e+10
 3.80000000e+01  8.20829967e+16  1.37066764e+16  4.41955613e+10  1.11073046e+10  3.08742766e+10  1.10556666e+10
 3.87500000e+01  7.92685086e+16  1.57469444e+16  4.26801697e+10  1.27606506e+10  3.08742766e+10  1.10556666e+10
 3.95000000e+01  7.65505245e+16  1.75888401e+16  4.12167383e+10  1.42532442e+10  3.08742766e+10  1.10556666e+10
 4.02500000e+01  7.39257355e+16  1.92457348e+16  3.98034855e+10  1.55959208e+10  3.08742766e+10  1.10556666e+10
 4.10000000e+01  7.13909461e+16  2.07302048e+16  3.84386908e+10  1.67988718e+10  3.08742766e+10  1.10556666e+10
 4.17500000e+01  6.89430704e+16  2.20540767e+16  3.71206926e+10  1.78716810e+10  3.08742766e+10  1.10556666e+10
 4.17500000e+01  6.89430704e+16  0.00000000e+00  3.71206926e+10  0.00000000e+00  3.08742766e+10  1.10556666e+10
 4.17750000e+01  6.88629363e+16  8.00639842e+13  3.70775464e+10  6.48804304e+07  3.08742766e+10  1.10556666e+10
 4.18000000e+01  6.87828953e+16  1.59894889e+14  3.70344503e+10  1.29571983e+08  3.08742766e+10  1.10556666e+10
 4.18250000e+01  6.87029474e+16  2.39493230e+14  3.69914043e+10  1.94075076e+08  3.08742766e+10  1.10556666e+10
 4.18500000e+01  6.86230924e+16  3.18859523e+14  3.69484084e+10  2.58390127e+08  3.08742766e+10  1.10556666e+10
 4.18750000e+01  6.85433303e+16  3.97994280e+14  3.69054624e+10  3.22517552e+08  3.08742766e+10  1.10556666e+10
 4.19000000e+01  6.84636608e+16  4.76898016e+14  3.68625664e+10  3.86457766e+08  3.08742766e+10  1.10556666e+10
 4.19250000e+01  6.83840839e+16  5.55571240e+14  3.68197202e+10  4.50211184e+08  3.08742766e+10  1.10556666e+10
 4.19500000e+01  6.83045996e+16  6.34014464e+14  3.67769238e+10  5.13778220e+08  3.08742766e+10  1.10556666e+10
 4.19750000e+01  6.82252076e+16  7.12228199e+14  3.67341771e+10  5.77159287e+08  3.08742766e+10  1.10556666e+10
 4.20000000e+01  6.81459079e+16  7.90212951e+14  3.66914802e+10  6.40354797e+08  3.08742766e+10  1.10556666e+10
 4.20000000e+01  6.81459079e+16  7.90212951e+14  3.66914802e+10  6.40354797e+08  3.08742766e+10  1.10556666e+10
 4.33000000e+01  7.34119797e+16  4.81670663e+15  3.95268664e+10  3.90325315e+09  3.08742766e+10  1.10556666e+10
 4.46000000e+01  7.83690197e+16  8.78814529e+15  4.21958621e+10  7.12153728e+09  3.08742766e+10  1.10556666e+10
 4.59000000e+01  8.30351628e+16  1.26919924e+16  4.47082316e+10  1.02850481e+10  3.08742766e+10  1.10556666e+10
 4.72000000e+01  8.74274800e+16  1.65178189e+16  4.70731662e+10  1.33853344e+10  3.08742766e+10  1.10556666e+10
 4.85000000e+01  9.15620403e+16  2.02570602e+16  4.92993181e+10  1.64154557e+10  3.08742766e+10  1.10556666e+10
 4.98000000e+01  9.54539699e+16  2.39027976e+16  5.13948314e+10  1.93698054e+10  3.08742766e+10  1.10556666e+10
 5.11000000e+01  9.91175071e+16  2.74495626e+16  5.33673725e+10  2.22439522e+10  3.08742766e+10  1.10556666e+10
 5.24000000e+01  1.02566055e+17  3.08931606e+16  5.52241578e+10  2.50344968e+10  3.08742766e+10  1.10556666e+10
 5.37000000e+01  1.05812230e+17  3.42305134e+16  5.69719803e+10  2.77389449e+10  3.08742766e+10  1.10556666e+10
 5.50000000e+01  1.08867907e+17  3.74595181e+16  5.86172344e+10  3.03555922e+10  3.08742766e+10  1.10556666e+10
 5.50000000e+01  1.08867907e+17  3.74595181e+16  5.86172344e+10  3.03555922e+10  3.08742766e+10  1.10446109e+10
 5.50250000e+01  1.08741367e+17  3.75204363e+16  5.85491023e+10  3.04049577e+10  3.08742766e+10  1.10446109e+10
 5.50500000e+01  1.08614975e+17  3.75811010e+16  5.84810493e+10  3.04541178e+10  3.08742766e+10  1.10446109e+10
 5.50750000e+01  1.08488729e+17  3.76415128e+16  5.84130755e+10  3.05030730e+10  3.08742766e+10  1.10446109e+10
 5.51000000e+01  1.08362630e+17  3.77016724e+16  5.83451806e+10  3.05518237e+10  3.08742766e+10  1.10446109e+10
 5.51250000e+01  1.08236678e+17  3.77615804e+16  5.82773647e+10  3.06003706e+10  3.08742766e+10  1.10446109e+10
 5.51500000e+01  1.08110872e+17  3.78212372e+16  5.82096276e+10  3.06487139e+10  3.08742766e+10  1.10446109e+10
 5.51750000e+01  1.07985212e+17  3.78806437e+16  5.81419692e+10  3.06968544e+10  3.08742766e+10  1.10446109e+10
 5.52000000e+01  1.07859699e+17  3.79398003e+16  5.80743895e+10  3.07447924e+10  3.08742766e+10  1.10446109e+10
 5.52250000e+01  1.07734331e+17  3.79987078e+16  5.80068883e+10  3.07925285e+10  3.08742766e+10  1.10446109e+10
 5.52500000e+01  1.07609109e+17  3.80573666e+16  5.79394656e+10  3.08400631e+10  3.08742766e+10  1.10446109e+10
 5.52500000e+01  1.07609109e+17  0.00000000e+00  5.79394656e+10  0.00000000e+00  5.05530785e+10  1.10335663e+10
 5.60000000e+01  1.03919373e+17  3.59398451e+15  5.59528186e+10  2.91241141e+09  5.05530785e+10  1.10335663e+10
 5.67500000e+01  1.00356152e+17  6.88088251e+15  5.40342904e+10  5.57597306e+09  5.05530785e+10  1.10335663e+10
 5.75000000e+01  9.69151083e+16  9.88062883e+15  5.21815452e+10  8.00683924e+09  5.05530785e+10  1.10335663e+10
 5.82500000e+01  9.35920519e+16  1.26119936e+16  5.03923277e+10  1.02202205e+10  5.05530785e+10  1.10335663e+10
 5.90000000e+01  9.03829376e+16  1.50926468e+16  4.86644593e+10  1.22304358e+10  5.05530785e+10  1.10335663e+10
 5.97500000e+01  8.72838584e+16  1.73392194e+16  4.69958367e+10  1.40509622e+10  5.05530785e+10  1.10335663e+10
 6.05000000e+01  8.42910414e+16  1.93673611e+16  4.53844283e+10  1.56944816e+10  5.05530785e+10  1.10335663e+10
 6.12500000e+01  8.14008430e+16  2.11917950e+16  4.38282725e+10  1.71729248e+10  5.05530785e+10  1.10335663e+10
 6.20000000e+01  7.86097448e+16  2.28263694e+16  4.23254746e+10  1.84975140e+10  5.05530785e+10  1.10335663e+10
 6.27500000e+01  7.59143486e+16  2.42841065e+16  4.08742051e+10  1.96788019e+10  5.05530785e+10  1.10335663e+10
 6.27500000e+01  7.59143486e+16  0.00000000e+00  4.08742051e+10  0.00000000e+00  5.05530785e+10  1.10335663e+10
 6.27750000e+01  7.58261116e+16  8.81597697e+13  4.08266961e+10  7.14409088e+07  5.05530785e+10  1.10335663e+10
 6.28000000e+01  7.57379772e+16  1.76062892e+14  4.07792423e+10  1.42673842e+08  5.05530785e+10  1.10335663e+10
 6.28250000e+01  7.56499452e+16  2.63709934e+14  4.07318437e+10  2.13699258e+08  5.05530785e+10  1.10335663e+10
 6.28500000e+01  7.55620156e+16  3.51101464e+14  4.06845001e+10  2.84517618e+08  5.05530785e+10  1.10335663e+10
 6.28750000e+01  7.54741882e+16  4.38238047e+14  4.06372116e+10  3.55129380e+08  5.05530785e+10  1.10335663e+10
 6.29000000e+01  7.53864628e+16  5.25120248e+14  4.05899780e+10  4.25535002e+08  5.05530785e+10  1.10335663e+10
 6.29250000e+01  7.52988394e+16  6.11748629e+14  4.05427994e+10  4.95734939e+08  5.05530785e+10  1.10335663e+10
 6.29500000e+01  7.52113179e+16  6.98123753e+14  4.04956756e+10  5.65729648e+08  5.05530785e+10  1.10335663e+10
 6.29750000e+01  7.51238981e+16  7.84246182e+14  4.04486065e+10  6.35519582e+08  5.05530785e+10  1.10335663e+10
 6.30000000e+01  7.50365798e+16  8.70116476e+14  4.04015922e+10  7.05105198e+08  5.05530785e+10  1.10335663e+10
 6.30000000e+01  7.50365798e+16  8.70116476e+14  4.04015922e+10  7.05105198e+08  5.05530785e+10  1.10335663e+10
 6.43000000e+01  7.98797615e+16  5.27544488e+15  4.30092837e+10  4.27499503e+09  5.05530785e+10  1.10335663e+10
 6.56000000e+01  8.44387279e+16  9.56904975e+15  4.54639465e+10  7.75434888e+09  5.05530785e+10  1.10335663e+10
 6.69000000e+01  8.87301579e+16  1.37447161e+16  4.77745610e+10  1.11381304e+10  5.05530785e+10  1.10335663e+10
 6.82000000e+01  9.27697515e+16  1.77977048e+16  4.99495803e+10  1.44224992e+10  5.05530785e+10  1.10335663e+10
 6.95000000e+01  9.65722873e+16  2.17245691e+16  5.19969617e+10  1.76046622e+10  5.05530785e+10  1.10335663e+10
 7.08000000e+01  1.00151677e+17  2.55229911e+16  5.39241955e+10  2.06827409e+10  5.05530785e+10  1.10335663e+10
 7.21000000e+01  1.03521015e+17  2.91916340e+16  5.57383323e+10  2.36556524e+10  5.05530785e+10  1.10335663e+10
 7.34000000e+01  1.06692628e+17  3.27300119e+16  5.74460091e+10  2.65230025e+10  5.05530785e+10  1.10335663e+10
 7.47000000e+01  1.09678120e+17  3.61383720e+16  5.90534733e+10  2.92849919e+10  5.05530785e+10  1.10335663e+10
 7.60000000e+01  1.12488412e+17  3.94175908e+16  6.05666058e+10  3.19423307e+10  5.05530785e+10  1.10335663e+10
 7.60000000e+01  1.12488412e+17  3.94175908e+16  6.05666058e+10  3.19423307e+10  5.05530785e+10  1.10225327e+10
 7.60250000e+01  1.12357664e+17  3.94792892e+16  6.04962078e+10  3.19923284e+10  5.05530785e+10  1.10225327e+10
 7.60500000e+01  1.12227068e+17  3.95407278e+16  6.04258917e+10  3.20421156e+10  5.05530785e+10  1.10225327e+10
 7.60750000e+01  1.12096624e+17  3.96019073e+16  6.03556573e+10  3.20916929e+10  5.05530785e+10  1.10225327e+10
 7.61000000e+01  1.11966332e+17  3.96628283e+16  6.02855046e+10  3.21410606e+10  5.05530785e+10  1.10225327e+10
 7.61250000e+01  1.11836191e+17  3.97234915e+16  6.02154334e+10  3.21902195e+10  5.05530785e+10  1.10225327e+10
 7.61500000e+01  1.11706201e+17  3.97838975e+16  6.01454436e+10  3.22391699e+10  5.05530785e+10  1.10225327e+10
 7.61750000e+01  1.11576362e+17  3.98440468e+16  6.00755352e+10  3.22879124e+10  5.05530785e+10  1.10225327e+10
 7.62000000e+01  1.11446675e+17  3.99039402e+16  6.00057081e+10  3.23364474e+10  5.05530785e+10  1.10225327e+10
 7.62250000e+01  1.11317138e+17  3.99635782e+16  5.99359621e+10  3.23847755e+10  5.05530785e+10  1.10225327e+10
 7.62500000e+01  1.11187751e+17  4.00229615e+16  5.98662971e+10  3.24328972e+10  5.05530785e+10  1.10225327e+10
 7.62500000e+01  1.11187751e+17  0.00000000e+00  5.98662971e+10  0.00000000e+00  7.08863174e+10  1.10115102e+10
 7.70000000e+01  1.07375310e+17  3.71350585e+15  5.78135823e+10  3.00926640e+09  7.08863174e+10  1.10115102e+10
 7.77500000e+01  1.03693591e+17  7.10971275e+15  5.58312516e+10  5.76140730e+09  7.08863174e+10  1.10115102e+10
 7.85000000e+01  1.00138112e+17  1.02092185e+16  5.39168917e+10  8.27311423e+09  7.08863174e+10  1.10115102e+10
 7.92500000e+01  9.67045438e+16  1.30314173e+16  5.20681720e+10  1.05601035e+10  7.08863174e+10  1.10115102e+10
 8.00000000e+01  9.33887073e+16  1.55945670e+16  5.02828418e+10  1.26371705e+10  7.08863174e+10  1.10115102e+10
 8.07500000e+01  9.01865653e+16  1.79158515e+16  4.85587275e+10  1.45182402e+10  7.08863174e+10  1.10115102e+10
 8.15000000e+01  8.70942194e+16  2.00114410e+16  4.68937303e+10  1.62164163e+10  7.08863174e+10  1.10115102e+10
 8.22500000e+01  8.41079048e+16  2.18965481e+16  4.52858230e+10  1.77440266e+10  7.08863174e+10  1.10115102e+10
 8.30000000e+01  8.12239859e+16  2.35854818e+16  4.37330481e+10  1.91126663e+10  7.08863174e+10  1.10115102e+10
 8.37500000e+01  7.84389518e+16  2.50916974e+16  4.22335153e+10  2.03332390e+10  7.08863174e+10  1.10115102e+10
 8.37500000e+01  7.84389518e+16  0.00000000e+00  4.22335153e+10  0.00000000e+00  7.08863174e+10  1.10115102e+10
 8.37750000e+01  7.83477804e+16  9.10916059e+13  4.21844263e+10  7.38167436e+07  7.08863174e+10  1.10115102e+10
 8.38000000e+01  7.82567150e+16  1.81918029e+14  4.21353944e+10  1.47418595e+08  7.08863174e+10  1.10115102e+10
 8.38250000e+01  7.81657555e+16  2.72479857e+14  4.20864195e+10  2.20806029e+08  7.08863174e+10  1.10115102e+10
 8.38500000e+01  7.80749016e+16  3.62777674e+14  4.20375015e+10  2.93979520e+08  7.08863174e+10  1.10115102e+10
 8.38750000e+01  7.79841534e+16  4.52812066e+14  4.19886404e+10  3.66939543e+08  7.08863174e+10  1.10115102e+10
 8.39000000e+01  7.78935107e+16  5.42583616e+14  4.19398360e+10  4.39686569e+08  7.08863174e+10  1.10115102e+10
 8.39250000e+01  7.78029733e+16  6.32092906e+14  4.18910884e+10  5.12221071e+08  7.08863174e+10  1.10115102e+10
 8.39500000e+01  7.77125411e+16  7.21340517e+14  4.18423974e+10  5.84543520e+08  7.08863174e+10  1.10115102e+10
 8.39750000e+01  7.76222141e+16  8.10327028e+14  4.17937631e+10  6.56654385e+08  7.08863174e+10  1.10115102e+10
 8.40000000e+01  7.75319920e+16  8.99053019e+14  4.17451852e+10  7.28554135e+08  7.08863174e+10  1.10115102e+10
 8.40000000e+01  7.75319920e+16  8.99053019e+14  4.17451852e+10  7.28554135e+08  7.08863174e+10  1.10115102e+10
 8.53000000e+01  8.22102500e+16  5.44122500e+15  4.42640777e+10  4.40933615e+09  7.08863174e+10  1.10115102e+10
 8.66000000e+01  8.66139711e+16  9.85052138e+15  4.66351525e+10  7.98244145e+09  7.08863174e+10  1.10115102e+10
 8.79000000e+01  9.07592661e+16  1.41231100e+16  4.88670841e+10  1.14447647e+10  7.08863174e+10  1.10115102e+10
 8.92000000e+01  9.46613004e+16  1.82563955e+16  5.09680381e+10  1.47942025e+10  7.08863174e+10  1.10115102e+10
 9.05000000e+01  9.83343494e+16  2.22488585e+16  5.29457005e+10  1.80295238e+10  7.08863174e+10  1.10115102e+10
 9.18000000e+01  1.01791851e+17  2.60999120e+16  5.48073067e+10  2.11502530e+10  7.08863174e+10  1.10115102e+10
 9.31000000e+01  1.05046454e+17  2.98097738e+16  5.65596672e+10  2.41565664e+10  7.08863174e+10  1.10115102e+10
 9.44000000e+01  1.08110065e+17  3.33793517e+16  5.82091929e+10  2.70491997e+10  7.08863174e+10  1.10115102e+10
 9.57000000e+01  1.10993892e+17  3.68101421e+16  5.97619185e+10  2.98293657e+10  7.08863174e+10  1.10115102e+10
 9.70000000e+01  1.13708486e+17  4.01041399e+16  6.12235246e+10  3.24986807e+10  7.08863174e+10  1.10115102e+10
 9.70000000e+01  1.13708486e+17  4.01041399e+16  6.12235246e+10  3.24986807e+10  7.08863174e+10  1.10004987e+10
 9.70250000e+01  1.13576320e+17  4.01660545e+16  6.11523632e+10  3.25488536e+10  7.08863174e+10  1.10004987e+10
 9.70500000e+01  1.13444308e+17  4.02277073e+16  6.10812844e+10  3.25988144e+10  7.08863174e+10  1.10004987e+10
 9.70750000e+01  1.13312449e+17  4.02890990e+16  6.10102882e+10  3.26485636e+10  7.08863174e+10  1.10004987e+10
 9.71000000e+01  1.13180744e+17  4.03502301e+16  6.09393746e+10  3.26981017e+10  7.08863174e+10  1.10004987e+10
 9.71250000e+01  1.13049191e+17  4.04111015e+16  6.08685434e+10  3.27474292e+10  7.08863174e+10  1.10004987e+10
 9.71500000e+01  1.12917791e+17  4.04717136e+16  6.07977945e+10  3.27965467e+10  7.08863174e+10  1.10004987e+10
 9.71750000e+01  1.12786544e+17  4.05320671e+16  6.07271278e+10  3.28454546e+10  7.08863174e+10  1.10004987e+10
 9.72000000e+01  1.12655450e+17  4.05921626e+16  6.06565433e+10  3.28941534e+10  7.08863174e+10  1.10004987e+10
 9.72250000e+01  1.12524508e+17  4.06520008e+16  6.05860409e+10  3.29426437e+10  7.08863174e+10  1.10004987e+10
 9.72500000e+01  1.12393718e+17  4.07115823e+16  6.05156203e+10  3.29909260e+10  7.08863174e+10  1.10004987e+10
 9.72500000e+01  1.12393718e+17  0.00000000e+00  6.05156203e+10  0.00000000e+00  9.14400953e+10  1.09894982e+10
 9.80000000e+01  1.08539926e+17  3.75378336e+15  5.84406413e+10  3.04190557e+09  9.14400953e+10  1.09894982e+10
 9.87500000e+01  1.04818275e+17  7.18682627e+15  5.64368098e+10  5.82389680e+09  9.14400953e+10  1.09894982e+10
 9.95000000e+01  1.01224232e+17  1.03199499e+16  5.45016863e+10  8.36284627e+09  9.14400953e+10  1.09894982e+10
 1.00250000e+02  9.77534228e+16  1.31727590e+16  5.26329150e+10  1.06746408e+10  9.14400953e+10  1.09894982e+10
 1.01000000e+02  9.44016220e+16  1.57637091e+16  5.08282207e+10  1.27742360e+10  9.14400953e+10  1.09894982e+10
 1.01750000e+02  9.11647489e+16  1.81101708e+16  4.90854063e+10  1.46757083e+10  9.14400953e+10  1.09894982e+10
 1.02500000e+02  8.80388627e+16  2.02284895e+16  4.74023501e+10  1.63923032e+10  9.14400953e+10  1.09894982e+10
 1.03250000e+02  8.50201578e+16  2.21340430e+16  4.57770031e+10  1.79364823e+10  9.14400953e+10  1.09894982e+10
 1.04000000e+02  8.21049593e+16  2.38412952e+16  4.42073865e+10  1.93199665e+10  9.14400953e+10  1.09894982e+10
 1.04750000e+02  7.92897181e+16  2.53638475e+16  4.26915894e+10  2.05537778e+10  9.14400953e+10  1.09894982e+10
 1.04750000e+02  7.92897181e+16  0.00000000e+00  4.26915894e+10  0.00000000e+00  9.14400953e+10  1.09894982e+10
 1.04775000e+02  7.91975579e+16  9.20796057e+13  4.26419680e+10  7.46173764e+07  9.14400953e+10  1.09894982e+10
 1.04800000e+02  7.91055047e+16  1.83891153e+14  4.25924043e+10  1.49017529e+08  9.14400953e+10  1.09894982e+10
 1.04825000e+02  7.90135586e+16  2.75435234e+14  4.25428982e+10  2.23200940e+08  9.14400953e+10  1.09894982e+10
 1.04850000e+02  7.89217194e+16  3.66712442e+14  4.24934496e+10  2.97168087e+08  9.14400953e+10  1.09894982e+10
 1.04875000e+02  7.88299869e+16  4.57723367e+14  4.24440585e+10  3.70919451e+08  9.14400953e+10  1.09894982e+10
 1.04900000e+02  7.87383610e+16  5.48468599e+14  4.23947248e+10  4.44455508e+08  9.14400953e+10  1.09894982e+10
 1.04925000e+02  7.86468416e+16  6.38948726e+14  4.23454485e+10  5.17776735e+08  9.14400953e+10  1.09894982e+10
 1.04950000e+02  7.85554286e+16  7.29164336e+14  4.22962294e+10  5.90883609e+08  9.14400953e+10  1.09894982e+10
 1.04975000e+02  7.84641219e+16  8.19116015e+14  4.22470675e+10  6.63776605e+08  9.14400953e+10  1.09894982e+10
 1.05000000e+02  7.83729213e+16  9.08804348e+14  4.21979628e+10  7.36456196e+08  9.14400953e+10  1.09894982e+10
 1.05000000e+02  7.83729213e+16  9.08804348e+14  4.21979628e+10  7.36456196e+08  9.14400953e+10  1.09894982e+10
 1.06300000e+02  8.29833835e+16  5.49672921e+15  4.46803523e+10  4.45431438e+09  9.14400953e+10  1.09894982e+10
 1.07600000e+02  8.73232874e+16  9.94399691e+15  4.70170663e+10  8.05819003e+09  9.14400953e+10  1.09894982e+10
 1.08900000e+02  9.14085102e+16  1.42476754e+16  4.92166536e+10  1.15457071e+10  9.14400953e+10  1.09894982e+10
 1.10200000e+02  9.52539975e+16  1.84059779e+16  5.12871612e+10  1.49154177e+10  9.14400953e+10  1.09894982e+10
 1.11500000e+02  9.88738180e+16  2.24181109e+16  5.32361640e+10  1.81666788e+10  9.14400953e+10  1.09894982e+10
 1.12800000e+02  1.02281214e+17  2.62841389e+16  5.50707924e+10  2.12995426e+10  9.14400953e+10  1.09894982e+10
 1.14100000e+02  1.05488653e+17  3.00048632e+16  5.67977583e+10  2.43146585e+10  9.14400953e+10  1.09894982e+10
 1.15400000e+02  1.08507867e+17  3.35817142e+16  5.84233796e+10  2.72131857e+10  9.14400953e+10  1.09894982e+10
 1.16700000e+02  1.11349903e+17  3.70166559e+16  5.99536037e+10  2.99967156e+10  9.14400953e+10  1.09894982e+10
 1.18000000e+02  1.14025158e+17  4.03121005e+16  6.13940287e+10  3.26672031e+10  9.14400953e+10  1.09894982e+10
 1.18000000e+02  1.14025158e+17  4.03121005e+16  6.13940287e+10  3.26672031e+10  9.14400953e+10  1.09785087e+10
 1.18025000e+02  1.13892624e+17  4.03740192e+16  6.13226691e+10  3.27173793e+10  9.14400953e+10  1.09785087e+10
 1.18050000e+02  1.13760244e+17  4.04356756e+16  6.12513923e+10  3.27673430e+10  9.14400953e+10  1.09785087e+10
 1.18075000e+02  1.13628018e+17  4.04970705e+16  6.11801985e+10  3.28170948e+10  9.14400953e+10  1.09785087e+10
 1.18100000e+02  1.13495946e+17  4.05582044e+16  6.11090873e+10  3.28666352e+10  9.14400953e+10  1.09785087e+10
 1.18125000e+02  1.13364027e+17  4.06190781e+16  6.10380589e+10  3.29159646e+10  9.14400953e+10  1.09785087e+10
 1.18150000e+02  1.13232261e+17  4.06796921e+16  6.09671129e+10  3.29650836e+10  9.14400953e+10  1.09785087e+10
 1.18175000e+02  1.13100649e+17  4.07400471e+16  6.08962495e+10  3.30139927e+10  9.14400953e+10  1.09785087e+10
 1.18200000e+02  1.12969189e+17  4.08001436e+16  6.08254684e+10  3.30626924e+10  9.14400953e+10  1.09785087e+10
 1.18225000e+02  1.12837883e+17  4.08599825e+16  6.07547696e+10  3.31111832e+10  9.14400953e+10  1.09785087e+10
 1.18250000e+02  1.12706729e+17  4.09195641e+16  6.06841529e+10  3.31594656e+10  9.14400953e+10  1.09785087e+10
 1.18250000e+02  1.12706729e+17  0.00000000e+00  6.06841529e+10  0.00000000e+00  1.12051114e+11  1.09675302e+10
 1.19000000e+02  1.08842204e+17  3.76423743e+15  5.86033952e+10  3.05037711e+09  1.12051114e+11  1.09675302e+10
 1.19750000e+02  1.05110188e+17  7.20684118e+15  5.65939831e+10  5.84011603e+09  1.12051114e+11  1.09675302e+10
 1.20500000e+02  1.01506136e+17  1.03486904e+16  5.46534705e+10  8.38613632e+09  1.12051114e+11  1.09675302e+10
 1.21250000e+02  9.80256606e+16  1.32094444e+16  5.27794947e+10  1.07043691e+10  1.12051114e+11  1.09675302e+10
 1.22000000e+02  9.46645253e+16  1.58076102e+16  5.09697744e+10  1.28098116e+10  1.12051114e+11  1.09675302e+10
 1.22750000e+02  9.14186376e+16  1.81606066e+16  4.92221064e+10  1.47165793e+10  1.12051114e+11  1.09675302e+10
 1.23500000e+02  8.82840459e+16  2.02848247e+16  4.75343630e+10  1.64379548e+10  1.12051114e+11  1.09675302e+10
 1.24250000e+02  8.52569342e+16  2.21956851e+16  4.59044895e+10  1.79864344e+10  1.12051114e+11  1.09675302e+10
 1.25000000e+02  8.23336170e+16  2.39076919e+16  4.43305016e+10  1.93737715e+10  1.12051114e+11  1.09675302e+10
 1.25750000e+02  7.95105355e+16  2.54344844e+16  4.28104831e+10  2.06110189e+10  1.12051114e+11  1.09675302e+10
 1.25750000e+02  7.95105355e+16  0.00000000e+00  4.28104831e+10  0.00000000e+00  1.12051114e+11  1.09675302e+10
 1.25775000e+02  7.94181186e+16  9.23360422e+13  4.27607235e+10  7.48251816e+07  1.12051114e+11  1.09675302e+10
 1.25800000e+02  7.93258091e+16  1.84403279e+14  4.27110217e+10  1.49432535e+08  1.12051114e+11  1.09675302e+10
 1.25825000e+02  7.92336070e+16  2.76202306e+14  4.26613778e+10  2.23822542e+08  1.12051114e+11  1.09675302e+10
 1.25850000e+02  7.91415119e+16  3.67733715e+14  4.26117915e+10  2.97995684e+08  1.12051114e+11  1.09675302e+10
 1.25875000e+02  7.90495240e+16  4.58998101e+14  4.25622628e+10  3.71952440e+08  1.12051114e+11  1.09675302e+10
 1.25900000e+02  7.89576429e+16  5.49996053e+14  4.25127917e+10  4.45693291e+08  1.12051114e+11  1.09675302e+10
 1.25925000e+02  7.88658687e+16  6.40728163e+14  4.24633782e+10  5.19218714e+08  1.12051114e+11  1.09675302e+10
 1.25950000e+02  7.87742011e+16  7.31195018e+14  4.24140220e+10  5.92529187e+08  1.12051114e+11  1.09675302e+10
 1.25975000e+02  7.86826401e+16  8.21397207e+14  4.23647232e+10  6.65625185e+08  1.12051114e+11  1.09675302e+10
 1.26000000e+02  7.85911854e+16  9.11335317e+14  4.23154818e+10  7.38507185e+08  1.12051114e+11  1.09675302e+10
 1.26000000e+02  7.85911854e+16  9.11335317e+14  4.23154818e+10  7.38507185e+08  1.12051114e+11  1.09675302e+10
 1.27300000e+02  8.31704291e+16  5.51073173e+15  4.47810623e+10  4.46566143e+09  1.12051114e+11  1.09675302e+10
 1.28600000e+02  8.74809463e+16  9.96672266e+15  4.71019538e+10  8.07660600e+09  1.12051114e+11  1.09675302e+10
 1.29900000e+02  9.15385070e+16  1.42767178e+16  4.92866471e+10  1.15692419e+10  1.12051114e+11  1.09675302e+10
 1.31200000e+02  9.53579556e+16  1.84392365e+16  5.13431348e+10  1.49423691e+10  1.12051114e+11  1.09675302e+10
 1.32500000e+02  9.89532652e+16  2.24537591e+16  5.32789405e+10  1.81955665e+10  1.12051114e+11  1.09675302e+10
 1.33800000e+02  1.02337589e+17  2.63205945e+16  5.51011461e+10  2.13290847e+10  1.12051114e+11  1.09675302e+10
 1.35100000e+02  1.05523309e+17  3.00407623e+16  5.68164182e+10  2.43437497e+10  1.12051114e+11  1.09675302e+10
 1.36400000e+02  1.08522079e+17  3.36158876e+16  5.84310320e+10  2.72408784e+10  1.12051114e+11  1.09675302e+10
 1.37700000e+02  1.11344871e+17  3.70481075e+16  5.99508946e+10  3.00222027e+10  1.12051114e+11  1.09675302e+10
 1.39000000e+02  1.14002012e+17  4.03399883e+16  6.13815661e+10  3.26898021e+10  1.12051114e+11  1.09675302e+10
 1.39000000e+02  1.14002012e+17  4.03399883e+16  6.13815661e+10  3.26898021e+10  1.12051114e+11  1.09565626e+10
 1.39025000e+02  1.13869505e+17  4.04018313e+16  6.13102209e+10  3.27399170e+10  1.12051114e+11  1.09565626e+10
 1.39050000e+02  1.13737151e+17  4.04634122e+16  6.12389587e+10  3.27898196e+10  1.12051114e+11  1.09565626e+10
 1.39075000e+02  1.13604952e+17  4.05247318e+16  6.11677792e+10  3.28395103e+10  1.12051114e+11  1.09565626e+10
 1.39100000e+02  1.13472907e+17  4.05857906e+16  6.10966826e+10  3.28889898e+10  1.12051114e+11  1.09565626e+10
 1.39125000e+02  1.13341014e+17  4.06465892e+16  6.10256685e+10  3.29382584e+10  1.12051114e+11  1.09565626e+10
 1.39150000e+02  1.13209276e+17  4.07071284e+16  6.09547370e+10  3.29873168e+10  1.12051114e+11  1.09565626e+10
 1.39175000e+02  1.13077690e+17  4.07674087e+16  6.08838879e+10  3.30361653e+10  1.12051114e+11  1.09565626e+10
 1.39200000e+02  1.12946257e+17  4.08274307e+16  6.08131212e+10  3.30848047e+10  1.12051114e+11  1.09565626e+10
 1.39225000e+02  1.12814977e+17  4.08871952e+16  6.07424367e+10  3.31332352e+10  1.12051114e+11  1.09565626e+10
 1.39250000e+02  1.12683850e+17  4.09467027e+16  6.06718344e+10  3.31814576e+10  1.12051114e+11  1.09565626e+10
 1.39250000e+02  1.12683850e+17  0.00000000e+00  6.06718344e+10  0.00000000e+00  1.32657949e+11  1.09456061e+10
 1.40000000e+02  1.08820110e+17  3.76347332e+15  5.85914991e+10  3.04975790e+09  1.32657949e+11  1.09456061e+10
 1.40750000e+02  1.05088851e+17  7.20537824e+15  5.65824949e+10  5.83893052e+09  1.32657949e+11  1.09456061e+10
 1.41500000e+02  1.01485531e+17  1.03465897e+16  5.46423761e+10  8.38443399e+09  1.32657949e+11  1.09456061e+10
 1.42250000e+02  9.80057620e+16  1.32067629e+16  5.27687808e+10  1.07021961e+10  1.32657949e+11  1.09456061e+10
 1.43000000e+02  9.46453089e+16  1.58044013e+16  5.09594279e+10  1.28072112e+10  1.32657949e+11  1.09456061e+10
 1.43750000e+02  9.14000802e+16  1.81569201e+16  4.92121146e+10  1.47135919e+10  1.32657949e+11  1.09456061e+10
 1.44500000e+02  8.82661248e+16  2.02807070e+16  4.75247138e+10  1.64346180e+10  1.32657949e+11  1.09456061e+10
 1.45250000e+02  8.52396276e+16  2.21911795e+16  4.58951711e+10  1.79827832e+10  1.32657949e+11  1.09456061e+10
 1.46000000e+02  8.23169038e+16  2.39028388e+16  4.43215028e+10  1.93698388e+10  1.32657949e+11  1.09456061e+10
 1.46750000e+02  7.94943954e+16  2.54293214e+16  4.28017928e+10  2.06068350e+10  1.32657949e+11  1.09456061e+10
 1.46750000e+02  7.94943954e+16  0.00000000e+00  4.28017928e+10  0.00000000e+00  1.32657949e+11  1.09456061e+10
 1.46775000e+02  7.94019972e+16  9.23172986e+13  4.27520433e+10  7.48099926e+07  1.32657949e+11  1.09456061e+10
 1.46800000e+02  7.93097065e+16  1.84365846e+14  4.27023517e+10  1.49402201e+08  1.32657949e+11  1.09456061e+10
 1.46825000e+02  7.92175230e+16  2.76146238e+14  4.26527178e+10  2.23777107e+08  1.32657949e+11  1.09456061e+10
 1.46850000e+02  7.91254467e+16  3.67659068e+14  4.26031415e+10  2.97935192e+08  1.32657949e+11  1.09456061e+10
 1.46875000e+02  7.90334774e+16  4.58904927e+14  4.25536229e+10  3.71876936e+08  1.32657949e+11  1.09456061e+10
 1.46900000e+02  7.89416150e+16  5.49884407e+14  4.25041619e+10  4.45602818e+08  1.32657949e+11  1.09456061e+10
 1.46925000e+02  7.88498594e+16  6.40598099e+14  4.24547584e+10  5.19113316e+08  1.32657949e+11  1.09456061e+10
 1.46950000e+02  7.87582104e+16  7.31046590e+14  4.24054122e+10  5.92408907e+08  1.32657949e+11  1.09456061e+10
 1.46975000e+02  7.86666680e+16  8.21230469e+14  4.23561235e+10  6.65490067e+08  1.32657949e+11  1.09456061e+10
 1.47000000e+02  7.85752319e+16  9.11150322e+14  4.23068920e+10  7.38357272e+08  1.32657949e+11  1.09456061e+10
 1.47000000e+02  7.85752319e+16  9.11150322e+14  4.23068920e+10  7.38357272e+08  1.32657949e+11  1.09456061e+10
 1.48300000e+02  8.31370384e+16  5.50912393e+15  4.47630840e+10  4.46435854e+09  1.32657949e+11  1.09456061e+10
 1.49600000e+02  8.74311418e+16  9.96283820e+15  4.70751378e+10  8.07345820e+09  1.32657949e+11  1.09456061e+10
 1.50900000e+02  9.14732519e+16  1.42698345e+16  4.92515121e+10  1.15636639e+10  1.32657949e+11  1.09456061e+10
 1.52200000e+02  9.52781566e+16  1.84287490e+16  5.13001690e+10  1.49338704e+10  1.32657949e+11  1.09456061e+10
 1.53500000e+02  9.88597758e+16  2.24391655e+16  5.32286034e+10  1.81837405e+10  1.32657949e+11  1.09456061e+10
 1.54800000e+02  1.02231213e+17  2.63014845e+16  5.50438703e+10  2.13135987e+10  1.32657949e+11  1.09456061e+10
 1.56100000e+02  1.05404802e+17  3.00168063e+16  5.67526109e+10  2.43243367e+10  1.32657949e+11  1.09456061e+10
 1.57400000e+02  1.08392153e+17  3.35868271e+16  5.83610765e+10  2.72173289e+10  1.32657949e+11  1.09456061e+10
 1.58700000e+02  1.11204196e+17  3.70137463e+16  5.98751516e+10  2.99943578e+10  1.32657949e+11  1.09456061e+10
 1.60000000e+02  1.13851219e+17  4.03001849e+16  6.13003754e+10  3.26575472e+10  1.32657949e+11  1.09456061e+10
 1.60000000e+02  1.13851219e+17  4.03001849e+16  6.13003754e+10  3.26575472e+10  1.32657949e+11  1.09346605e+10
 1.60025000e+02  1.13718887e+17  4.03619224e+16  6.12291246e+10  3.27075766e+10  1.32657949e+11  1.09346605e+10
 1.60050000e+02  1.13586709e+17  4.04233982e+16  6.11579566e+10  3.27573940e+10  1.32657949e+11  1.09346605e+10
 1.60075000e+02  1.13454684e+17  4.04846130e+16  6.10868713e+10  3.28069998e+10  1.32657949e+11  1.09346605e+10
 1.60100000e+02  1.13322813e+17  4.05455675e+16  6.10158687e+10  3.28563947e+10  1.32657949e+11  1.09346605e+10
 1.60125000e+02  1.13191096e+17  4.06062622e+16  6.09449485e+10  3.29055791e+10  1.32657949e+11  1.09346605e+10
 1.60150000e+02  1.13059531e+17  4.06666977e+16  6.08741108e+10  3.29545535e+10  1.32657949e+11  1.09346605e+10
 1.60175000e+02  1.12928120e+17  4.07268749e+16  6.08033555e+10  3.30033185e+10  1.32657949e+11  1.09346605e+10
 1.60200000e+02  1.12796861e+17  4.07867941e+16  6.07326824e+10  3.30518745e+10  1.32657949e+11  1.09346605e+10
 1.60225000e+02  1.12665754e+17  4.08464562e+16  6.06620914e+10  3.31002220e+10  1.32657949e+11  1.09346605e+10
 1.60250000e+02  1.12534800e+17  4.09058616e+16  6.05915825e+10  3.31483617e+10  1.32657949e+11  1.09346605e+10
 1.60250000e+02  1.12534800e+17  0.00000000e+00  6.05915825e+10  0.00000000e+00  1.53237527e+11  1.09237258e+10
 1.61000000e+02  1.08676171e+17  3.75849529e+15  5.85139988e+10  3.04572392e+09  1.53237527e+11  1.09237258e+10
 1.61750000e+02  1.04949848e+17  7.19584753e+15  5.65076520e+10  5.83120724e+09  1.53237527e+11  1.09237258e+10
 1.62500000e+02  1.01351293e+17  1.03329040e+16  5.45700995e+10  8.37334372e+09  1.53237527e+11  1.09237258e+10
 1.63250000e+02  9.78761277e+16  1.31892941e+16  5.26989824e+10  1.06880401e+10  1.53237527e+11  1.09237258e+10
 1.64000000e+02  9.45201195e+16  1.57834965e+16  5.08920227e+10  1.27902709e+10  1.53237527e+11  1.09237258e+10
 1.64750000e+02  9.12791833e+16  1.81329036e+16  4.91470207e+10  1.46941299e+10  1.53237527e+11  1.09237258e+10
 1.65500000e+02  8.81493733e+16  2.02538813e+16  4.74618518e+10  1.64128796e+10  1.53237527e+11  1.09237258e+10
 1.66250000e+02  8.51268793e+16  2.21618267e+16  4.58344646e+10  1.79589970e+10  1.53237527e+11  1.09237258e+10
 1.67000000e+02  8.22080215e+16  2.38712220e+16  4.42628777e+10  1.93442179e+10  1.53237527e+11  1.09237258e+10
 1.67750000e+02  7.93892464e+16  2.53956855e+16  4.27451780e+10  2.05795779e+10  1.53237527e+11  1.09237258e+10
 1.67750000e+02  7.93892464e+16  0.00000000e+00  4.27451780e+10  0.00000000e+00  1.53237527e+11  1.09237258e+10
 1.67775000e+02  7.92969705e+16  9.21951885e+13  4.26954943e+10  7.47110398e+07  1.53237527e+11  1.09237258e+10
 1.67800000e+02  7.92048018e+16  1.84121982e+14  4.26458683e+10  1.49204584e+08  1.53237527e+11  1.09237258e+10
 1.67825000e+02  7.91127403e+16  2.75780974e+14  4.25963001e+10  2.23481113e+08  1.53237527e+11  1.09237258e+10
 1.67850000e+02  7.90207858e+16  3.67172757e+14  4.25467894e+10  2.97541107e+08  1.53237527e+11  1.09237258e+10
 1.67875000e+02  7.89289381e+16  4.58297924e+14  4.24973363e+10  3.71385047e+08  1.53237527e+11  1.09237258e+10
 1.67900000e+02  7.88371972e+16  5.49157063e+14  4.24479407e+10  4.45013410e+08  1.53237527e+11  1.09237258e+10
 1.67925000e+02  7.87455630e+16  6.39750766e+14  4.23986025e+10  5.18426674e+08  1.53237527e+11  1.09237258e+10
 1.67950000e+02  7.86540352e+16  7.30079619e+14  4.23493217e+10  5.91625315e+08  1.53237527e+11  1.09237258e+10
 1.67975000e+02  7.85626139e+16  8.20144209e+14  4.23000981e+10  6.64609809e+08  1.53237527e+11  1.09237258e+10
 1.68000000e+02  7.84712988e+16  9.09945123e+14  4.22509317e+10  7.37380631e+08  1.53237527e+11  1.09237258e+10
 1.68000000e+02  7.84712988e+16  9.09945123e+14  4.22509317e+10  7.37380631e+08  1.53237527e+11  1.09237258e+10
 1.69300000e+02  8.30208679e+16  5.50165307e+15  4.47005348e+10  4.45830448e+09  1.53237527e+11  1.09237258e+10
 1.70600000e+02  8.73034520e+16  9.94896068e+15  4.70063864e+10  8.06221246e+09  1.53237527e+11  1.09237258e+10
 1.71900000e+02  9.13347188e+16  1.42494619e+16  4.91769224e+10  1.15471548e+10  1.53237527e+11  1.09237258e+10
 1.73200000e+02  9.51294164e+16  1.84018384e+16  5.12200836e+10  1.49120632e+10  1.53237527e+11  1.09237258e+10
 1.74500000e+02  9.87014277e+16  2.24057134e+16  5.31433448e+10  1.81566324e+10  1.53237527e+11  1.09237258e+10
 1.75800000e+02  1.02063821e+17  2.62615213e+16  5.49537421e+10  2.12812143e+10  1.53237527e+11  1.09237258e+10
 1.77100000e+02  1.05228896e+17  2.99703915e+16  5.66578989e+10  2.42867242e+10  1.53237527e+11  1.09237258e+10
 1.78400000e+02  1.08208234e+17  3.35340446e+16  5.82620496e+10  2.71745563e+10  1.53237527e+11  1.09237258e+10
 1.79700000e+02  1.11012733e+17  3.69547009e+16  5.97720631e+10  2.99465099e+10  1.53237527e+11  1.09237258e+10
 1.81000000e+02  1.13652655e+17  4.02349984e+16  6.11934636e+10  3.26047228e+10  1.53237527e+11  1.09237258e+10
 1.81000000e+02  1.13652655e+17  4.02349984e+16  6.11934636e+10  3.26047228e+10  1.53237527e+11  1.09128021e+10
 1.81025000e+02  1.13520554e+17  4.02966193e+16  6.11223370e+10  3.26546578e+10  1.53237527e+11  1.09128021e+10
 1.81050000e+02  1.13388606e+17  4.03579790e+16  6.10512931e+10  3.27043810e+10  1.53237527e+11  1.09128021e+10
 1.81075000e+02  1.13256812e+17  4.04190782e+16  6.09803318e+10  3.27538932e+10  1.53237527e+11  1.09128021e+10
 1.81100000e+02  1.13125171e+17  4.04799174e+16  6.09094530e+10  3.28031947e+10  1.53237527e+11  1.09128021e+10
 1.81125000e+02  1.12993683e+17  4.05404974e+16  6.08386566e+10  3.28522862e+10  1.53237527e+11  1.09128021e+10
 1.81150000e+02  1.12862348e+17  4.06008188e+16  6.07679424e+10  3.29011680e+10  1.53237527e+11  1.09128021e+10
 1.81175000e+02  1.12731166e+17  4.06608821e+16  6.06973105e+10  3.29498408e+10  1.53237527e+11  1.09128021e+10
 1.81200000e+02  1.12600136e+17  4.07206880e+16  6.06267606e+10  3.29983049e+10  1.53237527e+11  1.09128021e+10
 1.81225000e+02  1.12469258e+17  4.07802372e+16  6.05562928e+10  3.30465611e+10  1.53237527e+11  1.09128021e+10
 1.81250000e+02  1.12338532e+17  4.08395303e+16  6.04859068e+10  3.30946096e+10  1.53237527e+11  1.09128021e+10
 1.81250000e+02  1.12338532e+17  0.00000000e+00  6.04859068e+10  0.00000000e+00  1.73781213e+11  1.09018893e+10
 1.82000000e+02  1.08486633e+17  3.75194023e+15  5.84119466e+10  3.04041198e+09  1.73781213e+11  1.09018893e+10
 1.82750000e+02  1.04766808e+17  7.18329750e+15  5.64090990e+10  5.82103724e+09  1.73781213e+11  1.09018893e+10
 1.83500000e+02  1.01174530e+17  1.03148828e+16  5.44749257e+10  8.35874006e+09  1.73781213e+11  1.09018893e+10
 1.84250000e+02  9.77054254e+16  1.31662911e+16  5.26070719e+10  1.06693995e+10  1.73781213e+11  1.09018893e+10
 1.85000000e+02  9.43552703e+16  1.57559691e+16  5.08032637e+10  1.27679638e+10  1.73781213e+11  1.09018893e+10
 1.85750000e+02  9.11199865e+16  1.81012786e+16  4.90613051e+10  1.46685024e+10  1.73781213e+11  1.09018893e+10
 1.86500000e+02  8.79956351e+16  2.02185572e+16  4.73790753e+10  1.63842545e+10  1.73781213e+11  1.09018893e+10
 1.87250000e+02  8.49784125e+16  2.21231750e+16  4.57545263e+10  1.79276754e+10  1.73781213e+11  1.09018893e+10
 1.88000000e+02  8.20646454e+16  2.38295890e+16  4.41856804e+10  1.93104803e+10  1.73781213e+11  1.09018893e+10
 1.88750000e+02  7.92507864e+16  2.53513937e+16  4.26706276e+10  2.05436858e+10  1.73781213e+11  1.09018893e+10
 1.88750000e+02  7.92507864e+16  0.00000000e+00  4.26706276e+10  0.00000000e+00  1.73781213e+11  1.09018893e+10
 1.88775000e+02  7.91586714e+16  9.20343941e+13  4.26210306e+10  7.45807389e+07  1.73781213e+11  1.09018893e+10
 1.88800000e+02  7.90666635e+16  1.83800861e+14  4.25714912e+10  1.48944361e+08  1.73781213e+11  1.09018893e+10
 1.88825000e+02  7.89747625e+16  2.75299994e+14  4.25220094e+10  2.23091347e+08  1.73781213e+11  1.09018893e+10
 1.88850000e+02  7.88829684e+16  3.66532384e+14  4.24725851e+10  2.97022176e+08  1.73781213e+11  1.09018893e+10
 1.88875000e+02  7.87912809e+16  4.57498622e+14  4.24232182e+10  3.70737327e+08  1.73781213e+11  1.09018893e+10
 1.88900000e+02  7.86997001e+16  5.48199298e+14  4.23739088e+10  4.44237278e+08  1.73781213e+11  1.09018893e+10
 1.88925000e+02  7.86082256e+16  6.38634999e+14  4.23246566e+10  5.17522504e+08  1.73781213e+11  1.09018893e+10
 1.88950000e+02  7.85168575e+16  7.28806313e+14  4.22754617e+10  5.90593482e+08  1.73781213e+11  1.09018893e+10
 1.88975000e+02  7.84255956e+16  8.18713825e+14  4.22263240e+10  6.63450687e+08  1.73781213e+11  1.09018893e+10
 1.89000000e+02  7.83344397e+16  9.08358120e+14  4.21772434e+10  7.36094592e+08  1.73781213e+11  1.09018893e+10
 1.89000000e+02  7.83344397e+16  9.08358120e+14  4.21772434e+10  7.36094592e+08  1.73781213e+11  1.09018893e+10
 1.90300000e+02  8.28737403e+16  5.49198868e+15  4.46213176e+10  4.45047286e+09  1.73781213e+11  1.09018893e+10
 1.91600000e+02  8.71466584e+16  9.93134591e+15  4.69219648e+10  8.04793819e+09  1.73781213e+11  1.09018893e+10
 1.92900000e+02  9.11688265e+16  1.42240465e+16  4.90876018e+10  1.15265592e+10  1.73781213e+11  1.09018893e+10
 1.94200000e+02  9.49549594e+16  1.83687908e+16  5.11261515e+10  1.48852829e+10  1.73781213e+11  1.09018893e+10
 1.95500000e+02  9.85189084e+16  2.23652175e+16  5.30450718e+10  1.81238163e+10  1.73781213e+11  1.09018893e+10
 1.96800000e+02  1.01873712e+17  2.62137732e+16  5.48513830e+10  2.12425212e+10  1.73781213e+11  1.09018893e+10
 1.98100000e+02  1.05031644e+17  2.99155965e+16  5.65516934e+10  2.42423206e+10  1.73781213e+11  1.09018893e+10
 1.99400000e+02  1.08004257e+17  3.34724153e+16  5.81522235e+10  2.71246145e+10  1.73781213e+11  1.09018893e+10
 2.00700000e+02  1.10802427e+17  3.68864548e+16  5.96588288e+10  2.98912062e+10  1.73781213e+11  1.09018893e+10
 2.02000000e+02  1.13436390e+17  4.01603563e+16  6.10770212e+10  3.25442361e+10  1.73781213e+11  1.09018893e+10
 2.02000000e+02  1.13436390e+17  4.01603563e+16  6.10770212e+10  3.25442361e+10  1.73781213e+11  1.08909874e+10
 2.02025000e+02  1.13304540e+17  4.02218566e+16  6.10060299e+10  3.25940733e+10  1.73781213e+11  1.08909874e+10
 2.02050000e+02  1.13172844e+17  4.02830962e+16  6.09351213e+10  3.26436992e+10  1.73781213e+11  1.08909874e+10
 2.02075000e+02  1.13041301e+17  4.03440758e+16  6.08642950e+10  3.26931144e+10  1.73781213e+11  1.08909874e+10
 2.02100000e+02  1.12909910e+17  4.04047959e+16  6.07935510e+10  3.27423195e+10  1.73781213e+11  1.08909874e+10
 2.02125000e+02  1.12778672e+17  4.04652573e+16  6.07228893e+10  3.27913148e+10  1.73781213e+11  1.08909874e+10
 2.02150000e+02  1.12647587e+17  4.05254605e+16  6.06523097e+10  3.28401009e+10  1.73781213e+11  1.08909874e+10
 2.02175000e+02  1.12516654e+17  4.05854062e+16  6.05818122e+10  3.28886784e+10  1.73781213e+11  1.08909874e+10
 2.02200000e+02  1.12385874e+17  4.06450951e+16  6.05113966e+10  3.29370476e+10  1.73781213e+11  1.08909874e+10
 2.02225000e+02  1.12255245e+17  4.07045276e+16  6.04410628e+10  3.29852092e+10  1.73781213e+11  1.08909874e+10
 2.02250000e+02  1.12124768e+17  4.07637046e+16  6.03708108e+10  3.30331637e+10  1.73781213e+11  1.08909874e+10
 2.02250000e+02  1.12124768e+17  0.00000000e+00  6.03708108e+10  0.00000000e+00  1.94285807e+11  1.08800964e+10
 2.03000000e+02  1.08280198e+17  3.74480082e+15  5.83007970e+10  3.03462651e+09  1.94285807e+11  1.08800964e+10
 2.03750000e+02  1.04567452e+17  7.16962871e+15  5.63017606e+10  5.80996063e+09  1.94285807e+11  1.08800964e+10
 2.04500000e+02  1.00982010e+17  1.02952550e+16  5.43712677e+10  8.34283458e+09  1.94285807e+11  1.08800964e+10
 2.05250000e+02  9.75195059e+16  1.31412375e+16  5.25069682e+10  1.06490971e+10  1.94285807e+11  1.08800964e+10
 2.06000000e+02  9.41757257e+16  1.57259877e+16  5.07065924e+10  1.27436682e+10  1.94285807e+11  1.08800964e+10
 2.06750000e+02  9.09465982e+16  1.80668345e+16  4.89679484e+10  1.46405903e+10  1.94285807e+11  1.08800964e+10
 2.07500000e+02  8.78281920e+16  2.01800842e+16  4.72889197e+10  1.63530776e+10  1.94285807e+11  1.08800964e+10
 2.08250000e+02  8.48167107e+16  2.20810778e+16  4.56674620e+10  1.78935616e+10  1.94285807e+11  1.08800964e+10
 2.09000000e+02  8.19084881e+16  2.37842447e+16  4.41016014e+10  1.92737352e+10  1.94285807e+11  1.08800964e+10
 2.09750000e+02  7.90999835e+16  2.53031537e+16  4.25894315e+10  2.05045941e+10  1.94285807e+11  1.08800964e+10
 2.09750000e+02  7.90999835e+16  0.00000000e+00  4.25894315e+10  0.00000000e+00  1.94285807e+11  1.08800964e+10
 2.09775000e+02  7.90080438e+16  9.18592658e+13  4.25399288e+10  7.44388224e+07  1.94285807e+11  1.08800964e+10
 2.09800000e+02  7.89162110e+16  1.83451114e+14  4.24904837e+10  1.48660941e+08  1.94285807e+11  1.08800964e+10
 2.09825000e+02  7.88244849e+16  2.74776137e+14  4.24410961e+10  2.22666836e+08  1.94285807e+11  1.08800964e+10
 2.09850000e+02  7.87328654e+16  3.65834925e+14  4.23917658e+10  2.96456985e+08  1.94285807e+11  1.08800964e+10
 2.09875000e+02  7.86413524e+16  4.56628068e+14  4.23424929e+10  3.70031867e+08  1.94285807e+11  1.08800964e+10
 2.09900000e+02  7.85499458e+16  5.47156153e+14  4.22932773e+10  4.43391957e+08  1.94285807e+11  1.08800964e+10
 2.09925000e+02  7.84586454e+16  6.37419768e+14  4.22441189e+10  5.16537733e+08  1.94285807e+11  1.08800964e+10
 2.09950000e+02  7.83674511e+16  7.27419499e+14  4.21950176e+10  5.89469667e+08  1.94285807e+11  1.08800964e+10
 2.09975000e+02  7.82763629e+16  8.17155930e+14  4.21459733e+10  6.62188235e+08  1.94285807e+11  1.08800964e+10
 2.10000000e+02  7.81853805e+16  9.06629644e+14  4.20969861e+10  7.34693909e+08  1.94285807e+11  1.08800964e+10
 2.10000000e+02  7.81853805e+16  9.06629644e+14  4.20969861e+10  7.34693909e+08  1.94285807e+11  1.08800964e+10
 2.11300000e+02  8.27151650e+16  5.48151218e+15  4.45359367e+10  4.44198316e+09  1.94285807e+11  1.08800964e+10
 2.12600000e+02  8.69791256e+16  9.91234893e+15  4.68317609e+10  8.03254386e+09  1.94285807e+11  1.08800964e+10
 2.13900000e+02  9.09928617e+16  1.41967681e+16  4.89928579e+10  1.15044540e+10  1.94285807e+11  1.08800964e+10
 2.15200000e+02  9.47710575e+16  1.83334788e+16  5.10271340e+10  1.48566675e+10  1.94285807e+11  1.08800964e+10
 2.16500000e+02  9.83275352e+16  2.23221257e+16  5.29420316e+10  1.80888965e+10  1.94285807e+11  1.08800964e+10
 2.17800000e+02  1.01675306e+17  2.61631596e+16  5.47445561e+10  2.12015061e+10  1.94285807e+11  1.08800964e+10
 2.19100000e+02  1.04826618e+17  2.98577211e+16  5.64413021e+10  2.41954209e+10  1.94285807e+11  1.08800964e+10
 2.20400000e+02  1.07792999e+17  3.34075388e+16  5.80384769e+10  2.70720414e+10  1.94285807e+11  1.08800964e+10
 2.21700000e+02  1.10585303e+17  3.68148369e+16  5.95419238e+10  2.98331701e+10  1.94285807e+11  1.08800964e+10
 2.23000000e+02  1.13213744e+17  4.00822547e+16  6.09571431e+10  3.24809458e+10  1.94285807e+11  1.08800964e+10
 2.23000000e+02  1.13213744e+17  4.00822547e+16  6.09571431e+10  3.24809458e+10  1.94285807e+11  1.08692163e+10
 2.23025000e+02  1.13082153e+17  4.01436330e+16  6.08862912e+10  3.25306842e+10  1.94285807e+11  1.08692163e+10
 2.23050000e+02  1.12950716e+17  4.02047511e+16  6.08155217e+10  3.25802117e+10  1.94285807e+11  1.08692163e+10
 2.23075000e+02  1.12819430e+17  4.02656097e+16  6.07448344e+10  3.26295289e+10  1.94285807e+11  1.08692163e+10
 2.23100000e+02  1.12688298e+17  4.03262094e+16  6.06742293e+10  3.26786363e+10  1.94285807e+11  1.08692163e+10
 2.23125000e+02  1.12557318e+17  4.03865509e+16  6.06037063e+10  3.27275345e+10  1.94285807e+11  1.08692163e+10
 2.23150000e+02  1.12426490e+17  4.04466347e+16  6.05332653e+10  3.27762238e+10  1.94285807e+11  1.08692163e+10
 2.23175000e+02  1.12295814e+17  4.05064615e+16  6.04629061e+10  3.28247049e+10  1.94285807e+11  1.08692163e+10
 2.23200000e+02  1.12165290e+17  4.05660320e+16  6.03926287e+10  3.28729782e+10  1.94285807e+11  1.08692163e+10
 2.23225000e+02  1.12034918e+17  4.06253466e+16  6.03224330e+10  3.29210443e+10  1.94285807e+11  1.08692163e+10
 2.23250000e+02  1.11904697e+17  4.06844062e+16  6.02523188e+10  3.29689036e+10  1.94285807e+11  1.08692163e+10
 2.23250000e+02  1.11904697e+17  0.00000000e+00  6.02523188e+10  0.00000000e+00  2.14750156e+11  1.08583471e+10
 2.24000000e+02  1.08067673e+17  3.73745077e+15  5.81863680e+10  3.02867034e+09  2.14750156e+11  1.08583471e+10
 2.24750000e+02  1.04362214e+17  7.15555662e+15  5.61912551e+10  5.79855722e+09  2.14750156e+11  1.08583471e+10
 2.25500000e+02  1.00783808e+17  1.02750481e+16  5.42645512e+10  8.32645979e+09  2.14750156e+11  1.08583471e+10
 2.26250000e+02  9.73281009e+16  1.31154447e+16  5.24039109e+10  1.06281958e+10  2.14750156e+11  1.08583471e+10
 2.27000000e+02  9.39908836e+16  1.56951217e+16  5.06070687e+10  1.27186557e+10  2.14750156e+11  1.08583471e+10
 2.27750000e+02  9.07680940e+16  1.80313740e+16  4.88718373e+10  1.46118547e+10  2.14750156e+11  1.08583471e+10
 2.28500000e+02  8.76558084e+16  2.01404760e+16  4.71961040e+10  1.63209808e+10  2.14750156e+11  1.08583471e+10
 2.29250000e+02  8.46502379e+16  2.20377385e+16  4.55778288e+10  1.78584412e+10  2.14750156e+11  1.08583471e+10
 2.30000000e+02  8.17477233e+16  2.37375625e+16  4.40150416e+10  1.92359060e+10  2.14750156e+11  1.08583471e+10
 2.30750000e+02  7.89447311e+16  2.52534902e+16  4.25058397e+10  2.04643490e+10  2.14750156e+11  1.08583471e+10
 2.30750000e+02  7.89447311e+16  0.00000000e+00  4.25058397e+10  0.00000000e+00  2.14750156e+11  1.08583471e+10
 2.30775000e+02  7.88529719e+16  9.16789703e+13  4.24564342e+10  7.42927186e+07  2.14750156e+11  1.08583471e+10
 2.30800000e+02  7.87613193e+16  1.83091048e+14  4.24070861e+10  1.48369159e+08  2.14750156e+11  1.08583471e+10
 2.30825000e+02  7.86697732e+16  2.74236824e+14  4.23577954e+10  2.22229800e+08  2.14750156e+11  1.08583471e+10
 2.30850000e+02  7.85783335e+16  3.65116888e+14  4.23085620e+10  2.95875119e+08  2.14750156e+11  1.08583471e+10
 2.30875000e+02  7.84870002e+16  4.55731827e+14  4.22593858e+10  3.69305592e+08  2.14750156e+11  1.08583471e+10
 2.30900000e+02  7.83957730e+16  5.46082230e+14  4.22102667e+10  4.42521696e+08  2.14750156e+11  1.08583471e+10
 2.30925000e+02  7.83046518e+16  6.36168681e+14  4.21612048e+10  5.15523905e+08  2.14750156e+11  1.08583471e+10
 2.30950000e+02  7.82136365e+16  7.25991766e+14  4.21121999e+10  5.88312694e+08  2.14750156e+11  1.08583471e+10
 2.30975000e+02  7.81227270e+16  8.15552068e+14  4.20632519e+10  6.60888534e+08  2.14750156e+11  1.08583471e+10
 2.31000000e+02  7.80319232e+16  9.04850170e+14  4.20143608e+10  7.33251899e+08  2.14750156e+11  1.08583471e+10
 2.31000000e+02  7.80319232e+16  9.04850170e+14  4.20143608e+10  7.33251899e+08  2.14750156e+11  1.08583471e+10
 2.32300000e+02  8.25524863e+16  5.47074362e+15  4.44483463e+10  4.43325678e+09  2.14750156e+11  1.08583471e+10
 2.33600000e+02  8.68077666e+16  9.89285633e+15  4.67394969e+10  8.01674788e+09  2.14750156e+11  1.08583471e+10
 2.34900000e+02  9.08133318e+16  1.41688238e+16  4.88961945e+10  1.14818091e+10  2.14750156e+11  1.08583471e+10
 2.36200000e+02  9.45838362e+16  1.82973599e+16  5.09263294e+10  1.48273983e+10  2.14750156e+11  1.08583471e+10
 2.37500000e+02  9.81330739e+16  2.22781123e+16  5.28373287e+10  1.80532299e+10  2.14750156e+11  1.08583471e+10
 2.38800000e+02  1.01474030e+17  2.61115324e+16  5.46361838e+10  2.11596697e+10  2.14750156e+11  1.08583471e+10
 2.40100000e+02  1.04618926e+17  2.97987606e+16  5.63294756e+10  2.41476418e+10  2.14750156e+11  1.08583471e+10
 2.41400000e+02  1.07579269e+17  3.33415232e+16  5.79233990e+10  2.70185452e+10  2.14750156e+11  1.08583471e+10
 2.42700000e+02  1.10365888e+17  3.67420415e+16  5.94237853e+10  2.97741798e+10  2.14750156e+11  1.08583471e+10
 2.44000000e+02  1.12988979e+17  4.00029505e+16  6.08361236e+10  3.24166811e+10  2.14750156e+11  1.08583471e+10
 2.44000000e+02  1.12988979e+17  4.00029505e+16  6.08361236e+10  3.24166811e+10  2.14750156e+11  1.08474887e+10
 2.44025000e+02  1.12857649e+17  4.00642065e+16  6.07654124e+10  3.24663204e+10  2.14750156e+11  1.08474887e+10
 2.44050000e+02  1.12726472e+17  4.01252028e+16  6.06947834e+10  3.25157492e+10  2.14750156e+11  1.08474887e+10
 2.44075000e+02  1.12595448e+17  4.01859401e+16  6.06242365e+10  3.25649681e+10  2.14750156e+11  1.08474887e+10
 2.44100000e+02  1.12464575e+17  4.02464191e+16  6.05537715e+10  3.26139776e+10  2.14750156e+11  1.08474887e+10
 2.44125000e+02  1.12333855e+17  4.03066403e+16  6.04833885e+10  3.26627783e+10  2.14750156e+11  1.08474887e+10
 2.44150000e+02  1.12203287e+17  4.03666043e+16  6.04130873e+10  3.27113706e+10  2.14750156e+11  1.08474887e+10
 2.44175000e+02  1.12072871e+17  4.04263119e+16  6.03428678e+10  3.27597551e+10  2.14750156e+11  1.08474887e+10
 2.44200000e+02  1.11942606e+17  4.04857636e+16  6.02727299e+10  3.28079322e+10  2.14750156e+11  1.08474887e+10
 2.44225000e+02  1.11812492e+17  4.05449600e+16  6.02026736e+10  3.28559025e+10  2.14750156e+11  1.08474887e+10
 2.44250000e+02  1.11682530e+17  4.06039018e+16  6.01326986e+10  3.29036664e+10  2.14750156e+11  1.08474887e+10
 2.44250000e+02  1.11682530e+17  0.00000000e+00  6.01326986e+10  0.00000000e+00  2.35173877e+11  1.08366413e+10
 2.45000000e+02  1.07853124e+17  3.73003073e+15  5.80708493e+10  3.02265746e+09  2.35173877e+11  1.08366413e+10
 2.45750000e+02  1.04155021e+17  7.14135055e+15  5.60796974e+10  5.78704522e+09  2.35173877e+11  1.08366413e+10
 2.46500000e+02  1.00583720e+17  1.02546489e+16  5.41568187e+10  8.30992910e+09  2.35173877e+11  1.08366413e+10
 2.47250000e+02  9.71348733e+16  1.30894064e+16  5.22998723e+10  1.06070954e+10  2.35173877e+11  1.08366413e+10
 2.48000000e+02  9.38042816e+16  1.56639619e+16  5.05065975e+10  1.26934051e+10  2.35173877e+11  1.08366413e+10
 2.48750000e+02  9.05878902e+16  1.79955760e+16  4.87748110e+10  1.45828455e+10  2.35173877e+11  1.08366413e+10
 2.49500000e+02  8.74817835e+16  2.01004907e+16  4.71024046e+10  1.62885784e+10  2.35173877e+11  1.08366413e+10
 2.50250000e+02  8.44821800e+16  2.19939865e+16  4.54873422e+10  1.78229865e+10  2.35173877e+11  1.08366413e+10
 2.51000000e+02  8.15854279e+16  2.36904358e+16  4.39276576e+10  1.91977165e+10  2.35173877e+11  1.08366413e+10
 2.51750000e+02  7.87880005e+16  2.52033540e+16  4.24214520e+10  2.04237207e+10  2.35173877e+11  1.08366413e+10
 2.51750000e+02  7.87880005e+16  0.00000000e+00  4.24214520e+10  0.00000000e+00  2.35173877e+11  1.08366413e+10
 2.51775000e+02  7.86964234e+16  9.14969582e+13  4.23721445e+10  7.41452237e+07  2.35173877e+11  1.08366413e+10
 2.51800000e+02  7.86049528e+16  1.82727554e+14  4.23228944e+10  1.48074599e+08  2.35173877e+11  1.08366413e+10
 2.51825000e+02  7.85135885e+16  2.73692376e+14  4.22737016e+10  2.21788602e+08  2.35173877e+11  1.08366413e+10
 2.51850000e+02  7.84223303e+16  3.64392014e+14  4.22245659e+10  2.95287712e+08  2.35173877e+11  1.08366413e+10
 2.51875000e+02  7.83311783e+16  4.54827053e+14  4.21754873e+10  3.68572402e+08  2.35173877e+11  1.08366413e+10
 2.51900000e+02  7.82401322e+16  5.44998081e+14  4.21264658e+10  4.41643149e+08  2.35173877e+11  1.08366413e+10
 2.51925000e+02  7.81491919e+16  6.34905682e+14  4.20775013e+10  5.14500425e+08  2.35173877e+11  1.08366413e+10
 2.51950000e+02  7.80583573e+16  7.24550439e+14  4.20285936e+10  5.87144704e+08  2.35173877e+11  1.08366413e+10
 2.51975000e+02  7.79676284e+16  8.13932935e+14  4.19797429e+10  6.59576458e+08  2.35173877e+11  1.08366413e+10
 2.52000000e+02  7.78770048e+16  9.03053752e+14  4.19309489e+10  7.31796158e+08  2.35173877e+11  1.08366413e+10
 2.52000000e+02  7.78770048e+16  9.03053752e+14  4.19309489e+10  7.31796158e+08  2.35173877e+11  1.08366413e+10
 2.53300000e+02  8.23884687e+16  5.45987875e+15  4.43600351e+10  4.42445235e+09  2.35173877e+11  1.08366413e+10
 2.54600000e+02  8.66351837e+16  9.87320180e+15  4.66465738e+10  8.00082069e+09  2.35173877e+11  1.08366413e+10
 2.55900000e+02  9.06326863e+16  1.41406640e+16  4.87989303e+10  1.14589897e+10  2.35173877e+11  1.08366413e+10
 2.57200000e+02  9.43956012e+16  1.82609829e+16  5.08249789e+10  1.47979200e+10  2.35173877e+11  1.08366413e+10
 2.58500000e+02  9.79376948e+16  2.22338074e+16  5.27321316e+10  1.80173271e+10  2.35173877e+11  1.08366413e+10
 2.59800000e+02  1.01271926e+17  2.60595888e+16  5.45273659e+10  2.11175768e+10  2.35173877e+11  1.08366413e+10
 2.61100000e+02  1.04410492e+17  2.97394658e+16  5.62172494e+10  2.40995919e+10  2.35173877e+11  1.08366413e+10
 2.62400000e+02  1.07364876e+17  3.32751619e+16  5.78079644e+10  2.69647688e+10  2.35173877e+11  1.08366413e+10
 2.63700000e+02  1.10145886e+17  3.66688943e+16  5.93053307e+10  2.97149045e+10  2.35173877e+11  1.08366413e+10
 2.65000000e+02  1.12763697e+17  3.99232934e+16  6.07148261e+10  3.23521304e+10  2.35173877e+11  1.08366413e+10
 2.65000000e+02  1.12763697e+17  3.99232934e+16  6.07148261e+10  3.23521304e+10  2.35173877e+11  1.08258046e+10
 2.65025000e+02  1.12632629e+17  3.99844271e+16  6.06442559e+10  3.24016705e+10  2.35173877e+11  1.08258046e+10
 2.65050000e+02  1.12501714e+17  4.00453016e+16  6.05737677e+10  3.24510007e+10  2.35173877e+11  1.08258046e+10
 2.65075000e+02  1.12370950e+17  4.01059177e+16  6.05033614e+10  3.25001213e+10  2.35173877e+11  1.08258046e+10
 2.65100000e+02  1.12240339e+17  4.01662758e+16  6.04330370e+10  3.25490330e+10  2.35173877e+11  1.08258046e+10
 2.65125000e+02  1.12109879e+17  4.02263768e+16  6.03627943e+10  3.25977362e+10  2.35173877e+11  1.08258046e+10
 2.65150000e+02  1.11979572e+17  4.02862211e+16  6.02926333e+10  3.26462315e+10  2.35173877e+11  1.08258046e+10
 2.65175000e+02  1.11849415e+17  4.03458094e+16  6.02225538e+10  3.26945193e+10  2.35173877e+11  1.08258046e+10
 2.65200000e+02  1.11719410e+17  4.04051424e+16  6.01525557e+10  3.27426002e+10  2.35173877e+11  1.08258046e+10
 2.65225000e+02  1.11589556e+17  4.04642206e+16  6.00826391e+10  3.27904747e+10  2.35173877e+11  1.08258046e+10
 2.65250000e+02  1.11459853e+17  4.05230448e+16  6.00128037e+10  3.28381433e+10  2.35173877e+11  1.08258046e+10
 2.65250000e+02  1.11459853e+17  0.00000000e+00  6.00128037e+10  0.00000000e+00  2.55556876e+11  1.08149788e+10
 2.66000000e+02  1.07638082e+17  3.72259364e+15  5.79550654e+10  3.01663076e+09  2.55556876e+11  1.08149788e+10
 2.66750000e+02  1.03947353e+17  7.12711184e+15  5.59678834e+10  5.77550678e+09  2.55556876e+11  1.08149788e+10
 2.67500000e+02  1.00383172e+17  1.02342027e+16  5.40488387e+10  8.29336043e+09  2.55556876e+11  1.08149788e+10
 2.68250000e+02  9.69412019e+16  1.30633082e+16  5.21955947e+10  1.05859465e+10  2.55556876e+11  1.08149788e+10
 2.69000000e+02  9.36172508e+16  1.56327304e+16  5.04058954e+10  1.26680965e+10  2.55556876e+11  1.08149788e+10
 2.69750000e+02  9.04072725e+16  1.79596957e+16  4.86775618e+10  1.45537697e+10  2.55556876e+11  1.08149788e+10
 2.70500000e+02  8.73073588e+16  2.00604135e+16  4.70084899e+10  1.62561016e+10  2.55556876e+11  1.08149788e+10
 2.71250000e+02  8.43137360e+16  2.19501340e+16  4.53966477e+10  1.77874503e+10  2.55556876e+11  1.08149788e+10
 2.72000000e+02  8.14227596e+16  2.36432009e+16  4.38400729e+10  1.91594394e+10  2.55556876e+11  1.08149788e+10
 2.72750000e+02  7.86309098e+16  2.51531025e+16  4.23368704e+10  2.03829991e+10  2.55556876e+11  1.08149788e+10
 2.72750000e+02  7.86309098e+16  0.00000000e+00  4.23368704e+10  0.00000000e+00  2.55556876e+11  1.08149788e+10
 2.72775000e+02  7.85395153e+16  9.13145279e+13  4.22876613e+10  7.39973900e+07  2.55556876e+11  1.08149788e+10
 2.72800000e+02  7.84482271e+16  1.82363224e+14  4.22385094e+10  1.47779362e+08  2.55556876e+11  1.08149788e+10
 2.72825000e+02  7.83570449e+16  2.73146677e+14  4.21894146e+10  2.21346391e+08  2.55556876e+11  1.08149788e+10
 2.72850000e+02  7.82659688e+16  3.63665474e+14  4.21403769e+10  2.94698955e+08  2.55556876e+11  1.08149788e+10
 2.72875000e+02  7.81749985e+16  4.53920201e+14  4.20913962e+10  3.67837528e+08  2.55556876e+11  1.08149788e+10
 2.72900000e+02  7.80841339e+16  5.43911442e+14  4.20424724e+10  4.40762583e+08  2.55556876e+11  1.08149788e+10
 2.72925000e+02  7.79933749e+16  6.33639782e+14  4.19936055e+10  5.13474593e+08  2.55556876e+11  1.08149788e+10
 2.72950000e+02  7.79027215e+16  7.23105802e+14  4.19447954e+10  5.85974032e+08  2.55556876e+11  1.08149788e+10
 2.72975000e+02  7.78121734e+16  8.12310083e+14  4.18960420e+10  6.58261368e+08  2.55556876e+11  1.08149788e+10
 2.73000000e+02  7.77217305e+16  9.01253207e+14  4.18473453e+10  7.30337074e+08  2.55556876e+11  1.08149788e+10
 2.73000000e+02  7.77217305e+16  9.01253207e+14  4.18473453e+10  7.30337074e+08  2.55556876e+11  1.08149788e+10
 2.74300000e+02  8.22241524e+16  5.44899124e+15  4.42715630e+10  4.41562957e+09  2.55556876e+11  1.08149788e+10
 2.75600000e+02  8.64623560e+16  9.85351093e+15  4.65535191e+10  7.98486406e+09  2.55556876e+11  1.08149788e+10
 2.76900000e+02  9.04518467e+16  1.41124585e+16  4.87015617e+10  1.14361331e+10  2.55556876e+11  1.08149788e+10
 2.78200000e+02  9.42072199e+16  1.82245543e+16  5.07235496e+10  1.47683998e+10  2.55556876e+11  1.08149788e+10
 2.79500000e+02  9.77422143e+16  2.21894483e+16  5.26268800e+10  1.79813803e+10  2.55556876e+11  1.08149788e+10
 2.80800000e+02  1.01069763e+17  2.60075911e+16  5.44185162e+10  2.10754401e+10  2.55556876e+11  1.08149788e+10
 2.82100000e+02  1.04202039e+17  2.96801194e+16  5.61050128e+10  2.40515001e+10  2.55556876e+11  1.08149788e+10
 2.83400000e+02  1.07150501e+17  3.32087534e+16  5.76925397e+10  2.69109542e+10  2.55556876e+11  1.08149788e+10
 2.84700000e+02  1.09925938e+17  3.65957062e+16  5.91869048e+10  2.96555960e+10  2.55556876e+11  1.08149788e+10
 2.86000000e+02  1.12538502e+17  3.98436030e+16  6.05935753e+10  3.22875527e+10  2.55556876e+11  1.08149788e+10
 2.86000000e+02  1.12538502e+17  3.98436030e+16  6.05935753e+10  3.22875527e+10  2.55556876e+11  1.08041638e+10
 2.86025000e+02  1.12407696e+17  3.99046145e+16  6.05231460e+10  3.23369938e+10  2.55556876e+11  1.08041638e+10
 2.86050000e+02  1.12277042e+17  3.99653674e+16  6.04527986e+10  3.23862254e+10  2.55556876e+11  1.08041638e+10
 2.86075000e+02  1.12146539e+17  4.00258623e+16  6.03825330e+10  3.24352479e+10  2.55556876e+11  1.08041638e+10
 2.86100000e+02  1.12016189e+17  4.00860999e+16  6.03123490e+10  3.24840618e+10  2.55556876e+11  1.08041638e+10
 2.86125000e+02  1.11885990e+17  4.01460808e+16  6.02422466e+10  3.25326677e+10  2.55556876e+11  1.08041638e+10
 2.86150000e+02  1.11755942e+17  4.02058055e+16  6.01722257e+10  3.25810661e+10  2.55556876e+11  1.08041638e+10
 2.86175000e+02  1.11626046e+17  4.02652748e+16  6.01022861e+10  3.26292575e+10  2.55556876e+11  1.08041638e+10
 2.86200000e+02  1.11496301e+17  4.03244892e+16  6.00324279e+10  3.26772423e+10  2.55556876e+11  1.08041638e+10
 2.86225000e+02  1.11366706e+17  4.03834494e+16  5.99626508e+10  3.27250211e+10  2.55556876e+11  1.08041638e+10
 2.86250000e+02  1.11237262e+17  4.04421560e+16  5.98929549e+10  3.27725944e+10  2.55556876e+11  1.08041638e+10
 2.86250000e+02  1.11237262e+17  0.00000000e+00  5.98929549e+10  0.00000000e+00  2.75899169e+11  1.07933597e+10
 2.87000000e+02  1.07423123e+17  3.71515943e+15  5.78393260e+10  3.01060639e+09  2.75899169e+11  1.07933597e+10
 2.87750000e+02  1.03739764e+17  7.11287861e+15  5.58561126e+10  5.76397278e+09  2.75899169e+11  1.07933597e+10
 2.88500000e+02  1.00182702e+17  1.02137645e+16  5.39409002e+10  8.27679814e+09  2.75899169e+11  1.07933597e+10
 2.89250000e+02  9.67476052e+16  1.30372200e+16  5.20913573e+10  1.05648058e+10  2.75899169e+11  1.07933597e+10
 2.90000000e+02  9.34302922e+16  1.56015110e+16  5.03052321e+10  1.26427976e+10  2.75899169e+11  1.07933597e+10
 2.90750000e+02  9.02267243e+16  1.79238292e+16  4.85803501e+10  1.45247050e+10  2.75899169e+11  1.07933597e+10
 2.91500000e+02  8.71330014e+16  2.00203518e+16  4.69146115e+10  1.62236373e+10  2.75899169e+11  1.07933597e+10
 2.92250000e+02  8.41453570e+16  2.19062984e+16  4.53059882e+10  1.77519278e+10  2.75899169e+11  1.07933597e+10
 2.93000000e+02  8.12601540e+16  2.35959842e+16  4.37525219e+10  1.91211769e+10  2.75899169e+11  1.07933597e+10
 2.93750000e+02  7.84738797e+16  2.51028704e+16  4.22523214e+10  2.03422931e+10  2.75899169e+11  1.07933597e+10
 2.93750000e+02  7.84738797e+16  0.00000000e+00  4.22523214e+10  0.00000000e+00  2.75899169e+11  1.07933597e+10
 2.93775000e+02  7.83826677e+16  9.11321679e+13  4.22032105e+10  7.38496133e+07  2.75899169e+11  1.07933597e+10
 2.93800000e+02  7.82915618e+16  1.81999035e+14  4.21541568e+10  1.47484238e+08  2.75899169e+11  1.07933597e+10
 2.93825000e+02  7.82005617e+16  2.72601189e+14  4.21051601e+10  2.20904351e+08  2.75899169e+11  1.07933597e+10
 2.93850000e+02  7.81096674e+16  3.62939215e+14  4.20562203e+10  2.94110425e+08  2.75899169e+11  1.07933597e+10
 2.93875000e+02  7.80188788e+16  4.53013698e+14  4.20073374e+10  3.67102936e+08  2.75899169e+11  1.07933597e+10
 2.93900000e+02  7.79281957e+16  5.42825222e+14  4.19585113e+10  4.39882356e+08  2.75899169e+11  1.07933597e+10
 2.93925000e+02  7.78376180e+16  6.32374369e+14  4.19097420e+10  5.12449157e+08  2.75899169e+11  1.07933597e+10
 2.93950000e+02  7.77471456e+16  7.21661721e+14  4.18610293e+10  5.84803810e+08  2.75899169e+11  1.07933597e+10
 2.93975000e+02  7.76567783e+16  8.10687857e+14  4.18123733e+10  6.56946785e+08  2.75899169e+11  1.07933597e+10
 2.94000000e+02  7.75665161e+16  8.99453356e+14  4.17637739e+10  7.28878552e+08  2.75899169e+11  1.07933597e+10
 2.94000000e+02  7.75665161e+16  8.99453356e+14  4.17637739e+10  7.28878552e+08  2.75899169e+11  1.07933597e+10
 2.95300000e+02  8.20599287e+16  5.43810879e+15  4.41831409e+10  4.40681090e+09  2.75899169e+11  1.07933597e+10
 2.96600000e+02  8.62896518e+16  9.83383095e+15  4.64605307e+10  7.96891624e+09  2.75899169e+11  1.07933597e+10
 2.97900000e+02  9.02711597e+16  1.40842709e+16  4.86042753e+10  1.14132911e+10  2.75899169e+11  1.07933597e+10
 2.99200000e+02  9.40190184e+16  1.81881517e+16  5.06222172e+10  1.47389006e+10  2.75899169e+11  1.07933597e+10
 3.00500000e+02  9.75469394e+16  2.21451240e+16  5.25217391e+10  1.79454619e+10  2.75899169e+11  1.07933597e+10
 3.01800000e+02  1.00867829e+17  2.59556378e+16  5.43097902e+10  2.10333394e+10  2.75899169e+11  1.07933597e+10
 3.03100000e+02  1.03993838e+17  2.96208275e+16  5.59929122e+10  2.40034525e+10  2.75899169e+11  1.07933597e+10
 3.04400000e+02  1.06936401e+17  3.31424100e+16  5.75772625e+10  2.68571924e+10  2.75899169e+11  1.07933597e+10
 3.05700000e+02  1.09706284e+17  3.65225939e+16  5.90686375e+10  2.95963489e+10  2.75899169e+11  1.07933597e+10
 3.07000000e+02  1.12313620e+17  3.97639994e+16  6.04724933e+10  3.22230454e+10  2.75899169e+11  1.07933597e+10
 3.07000000e+02  1.12313620e+17  3.97639994e+16  6.04724933e+10  3.22230454e+10  2.75899169e+11  1.07825663e+10
 3.07025000e+02  1.12183075e+17  3.98248890e+16  6.04022047e+10  3.22723877e+10  2.75899169e+11  1.07825663e+10
 3.07050000e+02  1.12052682e+17  3.98855205e+16  6.03319979e+10  3.23215208e+10  2.75899169e+11  1.07825663e+10
 3.07075000e+02  1.11922441e+17  3.99458945e+16  6.02618726e+10  3.23704453e+10  2.75899169e+11  1.07825663e+10
 3.07100000e+02  1.11792351e+17  4.00060116e+16  6.01918289e+10  3.24191617e+10  2.75899169e+11  1.07825663e+10
 3.07125000e+02  1.11662412e+17  4.00658726e+16  6.01218666e+10  3.24676705e+10  2.75899169e+11  1.07825663e+10
 3.07150000e+02  1.11532624e+17  4.01254780e+16  6.00519856e+10  3.25159721e+10  2.75899169e+11  1.07825663e+10
 3.07175000e+02  1.11402987e+17  4.01848284e+16  5.99821858e+10  3.25640672e+10  2.75899169e+11  1.07825663e+10
 3.07200000e+02  1.11273501e+17  4.02439245e+16  5.99124671e+10  3.26119561e+10  2.75899169e+11  1.07825663e+10
 3.07225000e+02  1.11144166e+17  4.03027668e+16  5.98428295e+10  3.26596394e+10  2.75899169e+11  1.07825663e+10
 3.07250000e+02  1.11014980e+17  4.03613560e+16  5.97732728e+10  3.27071176e+10  2.75899169e+11  1.07825663e+10
 3.07250000e+02  1.11014980e+17  0.00000000e+00  5.97732728e+10  0.00000000e+00  2.96200813e+11  1.07717837e+10
 3.08000000e+02  1.07208463e+17  3.70773555e+15  5.77237476e+10  3.00459040e+09  2.96200813e+11  1.07717837e+10
 3.08750000e+02  1.03532465e+17  7.09866519e+15  5.57444972e+10  5.75245483e+09  2.96200813e+11  1.07717837e+10
 3.09500000e+02  9.99825102e+16  1.01933547e+16  5.38331120e+10  8.26025890e+09  2.96200813e+11  1.07717837e+10
 3.10250000e+02  9.65542777e+16  1.30111682e+16  5.19872649e+10  1.05436945e+10  2.96200813e+11  1.07717837e+10
 3.11000000e+02  9.32435936e+16  1.55703351e+16  5.02047089e+10  1.26175340e+10  2.96200813e+11  1.07717837e+10
 3.11750000e+02  9.00464273e+16  1.78880126e+16  4.84832737e+10  1.44956808e+10  2.96200813e+11  1.07717837e+10
 3.12500000e+02  8.69588865e+16  1.99803458e+16  4.68208636e+10  1.61912182e+10  2.96200813e+11  1.07717837e+10
 3.13250000e+02  8.39772122e+16  2.18625238e+16  4.52154548e+10  1.77164548e+10  2.96200813e+11  1.07717837e+10
 3.14000000e+02  8.10977746e+16  2.35488331e+16  4.36650927e+10  1.90829677e+10  2.96200813e+11  1.07717837e+10
 3.14750000e+02  7.83170680e+16  2.50527082e+16  4.21678900e+10  2.03016438e+10  2.96200813e+11  1.07717837e+10
 3.14750000e+02  7.83170680e+16  0.00000000e+00  4.21678900e+10  0.00000000e+00  2.96200813e+11  1.07717837e+10
 3.14775000e+02  7.82260383e+16  9.09500616e+13  4.21188773e+10  7.37020421e+07  2.96200813e+11  1.07717837e+10
 3.14800000e+02  7.81351144e+16  1.81635353e+14  4.20699216e+10  1.47189526e+08  2.96200813e+11  1.07717837e+10
 3.14825000e+02  7.80442962e+16  2.72056459e+14  4.20210228e+10  2.20462925e+08  2.96200813e+11  1.07717837e+10
 3.14850000e+02  7.79535836e+16  3.62213966e+14  4.19721808e+10  2.93522715e+08  2.96200813e+11  1.07717837e+10
 3.14875000e+02  7.78629763e+16  4.52108456e+14  4.19233956e+10  3.66369367e+08  2.96200813e+11  1.07717837e+10
 3.14900000e+02  7.77724744e+16  5.41740513e+14  4.18746671e+10  4.39003354e+08  2.96200813e+11  1.07717837e+10
 3.14925000e+02  7.76820777e+16  6.31110717e+14  4.18259952e+10  5.11425148e+08  2.96200813e+11  1.07717837e+10
 3.14950000e+02  7.75917861e+16  7.20219649e+14  4.17773799e+10  5.83635217e+08  2.96200813e+11  1.07717837e+10
 3.14975000e+02  7.75015994e+16  8.09067887e+14  4.17288211e+10  6.55634031e+08  2.96200813e+11  1.07717837e+10
 3.15000000e+02  7.74115176e+16  8.97656009e+14  4.16803187e+10  7.27422059e+08  2.96200813e+11  1.07717837e+10
 3.15000000e+02  7.74115176e+16  8.97656009e+14  4.16803187e+10  7.27422059e+08  2.96200813e+11  1.07717837e+10
 3.16300000e+02  8.18959445e+16  5.42724180e+15  4.40948476e+10  4.39800476e+09  2.96200813e+11  1.07717837e+10
 3.17600000e+02  8.61172093e+16  9.81417959e+15  4.63676833e+10  7.95299162e+09  2.96200813e+11  1.07717837e+10
 3.18900000e+02  9.00907551e+16  1.40561252e+16  4.85071409e+10  1.13904830e+10  2.96200813e+11  1.07717837e+10
 3.20200000e+02  9.38311191e+16  1.81518042e+16  5.05210475e+10  1.47094462e+10  2.96200813e+11  1.07717837e+10
 3.21500000e+02  9.73519852e+16  2.21008681e+16  5.24167708e+10  1.79095988e+10  2.96200813e+11  1.07717837e+10
 3.22800000e+02  1.00666234e+17  2.59037660e+16  5.42012463e+10  2.09913047e+10  2.96200813e+11  1.07717837e+10
 3.24100000e+02  1.03785991e+17  2.95616301e+16  5.58810024e+10  2.39554814e+10  2.96200813e+11  1.07717837e+10
 3.25400000e+02  1.06722670e+17  3.30761737e+16  5.74621845e+10  2.68035173e+10  2.96200813e+11  1.07717837e+10
 3.26700000e+02  1.09487014e+17  3.64496013e+16  5.89505771e+10  2.95371988e+10  2.96200813e+11  1.07717837e+10
 3.28000000e+02  1.12089136e+17  3.96845277e+16  6.03516255e+10  3.21586449e+10  2.96200813e+11  1.07717837e+10
 3.28000000e+02  1.12089136e+17  3.96845277e+16  6.03516255e+10  3.21586449e+10  2.96200813e+11  1.07610120e+10
 3.28025000e+02  1.11958852e+17  3.97452955e+16  6.02814774e+10  3.22078885e+10  2.96200813e+11  1.07610120e+10
 3.28050000e+02  1.11828720e+17  3.98058058e+16  6.02114109e+10  3.22569235e+10  2.96200813e+11  1.07610120e+10
 3.28075000e+02  1.11698739e+17  3.98660591e+16  6.01414258e+10  3.23057502e+10  2.96200813e+11  1.07610120e+10
 3.28100000e+02  1.11568909e+17  3.99260561e+16  6.00715221e+10  3.23543692e+10  2.96200813e+11  1.07610120e+10
 3.28125000e+02  1.11439230e+17  3.99857974e+16  6.00016996e+10  3.24027810e+10  2.96200813e+11  1.07610120e+10
 3.28150000e+02  1.11309702e+17  4.00452837e+16  5.99319583e+10  3.24509861e+10  2.96200813e+11  1.07610120e+10
 3.28175000e+02  1.11180324e+17  4.01045154e+16  5.98622980e+10  3.24989850e+10  2.96200813e+11  1.07610120e+10
 3.28200000e+02  1.11051096e+17  4.01634934e+16  5.97927187e+10  3.25467782e+10  2.96200813e+11  1.07610120e+10
 3.28225000e+02  1.10922019e+17  4.02222181e+16  5.97232203e+10  3.25943662e+10  2.96200813e+11  1.07610120e+10
 3.28250000e+02  1.10793092e+17  4.02806902e+16  5.96538026e+10  3.26417495e+10  2.96200813e+11  1.07610120e+10
 3.28250000e+02  1.10793092e+17  0.00000000e+00  5.96538026e+10  0.00000000e+00  3.16461879e+11  1.07502509e+10
 3.29000000e+02  1.06994183e+17  3.70032481e+15  5.76083739e+10  2.99858505e+09  3.16461879e+11  1.07502509e+10
 3.29750000e+02  1.03325532e+17  7.08447693e+15  5.56330794e+10  5.74095727e+09  3.16461879e+11  1.07502509e+10
 3.30500000e+02  9.97826729e+16  1.01729810e+16  5.37255145e+10  8.24374893e+09  3.16461879e+11  1.07502509e+10
 3.31250000e+02  9.63612925e+16  1.29851625e+16  5.18833568e+10  1.05226206e+10  3.16461879e+11  1.07502509e+10
 3.32000000e+02  9.30572255e+16  1.55392143e+16  5.01043636e+10  1.25923150e+10  3.16461879e+11  1.07502509e+10
 3.32750000e+02  8.98664495e+16  1.78522594e+16  4.83863691e+10  1.44667079e+10  3.16461879e+11  1.07502509e+10
 3.33500000e+02  8.67850797e+16  1.99404106e+16  4.67272817e+10  1.61588564e+10  3.16461879e+11  1.07502509e+10
 3.34250000e+02  8.38093650e+16  2.18188267e+16  4.51250816e+10  1.76810445e+10  3.16461879e+11  1.07502509e+10
 3.35000000e+02  8.09356826e+16  2.35017655e+16  4.35778183e+10  1.90448262e+10  3.16461879e+11  1.07502509e+10
 3.35750000e+02  7.81605339e+16  2.50026348e+16  4.20836081e+10  2.02610665e+10  3.16461879e+11  1.07502509e+10
 3.35750000e+02  7.81605339e+16  0.00000000e+00  4.20836081e+10  0.00000000e+00  3.16461879e+11  1.07502509e+10
 3.35775000e+02  7.80696861e+16  9.07682776e+13  4.20346933e+10  7.35547322e+07  3.16461879e+11  1.07502509e+10
 3.35800000e+02  7.79789440e+16  1.81272314e+14  4.19858355e+10  1.46895334e+08  3.16461879e+11  1.07502509e+10
 3.35825000e+02  7.78883073e+16  2.71512694e+14  4.19370344e+10  2.20022281e+08  3.16461879e+11  1.07502509e+10
 3.35850000e+02  7.77977759e+16  3.61490001e+14  4.18882900e+10  2.92936044e+08  3.16461879e+11  1.07502509e+10
 3.35875000e+02  7.77073498e+16  4.51204817e+14  4.18396023e+10  3.65637096e+08  3.16461879e+11  1.07502509e+10
 3.35900000e+02  7.76170288e+16  5.40657724e+14  4.17909712e+10  4.38125908e+08  3.16461879e+11  1.07502509e+10
 3.35925000e+02  7.75268128e+16  6.29849302e+14  4.17423966e+10  5.10402950e+08  3.16461879e+11  1.07502509e+10
 3.35950000e+02  7.74367016e+16  7.18780129e+14  4.16938785e+10  5.82468692e+08  3.16461879e+11  1.07502509e+10
 3.35975000e+02  7.73466952e+16  8.07450784e+14  4.16454167e+10  6.54323600e+08  3.16461879e+11  1.07502509e+10
 3.36000000e+02  7.72567934e+16  8.95861844e+14  4.15970113e+10  7.25968143e+08  3.16461879e+11  1.07502509e+10
 3.36000000e+02  7.72567934e+16  8.95861844e+14  4.15970113e+10  7.25968143e+08  3.16461879e+11  1.07502509e+10
 3.37300000e+02  8.17322547e+16  5.41639418e+15  4.40067129e+10  4.38921431e+09  3.16461879e+11  1.07502509e+10
 3.38600000e+02  8.59450800e+16  9.79456348e+15  4.62750045e+10  7.93709557e+09  3.16461879e+11  1.07502509e+10
 3.39900000e+02  8.99106816e+16  1.40280303e+16  4.84101848e+10  1.13677161e+10  3.16461879e+11  1.07502509e+10
 3.41200000e+02  9.36435675e+16  1.81155227e+16  5.04200650e+10  1.46800453e+10  3.16461879e+11  1.07502509e+10
 3.42500000e+02  9.71573944e+16  2.20566931e+16  5.23119982e+10  1.78738012e+10  3.16461879e+11  1.07502509e+10
 3.43800000e+02  1.00465017e+17  2.58519895e+16  5.40929061e+10  2.09493472e+10  3.16461879e+11  1.07502509e+10
 3.45100000e+02  1.03578537e+17  2.95025419e+16  5.57693039e+10  2.39075988e+10  3.16461879e+11  1.07502509e+10
 3.46400000e+02  1.06509345e+17  3.30100602e+16  5.73473247e+10  2.67499418e+10  3.16461879e+11  1.07502509e+10
 3.47700000e+02  1.09268162e+17  3.63767446e+16  5.88327416e+10  2.94781588e+10  3.16461879e+11  1.07502509e+10
 3.49000000e+02  1.11865082e+17  3.96052045e+16  6.02309889e+10  3.20943648e+10  3.16461879e+11  1.07502509e+10
 3.49000000e+02  1.11865082e+17  3.96052045e+16  6.02309889e+10  3.20943648e+10  3.16461879e+11  1.07395007e+10
 3.49025000e+02  1.11735058e+17  3.96658509e+16  6.01609811e+10  3.21435100e+10  3.16461879e+11  1.07395007e+10
 3.49050000e+02  1.11605186e+17  3.97262402e+16  6.00910546e+10  3.21924469e+10  3.16461879e+11  1.07395007e+10
 3.49075000e+02  1.11475465e+17  3.97863731e+16  6.00212094e+10  3.22411760e+10  3.16461879e+11  1.07395007e+10
 3.49100000e+02  1.11345894e+17  3.98462502e+16  5.99514454e+10  3.22896978e+10  3.16461879e+11  1.07395007e+10
 3.49125000e+02  1.11216475e+17  3.99058720e+16  5.98817625e+10  3.23380129e+10  3.16461879e+11  1.07395007e+10
 3.49150000e+02  1.11087205e+17  3.99652394e+16  5.98121606e+10  3.23861216e+10  3.16461879e+11  1.07395007e+10
 3.49175000e+02  1.10958086e+17  4.00243527e+16  5.97426395e+10  3.24340246e+10  3.16461879e+11  1.07395007e+10
 3.49200000e+02  1.10829117e+17  4.00832128e+16  5.96731993e+10  3.24817222e+10  3.16461879e+11  1.07395007e+10
 3.49225000e+02  1.10700298e+17  4.01418201e+16  5.96038398e+10  3.25292151e+10  3.16461879e+11  1.07395007e+10
 3.49250000e+02  1.10571628e+17  4.02001754e+16  5.95345609e+10  3.25765037e+10  3.16461879e+11  1.07395007e+10
 3.49250000e+02  1.10571628e+17  0.00000000e+00  5.95345609e+10  0.00000000e+00  3.36682446e+11  1.07287612e+10
 3.50000000e+02  1.06780313e+17  3.69292825e+15  5.74932207e+10  2.99259120e+09  3.36682446e+11  1.07287612e+10
 3.50750000e+02  1.03118995e+17  7.07031580e+15  5.55218747e+10  5.72948169e+09  3.36682446e+11  1.07287612e+10
 3.51500000e+02  9.95832177e+16  1.01526463e+16  5.36181228e+10  8.22727054e+09  3.36682446e+11  1.07287612e+10
 3.52250000e+02  9.61686763e+16  1.29592065e+16  5.17796474e+10  1.05015870e+10  3.36682446e+11  1.07287612e+10
 3.53000000e+02  9.28712138e+16  1.55081530e+16  5.00042102e+10  1.25671443e+10  3.36682446e+11  1.07287612e+10
 3.53750000e+02  8.96868158e+16  1.78165746e+16  4.82896498e+10  1.44377905e+10  3.36682446e+11  1.07287612e+10
 3.54500000e+02  8.66116054e+16  1.99005518e+16  4.66338787e+10  1.61265565e+10  3.36682446e+11  1.07287612e+10
 3.55250000e+02  8.36418389e+16  2.17752131e+16  4.50348813e+10  1.76457019e+10  3.36682446e+11  1.07287612e+10
 3.56000000e+02  8.07739006e+16  2.34547880e+16  4.34907108e+10  1.90067576e+10  3.36682446e+11  1.07287612e+10
 3.56750000e+02  7.80042991e+16  2.49526571e+16  4.19994873e+10  2.02205667e+10  3.36682446e+11  1.07287612e+10
 3.56750000e+02  7.80042991e+16  0.00000000e+00  4.19994873e+10  0.00000000e+00  3.36682446e+11  1.07287612e+10
 3.56775000e+02  7.79136330e+16  9.05868413e+13  4.19506704e+10  7.34077039e+07  3.36682446e+11  1.07287612e+10
 3.56800000e+02  7.78230722e+16  1.80909969e+14  4.19019102e+10  1.46601706e+08  3.36682446e+11  1.07287612e+10
 3.56825000e+02  7.77326167e+16  2.70969968e+14  4.18532066e+10  2.19582479e+08  3.36682446e+11  1.07287612e+10
 3.56850000e+02  7.76422663e+16  3.60767420e+14  4.18045597e+10  2.92350496e+08  3.36682446e+11  1.07287612e+10
 3.56875000e+02  7.75520209e+16  4.50302906e+14  4.17559693e+10  3.64906226e+08  3.36682446e+11  1.07287612e+10
 3.56900000e+02  7.74618805e+16  5.39577006e+14  4.17074354e+10  4.37250140e+08  3.36682446e+11  1.07287612e+10
 3.56925000e+02  7.73718448e+16  6.28590299e+14  4.16589579e+10  5.09382708e+08  3.36682446e+11  1.07287612e+10
 3.56950000e+02  7.72819137e+16  7.17343363e+14  4.16105368e+10  5.81304397e+08  3.36682446e+11  1.07287612e+10
 3.56975000e+02  7.71920872e+16  8.05836775e+14  4.15621719e+10  6.53015676e+08  3.36682446e+11  1.07287612e+10
 3.57000000e+02  7.71023651e+16  8.94071109e+14  4.15138633e+10  7.24517009e+08  3.36682446e+11  1.07287612e+10
 3.57000000e+02  7.71023651e+16  8.94071109e+14  4.15138633e+10  7.24517009e+08  3.36682446e+11  1.07287612e+10
 3.58300000e+02  8.15688795e+16  5.40556734e+15  4.39187476e+10  4.38044071e+09  3.36682446e+11  1.07287612e+10
 3.59600000e+02  8.57732829e+16  9.77498507e+15  4.61825047e+10  7.92123006e+09  3.36682446e+11  1.07287612e+10
 3.60900000e+02  8.97309569e+16  1.39999895e+16  4.83134164e+10  1.13449930e+10  3.36682446e+11  1.07287612e+10
 3.62200000e+02  9.34563804e+16  1.80793113e+16  5.03192787e+10  1.46507011e+10  3.36682446e+11  1.07287612e+10
 3.63500000e+02  9.69631827e+16  2.20126035e+16  5.22074297e+10  1.78380729e+10  3.36682446e+11  1.07287612e+10
 3.64800000e+02  1.00264193e+17  2.58003133e+16  5.39847774e+10  2.09074710e+10  3.36682446e+11  1.07287612e+10
 3.66100000e+02  1.03371489e+17  2.94435683e+16  5.56578239e+10  2.38598092e+10  3.36682446e+11  1.07287612e+10
 3.67400000e+02  1.06296437e+17  3.29440753e+16  5.72326900e+10  2.66964704e+10  3.36682446e+11  1.07287612e+10
 3.68700000e+02  1.09049739e+17  3.63040297e+16  5.87151374e+10  2.94192338e+10  3.36682446e+11  1.07287612e+10
 3.70000000e+02  1.11641468e+17  3.95260361e+16  6.01105895e+10  3.20302100e+10  3.36682446e+11  1.07287612e+10
 3.70000000e+02  1.11641468e+17  3.95260361e+16  6.01105895e+10  3.20302100e+10  3.36682446e+11  1.07180324e+10
 3.70025000e+02  1.11511704e+17  3.95865612e+16  6.00407216e+10  3.20792570e+10  3.36682446e+11  1.07180324e+10
 3.70050000e+02  1.11382092e+17  3.96468298e+16  5.99709349e+10  3.21280961e+10  3.36682446e+11  1.07180324e+10
 3.70075000e+02  1.11252630e+17  3.97068425e+16  5.99012294e+10  3.21767278e+10  3.36682446e+11  1.07180324e+10
 3.70100000e+02  1.11123318e+17  3.97665998e+16  5.98316048e+10  3.22251526e+10  3.36682446e+11  1.07180324e+10
 3.70125000e+02  1.10994157e+17  3.98261025e+16  5.97620612e+10  3.22733711e+10  3.36682446e+11  1.07180324e+10
 3.70150000e+02  1.10865146e+17  3.98853512e+16  5.96925984e+10  3.23213837e+10  3.36682446e+11  1.07180324e+10
 3.70175000e+02  1.10736285e+17  3.99443464e+16  5.96232163e+10  3.23691908e+10  3.36682446e+11  1.07180324e+10
 3.70200000e+02  1.10607574e+17  4.00030888e+16  5.95539149e+10  3.24167932e+10  3.36682446e+11  1.07180324e+10
 3.70225000e+02  1.10479012e+17  4.00615790e+16  5.94846941e+10  3.24641911e+10  3.36682446e+11  1.07180324e+10
 3.70250000e+02  1.10350600e+17  4.01198176e+16  5.94155537e+10  3.25113852e+10  3.36682446e+11  1.07180324e+10
 3.70250000e+02  1.10350600e+17  0.00000000e+00  5.94155537e+10  0.00000000e+00  3.56862593e+11  1.07073144e+10
 3.71000000e+02  1.06566863e+17  3.68554623e+15  5.73782941e+10  2.98660912e+09  3.56862593e+11  1.07073144e+10
 3.71750000e+02  1.02912864e+17  7.05618251e+15  5.54108887e+10  5.71802868e+09  3.56862593e+11  1.07073144e+10
 3.72500000e+02  9.93841548e+16  1.01323515e+16  5.35109423e+10  8.21082455e+09  3.56862593e+11  1.07073144e+10
 3.73250000e+02  9.59764389e+16  1.29333016e+16  5.16761419e+10  1.04805947e+10  3.56862593e+11  1.07073144e+10
 3.74000000e+02  9.26855679e+16  1.54771528e+16  4.99042537e+10  1.25420231e+10  3.56862593e+11  1.07073144e+10
 3.74750000e+02  8.95075354e+16  1.77809600e+16  4.81931207e+10  1.44089299e+10  3.56862593e+11  1.07073144e+10
 3.75500000e+02  8.64384723e+16  1.98607714e+16  4.65406594e+10  1.60943202e+10  3.56862593e+11  1.07073144e+10
 3.76250000e+02  8.34746421e+16  2.17316853e+16  4.49448583e+10  1.76104288e+10  3.56862593e+11  1.07073144e+10
 3.77000000e+02  8.06124368e+16  2.34079028e+16  4.34037746e+10  1.89687638e+10  3.56862593e+11  1.07073144e+10
 3.77750000e+02  7.78483716e+16  2.49027778e+16  4.19155320e+10  2.01801466e+10  3.56862593e+11  1.07073144e+10
 3.77750000e+02  7.78483716e+16  0.00000000e+00  4.19155320e+10  0.00000000e+00  3.56862593e+11  1.07073144e+10
 3.77775000e+02  7.77578867e+16  9.04057618e+13  4.18668126e+10  7.32609648e+07  3.56862593e+11  1.07073144e+10
 3.77800000e+02  7.76675069e+16  1.80548338e+14  4.18181499e+10  1.46308655e+08  3.56862593e+11  1.07073144e+10
 3.77825000e+02  7.75772322e+16  2.70428310e+14  4.17695437e+10  2.19143543e+08  3.56862593e+11  1.07073144e+10
 3.77850000e+02  7.74870625e+16  3.60046260e+14  4.17209940e+10  2.91766098e+08  3.56862593e+11  1.07073144e+10
 3.77875000e+02  7.73969975e+16  4.49402768e+14  4.16725008e+10  3.64176793e+08  3.56862593e+11  1.07073144e+10
 3.77900000e+02  7.73070372e+16  5.38498412e+14  4.16240639e+10  4.36376095e+08  3.56862593e+11  1.07073144e+10
 3.77925000e+02  7.72171815e+16  6.27333771e+14  4.15756833e+10  5.08364472e+08  3.56862593e+11  1.07073144e+10
 3.77950000e+02  7.71274302e+16  7.15909422e+14  4.15273589e+10  5.80142393e+08  3.56862593e+11  1.07073144e+10
 3.77975000e+02  7.70377833e+16  8.04225939e+14  4.14790908e+10  6.51710323e+08  3.56862593e+11  1.07073144e+10
 3.78000000e+02  7.69482405e+16  8.92283896e+14  4.14308787e+10  7.23068728e+08  3.56862593e+11  1.07073144e+10
 3.78000000e+02  7.69482405e+16  8.92283896e+14  4.14308787e+10  7.23068728e+08  3.56862593e+11  1.07073144e+10
 3.79300000e+02  8.14058262e+16  5.39476182e+15  4.38309555e+10  4.37168437e+09  3.56862593e+11  1.07073144e+10
 3.80600000e+02  8.56018248e+16  9.75544522e+15  4.60901873e+10  7.90539580e+09  3.56862593e+11  1.07073144e+10
 3.81900000e+02  8.95515872e+16  1.39720040e+16  4.82168393e+10  1.13223148e+10  3.56862593e+11  1.07073144e+10
 3.83200000e+02  9.32695635e+16  1.80431713e+16  5.02186917e+10  1.46214148e+10  3.56862593e+11  1.07073144e+10
 3.84500000e+02  9.67693556e+16  2.19686010e+16  5.21030683e+10  1.78024151e+10  3.56862593e+11  1.07073144e+10
 3.85800000e+02  1.00063767e+17  2.57487392e+16  5.38768629e+10  2.08656776e+10  3.56862593e+11  1.07073144e+10
 3.87100000e+02  1.03164851e+17  2.93847114e+16  5.55465650e+10  2.38121141e+10  3.56862593e+11  1.07073144e+10
 3.88400000e+02  1.06083953e+17  3.28782209e+16  5.71182829e+10  2.66431048e+10  3.56862593e+11  1.07073144e+10
 3.89700000e+02  1.08831751e+17  3.62314588e+16  5.85977668e+10  2.93604255e+10  3.56862593e+11  1.07073144e+10
 3.91000000e+02  1.11418298e+17  3.94470244e+16  5.99904294e+10  3.19661823e+10  3.56862593e+11  1.07073144e+10
 3.91000000e+02  1.11418298e+17  3.94470244e+16  5.99904294e+10  3.19661823e+10  3.56862593e+11  1.06966071e+10
 3.91025000e+02  1.11288794e+17  3.95074285e+16  5.99207011e+10  3.20151313e+10  3.56862593e+11  1.06966071e+10
 3.91050000e+02  1.11159441e+17  3.95675767e+16  5.98510539e+10  3.20638728e+10  3.56862593e+11  1.06966071e+10
 3.91075000e+02  1.11030237e+17  3.96274694e+16  5.97814877e+10  3.21124072e+10  3.56862593e+11  1.06966071e+10
 3.91100000e+02  1.10901184e+17  3.96871073e+16  5.97120023e+10  3.21607353e+10  3.56862593e+11  1.06966071e+10
 3.91125000e+02  1.10772281e+17  3.97464910e+16  5.96425977e+10  3.22088573e+10  3.56862593e+11  1.06966071e+10
 3.91150000e+02  1.10643528e+17  3.98056213e+16  5.95732738e+10  3.22567739e+10  3.56862593e+11  1.06966071e+10
 3.91175000e+02  1.10514925e+17  3.98644985e+16  5.95040304e+10  3.23044856e+10  3.56862593e+11  1.06966071e+10
 3.91200000e+02  1.10386471e+17  3.99231235e+16  5.94348675e+10  3.23519927e+10  3.56862593e+11  1.06966071e+10
 3.91225000e+02  1.10258166e+17  3.99814968e+16  5.93657850e+10  3.23992959e+10  3.56862593e+11  1.06966071e+10
 3.91250000e+02  1.10130011e+17  4.00396189e+16  5.92967829e+10  3.24463956e+10  3.56862593e+11  1.06966071e+10
 3.91250000e+02  1.10130011e+17  0.00000000e+00  5.92967829e+10  0.00000000e+00  3.77002399e+11  1.06859105e+10
 3.92000000e+02  1.06353837e+17  3.67817888e+15  5.72635957e+10  2.98063894e+09  3.77002399e+11  1.06859105e+10
 3.92750000e+02  1.02707143e+17  7.04207731e+15  5.53001231e+10  5.70659843e+09  3.77002399e+11  1.06859105e+10
 3.93500000e+02  9.91854873e+16  1.01120971e+16  5.34039747e+10  8.19441123e+09  3.77002399e+11  1.06859105e+10
 3.94250000e+02  9.57845835e+16  1.29074481e+16  5.15728421e+10  1.04596442e+10  3.77002399e+11  1.06859105e+10
 3.95000000e+02  9.25002909e+16  1.54462142e+16  4.98044959e+10  1.25169518e+10  3.77002399e+11  1.06859105e+10
 3.95750000e+02  8.93286112e+16  1.77454161e+16  4.80967833e+10  1.43801267e+10  3.77002399e+11  1.06859105e+10
 3.96500000e+02  8.62656830e+16  1.98210700e+16  4.64476254e+10  1.60621479e+10  3.77002399e+11  1.06859105e+10
 3.97250000e+02  8.33077776e+16  2.16882440e+16  4.48550142e+10  1.75752259e+10  3.77002399e+11  1.06859105e+10
 3.98000000e+02  8.04512937e+16  2.33611107e+16  4.33170111e+10  1.89308455e+10  3.77002399e+11  1.06859105e+10
 3.98750000e+02  7.76927539e+16  2.48529975e+16  4.18317435e+10  2.01398068e+10  3.77002399e+11  1.06859105e+10
 3.98750000e+02  7.76927539e+16  0.00000000e+00  4.18317435e+10  0.00000000e+00  3.77002399e+11  1.06859105e+10
 3.98775000e+02  7.76024498e+16  9.02250420e+13  4.17831215e+10  7.31145172e+07  3.77002399e+11  1.06859105e+10
 3.98800000e+02  7.75122508e+16  1.80187424e+14  4.17345560e+10  1.46016186e+08  3.77002399e+11  1.06859105e+10
 3.98825000e+02  7.74221565e+16  2.69887728e+14  4.16860470e+10  2.18705478e+08  3.77002399e+11  1.06859105e+10
 3.98850000e+02  7.73321670e+16  3.59326533e+14  4.16375944e+10  2.91182862e+08  3.77002399e+11  1.06859105e+10
 3.98875000e+02  7.72422821e+16  4.48504418e+14  4.15891981e+10  3.63448809e+08  3.77002399e+11  1.06859105e+10
 3.98900000e+02  7.71525016e+16  5.37421962e+14  4.15408580e+10  4.35503785e+08  3.77002399e+11  1.06859105e+10
 3.98925000e+02  7.70628255e+16  6.26079741e+14  4.14925741e+10  5.07348259e+08  3.77002399e+11  1.06859105e+10
 3.98950000e+02  7.69732537e+16  7.14478329e+14  4.14443464e+10  5.78982697e+08  3.77002399e+11  1.06859105e+10
 3.98975000e+02  7.68837859e+16  8.02618303e+14  4.13961747e+10  6.50407564e+08  3.77002399e+11  1.06859105e+10
 3.99000000e+02  7.67944221e+16  8.90500234e+14  4.13480590e+10  7.21623324e+08  3.77002399e+11  1.06859105e+10
 3.99000000e+02  7.67944221e+16  8.90500234e+14  4.13480590e+10  7.21623324e+08  3.77002399e+11  1.06859105e+10
 4.00300000e+02  8.12430970e+16  5.38397776e+15  4.37433380e+10  4.36294543e+09  3.77002399e+11  1.06859105e+10
 4.01600000e+02  8.54307078e+16  9.73594421e+15  4.59980535e+10  7.88959302e+09  3.77002399e+11  1.06859105e+10
 4.02900000e+02  8.93725745e+16  1.39440741e+16  4.81204543e+10  1.12996816e+10  3.77002399e+11  1.06859105e+10
 4.04200000e+02  9.30831185e+16  1.80071033e+16  5.01183050e+10  1.45921867e+10  3.77002399e+11  1.06859105e+10
 4.05500000e+02  9.65759145e+16  2.19246860e+16  5.19989147e+10  1.77668283e+10  3.77002399e+11  1.06859105e+10
 4.06800000e+02  9.98637407e+16  2.56972677e+16  5.37691635e+10  2.08239673e+10  3.77002399e+11  1.06859105e+10
 4.08100000e+02  1.02958626e+17  2.93259717e+16  5.54355278e+10  2.37645139e+10  3.77002399e+11  1.06859105e+10
 4.09400000e+02  1.05871892e+17  3.28124977e+16  5.70041038e+10  2.65898455e+10  3.77002399e+11  1.06859105e+10
 4.10700000e+02  1.08614197e+17  3.61590325e+16  5.84806303e+10  2.93017342e+10  3.77002399e+11  1.06859105e+10
 4.12000000e+02  1.11195573e+17  3.93681701e+16  5.98705088e+10  3.19022822e+10  3.77002399e+11  1.06859105e+10
 4.12000000e+02  1.11195573e+17  3.93681701e+16  5.98705088e+10  3.19022822e+10  3.77002399e+11  1.06752246e+10
 4.12025000e+02  1.11066328e+17  3.94284535e+16  5.98009200e+10  3.19511333e+10  3.77002399e+11  1.06752246e+10
 4.12050000e+02  1.10937233e+17  3.94884814e+16  5.97314120e+10  3.19997773e+10  3.77002399e+11  1.06752246e+10
 4.12075000e+02  1.10808289e+17  3.95482544e+16  5.96619848e+10  3.20482148e+10  3.77002399e+11  1.06752246e+10
 4.12100000e+02  1.10679494e+17  3.96077731e+16  5.95926384e+10  3.20964462e+10  3.77002399e+11  1.06752246e+10
 4.12125000e+02  1.10550848e+17  3.96670381e+16  5.95233725e+10  3.21444721e+10  3.77002399e+11  1.06752246e+10
 4.12150000e+02  1.10422353e+17  3.97260501e+16  5.94541871e+10  3.21922929e+10  3.77002399e+11  1.06752246e+10
 4.12175000e+02  1.10294006e+17  3.97848097e+16  5.93850822e+10  3.22399092e+10  3.77002399e+11  1.06752246e+10
 4.12200000e+02  1.10165809e+17  3.98433175e+16  5.93160576e+10  3.22873214e+10  3.77002399e+11  1.06752246e+10
 4.12225000e+02  1.10037761e+17  3.99015741e+16  5.92471132e+10  3.23345300e+10  3.77002399e+11  1.06752246e+10
 4.12250000e+02  1.09909861e+17  3.99595801e+16  5.91782489e+10  3.23815356e+10  3.77002399e+11  1.06752246e+10
 4.12250000e+02  1.09909861e+17  0.00000000e+00  5.91782489e+10  0.00000000e+00  3.97101947e+11  1.06645493e+10
 4.13000000e+02  1.06141237e+17  3.67082622e+15  5.71491261e+10  2.97468066e+09  3.97101947e+11  1.06645493e+10
 4.13750000e+02  1.02501832e+17  7.02800024e+15  5.51895785e+10  5.69519097e+09  3.97101947e+11  1.06645493e+10
 4.14500000e+02  9.89872161e+16  1.00918831e+16  5.32972205e+10  8.17803065e+09  3.97101947e+11  1.06645493e+10
 4.15250000e+02  9.55931106e+16  1.28816462e+16  5.14697483e+10  1.04387354e+10  3.97101947e+11  1.06645493e+10
 4.16000000e+02  9.23153833e+16  1.54153373e+16  4.97049370e+10  1.24919304e+10  3.97101947e+11  1.06645493e+10
 4.16750000e+02  8.91500438e+16  1.77099431e+16  4.80006381e+10  1.43513809e+10  3.97101947e+11  1.06645493e+10
 4.17500000e+02  8.60932384e+16  1.97814478e+16  4.63547768e+10  1.60300397e+10  3.97101947e+11  1.06645493e+10
 4.18250000e+02  8.31412458e+16  2.16448893e+16  4.47653493e+10  1.75400931e+10  3.97101947e+11  1.06645493e+10
 4.19000000e+02  8.02904720e+16  2.33144120e+16  4.32304206e+10  1.88930029e+10  3.97101947e+11  1.06645493e+10
 4.19750000e+02  7.75374465e+16  2.48033165e+16  4.17481221e+10  2.00995474e+10  3.97101947e+11  1.06645493e+10
 4.19750000e+02  7.75374465e+16  0.00000000e+00  4.17481221e+10  0.00000000e+00  3.97101947e+11  1.06645493e+10
 4.19775000e+02  7.74473230e+16  9.00446826e+13  4.16995973e+10  7.29683617e+07  3.97101947e+11  1.06645493e+10
 4.19800000e+02  7.73573042e+16  1.79827231e+14  4.16511289e+10  1.45724301e+08  3.97101947e+11  1.06645493e+10
 4.19825000e+02  7.72673901e+16  2.69348224e+14  4.16027169e+10  2.18268287e+08  3.97101947e+11  1.06645493e+10
 4.19850000e+02  7.71775804e+16  3.58608241e+14  4.15543611e+10  2.90600789e+08  3.97101947e+11  1.06645493e+10
 4.19875000e+02  7.70878752e+16  4.47607861e+14  4.15060615e+10  3.62722277e+08  3.97101947e+11  1.06645493e+10
 4.19900000e+02  7.69982742e+16  5.36347659e+14  4.14578181e+10  4.34633216e+08  3.97101947e+11  1.06645493e+10
 4.19925000e+02  7.69087774e+16  6.24828211e+14  4.14096307e+10  5.06334073e+08  3.97101947e+11  1.06645493e+10
 4.19950000e+02  7.68193846e+16  7.13050091e+14  4.13614994e+10  5.77825314e+08  3.97101947e+11  1.06645493e+10
 4.19975000e+02  7.67300956e+16  8.01013873e+14  4.13134240e+10  6.49107403e+08  3.97101947e+11  1.06645493e+10
 4.20000000e+02  7.66409105e+16  8.88720129e+14  4.12654044e+10  7.20180803e+08  3.97101947e+11  1.06645493e+10
 4.20000000e+02  7.66409105e+16  8.88720129e+14  4.12654044e+10  7.20180803e+08  3.97101947e+11  1.06645493e+10
 4.21300000e+02  8.10806925e+16  5.37321522e+15  4.36558953e+10  4.35422393e+09  3.97101947e+11  1.06645493e+10
 4.22600000e+02  8.52599322e+16  9.71648211e+15  4.59061036e+10  7.87382176e+09  3.97101947e+11  1.06645493e+10
 4.23900000e+02  8.91939191e+16  1.39162000e+16  4.80242617e+10  1.12770936e+10  3.97101947e+11  1.06645493e+10
 4.25200000e+02  9.28970457e+16  1.79711071e+16  5.00181187e+10  1.45630170e+10  3.97101947e+11  1.06645493e+10
 4.26500000e+02  9.63828596e+16  2.18808586e+16  5.18949690e+10  1.77313125e+10  3.97101947e+11  1.06645493e+10
 4.27800000e+02  9.96641134e+16  2.56458990e+16  5.36616791e+10  2.07823403e+10  3.97101947e+11  1.06645493e+10
 4.29100000e+02  1.02752812e+17  2.92673492e+16  5.53247123e+10  2.37170087e+10  3.97101947e+11  1.06645493e+10
 4.30400000e+02  1.05660254e+17  3.27469056e+16  5.68901528e+10  2.65366925e+10  3.97101947e+11  1.06645493e+10
 4.31700000e+02  1.08397077e+17  3.60867507e+16  5.83637276e+10  2.92431602e+10  3.97101947e+11  1.06645493e+10
 4.33000000e+02  1.10973294e+17  3.92894733e+16  5.97508278e+10  3.18385097e+10  3.97101947e+11  1.06645493e+10
 4.33000000e+02  1.10973294e+17  3.92894733e+16  5.97508278e+10  3.18385097e+10  3.97101947e+11  1.06538848e+10
 4.33025000e+02  1.10844307e+17  3.93496362e+16  5.96813781e+10  3.18872631e+10  3.97101947e+11  1.06538848e+10
 4.33050000e+02  1.10715470e+17  3.94095441e+16  5.96120091e+10  3.19358099e+10  3.97101947e+11  1.06538848e+10
 4.33075000e+02  1.10586783e+17  3.94691976e+16  5.95427207e+10  3.19841505e+10  3.97101947e+11  1.06538848e+10
 4.33100000e+02  1.10458246e+17  3.95285973e+16  5.94735128e+10  3.20322855e+10  3.97101947e+11  1.06538848e+10
 4.33125000e+02  1.10329857e+17  3.95877439e+16  5.94043854e+10  3.20802154e+10  3.97101947e+11  1.06538848e+10
 4.33150000e+02  1.10201619e+17  3.96466379e+16  5.93353383e+10  3.21279406e+10  3.97101947e+11  1.06538848e+10
 4.33175000e+02  1.10073529e+17  3.97052800e+16  5.92663715e+10  3.21754617e+10  3.97101947e+11  1.06538848e+10
 4.33200000e+02  1.09945588e+17  3.97636708e+16  5.91974849e+10  3.22227791e+10  3.97101947e+11  1.06538848e+10
 4.33225000e+02  1.09817796e+17  3.98218110e+16  5.91286783e+10  3.22698934e+10  3.97101947e+11  1.06538848e+10
 4.33250000e+02  1.09690152e+17  3.98797010e+16  5.90599517e+10  3.23168050e+10  3.97101947e+11  1.06538848e+10
 4.33250000e+02  1.09690152e+17  0.00000000e+00  5.90599517e+10  0.00000000e+00  4.17161315e+11  1.06432309e+10
 4.34000000e+02  1.05929061e+17  3.66348825e+15  5.70348851e+10  2.96873428e+09  4.17161315e+11  1.06432309e+10
 4.34750000e+02  1.02296931e+17  7.01395128e+15  5.50792546e+10  5.68380630e+09  4.17161315e+11  1.06432309e+10
 4.35500000e+02  9.87893409e+16  1.00717094e+16  5.31906794e+10  8.16168279e+09  4.17161315e+11  1.06432309e+10
 4.36250000e+02  9.54020202e+16  1.28558958e+16  5.13668603e+10  1.04178684e+10  4.17161315e+11  1.06432309e+10
 4.37000000e+02  9.21308451e+16  1.53845221e+16  4.96055769e+10  1.24669591e+10  4.17161315e+11  1.06432309e+10
 4.37750000e+02  8.89718330e+16  1.76745410e+16  4.79046849e+10  1.43226925e+10  4.17161315e+11  1.06432309e+10
 4.38500000e+02  8.59211382e+16  1.97419048e+16  4.62621137e+10  1.59979957e+10  4.17161315e+11  1.06432309e+10
 4.39250000e+02  8.29750466e+16  2.16016213e+16  4.46758635e+10  1.75050305e+10  4.17161315e+11  1.06432309e+10
 4.40000000e+02  8.01299715e+16  2.32678065e+16  4.31440031e+10  1.88552358e+10  4.17161315e+11  1.06432309e+10
 4.40750000e+02  7.73824493e+16  2.47537347e+16  4.16646677e+10  2.00593685e+10  4.17161315e+11  1.06432309e+10
 4.40750000e+02  7.73824493e+16  0.00000000e+00  4.16646677e+10  0.00000000e+00  4.17161315e+11  1.06432309e+10
 4.40775000e+02  7.72925059e+16  8.98646835e+13  4.16162399e+10  7.28224981e+07  4.17161315e+11  1.06432309e+10
 4.40800000e+02  7.72026671e+16  1.79467756e+14  4.15678684e+10  1.45432998e+08  4.17161315e+11  1.06432309e+10
 4.40825000e+02  7.71129327e+16  2.68809797e+14  4.15195531e+10  2.17831969e+08  4.17161315e+11  1.06432309e+10
 4.40850000e+02  7.70233026e+16  3.57891384e+14  4.14712940e+10  2.90019879e+08  4.17161315e+11  1.06432309e+10
 4.40875000e+02  7.69337767e+16  4.46713093e+14  4.14230910e+10  3.61997196e+08  4.17161315e+11  1.06432309e+10
 4.40900000e+02  7.68443548e+16  5.35275501e+14  4.13749440e+10  4.33764385e+08  4.17161315e+11  1.06432309e+10
 4.40925000e+02  7.67550369e+16  6.23579180e+14  4.13268529e+10  5.05321912e+08  4.17161315e+11  1.06432309e+10
 4.40950000e+02  7.66658228e+16  7.11624706e+14  4.12788178e+10  5.76670242e+08  4.17161315e+11  1.06432309e+10
 4.40975000e+02  7.65767123e+16  7.99412648e+14  4.12308385e+10  6.47809838e+08  4.17161315e+11  1.06432309e+10
 4.41000000e+02  7.64877055e+16  8.86943580e+14  4.11829150e+10  7.18741163e+08  4.17161315e+11  1.06432309e+10
 4.41000000e+02  7.64877055e+16  8.86943580e+14  4.11829150e+10  7.18741163e+08  4.17161315e+11  1.06432309e+10
 4.42300000e+02  8.09186123e+16  5.36247417e+15  4.35686273e+10  4.34551985e+09  4.17161315e+11  1.06432309e+10
 4.43600000e+02  8.50894977e+16  9.69705888e+15  4.58143374e+10  7.85808201e+09  4.17161315e+11  1.06432309e+10
 4.44900000e+02  8.90156206e+16  1.38883815e+16  4.79282613e+10  1.12545507e+10  4.17161315e+11  1.06432309e+10
 4.46200000e+02  9.27113446e+16  1.79351829e+16  4.99181326e+10  1.45339056e+10  4.17161315e+11  1.06432309e+10
 4.47500000e+02  9.61901903e+16  2.18371188e+16  5.17912311e+10  1.76958676e+10  4.17161315e+11  1.06432309e+10
 4.48800000e+02  9.94648850e+16  2.55946329e+16  5.35544095e+10  2.07407964e+10  4.17161315e+11  1.06432309e+10
 4.50100000e+02  1.02547409e+17  2.92088438e+16  5.52141183e+10  2.36695984e+10  4.17161315e+11  1.06432309e+10
 4.51400000e+02  1.05449039e+17  3.26814446e+16  5.67764294e+10  2.64836457e+10  4.17161315e+11  1.06432309e+10
 4.52700000e+02  1.08180391e+17  3.60146133e+16  5.82470586e+10  2.91847031e+10  4.17161315e+11  1.06432309e+10
 4.54000000e+02  1.10751458e+17  3.92109337e+16  5.96313859e+10  3.17748645e+10  4.17161315e+11  1.06432309e+10
 4.54000000e+02  1.10751458e+17  3.92109337e+16  5.96313859e+10  3.17748645e+10  4.17161315e+11  1.06325877e+10
 4.54025000e+02  1.10622729e+17  3.92709763e+16  5.95620750e+10  3.18235205e+10  4.17161315e+11  1.06325877e+10
 4.54050000e+02  1.10494150e+17  3.93307644e+16  5.94928447e+10  3.18719702e+10  4.17161315e+11  1.06325877e+10
 4.54075000e+02  1.10365720e+17  3.93902987e+16  5.94236948e+10  3.19202143e+10  4.17161315e+11  1.06325877e+10
 4.54100000e+02  1.10237440e+17  3.94495797e+16  5.93546253e+10  3.19682530e+10  4.17161315e+11  1.06325877e+10
 4.54125000e+02  1.10109308e+17  3.95086080e+16  5.92856361e+10  3.20160871e+10  4.17161315e+11  1.06325877e+10
 4.54150000e+02  1.09981326e+17  3.95673843e+16  5.92167271e+10  3.20637169e+10  4.17161315e+11  1.06325877e+10
 4.54175000e+02  1.09853492e+17  3.96259092e+16  5.91478981e+10  3.21111430e+10  4.17161315e+11  1.06325877e+10
 4.54200000e+02  1.09725807e+17  3.96841833e+16  5.90791492e+10  3.21583658e+10  4.17161315e+11  1.06325877e+10
 4.54225000e+02  1.09598270e+17  3.97422072e+16  5.90104801e+10  3.22053859e+10  4.17161315e+11  1.06325877e+10
 4.54250000e+02  1.09470881e+17  3.97999815e+16  5.89418909e+10  3.22522037e+10  4.17161315e+11  1.06325877e+10
 4.54250000e+02  1.09470881e+17  0.00000000e+00  5.89418909e+10  0.00000000e+00  4.37180585e+11  1.06219551e+10
 4.55000000e+02  1.05717309e+17  3.65616494e+15  5.69208724e+10  2.96279978e+09  4.37180585e+11  1.06219551e+10
 4.55750000e+02  1.02092439e+17  6.99993040e+15  5.49691513e+10  5.67244437e+09  4.37180585e+11  1.06219551e+10
 4.56500000e+02  9.85918611e+16  1.00515761e+16  5.30843513e+10  8.14536759e+09  4.37180585e+11  1.06219551e+10
 4.57250000e+02  9.52113116e+16  1.28301969e+16  5.12641780e+10  1.03970431e+10  4.37180585e+11  1.06219551e+10
 4.58000000e+02  9.19466756e+16  1.53537685e+16  4.95064154e+10  1.24420377e+10  4.37180585e+11  1.06219551e+10
 4.58750000e+02  8.87939784e+16  1.76392096e+16  4.78089235e+10  1.42940615e+10  4.37180585e+11  1.06219551e+10
 4.59500000e+02  8.57493819e+16  1.97024407e+16  4.61696358e+10  1.59660157e+10  4.37180585e+11  1.06219551e+10
 4.60250000e+02  8.28091796e+16  2.15584396e+16  4.45865565e+10  1.74700379e+10  4.37180585e+11  1.06219551e+10
 4.61000000e+02  7.99697918e+16  2.32212942e+16  4.30577583e+10  1.88175442e+10  4.37180585e+11  1.06219551e+10
 4.61750000e+02  7.72277619e+16  2.47042520e+16  4.15813800e+10  2.00192698e+10  4.37180585e+11  1.06219551e+10
 4.61750000e+02  7.72277619e+16  0.00000000e+00  4.15813800e+10  0.00000000e+00  4.37180585e+11  1.06219551e+10
 4.61775000e+02  7.71379983e+16  8.96850441e+13  4.15330490e+10  7.26769260e+07  4.37180585e+11  1.06219551e+10
 4.61800000e+02  7.70483390e+16  1.79109000e+14  4.14847742e+10  1.45142278e+08  4.37180585e+11  1.06219551e+10
 4.61825000e+02  7.69587840e+16  2.68272447e+14  4.14365556e+10  2.17396523e+08  4.37180585e+11  1.06219551e+10
 4.61850000e+02  7.68693331e+16  3.57175959e+14  4.13883929e+10  2.89440130e+08  4.37180585e+11  1.06219551e+10
 4.61875000e+02  7.67799861e+16  4.45820114e+14  4.13402862e+10  3.61273563e+08  4.37180585e+11  1.06219551e+10
 4.61900000e+02  7.66907430e+16  5.34205485e+14  4.12922355e+10  4.32897290e+08  4.37180585e+11  1.06219551e+10
 4.61925000e+02  7.66016036e+16  6.22332646e+14  4.12442406e+10  5.04311774e+08  4.37180585e+11  1.06219551e+10
 4.61950000e+02  7.65125678e+16  7.10202168e+14  4.11963015e+10  5.75517479e+08  4.37180585e+11  1.06219551e+10
 4.61975000e+02  7.64236356e+16  7.97814623e+14  4.11484181e+10  6.46514867e+08  4.37180585e+11  1.06219551e+10
 4.62000000e+02  7.63348066e+16  8.85170580e+14  4.11005904e+10  7.17304400e+08  4.37180585e+11  1.06219551e+10
 4.62000000e+02  7.63348066e+16  8.85170580e+14  4.11005904e+10  7.17304400e+08  4.37180585e+11  1.06219551e+10
 4.63300000e+02  8.07568561e+16  5.35175459e+15  4.34815336e+10  4.33683315e+09  4.37180585e+11  1.06219551e+10
 4.64600000e+02  8.49194038e+16  9.67767447e+15  4.57227546e+10  7.84237370e+09  4.37180585e+11  1.06219551e+10
 4.65900000e+02  8.88376784e+16  1.38606187e+16  4.78324527e+10  1.12320529e+10  4.37180585e+11  1.06219551e+10
 4.67200000e+02  9.25260147e+16  1.78993305e+16  4.98183462e+10  1.45048523e+10  4.37180585e+11  1.06219551e+10
 4.68500000e+02  9.59979062e+16  2.17934664e+16  5.16877004e+10  1.76604936e+10  4.37180585e+11  1.06219551e+10
 4.69800000e+02  9.92660547e+16  2.55434692e+16  5.34473542e+10  2.06993356e+10  4.37180585e+11  1.06219551e+10
 4.71100000e+02  1.02342417e+17  2.91504553e+16  5.51037453e+10  2.36222829e+10  4.37180585e+11  1.06219551e+10
 4.72400000e+02  1.05238247e+17  3.26161144e+16  5.66629334e+10  2.64307049e+10  4.37180585e+11  1.06219551e+10
 4.73700000e+02  1.07964139e+17  3.59426201e+16  5.81306227e+10  2.91263629e+10  4.37180585e+11  1.06219551e+10
 4.75000000e+02  1.10530066e+17  3.91325510e+16  5.95121828e+10  3.17113466e+10  4.37180585e+11  1.06219551e+10
 4.75000000e+02  1.10530066e+17  3.91325510e+16  5.95121828e+10  3.17113466e+10  4.37180585e+11  1.06113331e+10
 4.75025000e+02  1.10401595e+17  3.91924736e+16  5.94430105e+10  3.17599053e+10  4.37180585e+11  1.06113331e+10
 4.75050000e+02  1.10273272e+17  3.92521422e+16  5.93739185e+10  3.18082582e+10  4.37180585e+11  1.06113331e+10
 4.75075000e+02  1.10145099e+17  3.93115575e+16  5.93049069e+10  3.18564058e+10  4.37180585e+11  1.06113331e+10
 4.75100000e+02  1.10017075e+17  3.93707200e+16  5.92359754e+10  3.19043485e+10  4.37180585e+11  1.06113331e+10
 4.75125000e+02  1.09889200e+17  3.94296303e+16  5.91671241e+10  3.19520869e+10  4.37180585e+11  1.06113331e+10
 4.75150000e+02  1.09761473e+17  3.94882891e+16  5.90983528e+10  3.19996215e+10  4.37180585e+11  1.06113331e+10
 4.75175000e+02  1.09633895e+17  3.95466970e+16  5.90296615e+10  3.20469528e+10  4.37180585e+11  1.06113331e+10
 4.75200000e+02  1.09506465e+17  3.96048546e+16  5.89610500e+10  3.20940812e+10  4.37180585e+11  1.06113331e+10
 4.75225000e+02  1.09379183e+17  3.96627625e+16  5.88925182e+10  3.21410073e+10  4.37180585e+11  1.06113331e+10
 4.75250000e+02  1.09252049e+17  3.97204214e+16  5.88240661e+10  3.21877316e+10  4.37180585e+11  1.06113331e+10
 4.75250000e+02  1.09252049e+17  0.00000000e+00  5.88240661e+10  0.00000000e+00  4.57159836e+11  1.06007218e+10
 4.76000000e+02  1.05505980e+17  3.64885626e+15  5.68070876e+10  2.95687714e+09  4.57159836e+11  1.06007218e+10
 4.76750000e+02  1.01888357e+17  6.98593754e+15  5.48592679e+10  5.66110516e+09  4.57159836e+11  1.06007218e+10
 4.77500000e+02  9.83947760e+16  1.00314830e+16  5.29782357e+10  8.12908500e+09  4.57159836e+11  1.06007218e+10
 4.78250000e+02  9.50209842e+16  1.28045493e+16  5.11617009e+10  1.03762594e+10  4.57159836e+11  1.06007218e+10
 4.79000000e+02  9.17628742e+16  1.53230763e+16  4.94074521e+10  1.24171660e+10  4.57159836e+11  1.06007218e+10
 4.79750000e+02  8.86164793e+16  1.76039488e+16  4.77133535e+10  1.42654876e+10  4.57159836e+11  1.06007218e+10
 4.80500000e+02  8.55779689e+16  1.96630555e+16  4.60773427e+10  1.59340997e+10  4.57159836e+11  1.06007218e+10
 4.81250000e+02  8.26436440e+16  2.15153443e+16  4.44974280e+10  1.74351153e+10  4.57159836e+11  1.06007218e+10
 4.82000000e+02  7.98099322e+16  2.31748748e+16  4.29716858e+10  1.87799279e+10  4.57159836e+11  1.06007218e+10
 4.82750000e+02  7.70733836e+16  2.46548682e+16  4.14982589e+10  1.99792513e+10  4.57159836e+11  1.06007218e+10
 4.82750000e+02  7.70733836e+16  0.00000000e+00  4.14982589e+10  0.00000000e+00  4.57159836e+11  1.06007218e+10
 4.82775000e+02  7.69837994e+16  8.95057637e+13  4.14500245e+10  7.25316449e+07  4.57159836e+11  1.06007218e+10
 4.82800000e+02  7.68943194e+16  1.78750962e+14  4.14018462e+10  1.44852138e+08  4.57159836e+11  1.06007218e+10
 4.82825000e+02  7.68049434e+16  2.67736170e+14  4.13537239e+10  2.16961947e+08  4.57159836e+11  1.06007218e+10
 4.82850000e+02  7.67156713e+16  3.56461965e+14  4.13056575e+10  2.88861539e+08  4.57159836e+11  1.06007218e+10
 4.82875000e+02  7.66265029e+16  4.44928920e+14  4.12576470e+10  3.60551378e+08  4.57159836e+11  1.06007218e+10
 4.82900000e+02  7.65374382e+16  5.33137609e+14  4.12096923e+10  4.32031929e+08  4.57159836e+11  1.06007218e+10
 4.82925000e+02  7.64484770e+16  6.21088603e+14  4.11617934e+10  5.03303655e+08  4.57159836e+11  1.06007218e+10
 4.82950000e+02  7.63596192e+16  7.08782474e+14  4.11139501e+10  5.74367020e+08  4.57159836e+11  1.06007218e+10
 4.82975000e+02  7.62708647e+16  7.96219792e+14  4.10661624e+10  6.45222484e+08  4.57159836e+11  1.06007218e+10
 4.83000000e+02  7.61822134e+16  8.83401124e+14  4.10184303e+10  7.15870509e+08  4.57159836e+11  1.06007218e+10
 4.83000000e+02  7.61822134e+16  8.83401124e+14  4.10184303e+10  7.15870509e+08  4.57159836e+11  1.06007218e+10
 4.84300000e+02  8.05954231e+16  5.34105644e+15  4.33946140e+10  4.32816383e+09  4.57159836e+11  1.06007218e+10
 4.85600000e+02  8.47496500e+16  9.65832880e+15  4.56313548e+10  7.82669680e+09  4.57159836e+11  1.06007218e+10
 4.86900000e+02  8.86600919e+16  1.38329113e+16  4.77368357e+10  1.12096000e+10  4.57159836e+11  1.06007218e+10
 4.88200000e+02  9.23410552e+16  1.78635498e+16  4.97187594e+10  1.44758571e+10  4.57159836e+11  1.06007218e+10
 4.89500000e+02  9.58060064e+16  2.17499013e+16  5.15843767e+10  1.76251903e+10  4.57159836e+11  1.06007218e+10
 4.90800000e+02  9.90676219e+16  2.54924078e+16  5.33405130e+10  2.06579576e+10  4.57159836e+11  1.06007218e+10
 4.92100000e+02  1.02137834e+17  2.90921836e+16  5.49935929e+10  2.35750620e+10  4.57159836e+11  1.06007218e+10
 4.93400000e+02  1.05027875e+17  3.25509148e+16  5.65496642e+10  2.63778699e+10  4.57159836e+11  1.06007218e+10
 4.94700000e+02  1.07748319e+17  3.58707708e+16  5.80144196e+10  2.90681393e+10  4.57159836e+11  1.06007218e+10
 4.96000000e+02  1.10309117e+17  3.90543251e+16  5.93932180e+10  3.16479556e+10  4.57159836e+11  1.06007218e+10
 4.96000000e+02  1.10309117e+17  3.90543251e+16  5.93932180e+10  3.16479556e+10  4.57159836e+11  1.05901211e+10
 4.96025000e+02  1.10180902e+17  3.91141279e+16  5.93241839e+10  3.16964172e+10  4.57159836e+11  1.05901211e+10
 4.96050000e+02  1.10052836e+17  3.91736772e+16  5.92552301e+10  3.17446735e+10  4.57159836e+11  1.05901211e+10
 4.96075000e+02  1.09924919e+17  3.92329737e+16  5.91863564e+10  3.17927248e+10  4.57159836e+11  1.05901211e+10
 4.96100000e+02  1.09797151e+17  3.92920179e+16  5.91175627e+10  3.18405717e+10  4.57159836e+11  1.05901211e+10
 4.96125000e+02  1.09669531e+17  3.93508105e+16  5.90488490e+10  3.18882147e+10  4.57159836e+11  1.05901211e+10
 4.96150000e+02  1.09542060e+17  3.94093521e+16  5.89802152e+10  3.19356543e+10  4.57159836e+11  1.05901211e+10
 4.96175000e+02  1.09414737e+17  3.94676432e+16  5.89116612e+10  3.19828910e+10  4.57159836e+11  1.05901211e+10
 4.96200000e+02  1.09287561e+17  3.95256845e+16  5.88431868e+10  3.20299252e+10  4.57159836e+11  1.05901211e+10
 4.96225000e+02  1.09160534e+17  3.95834767e+16  5.87747921e+10  3.20767575e+10  4.57159836e+11  1.05901211e+10
 4.96250000e+02  1.09033654e+17  3.96410203e+16  5.87064768e+10  3.21233883e+10  4.57159836e+11  1.05901211e+10
 4.96250000e+02  1.09033654e+17  0.00000000e+00  5.87064768e+10  0.00000000e+00  4.77099149e+11  1.05795310e+10
 4.97000000e+02  1.05295073e+17  3.64156220e+15  5.66935303e+10  2.95096635e+09  4.77099149e+11  1.05795310e+10
 4.97750000e+02  1.01684682e+17  6.97197265e+15  5.47496043e+10  5.64978861e+09  4.77099149e+11  1.05795310e+10
 4.98500000e+02  9.81980848e+16  1.00114300e+16  5.28723322e+10  8.11283496e+09  4.77099149e+11  1.05795310e+10
 4.99250000e+02  9.48310373e+16  1.27789530e+16  5.10594287e+10  1.03555173e+10  4.77099149e+11  1.05795310e+10
 5.00000000e+02  9.15794402e+16  1.52924455e+16  4.93086866e+10  1.23923441e+10  4.77099149e+11  1.05795310e+10
 5.00750000e+02  8.84393349e+16  1.75687585e+16  4.76179745e+10  1.42369709e+10  4.77099149e+11  1.05795310e+10
 5.01500000e+02  8.54068986e+16  1.96237491e+16  4.59852341e+10  1.59022474e+10  4.77099149e+11  1.05795310e+10
 5.02250000e+02  8.24784394e+16  2.14723351e+16  4.44084776e+10  1.74002625e+10  4.77099149e+11  1.05795310e+10
 5.03000000e+02  7.96503921e+16  2.31285483e+16  4.28857854e+10  1.87423868e+10  4.77099149e+11  1.05795310e+10
 5.03750000e+02  7.69193139e+16  2.46055831e+16  4.14153038e+10  1.99393128e+10  4.77099149e+11  1.05795310e+10
 5.03750000e+02  7.69193139e+16  0.00000000e+00  4.14153038e+10  0.00000000e+00  4.77099149e+11  1.05795310e+10
 5.03775000e+02  7.68299088e+16  8.93268417e+13  4.13671659e+10  7.23866541e+07  4.77099149e+11  1.05795310e+10
 5.03800000e+02  7.67406077e+16  1.78393638e+14  4.13190839e+10  1.44562579e+08  4.77099149e+11  1.05795310e+10
 5.03825000e+02  7.66514104e+16  2.67200965e+14  4.12710578e+10  2.16528241e+08  4.77099149e+11  1.05795310e+10
 5.03850000e+02  7.65623167e+16  3.55749397e+14  4.12230875e+10  2.88284105e+08  4.77099149e+11  1.05795310e+10
 5.03875000e+02  7.64733266e+16  4.44039507e+14  4.11751730e+10  3.59830636e+08  4.77099149e+11  1.05795310e+10
 5.03900000e+02  7.63844399e+16  5.32071867e+14  4.11273142e+10  4.31168297e+08  4.77099149e+11  1.05795310e+10
 5.03925000e+02  7.62956565e+16  6.19847047e+14  4.10795110e+10  5.02297551e+08  4.77099149e+11  1.05795310e+10
 5.03950000e+02  7.62069764e+16  7.07365618e+14  4.10317633e+10  5.73218860e+08  4.77099149e+11  1.05795310e+10
 5.03975000e+02  7.61183993e+16  7.94628149e+14  4.09840712e+10  6.43932684e+08  4.77099149e+11  1.05795310e+10
 5.04000000e+02  7.60299251e+16  8.81635206e+14  4.09364345e+10  7.14439484e+08  4.77099149e+11  1.05795310e+10
 5.04000000e+02  7.60299251e+16  8.81635206e+14  4.09364345e+10  7.14439484e+08  4.77099149e+11  1.05795310e+10
 5.05300000e+02  8.04343129e+16  5.33037967e+15  4.33078682e+10  4.31951183e+09  4.77099149e+11  1.05795310e+10
 5.06600000e+02  8.45802354e+16  9.63902180e+15  4.55401377e+10  7.81105124e+09  4.77099149e+11  1.05795310e+10
 5.07900000e+02  8.84828604e+16  1.38052593e+16  4.76414097e+10  1.11871920e+10  4.77099149e+11  1.05795310e+10
 5.09200000e+02  9.21564654e+16  1.78278405e+16  4.96193716e+10  1.44469199e+10  4.77099149e+11  1.05795310e+10
 5.10500000e+02  9.56144902e+16  2.17064232e+16  5.14812596e+10  1.75899575e+10  4.77099149e+11  1.05795310e+10
 5.11800000e+02  9.88695857e+16  2.54414485e+16  5.32338853e+10  2.06166623e+10  4.77099149e+11  1.05795310e+10
 5.13100000e+02  1.01933661e+17  2.90340283e+16  5.48836607e+10  2.35279354e+10  4.77099149e+11  1.05795310e+10
 5.14400000e+02  1.04817925e+17  3.24858455e+16  5.64366214e+10  2.63251406e+10  4.77099149e+11  1.05795310e+10
 5.15700000e+02  1.07532930e+17  3.57990652e+16  5.78984488e+10  2.90100321e+10  4.77099149e+11  1.05795310e+10
 5.17000000e+02  1.10088609e+17  3.89762555e+16  5.92744909e+10  3.15846913e+10  4.77099149e+11  1.05795310e+10
 5.17000000e+02  1.10088609e+17  3.89762555e+16  5.92744909e+10  3.15846913e+10  4.77099149e+11  1.05689514e+10
 5.17025000e+02  1.09960650e+17  3.90359387e+16  5.92055949e+10  3.16330561e+10  4.77099149e+11  1.05689514e+10
 5.17050000e+02  1.09832840e+17  3.90953690e+16  5.91367789e+10  3.16812159e+10  4.77099149e+11  1.05689514e+10
 5.17075000e+02  1.09705179e+17  3.91545470e+16  5.90680428e+10  3.17291712e+10  4.77099149e+11  1.05689514e+10
 5.17100000e+02  1.09577666e+17  3.92134732e+16  5.89993867e+10  3.17769224e+10  4.77099149e+11  1.05689514e+10
 5.17125000e+02  1.09450302e+17  3.92721482e+16  5.89308104e+10  3.18244702e+10  4.77099149e+11  1.05689514e+10
 5.17150000e+02  1.09323085e+17  3.93305728e+16  5.88623138e+10  3.18718149e+10  4.77099149e+11  1.05689514e+10
 5.17175000e+02  1.09196017e+17  3.93887474e+16  5.87938968e+10  3.19189572e+10  4.77099149e+11  1.05689514e+10
 5.17200000e+02  1.09069096e+17  3.94466727e+16  5.87255593e+10  3.19658974e+10  4.77099149e+11  1.05689514e+10
 5.17225000e+02  1.08942322e+17  3.95043493e+16  5.86573013e+10  3.20126360e+10  4.77099149e+11  1.05689514e+10
 5.17250000e+02  1.08815696e+17  3.95617779e+16  5.85891226e+10  3.20591737e+10  4.77099149e+11  1.05689514e+10
 5.17250000e+02  1.08815696e+17  0.00000000e+00  5.85891226e+10  0.00000000e+00  4.96998603e+11  1.05583825e+10
 5.18000000e+02  1.05084588e+17  3.63428272e+15  5.65801999e+10  2.94506736e+09  4.96998603e+11  1.05583825e+10
 5.18750000e+02  1.01481414e+17  6.95803568e+15  5.46401598e+10  5.63849468e+09  4.96998603e+11  1.05583825e+10
 5.19500000e+02  9.80017868e+16  9.99141720e+15  5.27666404e+10  8.09661740e+09  4.96998603e+11  1.05583825e+10
 5.20250000e+02  9.46414701e+16  1.27534079e+16  5.09573609e+10  1.03348166e+10  4.96998603e+11  1.05583825e+10
 5.21000000e+02  9.13963729e+16  1.52618759e+16  4.92101185e+10  1.23675718e+10  4.96998603e+11  1.05583825e+10
 5.21750000e+02  8.82625447e+16  1.75336386e+16  4.75227862e+10  1.42085112e+10  4.96998603e+11  1.05583825e+10
 5.22500000e+02  8.52361702e+16  1.95845212e+16  4.58933096e+10  1.58704588e+10  4.96998603e+11  1.05583825e+10
 5.23250000e+02  8.23135650e+16  2.14294119e+16  4.43197051e+10  1.73654794e+10  4.96998603e+11  1.05583825e+10
 5.24000000e+02  7.94911710e+16  2.30823143e+16  4.28000568e+10  1.87049208e+10  4.96998603e+11  1.05583825e+10
 5.24750000e+02  7.67655522e+16  2.45563966e+16  4.13325147e+10  1.98994541e+10  4.96998603e+11  1.05583825e+10
 5.24750000e+02  7.67655522e+16  0.00000000e+00  4.13325147e+10  0.00000000e+00  4.96998603e+11  1.05583825e+10
 5.24775000e+02  7.66763259e+16  8.91482773e+13  4.12844729e+10  7.22419532e+07  4.96998603e+11  1.05583825e+10
 5.24800000e+02  7.65872032e+16  1.78037029e+14  4.12364871e+10  1.44273598e+08  4.96998603e+11  1.05583825e+10
 5.24825000e+02  7.64981842e+16  2.66666831e+14  4.11885570e+10  2.16095401e+08  4.96998603e+11  1.05583825e+10
 5.24850000e+02  7.64092686e+16  3.55038254e+14  4.11406826e+10  2.87707825e+08  4.96998603e+11  1.05583825e+10
 5.24875000e+02  7.63204564e+16  4.43151872e+14  4.10928638e+10  3.59111334e+08  4.96998603e+11  1.05583825e+10
 5.24900000e+02  7.62317474e+16  5.31008255e+14  4.10451007e+10  4.30306391e+08  4.96998603e+11  1.05583825e+10
 5.24925000e+02  7.61431415e+16  6.18607973e+14  4.09973930e+10  5.01293458e+08  4.96998603e+11  1.05583825e+10
 5.24950000e+02  7.60546386e+16  7.05951595e+14  4.09497408e+10  5.72072995e+08  4.96998603e+11  1.05583825e+10
 5.24975000e+02  7.59662386e+16  7.93039687e+14  4.09021440e+10  6.42645463e+08  4.96998603e+11  1.05583825e+10
 5.25000000e+02  7.58779413e+16  8.79872817e+14  4.08546025e+10  7.13011320e+08  4.96998603e+11  1.05583825e+10
 5.25000000e+02  7.58779413e+16  8.79872817e+14  4.08546025e+10  7.13011320e+08  4.96998603e+11  1.05583825e+10
 5.26300000e+02  8.02735247e+16  5.31972424e+15  4.32212958e+10  4.31087712e+09  4.96998603e+11  1.05583825e+10
 5.27600000e+02  8.44111595e+16  9.61975340e+15  4.54491030e+10  7.79543694e+09  4.96998603e+11  1.05583825e+10
 5.28900000e+02  8.83059832e+16  1.37776626e+16  4.75461746e+10  1.11648288e+10  4.96998603e+11  1.05583825e+10
 5.30200000e+02  9.19722447e+16  1.77922027e+16  4.95201825e+10  1.44180405e+10  4.96998603e+11  1.05583825e+10
 5.31500000e+02  9.54233568e+16  2.16630321e+16  5.13783485e+10  1.75547952e+10  4.96998603e+11  1.05583825e+10
 5.32800000e+02  9.86719454e+16  2.53905911e+16  5.31274708e+10  2.05754496e+10  4.96998603e+11  1.05583825e+10
 5.34100000e+02  1.01729895e+17  2.89759893e+16  5.47739483e+10  2.34809031e+10  4.96998603e+11  1.05583825e+10
 5.35400000e+02  1.04608394e+17  3.24209063e+16  5.63238046e+10  2.62725166e+10  4.96998603e+11  1.05583825e+10
 5.36700000e+02  1.07317971e+17  3.57275028e+16  5.77827098e+10  2.89520411e+10  4.96998603e+11  1.05583825e+10
 5.38000000e+02  1.09868541e+17  3.88983419e+16  5.91560012e+10  3.15215535e+10  4.96998603e+11  1.05583825e+10
 5.38000000e+02  1.09868541e+17  3.88983419e+16  5.91560012e+10  3.15215535e+10  4.96998603e+11  1.05478241e+10
 5.38025000e+02  1.09740839e+17  3.89579059e+16  5.90872429e+10  3.15698216e+10  4.96998603e+11  1.05478241e+10
 5.38050000e+02  1.09613285e+17  3.90172174e+16  5.90185644e+10  3.16178851e+10  4.96998603e+11  1.05478241e+10
 5.38075000e+02  1.09485879e+17  3.90762770e+16  5.89499658e+10  3.16657445e+10  4.96998603e+11  1.05478241e+10
 5.38100000e+02  1.09358621e+17  3.91350854e+16  5.88814469e+10  3.17134004e+10  4.96998603e+11  1.05478241e+10
 5.38125000e+02  1.09231511e+17  3.91936432e+16  5.88130077e+10  3.17608531e+10  4.96998603e+11  1.05478241e+10
 5.38150000e+02  1.09104548e+17  3.92519509e+16  5.87446480e+10  3.18081032e+10  4.96998603e+11  1.05478241e+10
 5.38175000e+02  1.08977734e+17  3.93100093e+16  5.86763678e+10  3.18551512e+10  4.96998603e+11  1.05478241e+10
 5.38200000e+02  1.08851066e+17  3.93678188e+16  5.86081669e+10  3.19019975e+10  4.96998603e+11  1.05478241e+10
 5.38225000e+02  1.08724546e+17  3.94253801e+16  5.85400453e+10  3.19486428e+10  4.96998603e+11  1.05478241e+10
 5.38250000e+02  1.08598173e+17  3.94826939e+16  5.84720029e+10  3.19950874e+10  4.96998603e+11  1.05478241e+10
 5.38250000e+02  1.08598173e+17  0.00000000e+00  5.84720029e+10  0.00000000e+00  5.16858278e+11  1.05372763e+10
 5.39000000e+02  1.04874524e+17  3.62701779e+15  5.64670961e+10  2.93918017e+09  5.16858278e+11  1.05372763e+10
 5.39750000e+02  1.01278553e+17  6.94412656e+15  5.45309341e+10  5.62722333e+09  5.16858278e+11  1.05372763e+10
 5.40500000e+02  9.78058813e+16  9.97144436e+15  5.26611599e+10  8.08043227e+09  5.16858278e+11  1.05372763e+10
 5.41250000e+02  9.44522818e+16  1.27279138e+16  5.08554971e+10  1.03141573e+10  5.16858278e+11  1.05372763e+10
 5.42000000e+02  9.12136716e+16  1.52313674e+16  4.91117475e+10  1.23428490e+10  5.16858278e+11  1.05372763e+10
 5.42750000e+02  8.80861079e+16  1.74985888e+16  4.74277881e+10  1.41801084e+10  5.16858278e+11  1.05372763e+10
 5.43500000e+02  8.50657831e+16  1.95453718e+16  4.58015689e+10  1.58387338e+10  5.16858278e+11  1.05372763e+10
 5.44250000e+02  8.21490202e+16  2.13865746e+16  4.42311100e+10  1.73307658e+10  5.16858278e+11  1.05372763e+10
 5.45000000e+02  7.93322682e+16  2.30361727e+16  4.27144994e+10  1.86675297e+10  5.16858278e+11  1.05372763e+10
 5.45750000e+02  7.66120979e+16  2.45073083e+16  4.12498910e+10  1.98596751e+10  5.16858278e+11  1.05372763e+10
 5.45750000e+02  7.66120979e+16  0.00000000e+00  4.12498910e+10  0.00000000e+00  5.16858278e+11  1.05372763e+10
 5.45775000e+02  7.65230499e+16  8.89700699e+13  4.12019453e+10  7.20975415e+07  5.16858278e+11  1.05372763e+10
 5.45800000e+02  7.64341054e+16  1.77681133e+14  4.11540553e+10  1.43985195e+08  5.16858278e+11  1.05372763e+10
 5.45825000e+02  7.63452643e+16  2.66133764e+14  4.11062210e+10  2.15663426e+08  5.16858278e+11  1.05372763e+10
 5.45850000e+02  7.62565265e+16  3.54328533e+14  4.10584423e+10  2.87132697e+08  5.16858278e+11  1.05372763e+10
 5.45875000e+02  7.61678918e+16  4.42266012e+14  4.10107192e+10  3.58393471e+08  5.16858278e+11  1.05372763e+10
 5.45900000e+02  7.60793601e+16  5.29946770e+14  4.09630515e+10  4.29446209e+08  5.16858278e+11  1.05372763e+10
 5.45925000e+02  7.59909314e+16  6.17371376e+14  4.09154392e+10  5.00291373e+08  5.16858278e+11  1.05372763e+10
 5.45950000e+02  7.59026054e+16  7.04540397e+14  4.08678823e+10  5.70929422e+08  5.16858278e+11  1.05372763e+10
 5.45975000e+02  7.58143821e+16  7.91454401e+14  4.08203806e+10  6.41360815e+08  5.16858278e+11  1.05372763e+10
 5.46000000e+02  7.57262613e+16  8.78113951e+14  4.07729342e+10  7.11586010e+08  5.16858278e+11  1.05372763e+10
 5.46000000e+02  7.57262613e+16  8.78113951e+14  4.07729342e+10  7.11586010e+08  5.16858278e+11  1.05372763e+10
 5.47300000e+02  8.01130579e+16  5.30909011e+15  4.31348964e+10  4.30225968e+09  5.16858278e+11  1.05372763e+10
 5.48600000e+02  8.42424216e+16  9.60052351e+15  4.53582503e+10  7.77985387e+09  5.16858278e+11  1.05372763e+10
 5.49900000e+02  8.81294595e+16  1.37501210e+16  4.74511298e+10  1.11425103e+10  5.16858278e+11  1.05372763e+10
 5.51200000e+02  9.17883922e+16  1.77566361e+16  4.94211916e+10  1.43892188e+10  5.16858278e+11  1.05372763e+10
 5.52500000e+02  9.52326055e+16  2.16197277e+16  5.12756432e+10  1.75197032e+10  5.16858278e+11  1.05372763e+10
 5.53800000e+02  9.84747002e+16  2.53398353e+16  5.30212689e+10  2.05343193e+10  5.16858278e+11  1.05372763e+10
 5.55100000e+02  1.01526537e+17  2.89180663e+16  5.46644551e+10  2.34339648e+10  5.16858278e+11  1.05372763e+10
 5.56400000e+02  1.04399281e+17  3.23560969e+16  5.62112133e+10  2.62199978e+10  5.16858278e+11  1.05372763e+10
 5.57700000e+02  1.07103443e+17  3.56560836e+16  5.76672022e+10  2.88941659e+10  5.16858278e+11  1.05372763e+10
 5.59000000e+02  1.09648914e+17  3.88205841e+16  5.90377484e+10  3.14585420e+10  5.16858278e+11  1.05372763e+10
 5.59000000e+02  1.09648914e+17  3.88205841e+16  5.90377484e+10  3.14585420e+10  5.16858278e+11  1.05267390e+10
 5.59025000e+02  1.09521467e+17  3.88800290e+16  5.89691275e+10  3.15067136e+10  5.16858278e+11  1.05267390e+10
 5.59050000e+02  1.09394168e+17  3.89392220e+16  5.89005863e+10  3.15546810e+10  5.16858278e+11  1.05267390e+10
 5.59075000e+02  1.09267016e+17  3.89981636e+16  5.88321248e+10  3.16024447e+10  5.16858278e+11  1.05267390e+10
 5.59100000e+02  1.09140013e+17  3.90568544e+16  5.87637429e+10  3.16500053e+10  5.16858278e+11  1.05267390e+10
 5.59125000e+02  1.09013157e+17  3.91152951e+16  5.86954405e+10  3.16973631e+10  5.16858278e+11  1.05267390e+10
 5.59150000e+02  1.08886448e+17  3.91734863e+16  5.86272175e+10  3.17445188e+10  5.16858278e+11  1.05267390e+10
 5.59175000e+02  1.08759887e+17  3.92314286e+16  5.85590737e+10  3.17914727e+10  5.16858278e+11  1.05267390e+10
 5.59200000e+02  1.08633473e+17  3.92891225e+16  5.84910092e+10  3.18382254e+10  5.16858278e+11  1.05267390e+10
 5.59225000e+02  1.08507206e+17  3.93465688e+16  5.84230238e+10  3.18847774e+10  5.16858278e+11  1.05267390e+10
 5.59250000e+02  1.08381086e+17  3.94037680e+16  5.83551174e+10  3.19311292e+10  5.16858278e+11  1.05267390e+10
 5.59250000e+02  1.08381086e+17  0.00000000e+00  5.83551174e+10  0.00000000e+00  5.36678254e+11  1.05162123e+10
 5.60000000e+02  1.04664880e+17  3.61976738e+15  5.63542183e+10  2.93330475e+09  5.36678254e+11  1.05162123e+10
 5.60750000e+02  1.01076097e+17  6.93024525e+15  5.44219268e+10  5.61597451e+09  5.36678254e+11  1.05162123e+10
 5.61500000e+02  9.76103673e+16  9.95151144e+15  5.25558903e+10  8.06427948e+09  5.36678254e+11  1.05162123e+10
 5.62250000e+02  9.42634717e+16  1.27024707e+16  5.07538370e+10  1.02935393e+10  5.36678254e+11  1.05162123e+10
 5.63000000e+02  9.10313354e+16  1.52009199e+16  4.90135731e+10  1.23181757e+10  5.36678254e+11  1.05162123e+10
 5.63750000e+02  8.79100238e+16  1.74636092e+16  4.73329800e+10  1.41517624e+10  5.36678254e+11  1.05162123e+10
 5.64500000e+02  8.48957366e+16  1.95063006e+16  4.57100115e+10  1.58070722e+10  5.36678254e+11  1.05162123e+10
 5.65250000e+02  8.19848043e+16  2.13438228e+16  4.41426920e+10  1.72961216e+10  5.36678254e+11  1.05162123e+10
 5.66000000e+02  7.91736830e+16  2.29901234e+16  4.26291132e+10  1.86302133e+10  5.36678254e+11  1.05162123e+10
 5.66750000e+02  7.64589503e+16  2.44583182e+16  4.11674324e+10  1.98199756e+10  5.36678254e+11  1.05162123e+10
 5.66750000e+02  7.64589503e+16  0.00000000e+00  4.11674324e+10  0.00000000e+00  5.36678254e+11  1.05162123e+10
 5.66775000e+02  7.63700803e+16  8.87922188e+13  4.11195826e+10  7.19534185e+07  5.36678254e+11  1.05162123e+10
 5.66800000e+02  7.62813136e+16  1.77325949e+14  4.10717884e+10  1.43697369e+08  5.36678254e+11  1.05162123e+10
 5.66825000e+02  7.61926501e+16  2.65601762e+14  4.10240497e+10  2.15232315e+08  5.36678254e+11  1.05162123e+10
 5.66850000e+02  7.61040897e+16  3.53620230e+14  4.09763665e+10  2.86558719e+08  5.36678254e+11  1.05162123e+10
 5.66875000e+02  7.60156322e+16  4.41381922e+14  4.09287388e+10  3.57677042e+08  5.36678254e+11  1.05162123e+10
 5.66900000e+02  7.59272775e+16  5.28887406e+14  4.08811664e+10  4.28587746e+08  5.36678254e+11  1.05162123e+10
 5.66925000e+02  7.58390255e+16  6.16137250e+14  4.08336493e+10  4.99291290e+08  5.36678254e+11  1.05162123e+10
 5.66950000e+02  7.57508761e+16  7.03132021e+14  4.07861874e+10  5.69788134e+08  5.36678254e+11  1.05162123e+10
 5.66975000e+02  7.56628291e+16  7.89872283e+14  4.07387807e+10  6.40078734e+08  5.36678254e+11  1.05162123e+10
 5.67000000e+02  7.55748845e+16  8.76358601e+14  4.06914291e+10  7.10163549e+08  5.36678254e+11  1.05162123e+10
 5.67000000e+02  7.55748845e+16  8.76358601e+14  4.06914291e+10  7.10163549e+08  5.36678254e+11  1.05162123e+10
 5.68300000e+02  7.99529119e+16  5.29847724e+15  4.30486697e+10  4.29365946e+09  5.36678254e+11  1.05162123e+10
 5.69600000e+02  8.40740210e+16  9.58133206e+15  4.52675791e+10  7.76430194e+09  5.36678254e+11  1.05162123e+10
 5.70900000e+02  8.79532887e+16  1.37226345e+16  4.73562749e+10  1.11202364e+10  5.36678254e+11  1.05162123e+10
 5.72200000e+02  9.16049072e+16  1.77211405e+16  4.93223986e+10  1.43604548e+10  5.36678254e+11  1.05162123e+10
 5.73500000e+02  9.50422356e+16  2.15765099e+16  5.11731432e+10  1.74846813e+10  5.36678254e+11  1.05162123e+10
 5.74800000e+02  9.82778493e+16  2.52891809e+16  5.29152794e+10  2.04932712e+10  5.36678254e+11  1.05162123e+10
 5.76100000e+02  1.01323586e+17  2.88602591e+16  5.45551809e+10  2.33871203e+10  5.36678254e+11  1.05162123e+10
 5.77400000e+02  1.04190587e+17  3.22914171e+16  5.60988471e+10  2.61675841e+10  5.36678254e+11  1.05162123e+10
 5.78700000e+02  1.06889343e+17  3.55848070e+16  5.75519254e+10  2.88364065e+10  5.36678254e+11  1.05162123e+10
 5.80000000e+02  1.09429726e+17  3.87429818e+16  5.89197319e+10  3.13956563e+10  5.36678254e+11  1.05162123e+10
 5.80000000e+02  1.09429726e+17  3.87429818e+16  5.89197319e+10  3.13956563e+10  5.36678254e+11  1.05056960e+10
 5.80025000e+02  1.09302533e+17  3.88023079e+16  5.88512482e+10  3.14437316e+10  5.36678254e+11  1.05056960e+10
 5.80050000e+02  1.09175489e+17  3.88613825e+16  5.87828441e+10  3.14916032e+10  5.36678254e+11  1.05056960e+10
 5.80075000e+02  1.09048591e+17  3.89202062e+16  5.87145194e+10  3.15392714e+10  5.36678254e+11  1.05056960e+10
 5.80100000e+02  1.08921842e+17  3.89787797e+16  5.86462742e+10  3.15867369e+10  5.36678254e+11  1.05056960e+10
 5.80125000e+02  1.08795240e+17  3.90371036e+16  5.85781083e+10  3.16340001e+10  5.36678254e+11  1.05056960e+10
 5.80150000e+02  1.08668784e+17  3.90951785e+16  5.85100217e+10  3.16810615e+10  5.36678254e+11  1.05056960e+10
 5.80175000e+02  1.08542476e+17  3.91530049e+16  5.84420141e+10  3.17279216e+10  5.36678254e+11  1.05056960e+10
 5.80200000e+02  1.08416315e+17  3.92105836e+16  5.83740857e+10  3.17745808e+10  5.36678254e+11  1.05056960e+10
 5.80225000e+02  1.08290300e+17  3.92679150e+16  5.83062361e+10  3.18210398e+10  5.36678254e+11  1.05056960e+10
 5.80250000e+02  1.08164432e+17  3.93249998e+16  5.82384655e+10  3.18672989e+10  5.36678254e+11  1.05056960e+10
 5.80250000e+02  1.08164432e+17  0.00000000e+00  5.82384655e+10  0.00000000e+00  5.56458609e+11  1.04951903e+10
 5.81000000e+02  1.04455655e+17  3.61253146e+15  5.62415663e+10  2.92744108e+09  5.56458609e+11  1.04951903e+10
 5.81750000e+02  1.00874046e+17  6.91639169e+15  5.43131374e+10  5.60474818e+09  5.56458609e+11  1.04951903e+10
 5.82500000e+02  9.74152442e+16  9.93161837e+15  5.24508310e+10  8.04815899e+09  5.56458609e+11  1.04951903e+10
 5.83250000e+02  9.40750390e+16  1.26770785e+16  5.06523801e+10  1.02729625e+10  5.56458609e+11  1.04951903e+10
 5.84000000e+02  9.08493638e+16  1.51705332e+16  4.89155950e+10  1.22935517e+10  5.56458609e+11  1.04951903e+10
 5.84750000e+02  8.77342916e+16  1.74286994e+16  4.72383614e+10  1.41234730e+10  5.56458609e+11  1.04951903e+10
 5.85500000e+02  8.47260300e+16  1.94673075e+16  4.56186372e+10  1.57754738e+10  5.56458609e+11  1.04951903e+10
 5.86250000e+02  8.18209167e+16  2.13011565e+16  4.40544507e+10  1.72615467e+10  5.56458609e+11  1.04951903e+10
 5.87000000e+02  7.90154148e+16  2.29441662e+16  4.25438976e+10  1.85929715e+10  5.56458609e+11  1.04951903e+10
 5.87750000e+02  7.63061088e+16  2.44094260e+16  4.10851387e+10  1.97803555e+10  5.56458609e+11  1.04951903e+10
 5.87750000e+02  7.63061088e+16  0.00000000e+00  4.10851387e+10  0.00000000e+00  5.56458609e+11  1.04951903e+10
 5.87775000e+02  7.62174165e+16  8.86147231e+13  4.10373845e+10  7.18095837e+07  5.56458609e+11  1.04951903e+10
 5.87800000e+02  7.61288273e+16  1.76971474e+14  4.09896859e+10  1.43410118e+08  5.56458609e+11  1.04951903e+10
 5.87825000e+02  7.60403410e+16  2.65070824e+14  4.09420426e+10  2.14802065e+08  5.56458609e+11  1.04951903e+10
 5.87850000e+02  7.59519576e+16  3.52913343e+14  4.08944548e+10  2.85985888e+08  5.56458609e+11  1.04951903e+10
 5.87875000e+02  7.58636769e+16  4.40499599e+14  4.08469222e+10  3.56962046e+08  5.56458609e+11  1.04951903e+10
 5.87900000e+02  7.57754989e+16  5.27830160e+14  4.07994449e+10  4.27730999e+08  5.56458609e+11  1.04951903e+10
 5.87925000e+02  7.56874233e+16  6.14905592e+14  4.07520228e+10  4.98293207e+08  5.56458609e+11  1.04951903e+10
 5.87950000e+02  7.55994501e+16  7.01726460e+14  4.07046558e+10  5.68649127e+08  5.56458609e+11  1.04951903e+10
 5.87975000e+02  7.55115792e+16  7.88293329e+14  4.06573439e+10  6.38799217e+08  5.56458609e+11  1.04951903e+10
 5.88000000e+02  7.54238103e+16  8.74606760e+14  4.06100869e+10  7.08743933e+08  5.56458609e+11  1.04951903e+10
 5.88000000e+02  7.54238103e+16  8.74606760e+14  4.06100869e+10  7.08743933e+08  5.56458609e+11  1.04951903e+10
 5.89300000e+02  7.97930861e+16  5.28788558e+15  4.29626155e+10  4.28507644e+09  5.56458609e+11  1.04951903e+10
 5.90600000e+02  8.39059571e+16  9.56217898e+15  4.51770892e+10  7.74878110e+09  5.56458609e+11  1.04951903e+10
 5.91900000e+02  8.77774701e+16  1.36952030e+16  4.72616098e+10  1.10980071e+10  5.56458609e+11  1.04951903e+10
 5.93200000e+02  9.14217890e+16  1.76857160e+16  4.92238032e+10  1.43317482e+10  5.56458609e+11  1.04951903e+10
 5.94500000e+02  9.48522461e+16  2.15333784e+16  5.10708481e+10  1.74497294e+10  5.56458609e+11  1.04951903e+10
 5.95800000e+02  9.80813918e+16  2.52386279e+16  5.28095018e+10  2.04523052e+10  5.56458609e+11  1.04951903e+10
 5.97100000e+02  1.01121040e+17  2.88025674e+16  5.44461251e+10  2.33403694e+10  5.56458609e+11  1.04951903e+10
 5.98400000e+02  1.03982310e+17  3.22268665e+16  5.59867055e+10  2.61152751e+10  5.56458609e+11  1.04951903e+10
 5.99700000e+02  1.06675671e+17  3.55136730e+16  5.74368791e+10  2.87787625e+10  5.56458609e+11  1.04951903e+10
 6.01000000e+02  1.09210976e+17  3.86655346e+16  5.88019514e+10  3.13328964e+10  5.56458609e+11  1.04951903e+10
 6.01000000e+02  1.09210976e+17  3.86655346e+16  5.88019514e+10  3.13328964e+10  5.56458609e+11  1.04846952e+10
 6.01025000e+02  1.09084038e+17  3.87247421e+16  5.87336045e+10  3.13808756e+10  5.56458609e+11  1.04846952e+10
 6.01050000e+02  1.08957247e+17  3.87836986e+16  5.86653371e+10  3.14286515e+10  5.56458609e+11  1.04846952e+10
 6.01075000e+02  1.08830603e+17  3.88424047e+16  5.85971491e+10  3.14762244e+10  5.56458609e+11  1.04846952e+10
 6.01100000e+02  1.08704107e+17  3.89008612e+16  5.85290403e+10  3.15235950e+10  5.56458609e+11  1.04846952e+10
 6.01125000e+02  1.08577758e+17  3.89590685e+16  5.84610107e+10  3.15707637e+10  5.56458609e+11  1.04846952e+10
 6.01150000e+02  1.08451555e+17  3.90170272e+16  5.83930601e+10  3.16177310e+10  5.56458609e+11  1.04846952e+10
 6.01175000e+02  1.08325500e+17  3.90747381e+16  5.83251886e+10  3.16644974e+10  5.56458609e+11  1.04846952e+10
 6.01200000e+02  1.08199591e+17  3.91322016e+16  5.82573959e+10  3.17110634e+10  5.56458609e+11  1.04846952e+10
 6.01225000e+02  1.08073828e+17  3.91894184e+16  5.81896820e+10  3.17574295e+10  5.56458609e+11  1.04846952e+10
 6.01250000e+02  1.07948211e+17  3.92463892e+16  5.81220468e+10  3.18035961e+10  5.56458609e+11  1.04846952e+10
 6.01250000e+02  1.07948211e+17  0.00000000e+00  5.81220468e+10  0.00000000e+00  5.76199424e+11  1.04742105e+10
 6.02000000e+02  1.04246848e+17  3.60531001e+15  5.61291394e+10  2.92158912e+09  5.76199424e+11  1.04742105e+10
 6.02750000e+02  1.00672399e+17  6.90256583e+15  5.42045654e+10  5.59354429e+09  5.76199424e+11  1.04742105e+10
 6.03500000e+02  9.72205111e+16  9.91176506e+15  5.23459818e+10  8.03207072e+09  5.76199424e+11  1.04742105e+10
 6.04250000e+02  9.38869830e+16  1.26517370e+16  5.05511260e+10  1.02524269e+10  5.76199424e+11  1.04742105e+10
 6.05000000e+02  9.06677559e+16  1.51402073e+16  4.88178127e+10  1.22689768e+10  5.76199424e+11  1.04742105e+10
 6.05750000e+02  8.75589108e+16  1.73938594e+16  4.71439319e+10  1.40952402e+10  5.76199424e+11  1.04742105e+10
 6.06500000e+02  8.45566627e+16  1.94283923e+16  4.55274456e+10  1.57439386e+10  5.76199424e+11  1.04742105e+10
 6.07250000e+02  8.16573567e+16  2.12585755e+16  4.39663859e+10  1.72270408e+10  5.76199424e+11  1.04742105e+10
 6.08000000e+02  7.88574630e+16  2.28983008e+16  4.24588523e+10  1.85558041e+10  5.76199424e+11  1.04742105e+10
 6.08750000e+02  7.61535729e+16  2.43606316e+16  4.10030095e+10  1.97408145e+10  5.76199424e+11  1.04742105e+10
 6.08750000e+02  7.61535729e+16  0.00000000e+00  4.10030095e+10  0.00000000e+00  5.76199424e+11  1.04742105e+10
 6.08775000e+02  7.60650579e+16  8.84375823e+13  4.09553508e+10  7.16660363e+07  5.76199424e+11  1.04742105e+10
 6.08800000e+02  7.59766458e+16  1.76617708e+14  4.09077475e+10  1.43123441e+08  5.76199424e+11  1.04742105e+10
 6.08825000e+02  7.58883364e+16  2.64540948e+14  4.08601995e+10  2.14372676e+08  5.76199424e+11  1.04742105e+10
 6.08850000e+02  7.58001297e+16  3.52207869e+14  4.08127067e+10  2.85414202e+08  5.76199424e+11  1.04742105e+10
 6.08875000e+02  7.57120255e+16  4.39619041e+14  4.07652692e+10  3.56248478e+08  5.76199424e+11  1.04742105e+10
 6.08900000e+02  7.56240237e+16  5.26775028e+14  4.07178868e+10  4.26875965e+08  5.76199424e+11  1.04742105e+10
 6.08925000e+02  7.55361241e+16  6.13676396e+14  4.06705595e+10  4.97297119e+08  5.76199424e+11  1.04742105e+10
 6.08950000e+02  7.54483268e+16  7.00323709e+14  4.06232872e+10  5.67512398e+08  5.76199424e+11  1.04742105e+10
 6.08975000e+02  7.53606315e+16  7.86717530e+14  4.05760698e+10  6.37522257e+08  5.76199424e+11  1.04742105e+10
 6.09000000e+02  7.52730381e+16  8.72858422e+14  4.05289073e+10  7.07327153e+08  5.76199424e+11  1.04742105e+10
 6.09000000e+02  7.52730381e+16  8.72858422e+14  4.05289073e+10  7.07327153e+08  5.76199424e+11  1.04742105e+10
 6.10300000e+02  7.96335797e+16  5.27731510e+15  4.28767332e+10  4.27651057e+09  5.76199424e+11  1.04742105e+10
 6.11600000e+02  8.37382291e+16  9.54306419e+15  4.50867802e+10  7.73329129e+09  5.76199424e+11  1.04742105e+10
 6.12900000e+02  8.76020030e+16  1.36678263e+16  4.71671338e+10  1.10758222e+10  5.76199424e+11  1.04742105e+10
 6.14200000e+02  9.12390368e+16  1.76503622e+16  4.91254048e+10  1.43030991e+10  5.76199424e+11  1.04742105e+10
 6.15500000e+02  9.46626365e+16  2.14903332e+16  5.09687575e+10  1.74148474e+10  5.76199424e+11  1.04742105e+10
 6.16800000e+02  9.78853271e+16  2.51881758e+16  5.27039356e+10  2.04114210e+10  5.76199424e+11  1.04742105e+10
 6.18100000e+02  1.00918899e+17  2.87449911e+16  5.43372873e+10  2.32937120e+10  5.76199424e+11  1.04742105e+10
 6.19400000e+02  1.03774450e+17  3.21624450e+16  5.58747881e+10  2.60630706e+10  5.76199424e+11  1.04742105e+10
 6.20700000e+02  1.06462426e+17  3.54426812e+16  5.73220628e+10  2.87212338e+10  5.76199424e+11  1.04742105e+10
 6.22000000e+02  1.08992663e+17  3.85882422e+16  5.86844063e+10  3.12702620e+10  5.76199424e+11  1.04742105e+10
 6.22000000e+02  1.08992663e+17  3.85882422e+16  5.86844063e+10  3.12702620e+10  5.76199424e+11  1.04637362e+10
 6.22025000e+02  1.08865979e+17  3.86473313e+16  5.86161961e+10  3.13181453e+10  5.76199424e+11  1.04637362e+10
 6.22050000e+02  1.08739441e+17  3.87061700e+16  5.85480651e+10  3.13658256e+10  5.76199424e+11  1.04637362e+10
 6.22075000e+02  1.08613051e+17  3.87647588e+16  5.84800134e+10  3.14133035e+10  5.76199424e+11  1.04637362e+10
 6.22100000e+02  1.08486808e+17  3.88230983e+16  5.84120408e+10  3.14605794e+10  5.76199424e+11  1.04637362e+10
 6.22125000e+02  1.08360711e+17  3.88811893e+16  5.83441471e+10  3.15076538e+10  5.76199424e+11  1.04637362e+10
 6.22150000e+02  1.08234761e+17  3.89390322e+16  5.82763324e+10  3.15545272e+10  5.76199424e+11  1.04637362e+10
 6.22175000e+02  1.08108957e+17  3.89966277e+16  5.82085965e+10  3.16012001e+10  5.76199424e+11  1.04637362e+10
 6.22200000e+02  1.07983300e+17  3.90539764e+16  5.81409393e+10  3.16476730e+10  5.76199424e+11  1.04637362e+10
 6.22225000e+02  1.07857788e+17  3.91110788e+16  5.80733608e+10  3.16939464e+10  5.76199424e+11  1.04637362e+10
 6.22250000e+02  1.07732423e+17  3.91679356e+16  5.80058608e+10  3.17400207e+10  5.76199424e+11  1.04637362e+10
 6.22250000e+02  1.07732423e+17  0.00000000e+00  5.80058608e+10  0.00000000e+00  5.95900776e+11  1.04532725e+10
 6.23000000e+02  1.04038459e+17  3.59810300e+15  5.60169372e+10  2.91574887e+09  5.95900776e+11  1.04532725e+10
 6.23750000e+02  1.00471155e+17  6.88876760e+15  5.40962105e+10  5.58236279e+09  5.95900776e+11  1.04532725e+10
 6.24500000e+02  9.70261673e+16  9.89195145e+15  5.22413422e+10  8.01601461e+09  5.95900776e+11  1.04532725e+10
 6.25250000e+02  9.36993029e+16  1.26264462e+16  5.04500743e+10  1.02319323e+10  5.95900776e+11  1.04532725e+10
 6.26000000e+02  9.04865111e+16  1.51099421e+16  4.87202259e+10  1.22444512e+10  5.95900776e+11  1.04532725e+10
 6.26750000e+02  8.73838805e+16  1.73590891e+16  4.70496911e+10  1.40670638e+10  5.95900776e+11  1.04532725e+10
 6.27500000e+02  8.43876339e+16  1.93895550e+16  4.54364362e+10  1.57124665e+10  5.95900776e+11  1.04532725e+10
 6.28250000e+02  8.14941236e+16  2.12160796e+16  4.38784971e+10  1.71926040e+10  5.95900776e+11  1.04532725e+10
 6.29000000e+02  7.86998269e+16  2.28525271e+16  4.23739771e+10  1.85187111e+10  5.95900776e+11  1.04532725e+10
 6.29750000e+02  7.60013419e+16  2.43119347e+16  4.09210445e+10  1.97013526e+10  5.95900776e+11  1.04532725e+10
 6.29750000e+02  7.60013419e+16  0.00000000e+00  4.09210445e+10  0.00000000e+00  5.95900776e+11  1.04532725e+10
 6.29775000e+02  7.59130038e+16  8.82607956e+13  4.08734811e+10  7.15227759e+07  5.95900776e+11  1.04532725e+10
 6.29800000e+02  7.58247684e+16  1.76264650e+14  4.08259729e+10  1.42837337e+08  5.95900776e+11  1.04532725e+10
 6.29825000e+02  7.57366356e+16  2.64012131e+14  4.07785199e+10  2.13944145e+08  5.95900776e+11  1.04532725e+10
 6.29850000e+02  7.56486052e+16  3.51503806e+14  4.07311221e+10  2.84843659e+08  5.95900776e+11  1.04532725e+10
 6.29875000e+02  7.55606771e+16  4.38740242e+14  4.06837794e+10  3.55536338e+08  5.95900776e+11  1.04532725e+10
 6.29900000e+02  7.54728512e+16  5.25722004e+14  4.06364918e+10  4.26022640e+08  5.95900776e+11  1.04532725e+10
 6.29925000e+02  7.53851274e+16  6.12449657e+14  4.05892591e+10  4.96303022e+08  5.95900776e+11  1.04532725e+10
 6.29950000e+02  7.52975056e+16  6.98923762e+14  4.05420812e+10  5.66377940e+08  5.95900776e+11  1.04532725e+10
 6.29975000e+02  7.52099856e+16  7.85144882e+14  4.04949583e+10  6.36247850e+08  5.95900776e+11  1.04532725e+10
 6.30000000e+02  7.51225673e+16  8.71113578e+14  4.04478901e+10  7.05913206e+08  5.95900776e+11  1.04532725e+10
 6.30000000e+02  7.51225673e+16  8.71113578e+14  4.04478901e+10  7.05913206e+08  5.95900776e+11  1.04532725e+10
 6.31300000e+02  7.94743922e+16  5.26676574e+15  4.27910226e+10  4.26796183e+09  5.95900776e+11  1.04532725e+10
 6.32600000e+02  8.35708363e+16  9.52398760e+15  4.49966517e+10  7.71783244e+09  5.95900776e+11  1.04532725e+10
 6.33900000e+02  8.74268866e+16  1.36405043e+16  4.70728467e+10  1.10536816e+10  5.95900776e+11  1.04532725e+10
 6.35200000e+02  9.10566500e+16  1.76150792e+16  4.90272031e+10  1.42745072e+10  5.95900776e+11  1.04532725e+10
 6.36500000e+02  9.44734059e+16  2.14473740e+16  5.08668709e+10  1.73800351e+10  5.95900776e+11  1.04532725e+10
 6.37800000e+02  9.76896544e+16  2.51378247e+16  5.25985804e+10  2.03706186e+10  5.95900776e+11  1.04532725e+10
 6.39100000e+02  1.00717162e+17  2.86875298e+16  5.42286670e+10  2.32471479e+10  5.95900776e+11  1.04532725e+10
 6.40400000e+02  1.03567004e+17  3.20981523e+16  5.57630944e+10  2.60109706e+10  5.95900776e+11  1.04532725e+10
 6.41700000e+02  1.06249608e+17  3.53718313e+16  5.72074760e+10  2.86638200e+10  5.95900776e+11  1.04532725e+10
 6.43000000e+02  1.08774787e+17  3.85111043e+16  5.85670962e+10  3.12077527e+10  5.95900776e+11  1.04532725e+10
 6.43000000e+02  1.08774787e+17  3.85111043e+16  5.85670962e+10  3.12077527e+10  5.95900776e+11  1.04428192e+10
 6.43025000e+02  1.08648356e+17  3.85700753e+16  5.84990223e+10  3.12555403e+10  5.95900776e+11  1.04428192e+10
 6.43050000e+02  1.08522071e+17  3.86287963e+16  5.84310276e+10  3.13031253e+10  5.95900776e+11  1.04428192e+10
 6.43075000e+02  1.08395933e+17  3.86872680e+16  5.83631119e+10  3.13505083e+10  5.95900776e+11  1.04428192e+10
 6.43100000e+02  1.08269942e+17  3.87454910e+16  5.82952751e+10  3.13976897e+10  5.95900776e+11  1.04428192e+10
 6.43125000e+02  1.08144098e+17  3.88034658e+16  5.82275172e+10  3.14446700e+10  5.95900776e+11  1.04428192e+10
 6.43150000e+02  1.08018400e+17  3.88611931e+16  5.81598380e+10  3.14914497e+10  5.95900776e+11  1.04428192e+10
 6.43175000e+02  1.07892847e+17  3.89186734e+16  5.80922375e+10  3.15380293e+10  5.95900776e+11  1.04428192e+10
 6.43200000e+02  1.07767441e+17  3.89759075e+16  5.80247156e+10  3.15844093e+10  5.95900776e+11  1.04428192e+10
 6.43225000e+02  1.07642180e+17  3.90328957e+16  5.79572722e+10  3.16305902e+10  5.95900776e+11  1.04428192e+10
 6.43250000e+02  1.07517066e+17  3.90896389e+16  5.78899071e+10  3.16765724e+10  5.95900776e+11  1.04428192e+10
 6.43250000e+02  1.07517066e+17  0.00000000e+00  5.78899071e+10  0.00000000e+00  6.15562746e+11  1.04323764e+10
 6.44000000e+02  1.03830486e+17  3.59091039e+15  5.59049594e+10  2.90992028e+09  6.15562746e+11  1.04323764e+10
 6.44750000e+02  1.00270313e+17  6.87499695e+15  5.39880721e+10  5.57120365e+09  6.15562746e+11  1.04323764e+10
 6.45500000e+02  9.68322120e+16  9.87217744e+15  5.21369118e+10  7.99999059e+09  6.15562746e+11  1.04323764e+10
 6.46250000e+02  9.35119980e+16  1.26012059e+16  5.03492246e+10  1.02114786e+10  6.15562746e+11  1.04323764e+10
 6.47000000e+02  9.03056285e+16  1.50797373e+16  4.86228342e+10  1.22199745e+10  6.15562746e+11  1.04323764e+10
 6.47750000e+02  8.72092001e+16  1.73243883e+16  4.69556388e+10  1.40389437e+10  6.15562746e+11  1.04323764e+10
 6.48500000e+02  8.42189430e+16  1.93507952e+16  4.53456088e+10  1.56810573e+10  6.15562746e+11  1.04323764e+10
 6.49250000e+02  8.13312168e+16  2.11736686e+16  4.37907840e+10  1.71582360e+10  6.15562746e+11  1.04323764e+10
 6.50000000e+02  7.85425059e+16  2.28068449e+16  4.22892715e+10  1.84816922e+10  6.15562746e+11  1.04323764e+10
 6.50750000e+02  7.58494152e+16  2.42633351e+16  4.08392434e+10  1.96619696e+10  6.15562746e+11  1.04323764e+10
 6.50750000e+02  7.58494152e+16  0.00000000e+00  4.08392434e+10  0.00000000e+00  6.15562746e+11  1.04323764e+10
 6.50775000e+02  7.57612538e+16  8.80843622e+13  4.07917750e+10  7.13798019e+07  6.15562746e+11  1.04323764e+10
 6.50800000e+02  7.56731947e+16  1.75912296e+14  4.07443618e+10  1.42551805e+08  6.15562746e+11  1.04323764e+10
 6.50825000e+02  7.55852381e+16  2.63484370e+14  4.06970037e+10  2.13516471e+08  6.15562746e+11  1.04323764e+10
 6.50850000e+02  7.54973836e+16  3.50801150e+14  4.06497006e+10  2.84274256e+08  6.15562746e+11  1.04323764e+10
 6.50875000e+02  7.54096313e+16  4.37863200e+14  4.06024526e+10  3.54825621e+08  6.15562746e+11  1.04323764e+10
 6.50900000e+02  7.53219810e+16  5.24671086e+14  4.05552594e+10  4.25171020e+08  6.15562746e+11  1.04323764e+10
 6.50925000e+02  7.52344326e+16  6.11225370e+14  4.05081211e+10  4.95310912e+08  6.15562746e+11  1.04323764e+10
 6.50950000e+02  7.51469859e+16  6.97526613e+14  4.04610376e+10  5.65245751e+08  6.15562746e+11  1.04323764e+10
 6.50975000e+02  7.50596408e+16  7.83575377e+14  4.04140088e+10  6.34975991e+08  6.15562746e+11  1.04323764e+10
 6.51000000e+02  7.49723973e+16  8.69372222e+14  4.03670347e+10  7.04502086e+08  6.15562746e+11  1.04323764e+10
 6.51000000e+02  7.49723973e+16  8.69372222e+14  4.03670347e+10  7.04502086e+08  6.15562746e+11  1.04323764e+10
 6.52300000e+02  7.93155228e+16  5.25623748e+15  4.27054833e+10  4.25943017e+09  6.15562746e+11  1.04323764e+10
 6.53600000e+02  8.34037782e+16  9.50494915e+15  4.49067034e+10  7.70240449e+09  6.15562746e+11  1.04323764e+10
 6.54900000e+02  8.72521202e+16  1.36132369e+16  4.69787481e+10  1.10315853e+10  6.15562746e+11  1.04323764e+10
 6.56200000e+02  9.08746277e+16  1.75798666e+16  4.89291977e+10  1.42459724e+10  6.15562746e+11  1.04323764e+10
 6.57500000e+02  9.42845535e+16  2.14045007e+16  5.07651880e+10  1.73452924e+10  6.15562746e+11  1.04323764e+10
 6.58800000e+02  9.74943727e+16  2.50875742e+16  5.24934359e+10  2.03298977e+10  6.15562746e+11  1.04323764e+10
 6.60100000e+02  1.00515828e+17  2.86301835e+16  5.41202639e+10  2.32006768e+10  6.15562746e+11  1.04323764e+10
 6.61400000e+02  1.03359974e+17  3.20339881e+16  5.56516239e+10  2.59589746e+10  6.15562746e+11  1.04323764e+10
 6.62700000e+02  1.06037215e+17  3.53011230e+16  5.70931182e+10  2.86065211e+10  6.15562746e+11  1.04323764e+10
 6.64000000e+02  1.08557346e+17  3.84341206e+16  5.84500205e+10  3.11453684e+10  6.15562746e+11  1.04323764e+10
 6.64000000e+02  1.08557346e+17  3.84341206e+16  5.84500205e+10  3.11453684e+10  6.15562746e+11  1.04219440e+10
 6.64025000e+02  1.08431168e+17  3.84929737e+16  5.83820827e+10  3.11930605e+10  6.15562746e+11  1.04219440e+10
 6.64050000e+02  1.08305136e+17  3.85515774e+16  5.83142239e+10  3.12405504e+10  6.15562746e+11  1.04219440e+10
 6.64075000e+02  1.08179250e+17  3.86099322e+16  5.82464440e+10  3.12878386e+10  6.15562746e+11  1.04219440e+10
 6.64100000e+02  1.08053511e+17  3.86680387e+16  5.81787428e+10  3.13349257e+10  6.15562746e+11  1.04219440e+10
 6.64125000e+02  1.07927918e+17  3.87258977e+16  5.81111204e+10  3.13818121e+10  6.15562746e+11  1.04219440e+10
 6.64150000e+02  1.07802471e+17  3.87835095e+16  5.80435765e+10  3.14284983e+10  6.15562746e+11  1.04219440e+10
 6.64175000e+02  1.07677169e+17  3.88408750e+16  5.79761111e+10  3.14749848e+10  6.15562746e+11  1.04219440e+10
 6.64200000e+02  1.07552014e+17  3.88979946e+16  5.79087242e+10  3.15212721e+10  6.15562746e+11  1.04219440e+10
 6.64225000e+02  1.07427004e+17  3.89548690e+16  5.78414156e+10  3.15673607e+10  6.15562746e+11  1.04219440e+10
 6.64250000e+02  1.07302139e+17  3.90114987e+16  5.77741852e+10  3.16132510e+10  6.15562746e+11  1.04219440e+10
 6.64250000e+02  1.07302139e+17  0.00000000e+00  5.77741852e+10  0.00000000e+00  6.35185411e+11  1.04115221e+10
 6.65000000e+02  1.03622929e+17  3.58373216e+15  5.57932054e+10  2.90410335e+09  6.35185411e+11  1.04115221e+10
 6.65750000e+02  1.00069872e+17  6.86125383e+15  5.38801500e+10  5.56006681e+09  6.35185411e+11  1.04115221e+10
 6.66500000e+02  9.66386444e+16  9.85244295e+15  5.20326901e+10  7.98399861e+09  6.35185411e+11  1.04115221e+10
 6.67250000e+02  9.33250675e+16  1.25760161e+16  5.02485765e+10  1.01910659e+10  6.35185411e+11  1.04115221e+10
 6.68000000e+02  9.01251076e+16  1.50495929e+16  4.85256371e+10  1.21955468e+10  6.35185411e+11  1.04115221e+10
 6.68750000e+02  8.70348689e+16  1.72897568e+16  4.68617745e+10  1.40108799e+10  6.35185411e+11  1.04115221e+10
 6.69500000e+02  8.40505894e+16  1.93121130e+16  4.52549629e+10  1.56497109e+10  6.35185411e+11  1.04115221e+10
 6.70250000e+02  8.11686357e+16  2.11313425e+16  4.37032462e+10  1.71239367e+10  6.35185411e+11  1.04115221e+10
 6.71000000e+02  7.83854995e+16  2.27612540e+16  4.22047352e+10  1.84447473e+10  6.35185411e+11  1.04115221e+10
 6.71750000e+02  7.56977923e+16  2.42148327e+16  4.07576057e+10  1.96226654e+10  6.35185411e+11  1.04115221e+10
 6.71750000e+02  7.56977923e+16  0.00000000e+00  4.07576057e+10  0.00000000e+00  6.35185411e+11  1.04115221e+10
 6.71775000e+02  7.56098070e+16  8.79082816e+13  4.07102322e+10  7.12371136e+07  6.35185411e+11  1.04115221e+10
 6.71800000e+02  7.55219240e+16  1.75560648e+14  4.06629138e+10  1.42266844e+08  6.35185411e+11  1.04115221e+10
 6.71825000e+02  7.54341432e+16  2.62957665e+14  4.06156504e+10  2.13089651e+08  6.35185411e+11  1.04115221e+10
 6.71850000e+02  7.53464644e+16  3.50099898e+14  4.05684419e+10  2.83705992e+08  6.35185411e+11  1.04115221e+10
 6.71875000e+02  7.52588875e+16  4.36987912e+14  4.05212883e+10  3.54116324e+08  6.35185411e+11  1.04115221e+10
 6.71900000e+02  7.51714124e+16  5.23622269e+14  4.04741895e+10  4.24321104e+08  6.35185411e+11  1.04115221e+10
 6.71925000e+02  7.50840389e+16  6.10003530e+14  4.04271454e+10  4.94320786e+08  6.35185411e+11  1.04115221e+10
 6.71950000e+02  7.49967671e+16  6.96132258e+14  4.03801560e+10  5.64115825e+08  6.35185411e+11  1.04115221e+10
 6.71975000e+02  7.49095966e+16  7.82009010e+14  4.03332212e+10  6.33706674e+08  6.35185411e+11  1.04115221e+10
 6.72000000e+02  7.48225275e+16  8.67634346e+14  4.02863410e+10  7.03093786e+08  6.35185411e+11  1.04115221e+10
 6.72000000e+02  7.48225275e+16  8.67634346e+14  4.02863410e+10  7.03093786e+08  6.35185411e+11  1.04115221e+10
 6.73300000e+02  7.91569711e+16  5.24573026e+15  4.26201151e+10  4.25091557e+09  6.35185411e+11  1.04115221e+10
 6.74600000e+02  8.32370541e+16  9.48594876e+15  4.48169349e+10  7.68700738e+09  6.35185411e+11  1.04115221e+10
 6.75900000e+02  8.70777032e+16  1.35860241e+16  4.68848376e+10  1.10095332e+10  6.35185411e+11  1.04115221e+10
 6.77200000e+02  9.06929693e+16  1.75447245e+16  4.88313883e+10  1.42174947e+10  6.35185411e+11  1.04115221e+10
 6.78500000e+02  9.40960787e+16  2.13617131e+16  5.06637084e+10  1.73106192e+10  6.35185411e+11  1.04115221e+10
 6.79800000e+02  9.72994815e+16  2.50374241e+16  5.23885015e+10  2.02892582e+10  6.35185411e+11  1.04115221e+10
 6.81100000e+02  1.00314897e+17  2.85729517e+16  5.40120775e+10  2.31542987e+10  6.35185411e+11  1.04115221e+10
 6.82400000e+02  1.03153357e+17  3.19699522e+16  5.55403763e+10  2.59070826e+10  6.35185411e+11  1.04115221e+10
 6.83700000e+02  1.05825247e+17  3.52305560e+16  5.69789891e+10  2.85493366e+10  6.35185411e+11  1.04115221e+10
 6.85000000e+02  1.08340340e+17  3.83572908e+16  5.83331789e+10  3.10831088e+10  6.35185411e+11  1.04115221e+10
 6.85000000e+02  1.08340340e+17  3.83572908e+16  5.83331789e+10  3.10831088e+10  6.35185411e+11  1.04011106e+10
 6.85025000e+02  1.08214414e+17  3.84160262e+16  5.82653770e+10  3.11307055e+10  6.35185411e+11  1.04011106e+10
 6.85050000e+02  1.08088634e+17  3.84745128e+16  5.81976538e+10  3.11781005e+10  6.35185411e+11  1.04011106e+10
 6.85075000e+02  1.07963000e+17  3.85327509e+16  5.81300094e+10  3.12252942e+10  6.35185411e+11  1.04011106e+10
 6.85100000e+02  1.07837512e+17  3.85907413e+16  5.80624435e+10  3.12722872e+10  6.35185411e+11  1.04011106e+10
 6.85125000e+02  1.07712170e+17  3.86484846e+16  5.79949562e+10  3.13190798e+10  6.35185411e+11  1.04011106e+10
 6.85150000e+02  1.07586974e+17  3.87059813e+16  5.79275474e+10  3.13656727e+10  6.35185411e+11  1.04011106e+10
 6.85175000e+02  1.07461923e+17  3.87632321e+16  5.78602169e+10  3.14120663e+10  6.35185411e+11  1.04011106e+10
 6.85200000e+02  1.07337017e+17  3.88202375e+16  5.77929647e+10  3.14582611e+10  6.35185411e+11  1.04011106e+10
 6.85225000e+02  1.07212257e+17  3.88769982e+16  5.77257906e+10  3.15042575e+10  6.35185411e+11  1.04011106e+10
 6.85250000e+02  1.07087642e+17  3.89335147e+16  5.76586946e+10  3.15500561e+10  6.35185411e+11  1.04011106e+10
 6.85250000e+02  1.07087642e+17  0.00000000e+00  5.76586946e+10  0.00000000e+00  6.54768851e+11  1.03907095e+10
 6.86000000e+02  1.03415786e+17  3.57656828e+15  5.56816747e+10  2.89829805e+09  6.54768851e+11  1.03907095e+10
 6.86750000e+02  9.98698327e+16  6.84753819e+15  5.37724436e+10  5.54895224e+09  6.54768851e+11  1.03907095e+10
 6.87500000e+02  9.64454638e+16  9.83274792e+15  5.19286767e+10  7.96803860e+09  6.54768851e+11  1.03907095e+10
 6.88250000e+02  9.31385107e+16  1.25508767e+16  5.01481296e+10  1.01706939e+10  6.54768851e+11  1.03907095e+10
 6.89000000e+02  8.99449475e+16  1.50195088e+16  4.84286344e+10  1.21711679e+10  6.54768851e+11  1.03907095e+10
 6.89750000e+02  8.68608862e+16  1.72551946e+16  4.67680978e+10  1.39828721e+10  6.54768851e+11  1.03907095e+10
 6.90500000e+02  8.38825722e+16  1.92735081e+16  4.51644982e+10  1.56184271e+10  6.54768851e+11  1.03907095e+10
 6.91250000e+02  8.10063796e+16  2.10891009e+16  4.36158834e+10  1.70897059e+10  6.54768851e+11  1.03907095e+10
 6.92000000e+02  7.82288069e+16  2.27157543e+16  4.21203680e+10  1.84078762e+10  6.54768851e+11  1.03907095e+10
 6.92750000e+02  7.55464724e+16  2.41664273e+16  4.06761313e+10  1.95834396e+10  6.54768851e+11  1.03907095e+10
 6.92750000e+02  7.55464724e+16  0.00000000e+00  4.06761313e+10  0.00000000e+00  6.54768851e+11  1.03907095e+10
 6.92775000e+02  7.54586630e+16  8.77325529e+13  4.06288525e+10  7.10947107e+07  6.54768851e+11  1.03907095e+10
 6.92800000e+02  7.53709557e+16  1.75209702e+14  4.05816286e+10  1.41982453e+08  6.54768851e+11  1.03907095e+10
 6.92825000e+02  7.52833503e+16  2.62432013e+14  4.05344597e+10  2.12663685e+08  6.54768851e+11  1.03907095e+10
 6.92850000e+02  7.51958468e+16  3.49400049e+14  4.04873456e+10  2.83138864e+08  6.54768851e+11  1.03907095e+10
 6.92875000e+02  7.51084450e+16  4.36114373e+14  4.04402862e+10  3.53408446e+08  6.54768851e+11  1.03907095e+10
 6.92900000e+02  7.50211447e+16  5.22575548e+14  4.03932816e+10  4.23472886e+08  6.54768851e+11  1.03907095e+10
 6.92925000e+02  7.49339459e+16  6.08784133e+14  4.03463315e+10  4.93332638e+08  6.54768851e+11  1.03907095e+10
 6.92950000e+02  7.48468485e+16  6.94740689e+14  4.02994361e+10  5.62988157e+08  6.54768851e+11  1.03907095e+10
 6.92975000e+02  7.47598523e+16  7.80445774e+14  4.02525951e+10  6.32439894e+08  6.54768851e+11  1.03907095e+10
 6.93000000e+02  7.46729573e+16  8.65899945e+14  4.02058086e+10  7.01688302e+08  6.54768851e+11  1.03907095e+10
 6.93000000e+02  7.46729573e+16  8.65899945e+14  4.02058086e+10  7.01688302e+08  6.54768851e+11  1.03907095e+10
 6.94300000e+02  7.89987363e+16  5.23524405e+15  4.25349175e+10  4.24241799e+09  6.54768851e+11  1.03907095e+10
 6.95600000e+02  8.30706632e+16  9.46698634e+15  4.47273459e+10  7.67164105e+09  6.54768851e+11  1.03907095e+10
 6.96900000e+02  8.69036349e+16  1.35588656e+16  4.67911148e+10  1.09875251e+10  6.54768851e+11  1.03907095e+10
 6.98200000e+02  9.05116741e+16  1.75096526e+16  4.87337743e+10  1.41890740e+10  6.54768851e+11  1.03907095e+10
 6.99500000e+02  9.39079807e+16  2.13190111e+16  5.05624317e+10  1.72760153e+10  6.54768851e+11  1.03907095e+10
 7.00800000e+02  9.71049798e+16  2.49873743e+16  5.22837769e+10  2.02487000e+10  6.54768851e+11  1.03907095e+10
 7.02100000e+02  1.00114368e+17  2.85158344e+16  5.39041074e+10  2.31080132e+10  6.54768851e+11  1.03907095e+10
 7.03400000e+02  1.02947154e+17  3.19060442e+16  5.54293511e+10  2.58552944e+10  6.54768851e+11  1.03907095e+10
 7.04700000e+02  1.05613702e+17  3.51601301e+16  5.68650881e+10  2.84922665e+10  6.54768851e+11  1.03907095e+10
 7.06000000e+02  1.08123768e+17  3.82806145e+16  5.82165709e+10  3.10209737e+10  6.54768851e+11  1.03907095e+10
 7.06000000e+02  1.08123768e+17  3.82806145e+16  5.82165709e+10  3.10209737e+10  6.54768851e+11  1.03803188e+10
 7.06025000e+02  1.07998093e+17  3.83392326e+16  5.81489045e+10  3.10684752e+10  6.54768851e+11  1.03803188e+10
 7.06050000e+02  1.07872564e+17  3.83976022e+16  5.80813167e+10  3.11157755e+10  6.54768851e+11  1.03803188e+10
 7.06075000e+02  1.07747182e+17  3.84557239e+16  5.80138075e+10  3.11628748e+10  6.54768851e+11  1.03803188e+10
 7.06100000e+02  1.07621945e+17  3.85135984e+16  5.79463767e+10  3.12097739e+10  6.54768851e+11  1.03803188e+10
 7.06125000e+02  1.07496853e+17  3.85712263e+16  5.78790243e+10  3.12564730e+10  6.54768851e+11  1.03803188e+10
 7.06150000e+02  1.07371907e+17  3.86286081e+16  5.78117502e+10  3.13029727e+10  6.54768851e+11  1.03803188e+10
 7.06175000e+02  1.07247106e+17  3.86857444e+16  5.77445543e+10  3.13492736e+10  6.54768851e+11  1.03803188e+10
 7.06200000e+02  1.07122451e+17  3.87426359e+16  5.76774365e+10  3.13953760e+10  6.54768851e+11  1.03803188e+10
 7.06225000e+02  1.06997940e+17  3.87992831e+16  5.76103967e+10  3.14412805e+10  6.54768851e+11  1.03803188e+10
 7.06250000e+02  1.06873574e+17  3.88556866e+16  5.75434349e+10  3.14869875e+10  6.54768851e+11  1.03803188e+10
 7.06250000e+02  1.06873574e+17  0.00000000e+00  5.75434349e+10  0.00000000e+00  6.74313143e+11  1.03699384e+10
 7.07000000e+02  1.03209058e+17  3.56941872e+15  5.55703671e+10  2.89250435e+09  6.74313143e+11  1.03699384e+10
 7.07750000e+02  9.96701929e+16  6.83384996e+15  5.36649525e+10  5.53785988e+09  6.74313143e+11  1.03699384e+10
 7.08500000e+02  9.62526693e+16  9.81309226e+15  5.18248713e+10  7.95211049e+09  6.74313143e+11  1.03699384e+10
 7.09250000e+02  9.29523268e+16  1.25257874e+16  5.00478835e+10  1.01503627e+10  6.74313143e+11  1.03699384e+10
 7.10000000e+02  8.97651476e+16  1.49894848e+16  4.83318256e+10  1.21468377e+10  6.74313143e+11  1.03699384e+10
 7.10750000e+02  8.66872513e+16  1.72207015e+16  4.66746084e+10  1.39549204e+10  6.74313143e+11  1.03699384e+10
 7.11500000e+02  8.37148910e+16  1.92349803e+16  4.50742144e+10  1.55872058e+10  6.74313143e+11  1.03699384e+10
 7.12250000e+02  8.08444479e+16  2.10469438e+16  4.35286952e+10  1.70555436e+10  6.74313143e+11  1.03699384e+10
 7.13000000e+02  7.80724275e+16  2.26703455e+16  4.20361694e+10  1.83710789e+10  6.74313143e+11  1.03699384e+10
 7.13750000e+02  7.53954550e+16  2.41181186e+16  4.05948197e+10  1.95442923e+10  6.74313143e+11  1.03699384e+10
 7.13750000e+02  7.53954550e+16  0.00000000e+00  4.05948197e+10  0.00000000e+00  6.74313143e+11  1.03699384e+10
 7.13775000e+02  7.53078211e+16  8.75571756e+13  4.05476354e+10  7.09525923e+07  6.74313143e+11  1.03699384e+10
 7.13800000e+02  7.52202892e+16  1.74859458e+14  4.05005060e+10  1.41698630e+08  6.74313143e+11  1.03699384e+10
 7.13825000e+02  7.51328589e+16  2.61907411e+14  4.04534313e+10  2.12238570e+08  6.74313143e+11  1.03699384e+10
 7.13850000e+02  7.50455303e+16  3.48701598e+14  4.04064114e+10  2.82572869e+08  6.74313143e+11  1.03699384e+10
 7.13875000e+02  7.49583032e+16  4.35242580e+14  4.03594461e+10  3.52701982e+08  6.74313143e+11  1.03699384e+10
 7.13900000e+02  7.48711774e+16  5.21530919e+14  4.03125354e+10  4.22626363e+08  6.74313143e+11  1.03699384e+10
 7.13925000e+02  7.47841530e+16  6.07567174e+14  4.02656792e+10  4.92346466e+08  6.74313143e+11  1.03699384e+10
 7.13950000e+02  7.46972297e+16  6.93351903e+14  4.02188775e+10  5.61862744e+08  6.74313143e+11  1.03699384e+10
 7.13975000e+02  7.46104074e+16  7.78885663e+14  4.01721302e+10  6.31175647e+08  6.74313143e+11  1.03699384e+10
 7.14000000e+02  7.45236860e+16  8.64169011e+14  4.01254372e+10  7.00285627e+08  6.74313143e+11  1.03699384e+10
 7.14000000e+02  7.45236860e+16  8.64169011e+14  4.01254372e+10  7.00285627e+08  6.74313143e+11  1.03699384e+10
 7.15300000e+02  7.88408179e+16  5.22477879e+15  4.24498902e+10  4.23393739e+09  6.74313143e+11  1.03699384e+10
 7.16600000e+02  8.29046050e+16  9.44806184e+15  4.46379359e+10  7.65630544e+09  6.74313143e+11  1.03699384e+10
 7.17900000e+02  8.67299145e+16  1.35317614e+16  4.66975793e+10  1.09655610e+10  6.74313143e+11  1.03699384e+10
 7.19200000e+02  9.03307413e+16  1.74746508e+16  4.86363555e+10  1.41607100e+10  6.74313143e+11  1.03699384e+10
 7.20500000e+02  9.37202586e+16  2.12763944e+16  5.04613574e+10  1.72414805e+10  6.74313143e+11  1.03699384e+10
 7.21800000e+02  9.69108670e+16  2.49374245e+16  5.21792616e+10  2.02082229e+10  6.74313143e+11  1.03699384e+10
 7.23100000e+02  9.99142391e+16  2.84588312e+16  5.37963531e+10  2.30618203e+10  6.74313143e+11  1.03699384e+10
 7.24400000e+02  1.02741363e+17  3.18422640e+16  5.53185478e+10  2.58036096e+10  6.74313143e+11  1.03699384e+10
 7.25700000e+02  1.05402580e+17  3.50898450e+16  5.67514148e+10  2.84353105e+10  6.74313143e+11  1.03699384e+10
 7.27000000e+02  1.07907628e+17  3.82040916e+16  5.81001960e+10  3.09589627e+10  6.74313143e+11  1.03699384e+10
 7.27000000e+02  1.07907628e+17  3.82040916e+16  5.81001960e+10  3.09589627e+10  6.74313143e+11  1.03595685e+10
 7.27025000e+02  1.07782205e+17  3.82625925e+16  5.80326648e+10  3.10063694e+10  6.74313143e+11  1.03595685e+10
 7.27050000e+02  1.07656927e+17  3.83208454e+16  5.79652121e+10  3.10535750e+10  6.74313143e+11  1.03595685e+10
 7.27075000e+02  1.07531795e+17  3.83788510e+16  5.78978379e+10  3.11005803e+10  6.74313143e+11  1.03595685e+10
 7.27100000e+02  1.07406808e+17  3.84366097e+16  5.78305419e+10  3.11473855e+10  6.74313143e+11  1.03595685e+10
 7.27125000e+02  1.07281967e+17  3.84941224e+16  5.77633241e+10  3.11939913e+10  6.74313143e+11  1.03595685e+10
 7.27150000e+02  1.07157271e+17  3.85513895e+16  5.76961845e+10  3.12403981e+10  6.74313143e+11  1.03595685e+10
 7.27175000e+02  1.07032719e+17  3.86084116e+16  5.76291230e+10  3.12866064e+10  6.74313143e+11  1.03595685e+10
 7.27200000e+02  1.06908313e+17  3.86651893e+16  5.75621393e+10  3.13326166e+10  6.74313143e+11  1.03595685e+10
 7.27225000e+02  1.06784051e+17  3.87217233e+16  5.74952335e+10  3.13784294e+10  6.74313143e+11  1.03595685e+10
 7.27250000e+02  1.06659933e+17  3.87780141e+16  5.74284055e+10  3.14240450e+10  6.74313143e+11  1.03595685e+10
 7.27250000e+02  1.06659933e+17  0.00000000e+00  5.74284055e+10  0.00000000e+00  6.93818367e+11  1.03492089e+10
 7.28000000e+02  1.03002743e+17  3.56228345e+15  5.54592819e+10  2.88672224e+09  6.93818367e+11  1.03492089e+10
 7.28750000e+02  9.94709522e+16  6.82018909e+15  5.35576762e+10  5.52678970e+09  6.93818367e+11  1.03492089e+10
 7.29500000e+02  9.60602602e+16  9.79347588e+15  5.17212734e+10  7.93621422e+09  6.93818367e+11  1.03492089e+10
 7.30250000e+02  9.27665151e+16  1.25007484e+16  4.99478377e+10  1.01300721e+10  6.93818367e+11  1.03492089e+10
 7.31000000e+02  8.95857070e+16  1.49595208e+16  4.82352102e+10  1.21225562e+10  6.93818367e+11  1.03492089e+10
 7.31750000e+02  8.65139635e+16  1.71862773e+16  4.65813058e+10  1.39270245e+10  6.93818367e+11  1.03492089e+10
 7.32500000e+02  8.35475449e+16  1.91965296e+16  4.49841110e+10  1.55560470e+10  6.93818367e+11  1.03492089e+10
 7.33250000e+02  8.06828398e+16  2.10048710e+16  4.34416814e+10  1.70214496e+10  6.93818367e+11  1.03492089e+10
 7.34000000e+02  7.79163607e+16  2.26250274e+16  4.19521391e+10  1.83343551e+10  6.93818367e+11  1.03492089e+10
 7.34750000e+02  7.52447395e+16  2.40699065e+16  4.05136706e+10  1.95052233e+10  6.93818367e+11  1.03492089e+10
 7.34750000e+02  7.52447395e+16  0.00000000e+00  4.05136706e+10  0.00000000e+00  6.93818367e+11  1.03492089e+10
 7.34775000e+02  7.51572808e+16  8.73821488e+13  4.04665807e+10  7.08107581e+07  6.93818367e+11  1.03492089e+10
 7.34800000e+02  7.50699238e+16  1.74509914e+14  4.04195454e+10  1.41415375e+08  6.93818367e+11  1.03492089e+10
 7.34825000e+02  7.49826683e+16  2.61383858e+14  4.03725649e+10  2.11814305e+08  6.93818367e+11  1.03492089e+10
 7.34850000e+02  7.48955143e+16  3.48004543e+14  4.03256389e+10  2.82008006e+08  6.93818367e+11  1.03492089e+10
 7.34875000e+02  7.48084615e+16  4.34372531e+14  4.02787675e+10  3.51996931e+08  6.93818367e+11  1.03492089e+10
 7.34900000e+02  7.47215100e+16  5.20488379e+14  4.02319506e+10  4.21781533e+08  6.93818367e+11  1.03492089e+10
 7.34925000e+02  7.46346595e+16  6.06352647e+14  4.01851881e+10  4.91362266e+08  6.93818367e+11  1.03492089e+10
 7.34950000e+02  7.45479099e+16  6.91965892e+14  4.01384800e+10  5.60739580e+08  6.93818367e+11  1.03492089e+10
 7.34975000e+02  7.44612612e+16  7.77328671e+14  4.00918261e+10  6.29913927e+08  6.93818367e+11  1.03492089e+10
 7.35000000e+02  7.43747132e+16  8.62441538e+14  4.00452265e+10  6.98885756e+08  6.93818367e+11  1.03492089e+10
 7.35000000e+02  7.43747132e+16  8.62441538e+14  4.00452265e+10  6.98885756e+08  6.93818367e+11  1.03492089e+10
 7.36300000e+02  7.86832151e+16  5.21433446e+15  4.23650328e+10  4.22547375e+09  6.93818367e+11  1.03492089e+10
 7.37600000e+02  8.27388787e+16  9.42917516e+15  4.45487047e+10  7.64100049e+09  6.93818367e+11  1.03492089e+10
 7.38900000e+02  8.65565414e+16  1.35047114e+16  4.66042309e+10  1.09436409e+10  6.93818367e+11  1.03492089e+10
 7.40200000e+02  9.01501701e+16  1.74397189e+16  4.85391314e+10  1.41324027e+10  6.93818367e+11  1.03492089e+10
 7.41500000e+02  9.35329118e+16  2.12338628e+16  5.03604851e+10  1.72070148e+10  6.93818367e+11  1.03492089e+10
 7.42800000e+02  9.67171422e+16  2.48875746e+16  5.20749553e+10  2.01678266e+10  6.93818367e+11  1.03492089e+10
 7.44100000e+02  9.97145105e+16  2.84019420e+16  5.36888142e+10  2.30157197e+10  6.93818367e+11  1.03492089e+10
 7.45400000e+02  1.02535983e+17  3.17786114e+16  5.52079661e+10  2.57520282e+10  6.93818367e+11  1.03492089e+10
 7.46700000e+02  1.05191881e+17  3.50197004e+16  5.66379687e+10  2.83784683e+10  6.93818367e+11  1.03492089e+10
 7.48000000e+02  1.07691921e+17  3.81277216e+16  5.79840537e+10  3.08970758e+10  6.93818367e+11  1.03492089e+10
 7.48000000e+02  1.07691921e+17  3.81277216e+16  5.79840537e+10  3.08970758e+10  6.93818367e+11  1.03388597e+10
 7.48025000e+02  1.07566748e+17  3.81861056e+16  5.79166575e+10  3.09443876e+10  6.93818367e+11  1.03388597e+10
 7.48050000e+02  1.07441721e+17  3.82442420e+16  5.78493397e+10  3.09914989e+10  6.93818367e+11  1.03388597e+10
 7.48075000e+02  1.07316839e+17  3.83021316e+16  5.77821001e+10  3.10384102e+10  6.93818367e+11  1.03388597e+10
 7.48100000e+02  1.07192102e+17  3.83597750e+16  5.77149386e+10  3.10851219e+10  6.93818367e+11  1.03388597e+10
 7.48125000e+02  1.07067510e+17  3.84171726e+16  5.76478553e+10  3.11316345e+10  6.93818367e+11  1.03388597e+10
 7.48150000e+02  1.06943063e+17  3.84743252e+16  5.75808499e+10  3.11779485e+10  6.93818367e+11  1.03388597e+10
 7.48175000e+02  1.06818761e+17  3.85312334e+16  5.75139223e+10  3.12240645e+10  6.93818367e+11  1.03388597e+10
 7.48200000e+02  1.06694603e+17  3.85878976e+16  5.74470726e+10  3.12699827e+10  6.93818367e+11  1.03388597e+10
 7.48225000e+02  1.06570590e+17  3.86443186e+16  5.73803006e+10  3.13157039e+10  6.93818367e+11  1.03388597e+10
 7.48250000e+02  1.06446720e+17  3.87004969e+16  5.73136062e+10  3.13612284e+10  6.93818367e+11  1.03388597e+10
 7.48250000e+02  1.06446720e+17  0.00000000e+00  5.73136062e+10  0.00000000e+00  7.13284599e+11  1.03285209e+10
 7.49000000e+02  1.02796841e+17  3.55516245e+15  5.53484188e+10  2.88095168e+09  7.13284599e+11  1.03285209e+10
 7.49750000e+02  9.92721098e+16  6.80655553e+15  5.34506144e+10  5.51574165e+09  7.13284599e+11  1.03285209e+10
 7.50500000e+02  9.58682357e+16  9.77389873e+15  5.16178826e+10  7.92034973e+09  7.13284599e+11  1.03285209e+10
 7.51250000e+02  9.25810749e+16  1.24757594e+16  4.98479920e+10  1.01098221e+10  7.13284599e+11  1.03285209e+10
 7.52000000e+02  8.94066252e+16  1.49296167e+16  4.81387880e+10  1.20983232e+10  7.13284599e+11  1.03285209e+10
 7.52750000e+02  8.63410221e+16  1.71519219e+16  4.64881898e+10  1.38991844e+10  7.13284599e+11  1.03285209e+10
 7.53500000e+02  8.33805334e+16  1.91581558e+16  4.48941878e+10  1.55249505e+10  7.13284599e+11  1.03285209e+10
 7.54250000e+02  8.05215548e+16  2.09628822e+16  4.33548415e+10  1.69874237e+10  7.13284599e+11  1.03285209e+10
 7.55000000e+02  7.77606059e+16  2.25798000e+16  4.18682767e+10  1.82977047e+10  7.13284599e+11  1.03285209e+10
 7.55750000e+02  7.50943252e+16  2.40217907e+16  4.04326838e+10  1.94662324e+10  7.13284599e+11  1.03285209e+10
 7.55750000e+02  7.50943252e+16  0.00000000e+00  4.04326838e+10  0.00000000e+00  7.13284599e+11  1.03285209e+10
 7.55775000e+02  7.50070414e+16  8.72074719e+13  4.03856880e+10  7.06692074e+07  7.13284599e+11  1.03285209e+10
 7.55800000e+02  7.49198590e+16  1.74161069e+14  4.03387468e+10  1.41132685e+08  7.13284599e+11  1.03285209e+10
 7.55825000e+02  7.48327780e+16  2.60861352e+14  4.02918601e+10  2.11390889e+08  7.13284599e+11  1.03285209e+10
 7.55850000e+02  7.47457981e+16  3.47308882e+14  4.02450280e+10  2.81444272e+08  7.13284599e+11  1.03285209e+10
 7.55875000e+02  7.46589194e+16  4.33504220e+14  4.01982503e+10  3.51293289e+08  7.13284599e+11  1.03285209e+10
 7.55900000e+02  7.45721417e+16  5.19447923e+14  4.01515270e+10  4.20938392e+08  7.13284599e+11  1.03285209e+10
 7.55925000e+02  7.44854648e+16  6.05140548e+14  4.01048579e+10  4.90380033e+08  7.13284599e+11  1.03285209e+10
 7.55950000e+02  7.43988886e+16  6.90582652e+14  4.00582431e+10  5.59618662e+08  7.13284599e+11  1.03285209e+10
 7.55975000e+02  7.43124131e+16  7.75774791e+14  4.00116825e+10  6.28654729e+08  7.13284599e+11  1.03285209e+10
 7.56000000e+02  7.42260381e+16  8.60717517e+14  3.99651761e+10  6.97488683e+08  7.13284599e+11  1.03285209e+10
 7.56000000e+02  7.42260381e+16  8.60717517e+14  3.99651761e+10  6.97488683e+08  7.13284599e+11  1.03285209e+10
 7.57300000e+02  7.85259273e+16  5.20391101e+15  4.22803451e+10  4.21702703e+09  7.13284599e+11  1.03285209e+10
 7.58600000e+02  8.25734836e+16  9.41032624e+15  4.44596518e+10  7.62572613e+09  7.13284599e+11  1.03285209e+10
 7.59900000e+02  8.63835149e+16  1.34777155e+16  4.65110690e+10  1.09217645e+10  7.13284599e+11  1.03285209e+10
 7.61200000e+02  8.99699599e+16  1.74048569e+16  4.84421017e+10  1.41041521e+10  7.13284599e+11  1.03285209e+10
 7.62500000e+02  9.33459395e+16  2.11914164e+16  5.02598145e+10  1.71726180e+10  7.13284599e+11  1.03285209e+10
 7.63800000e+02  9.65238046e+16  2.48378244e+16  5.19708574e+10  2.01275111e+10  7.13284599e+11  1.03285209e+10
 7.65100000e+02  9.95151812e+16  2.83451666e+16  5.35814902e+10  2.29697113e+10  7.13284599e+11  1.03285209e+10
 7.66400000e+02  1.02331013e+17  3.17150859e+16  5.50976053e+10  2.57005499e+10  7.13284599e+11  1.03285209e+10
 7.67700000e+02  1.04981602e+17  3.49496961e+16  5.65247494e+10  2.83217397e+10  7.13284599e+11  1.03285209e+10
 7.69000000e+02  1.07476645e+17  3.80515043e+16  5.78681436e+10  3.08353125e+10  7.13284599e+11  1.03285209e+10
 7.69000000e+02  1.07476645e+17  3.80515043e+16  5.78681436e+10  3.08353125e+10  7.13284599e+11  1.03181923e+10
 7.69025000e+02  1.07351722e+17  3.81097715e+16  5.78008821e+10  3.08825298e+10  7.13284599e+11  1.03181923e+10
 7.69050000e+02  1.07226945e+17  3.81677918e+16  5.77336988e+10  3.09295469e+10  7.13284599e+11  1.03181923e+10
 7.69075000e+02  1.07102313e+17  3.82255657e+16  5.76665937e+10  3.09763644e+10  7.13284599e+11  1.03181923e+10
 7.69100000e+02  1.06977825e+17  3.82830938e+16  5.75995665e+10  3.10229827e+10  7.13284599e+11  1.03181923e+10
 7.69125000e+02  1.06853482e+17  3.83403767e+16  5.75326172e+10  3.10694024e+10  7.13284599e+11  1.03181923e+10
 7.69150000e+02  1.06729284e+17  3.83974151e+16  5.74657457e+10  3.11156238e+10  7.13284599e+11  1.03181923e+10
 7.69175000e+02  1.06605230e+17  3.84542094e+16  5.73989520e+10  3.11616476e+10  7.13284599e+11  1.03181923e+10
 7.69200000e+02  1.06481321e+17  3.85107604e+16  5.73322359e+10  3.12074741e+10  7.13284599e+11  1.03181923e+10
 7.69225000e+02  1.06357555e+17  3.85670686e+16  5.72655974e+10  3.12531038e+10  7.13284599e+11  1.03181923e+10
 7.69250000e+02  1.06233933e+17  3.86231346e+16  5.71990363e+10  3.12985373e+10  7.13284599e+11  1.03181923e+10
 7.69250000e+02  1.06233933e+17  0.00000000e+00  5.71990363e+10  0.00000000e+00  7.32711919e+11  1.03078741e+10
 7.70000000e+02  1.02591350e+17  3.54805568e+15  5.52377773e+10  2.87519266e+09  7.32711919e+11  1.03078741e+10
 7.70750000e+02  9.90736648e+16  6.79294923e+15  5.33437666e+10  5.50471568e+09  7.32711919e+11  1.03078741e+10
 7.71500000e+02  9.56765951e+16  9.75436070e+15  5.15146984e+10  7.90451695e+09  7.32711919e+11  1.03078741e+10
 7.72250000e+02  9.23960053e+16  1.24508204e+16  4.97483459e+10  1.00896126e+10  7.32711919e+11  1.03078741e+10
 7.73000000e+02  8.92279014e+16  1.48997724e+16  4.80425586e+10  1.20741386e+10  7.32711919e+11  1.03078741e+10
 7.73750000e+02  8.61684264e+16  1.71176352e+16  4.63952599e+10  1.38713999e+10  7.32711919e+11  1.03078741e+10
 7.74500000e+02  8.32138557e+16  1.91198586e+16  4.48044443e+10  1.54939161e+10  7.32711919e+11  1.03078741e+10
 7.75250000e+02  8.03605922e+16  2.09209774e+16  4.32681751e+10  1.69534658e+10  7.32711919e+11  1.03078741e+10
 7.76000000e+02  7.76051624e+16  2.25346630e+16  4.17845820e+10  1.82611276e+10  7.32711919e+11  1.03078741e+10
 7.76750000e+02  7.49442117e+16  2.39737712e+16  4.03518589e+10  1.94273194e+10  7.32711919e+11  1.03078741e+10
 7.76750000e+02  7.49442117e+16  0.00000000e+00  4.03518589e+10  0.00000000e+00  7.32711919e+11  1.03078741e+10
 7.76775000e+02  7.48571023e+16  8.70331441e+13  4.03049570e+10  7.05279396e+07  7.32711919e+11  1.03078741e+10
 7.76800000e+02  7.47700942e+16  1.73812921e+14  4.02581096e+10  1.40850561e+08  7.32711919e+11  1.03078741e+10
 7.76825000e+02  7.46831872e+16  2.60339890e+14  4.02113167e+10  2.10968318e+08  7.32711919e+11  1.03078741e+10
 7.76850000e+02  7.45963813e+16  3.46614612e+14  4.01645782e+10  2.80881665e+08  7.32711919e+11  1.03078741e+10
 7.76875000e+02  7.45096762e+16  4.32637645e+14  4.01178940e+10  3.50591054e+08  7.32711919e+11  1.03078741e+10
 7.76900000e+02  7.44230720e+16  5.18409546e+14  4.00712641e+10  4.20096936e+08  7.32711919e+11  1.03078741e+10
 7.76925000e+02  7.43365683e+16  6.03930872e+14  4.00246883e+10  4.89399763e+08  7.32711919e+11  1.03078741e+10
 7.76950000e+02  7.42501653e+16  6.89202178e+14  3.99781667e+10  5.58499984e+08  7.32711919e+11  1.03078741e+10
 7.76975000e+02  7.41638626e+16  7.74224017e+14  3.99316992e+10  6.27398048e+08  7.32711919e+11  1.03078741e+10
 7.77000000e+02  7.40776603e+16  8.58996943e+14  3.98852857e+10  6.96094403e+08  7.32711919e+11  1.03078741e+10
 7.77000000e+02  7.40776603e+16  8.58996943e+14  3.98852857e+10  6.96094403e+08  7.32711919e+11  1.03078741e+10
 7.78300000e+02  7.83689540e+16  5.19350839e+15  4.21958267e+10  4.20859719e+09  7.32711919e+11  1.03078741e+10
 7.79600000e+02  8.24084192e+16  9.39151500e+15  4.43707770e+10  7.61048230e+09  7.32711919e+11  1.03078741e+10
 7.80900000e+02  8.62108343e+16  1.34507736e+16  4.64180934e+10  1.08999319e+10  7.32711919e+11  1.03078741e+10
 7.82200000e+02  8.97901100e+16  1.73700646e+16  4.83452659e+10  1.40759579e+10  7.32711919e+11  1.03078741e+10
 7.83500000e+02  9.31593410e+16  2.11490547e+16  5.01593451e+10  1.71382899e+10  7.32711919e+11  1.03078741e+10
 7.84800000e+02  9.63308535e+16  2.47881735e+16  5.18669677e+10  2.00872762e+10  7.32711919e+11  1.03078741e+10
 7.86100000e+02  9.93162503e+16  2.82885046e+16  5.34743808e+10  2.29237949e+10  7.32711919e+11  1.03078741e+10
 7.87400000e+02  1.02126453e+17  3.16516875e+16  5.49874652e+10  2.56491745e+10  7.32711919e+11  1.03078741e+10
 7.88700000e+02  1.04771744e+17  3.48798316e+16  5.64117564e+10  2.82651246e+10  7.32711919e+11  1.03078741e+10
 7.90000000e+02  1.07261799e+17  3.79754393e+16  5.77524652e+10  3.07736727e+10  7.32711919e+11  1.03078741e+10
 7.90000000e+02  1.07261799e+17  3.79754393e+16  5.77524652e+10  3.07736727e+10  7.32711919e+11  1.02975663e+10
 7.90025000e+02  1.07137126e+17  3.80335901e+16  5.76853382e+10  3.08207956e+10  7.32711919e+11  1.02975663e+10
 7.90050000e+02  1.07012598e+17  3.80914944e+16  5.76182892e+10  3.08677188e+10  7.32711919e+11  1.02975663e+10
 7.90075000e+02  1.06888215e+17  3.81491528e+16  5.75513181e+10  3.09144427e+10  7.32711919e+11  1.02975663e+10
 7.90100000e+02  1.06763977e+17  3.82065659e+16  5.74844249e+10  3.09609678e+10  7.32711919e+11  1.02975663e+10
 7.90125000e+02  1.06639882e+17  3.82637343e+16  5.74176095e+10  3.10072946e+10  7.32711919e+11  1.02975663e+10
 7.90150000e+02  1.06515932e+17  3.83206586e+16  5.73508717e+10  3.10534237e+10  7.32711919e+11  1.02975663e+10
 7.90175000e+02  1.06392127e+17  3.83773395e+16  5.72842115e+10  3.10993554e+10  7.32711919e+11  1.02975663e+10
 7.90200000e+02  1.06268465e+17  3.84337774e+16  5.72176288e+10  3.11450903e+10  7.32711919e+11  1.02975663e+10
 7.90225000e+02  1.06144946e+17  3.84899730e+16  5.71511234e+10  3.11906288e+10  7.32711919e+11  1.02975663e+10
 7.90250000e+02  1.06021572e+17  3.85459269e+16  5.70846954e+10  3.12359715e+10  7.32711919e+11  1.02975663e+10
 7.90250000e+02  1.06021572e+17  0.00000000e+00  5.70846954e+10  0.00000000e+00  7.52100403e+11  1.02872687e+10
 7.91000000e+02  1.02386270e+17  3.54096312e+15  5.51273570e+10  2.86944515e+09  7.52100403e+11  1.02872687e+10
 7.91750000e+02  9.88756166e+16  6.77937012e+15  5.32371325e+10  5.49371176e+09  7.52100403e+11  1.02872687e+10
 7.92500000e+02  9.54853376e+16  9.73486174e+15  5.14117205e+10  7.88871582e+09  7.52100403e+11  1.02872687e+10
 7.93250000e+02  9.22113057e+16  1.24259312e+16  4.96488989e+10  1.00694435e+10  7.52100403e+11  1.02872687e+10
 7.94000000e+02  8.90495348e+16  1.48699878e+16  4.79465215e+10  1.20500024e+10  7.52100403e+11  1.02872687e+10
 7.94750000e+02  8.59961757e+16  1.70834171e+16  4.63025158e+10  1.38436710e+10  7.52100403e+11  1.02872687e+10
 7.95500000e+02  8.30475112e+16  1.90816380e+16  4.47148802e+10  1.54629438e+10  7.52100403e+11  1.02872687e+10
 7.96250000e+02  8.01999514e+16  2.08791564e+16  4.31816821e+10  1.69195758e+10  7.52100403e+11  1.02872687e+10
 7.97000000e+02  7.74500297e+16  2.24896162e+16  4.17010547e+10  1.82246236e+10  7.52100403e+11  1.02872687e+10
 7.97750000e+02  7.47943982e+16  2.39258476e+16  4.02711955e+10  1.93884842e+10  7.52100403e+11  1.02872687e+10
 7.97750000e+02  7.47943982e+16  0.00000000e+00  4.02711955e+10  0.00000000e+00  7.52100403e+11  1.02872687e+10
 7.97775000e+02  7.47074630e+16  8.68591649e+13  4.02243874e+10  7.03869543e+07  7.52100403e+11  1.02872687e+10
 7.97800000e+02  7.46206288e+16  1.73465469e+14  4.01776337e+10  1.40569001e+08  7.52100403e+11  1.02872687e+10
 7.97825000e+02  7.45338956e+16  2.59819471e+14  4.01309343e+10  2.10546593e+08  7.52100403e+11  1.02872687e+10
 7.97850000e+02  7.44472631e+16  3.45921729e+14  4.00842892e+10  2.80320183e+08  7.52100403e+11  1.02872687e+10
 7.97875000e+02  7.43607314e+16  4.31772802e+14  4.00376983e+10  3.49890222e+08  7.52100403e+11  1.02872687e+10
 7.97900000e+02  7.42743002e+16  5.17373245e+14  3.99911616e+10  4.19257162e+08  7.52100403e+11  1.02872687e+10
 7.97925000e+02  7.41879695e+16  6.02723614e+14  3.99446790e+10  4.88421453e+08  7.52100403e+11  1.02872687e+10
 7.97950000e+02  7.41017392e+16  6.87824462e+14  3.98982504e+10  5.57383542e+08  7.52100403e+11  1.02872687e+10
 7.97975000e+02  7.40156091e+16  7.72676343e+14  3.98518757e+10  6.26143879e+08  7.52100403e+11  1.02872687e+10
 7.98000000e+02  7.39295790e+16  8.57279808e+14  3.98055550e+10  6.94702911e+08  7.52100403e+11  1.02872687e+10
 7.98000000e+02  7.39295790e+16  8.57279808e+14  3.98055550e+10  6.94702911e+08  7.52100403e+11  1.02872687e+10
 7.99300000e+02  7.82122944e+16  5.18312657e+15  4.21114773e+10  4.20018421e+09  7.52100403e+11  1.02872687e+10
 8.00600000e+02  8.22436848e+16  9.37274136e+15  4.42820798e+10  7.59526895e+09  7.52100403e+11  1.02872687e+10
 8.01900000e+02  8.60384988e+16  1.34238855e+16  4.63253036e+10  1.08781430e+10  7.52100403e+11  1.02872687e+10
 8.03200000e+02  8.96106195e+16  1.73353419e+16  4.82486238e+10  1.40478200e+10  7.52100403e+11  1.02872687e+10
 8.04500000e+02  9.29731155e+16  2.11067777e+16  5.00590766e+10  1.71040305e+10  7.52100403e+11  1.02872687e+10
 8.05800000e+02  9.61382881e+16  2.47386220e+16  5.17632856e+10  2.00471218e+10  7.52100403e+11  1.02872687e+10
 8.07100000e+02  9.91177171e+16  2.82319558e+16  5.33674855e+10  2.28779702e+10  7.52100403e+11  1.02872687e+10
 8.08400000e+02  1.01922303e+17  3.15884157e+16  5.48775453e+10  2.55979018e+10  7.52100403e+11  1.02872687e+10
 8.09700000e+02  1.04562305e+17  3.48101068e+16  5.62989893e+10  2.82086226e+10  7.52100403e+11  1.02872687e+10
 8.11000000e+02  1.07047383e+17  3.78995264e+16  5.76370180e+10  3.07121562e+10  7.52100403e+11  1.02872687e+10
 8.11000000e+02  1.07047383e+17  3.78995264e+16  5.76370180e+10  3.07121562e+10  7.52100403e+11  1.02769814e+10
 8.11025000e+02  1.06922959e+17  3.79575610e+16  5.75700252e+10  3.07591849e+10  7.52100403e+11  1.02769814e+10
 8.11050000e+02  1.06798680e+17  3.80153495e+16  5.75031102e+10  3.08060142e+10  7.52100403e+11  1.02769814e+10
 8.11075000e+02  1.06674546e+17  3.80728926e+16  5.74362731e+10  3.08526447e+10  7.52100403e+11  1.02769814e+10
 8.11100000e+02  1.06550555e+17  3.81301909e+16  5.73695136e+10  3.08990768e+10  7.52100403e+11  1.02769814e+10
 8.11125000e+02  1.06426709e+17  3.81872451e+16  5.73028317e+10  3.09453111e+10  7.52100403e+11  1.02769814e+10
 8.11150000e+02  1.06303007e+17  3.82440556e+16  5.72362273e+10  3.09913479e+10  7.52100403e+11  1.02769814e+10
 8.11175000e+02  1.06179449e+17  3.83006232e+16  5.71697004e+10  3.10371878e+10  7.52100403e+11  1.02769814e+10
 8.11200000e+02  1.06056034e+17  3.83569483e+16  5.71032507e+10  3.10828313e+10  7.52100403e+11  1.02769814e+10
 8.11225000e+02  1.05932763e+17  3.84130316e+16  5.70368783e+10  3.11282788e+10  7.52100403e+11  1.02769814e+10
 8.11250000e+02  1.05809634e+17  3.84688736e+16  5.69705831e+10  3.11735308e+10  7.52100403e+11  1.02769814e+10
 8.11250000e+02  1.05809634e+17  0.00000000e+00  5.69705831e+10  0.00000000e+00  7.71450129e+11  1.02667045e+10
 8.12000000e+02  1.02181600e+17  3.53388473e+15  5.50171574e+10  2.86370912e+09  7.71450129e+11  1.02667045e+10
 8.12750000e+02  9.86779642e+16  6.76581816e+15  5.31307114e+10  5.48272983e+09  7.71450129e+11  1.02667045e+10
 8.13500000e+02  9.52944624e+16  9.71540175e+15  5.13089485e+10  7.87294628e+09  7.71450129e+11  1.02667045e+10
 8.14250000e+02  9.20269753e+16  1.24010917e+16  4.95496508e+10  1.00493146e+10  7.71450129e+11  1.02667045e+10
 8.15000000e+02  8.88715248e+16  1.48402626e+16  4.78506764e+10  1.20259145e+10  7.71450129e+11  1.02667045e+10
 8.15750000e+02  8.58242693e+16  1.70492673e+16  4.62099571e+10  1.38159975e+10  7.71450129e+11  1.02667045e+10
 8.16500000e+02  8.28814992e+16  1.90434938e+16  4.46254952e+10  1.54320333e+10  7.71450129e+11  1.02667045e+10
 8.17250000e+02  8.00396317e+16  2.08374190e+16  4.30953619e+10  1.68857536e+10  7.71450129e+11  1.02667045e+10
 8.18000000e+02  7.72952071e+16  2.24446595e+16  4.16176943e+10  1.81881926e+10  7.71450129e+11  1.02667045e+10
 8.18750000e+02  7.46448842e+16  2.38780198e+16  4.01906934e+10  1.93497266e+10  7.71450129e+11  1.02667045e+10
 8.18750000e+02  7.46448842e+16  0.00000000e+00  4.01906934e+10  0.00000000e+00  7.71450129e+11  1.02667045e+10
 8.18775000e+02  7.45581228e+16  8.66855334e+13  4.01439788e+10  7.02462508e+07  7.71450129e+11  1.02667045e+10
 8.18800000e+02  7.44714622e+16  1.73118711e+14  4.00973186e+10  1.40288003e+08  7.71450129e+11  1.02667045e+10
 8.18825000e+02  7.43849023e+16  2.59300091e+14  4.00507125e+10  2.10125710e+08  7.71450129e+11  1.02667045e+10
 8.18850000e+02  7.42984430e+16  3.45230232e+14  4.00041607e+10  2.79759823e+08  7.71450129e+11  1.02667045e+10
 8.18875000e+02  7.42120843e+16  4.30909688e+14  3.99576630e+10  3.49190792e+08  7.71450129e+11  1.02667045e+10
 8.18900000e+02  7.41258259e+16  5.16339016e+14  3.99112193e+10  4.18419067e+08  7.71450129e+11  1.02667045e+10
 8.18925000e+02  7.40396678e+16  6.01518770e+14  3.98648296e+10  4.87445098e+08  7.71450129e+11  1.02667045e+10
 8.18950000e+02  7.39536098e+16  6.86449501e+14  3.98184938e+10  5.56269333e+08  7.71450129e+11  1.02667045e+10
 8.18975000e+02  7.38676518e+16  7.71131763e+14  3.97722118e+10  6.24892218e+08  7.71450129e+11  1.02667045e+10
 8.19000000e+02  7.37817938e+16  8.55566105e+14  3.97259837e+10  6.93314200e+08  7.71450129e+11  1.02667045e+10
 8.19000000e+02  7.37817938e+16  8.55566105e+14  3.97259837e+10  6.93314200e+08  7.71450129e+11  1.02667045e+10
 8.20300000e+02  7.80559481e+16  5.17276550e+15  4.20272964e+10  4.19178804e+09  7.71450129e+11  1.02667045e+10
 8.21600000e+02  8.20792797e+16  9.35400525e+15  4.41935599e+10  7.58008601e+09  7.71450129e+11  1.02667045e+10
 8.22900000e+02  8.58665078e+16  1.33970511e+16  4.62326993e+10  1.08563976e+10  7.71450129e+11  1.02667045e+10
 8.24200000e+02  8.94314879e+16  1.73006885e+16  4.81521748e+10  1.40197384e+10  7.71450129e+11  1.02667045e+10
 8.25500000e+02  9.27872622e+16  2.10645853e+16  4.99590085e+10  1.70698395e+10  7.71450129e+11  1.02667045e+10
 8.26800000e+02  9.59461077e+16  2.46891695e+16  5.16598108e+10  2.00070476e+10  7.71450129e+11  1.02667045e+10
 8.28100000e+02  9.89195808e+16  2.81755202e+16  5.32608039e+10  2.28322371e+10  7.71450129e+11  1.02667045e+10
 8.29400000e+02  1.01718560e+17  3.15252705e+16  5.47678451e+10  2.55467316e+10  7.71450129e+11  1.02667045e+10
 8.30700000e+02  1.04353285e+17  3.47405214e+16  5.61864477e+10  2.81522335e+10  7.71450129e+11  1.02667045e+10
 8.32000000e+02  1.06833395e+17  3.78237653e+16  5.75218016e+10  3.06507626e+10  7.71450129e+11  1.02667045e+10
 8.32000000e+02  1.06833395e+17  3.78237653e+16  5.75218016e+10  3.06507626e+10  7.71450129e+11  1.02564378e+10
 8.32025000e+02  1.06709220e+17  3.78816838e+16  5.74549427e+10  3.06976972e+10  7.71450129e+11  1.02564378e+10
 8.32050000e+02  1.06585190e+17  3.79393568e+16  5.73881615e+10  3.07444330e+10  7.71450129e+11  1.02564378e+10
 8.32075000e+02  1.06461303e+17  3.79967849e+16  5.73214580e+10  3.07909703e+10  7.71450129e+11  1.02564378e+10
 8.32100000e+02  1.06337561e+17  3.80539687e+16  5.72548319e+10  3.08373096e+10  7.71450129e+11  1.02564378e+10
 8.32125000e+02  1.06213962e+17  3.81109088e+16  5.71882833e+10  3.08834514e+10  7.71450129e+11  1.02564378e+10
 8.32150000e+02  1.06090507e+17  3.81676058e+16  5.71218121e+10  3.09293962e+10  7.71450129e+11  1.02564378e+10
 8.32175000e+02  1.05967196e+17  3.82240602e+16  5.70554181e+10  3.09751445e+10  7.71450129e+11  1.02564378e+10
 8.32200000e+02  1.05844028e+17  3.82802727e+16  5.69891013e+10  3.10206967e+10  7.71450129e+11  1.02564378e+10
 8.32225000e+02  1.05721003e+17  3.83362439e+16  5.69228616e+10  3.10660533e+10  7.71450129e+11  1.02564378e+10
 8.32250000e+02  1.05598121e+17  3.83919744e+16  5.68566989e+10  3.11112149e+10  7.71450129e+11  1.02564378e+10
 8.32250000e+02  1.05598121e+17  0.00000000e+00  5.68566989e+10  0.00000000e+00  7.90761176e+11  1.02461813e+10
 8.33000000e+02  1.01977339e+17  3.52682049e+15  5.49071781e+10  2.85798457e+09  7.90761176e+11  1.02461813e+10
 8.33750000e+02  9.84807069e+16  6.75229329e+15  5.30245031e+10  5.47176985e+09  7.90761176e+11  1.02461813e+10
 8.34500000e+02  9.51039688e+16  9.69598066e+15  5.12063819e+10  7.85720826e+09  7.90761176e+11  1.02461813e+10
 8.35250000e+02  9.18430133e+16  1.23763020e+16  4.94506010e+10  1.00292261e+10  7.90761176e+11  1.02461813e+10
 8.36000000e+02  8.86938706e+16  1.48105970e+16  4.77550229e+10  1.20018747e+10  7.90761176e+11  1.02461813e+10
 8.36750000e+02  8.56527066e+16  1.70151859e+16  4.61175834e+10  1.37883793e+10  7.90761176e+11  1.02461813e+10
 8.37500000e+02  8.27158191e+16  1.90054259e+16  4.45362888e+10  1.54011847e+10  7.90761176e+11  1.02461813e+10
 8.38250000e+02  7.98796325e+16  2.07957650e+16  4.30092142e+10  1.68519990e+10  7.90761176e+11  1.02461813e+10
 8.39000000e+02  7.71406940e+16  2.23997926e+16  4.15345005e+10  1.81518344e+10  7.90761176e+11  1.02461813e+10
 8.39750000e+02  7.44956691e+16  2.38302877e+16  4.01103522e+10  1.93110465e+10  7.90761176e+11  1.02461813e+10
 8.39750000e+02  7.44956691e+16  0.00000000e+00  4.01103522e+10  0.00000000e+00  7.90761176e+11  1.02461813e+10
 8.39775000e+02  7.44090811e+16  8.65122490e+13  4.00637310e+10  7.01058285e+07  7.90761176e+11  1.02461813e+10
 8.39800000e+02  7.43225937e+16  1.72772647e+14  4.00171640e+10  1.40007568e+08  7.90761176e+11  1.02461813e+10
 8.39825000e+02  7.42362069e+16  2.58781751e+14  3.99706512e+10  2.09705669e+08  7.90761176e+11  1.02461813e+10
 8.39850000e+02  7.41499205e+16  3.44540117e+14  3.99241924e+10  2.79200583e+08  7.90761176e+11  1.02461813e+10
 8.39875000e+02  7.40637343e+16  4.30048300e+14  3.98777876e+10  3.48492759e+08  7.90761176e+11  1.02461813e+10
 8.39900000e+02  7.39776484e+16  5.15306855e+14  3.98314367e+10  4.17582648e+08  7.90761176e+11  1.02461813e+10
 8.39925000e+02  7.38916625e+16  6.00316334e+14  3.97851398e+10  4.86470696e+08  7.90761176e+11  1.02461813e+10
 8.39950000e+02  7.38057765e+16  6.85077289e+14  3.97388966e+10  5.55157350e+08  7.90761176e+11  1.02461813e+10
 8.39975000e+02  7.37199904e+16  7.69590271e+14  3.96927072e+10  6.23643058e+08  7.90761176e+11  1.02461813e+10
 8.40000000e+02  7.36343040e+16  8.53855829e+14  3.96465714e+10  6.91928264e+08  7.90761176e+11  1.02461813e+10
 8.40000000e+02  7.36343040e+16  8.53855829e+14  3.96465714e+10  6.91928264e+08  7.90761176e+11  1.02461813e+10
 8.41300000e+02  7.78999142e+16  5.16242514e+15  4.19432839e+10  4.18340866e+09  7.90761176e+11  1.02461813e+10
 8.42600000e+02  8.19152032e+16  9.33530659e+15  4.41052170e+10  7.56493341e+09  7.90761176e+11  1.02461813e+10
 8.43900000e+02  8.56948607e+16  1.33702704e+16  4.61402802e+10  1.08346956e+10  7.90761176e+11  1.02461813e+10
 8.45200000e+02  8.92527144e+16  1.72661044e+16  4.80559186e+10  1.39917130e+10  7.90761176e+11  1.02461813e+10
 8.46500000e+02  9.26017805e+16  2.10224772e+16  4.98591404e+10  1.70357169e+10  7.90761176e+11  1.02461813e+10
 8.47800000e+02  9.57543114e+16  2.46398158e+16  5.15565428e+10  1.99670535e+10  7.90761176e+11  1.02461813e+10
 8.49100000e+02  9.87218406e+16  2.81191973e+16  5.31543356e+10  2.27865955e+10  7.90761176e+11  1.02461813e+10
 8.50400000e+02  1.01515225e+17  3.14622515e+16  5.46583642e+10  2.54956637e+10  7.90761176e+11  1.02461813e+10
 8.51700000e+02  1.04144683e+17  3.46710751e+16  5.60741310e+10  2.80959572e+10  7.90761176e+11  1.02461813e+10
 8.53000000e+02  1.06619835e+17  3.77481556e+16  5.74068155e+10  3.05894917e+10  7.90761176e+11  1.02461813e+10
 8.53000000e+02  1.06619835e+17  3.77481556e+16  5.74068155e+10  3.05894917e+10  7.90761176e+11  1.02359351e+10
 8.53025000e+02  1.06495908e+17  3.78059583e+16  5.73400903e+10  3.06363325e+10  7.90761176e+11  1.02359351e+10
 8.53050000e+02  1.06372126e+17  3.78635160e+16  5.72734426e+10  3.06829749e+10  7.90761176e+11  1.02359351e+10
 8.53075000e+02  1.06248487e+17  3.79208293e+16  5.72068724e+10  3.07294191e+10  7.90761176e+11  1.02359351e+10
 8.53100000e+02  1.06124992e+17  3.79778988e+16  5.71403795e+10  3.07756658e+10  7.90761176e+11  1.02359351e+10
 8.53125000e+02  1.06001640e+17  3.80347251e+16  5.70739640e+10  3.08217154e+10  7.90761176e+11  1.02359351e+10
 8.53150000e+02  1.05878432e+17  3.80913087e+16  5.70076256e+10  3.08675683e+10  7.90761176e+11  1.02359351e+10
 8.53175000e+02  1.05755367e+17  3.81476503e+16  5.69413643e+10  3.09132252e+10  7.90761176e+11  1.02359351e+10
 8.53200000e+02  1.05632446e+17  3.82037505e+16  5.68751801e+10  3.09586863e+10  7.90761176e+11  1.02359351e+10
 8.53225000e+02  1.05509667e+17  3.82596098e+16  5.68090728e+10  3.10039523e+10  7.90761176e+11  1.02359351e+10
 8.53250000e+02  1.05387030e+17  3.83152288e+16  5.67430423e+10  3.10490236e+10  7.90761176e+11  1.02359351e+10
 8.53250000e+02  1.05387030e+17  0.00000000e+00  5.67430423e+10  0.00000000e+00  8.10033619e+11  1.02256992e+10
 8.54000000e+02  1.01773486e+17  3.51977038e+15  5.47974187e+10  2.85227146e+09  8.10033619e+11  1.02256992e+10
 8.54750000e+02  9.82838440e+16  6.73879546e+15  5.29185072e+10  5.46083178e+09  8.10033619e+11  1.02256992e+10
 8.55500000e+02  9.49138560e+16  9.67659839e+15  5.11040204e+10  7.84150170e+09  8.10033619e+11  1.02256992e+10
 8.56250000e+02  9.16594192e+16  1.23515617e+16  4.93517493e+10  1.00091776e+10  8.10033619e+11  1.02256992e+10
 8.57000000e+02  8.85165715e+16  1.47809906e+16  4.76595606e+10  1.19778829e+10  8.10033619e+11  1.02256992e+10
 8.57750000e+02  8.54814869e+16  1.69811725e+16  4.60253943e+10  1.37608163e+10  8.10033619e+11  1.02256992e+10
 8.58500000e+02  8.25504702e+16  1.89674340e+16  4.44472608e+10  1.53703977e+10  8.10033619e+11  1.02256992e+10
 8.59250000e+02  7.97199531e+16  2.07541942e+16  4.29232388e+10  1.68183118e+10  8.10033619e+11  1.02256992e+10
 8.60000000e+02  7.69864897e+16  2.23550154e+16  4.14514730e+10  1.81155489e+10  8.10033619e+11  1.02256992e+10
 8.60750000e+02  7.43467522e+16  2.37826509e+16  4.00301716e+10  1.92724437e+10  8.10033619e+11  1.02256992e+10
 8.60750000e+02  7.43467522e+16  0.00000000e+00  4.00301716e+10  0.00000000e+00  8.10033619e+11  1.02256992e+10
 8.60775000e+02  7.42603373e+16  8.63393110e+13  3.99836436e+10  6.99656870e+07  8.10033619e+11  1.02256992e+10
 8.60800000e+02  7.41740228e+16  1.72427274e+14  3.99371697e+10  1.39727692e+08  8.10033619e+11  1.02256992e+10
 8.60825000e+02  7.40878087e+16  2.58264446e+14  3.98907498e+10  2.09286467e+08  8.10033619e+11  1.02256992e+10
 8.60850000e+02  7.40016948e+16  3.43851381e+14  3.98443839e+10  2.78642461e+08  8.10033619e+11  1.02256992e+10
 8.60875000e+02  7.39156809e+16  4.29188633e+14  3.97980719e+10  3.47796122e+08  8.10033619e+11  1.02256992e+10
 8.60900000e+02  7.38297671e+16  5.14276756e+14  3.97518137e+10  4.16747900e+08  8.10033619e+11  1.02256992e+10
 8.60925000e+02  7.37439531e+16  5.99116301e+14  3.97056093e+10  4.85498241e+08  8.10033619e+11  1.02256992e+10
 8.60950000e+02  7.36582388e+16  6.83707819e+14  3.96594585e+10  5.54047591e+08  8.10033619e+11  1.02256992e+10
 8.60975000e+02  7.35726242e+16  7.68051860e+14  3.96133615e+10  6.22396396e+08  8.10033619e+11  1.02256992e+10
 8.61000000e+02  7.34871090e+16  8.52148971e+14  3.95673179e+10  6.90545100e+08  8.10033619e+11  1.02256992e+10
 8.61000000e+02  7.34871090e+16  8.52148971e+14  3.95673179e+10  6.90545100e+08  8.10033619e+11  1.02256992e+10
 8.62300000e+02  7.77441923e+16  5.15210545e+15  4.18594392e+10  4.17504602e+09  8.10033619e+11  1.02256992e+10
 8.63600000e+02  8.17514547e+16  9.31664532e+15  4.40170507e+10  7.54981111e+09  8.10033619e+11  1.02256992e+10
 8.64900000e+02  8.55235567e+16  1.33435433e+16  4.60480457e+10  1.08130371e+10  8.10033619e+11  1.02256992e+10
 8.66200000e+02  8.90742982e+16  1.72315895e+16  4.79598548e+10  1.39637435e+10  8.10033619e+11  1.02256992e+10
 8.67500000e+02  9.24166695e+16  2.09804533e+16  4.97594720e+10  1.70016625e+10  8.10033619e+11  1.02256992e+10
 8.68800000e+02  9.55628986e+16  2.45905608e+16  5.14534813e+10  1.99271394e+10  8.10033619e+11  1.02256992e+10
 8.70100000e+02  9.85244956e+16  2.80629870e+16  5.30480801e+10  2.27410451e+10  8.10033619e+11  1.02256992e+10
 8.71400000e+02  1.01312296e+17  3.13993584e+16  5.45491021e+10  2.54446979e+10  8.10033619e+11  1.02256992e+10
 8.72700000e+02  1.03936498e+17  3.46017676e+16  5.59620388e+10  2.80397934e+10  8.10033619e+11  1.02256992e+10
 8.74000000e+02  1.06406702e+17  3.76726970e+16  5.72920593e+10  3.05283433e+10  8.10033619e+11  1.02256992e+10
 8.74000000e+02  1.06406702e+17  3.76726970e+16  5.72920593e+10  3.05283433e+10  8.10033619e+11  1.02154735e+10
 8.74025000e+02  1.06283023e+17  3.77303842e+16  5.72254674e+10  3.05750905e+10  8.10033619e+11  1.02154735e+10
 8.74050000e+02  1.06159488e+17  3.77878268e+16  5.71589530e+10  3.06216396e+10  8.10033619e+11  1.02154735e+10
 8.74075000e+02  1.06036096e+17  3.78450256e+16  5.70925158e+10  3.06679910e+10  8.10033619e+11  1.02154735e+10
 8.74100000e+02  1.05912848e+17  3.79019810e+16  5.70261559e+10  3.07141452e+10  8.10033619e+11  1.02154735e+10
 8.74125000e+02  1.05789743e+17  3.79586937e+16  5.69598731e+10  3.07601028e+10  8.10033619e+11  1.02154735e+10
 8.74150000e+02  1.05666781e+17  3.80151642e+16  5.68936674e+10  3.08058641e+10  8.10033619e+11  1.02154735e+10
 8.74175000e+02  1.05543963e+17  3.80713932e+16  5.68275386e+10  3.08514296e+10  8.10033619e+11  1.02154735e+10
 8.74200000e+02  1.05421286e+17  3.81273812e+16  5.67614866e+10  3.08967999e+10  8.10033619e+11  1.02154735e+10
 8.74225000e+02  1.05298753e+17  3.81831288e+16  5.66955115e+10  3.09419754e+10  8.10033619e+11  1.02154735e+10
 8.74250000e+02  1.05176362e+17  3.82386367e+16  5.66296130e+10  3.09869566e+10  8.10033619e+11  1.02154735e+10
 8.74250000e+02  1.05176362e+17  0.00000000e+00  5.66296130e+10  0.00000000e+00  8.29267537e+11  1.02052580e+10
 8.75000000e+02  1.01570041e+17  3.51273436e+15  5.46878786e+10  2.84656977e+09  8.29267537e+11  1.02052580e+10
 8.75750000e+02  9.80873746e+16  6.72532461e+15  5.28127231e+10  5.44991558e+09  8.29267537e+11  1.02052580e+10
 8.76500000e+02  9.47241232e+16  9.65725487e+15  5.10018634e+10  7.82582654e+09  8.29267537e+11  1.02052580e+10
 8.77250000e+02  9.14761920e+16  1.23268710e+16  4.92530951e+10  9.98916929e+09  8.29267537e+11  1.02052580e+10
 8.78000000e+02  8.83396269e+16  1.47514434e+16  4.75642892e+10  1.19539391e+10  8.29267537e+11  1.02052580e+10
 8.78750000e+02  8.53106094e+16  1.69472271e+16  4.59333895e+10  1.37333084e+10  8.29267537e+11  1.02052580e+10
 8.79500000e+02  8.23854518e+16  1.89295181e+16  4.43584107e+10  1.53396723e+10  8.29267537e+11  1.02052580e+10
 8.80250000e+02  7.95605929e+16  2.07127066e+16  4.28374353e+10  1.67846920e+10  8.29267537e+11  1.02052580e+10
 8.81000000e+02  7.68325937e+16  2.23103277e+16  4.13686115e+10  1.80793359e+10  8.29267537e+11  1.02052580e+10
 8.81750000e+02  7.41981331e+16  2.37351094e+16  3.99501513e+10  1.92339181e+10  8.29267537e+11  1.02052580e+10
 8.81750000e+02  7.41981331e+16  0.00000000e+00  3.99501513e+10  0.00000000e+00  8.29267537e+11  1.02052580e+10
 8.81775000e+02  7.41118909e+16  8.61667187e+13  3.99037163e+10  6.98258256e+07  8.29267537e+11  1.02052580e+10
 8.81800000e+02  7.40257490e+16  1.72082592e+14  3.98573353e+10  1.39448377e+08  8.29267537e+11  1.02052580e+10
 8.81825000e+02  7.39397072e+16  2.57748175e+14  3.98110082e+10  2.08868103e+08  8.29267537e+11  1.02052580e+10
 8.81850000e+02  7.38537654e+16  3.43164022e+14  3.97647350e+10  2.78085454e+08  8.29267537e+11  1.02052580e+10
 8.81875000e+02  7.37679235e+16  4.28330685e+14  3.97185155e+10  3.47100878e+08  8.29267537e+11  1.02052580e+10
 8.81900000e+02  7.36821814e+16  5.13248717e+14  3.96723498e+10  4.15914821e+08  8.29267537e+11  1.02052580e+10
 8.81925000e+02  7.35965389e+16  5.97918668e+14  3.96262377e+10  4.84527730e+08  8.29267537e+11  1.02052580e+10
 8.81950000e+02  7.35109960e+16  6.82341087e+14  3.95801793e+10  5.52940050e+08  8.29267537e+11  1.02052580e+10
 8.81975000e+02  7.34255525e+16  7.66516524e+14  3.95341743e+10  6.21152225e+08  8.29267537e+11  1.02052580e+10
 8.82000000e+02  7.33402083e+16  8.50445525e+14  3.94882229e+10  6.89164700e+08  8.29267537e+11  1.02052580e+10
 8.82000000e+02  7.33402083e+16  8.50445525e+14  3.94882229e+10  6.89164700e+08  8.29267537e+11  1.02052580e+10
 8.83300000e+02  7.75887817e+16  5.14180639e+15  4.17757622e+10  4.16670011e+09  8.29267537e+11  1.02052580e+10
 8.84600000e+02  8.15880336e+16  9.29802134e+15  4.39290606e+10  7.53471904e+09  8.29267537e+11  1.02052580e+10
 8.85900000e+02  8.53525951e+16  1.33168695e+16  4.59559957e+10  1.07914218e+10  8.29267537e+11  1.02052580e+10
 8.87200000e+02  8.88962387e+16  1.71971436e+16  4.78639830e+10  1.39358300e+10  8.29267537e+11  1.02052580e+10
 8.88500000e+02  9.22319286e+16  2.09385133e+16  4.96600028e+10  1.69676762e+10  8.29267537e+11  1.02052580e+10
 8.89800000e+02  9.53718683e+16  2.45414043e+16  5.13506258e+10  1.98873050e+10  8.29267537e+11  1.02052580e+10
 8.91100000e+02  9.83275452e+16  2.80068891e+16  5.29420370e+10  2.26955857e+10  8.29267537e+11  1.02052580e+10
 8.92400000e+02  1.01109772e+17  3.13365911e+16  5.44400584e+10  2.53938339e+10  8.29267537e+11  1.02052580e+10
 8.93700000e+02  1.03728728e+17  3.45325987e+16  5.58501706e+10  2.79837419e+10  8.29267537e+11  1.02052580e+10
 8.95000000e+02  1.06193995e+17  3.75973893e+16  5.71775324e+10  3.04673171e+10  8.29267537e+11  1.02052580e+10
 8.95000000e+02  1.06193995e+17  3.75973893e+16  5.71775324e+10  3.04673171e+10  8.29267537e+11  1.01950528e+10
 8.95025000e+02  1.06070563e+17  3.76549612e+16  5.71110737e+10  3.05139709e+10  8.29267537e+11  1.01950528e+10
 8.95050000e+02  1.05947275e+17  3.77122890e+16  5.70446922e+10  3.05604269e+10  8.29267537e+11  1.01950528e+10
 8.95075000e+02  1.05824130e+17  3.77693734e+16  5.69783879e+10  3.06066857e+10  8.29267537e+11  1.01950528e+10
 8.95100000e+02  1.05701128e+17  3.78262149e+16  5.69121606e+10  3.06527477e+10  8.29267537e+11  1.01950528e+10
 8.95125000e+02  1.05578270e+17  3.78828142e+16  5.68460103e+10  3.06986133e+10  8.29267537e+11  1.01950528e+10
 8.95150000e+02  1.05455554e+17  3.79391719e+16  5.67799369e+10  3.07442831e+10  8.29267537e+11  1.01950528e+10
 8.95175000e+02  1.05332980e+17  3.79952885e+16  5.67139403e+10  3.07897576e+10  8.29267537e+11  1.01950528e+10
 8.95200000e+02  1.05210549e+17  3.80511645e+16  5.66480204e+10  3.08350372e+10  8.29267537e+11  1.01950528e+10
 8.95225000e+02  1.05088261e+17  3.81068007e+16  5.65821771e+10  3.08801224e+10  8.29267537e+11  1.01950528e+10
 8.95250000e+02  1.04966114e+17  3.81621976e+16  5.65164104e+10  3.09250137e+10  8.29267537e+11  1.01950528e+10
 8.95250000e+02  1.04966114e+17  0.00000000e+00  5.65164104e+10  0.00000000e+00  8.48463007e+11  1.01848577e+10
 8.96000000e+02  1.01367002e+17  3.50571240e+15  5.45785576e+10  2.84087948e+09  8.48463007e+11  1.01848577e+10
 8.96750000e+02  9.78912979e+16  6.71188068e+15  5.27071504e+10  5.43902120e+09  8.48463007e+11  1.01848577e+10
 8.97500000e+02  9.45347697e+16  9.63795002e+15  5.08999107e+10  7.81018271e+09  8.48463007e+11  1.01848577e+10
 8.98250000e+02  9.12933311e+16  1.23022295e+16  4.91546382e+10  9.96920094e+09  8.48463007e+11  1.01848577e+10
 8.99000000e+02  8.81630360e+16  1.47219552e+16  4.74692082e+10  1.19300432e+10  8.48463007e+11  1.01848577e+10
 8.99750000e+02  8.51400735e+16  1.69133496e+16  4.58415687e+10  1.37058556e+10  8.48463007e+11  1.01848577e+10
 9.00500000e+02  8.22207633e+16  1.88916780e+16  4.42697383e+10  1.53090083e+10  8.48463007e+11  1.01848577e+10
 9.01250000e+02  7.94015513e+16  2.06713019e+16  4.27518032e+10  1.67511394e+10  8.48463007e+11  1.01848577e+10
 9.02000000e+02  7.66790054e+16  2.22657294e+16  4.12859157e+10  1.80431953e+10  8.48463007e+11  1.01848577e+10
 9.02750000e+02  7.40498110e+16  2.36876629e+16  3.98702909e+10  1.91954695e+10  8.48463007e+11  1.01848577e+10
 9.02750000e+02  7.40498110e+16  0.00000000e+00  3.98702909e+10  0.00000000e+00  8.48463007e+11  1.01848577e+10
 9.02775000e+02  7.39637412e+16  8.59944715e+13  3.98239488e+10  6.96862437e+07  8.48463007e+11  1.01848577e+10
 9.02800000e+02  7.38777715e+16  1.71738599e+14  3.97776605e+10  1.39169619e+08  8.48463007e+11  1.01848577e+10
 9.02825000e+02  7.37919017e+16  2.57232937e+14  3.97314260e+10  2.08450576e+08  8.48463007e+11  1.01848577e+10
 9.02850000e+02  7.37061317e+16  3.42478037e+14  3.96852453e+10  2.77529562e+08  8.48463007e+11  1.01848577e+10
 9.02875000e+02  7.36204614e+16  4.27474452e+14  3.96391182e+10  3.46407023e+08  8.48463007e+11  1.01848577e+10
 9.02900000e+02  7.35348907e+16  5.12222733e+14  3.95930448e+10  4.15083407e+08  8.48463007e+11  1.01848577e+10
 9.02925000e+02  7.34494194e+16  5.96723428e+14  3.95470249e+10  4.83559159e+08  8.48463007e+11  1.01848577e+10
 9.02950000e+02  7.33640475e+16  6.80977088e+14  3.95010585e+10  5.51834722e+08  8.48463007e+11  1.01848577e+10
 9.02975000e+02  7.32787748e+16  7.64984257e+14  3.94551455e+10  6.19910542e+08  8.48463007e+11  1.01848577e+10
 9.03000000e+02  7.31936012e+16  8.48745485e+14  3.94092859e+10  6.87787060e+08  8.48463007e+11  1.01848577e+10
 9.03000000e+02  7.31936012e+16  8.48745485e+14  3.94092859e+10  6.87787060e+08  8.48463007e+11  1.01848577e+10
 9.04300000e+02  7.74336817e+16  5.13152792e+15  4.16922525e+10  4.15837087e+09  8.48463007e+11  1.01848577e+10
 9.05600000e+02  8.14249391e+16  9.27943460e+15  4.38412464e+10  7.51965714e+09  8.48463007e+11  1.01848577e+10
 9.06900000e+02  8.51819752e+16  1.32902491e+16  4.58641297e+10  1.07698498e+10  8.48463007e+11  1.01848577e+10
 9.08200000e+02  8.87185351e+16  1.71627665e+16  4.77683029e+10  1.39079723e+10  8.48463007e+11  1.01848577e+10
 9.09500000e+02  9.20475570e+16  2.08966572e+16  4.95607325e+10  1.69337578e+10  8.48463007e+11  1.01848577e+10
 9.10800000e+02  9.51812200e+16  2.44923460e+16  5.12479759e+10  1.98475503e+10  8.48463007e+11  1.01848577e+10
 9.12100000e+02  9.81309884e+16  2.79509033e+16  5.28362058e+10  2.26502173e+10  8.48463007e+11  1.01848577e+10
 9.13400000e+02  1.00907654e+17  3.12739493e+16  5.43312328e+10  2.53430716e+10  8.48463007e+11  1.01848577e+10
 9.14700000e+02  1.03521375e+17  3.44635681e+16  5.57385262e+10  2.79278024e+10  8.48463007e+11  1.01848577e+10
 9.16000000e+02  1.05981713e+17  3.75222321e+16  5.70632346e+10  3.04064130e+10  8.48463007e+11  1.01848577e+10
 9.16000000e+02  1.05981713e+17  3.75222321e+16  5.70632346e+10  3.04064130e+10  8.48463007e+11  1.01746729e+10
 9.16025000e+02  1.05858528e+17  3.75796889e+16  5.69969087e+10  3.04529735e+10  8.48463007e+11  1.01746729e+10
 9.16050000e+02  1.05735486e+17  3.76369021e+16  5.69306599e+10  3.04993366e+10  8.48463007e+11  1.01746729e+10
 9.16075000e+02  1.05612588e+17  3.76938724e+16  5.68644881e+10  3.05455029e+10  8.48463007e+11  1.01746729e+10
 9.16100000e+02  1.05489832e+17  3.77506003e+16  5.67983932e+10  3.05914728e+10  8.48463007e+11  1.01746729e+10
 9.16125000e+02  1.05367219e+17  3.78070865e+16  5.67323751e+10  3.06372468e+10  8.48463007e+11  1.01746729e+10
 9.16150000e+02  1.05244748e+17  3.78633315e+16  5.66664338e+10  3.06828253e+10  8.48463007e+11  1.01746729e+10
 9.16175000e+02  1.05122420e+17  3.79193359e+16  5.66005691e+10  3.07282089e+10  8.48463007e+11  1.01746729e+10
 9.16200000e+02  1.05000233e+17  3.79751003e+16  5.65347810e+10  3.07733980e+10  8.48463007e+11  1.01746729e+10
 9.16225000e+02  1.04878189e+17  3.80306252e+16  5.64690694e+10  3.08183930e+10  8.48463007e+11  1.01746729e+10
 9.16250000e+02  1.04756287e+17  3.80859114e+16  5.64034341e+10  3.08631946e+10  8.48463007e+11  1.01746729e+10
 9.16250000e+02  1.04756287e+17  0.00000000e+00  5.64034341e+10  0.00000000e+00  8.67620105e+11  1.01644982e+10
 9.17000000e+02  1.01164370e+17  3.49870448e+15  5.44694550e+10  2.83520056e+09  8.67620105e+11  1.01644982e+10
 9.17750000e+02  9.76956132e+16  6.69846363e+15  5.26017888e+10  5.42814859e+09  8.67620105e+11  1.01644982e+10
 9.18500000e+02  9.43457946e+16  9.61868376e+15  5.07981618e+10  7.79457016e+09  8.67620105e+11  1.01644982e+10
 9.19250000e+02  9.11108357e+16  1.22776374e+16  4.90563781e+10  9.94927251e+09  8.67620105e+11  1.01644982e+10
 9.20000000e+02  8.79867981e+16  1.46925261e+16  4.73743172e+10  1.19061951e+10  8.67620105e+11  1.01644982e+10
 9.20750000e+02  8.49698785e+16  1.68795398e+16  4.57499314e+10  1.36784576e+10  8.67620105e+11  1.01644982e+10
 9.21500000e+02  8.20564040e+16  1.88539135e+16  4.41812430e+10  1.52784056e+10  8.67620105e+11  1.01644982e+10
 9.22250000e+02  7.92428276e+16  2.06299800e+16  4.26663424e+10  1.67176539e+10  8.67620105e+11  1.01644982e+10
 9.23000000e+02  7.65257241e+16  2.22212202e+16  4.12033851e+10  1.80071270e+10  8.67620105e+11  1.01644982e+10
 9.23750000e+02  7.39017854e+16  2.36403113e+16  3.97905902e+10  1.91570977e+10  8.67620105e+11  1.01644982e+10
 9.23750000e+02  7.39017854e+16  0.00000000e+00  3.97905902e+10  0.00000000e+00  8.67620105e+11  1.01644982e+10
 9.23775000e+02  7.38158877e+16  8.58225685e+13  3.97443407e+10  6.95469409e+07  8.67620105e+11  1.01644982e+10
 9.23800000e+02  7.37300898e+16  1.71395294e+14  3.96981450e+10  1.38891419e+08  8.67620105e+11  1.01644982e+10
 9.23825000e+02  7.36443917e+16  2.56718728e+14  3.96520029e+10  2.08033883e+08  8.67620105e+11  1.01644982e+10
 9.23850000e+02  7.35587931e+16  3.41793423e+14  3.96059145e+10  2.76974780e+08  8.67620105e+11  1.01644982e+10
 9.23875000e+02  7.34732941e+16  4.26619931e+14  3.95598796e+10  3.45714556e+08  8.67620105e+11  1.01644982e+10
 9.23900000e+02  7.33878944e+16  5.11198800e+14  3.95138983e+10  4.14253655e+08  8.67620105e+11  1.01644982e+10
 9.23925000e+02  7.33025940e+16  5.95530578e+14  3.94679704e+10  4.82592524e+08  8.67620105e+11  1.01644982e+10
 9.23950000e+02  7.32173928e+16  6.79615814e+14  3.94220959e+10  5.50731605e+08  8.67620105e+11  1.01644982e+10
 9.23975000e+02  7.31322905e+16  7.63455054e+14  3.93762747e+10  6.18671341e+08  8.67620105e+11  1.01644982e+10
 9.24000000e+02  7.30472872e+16  8.47048842e+14  3.93305068e+10  6.86412174e+08  8.67620105e+11  1.01644982e+10
 9.24000000e+02  7.30472872e+16  8.47048842e+14  3.93305068e+10  6.86412174e+08  8.67620105e+11  1.01644982e+10
 9.25300000e+02  7.72788918e+16  5.12126999e+15  4.16089097e+10  4.15005829e+09  8.67620105e+11  1.01644982e+10
 9.26600000e+02  8.12621706e+16  9.26088501e+15  4.37536077e+10  7.50462534e+09  8.67620105e+11  1.01644982e+10
 9.27900000e+02  8.50116965e+16  1.32636819e+16  4.57724473e+10  1.07483208e+10  8.67620105e+11  1.01644982e+10
 9.29200000e+02  8.85411867e+16  1.71284581e+16  4.76728141e+10  1.38801703e+10  8.67620105e+11  1.01644982e+10
 9.30500000e+02  9.18635539e+16  2.08548848e+16  4.94616606e+10  1.68999072e+10  8.67620105e+11  1.01644982e+10
 9.31800000e+02  9.49909527e+16  2.44433858e+16  5.11455312e+10  1.98078750e+10  8.67620105e+11  1.01644982e+10
 9.33100000e+02  9.79348246e+16  2.78950295e+16  5.27305863e+10  2.26049395e+10  8.67620105e+11  1.01644982e+10
 9.34400000e+02  1.00705939e+17  3.12114326e+16  5.42226246e+10  2.52924108e+10  8.67620105e+11  1.01644982e+10
 9.35700000e+02  1.03314436e+17  3.43946754e+16  5.56271048e+10  2.78719747e+10  8.67620105e+11  1.01644982e+10
 9.37000000e+02  1.05769856e+17  3.74472252e+16  5.69491652e+10  3.03456306e+10  8.67620105e+11  1.01644982e+10
 9.37000000e+02  1.05769856e+17  3.74472252e+16  5.69491652e+10  3.03456306e+10  8.67620105e+11  1.01543337e+10
 9.37025000e+02  1.05646917e+17  3.75045671e+16  5.68829718e+10  3.03920980e+10  8.67620105e+11  1.01543337e+10
 9.37050000e+02  1.05524121e+17  3.75616659e+16  5.68168555e+10  3.04383685e+10  8.67620105e+11  1.01543337e+10
 9.37075000e+02  1.05401468e+17  3.76185223e+16  5.67508160e+10  3.04844425e+10  8.67620105e+11  1.01543337e+10
 9.37100000e+02  1.05278958e+17  3.76751369e+16  5.66848532e+10  3.05303205e+10  8.67620105e+11  1.01543337e+10
 9.37125000e+02  1.05156589e+17  3.77315101e+16  5.66189671e+10  3.05760029e+10  8.67620105e+11  1.01543337e+10
 9.37150000e+02  1.05034364e+17  3.77876427e+16  5.65531576e+10  3.06214903e+10  8.67620105e+11  1.01543337e+10
 9.37175000e+02  1.04912280e+17  3.78435351e+16  5.64874246e+10  3.06667832e+10  8.67620105e+11  1.01543337e+10
 9.37200000e+02  1.04790338e+17  3.78991880e+16  5.64217680e+10  3.07118819e+10  8.67620105e+11  1.01543337e+10
 9.37225000e+02  1.04668538e+17  3.79546020e+16  5.63561877e+10  3.07567871e+10  8.67620105e+11  1.01543337e+10
 9.37250000e+02  1.04546879e+17  3.80097776e+16  5.62906836e+10  3.08014990e+10  8.67620105e+11  1.01543337e+10
 9.37250000e+02  1.04546879e+17  0.00000000e+00  5.62906836e+10  0.00000000e+00  8.86738907e+11  1.01441794e+10
 9.38000000e+02  1.00962142e+17  3.49171057e+15  5.43605706e+10  2.82953299e+09  8.86738907e+11  1.01441794e+10
 9.38750000e+02  9.75003197e+16  6.68507340e+15  5.24966379e+10  5.41729772e+09  8.86738907e+11  1.01441794e+10
 9.39500000e+02  9.41571974e+16  9.59945601e+15  5.06966163e+10  7.77898881e+09  8.86738907e+11  1.01441794e+10
 9.40250000e+02  9.09287051e+16  1.22530944e+16  4.89583144e+10  9.92938391e+09  8.86738907e+11  1.01441794e+10
 9.41000000e+02  8.78109125e+16  1.46631557e+16  4.72796160e+10  1.18823946e+10  8.86738907e+11  1.01441794e+10
 9.41750000e+02  8.48000237e+16  1.68457976e+16  4.56584773e+10  1.36511143e+10  8.86738907e+11  1.01441794e+10
 9.42500000e+02  8.18923732e+16  1.88162246e+16  4.40929247e+10  1.52478641e+10  8.86738907e+11  1.01441794e+10
 9.43250000e+02  7.90844212e+16  2.05887406e+16  4.25810524e+10  1.66842353e+10  8.86738907e+11  1.01441794e+10
 9.44000000e+02  7.63727491e+16  2.21768000e+16  4.11210196e+10  1.79711307e+10  8.86738907e+11  1.01441794e+10
 9.44750000e+02  7.37540558e+16  2.35930543e+16  3.97110488e+10  1.91188027e+10  8.86738907e+11  1.01441794e+10
 9.44750000e+02  7.37540558e+16  0.00000000e+00  3.97110488e+10  0.00000000e+00  8.86738907e+11  1.01441794e+10
 9.44775000e+02  7.36683298e+16  8.56510092e+13  3.96648918e+10  6.94079166e+07  8.86738907e+11  1.01441794e+10
 9.44800000e+02  7.35827034e+16  1.71052674e+14  3.96187884e+10  1.38613775e+08  8.86738907e+11  1.01441794e+10
 9.44825000e+02  7.34971765e+16  2.56205547e+14  3.95727386e+10  2.07618024e+08  8.86738907e+11  1.01441794e+10
 9.44850000e+02  7.34117491e+16  3.41110178e+14  3.95267423e+10  2.76421107e+08  8.86738907e+11  1.01441794e+10
 9.44875000e+02  7.33264210e+16  4.25767118e+14  3.94807994e+10  3.45023472e+08  8.86738907e+11  1.01441794e+10
 9.44900000e+02  7.32411920e+16  5.10176913e+14  3.94349100e+10  4.13425562e+08  8.86738907e+11  1.01441794e+10
 9.44925000e+02  7.31560621e+16  5.94340113e+14  3.93890739e+10  4.81627822e+08  8.86738907e+11  1.01441794e+10
 9.44950000e+02  7.30710312e+16  6.78257262e+14  3.93432911e+10  5.49630692e+08  8.86738907e+11  1.01441794e+10
 9.44975000e+02  7.29860991e+16  7.61928907e+14  3.92975615e+10  6.17434617e+08  8.86738907e+11  1.01441794e+10
 9.45000000e+02  7.29012657e+16  8.45355592e+14  3.92518851e+10  6.85040036e+08  8.86738907e+11  1.01441794e+10
 9.45000000e+02  7.29012657e+16  8.45355592e+14  3.92518851e+10  6.85040036e+08  8.86738907e+11  1.01441794e+10
 9.46300000e+02  7.71244112e+16  5.11103258e+15  4.15257334e+10  4.14176232e+09  8.86738907e+11  1.01441794e+10
 9.47600000e+02  8.10997275e+16  9.24237250e+15  4.36661443e+10  7.48962360e+09  8.86738907e+11  1.01441794e+10
 9.48900000e+02  8.48417581e+16  1.32371678e+16  4.56809481e+10  1.07268349e+10  8.86738907e+11  1.01441794e+10
 9.50200000e+02  8.83641929e+16  1.70942183e+16  4.75775161e+10  1.38524238e+10  8.86738907e+11  1.01441794e+10
 9.51500000e+02  9.16799187e+16  2.08131959e+16  4.93627867e+10  1.68661243e+10  8.86738907e+11  1.01441794e+10
 9.52800000e+02  9.48010658e+16  2.43945235e+16  5.10432913e+10  1.97682791e+10  8.86738907e+11  1.01441794e+10
 9.54100000e+02  9.77390528e+16  2.78392673e+16  5.26251778e+10  2.25597522e+10  8.86738907e+11  1.01441794e+10
 9.55400000e+02  1.00504628e+17  3.11490410e+16  5.41142336e+10  2.52418513e+10  8.86738907e+11  1.01441794e+10
 9.56700000e+02  1.03107910e+17  3.43259204e+16  5.55159063e+10  2.78162586e+10  8.86738907e+11  1.01441794e+10
 9.58000000e+02  1.05558422e+17  3.73723682e+16  5.68353238e+10  3.02849696e+10  8.86738907e+11  1.01441794e+10
 9.58000000e+02  1.05558422e+17  3.73723682e+16  5.68353238e+10  3.02849696e+10  8.86738907e+11  1.01340352e+10
 9.58025000e+02  1.05435729e+17  3.74295955e+16  5.67692628e+10  3.03313442e+10  8.86738907e+11  1.01340352e+10
 9.58050000e+02  1.05313178e+17  3.74865802e+16  5.67032786e+10  3.03775222e+10  8.86738907e+11  1.01340352e+10
 9.58075000e+02  1.05190771e+17  3.75433229e+16  5.66373711e+10  3.04235041e+10  8.86738907e+11  1.01340352e+10
 9.58100000e+02  1.05068505e+17  3.75998243e+16  5.65715402e+10  3.04692903e+10  8.86738907e+11  1.01340352e+10
 9.58125000e+02  1.04946381e+17  3.76560848e+16  5.65057858e+10  3.05148815e+10  8.86738907e+11  1.01340352e+10
 9.58150000e+02  1.04824400e+17  3.77121052e+16  5.64401079e+10  3.05602780e+10  8.86738907e+11  1.01340352e+10
 9.58175000e+02  1.04702560e+17  3.77678859e+16  5.63745062e+10  3.06054803e+10  8.86738907e+11  1.01340352e+10
 9.58200000e+02  1.04580862e+17  3.78234276e+16  5.63089809e+10  3.06504889e+10  8.86738907e+11  1.01340352e+10
 9.58225000e+02  1.04459305e+17  3.78787308e+16  5.62435317e+10  3.06953042e+10  8.86738907e+11  1.01340352e+10
 9.58250000e+02  1.04337890e+17  3.79337961e+16  5.61781586e+10  3.07399268e+10  8.86738907e+11  1.01340352e+10
 9.58250000e+02  1.04337890e+17  0.00000000e+00  5.61781586e+10  0.00000000e+00  9.05819492e+11  1.01239011e+10
 9.59000000e+02  1.00760319e+17  3.48473064e+15  5.42519038e+10  2.82387676e+09  9.05819492e+11  1.01239011e+10
 9.59750000e+02  9.73054166e+16  6.67170994e+15  5.23916971e+10  5.40646855e+09  9.05819492e+11  1.01239011e+10
 9.60500000e+02  9.39689772e+16  9.58026670e+15  5.05952737e+10  7.76343861e+09  9.05819492e+11  1.01239011e+10
 9.61250000e+02  9.07469387e+16  1.22286004e+16  4.88604467e+10  9.90953508e+09  9.05819492e+11  1.01239011e+10
 9.62000000e+02  8.76353785e+16  1.46338440e+16  4.71851040e+10  1.18586417e+10  9.05819492e+11  1.01239011e+10
 9.62750000e+02  8.46305084e+16  1.68121229e+16  4.55672060e+10  1.36238257e+10  9.05819492e+11  1.01239011e+10
 9.63500000e+02  8.17286704e+16  1.87786109e+16  4.40047830e+10  1.52173836e+10  9.05819492e+11  1.01239011e+10
 9.64250000e+02  7.89263314e+16  2.05475837e+16  4.24959328e+10  1.66508835e+10  9.05819492e+11  1.01239011e+10
 9.65000000e+02  7.62200800e+16  2.21324685e+16  4.10388186e+10  1.79352064e+10  9.05819492e+11  1.01239011e+10
 9.65750000e+02  7.36066214e+16  2.35458918e+16  3.96316664e+10  1.90805842e+10  9.05819492e+11  1.01239011e+10
 9.65750000e+02  7.36066214e+16  0.00000000e+00  3.96316664e+10  0.00000000e+00  9.05819492e+11  1.01239011e+10
 9.65775000e+02  7.35210668e+16  8.54797928e+13  3.95856016e+10  6.92691702e+07  9.05819492e+11  1.01239011e+10
 9.65800000e+02  7.34356116e+16  1.70710740e+14  3.95395904e+10  1.38336686e+08  9.05819492e+11  1.01239011e+10
 9.65825000e+02  7.33502557e+16  2.55693392e+14  3.94936326e+10  2.07202995e+08  9.05819492e+11  1.01239011e+10
 9.65850000e+02  7.32649990e+16  3.40428299e+14  3.94477283e+10  2.75868542e+08  9.05819492e+11  1.01239011e+10
 9.65875000e+02  7.31798415e+16  4.24916009e+14  3.94018773e+10  3.44333770e+08  9.05819492e+11  1.01239011e+10
 9.65900000e+02  7.30947829e+16  5.09157070e+14  3.93560796e+10  4.12599125e+08  9.05819492e+11  1.01239011e+10
 9.65925000e+02  7.30098232e+16  5.93152027e+14  3.93103352e+10  4.80665047e+08  9.05819492e+11  1.01239011e+10
 9.65950000e+02  7.29249622e+16  6.76901426e+14  3.92646439e+10  5.48531981e+08  9.05819492e+11  1.01239011e+10
 9.65975000e+02  7.28401999e+16  7.60405811e+14  3.92190057e+10  6.16200365e+08  9.05819492e+11  1.01239011e+10
 9.66000000e+02  7.27555361e+16  8.43665726e+14  3.91734206e+10  6.83670641e+08  9.05819492e+11  1.01239011e+10
 9.66000000e+02  7.27555361e+16  8.43665726e+14  3.91734206e+10  6.83670641e+08  9.05819492e+11  1.01239011e+10
 9.67300000e+02  7.69702396e+16  5.10081562e+15  4.14427235e+10  4.13348294e+09  9.05819492e+11  1.01239011e+10
 9.68600000e+02  8.09376092e+16  9.22389700e+15  4.35788557e+10  7.47465184e+09  9.05819492e+11  1.01239011e+10
 9.69900000e+02  8.46721594e+16  1.32107067e+16  4.55896319e+10  1.07053920e+10  9.05819492e+11  1.01239011e+10
 9.71200000e+02  8.81875529e+16  1.70600470e+16  4.74824087e+10  1.38247328e+10  9.05819492e+11  1.01239011e+10
 9.72500000e+02  9.14966505e+16  2.07715903e+16  4.92641105e+10  1.68324089e+10  9.05819492e+11  1.01239011e+10
 9.73800000e+02  9.46115584e+16  2.43457589e+16  5.09412557e+10  1.97287623e+10  9.05819492e+11  1.01239011e+10
 9.75100000e+02  9.75436725e+16  2.77836166e+16  5.25199801e+10  2.25146553e+10  9.05819492e+11  1.01239011e+10
 9.76400000e+02  1.00303720e+17  3.10867741e+16  5.40060592e+10  2.51913929e+10  9.05819492e+11  1.01239011e+10
 9.77700000e+02  1.02901797e+17  3.42573029e+16  5.54049300e+10  2.77606539e+10  9.05819492e+11  1.01239011e+10
 9.79000000e+02  1.05347410e+17  3.72976608e+16  5.67217100e+10  3.02244300e+10  9.05819492e+11  1.01239011e+10
 9.79000000e+02  1.05347410e+17  3.72976608e+16  5.67217100e+10  3.02244300e+10  9.05819492e+11  1.01137772e+10
 9.79025000e+02  1.05224963e+17  3.73547737e+16  5.66557810e+10  3.02707118e+10  9.05819492e+11  1.01137772e+10
 9.79050000e+02  1.05102657e+17  3.74116445e+16  5.65899287e+10  3.03167975e+10  9.05819492e+11  1.01137772e+10
 9.79075000e+02  1.04980494e+17  3.74682738e+16  5.65241530e+10  3.03626875e+10  9.05819492e+11  1.01137772e+10
 9.79100000e+02  1.04858473e+17  3.75246622e+16  5.64584537e+10  3.04083822e+10  9.05819492e+11  1.01137772e+10
 9.79125000e+02  1.04736594e+17  3.75808103e+16  5.63928307e+10  3.04538822e+10  9.05819492e+11  1.01137772e+10
 9.79150000e+02  1.04614856e+17  3.76367187e+16  5.63272841e+10  3.04991880e+10  9.05819492e+11  1.01137772e+10
 9.79175000e+02  1.04493260e+17  3.76923879e+16  5.62618136e+10  3.05442999e+10  9.05819492e+11  1.01137772e+10
 9.79200000e+02  1.04371805e+17  3.77478185e+16  5.61964192e+10  3.05892186e+10  9.05819492e+11  1.01137772e+10
 9.79225000e+02  1.04250491e+17  3.78030112e+16  5.61311009e+10  3.06339443e+10  9.05819492e+11  1.01137772e+10
 9.79250000e+02  1.04129318e+17  3.78579664e+16  5.60658584e+10  3.06784777e+10  9.05819492e+11  1.01137772e+10
 9.79250000e+02  1.04129318e+17  0.00000000e+00  5.60658584e+10  0.00000000e+00  9.24861934e+11  1.01036635e+10
 9.80000000e+02  1.00558899e+17  3.47776467e+15  5.41434542e+10  2.81823183e+09  9.24861934e+11  1.01036635e+10
 9.80750000e+02  9.71109030e+16  6.65837319e+15  5.22869661e+10  5.39566102e+09  9.24861934e+11  1.01036635e+10
 9.81500000e+02  9.37811332e+16  9.56111574e+15  5.04941338e+10  7.74791950e+09  9.24861934e+11  1.01036635e+10
 9.82250000e+02  9.05655355e+16  1.22041555e+16  4.87627747e+10  9.88972592e+09  9.24861934e+11  1.01036635e+10
 9.83000000e+02  8.74601953e+16  1.46045910e+16  4.70907810e+10  1.18349362e+10  9.24861934e+11  1.01036635e+10
 9.83750000e+02  8.44613320e+16  1.67785155e+16  4.54761172e+10  1.35965917e+10  9.24861934e+11  1.01036635e+10
 9.84500000e+02  8.15652947e+16  1.87410725e+16  4.39168174e+10  1.51869640e+10  9.24861934e+11  1.01036635e+10
 9.85250000e+02  7.87685577e+16  2.05065091e+16  4.24109835e+10  1.66175984e+10  9.24861934e+11  1.01036635e+10
 9.86000000e+02  7.60677161e+16  2.20882257e+16  4.09567820e+10  1.78993539e+10  9.24861934e+11  1.01036635e+10
 9.86750000e+02  7.34594818e+16  2.34988236e+16  3.95524427e+10  1.90424421e+10  9.24861934e+11  1.01036635e+10
 9.86750000e+02  7.34594818e+16  0.00000000e+00  3.95524427e+10  0.00000000e+00  9.24861934e+11  1.01036635e+10
 9.86775000e+02  7.33740981e+16  8.53089187e+13  3.95064700e+10  6.91307011e+07  9.24861934e+11  1.01036635e+10
 9.86800000e+02  7.32888138e+16  1.70369489e+14  3.94605508e+10  1.38060151e+08  9.24861934e+11  1.01036635e+10
 9.86825000e+02  7.32036285e+16  2.55182261e+14  3.94146849e+10  2.06788796e+08  9.24861934e+11  1.01036635e+10
 9.86850000e+02  7.31185423e+16  3.39747783e+14  3.93688723e+10  2.75317080e+08  9.24861934e+11  1.01036635e+10
 9.86875000e+02  7.30335550e+16  4.24066602e+14  3.93231130e+10  3.43645447e+08  9.24861934e+11  1.01036635e+10
 9.86900000e+02  7.29486664e+16  5.08139265e+14  3.92774068e+10  4.11774339e+08  9.24861934e+11  1.01036635e+10
 9.86925000e+02  7.28638765e+16  5.91966316e+14  3.92317538e+10  4.79704198e+08  9.24861934e+11  1.01036635e+10
 9.86950000e+02  7.27791852e+16  6.75548300e+14  3.91861539e+10  5.47435465e+08  9.24861934e+11  1.01036635e+10
 9.86975000e+02  7.26945923e+16  7.58885760e+14  3.91406069e+10  6.14968581e+08  9.24861934e+11  1.01036635e+10
 9.87000000e+02  7.26100977e+16  8.41979238e+14  3.90951129e+10  6.82303983e+08  9.24861934e+11  1.01036635e+10
 9.87000000e+02  7.26100977e+16  8.41979238e+14  3.90951129e+10  6.82303983e+08  9.24861934e+11  1.01036635e+10
 9.88300000e+02  7.68163760e+16  5.09061909e+15  4.13598795e+10  4.12522011e+09  9.24861934e+11  1.01036635e+10
 9.89600000e+02  8.07758149e+16  9.20545843e+15  4.34917415e+10  7.45971001e+09  9.24861934e+11  1.01036635e+10
 9.90900000e+02  8.45028998e+16  1.31842985e+16  4.54984983e+10  1.06839919e+10  9.24861934e+11  1.01036635e+10
 9.92200000e+02  8.80112660e+16  1.70259439e+16  4.73874913e+10  1.37970972e+10  9.24861934e+11  1.01036635e+10
 9.93500000e+02  9.13137487e+16  2.07300679e+16  4.91656316e+10  1.67987609e+10  9.24861934e+11  1.01036635e+10
 9.94800000e+02  9.44224299e+16  2.42970917e+16  5.08394242e+10  1.96893245e+10  9.24861934e+11  1.01036635e+10
 9.96100000e+02  9.73486827e+16  2.77280772e+16  5.24149926e+10  2.24696485e+10  9.24861934e+11  1.01036635e+10
 9.97400000e+02  1.00103212e+17  3.10246316e+16  5.38981011e+10  2.51410353e+10  9.24861934e+11  1.01036635e+10
 9.98700000e+02  1.02696097e+17  3.41888226e+16  5.52941755e+10  2.77051604e+10  9.24861934e+11  1.01036635e+10
 1.00000000e+03  1.05136821e+17  3.72231028e+16  5.66083233e+10  3.01640113e+10  9.24861934e+11  1.01036635e+10
 1.00000000e+03  1.05136821e+17  3.72231028e+16  5.66083233e+10  3.01640113e+10  9.24861934e+11  1.00935598e+10
 1.00002500e+03  1.05014618e+17  3.72801015e+16  5.65425261e+10  3.02102007e+10  9.24861934e+11  1.00935598e+10
 1.00005000e+03  1.04892557e+17  3.73368586e+16  5.64768055e+10  3.02561942e+10  9.24861934e+11  1.00935598e+10
 1.00007500e+03  1.04770638e+17  3.73933747e+16  5.64111612e+10  3.03019925e+10  9.24861934e+11  1.00935598e+10
 1.00010000e+03  1.04648861e+17  3.74496504e+16  5.63455932e+10  3.03475959e+10  9.24861934e+11  1.00935598e+10
 1.00012500e+03  1.04527225e+17  3.75056863e+16  5.62801015e+10  3.03930049e+10  9.24861934e+11  1.00935598e+10
 1.00015000e+03  1.04405731e+17  3.75614829e+16  5.62146858e+10  3.04382201e+10  9.24861934e+11  1.00935598e+10
 1.00017500e+03  1.04284378e+17  3.76170408e+16  5.61493462e+10  3.04832419e+10  9.24861934e+11  1.00935598e+10
 1.00020000e+03  1.04163166e+17  3.76723606e+16  5.60840826e+10  3.05280707e+10  9.24861934e+11  1.00935598e+10
 1.00022500e+03  1.04042094e+17  3.77274430e+16  5.60188948e+10  3.05727071e+10  9.24861934e+11  1.00935598e+10
 1.00025000e+03  1.03921164e+17  3.77822884e+16  5.59537828e+10  3.06171514e+10  9.24861934e+11  1.00935598e+10
 1.00025000e+03  1.03921164e+17  0.00000000e+00  5.59537828e+10  0.00000000e+00  9.43866310e+11  1.00834662e+10
 1.00100000e+03  1.00357882e+17  3.47081262e+15  5.40352215e+10  2.81259818e+09  9.43866310e+11  1.00834662e+10
 1.00175000e+03  9.69167783e+16  6.64506311e+15  5.21824444e+10  5.38487509e+09  9.43866310e+11  1.00834662e+10
 1.00250000e+03  9.35936647e+16  9.54200307e+15  5.03931960e+10  7.73243141e+09  9.43866310e+11  1.00834662e+10
 1.00325000e+03  9.03844950e+16  1.21797594e+16  4.86652979e+10  9.86995635e+09  9.43866310e+11  1.00834662e+10
 1.00400000e+03  8.72853624e+16  1.45753964e+16  4.69966465e+10  1.18112782e+10  9.43866310e+11  1.00834662e+10
 1.00475000e+03  8.42924938e+16  1.67449752e+16  4.53852104e+10  1.35694121e+10  9.43866310e+11  1.00834662e+10
 1.00550000e+03  8.14022457e+16  1.87036091e+16  4.38290277e+10  1.51566053e+10  9.43866310e+11  1.00834662e+10
 1.00625000e+03  7.86110993e+16  2.04655166e+16  4.23262039e+10  1.65843798e+10  9.43866310e+11  1.00834662e+10
 1.00700000e+03  7.59156567e+16  2.20440714e+16  4.08749094e+10  1.78635731e+10  9.43866310e+11  1.00834662e+10
 1.00775000e+03  7.33126363e+16  2.34518494e+16  3.94733774e+10  1.90043763e+10  9.43866310e+11  1.00834662e+10
 1.00775000e+03  7.33126363e+16  0.00000000e+00  3.94733774e+10  0.00000000e+00  9.43866310e+11  1.00834662e+10
 1.00777500e+03  7.32274233e+16  8.51383862e+13  3.94274966e+10  6.89925088e+07  9.43866310e+11  1.00834662e+10
 1.00780000e+03  7.31423094e+16  1.70028921e+14  3.93816691e+10  1.37784169e+08  9.43866310e+11  1.00834662e+10
 1.00782500e+03  7.30572945e+16  2.54672152e+14  3.93358949e+10  2.06375426e+08  9.43866310e+11  1.00834662e+10
 1.00785000e+03  7.29723783e+16  3.39068627e+14  3.92901739e+10  2.74766722e+08  9.43866310e+11  1.00834662e+10
 1.00787500e+03  7.28875609e+16  4.23218893e+14  3.92445061e+10  3.42958500e+08  9.43866310e+11  1.00834662e+10
 1.00790000e+03  7.28028420e+16  5.07123494e+14  3.91988913e+10  4.10951202e+08  9.43866310e+11  1.00834662e+10
 1.00792500e+03  7.27182216e+16  5.90782975e+14  3.91533295e+10  4.78745269e+08  9.43866310e+11  1.00834662e+10
 1.00795000e+03  7.26336996e+16  6.74197879e+14  3.91078207e+10  5.46341142e+08  9.43866310e+11  1.00834662e+10
 1.00797500e+03  7.25492758e+16  7.57368748e+14  3.90623648e+10  6.13739258e+08  9.43866310e+11  1.00834662e+10
 1.00800000e+03  7.24649502e+16  8.40296122e+14  3.90169618e+10  6.80940057e+08  9.43866310e+11  1.00834662e+10
 1.00800000e+03  7.24649502e+16  8.40296122e+14  3.90169618e+10  6.80940057e+08  9.43866310e+11  1.00834662e+10
 1.00930000e+03  7.66628201e+16  5.08044294e+15  4.12772011e+10  4.11697379e+09  9.43866310e+11  1.00834662e+10
 1.01060000e+03  8.06143441e+16  9.18705671e+15  4.34048015e+10  7.44479805e+09  9.43866310e+11  1.00834662e+10
 1.01190000e+03  8.43339785e+16  1.31579431e+16  4.54075468e+10  1.06626346e+10  9.43866310e+11  1.00834662e+10
 1.01320000e+03  8.78353314e+16  1.69919091e+16  4.72927637e+10  1.37695168e+10  9.43866310e+11  1.00834662e+10
 1.01450000e+03  9.11312125e+16  2.06886285e+16  4.90673495e+10  1.67651802e+10  9.43866310e+11  1.00834662e+10
 1.01580000e+03  9.42336795e+16  2.42485218e+16  5.07377962e+10  1.96499655e+10  9.43866310e+11  1.00834662e+10
 1.01710000e+03  9.71540827e+16  2.76726487e+16  5.23102151e+10  2.24247316e+10  9.43866310e+11  1.00834662e+10
 1.01840000e+03  9.99031061e+16  3.09626134e+16  5.37903588e+10  2.50907783e+10  9.43866310e+11  1.00834662e+10
 1.01970000e+03  1.02490807e+17  3.41204791e+16  5.51836425e+10  2.76497777e+10  9.43866310e+11  1.00834662e+10
 1.02100000e+03  1.04926652e+17  3.71486938e+16  5.64951632e+10  3.01037135e+10  9.43866310e+11  1.00834662e+10
 1.02100000e+03  1.04926652e+17  3.71486938e+16  5.64951632e+10  3.01037135e+10  9.43866310e+11  1.00733828e+10
 1.02102500e+03  1.04804694e+17  3.72055786e+16  5.64294976e+10  3.01498105e+10  9.43866310e+11  1.00733828e+10
 1.02105000e+03  1.04682877e+17  3.72622222e+16  5.63639083e+10  3.01957121e+10  9.43866310e+11  1.00733828e+10
 1.02107500e+03  1.04561202e+17  3.73186254e+16  5.62983953e+10  3.02414188e+10  9.43866310e+11  1.00733828e+10
 1.02110000e+03  1.04439668e+17  3.73747886e+16  5.62329584e+10  3.02869310e+10  9.43866310e+11  1.00733828e+10
 1.02112500e+03  1.04318275e+17  3.74307124e+16  5.61675976e+10  3.03322493e+10  9.43866310e+11  1.00733828e+10
 1.02115000e+03  1.04197024e+17  3.74863975e+16  5.61023127e+10  3.03773741e+10  9.43866310e+11  1.00733828e+10
 1.02117500e+03  1.04075913e+17  3.75418443e+16  5.60371037e+10  3.04223059e+10  9.43866310e+11  1.00733828e+10
 1.02120000e+03  1.03954943e+17  3.75970536e+16  5.59719705e+10  3.04670451e+10  9.43866310e+11  1.00733828e+10
 1.02122500e+03  1.03834114e+17  3.76520258e+16  5.59069130e+10  3.05115922e+10  9.43866310e+11  1.00733828e+10
 1.02125000e+03  1.03713426e+17  3.77067616e+16  5.58419312e+10  3.05559478e+10  9.43866310e+11  1.00733828e+10
 1.02125000e+03  1.03713426e+17  0.00000000e+00  5.58419312e+10  0.00000000e+00  9.62832697e+11  1.00633094e+10
 1.02200000e+03  1.00157266e+17  3.46387446e+15  5.39272051e+10  2.80697580e+09  9.62832697e+11  1.00633094e+10
 1.02275000e+03  9.67230417e+16  6.63177962e+15  5.20781317e+10  5.37411072e+09  9.62832697e+11  1.00633094e+10
 1.02350000e+03  9.34065710e+16  9.52292861e+15  5.02924600e+10  7.71697428e+09  9.62832697e+11  1.00633094e+10
 1.02425000e+03  9.02038164e+16  1.21554120e+16  4.85680160e+10  9.85022631e+09  9.62832697e+11  1.00633094e+10
 1.02500000e+03  8.71108790e+16  1.45462602e+16  4.69027002e+10  1.17876675e+10  9.62832697e+11  1.00633094e+10
 1.02575000e+03  8.41239931e+16  1.67115020e+16  4.52944854e+10  1.35422869e+10  9.62832697e+11  1.00633094e+10
 1.02650000e+03  8.12395226e+16  1.86662206e+16  4.37414135e+10  1.51263072e+10  9.62832697e+11  1.00633094e+10
 1.02725000e+03  7.84539558e+16  2.04246060e+16  4.22415938e+10  1.65512277e+10  9.62832697e+11  1.00633094e+10
 1.02800000e+03  7.57639013e+16  2.20000053e+16  4.07932005e+10  1.78278639e+10  9.62832697e+11  1.00633094e+10
 1.02875000e+03  7.31660843e+16  2.34049692e+16  3.93944701e+10  1.89663865e+10  9.62832697e+11  1.00633094e+10
 1.02875000e+03  7.31660843e+16  0.00000000e+00  3.93944701e+10  0.00000000e+00  9.62832697e+11  1.00633094e+10
 1.02877500e+03  7.30810417e+16  8.49681946e+13  3.93486810e+10  6.88545928e+07  9.62832697e+11  1.00633094e+10
 1.02880000e+03  7.29960980e+16  1.69689033e+14  3.93029452e+10  1.37508739e+08  9.62832697e+11  1.00633094e+10
 1.02882500e+03  7.29112529e+16  2.54163062e+14  3.92572625e+10  2.05962881e+08  9.62832697e+11  1.00633094e+10
 1.02885000e+03  7.28265065e+16  3.38390829e+14  3.92116329e+10  2.74217463e+08  9.62832697e+11  1.00633094e+10
 1.02887500e+03  7.27418587e+16  4.22372878e+14  3.91660563e+10  3.42272926e+08  9.62832697e+11  1.00633094e+10
 1.02890000e+03  7.26573091e+16  5.06109754e+14  3.91205327e+10  4.10129711e+08  9.62832697e+11  1.00633094e+10
 1.02892500e+03  7.25728579e+16  5.89602000e+14  3.90750620e+10  4.77788258e+08  9.62832697e+11  1.00633094e+10
 1.02895000e+03  7.24885048e+16  6.72850157e+14  3.90296442e+10  5.45249006e+08  9.62832697e+11  1.00633094e+10
 1.02897500e+03  7.24042498e+16  7.55854767e+14  3.89842792e+10  6.12512394e+08  9.62832697e+11  1.00633094e+10
 1.02900000e+03  7.23200927e+16  8.38616370e+14  3.89389669e+10  6.79578858e+08  9.62832697e+11  1.00633094e+10
 1.02900000e+03  7.23200927e+16  8.38616370e+14  3.89389669e+10  6.79578858e+08  9.62832697e+11  1.00633094e+10
 1.03030000e+03  7.65095711e+16  5.07028714e+15  4.11946880e+10  4.10874396e+09  9.62832697e+11  1.00633094e+10
 1.03160000e+03  8.04531960e+16  9.16869179e+15  4.33180353e+10  7.42991590e+09  9.62832697e+11  1.00633094e+10
 1.03290000e+03  8.41653948e+16  1.31316403e+16  4.53167771e+10  1.06413200e+10  9.62832697e+11  1.00633094e+10
 1.03420000e+03  8.76597486e+16  1.69579422e+16  4.71982255e+10  1.37419915e+10  9.62832697e+11  1.00633094e+10
 1.03550000e+03  9.09490412e+16  2.06472720e+16  4.89692638e+10  1.67316666e+10  9.62832697e+11  1.00633094e+10
 1.03680000e+03  9.40453064e+16  2.42000490e+16  5.06363713e+10  1.96106853e+10  9.62832697e+11  1.00633094e+10
 1.03810000e+03  9.69598716e+16  2.76173311e+16  5.22056470e+10  2.23799046e+10  9.62832697e+11  1.00633094e+10
 1.03940000e+03  9.97033998e+16  3.09007191e+16  5.36828319e+10  2.50406219e+10  9.62832697e+11  1.00633094e+10
 1.04070000e+03  1.02285928e+17  3.40522723e+16  5.50733304e+10  2.75945058e+10  9.62832697e+11  1.00633094e+10
 1.04200000e+03  1.04716904e+17  3.70744336e+16  5.63822294e+10  3.00435362e+10  9.62832697e+11  1.00633094e+10
 1.04200000e+03  1.04716904e+17  3.70744336e+16  5.63822294e+10  3.00435362e+10  9.62832697e+11  1.00532461e+10
 1.04202500e+03  1.04595189e+17  3.71312046e+16  5.63166951e+10  3.00895410e+10  9.62832697e+11  1.00532461e+10
 1.04205000e+03  1.04473616e+17  3.71877351e+16  5.62512369e+10  3.01353509e+10  9.62832697e+11  1.00532461e+10
 1.04207500e+03  1.04352184e+17  3.72440255e+16  5.61858548e+10  3.01809662e+10  9.62832697e+11  1.00532461e+10
 1.04210000e+03  1.04230893e+17  3.73000764e+16  5.61205487e+10  3.02263875e+10  9.62832697e+11  1.00532461e+10
 1.04212500e+03  1.04109743e+17  3.73558884e+16  5.60553185e+10  3.02716152e+10  9.62832697e+11  1.00532461e+10
 1.04215000e+03  1.03988734e+17  3.74114622e+16  5.59901642e+10  3.03166497e+10  9.62832697e+11  1.00532461e+10
 1.04217500e+03  1.03867865e+17  3.74667982e+16  5.59250855e+10  3.03614917e+10  9.62832697e+11  1.00532461e+10
 1.04220000e+03  1.03747138e+17  3.75218971e+16  5.58600825e+10  3.04061415e+10  9.62832697e+11  1.00532461e+10
 1.04222500e+03  1.03626550e+17  3.75767594e+16  5.57951551e+10  3.04505996e+10  9.62832697e+11  1.00532461e+10
 1.04225000e+03  1.03506102e+17  3.76313858e+16  5.57303031e+10  3.04948664e+10  9.62832697e+11  1.00532461e+10
 1.04225000e+03  1.03506102e+17  0.00000000e+00  5.57303031e+10  0.00000000e+00  9.81761169e+11  1.00431928e+10
 1.04300000e+03  9.99570519e+16  3.45695018e+15  5.38194046e+10  2.80136465e+09  9.81761169e+11  1.00431928e+10
 1.04375000e+03  9.65296923e+16  6.61852270e+15  5.19740275e+10  5.36336788e+09  9.81761169e+11  1.00431928e+10
 1.04450000e+03  9.32198512e+16  9.50389228e+15  5.01919254e+10  7.70154804e+09  9.81761169e+11  1.00431928e+10
 1.04525000e+03  9.00234990e+16  1.21311134e+16  4.84709285e+10  9.83053571e+09  9.81761169e+11  1.00431928e+10
 1.04600000e+03  8.69367443e+16  1.45171822e+16  4.68089417e+10  1.17641039e+10  9.81761169e+11  1.00431928e+10
 1.04675000e+03  8.39558293e+16  1.66780957e+16  4.52039417e+10  1.35152158e+10  9.81761169e+11  1.00431928e+10
 1.04750000e+03  8.10771248e+16  1.86289068e+16  4.36539744e+10  1.50960698e+10  9.81761169e+11  1.00431928e+10
 1.04825000e+03  7.82971263e+16  2.03837773e+16  4.21571529e+10  1.65181418e+10  9.81761169e+11  1.00431928e+10
 1.04900000e+03  7.56124493e+16  2.19560273e+16  4.07116549e+10  1.77922260e+10  9.81761169e+11  1.00431928e+10
 1.04975000e+03  7.30198253e+16  2.33581826e+16  3.93157206e+10  1.89284727e+10  9.81761169e+11  1.00431928e+10
 1.04975000e+03  7.30198253e+16  0.00000000e+00  3.93157206e+10  0.00000000e+00  9.81761169e+11  1.00431928e+10
 1.04977500e+03  7.29349527e+16  8.47983431e+13  3.92700230e+10  6.87169525e+07  9.81761169e+11  1.00431928e+10
 1.04980000e+03  7.28501788e+16  1.69349824e+14  3.92243786e+10  1.37233859e+08  9.81761169e+11  1.00431928e+10
 1.04982500e+03  7.27655034e+16  2.53654990e+14  3.91787872e+10  2.05551161e+08  9.81761169e+11  1.00431928e+10
 1.04985000e+03  7.26809264e+16  3.37714386e+14  3.91332488e+10  2.73669302e+08  9.81761169e+11  1.00431928e+10
 1.04987500e+03  7.25964477e+16  4.21528555e+14  3.90877634e+10  3.41588722e+08  9.81761169e+11  1.00431928e+10
 1.04990000e+03  7.25120672e+16  5.05098041e+14  3.90423308e+10  4.09309861e+08  9.81761169e+11  1.00431928e+10
 1.04992500e+03  7.24277848e+16  5.88423386e+14  3.89969510e+10  4.76833159e+08  9.81761169e+11  1.00431928e+10
 1.04995000e+03  7.23436003e+16  6.71505130e+14  3.89516239e+10  5.44159053e+08  9.81761169e+11  1.00431928e+10
 1.04997500e+03  7.22595137e+16  7.54343814e+14  3.89063496e+10  6.11287981e+08  9.81761169e+11  1.00431928e+10
 1.05000000e+03  7.21755249e+16  8.36939976e+14  3.88611279e+10  6.78220380e+08  9.81761169e+11  1.00431928e+10
 1.05000000e+03  7.21755249e+16  8.36939976e+14  3.88611279e+10  6.78220380e+08  9.81761169e+11  1.00431928e+10
 1.05130000e+03  7.63566285e+16  5.06015163e+15  4.11123398e+10  4.10053058e+09  9.81761169e+11  1.00431928e+10
 1.05260000e+03  8.02923700e+16  9.15036357e+15  4.32314426e+10  7.41506350e+09  9.81761169e+11  1.00431928e+10
 1.05390000e+03  8.39971482e+16  1.31053902e+16  4.52261888e+10  1.06200480e+10  9.81761169e+11  1.00431928e+10
 1.05520000e+03  8.74845168e+16  1.69240433e+16  4.71038763e+10  1.37145213e+10  9.81761169e+11  1.00431928e+10
 1.05650000e+03  9.07672341e+16  2.06059981e+16  4.88713743e+10  1.66982200e+10  9.81761169e+11  1.00431928e+10
 1.05780000e+03  9.38573098e+16  2.41516731e+16  5.05351492e+10  1.95714835e+10  9.81761169e+11  1.00431928e+10
 1.05910000e+03  9.67660489e+16  2.75621241e+16  5.21012879e+10  2.23351672e+10  9.81761169e+11  1.00431928e+10
 1.06040000e+03  9.95040927e+16  3.08389486e+16  5.35755199e+10  2.49905657e+10  9.81761169e+11  1.00431928e+10
 1.06170000e+03  1.02081458e+17  3.39842018e+16  5.49632388e+10  2.75393444e+10  9.81761169e+11  1.00431928e+10
 1.06300000e+03  1.04507575e+17  3.70003218e+16  5.62695213e+10  2.99834791e+10  9.81761169e+11  1.00431928e+10
 1.06300000e+03  1.04507575e+17  3.70003218e+16  5.62695213e+10  2.99834791e+10  9.81761169e+11  1.00331496e+10
 1.06302500e+03  1.04386103e+17  3.70569794e+16  5.62041180e+10  3.00293920e+10  9.81761169e+11  1.00331496e+10
 1.06305000e+03  1.04264773e+17  3.71133968e+16  5.61387907e+10  3.00751103e+10  9.81761169e+11  1.00331496e+10
 1.06307500e+03  1.04143584e+17  3.71695746e+16  5.60735393e+10  3.01206344e+10  9.81761169e+11  1.00331496e+10
 1.06310000e+03  1.04022535e+17  3.72255135e+16  5.60083637e+10  3.01659649e+10  9.81761169e+11  1.00331496e+10
 1.06312500e+03  1.03901628e+17  3.72812140e+16  5.59432639e+10  3.02111022e+10  9.81761169e+11  1.00331496e+10
 1.06315000e+03  1.03780860e+17  3.73366767e+16  5.58782398e+10  3.02560468e+10  9.81761169e+11  1.00331496e+10
 1.06317500e+03  1.03660234e+17  3.73919021e+16  5.58132913e+10  3.03007991e+10  9.81761169e+11  1.00331496e+10
 1.06320000e+03  1.03539747e+17  3.74468908e+16  5.57484182e+10  3.03453596e+10  9.81761169e+11  1.00331496e+10
 1.06322500e+03  1.03419400e+17  3.75016435e+16  5.56836206e+10  3.03897288e+10  9.81761169e+11  1.00331496e+10
 1.06325000e+03  1.03299194e+17  3.75561606e+16  5.56188983e+10  3.04339072e+10  9.81761169e+11  1.00331496e+10
 1.06325000e+03  1.03299194e+17  0.00000000e+00  5.56188983e+10  0.00000000e+00  1.00065180e+12  1.00231165e+10
 1.06400000e+03  9.97572377e+16  3.45003973e+15  5.37118196e+10  2.79576472e+09  1.00065180e+12  1.00231165e+10
 1.06475000e+03  9.63367295e+16  6.60529227e+15  5.18701315e+10  5.35264650e+09  1.00065180e+12  1.00231165e+10
 1.06550000e+03  9.30335047e+16  9.48489399e+15  5.00915917e+10  7.68615265e+09  1.00065180e+12  1.00231165e+10
 1.06625000e+03  8.98435420e+16  1.21068633e+16  4.83740351e+10  9.81088447e+09  1.00065180e+12  1.00231165e+10
 1.06700000e+03  8.67629578e+16  1.44881624e+16  4.67153706e+10  1.17405875e+10  1.00065180e+12  1.00231165e+10
 1.06775000e+03  8.37880016e+16  1.66447562e+16  4.51135790e+10  1.34881989e+10  1.00065180e+12  1.00231165e+10
 1.06850000e+03  8.09150516e+16  1.85916676e+16  4.35667101e+10  1.50658927e+10  1.00065180e+12  1.00231165e+10
 1.06925000e+03  7.81406103e+16  2.03430301e+16  4.20728807e+10  1.64851220e+10  1.00065180e+12  1.00231165e+10
 1.07000000e+03  7.54613000e+16  2.19121372e+16  4.06302723e+10  1.77566593e+10  1.00065180e+12  1.00231165e+10
 1.07075000e+03  7.28738587e+16  2.33114896e+16  3.92371284e+10  1.88906347e+10  1.00065180e+12  1.00231165e+10
 1.07075000e+03  7.28738587e+16  0.00000000e+00  3.92371284e+10  0.00000000e+00  1.00065180e+12  1.00231165e+10
 1.07077500e+03  7.27891557e+16  8.46288313e+13  3.91915222e+10  6.85795873e+07  1.00065180e+12  1.00231165e+10
 1.07080000e+03  7.27045513e+16  1.69011294e+14  3.91459690e+10  1.36959528e+08  1.00065180e+12  1.00231165e+10
 1.07082500e+03  7.26200451e+16  2.53147934e+14  3.91004688e+10  2.05140265e+08  1.00065180e+12  1.00231165e+10
 1.07085000e+03  7.25356372e+16  3.37039295e+14  3.90550214e+10  2.73122237e+08  1.00065180e+12  1.00231165e+10
 1.07087500e+03  7.24513274e+16  4.20685919e+14  3.90096269e+10  3.40905886e+08  1.00065180e+12  1.00231165e+10
 1.07090000e+03  7.23671156e+16  5.04088350e+14  3.89642851e+10  4.08491651e+08  1.00065180e+12  1.00231165e+10
 1.07092500e+03  7.22830016e+16  5.87247127e+14  3.89189961e+10  4.75879969e+08  1.00065180e+12  1.00231165e+10
 1.07095000e+03  7.21989855e+16  6.70162791e+14  3.88737596e+10  5.43071279e+08  1.00065180e+12  1.00231165e+10
 1.07097500e+03  7.21150669e+16  7.52835880e+14  3.88285758e+10  6.10066017e+08  1.00065180e+12  1.00231165e+10
 1.07100000e+03  7.20312460e+16  8.35266933e+14  3.87834445e+10  6.76864618e+08  1.00065180e+12  1.00231165e+10
 1.07100000e+03  7.20312460e+16  8.35266933e+14  3.87834445e+10  6.76864618e+08  1.00065180e+12  1.00231165e+10
 1.07230000e+03  7.62039916e+16  5.05003639e+15  4.10301562e+10  4.09233362e+09  1.00065180e+12  1.00231165e+10
 1.07360000e+03  8.01318656e+16  9.13207200e+15  4.31450229e+10  7.40024078e+09  1.00065180e+12  1.00231165e+10
 1.07490000e+03  8.38292379e+16  1.30791925e+16  4.51357817e+10  1.05988185e+10  1.00065180e+12  1.00231165e+10
 1.07620000e+03  8.73096352e+16  1.68902122e+16  4.70097156e+10  1.36871059e+10  1.00065180e+12  1.00231165e+10
 1.07750000e+03  9.05857904e+16  2.05648067e+16  4.87736804e+10  1.66648403e+10  1.00065180e+12  1.00231165e+10
 1.07880000e+03  9.36696891e+16  2.41033939e+16  5.04341294e+10  1.95323601e+10  1.00065180e+12  1.00231165e+10
 1.08010000e+03  9.65726135e+16  2.75070274e+16  5.19971374e+10  2.22905192e+10  1.00065180e+12  1.00231165e+10
 1.08140000e+03  9.93051840e+16  3.07773015e+16  5.34684225e+10  2.49406095e+10  1.00065180e+12  1.00231165e+10
 1.08270000e+03  1.01877398e+17  3.39162674e+16  5.48533672e+10  2.74842933e+10  1.00065180e+12  1.00231165e+10
 1.08400000e+03  1.04298664e+17  3.69263581e+16  5.61570385e+10  2.99235422e+10  1.00065180e+12  1.00231165e+10
 1.08400000e+03  1.04298664e+17  3.69263581e+16  5.61570385e+10  2.99235422e+10  1.00065180e+12  1.00130934e+10
 1.08402500e+03  1.04177436e+17  3.69829025e+16  5.60917659e+10  2.99693633e+10  1.00065180e+12  1.00130934e+10
 1.08405000e+03  1.04056348e+17  3.70392071e+16  5.60265692e+10  3.00149901e+10  1.00065180e+12  1.00130934e+10
 1.08407500e+03  1.03935401e+17  3.70952727e+16  5.59614483e+10  3.00604233e+10  1.00065180e+12  1.00130934e+10
 1.08410000e+03  1.03814594e+17  3.71510997e+16  5.58964030e+10  3.01056631e+10  1.00065180e+12  1.00130934e+10
 1.08412500e+03  1.03693928e+17  3.72066889e+16  5.58314334e+10  3.01507102e+10  1.00065180e+12  1.00130934e+10
 1.08415000e+03  1.03573403e+17  3.72620406e+16  5.57665392e+10  3.01955649e+10  1.00065180e+12  1.00130934e+10
 1.08417500e+03  1.03453017e+17  3.73171557e+16  5.57017205e+10  3.02402278e+10  1.00065180e+12  1.00130934e+10
 1.08420000e+03  1.03332771e+17  3.73720345e+16  5.56369771e+10  3.02846992e+10  1.00065180e+12  1.00130934e+10
 1.08422500e+03  1.03212665e+17  3.74266777e+16  5.55723090e+10  3.03289797e+10  1.00065180e+12  1.00130934e+10
 1.08425000e+03  1.03092699e+17  3.74810859e+16  5.55077161e+10  3.03730698e+10  1.00065180e+12  1.00130934e+10
 1.08425000e+03  1.03092699e+17  0.00000000e+00  5.55077161e+10  0.00000000e+00  1.01950468e+12  1.00030803e+10
 1.08500000e+03  9.95578230e+16  3.44314310e+15  5.36044497e+10  2.79017599e+09  1.01950468e+12  1.00030803e+10
 1.08575000e+03  9.61441524e+16  6.59208829e+15  5.17664431e+10  5.34194656e+09  1.01950468e+12  1.00030803e+10
 1.08650000e+03  9.28475308e+16  9.46593369e+15  4.99914586e+10  7.67078803e+09  1.01950468e+12  1.00030803e+10
 1.08725000e+03  8.96639448e+16  1.20826616e+16  4.82773354e+10  9.79127251e+09  1.01950468e+12  1.00030803e+10
 1.08800000e+03  8.65895186e+16  1.44592005e+16  4.66219866e+10  1.17171180e+10  1.01950468e+12  1.00030803e+10
 1.08875000e+03  8.36205094e+16  1.66114833e+16  4.50233970e+10  1.34612360e+10  1.01950468e+12  1.00030803e+10
 1.08950000e+03  8.07533025e+16  1.85545029e+16  4.34796202e+10  1.50357760e+10  1.01950468e+12  1.00030803e+10
 1.09025000e+03  7.79844073e+16  2.03023644e+16  4.19887771e+10  1.64521682e+10  1.01950468e+12  1.00030803e+10
 1.09100000e+03  7.53104528e+16  2.18683348e+16  4.05490524e+10  1.77211637e+10  1.01950468e+12  1.00030803e+10
 1.09175000e+03  7.27281838e+16  2.32648899e+16  3.91586934e+10  1.88528723e+10  1.01950468e+12  1.00030803e+10
 1.09175000e+03  7.27281838e+16  0.00000000e+00  3.91586934e+10  0.00000000e+00  1.01950468e+12  1.00030803e+10
 1.09177500e+03  7.26436502e+16  8.44596582e+13  3.91131784e+10  6.84424967e+07  1.01950468e+12  1.00030803e+10
 1.09180000e+03  7.25592149e+16  1.68673441e+14  3.90677163e+10  1.36685746e+08  1.01950468e+12  1.00030803e+10
 1.09182500e+03  7.24748776e+16  2.52641891e+14  3.90223070e+10  2.04730189e+08  1.01950468e+12  1.00030803e+10
 1.09185000e+03  7.23906385e+16  3.36365553e+14  3.89769505e+10  2.72576266e+08  1.01950468e+12  1.00030803e+10
 1.09187500e+03  7.23064972e+16  4.19844968e+14  3.89316467e+10  3.40224415e+08  1.01950468e+12  1.00030803e+10
 1.09190000e+03  7.22224537e+16  5.03080677e+14  3.88863955e+10  4.07675076e+08  1.01950468e+12  1.00030803e+10
 1.09192500e+03  7.21385079e+16  5.86073220e+14  3.88411970e+10  4.74928685e+08  1.01950468e+12  1.00030803e+10
 1.09195000e+03  7.20546597e+16  6.68823136e+14  3.87960510e+10  5.41985680e+08  1.01950468e+12  1.00030803e+10
 1.09197500e+03  7.19709089e+16  7.51330962e+14  3.87509575e+10  6.08846495e+08  1.01950468e+12  1.00030803e+10
 1.09200000e+03  7.18872555e+16  8.33597234e+14  3.87059164e+10  6.75511565e+08  1.01950468e+12  1.00030803e+10
 1.09200000e+03  7.18872555e+16  8.33597234e+14  3.87059164e+10  6.75511565e+08  1.01950468e+12  1.00030803e+10
 1.09330000e+03  7.60516598e+16  5.03994137e+15  4.09481369e+10  4.08415305e+09  1.01950468e+12  1.00030803e+10
 1.09460000e+03  7.99716820e+16  9.11381698e+15  4.30587760e+10  7.38544770e+09  1.01950468e+12  1.00030803e+10
 1.09590000e+03  8.36616633e+16  1.30530472e+16  4.50455553e+10  1.05776315e+10  1.01950468e+12  1.00030803e+10
 1.09720000e+03  8.71351033e+16  1.68564486e+16  4.69157432e+10  1.36597454e+10  1.01950468e+12  1.00030803e+10
 1.09850000e+03  9.04047094e+16  2.05236976e+16  4.86761818e+10  1.66315272e+10  1.01950468e+12  1.00030803e+10
 1.09980000e+03  9.34824433e+16  2.40552112e+16  5.03333116e+10  1.94933149e+10  1.01950468e+12  1.00030803e+10
 1.10110000e+03  9.63795649e+16  2.74520408e+16  5.18931951e+10  2.22459604e+10  1.01950468e+12  1.00030803e+10
 1.10240000e+03  9.91066730e+16  3.07157777e+16  5.33615391e+10  2.48907532e+10  1.01950468e+12  1.00030803e+10
 1.10370000e+03  1.01673745e+17  3.38484687e+16  5.47437154e+10  2.74293522e+10  1.01950468e+12  1.00030803e+10
 1.10500000e+03  1.04090171e+17  3.68525423e+16  5.60447806e+10  2.98637250e+10  1.01950468e+12  1.00030803e+10
 1.10500000e+03  1.04090171e+17  3.68525423e+16  5.60447806e+10  2.98637250e+10  1.01950468e+12  9.99307720e+09
 1.10502500e+03  1.03969185e+17  3.69089736e+16  5.59796385e+10  2.99094545e+10  1.01950468e+12  9.99307720e+09
 1.10505000e+03  1.03848339e+17  3.69651657e+16  5.59145721e+10  2.99549902e+10  1.01950468e+12  9.99307720e+09
 1.10507500e+03  1.03727634e+17  3.70211192e+16  5.58495813e+10  3.00003325e+10  1.01950468e+12  9.99307720e+09
 1.10510000e+03  1.03607069e+17  3.70768347e+16  5.57846661e+10  3.00454819e+10  1.01950468e+12  9.99307720e+09
 1.10512500e+03  1.03486644e+17  3.71323127e+16  5.57198263e+10  3.00904389e+10  1.01950468e+12  9.99307720e+09
 1.10515000e+03  1.03366359e+17  3.71875538e+16  5.56550619e+10  3.01352040e+10  1.01950468e+12  9.99307720e+09
 1.10517500e+03  1.03246214e+17  3.72425587e+16  5.55903728e+10  3.01797776e+10  1.01950468e+12  9.99307720e+09
 1.10520000e+03  1.03126209e+17  3.72973278e+16  5.55257588e+10  3.02241601e+10  1.01950468e+12  9.99307720e+09
 1.10522500e+03  1.03006343e+17  3.73518618e+16  5.54612200e+10  3.02683521e+10  1.01950468e+12  9.99307720e+09
 1.10525000e+03  1.02886616e+17  3.74061612e+16  5.53967562e+10  3.03123540e+10  1.01950468e+12  9.99307720e+09
 1.10525000e+03  1.02886616e+17  0.00000000e+00  5.53967562e+10  0.00000000e+00  1.03831986e+12  9.98308412e+09
 1.10600000e+03  9.93588069e+16  3.43626026e+15  5.34972944e+10  2.78459843e+09  1.03831986e+12  9.98308412e+09
 1.10675000e+03  9.59519602e+16  6.57891071e+15  5.16629619e+10  5.33126801e+09  1.03831986e+12  9.98308412e+09
 1.10750000e+03  9.26619286e+16  9.44701129e+15  4.98915257e+10  7.65545413e+09  1.03831986e+12  9.98308412e+09
 1.10825000e+03  8.94847066e+16  1.20585084e+16  4.81808290e+10  9.77169976e+09  1.03831986e+12  9.98308412e+09
 1.10900000e+03  8.64164262e+16  1.44302966e+16  4.65287893e+10  1.16936955e+10  1.03831986e+12  9.98308412e+09
 1.10975000e+03  8.34533520e+16  1.65782770e+16  4.49333952e+10  1.34343270e+10  1.03831986e+12  9.98308412e+09
 1.11050000e+03  8.05918766e+16  1.85174124e+16  4.33927045e+10  1.50057195e+10  1.03831986e+12  9.98308412e+09
 1.11125000e+03  7.78285164e+16  2.02617799e+16  4.19048415e+10  1.64192803e+10  1.03831986e+12  9.98308412e+09
 1.11200000e+03  7.51599072e+16  2.18246200e+16  4.04679948e+10  1.76857391e+10  1.03831986e+12  9.98308412e+09
 1.11275000e+03  7.25828002e+16  2.32183834e+16  3.90804152e+10  1.88151854e+10  1.03831986e+12  9.98308412e+09
 1.11275000e+03  7.25828002e+16  0.00000000e+00  3.90804152e+10  0.00000000e+00  1.03831986e+12  9.98308412e+09
 1.11277500e+03  7.24984356e+16  8.42908234e+13  3.90349911e+10  6.83056801e+07  1.03831986e+12  9.98308412e+09
 1.11280000e+03  7.24141690e+16  1.68336262e+14  3.89896199e+10  1.36412511e+08  1.03831986e+12  9.98308412e+09
 1.11282500e+03  7.23300004e+16  2.52136860e+14  3.89443014e+10  2.04320934e+08  1.03831986e+12  9.98308412e+09
 1.11285000e+03  7.22459296e+16  3.35693158e+14  3.88990355e+10  2.72031386e+08  1.03831986e+12  9.98308412e+09
 1.11287500e+03  7.21619565e+16  4.19005698e+14  3.88538223e+10  3.39544307e+08  1.03831986e+12  9.98308412e+09
 1.11290000e+03  7.20780810e+16  5.02075019e+14  3.88086616e+10  4.06860134e+08  1.03831986e+12  9.98308412e+09
 1.11292500e+03  7.19943030e+16  5.84901660e+14  3.87635534e+10  4.73979303e+08  1.03831986e+12  9.98308412e+09
 1.11295000e+03  7.19106224e+16  6.67486158e+14  3.87184977e+10  5.40902250e+08  1.03831986e+12  9.98308412e+09
 1.11297500e+03  7.18270391e+16  7.49829051e+14  3.86734943e+10  6.07629410e+08  1.03831986e+12  9.98308412e+09
 1.11300000e+03  7.17435529e+16  8.31930873e+14  3.86285432e+10  6.74161218e+08  1.03831986e+12  9.98308412e+09
 1.11300000e+03  7.17435529e+16  8.31930873e+14  3.86285432e+10  6.74161218e+08  1.03831986e+12  9.98308412e+09
 1.11430000e+03  7.58996325e+16  5.02986653e+15  4.08662816e+10  4.07598882e+09  1.03831986e+12  9.98308412e+09
 1.11560000e+03  7.98118186e+16  9.09559846e+15  4.29727015e+10  7.37068419e+09  1.03831986e+12  9.98308412e+09
 1.11690000e+03  8.34944236e+16  1.30269542e+16  4.49555092e+10  1.05564868e+10  1.03831986e+12  9.98308412e+09
 1.11820000e+03  8.69609202e+16  1.68227526e+16  4.68219586e+10  1.36324396e+10  1.03831986e+12  9.98308412e+09
 1.11950000e+03  9.02239904e+16  2.04826707e+16  4.85788781e+10  1.65982808e+10  1.03831986e+12  9.98308412e+09
 1.12080000e+03  9.32955719e+16  2.40071249e+16  5.02326953e+10  1.94543478e+10  1.03831986e+12  9.98308412e+09
 1.12210000e+03  9.61869021e+16  2.73971642e+16  5.17894606e+10  2.22014908e+10  1.03831986e+12  9.98308412e+09
 1.12340000e+03  9.89085587e+16  3.06543768e+16  5.32548694e+10  2.48409966e+10  1.03831986e+12  9.98308412e+09
 1.12470000e+03  1.01470499e+17  3.37808056e+16  5.46342827e+10  2.73745209e+10  1.03831986e+12  9.98308412e+09
 1.12600000e+03  1.03882095e+17  3.67788741e+16  5.59327471e+10  2.98040274e+10  1.03831986e+12  9.98308412e+09
 1.12600000e+03  1.03882095e+17  3.67788741e+16  5.59327471e+10  2.98040274e+10  1.03831986e+12  9.97310104e+09
 1.12602500e+03  1.03761351e+17  3.68351926e+16  5.58677352e+10  2.98496655e+10  1.03831986e+12  9.97310104e+09
 1.12605000e+03  1.03640746e+17  3.68912724e+16  5.58027989e+10  2.98951102e+10  1.03831986e+12  9.97310104e+09
 1.12607500e+03  1.03520282e+17  3.69471140e+16  5.57379380e+10  2.99403618e+10  1.03831986e+12  9.97310104e+09
 1.12610000e+03  1.03399958e+17  3.70027181e+16  5.56731526e+10  2.99854210e+10  1.03831986e+12  9.97310104e+09
 1.12612500e+03  1.03279774e+17  3.70580852e+16  5.56084424e+10  3.00302881e+10  1.03831986e+12  9.97310104e+09
 1.12615000e+03  1.03159730e+17  3.71132159e+16  5.55438074e+10  3.00749637e+10  1.03831986e+12  9.97310104e+09
 1.12617500e+03  1.03039825e+17  3.71681108e+16  5.54792476e+10  3.01194482e+10  1.03831986e+12  9.97310104e+09
 1.12620000e+03  1.02920060e+17  3.72227704e+16  5.54147628e+10  3.01637420e+10  1.03831986e+12  9.97310104e+09
 1.12622500e+03  1.02800433e+17  3.72771954e+16  5.53503530e+10  3.02078457e+10  1.03831986e+12  9.97310104e+09
 1.12625000e+03  1.02680946e+17  3.73313862e+16  5.52860180e+10  3.02517596e+10  1.03831986e+12  9.97310104e+09
 1.12625000e+03  1.02680946e+17  0.00000000e+00  5.52860180e+10  0.00000000e+00  1.05709744e+12  9.96312794e+09
 1.12700000e+03  9.91601887e+16  3.42939118e+15  5.33903533e+10  2.77903202e+09  1.05709744e+12  9.96312794e+09
 1.12775000e+03  9.57601522e+16  6.56575946e+15  5.15596877e+10  5.32061081e+09  1.05709744e+12  9.96312794e+09
 1.12850000e+03  9.24766974e+16  9.42812671e+15  4.97917925e+10  7.64015087e+09  1.05709744e+12  9.96312794e+09
 1.12925000e+03  8.93058266e+16  1.20344034e+16  4.80845155e+10  9.75216613e+09  1.05709744e+12  9.96312794e+09
 1.13000000e+03  8.62436797e+16  1.44014504e+16  4.64357782e+10  1.16703198e+10  1.05709744e+12  9.96312794e+09
 1.13075000e+03  8.32865287e+16  1.65451370e+16  4.48435733e+10  1.34074718e+10  1.05709744e+12  9.96312794e+09
 1.13150000e+03  8.04307734e+16  1.84803961e+16  4.33059625e+10  1.49757230e+10  1.05709744e+12  9.96312794e+09
 1.13225000e+03  7.76729372e+16  2.02212766e+16  4.18210737e+10  1.63864582e+10  1.05709744e+12  9.96312794e+09
 1.13300000e+03  7.50096626e+16  2.17809926e+16  4.03870993e+10  1.76503853e+10  1.05709744e+12  9.96312794e+09
 1.13375000e+03  7.24377072e+16  2.31719699e+16  3.90022934e+10  1.87775739e+10  1.05709744e+12  9.96312794e+09
 1.13375000e+03  7.24377072e+16  0.00000000e+00  3.90022934e+10  0.00000000e+00  1.05709744e+12  9.96312794e+09
 1.13377500e+03  7.23535112e+16  8.41223260e+13  3.89569602e+10  6.81691371e+07  1.05709744e+12  9.96312794e+09
 1.13380000e+03  7.22694131e+16  1.67999758e+14  3.89116796e+10  1.36139823e+08  1.05709744e+12  9.96312794e+09
 1.13382500e+03  7.21854127e+16  2.51632838e+14  3.88664517e+10  2.03912496e+08  1.05709744e+12  9.96312794e+09
 1.13385000e+03  7.21015100e+16  3.35022108e+14  3.88212764e+10  2.71487595e+08  1.05709744e+12  9.96312794e+09
 1.13387500e+03  7.20177047e+16  4.18168106e+14  3.87761535e+10  3.38865558e+08  1.05709744e+12  9.96312794e+09
 1.13390000e+03  7.19339969e+16  5.01071371e+14  3.87310831e+10  4.06046820e+08  1.05709744e+12  9.96312794e+09
 1.13392500e+03  7.18503864e+16  5.83732442e+14  3.86860651e+10  4.73031818e+08  1.05709744e+12  9.96312794e+09
 1.13395000e+03  7.17668731e+16  6.66151854e+14  3.86410994e+10  5.39820987e+08  1.05709744e+12  9.96312794e+09
 1.13397500e+03  7.16834568e+16  7.48330143e+14  3.85961860e+10  6.06414759e+08  1.05709744e+12  9.96312794e+09
 1.13400000e+03  7.16001375e+16  8.30267843e+14  3.85513248e+10  6.72813569e+08  1.05709744e+12  9.96312794e+09
 1.13400000e+03  7.16001375e+16  8.30267843e+14  3.85513248e+10  6.72813569e+08  1.05709744e+12  9.96312794e+09
 1.13530000e+03  7.57479092e+16  5.01981182e+15  4.07845899e+10  4.06784092e+09  1.05709744e+12  9.96312794e+09
 1.13660000e+03  7.96522748e+16  9.07741636e+15  4.28867991e+10  7.35595020e+09  1.05709744e+12  9.96312794e+09
 1.13790000e+03  8.33275183e+16  1.30009133e+16  4.48656431e+10  1.05353844e+10  1.05709744e+12  9.96312794e+09
 1.13920000e+03  8.67870853e+16  1.67891239e+16  4.67283615e+10  1.36051883e+10  1.05709744e+12  9.96312794e+09
 1.14050000e+03  9.00436326e+16  2.04417259e+16  4.84817689e+10  1.65651009e+10  1.05709744e+12  9.96312794e+09
 1.14180000e+03  9.31090741e+16  2.39591346e+16  5.01322802e+10  1.94154585e+10  1.05709744e+12  9.96312794e+09
 1.14310000e+03  9.59946245e+16  2.73423973e+16  5.16859335e+10  2.21571100e+10  1.05709744e+12  9.96312794e+09
 1.14440000e+03  9.87108405e+16  3.05930987e+16  5.31484129e+10  2.47913395e+10  1.05709744e+12  9.96312794e+09
 1.14570000e+03  1.01267659e+17  3.37132778e+16  5.45250688e+10  2.73197992e+10  1.05709744e+12  9.96312794e+09
 1.14700000e+03  1.03674435e+17  3.67053531e+16  5.58209375e+10  2.97444492e+10  1.05709744e+12  9.96312794e+09
 1.14700000e+03  1.03674435e+17  3.67053531e+16  5.58209375e+10  2.97444492e+10  1.05709744e+12  9.95316481e+09
 1.14702500e+03  1.03553932e+17  3.67615590e+16  5.57560556e+10  2.97899960e+10  1.05709744e+12  9.95316481e+09
 1.14705000e+03  1.03433569e+17  3.68175267e+16  5.56912491e+10  2.98353498e+10  1.05709744e+12  9.95316481e+09
 1.14707500e+03  1.03313345e+17  3.68732567e+16  5.56265179e+10  2.98805111e+10  1.05709744e+12  9.95316481e+09
 1.14710000e+03  1.03193262e+17  3.69287496e+16  5.55618619e+10  2.99254801e+10  1.05709744e+12  9.95316481e+09
 1.14712500e+03  1.03073318e+17  3.69840061e+16  5.54972811e+10  2.99702576e+10  1.05709744e+12  9.95316481e+09
 1.14715000e+03  1.02953514e+17  3.70390266e+16  5.54327754e+10  3.00148439e+10  1.05709744e+12  9.95316481e+09
 1.14717500e+03  1.02833848e+17  3.70938117e+16  5.53683446e+10  3.00592394e+10  1.05709744e+12  9.95316481e+09
 1.14720000e+03  1.02714322e+17  3.71483621e+16  5.53039887e+10  3.01034447e+10  1.05709744e+12  9.95316481e+09
 1.14722500e+03  1.02594935e+17  3.72026783e+16  5.52397076e+10  3.01474602e+10  1.05709744e+12  9.95316481e+09
 1.14725000e+03  1.02475687e+17  3.72567608e+16  5.51755013e+10  3.01912864e+10  1.05709744e+12  9.95316481e+09
 1.14725000e+03  1.02475687e+17  0.00000000e+00  5.51755013e+10  0.00000000e+00  1.07583747e+12  9.94321165e+09
 1.14800000e+03  9.89619674e+16  3.42253582e+15  5.32836260e+10  2.77347673e+09  1.07583747e+12  9.94321165e+09
 1.14875000e+03  9.55687277e+16  6.55263451e+15  5.14566199e+10  5.30997491e+09  1.07583747e+12  9.94321165e+09
 1.14950000e+03  9.22918364e+16  9.40927989e+15  4.96922587e+10  7.62487821e+09  1.07583747e+12  9.94321165e+09
 1.15025000e+03  8.91273043e+16  1.20103467e+16  4.79883946e+10  9.73267155e+09  1.07583747e+12  9.94321165e+09
 1.15100000e+03  8.60712786e+16  1.43726619e+16  4.63429531e+10  1.16469909e+10  1.07583747e+12  9.94321165e+09
 1.15175000e+03  8.31200389e+16  1.65120633e+16  4.47539310e+10  1.33806702e+10  1.07583747e+12  9.94321165e+09
 1.15250000e+03  8.02699923e+16  1.84434538e+16  4.32193939e+10  1.49457866e+10  1.07583747e+12  9.94321165e+09
 1.15325000e+03  7.75176690e+16  2.01808543e+16  4.17374734e+10  1.63537017e+10  1.07583747e+12  9.94321165e+09
 1.15400000e+03  7.48597183e+16  2.17374524e+16  4.03063655e+10  1.76151022e+10  1.07583747e+12  9.94321165e+09
 1.15475000e+03  7.22929042e+16  2.31256491e+16  3.89243279e+10  1.87400375e+10  1.07583747e+12  9.94321165e+09
 1.15475000e+03  7.22929042e+16  0.00000000e+00  3.89243279e+10  0.00000000e+00  1.07583747e+12  9.94321165e+09
 1.15477500e+03  7.22088765e+16  8.39541655e+13  3.88790852e+10  6.80328670e+07  1.07583747e+12  9.94321165e+09
 1.15480000e+03  7.21249465e+16  1.67663927e+14  3.88338952e+10  1.35867679e+08  1.07583747e+12  9.94321165e+09
 1.15482500e+03  7.20411140e+16  2.51129824e+14  3.87887577e+10  2.03504875e+08  1.07583747e+12  9.94321165e+09
 1.15485000e+03  7.19573790e+16  3.34352399e+14  3.87436726e+10  2.70944891e+08  1.07583747e+12  9.94321165e+09
 1.15487500e+03  7.18737413e+16  4.17332188e+14  3.86986400e+10  3.38188165e+08  1.07583747e+12  9.94321165e+09
 1.15490000e+03  7.17902009e+16  5.00069729e+14  3.86536597e+10  4.05235133e+08  1.07583747e+12  9.94321165e+09
 1.15492500e+03  7.17067575e+16  5.82565560e+14  3.86087317e+10  4.72086228e+08  1.07583747e+12  9.94321165e+09
 1.15495000e+03  7.16234111e+16  6.64820216e+14  3.85638559e+10  5.38741884e+08  1.07583747e+12  9.94321165e+09
 1.15497500e+03  7.15401616e+16  7.46834231e+14  3.85190322e+10  6.05202536e+08  1.07583747e+12  9.94321165e+09
 1.15500000e+03  7.14570089e+16  8.28608138e+14  3.84742607e+10  6.71468615e+08  1.07583747e+12  9.94321165e+09
 1.15500000e+03  7.14570089e+16  8.28608138e+14  3.84742607e+10  6.71468615e+08  1.07583747e+12  9.94321165e+09
 1.15630000e+03  7.55964891e+16  5.00977722e+15  4.07030615e+10  4.05970931e+09  1.07583747e+12  9.94321165e+09
 1.15760000e+03  7.94930499e+16  9.05927061e+15  4.28010684e+10  7.34124565e+09  1.07583747e+12  9.94321165e+09
 1.15890000e+03  8.31609465e+16  1.29749245e+16  4.47759567e+10  1.05143242e+10  1.07583747e+12  9.94321165e+09
 1.16020000e+03  8.66135979e+16  1.67555624e+16  4.66349515e+10  1.35779916e+10  1.07583747e+12  9.94321165e+09
 1.16150000e+03  8.98636354e+16  2.04008629e+16  4.83848539e+10  1.65319872e+10  1.07583747e+12  9.94321165e+09
 1.16280000e+03  9.29229491e+16  2.39112403e+16  5.00320657e+10  1.93766470e+10  1.07583747e+12  9.94321165e+09
 1.16410000e+03  9.58027313e+16  2.72877398e+16  5.15826133e+10  2.21128179e+10  1.07583747e+12  9.94321165e+09
 1.16540000e+03  9.85135175e+16  3.05319431e+16  5.30421692e+10  2.47417816e+10  1.07583747e+12  9.94321165e+09
 1.16670000e+03  1.01065225e+17  3.36458850e+16  5.44160731e+10  2.72651869e+10  1.07583747e+12  9.94321165e+09
 1.16800000e+03  1.03467190e+17  3.66319791e+16  5.57093515e+10  2.96849900e+10  1.07583747e+12  9.94321165e+09
 1.16800000e+03  1.03467190e+17  3.66319791e+16  5.57093515e+10  2.96849900e+10  1.07583747e+12  9.93326843e+09
 1.16802500e+03  1.03346927e+17  3.66880727e+16  5.56445992e+10  2.97304458e+10  1.07583747e+12  9.93326843e+09
 1.16805000e+03  1.03226805e+17  3.67439285e+16  5.55799223e+10  2.97757090e+10  1.07583747e+12  9.93326843e+09
 1.16807500e+03  1.03106822e+17  3.67995471e+16  5.55153205e+10  2.98207799e+10  1.07583747e+12  9.93326843e+09
 1.16810000e+03  1.02986979e+17  3.68549291e+16  5.54507938e+10  2.98656591e+10  1.07583747e+12  9.93326843e+09
 1.16812500e+03  1.02867275e+17  3.69100751e+16  5.53863421e+10  2.99103471e+10  1.07583747e+12  9.93326843e+09
 1.16815000e+03  1.02747710e+17  3.69649856e+16  5.53219653e+10  2.99548442e+10  1.07583747e+12  9.93326843e+09
 1.16817500e+03  1.02628284e+17  3.70196612e+16  5.52576633e+10  2.99991510e+10  1.07583747e+12  9.93326843e+09
 1.16820000e+03  1.02508996e+17  3.70741025e+16  5.51934361e+10  3.00432679e+10  1.07583747e+12  9.93326843e+09
 1.16822500e+03  1.02389848e+17  3.71283101e+16  5.51292835e+10  3.00871954e+10  1.07583747e+12  9.93326843e+09
 1.16825000e+03  1.02270838e+17  3.71822845e+16  5.50652055e+10  3.01309340e+10  1.07583747e+12  9.93326843e+09
 1.16825000e+03  1.02270838e+17  0.00000000e+00  5.50652055e+10  0.00000000e+00  1.09454005e+12  9.92333517e+09
 1.16900000e+03  9.87641425e+16  3.41569417e+15  5.31771120e+10  2.76793255e+09  1.09454005e+12  9.92333517e+09
 1.16975000e+03  9.53776858e+16  6.53953579e+15  5.13537581e+10  5.29936027e+09  1.09454005e+12  9.92333517e+09
 1.17050000e+03  9.21073451e+16  9.39047074e+15  4.95929239e+10  7.60963608e+09  1.09454005e+12  9.92333517e+09
 1.17125000e+03  8.89491388e+16  1.19863380e+16  4.78924658e+10  9.71321594e+09  1.09454005e+12  9.92333517e+09
 1.17200000e+03  8.58992221e+16  1.43439310e+16  4.62503135e+10  1.16237085e+10  1.09454005e+12  9.92333517e+09
 1.17275000e+03  8.29538820e+16  1.64790557e+16  4.46644679e+10  1.33539223e+10  1.09454005e+12  9.92333517e+09
 1.17350000e+03  8.01095326e+16  1.84065853e+16  4.31329983e+10  1.49159099e+10  1.09454005e+12  9.92333517e+09
 1.17425000e+03  7.73627112e+16  2.01405128e+16  4.16540402e+10  1.63210106e+10  1.09454005e+12  9.92333517e+09
 1.17500000e+03  7.47100737e+16  2.16939992e+16  4.02257931e+10  1.75798896e+10  1.09454005e+12  9.92333517e+09
 1.17575000e+03  7.21483907e+16  2.30794209e+16  3.88465181e+10  1.87025762e+10  1.09454005e+12  9.92333517e+09
 1.17575000e+03  7.21483907e+16  0.00000000e+00  3.88465181e+10  0.00000000e+00  1.09454005e+12  9.92333517e+09
 1.17577500e+03  7.20645310e+16  8.37863411e+13  3.88013659e+10  6.78968693e+07  1.09454005e+12  9.92333517e+09
 1.17580000e+03  7.19807687e+16  1.67328766e+14  3.87562662e+10  1.35596080e+08  1.09454005e+12  9.92333517e+09
 1.17582500e+03  7.18971039e+16  2.50627816e+14  3.87112190e+10  2.03098069e+08  1.09454005e+12  9.92333517e+09
 1.17585000e+03  7.18135362e+16  3.33684028e+14  3.86662240e+10  2.70403273e+08  1.09454005e+12  9.92333517e+09
 1.17587500e+03  7.17300657e+16  4.16497941e+14  3.86212814e+10  3.37512127e+08  1.09454005e+12  9.92333517e+09
 1.17590000e+03  7.16466923e+16  4.99070090e+14  3.85763910e+10  4.04425068e+08  1.09454005e+12  9.92333517e+09
 1.17592500e+03  7.15634157e+16  5.81401012e+14  3.85315528e+10  4.71142527e+08  1.09454005e+12  9.92333517e+09
 1.17595000e+03  7.14802359e+16  6.63491240e+14  3.84867667e+10  5.37664939e+08  1.09454005e+12  9.92333517e+09
 1.17597500e+03  7.13971528e+16  7.45341309e+14  3.84420327e+10  6.03992736e+08  1.09454005e+12  9.92333517e+09
 1.17600000e+03  7.13141663e+16  8.26951750e+14  3.83973506e+10  6.70126349e+08  1.09454005e+12  9.92333517e+09
 1.17600000e+03  7.13141663e+16  8.26951750e+14  3.83973506e+10  6.70126349e+08  1.09454005e+12  9.92333517e+09
 1.17730000e+03  7.54453717e+16  4.99976267e+15  4.06216961e+10  4.05159395e+09  1.09454005e+12  9.92333517e+09
 1.17860000e+03  7.93341433e+16  9.04116113e+15  4.27155091e+10  7.32657050e+09  1.09454005e+12  9.92333517e+09
 1.17990000e+03  8.29947078e+16  1.29489876e+16  4.46864496e+10  1.04933060e+10  1.09454005e+12  9.92333517e+09
 1.18120000e+03  8.64404573e+16  1.67220681e+16  4.65417283e+10  1.35508492e+10  1.09454005e+12  9.92333517e+09
 1.18250000e+03  8.96839980e+16  2.03600816e+16  4.82881326e+10  1.64989398e+10  1.09454005e+12  9.92333517e+09
 1.18380000e+03  9.27371961e+16  2.38634417e+16  4.99320516e+10  1.93379131e+10  1.09454005e+12  9.92333517e+09
 1.18510000e+03  9.56112216e+16  2.72331916e+16  5.14794997e+10  2.20686144e+10  1.09454005e+12  9.92333517e+09
 1.18640000e+03  9.83165890e+16  3.04709098e+16  5.29361379e+10  2.46923228e+10  1.09454005e+12  9.92333517e+09
 1.18770000e+03  1.00863196e+17  3.35786268e+16  5.43072954e+10  2.72106838e+10  1.09454005e+12  9.92333517e+09
 1.18900000e+03  1.03260359e+17  3.65587518e+16  5.55979885e+10  2.96256497e+10  1.09454005e+12  9.92333517e+09
 1.18900000e+03  1.03260359e+17  3.65587518e+16  5.55979885e+10  2.96256497e+10  1.09454005e+12  9.91341183e+09
 1.18902500e+03  1.03140337e+17  3.66147332e+16  5.55333657e+10  2.96710147e+10  1.09454005e+12  9.91341183e+09
 1.18905000e+03  1.03020454e+17  3.66704774e+16  5.54688180e+10  2.97161873e+10  1.09454005e+12  9.91341183e+09
 1.18907500e+03  1.02900711e+17  3.67259848e+16  5.54043453e+10  2.97611682e+10  1.09454005e+12  9.91341183e+09
 1.18910000e+03  1.02781108e+17  3.67812561e+16  5.53399476e+10  2.98059577e+10  1.09454005e+12  9.91341183e+09
 1.18912500e+03  1.02661643e+17  3.68362918e+16  5.52756248e+10  2.98505563e+10  1.09454005e+12  9.91341183e+09
 1.18915000e+03  1.02542317e+17  3.68910926e+16  5.52113766e+10  2.98949645e+10  1.09454005e+12  9.91341183e+09
 1.18917500e+03  1.02423130e+17  3.69456589e+16  5.51472032e+10  2.99391827e+10  1.09454005e+12  9.91341183e+09
 1.18920000e+03  1.02304081e+17  3.69999914e+16  5.50831044e+10  2.99832114e+10  1.09454005e+12  9.91341183e+09
 1.18922500e+03  1.02185171e+17  3.70540906e+16  5.50190800e+10  3.00270511e+10  1.09454005e+12  9.91341183e+09
 1.18925000e+03  1.02066398e+17  3.71079572e+16  5.49551301e+10  3.00707023e+10  1.09454005e+12  9.91341183e+09
 1.18925000e+03  1.02066398e+17  0.00000000e+00  5.49551301e+10  0.00000000e+00  1.11320524e+12  9.90349842e+09
 1.19000000e+03  9.85667130e+16  3.40886620e+15  5.30708109e+10  2.76239945e+09  1.11320524e+12  9.90349842e+09
 1.19075000e+03  9.51870258e+16  6.52646326e+15  5.12511019e+10  5.28876685e+09  1.11320524e+12  9.90349842e+09
 1.19150000e+03  9.19232225e+16  9.37169919e+15  4.94937877e+10  7.59442442e+09  1.11320524e+12  9.90349842e+09
 1.19225000e+03  8.87713295e+16  1.19623773e+16  4.77967288e+10  9.69379922e+09  1.11320524e+12  9.90349842e+09
 1.19300000e+03  8.57275096e+16  1.43152575e+16  4.61578592e+10  1.16004727e+10  1.11320524e+12  9.90349842e+09
 1.19375000e+03  8.27880572e+16  1.64461140e+16  4.45751836e+10  1.33272278e+10  1.11320524e+12  9.90349842e+09
 1.19450000e+03  7.99493937e+16  1.83697906e+16  4.30467754e+10  1.48860930e+10  1.11320524e+12  9.90349842e+09
 1.19525000e+03  7.72080632e+16  2.01002519e+16  4.15707737e+10  1.62883849e+10  1.11320524e+12  9.90349842e+09
 1.19600000e+03  7.45607283e+16  2.16506329e+16  4.01453817e+10  1.75447474e+10  1.11320524e+12  9.90349842e+09
 1.19675000e+03  7.20041660e+16  2.30332852e+16  3.87688639e+10  1.86651897e+10  1.11320524e+12  9.90349842e+09
 1.19675000e+03  7.20041660e+16  0.00000000e+00  3.87688639e+10  0.00000000e+00  1.11320524e+12  9.90349842e+09
 1.19677500e+03  7.19204740e+16  8.36188522e+13  3.87238020e+10  6.77611434e+07  1.11320524e+12  9.90349842e+09
 1.19680000e+03  7.18368792e+16  1.66994276e+14  3.86787925e+10  1.35325023e+08  1.11320524e+12  9.90349842e+09
 1.19682500e+03  7.17533816e+16  2.50126811e+14  3.86338352e+10  2.02692076e+08  1.11320524e+12  9.90349842e+09
 1.19685000e+03  7.16699810e+16  3.33016994e+14  3.85889302e+10  2.69862736e+08  1.11320524e+12  9.90349842e+09
 1.19687500e+03  7.15866773e+16  4.15665361e+14  3.85440775e+10  3.36837441e+08  1.11320524e+12  9.90349842e+09
 1.19690000e+03  7.15034705e+16  4.98072449e+14  3.84992768e+10  4.03616622e+08  1.11320524e+12  9.90349842e+09
 1.19692500e+03  7.14203604e+16  5.80238791e+14  3.84545282e+10  4.70200713e+08  1.11320524e+12  9.90349842e+09
 1.19695000e+03  7.13373469e+16  6.62164921e+14  3.84098317e+10  5.36590147e+08  1.11320524e+12  9.90349842e+09
 1.19697500e+03  7.12544299e+16  7.43851372e+14  3.83651870e+10  6.02785355e+08  1.11320524e+12  9.90349842e+09
 1.19700000e+03  7.11716093e+16  8.25298674e+14  3.83205943e+10  6.68786767e+08  1.11320524e+12  9.90349842e+09
 1.19700000e+03  7.11716093e+16  8.25298674e+14  3.83205943e+10  6.68786767e+08  1.11320524e+12  9.90349842e+09
 1.19830000e+03  7.52945564e+16  4.98976815e+15  4.05404933e+10  4.04349481e+09  1.11320524e+12  9.90349842e+09
 1.19960000e+03  7.91755543e+16  9.02308784e+15  4.26301207e+10  7.31192469e+09  1.11320524e+12  9.90349842e+09
 1.20090000e+03  8.28288014e+16  1.29231026e+16  4.45971214e+10  1.04723299e+10  1.11320524e+12  9.90349842e+09
 1.20220000e+03  8.62676629e+16  1.66886407e+16  4.64486913e+10  1.35237610e+10  1.11320524e+12  9.90349842e+09
 1.20350000e+03  8.95047197e+16  2.03193818e+16  4.81916046e+10  1.64659584e+10  1.11320524e+12  9.90349842e+09
 1.20480000e+03  9.25518144e+16  2.38157387e+16  4.98322375e+10  1.92992566e+10  1.11320524e+12  9.90349842e+09
 1.20610000e+03  9.54200948e+16  2.71787525e+16  5.13765921e+10  2.20244992e+10  1.11320524e+12  9.90349842e+09
 1.20740000e+03  9.81200542e+16  3.04099984e+16  5.28303186e+10  2.46429628e+10  1.11320524e+12  9.90349842e+09
 1.20870000e+03  1.00661570e+17  3.35115032e+16  5.41987351e+10  2.71562897e+10  1.11320524e+12  9.90349842e+09
 1.21000000e+03  1.03053941e+17  3.64856709e+16  5.54868481e+10  2.95664280e+10  1.11320524e+12  9.90349842e+09
 1.21000000e+03  1.03053941e+17  3.64856709e+16  5.54868481e+10  2.95664280e+10  1.11320524e+12  9.89359492e+09
 1.21002500e+03  1.02934159e+17  3.65415404e+16  5.54223545e+10  2.96117023e+10  1.11320524e+12  9.89359492e+09
 1.21005000e+03  1.02814517e+17  3.65971731e+16  5.53579358e+10  2.96567847e+10  1.11320524e+12  9.89359492e+09
 1.21007500e+03  1.02695013e+17  3.66525695e+16  5.52935921e+10  2.97016756e+10  1.11320524e+12  9.89359492e+09
 1.21010000e+03  1.02575648e+17  3.67077303e+16  5.52293231e+10  2.97463756e+10  1.11320524e+12  9.89359492e+09
 1.21012500e+03  1.02456422e+17  3.67626561e+16  5.51651288e+10  2.97908850e+10  1.11320524e+12  9.89359492e+09
 1.21015000e+03  1.02337335e+17  3.68173473e+16  5.51010091e+10  2.98352044e+10  1.11320524e+12  9.89359492e+09
 1.21017500e+03  1.02218386e+17  3.68718045e+16  5.50369640e+10  2.98793343e+10  1.11320524e+12  9.89359492e+09
 1.21020000e+03  1.02099575e+17  3.69260284e+16  5.49729932e+10  2.99232750e+10  1.11320524e+12  9.89359492e+09
 1.21022500e+03  1.01980902e+17  3.69800195e+16  5.49090969e+10  2.99670270e+10  1.11320524e+12  9.89359492e+09
 1.21025000e+03  1.01862368e+17  3.70337783e+16  5.48452748e+10  3.00105909e+10  1.11320524e+12  9.89359492e+09
 1.21025000e+03  1.01862368e+17  0.00000000e+00  5.48452748e+10  0.00000000e+00  1.13183312e+12  9.88370132e+09
 1.21100000e+03  9.83696781e+16  3.40205188e+15  5.29647224e+10  2.75687742e+09  1.13183312e+12  9.88370132e+09
 1.21175000e+03  9.49967470e+16  6.51341686e+15  5.11486510e+10  5.27819460e+09  1.13183312e+12  9.88370132e+09
 1.21250000e+03  9.17394680e+16  9.35296516e+15  4.93948496e+10  7.57924316e+09  1.13183312e+12  9.88370132e+09
 1.21325000e+03  8.85938756e+16  1.19384645e+16  4.77011831e+10  9.67442131e+09  1.13183312e+12  9.88370132e+09
 1.21400000e+03  8.55561403e+16  1.42866413e+16  4.60655896e+10  1.15772834e+10  1.13183312e+12  9.88370132e+09
 1.21475000e+03  8.26225639e+16  1.64132382e+16  4.44860779e+10  1.33005867e+10  1.13183312e+12  9.88370132e+09
 1.21550000e+03  7.97895748e+16  1.83330694e+16  4.29607249e+10  1.48563357e+10  1.13183312e+12  9.88370132e+09
 1.21625000e+03  7.70537242e+16  2.00600715e+16  4.14876738e+10  1.62558244e+10  1.13183312e+12  9.88370132e+09
 1.21700000e+03  7.44116814e+16  2.16073533e+16  4.00651311e+10  1.75096755e+10  1.13183312e+12  9.88370132e+09
 1.21775000e+03  7.18602297e+16  2.29872416e+16  3.86913650e+10  1.86278780e+10  1.13183312e+12  9.88370132e+09
 1.21775000e+03  7.18602297e+16  0.00000000e+00  3.86913650e+10  0.00000000e+00  1.13183312e+12  9.88370132e+09
 1.21777500e+03  7.17767049e+16  8.34516981e+13  3.86463931e+10  6.76256889e+07  1.13183312e+12  9.88370132e+09
 1.21780000e+03  7.16932773e+16  1.66660455e+14  3.86014736e+10  1.35054508e+08  1.13183312e+12  9.88370132e+09
 1.21782500e+03  7.16099465e+16  2.49626807e+14  3.85566062e+10  2.02286894e+08  1.13183312e+12  9.88370132e+09
 1.21785000e+03  7.15267127e+16  3.32351293e+14  3.85117910e+10  2.69323281e+08  1.13183312e+12  9.88370132e+09
 1.21787500e+03  7.14435756e+16  4.14834446e+14  3.84670278e+10  3.36164103e+08  1.13183312e+12  9.88370132e+09
 1.21790000e+03  7.13605351e+16  4.97076802e+14  3.84223168e+10  4.02809792e+08  1.13183312e+12  9.88370132e+09
 1.21792500e+03  7.12775911e+16  5.79078894e+14  3.83776576e+10  4.69260782e+08  1.13183312e+12  9.88370132e+09
 1.21795000e+03  7.11947436e+16  6.60841254e+14  3.83330504e+10  5.35517504e+08  1.13183312e+12  9.88370132e+09
 1.21797500e+03  7.11119923e+16  7.42364413e+14  3.82884950e+10  6.01580387e+08  1.13183312e+12  9.88370132e+09
 1.21800000e+03  7.10293372e+16  8.23648902e+14  3.82439915e+10  6.67449862e+08  1.13183312e+12  9.88370132e+09
 1.21800000e+03  7.10293372e+16  8.23648902e+14  3.82439915e+10  6.67449862e+08  1.13183312e+12  9.88370132e+09
 1.21930000e+03  7.51440426e+16  4.97979360e+15  4.04594529e+10  4.03541187e+09  1.13183312e+12  9.88370132e+09
 1.22060000e+03  7.90172824e+16  9.00505069e+15  4.25449031e+10  7.29730815e+09  1.13183312e+12  9.88370132e+09
 1.22190000e+03  8.26632266e+16  1.28972693e+16  4.45079717e+10  1.04513957e+10  1.13183312e+12  9.88370132e+09
 1.22320000e+03  8.60952138e+16  1.66552801e+16  4.63558404e+10  1.34967270e+10  1.13183312e+12  9.88370132e+09
 1.22450000e+03  8.93257997e+16  2.02787633e+16  4.80952696e+10  1.64330429e+10  1.13183312e+12  9.88370132e+09
 1.22580000e+03  9.23668033e+16  2.37681311e+16  4.97326228e+10  1.92606774e+10  1.13183312e+12  9.88370132e+09
 1.22710000e+03  9.52293500e+16  2.71244222e+16  5.12738903e+10  2.19804723e+10  1.13183312e+12  9.88370132e+09
 1.22840000e+03  9.79239122e+16  3.03492088e+16  5.27247108e+10  2.45937015e+10  1.13183312e+12  9.88370132e+09
 1.22970000e+03  1.00460348e+17  3.34445137e+16  5.40903919e+10  2.71020043e+10  1.13183312e+12  9.88370132e+09
 1.23100000e+03  1.02847936e+17  3.64127360e+16  5.53759299e+10  2.95073248e+10  1.13183312e+12  9.88370132e+09
 1.23100000e+03  1.02847936e+17  3.64127360e+16  5.53759299e+10  2.95073248e+10  1.13183312e+12  9.87381762e+09
 1.23102500e+03  1.02728394e+17  3.64684938e+16  5.53115652e+10  2.95525085e+10  1.13183312e+12  9.87381762e+09
 1.23105000e+03  1.02608990e+17  3.65240153e+16  5.52472753e+10  2.95975008e+10  1.13183312e+12  9.87381762e+09
 1.23107500e+03  1.02489726e+17  3.65793011e+16  5.51830602e+10  2.96423019e+10  1.13183312e+12  9.87381762e+09
 1.23110000e+03  1.02370599e+17  3.66343516e+16  5.51189197e+10  2.96869125e+10  1.13183312e+12  9.87381762e+09
 1.23112500e+03  1.02251612e+17  3.66891675e+16  5.50548537e+10  2.97313330e+10  1.13183312e+12  9.87381762e+09
 1.23115000e+03  1.02132762e+17  3.67437494e+16  5.49908622e+10  2.97755638e+10  1.13183312e+12  9.87381762e+09
 1.23117500e+03  1.02014051e+17  3.67980978e+16  5.49269451e+10  2.98196055e+10  1.13183312e+12  9.87381762e+09
 1.23120000e+03  1.01895478e+17  3.68522133e+16  5.48631022e+10  2.98634584e+10  1.13183312e+12  9.87381762e+09
 1.23122500e+03  1.01777043e+17  3.69060964e+16  5.47993336e+10  2.99071230e+10  1.13183312e+12  9.87381762e+09
 1.23125000e+03  1.01658745e+17  3.69597478e+16  5.47356391e+10  2.99505997e+10  1.13183312e+12  9.87381762e+09
 1.23125000e+03  1.01658745e+17  0.00000000e+00  5.47356391e+10  0.00000000e+00  1.15042376e+12  9.86394381e+09
 1.23200000e+03  9.81730371e+16  3.39525118e+15  5.28588459e+10  2.75136642e+09  1.15042376e+12  9.86394381e+09
 1.23275000e+03  9.48068485e+16  6.50039654e+15  5.10464048e+10  5.26764349e+09  1.15042376e+12  9.86394381e+09
 1.23350000e+03  9.15560808e+16  9.33426858e+15  4.92961093e+10  7.56409226e+09  1.15042376e+12  9.86394381e+09
 1.23425000e+03  8.84167764e+16  1.19145995e+16  4.76058284e+10  9.65508215e+09  1.15042376e+12  9.86394381e+09
 1.23500000e+03  8.53851136e+16  1.42580823e+16  4.59735045e+10  1.15541404e+10  1.15042376e+12  9.86394381e+09
 1.23575000e+03  8.24574013e+16  1.63804282e+16  4.43971502e+10  1.32739988e+10  1.15042376e+12  9.86394381e+09
 1.23650000e+03  7.96300755e+16  1.82964216e+16  4.28748464e+10  1.48266379e+10  1.15042376e+12  9.86394381e+09
 1.23725000e+03  7.68996938e+16  2.00199714e+16  4.14047399e+10  1.62233290e+10  1.15042376e+12  9.86394381e+09
 1.23800000e+03  7.42629324e+16  2.15641602e+16  3.99850409e+10  1.74746736e+10  1.15042376e+12  9.86394381e+09
 1.23875000e+03  7.17165811e+16  2.29412901e+16  3.86140209e+10  1.85906409e+10  1.15042376e+12  9.86394381e+09
 1.23875000e+03  7.17165811e+16  0.00000000e+00  3.86140209e+10  0.00000000e+00  1.15042376e+12  9.86394381e+09
 1.23877500e+03  7.16332233e+16  8.32848782e+13  3.85691390e+10  6.74905052e+07  1.15042376e+12  9.86394381e+09
 1.23880000e+03  7.15499624e+16  1.66327300e+14  3.85243092e+10  1.34784534e+08  1.15042376e+12  9.86394381e+09
 1.23882500e+03  7.14667983e+16  2.49127803e+14  3.84795315e+10  2.01882523e+08  1.15042376e+12  9.86394381e+09
 1.23885000e+03  7.13837308e+16  3.31686923e+14  3.84348059e+10  2.68784904e+08  1.15042376e+12  9.86394381e+09
 1.23887500e+03  7.13007599e+16  4.14005192e+14  3.83901323e+10  3.35492111e+08  1.15042376e+12  9.86394381e+09
 1.23890000e+03  7.12178854e+16  4.96083146e+14  3.83455105e+10  4.02004575e+08  1.15042376e+12  9.86394381e+09
 1.23892500e+03  7.11351072e+16  5.77921315e+14  3.83009407e+10  4.68322730e+08  1.15042376e+12  9.86394381e+09
 1.23895000e+03  7.10524253e+16  6.59520232e+14  3.82564226e+10  5.34447004e+08  1.15042376e+12  9.86394381e+09
 1.23897500e+03  7.09698394e+16  7.40880426e+14  3.82119563e+10  6.00377828e+08  1.15042376e+12  9.86394381e+09
 1.23900000e+03  7.08873496e+16  8.22002427e+14  3.81675417e+10  6.66115630e+08  1.15042376e+12  9.86394381e+09
 1.23900000e+03  7.08873496e+16  8.22002427e+14  3.81675417e+10  6.66115630e+08  1.15042376e+12  9.86394381e+09
 1.24030000e+03  7.49938297e+16  4.96983899e+15  4.03785744e+10  4.02734508e+09  1.15042376e+12  9.86394381e+09
 1.24160000e+03  7.88593268e+16  8.98704960e+15  4.24598559e+10  7.28272083e+09  1.15042376e+12  9.86394381e+09
 1.24290000e+03  8.24979828e+16  1.28714876e+16  4.44190003e+10  1.04305034e+10  1.15042376e+12  9.86394381e+09
 1.24420000e+03  8.59231095e+16  1.66219862e+16  4.62631751e+10  1.34697471e+10  1.15042376e+12  9.86394381e+09
 1.24550000e+03  8.91472375e+16  2.02382261e+16  4.79991271e+10  1.64001933e+10  1.15042376e+12  9.86394381e+09
 1.24680000e+03  9.21821621e+16  2.37206186e+16  4.96332073e+10  1.92221753e+10  1.15042376e+12  9.86394381e+09
 1.24810000e+03  9.50389865e+16  2.70702004e+16  5.11713938e+10  2.19365333e+10  1.15042376e+12  9.86394381e+09
 1.24940000e+03  9.77281623e+16  3.02885408e+16  5.26193141e+10  2.45445387e+10  1.15042376e+12  9.86394381e+09
 1.25070000e+03  1.00259528e+17  3.33776581e+16  5.39822652e+10  2.70478274e+10  1.15042376e+12  9.86394381e+09
 1.25200000e+03  1.02642343e+17  3.63399469e+16  5.52652334e+10  2.94483396e+10  1.15042376e+12  9.86394381e+09
 1.25200000e+03  1.02642343e+17  3.63399469e+16  5.52652334e+10  2.94483396e+10  1.15042376e+12  9.85407986e+09
 1.25202500e+03  1.02523040e+17  3.63955933e+16  5.52009974e+10  2.94934330e+10  1.15042376e+12  9.85407986e+09
 1.25205000e+03  1.02403875e+17  3.64510038e+16  5.51368360e+10  2.95383354e+10  1.15042376e+12  9.85407986e+09
 1.25207500e+03  1.02284849e+17  3.65061790e+16  5.50727492e+10  2.95830470e+10  1.15042376e+12  9.85407986e+09
 1.25210000e+03  1.02165961e+17  3.65611195e+16  5.50087369e+10  2.96275684e+10  1.15042376e+12  9.85407986e+09
 1.25212500e+03  1.02047211e+17  3.66158259e+16  5.49447990e+10  2.96719001e+10  1.15042376e+12  9.85407986e+09
 1.25215000e+03  1.01928599e+17  3.66702986e+16  5.48809355e+10  2.97160425e+10  1.15042376e+12  9.85407986e+09
 1.25217500e+03  1.01810125e+17  3.67245384e+16  5.48171461e+10  2.97599961e+10  1.15042376e+12  9.85407986e+09
 1.25220000e+03  1.01691789e+17  3.67785457e+16  5.47534309e+10  2.98037613e+10  1.15042376e+12  9.85407986e+09
 1.25222500e+03  1.01573590e+17  3.68323212e+16  5.46897897e+10  2.98473386e+10  1.15042376e+12  9.85407986e+09
 1.25225000e+03  1.01455529e+17  3.68858653e+16  5.46262226e+10  2.98907285e+10  1.15042376e+12  9.85407986e+09
 1.25225000e+03  1.01455529e+17  0.00000000e+00  5.46262226e+10  0.00000000e+00  1.16897724e+12  9.84422578e+09
 1.25300000e+03  9.79767892e+16  3.38846407e+15  5.27531811e+10  2.74586644e+09  1.16897724e+12  9.84422578e+09
 1.25375000e+03  9.46173296e+16  6.48740225e+15  5.09443631e+10  5.25711347e+09  1.16897724e+12  9.84422578e+09
 1.25450000e+03  9.13730602e+16  9.31560938e+15  4.91975664e+10  7.54897163e+09  1.16897724e+12  9.84422578e+09
 1.25525000e+03  8.82400313e+16  1.18907822e+16  4.75106644e+10  9.63578164e+09  1.16897724e+12  9.84422578e+09
 1.25600000e+03  8.52144287e+16  1.42295804e+16  4.58816035e+10  1.15310437e+10  1.16897724e+12  9.84422578e+09
 1.25675000e+03  8.22925690e+16  1.63476837e+16  4.43084003e+10  1.32474641e+10  1.16897724e+12  9.84422578e+09
 1.25750000e+03  7.94708949e+16  1.82598470e+16  4.27891396e+10  1.47969995e+10  1.16897724e+12  9.84422578e+09
 1.25825000e+03  7.67459713e+16  1.99799515e+16  4.13219718e+10  1.61908986e+10  1.16897724e+12  9.84422578e+09
 1.25900000e+03  7.41144808e+16  2.15210534e+16  3.99051108e+10  1.74397418e+10  1.16897724e+12  9.84422578e+09
 1.25975000e+03  7.15732197e+16  2.28954305e+16  3.85368315e+10  1.85534782e+10  1.16897724e+12  9.84422578e+09
 1.25975000e+03  7.15732197e+16  0.00000000e+00  3.85368315e+10  0.00000000e+00  1.16897724e+12  9.84422578e+09
 1.25977500e+03  7.14900285e+16  8.31183917e+13  3.84920393e+10  6.73555916e+07  1.16897724e+12  9.84422578e+09
 1.25980000e+03  7.14069340e+16  1.65994812e+14  3.84472991e+10  1.34515100e+08  1.16897724e+12  9.84422578e+09
 1.25982500e+03  7.13239361e+16  2.48629797e+14  3.84026110e+10  2.01478959e+08  1.16897724e+12  9.84422578e+09
 1.25985000e+03  7.12410347e+16  3.31023880e+14  3.83579747e+10  2.68247603e+08  1.16897724e+12  9.84422578e+09
 1.25987500e+03  7.11582296e+16  4.13177596e+14  3.83133904e+10  3.34821462e+08  1.16897724e+12  9.84422578e+09
 1.25990000e+03  7.10755208e+16  4.95091475e+14  3.82688579e+10  4.01200968e+08  1.16897724e+12  9.84422578e+09
 1.25992500e+03  7.09929081e+16  5.76766050e+14  3.82243771e+10  4.67386553e+08  1.16897724e+12  9.84422578e+09
 1.25995000e+03  7.09103915e+16  6.58201851e+14  3.81799481e+10  5.33378644e+08  1.16897724e+12  9.84422578e+09
 1.25997500e+03  7.08279707e+16  7.39399406e+14  3.81355706e+10  5.99177672e+08  1.16897724e+12  9.84422578e+09
 1.26000000e+03  7.07456458e+16  8.20359245e+14  3.80912448e+10  6.64784064e+08  1.16897724e+12  9.84422578e+09
 1.26000000e+03  7.07456458e+16  8.20359245e+14  3.80912448e+10  6.64784064e+08  1.16897724e+12  9.84422578e+09
 1.26130000e+03  7.48439170e+16  4.95990429e+15  4.02978577e+10  4.01929442e+09  1.16897724e+12  9.84422578e+09
 1.26260000e+03  7.87016870e+16  8.96908448e+15  4.23749786e+10  7.26816267e+09  1.16897724e+12  9.84422578e+09
 1.26390000e+03  8.23330694e+16  1.28457575e+16  4.43302067e+10  1.04096528e+10  1.16897724e+12  9.84422578e+09
 1.26520000e+03  8.57513492e+16  1.65887588e+16  4.61706950e+10  1.34428210e+10  1.16897724e+12  9.84422578e+09
 1.26650000e+03  8.89690321e+16  2.01977698e+16  4.79031769e+10  1.63674093e+10  1.16897724e+12  9.84422578e+09
 1.26780000e+03  9.19978900e+16  2.36732011e+16  4.95339905e+10  1.91837502e+10  1.16897724e+12  9.84422578e+09
 1.26910000e+03  9.48490036e+16  2.70160871e+16  5.10691022e+10  2.18926822e+10  1.16897724e+12  9.84422578e+09
 1.27040000e+03  9.75328037e+16  3.02279940e+16  5.25141280e+10  2.44954742e+10  1.16897724e+12  9.84422578e+09
 1.27170000e+03  1.00059109e+17  3.33109362e+16  5.38743546e+10  2.69937587e+10  1.16897724e+12  9.84422578e+09
 1.27300000e+03  1.02437161e+17  3.62673034e+16  5.51547582e+10  2.93894724e+10  1.16897724e+12  9.84422578e+09
 1.27300000e+03  1.02437161e+17  3.62673034e+16  5.51547582e+10  2.93894724e+10  1.16897724e+12  9.83438156e+09
 1.27302500e+03  1.02318096e+17  3.63228385e+16  5.50906506e+10  2.94344757e+10  1.16897724e+12  9.83438156e+09
 1.27305000e+03  1.02199170e+17  3.63781383e+16  5.50266175e+10  2.94792882e+10  1.16897724e+12  9.83438156e+09
 1.27307500e+03  1.02080381e+17  3.64332032e+16  5.49626588e+10  2.95239105e+10  1.16897724e+12  9.83438156e+09
 1.27310000e+03  1.01961731e+17  3.64880338e+16  5.48987745e+10  2.95683429e+10  1.16897724e+12  9.83438156e+09
 1.27312500e+03  1.01843218e+17  3.65426308e+16  5.48349644e+10  2.96125860e+10  1.16897724e+12  9.83438156e+09
 1.27315000e+03  1.01724844e+17  3.65969947e+16  5.47712285e+10  2.96566401e+10  1.16897724e+12  9.83438156e+09
 1.27317500e+03  1.01606607e+17  3.66511260e+16  5.47075666e+10  2.97005058e+10  1.16897724e+12  9.83438156e+09
 1.27320000e+03  1.01488507e+17  3.67050254e+16  5.46439788e+10  2.97441836e+10  1.16897724e+12  9.83438156e+09
 1.27322500e+03  1.01370545e+17  3.67586933e+16  5.45804649e+10  2.97876738e+10  1.16897724e+12  9.83438156e+09
 1.27325000e+03  1.01252719e+17  3.68121304e+16  5.45170247e+10  2.98309769e+10  1.16897724e+12  9.83438156e+09
 1.27325000e+03  1.01252719e+17  0.00000000e+00  5.45170247e+10  0.00000000e+00  1.18749363e+12  9.82454717e+09
 1.27400000e+03  9.77809336e+16  3.38169053e+15  5.26477275e+10  2.74037745e+09  1.18749363e+12  9.82454717e+09
 1.27475000e+03  9.44281895e+16  6.47443393e+15  5.08425253e+10  5.24660450e+09  1.18749363e+12  9.82454717e+09
 1.27550000e+03  9.11904054e+16  9.29698748e+15  4.90992204e+10  7.53388124e+09  1.18749363e+12  9.82454717e+09
 1.27625000e+03  8.80636395e+16  1.18670126e+16  4.74156906e+10  9.61651971e+09  1.18749363e+12  9.82454717e+09
 1.27700000e+03  8.50440851e+16  1.42011354e+16  4.57898861e+10  1.15079931e+10  1.18749363e+12  9.82454717e+09
 1.27775000e+03  8.21280662e+16  1.63150047e+16  4.42198278e+10  1.32209824e+10  1.18749363e+12  9.82454717e+09
 1.27850000e+03  7.93120326e+16  1.82233456e+16  4.27036041e+10  1.47674203e+10  1.18749363e+12  9.82454717e+09
 1.27925000e+03  7.65925562e+16  1.99400116e+16  4.12393692e+10  1.61585330e+10  1.18749363e+12  9.82454717e+09
 1.28000000e+03  7.39663260e+16  2.14780329e+16  3.98253405e+10  1.74048797e+10  1.18749363e+12  9.82454717e+09
 1.28075000e+03  7.14301448e+16  2.28496625e+16  3.84597964e+10  1.85163898e+10  1.18749363e+12  9.82454717e+09
 1.28075000e+03  7.14301448e+16  0.00000000e+00  3.84597964e+10  0.00000000e+00  1.18749363e+12  9.82454717e+09
 1.28077500e+03  7.13471199e+16  8.29522380e+13  3.84150937e+10  6.72209478e+07  1.18749363e+12  9.82454717e+09
 1.28080000e+03  7.12641916e+16  1.65662989e+14  3.83704430e+10  1.34246204e+08  1.18749363e+12  9.82454717e+09
 1.28082500e+03  7.11813596e+16  2.48132786e+14  3.83258441e+10  2.01076203e+08  1.18749363e+12  9.82454717e+09
 1.28085000e+03  7.10986239e+16  3.30362164e+14  3.82812971e+10  2.67711376e+08  1.18749363e+12  9.82454717e+09
 1.28087500e+03  7.10159843e+16  4.12351654e+14  3.82368019e+10  3.34152154e+08  1.18749363e+12  9.82454717e+09
 1.28090000e+03  7.09334409e+16  4.94101788e+14  3.81923584e+10  4.00398968e+08  1.18749363e+12  9.82454717e+09
 1.28092500e+03  7.08509933e+16  5.75613095e+14  3.81479666e+10  4.66452247e+08  1.18749363e+12  9.82454717e+09
 1.28095000e+03  7.07686416e+16  6.56886106e+14  3.81036263e+10  5.32312421e+08  1.18749363e+12  9.82454717e+09
 1.28097500e+03  7.06863856e+16  7.37921347e+14  3.80593376e+10  5.97979916e+08  1.18749363e+12  9.82454717e+09
 1.28100000e+03  7.06042252e+16  8.18719346e+14  3.80151004e+10  6.63455161e+08  1.18749363e+12  9.82454717e+09
 1.28100000e+03  7.06042252e+16  8.18719346e+14  3.80151004e+10  6.63455161e+08  1.18749363e+12  9.82454717e+09
 1.28230000e+03  7.46943040e+16  4.94998944e+15  4.02173023e+10  4.01125985e+09  1.18749363e+12  9.82454717e+09
 1.28360000e+03  7.85443624e+16  8.95115528e+15  4.22902710e+10  7.25363361e+09  1.18749363e+12  9.82454717e+09
 1.28490000e+03  8.21684856e+16  1.28200789e+16  4.42415906e+10  1.03888439e+10  1.18749363e+12  9.82454717e+09
 1.28620000e+03  8.55799322e+16  1.65555979e+16  4.60783998e+10  1.34159488e+10  1.18749363e+12  9.82454717e+09
 1.28750000e+03  8.87911830e+16  2.01573945e+16  4.78074184e+10  1.63346909e+10  1.18749363e+12  9.82454717e+09
 1.28880000e+03  9.18139862e+16  2.36258783e+16  4.94349721e+10  1.91454019e+10  1.18749363e+12  9.82454717e+09
 1.29010000e+03  9.46594004e+16  2.69620820e+16  5.09670151e+10  2.18489187e+10  1.18749363e+12  9.82454717e+09
 1.29140000e+03  9.73378356e+16  3.01675682e+16  5.24091523e+10  2.44465077e+10  1.18749363e+12  9.82454717e+09
 1.29270000e+03  9.98590906e+16  3.32443476e+16  5.37666598e+10  2.69397982e+10  1.18749363e+12  9.82454717e+09
 1.29400000e+03  1.02232389e+17  3.61948051e+16  5.50445039e+10  2.93307228e+10  1.18749363e+12  9.82454717e+09
 1.29400000e+03  1.02232389e+17  3.61948051e+16  5.50445039e+10  2.93307228e+10  1.18749363e+12  9.81472263e+09
 1.29402500e+03  1.02113562e+17  3.62502292e+16  5.49805244e+10  2.93756362e+10  1.18749363e+12  9.81472263e+09
 1.29405000e+03  1.01994874e+17  3.63054184e+16  5.49166193e+10  2.94203591e+10  1.18749363e+12  9.81472263e+09
 1.29407500e+03  1.01876323e+17  3.63603732e+16  5.48527885e+10  2.94648922e+10  1.18749363e+12  9.81472263e+09
 1.29410000e+03  1.01757909e+17  3.64150943e+16  5.47890318e+10  2.95092358e+10  1.18749363e+12  9.81472263e+09
 1.29412500e+03  1.01639634e+17  3.64695821e+16  5.47253493e+10  2.95533904e+10  1.18749363e+12  9.81472263e+09
 1.29415000e+03  1.01521496e+17  3.65238373e+16  5.46617408e+10  2.95973565e+10  1.18749363e+12  9.81472263e+09
 1.29417500e+03  1.01403495e+17  3.65778604e+16  5.45982062e+10  2.96411345e+10  1.18749363e+12  9.81472263e+09
 1.29420000e+03  1.01285632e+17  3.66316521e+16  5.45347455e+10  2.96847250e+10  1.18749363e+12  9.81472263e+09
 1.29422500e+03  1.01167905e+17  3.66852127e+16  5.44713585e+10  2.97281282e+10  1.18749363e+12  9.81472263e+09
 1.29425000e+03  1.01050315e+17  3.67385430e+16  5.44080452e+10  2.97713448e+10  1.18749363e+12  9.81472263e+09
 1.29425000e+03  1.01050315e+17  0.00000000e+00  5.44080452e+10  0.00000000e+00  1.20597300e+12  9.80490791e+09
 1.29500000e+03  9.75854695e+16  3.37493053e+15  5.25424847e+10  2.73489944e+09  1.20597300e+12  9.80490791e+09
 1.29575000e+03  9.42394276e+16  6.46149154e+15  5.07408911e+10  5.23611654e+09  1.20597300e+12  9.80490791e+09
 1.29650000e+03  9.10081158e+16  9.27840280e+15  4.90010711e+10  7.51882101e+09  1.20597300e+12  9.80490791e+09
 1.29725000e+03  8.78876003e+16  1.18432904e+16  4.73209066e+10  9.59729629e+09  1.20597300e+12  9.80490791e+09
 1.29800000e+03  8.48740820e+16  1.41727474e+16  4.56983521e+10  1.14849886e+10  1.20597300e+12  9.80490791e+09
 1.29875000e+03  8.19638922e+16  1.62823910e+16  4.41314324e+10  1.31945536e+10  1.20597300e+12  9.80490791e+09
 1.29950000e+03  7.91534879e+16  1.81869171e+16  4.26182396e+10  1.47379002e+10  1.20597300e+12  9.80490791e+09
 1.30025000e+03  7.64394476e+16  1.99001515e+16  4.11569317e+10  1.61262321e+10  1.20597300e+12  9.80490791e+09
 1.30100000e+03  7.38184673e+16  2.14350983e+16  3.97457296e+10  1.73700874e+10  1.20597300e+12  9.80490791e+09
 1.30175000e+03  7.12873559e+16  2.28039861e+16  3.83829153e+10  1.84793755e+10  1.20597300e+12  9.80490791e+09
 1.30175000e+03  7.12873559e+16  0.00000000e+00  3.83829153e+10  0.00000000e+00  1.20597300e+12  9.80490791e+09
 1.30177500e+03  7.12044970e+16  8.27864165e+13  3.83383019e+10  6.70865731e+07  1.20597300e+12  9.80490791e+09
 1.30180000e+03  7.11217344e+16  1.65331828e+14  3.82937404e+10  1.33977846e+08  1.20597300e+12  9.80490791e+09
 1.30182500e+03  7.10390680e+16  2.47636769e+14  3.82492308e+10  2.00674252e+08  1.20597300e+12  9.80490791e+09
 1.30185000e+03  7.09564977e+16  3.29701770e+14  3.82047728e+10  2.67176221e+08  1.20597300e+12  9.80490791e+09
 1.30187500e+03  7.08740234e+16  4.11527363e+14  3.81603666e+10  3.33484184e+08  1.20597300e+12  9.80490791e+09
 1.30190000e+03  7.07916449e+16  4.93114078e+14  3.81160119e+10  3.99598570e+08  1.20597300e+12  9.80490791e+09
 1.30192500e+03  7.07093622e+16  5.74462445e+14  3.80717088e+10  4.65519809e+08  1.20597300e+12  9.80490791e+09
 1.30195000e+03  7.06271751e+16  6.55572990e+14  3.80274572e+10  5.31248328e+08  1.20597300e+12  9.80490791e+09
 1.30197500e+03  7.05450835e+16  7.36446242e+14  3.79832570e+10  5.96784554e+08  1.20597300e+12  9.80490791e+09
 1.30200000e+03  7.04630874e+16  8.17082726e+14  3.79391082e+10  6.62128914e+08  1.20597300e+12  9.80490791e+09
 1.30200000e+03  7.04630874e+16  8.17082726e+14  3.79391082e+10  6.62128914e+08  1.20597300e+12  9.80490791e+09
 1.30330000e+03  7.45449901e+16  4.94009441e+15  4.01369079e+10  4.00324134e+09  1.20597300e+12  9.80490791e+09
 1.30460000e+03  7.83873522e+16  8.93326192e+15  4.22057328e+10  7.23913360e+09  1.20597300e+12  9.80490791e+09
 1.30590000e+03  8.20042308e+16  1.27944515e+16  4.41531517e+10  1.03680766e+10  1.20597300e+12  9.80490791e+09
 1.30720000e+03  8.54088580e+16  1.65225032e+16  4.59862891e+10  1.33891303e+10  1.20597300e+12  9.80490791e+09
 1.30850000e+03  8.86136895e+16  2.01170999e+16  4.77118514e+10  1.63020378e+10  1.20597300e+12  9.80490791e+09
 1.30980000e+03  9.16304500e+16  2.35786502e+16  4.93361516e+10  1.91071302e+10  1.20597300e+12  9.80490791e+09
 1.31110000e+03  9.44701763e+16  2.69081848e+16  5.08651320e+10  2.18052427e+10  1.20597300e+12  9.80490791e+09
 1.31240000e+03  9.71432573e+16  3.01072632e+16  5.23043864e+10  2.43976392e+10  1.20597300e+12  9.80490791e+09
 1.31370000e+03  9.96594723e+16  3.31778921e+16  5.36591802e+10  2.68859456e+10  1.20597300e+12  9.80490791e+09
 1.31500000e+03  1.02028027e+17  3.61224516e+16  5.49344699e+10  2.92720907e+10  1.20597300e+12  9.80490791e+09
 1.31500000e+03  1.02028027e+17  3.61224516e+16  5.49344699e+10  2.92720907e+10  1.20597300e+12  9.79510300e+09
 1.31502500e+03  1.01909437e+17  3.61777650e+16  5.48706183e+10  2.93169143e+10  1.20597300e+12  9.79510300e+09
 1.31505000e+03  1.01790986e+17  3.62328438e+16  5.48068410e+10  2.93615478e+10  1.20597300e+12  9.79510300e+09
 1.31507500e+03  1.01672672e+17  3.62876888e+16  5.47431377e+10  2.94059919e+10  1.20597300e+12  9.79510300e+09
 1.31510000e+03  1.01554495e+17  3.63423005e+16  5.46795085e+10  2.94502468e+10  1.20597300e+12  9.79510300e+09
 1.31512500e+03  1.01436456e+17  3.63966794e+16  5.46159533e+10  2.94943132e+10  1.20597300e+12  9.79510300e+09
 1.31515000e+03  1.01318554e+17  3.64508262e+16  5.45524720e+10  2.95381914e+10  1.20597300e+12  9.79510300e+09
 1.31517500e+03  1.01200790e+17  3.65047413e+16  5.44890644e+10  2.95818819e+10  1.20597300e+12  9.79510300e+09
 1.31520000e+03  1.01083162e+17  3.65584254e+16  5.44257305e+10  2.96253852e+10  1.20597300e+12  9.79510300e+09
 1.31522500e+03  1.00965670e+17  3.66118790e+16  5.43624703e+10  2.96687017e+10  1.20597300e+12  9.79510300e+09
 1.31525000e+03  1.00848316e+17  3.66651026e+16  5.42992835e+10  2.97118319e+10  1.20597300e+12  9.79510300e+09
 1.31525000e+03  1.00848316e+17  0.00000000e+00  5.42992835e+10  0.00000000e+00  1.22441544e+12  9.78530789e+09
 1.31600000e+03  9.73903962e+16  3.36818404e+15  5.24374522e+10  2.72943237e+09  1.22441544e+12  9.78530789e+09
 1.31675000e+03  9.40510430e+16  6.44857502e+15  5.06394600e+10  5.22564954e+09  1.22441544e+12  9.78530789e+09
 1.31750000e+03  9.08261906e+16  9.25985527e+15  4.89031179e+10  7.50379089e+09  1.22441544e+12  9.78530789e+09
 1.31825000e+03  8.77119129e+16  1.18196157e+16  4.72263121e+10  9.57811129e+09  1.22441544e+12  9.78530789e+09
 1.31900000e+03  8.47044187e+16  1.41444160e+16  4.56070011e+10  1.14620301e+10  1.22441544e+12  9.78530789e+09
 1.31975000e+03  8.18000463e+16  1.62498425e+16  4.40432136e+10  1.31681777e+10  1.22441544e+12  9.78530789e+09
 1.32050000e+03  7.89952600e+16  1.81505615e+16  4.25330458e+10  1.47084391e+10  1.22441544e+12  9.78530789e+09
 1.32125000e+03  7.62866452e+16  1.98603711e+16  4.10746590e+10  1.60939958e+10  1.22441544e+12  9.78530789e+09
 1.32200000e+03  7.36709042e+16  2.13922495e+16  3.96662779e+10  1.73353646e+10  1.22441544e+12  9.78530789e+09
 1.32275000e+03  7.11448525e+16  2.27584009e+16  3.83061878e+10  1.84424353e+10  1.22441544e+12  9.78530789e+09
 1.32275000e+03  7.11448525e+16  0.00000000e+00  3.83061878e+10  0.00000000e+00  1.22441544e+12  9.78530789e+09
 1.32277500e+03  7.10621592e+16  8.26209265e+13  3.82616637e+10  6.69524671e+07  1.22441544e+12  9.78530789e+09
 1.32280000e+03  7.09795621e+16  1.65001330e+14  3.82171913e+10  1.33710025e+08  1.22441544e+12  9.78530789e+09
 1.32282500e+03  7.08970609e+16  2.47141743e+14  3.81727706e+10  2.00273104e+08  1.22441544e+12  9.78530789e+09
 1.32285000e+03  7.08146557e+16  3.29042696e+14  3.81284015e+10  2.66642135e+08  1.22441544e+12  9.78530789e+09
 1.32287500e+03  7.07323462e+16  4.10704720e+14  3.80840840e+10  3.32817549e+08  1.22441544e+12  9.78530789e+09
 1.32290000e+03  7.06501324e+16  4.92128343e+14  3.80398180e+10  3.98799773e+08  1.22441544e+12  9.78530789e+09
 1.32292500e+03  7.05680142e+16  5.73314094e+14  3.79956034e+10  4.64589235e+08  1.22441544e+12  9.78530789e+09
 1.32295000e+03  7.04859914e+16  6.54262500e+14  3.79514403e+10  5.30186363e+08  1.22441544e+12  9.78530789e+09
 1.32297500e+03  7.04040639e+16  7.34974086e+14  3.79073285e+10  5.95591582e+08  1.22441544e+12  9.78530789e+09
 1.32300000e+03  7.03222317e+16  8.15449378e+14  3.78632679e+10  6.60805319e+08  1.22441544e+12  9.78530789e+09
 1.32300000e+03  7.03222317e+16  8.15449378e+14  3.78632679e+10  6.60805319e+08  1.22441544e+12  9.78530789e+09
 1.32430000e+03  7.43959747e+16  4.93021916e+15  4.00566742e+10  3.99523886e+09  1.22441544e+12  9.78530789e+09
 1.32560000e+03  7.82306559e+16  8.91540433e+15  4.21213635e+10  7.22466257e+09  1.22441544e+12  9.78530789e+09
 1.32690000e+03  8.18403043e+16  1.27688754e+16  4.40648895e+10  1.03473508e+10  1.22441544e+12  9.78530789e+09
 1.32820000e+03  8.52381256e+16  1.64894748e+16  4.58943625e+10  1.33623655e+10  1.22441544e+12  9.78530789e+09
 1.32950000e+03  8.84365507e+16  2.00768858e+16  4.76164754e+10  1.62694500e+10  1.22441544e+12  9.78530789e+09
 1.33080000e+03  9.14472808e+16  2.35315165e+16  4.92375286e+10  1.90689351e+10  1.22441544e+12  9.78530789e+09
 1.33210000e+03  9.42813304e+16  2.68543953e+16  5.07634526e+10  2.17616540e+10  1.22441544e+12  9.78530789e+09
 1.33340000e+03  9.69490679e+16  3.00470788e+16  5.21998299e+10  2.43488683e+10  1.22441544e+12  9.78530789e+09
 1.33470000e+03  9.94602530e+16  3.31115695e+16  5.35519155e+10  2.68322006e+10  1.22441544e+12  9.78530789e+09
 1.33600000e+03  1.01824073e+17  3.60502429e+16  5.48246559e+10  2.92135758e+10  1.22441544e+12  9.78530789e+09
 1.33600000e+03  1.01824073e+17  3.60502429e+16  5.48246559e+10  2.92135758e+10  1.22441544e+12  9.77552259e+09
 1.33602500e+03  1.01705720e+17  3.61054456e+16  5.47609320e+10  2.92583098e+10  1.22441544e+12  9.77552259e+09
 1.33605000e+03  1.01587506e+17  3.61604144e+16  5.46972821e+10  2.93028541e+10  1.22441544e+12  9.77552259e+09
 1.33607500e+03  1.01469428e+17  3.62151497e+16  5.46337062e+10  2.93472093e+10  1.22441544e+12  9.77552259e+09
 1.33610000e+03  1.01351488e+17  3.62696522e+16  5.45702042e+10  2.93913758e+10  1.22441544e+12  9.77552259e+09
 1.33612500e+03  1.01233685e+17  3.63239225e+16  5.45067760e+10  2.94353540e+10  1.22441544e+12  9.77552259e+09
 1.33615000e+03  1.01116019e+17  3.63779610e+16  5.44434216e+10  2.94791445e+10  1.22441544e+12  9.77552259e+09
 1.33617500e+03  1.00998489e+17  3.64317683e+16  5.43801407e+10  2.95227477e+10  1.22441544e+12  9.77552259e+09
 1.33620000e+03  1.00881096e+17  3.64853451e+16  5.43169335e+10  2.95661640e+10  1.22441544e+12  9.77552259e+09
 1.33622500e+03  1.00763840e+17  3.65386918e+16  5.42537997e+10  2.96093940e+10  1.22441544e+12  9.77552259e+09
 1.33625000e+03  1.00646720e+17  3.65918091e+16  5.41907393e+10  2.96524379e+10  1.22441544e+12  9.77552259e+09
 1.33625000e+03  1.00646720e+17  0.00000000e+00  5.41907393e+10  0.00000000e+00  1.24282101e+12  9.76574706e+09
 1.33700000e+03  9.71957128e+16  3.36145104e+15  5.23326298e+10  2.72397624e+09  1.24282101e+12  9.76574706e+09
 1.33775000e+03  9.38630349e+16  6.43568432e+15  5.05382317e+10  5.21520347e+09  1.24282101e+12  9.76574706e+09
 1.33850000e+03  9.06446290e+16  9.24134482e+15  4.88053606e+10  7.48879081e+09  1.24282101e+12  9.76574706e+09
 1.33925000e+03  8.75365768e+16  1.17959883e+16  4.71319067e+10  9.55896465e+09  1.24282101e+12  9.76574706e+09
 1.34000000e+03  8.45350945e+16  1.41161414e+16  4.55158327e+10  1.14391175e+10  1.24282101e+12  9.76574706e+09
 1.34075000e+03  8.16365280e+16  1.62173591e+16  4.39551712e+10  1.31418545e+10  1.24282101e+12  9.76574706e+09
 1.34150000e+03  7.88373485e+16  1.81142785e+16  4.24480222e+10  1.46790370e+10  1.24282101e+12  9.76574706e+09
 1.34225000e+03  7.61341482e+16  1.98206702e+16  4.09925508e+10  1.60618239e+10  1.24282101e+12  9.76574706e+09
 1.34300000e+03  7.35236360e+16  2.13494864e+16  3.95869850e+10  1.73007112e+10  1.24282101e+12  9.76574706e+09
 1.34375000e+03  7.10026340e+16  2.27129069e+16  3.82296137e+10  1.84055688e+10  1.24282101e+12  9.76574706e+09
 1.34375000e+03  7.10026340e+16  0.00000000e+00  3.82296137e+10  0.00000000e+00  1.24282101e+12  9.76574706e+09
 1.34377500e+03  7.09201060e+16  8.24557672e+13  3.81851786e+10  6.68186291e+07  1.24282101e+12  9.76574706e+09
 1.34380000e+03  7.08376739e+16  1.64671492e+14  3.81407951e+10  1.33442738e+08  1.24282101e+12  9.76574706e+09
 1.34382500e+03  7.07553377e+16  2.46647706e+14  3.80964632e+10  1.99872758e+08  1.24282101e+12  9.76574706e+09
 1.34385000e+03  7.06730972e+16  3.28384939e+14  3.80521828e+10  2.66109118e+08  1.24282101e+12  9.76574706e+09
 1.34387500e+03  7.05909523e+16  4.09883721e+14  3.80079539e+10  3.32152246e+08  1.24282101e+12  9.76574706e+09
 1.34390000e+03  7.05089028e+16  4.91144578e+14  3.79637764e+10  3.98002572e+08  1.24282101e+12  9.76574706e+09
 1.34392500e+03  7.04269487e+16  5.72168039e+14  3.79196502e+10  4.63660521e+08  1.24282101e+12  9.76574706e+09
 1.34395000e+03  7.03450899e+16  6.52954629e+14  3.78755754e+10  5.29126520e+08  1.24282101e+12  9.76574706e+09
 1.34397500e+03  7.02633262e+16  7.33504873e+14  3.78315517e+10  5.94400995e+08  1.24282101e+12  9.76574706e+09
 1.34400000e+03  7.01816575e+16  8.13819295e+14  3.77875793e+10  6.59484369e+08  1.24282101e+12  9.76574706e+09
 1.34400000e+03  7.01816575e+16  8.13819295e+14  3.77875793e+10  6.59484369e+08  1.24282101e+12  9.76574706e+09
 1.34530000e+03  7.42472571e+16  4.92036365e+15  3.99766009e+10  3.98725238e+09  1.24282101e+12  9.76574706e+09
 1.34660000e+03  7.80742728e+16  8.89758244e+15  4.20371629e+10  7.21022047e+09  1.24282101e+12  9.76574706e+09
 1.34790000e+03  8.16767055e+16  1.27433504e+16  4.39768038e+10  1.03266665e+10  1.24282101e+12  9.76574706e+09
 1.34920000e+03  8.50677346e+16  1.64565123e+16  4.58026196e+10  1.33356541e+10  1.24282101e+12  9.76574706e+09
 1.35050000e+03  8.82597660e+16  2.00367521e+16  4.75212901e+10  1.62369274e+10  1.24282101e+12  9.76574706e+09
 1.35180000e+03  9.12644776e+16  2.34844770e+16  4.91391028e+10  1.90308163e+10  1.24282101e+12  9.76574706e+09
 1.35310000e+03  9.40928620e+16  2.68007134e+16  5.06619765e+10  2.17181525e+10  1.24282101e+12  9.76574706e+09
 1.35440000e+03  9.67552667e+16  2.99870147e+16  5.20954825e+10  2.43001949e+10  1.24282101e+12  9.76574706e+09
 1.35570000e+03  9.92614320e+16  3.30453795e+16  5.34448652e+10  2.67785630e+10  1.24282101e+12  9.76574706e+09
 1.35700000e+03  1.01620527e+17  3.59781784e+16  5.47150614e+10  2.91551779e+10  1.24282101e+12  9.76574706e+09
 1.35700000e+03  1.01620527e+17  3.59781784e+16  5.47150614e+10  2.91551779e+10  1.24282101e+12  9.75598132e+09
 1.35702500e+03  1.01502411e+17  3.60332708e+16  5.46514649e+10  2.91998224e+10  1.24282101e+12  9.75598132e+09
 1.35705000e+03  1.01384432e+17  3.60881297e+16  5.45879422e+10  2.92442777e+10  1.24282101e+12  9.75598132e+09
 1.35707500e+03  1.01266591e+17  3.61427556e+16  5.45244934e+10  2.92885442e+10  1.24282101e+12  9.75598132e+09
 1.35710000e+03  1.01148886e+17  3.61971492e+16  5.44611184e+10  2.93326224e+10  1.24282101e+12  9.75598132e+09
 1.35712500e+03  1.01031319e+17  3.62513109e+16  5.43978170e+10  2.93765128e+10  1.24282101e+12  9.75598132e+09
 1.35715000e+03  1.00913888e+17  3.63052414e+16  5.43345892e+10  2.94202157e+10  1.24282101e+12  9.75598132e+09
 1.35717500e+03  1.00796593e+17  3.63589412e+16  5.42714348e+10  2.94637318e+10  1.24282101e+12  9.75598132e+09
 1.35720000e+03  1.00679435e+17  3.64124109e+16  5.42083539e+10  2.95070613e+10  1.24282101e+12  9.75598132e+09
 1.35722500e+03  1.00562413e+17  3.64656510e+16  5.41453463e+10  2.95502048e+10  1.24282101e+12  9.75598132e+09
 1.35725000e+03  1.00445527e+17  3.65186621e+16  5.40824120e+10  2.95931627e+10  1.24282101e+12  9.75598132e+09
 1.35725000e+03  1.00445527e+17  0.00000000e+00  5.40824120e+10  0.00000000e+00  1.26118978e+12  9.74622534e+09
 1.35800000e+03  9.70014185e+16  3.35473150e+15  5.22280168e+10  2.71853101e+09  1.26118978e+12  9.74622534e+09
 1.35875000e+03  9.36754027e+16  6.42281938e+15  5.04372058e+10  5.20477828e+09  1.26118978e+12  9.74622534e+09
 1.35950000e+03  9.04634304e+16  9.22287137e+15  4.87077987e+10  7.47382072e+09  1.26118978e+12  9.74622534e+09
 1.36025000e+03  8.73615912e+16  1.17724081e+16  4.70376900e+10  9.53985628e+09  1.26118978e+12  9.74622534e+09
 1.36100000e+03  8.43661089e+16  1.40879232e+16  4.54248466e+10  1.14162507e+10  1.26118978e+12  9.74622534e+09
 1.36175000e+03  8.14733366e+16  1.61849406e+16  4.38673048e+10  1.31155840e+10  1.26118978e+12  9.74622534e+09
 1.36250000e+03  7.86797527e+16  1.80780681e+16  4.23631686e+10  1.46496936e+10  1.26118978e+12  9.74622534e+09
 1.36325000e+03  7.59819560e+16  1.97810487e+16  4.09106067e+10  1.60297163e+10  1.26118978e+12  9.74622534e+09
 1.36400000e+03  7.33766623e+16  2.13068088e+16  3.95078506e+10  1.72661270e+10  1.26118978e+12  9.74622534e+09
 1.36475000e+03  7.08606997e+16  2.26675038e+16  3.81531927e+10  1.83687761e+10  1.26118978e+12  9.74622534e+09
 1.36475000e+03  7.08606997e+16  0.00000000e+00  3.81531927e+10  0.00000000e+00  1.26118978e+12  9.74622534e+09
 1.36477500e+03  7.07783367e+16  8.22909382e+13  3.81088464e+10  6.66850587e+07  1.26118978e+12  9.74622534e+09
 1.36480000e+03  7.06960694e+16  1.64342314e+14  3.80645516e+10  1.33175986e+08  1.26118978e+12  9.74622534e+09
 1.36482500e+03  7.06138978e+16  2.46154658e+14  3.80203084e+10  1.99473212e+08  1.26118978e+12  9.74622534e+09
 1.36485000e+03  7.05318217e+16  3.27728498e+14  3.79761165e+10  2.65577166e+08  1.26118978e+12  9.74622534e+09
 1.36487500e+03  7.04498409e+16  4.09064363e+14  3.79319760e+10  3.31488274e+08  1.26118978e+12  9.74622534e+09
 1.36490000e+03  7.03679555e+16  4.90162780e+14  3.78878868e+10  3.97206965e+08  1.26118978e+12  9.74622534e+09
 1.36492500e+03  7.02861652e+16  5.71024275e+14  3.78438489e+10  4.62733664e+08  1.26118978e+12  9.74622534e+09
 1.36495000e+03  7.02044700e+16  6.51649373e+14  3.77998621e+10  5.28068796e+08  1.26118978e+12  9.74622534e+09
 1.36497500e+03  7.01228698e+16  7.32038597e+14  3.77559265e+10  5.93212787e+08  1.26118978e+12  9.74622534e+09
 1.36500000e+03  7.00413644e+16  8.12192470e+14  3.77120419e+10  6.58166059e+08  1.26118978e+12  9.74622534e+09
 1.36500000e+03  7.00413644e+16  8.12192470e+14  3.77120419e+10  6.58166059e+08  1.26118978e+12  9.74622534e+09
 1.36630000e+03  7.40988368e+16  4.91052785e+15  3.98966877e+10  3.97928186e+09  1.26118978e+12  9.74622534e+09
 1.36760000e+03  7.79182023e+16  8.87979617e+15  4.19531306e+10  7.19580724e+09  1.26118978e+12  9.74622534e+09
 1.36890000e+03  8.15134338e+16  1.27178765e+16  4.38888942e+10  1.03060235e+10  1.26118978e+12  9.74622534e+09
 1.37020000e+03  8.48976842e+16  1.64236157e+16  4.57110602e+10  1.33089961e+10  1.26118978e+12  9.74622534e+09
 1.37150000e+03  8.80833348e+16  1.99966986e+16  4.74262950e+10  1.62044698e+10  1.26118978e+12  9.74622534e+09
 1.37280000e+03  9.10820399e+16  2.34375315e+16  4.90408737e+10  1.89927737e+10  1.26118978e+12  9.74622534e+09
 1.37410000e+03  9.39047704e+16  2.67471387e+16  5.05607032e+10  2.16747379e+10  1.26118978e+12  9.74622534e+09
 1.37540000e+03  9.65618529e+16  2.99270707e+16  5.19913436e+10  2.42516188e+10  1.26118978e+12  9.74622534e+09
 1.37670000e+03  9.90630084e+16  3.29793218e+16  5.33380290e+10  2.67250326e+10  1.26118978e+12  9.74622534e+09
 1.37800000e+03  1.01417387e+17  3.59062580e+16  5.46056860e+10  2.90968967e+10  1.26118978e+12  9.74622534e+09
 1.37800000e+03  1.01417387e+17  3.59062580e+16  5.46056860e+10  2.90968967e+10  1.26118978e+12  9.73647911e+09
 1.37802500e+03  1.01299507e+17  3.59612403e+16  5.45422166e+10  2.91414519e+10  1.26118978e+12  9.73647911e+09
 1.37805000e+03  1.01181765e+17  3.60159895e+16  5.44788209e+10  2.91858184e+10  1.26118978e+12  9.73647911e+09
 1.37807500e+03  1.01064159e+17  3.60705063e+16  5.44154990e+10  2.92299964e+10  1.26118978e+12  9.73647911e+09
 1.37810000e+03  1.00946690e+17  3.61247911e+16  5.43522506e+10  2.92739865e+10  1.26118978e+12  9.73647911e+09
 1.37812500e+03  1.00829357e+17  3.61788446e+16  5.42890757e+10  2.93177891e+10  1.26118978e+12  9.73647911e+09
 1.37815000e+03  1.00712161e+17  3.62326672e+16  5.42259743e+10  2.93614047e+10  1.26118978e+12  9.73647911e+09
 1.37817500e+03  1.00595101e+17  3.62862597e+16  5.41629462e+10  2.94048338e+10  1.26118978e+12  9.73647911e+09
 1.37820000e+03  1.00478177e+17  3.63396225e+16  5.40999914e+10  2.94480767e+10  1.26118978e+12  9.73647911e+09
 1.37822500e+03  1.00361389e+17  3.63927562e+16  5.40371098e+10  2.94911339e+10  1.26118978e+12  9.73647911e+09
 1.37825000e+03  1.00244736e+17  3.64456613e+16  5.39743012e+10  2.95340060e+10  1.26118978e+12  9.73647911e+09
 1.37825000e+03  1.00244736e+17  0.00000000e+00  5.39743012e+10  0.00000000e+00  1.27952184e+12  9.72674263e+09
 1.37900000e+03  9.68075127e+16  3.34802540e+15  5.21236130e+10  2.71309667e+09  1.27952184e+12  9.72674263e+09
 1.37975000e+03  9.34881456e+16  6.40998017e+15  5.03363818e+10  5.19437392e+09  1.27952184e+12  9.72674263e+09
 1.38050000e+03  9.02825940e+16  9.20443485e+15  4.86104318e+10  7.45888055e+09  1.27952184e+12  9.72674263e+09
 1.38125000e+03  8.71869554e+16  1.17488750e+16  4.69436617e+10  9.52078610e+09  1.27952184e+12  9.72674263e+09
 1.38200000e+03  8.41974610e+16  1.40597614e+16  4.53340423e+10  1.13934297e+10  1.27952184e+12  9.72674263e+09
 1.38275000e+03  8.13104714e+16  1.61525869e+16  4.37796141e+10  1.30893659e+10  1.27952184e+12  9.72674263e+09
 1.38350000e+03  7.85224718e+16  1.80419300e+16  4.22784846e+10  1.46204088e+10  1.27952184e+12  9.72674263e+09
 1.38425000e+03  7.58300681e+16  1.97415064e+16  4.08288264e+10  1.59976729e+10  1.27952184e+12  9.72674263e+09
 1.38500000e+03  7.32299823e+16  2.12642165e+16  3.94288744e+10  1.72316121e+10  1.27952184e+12  9.72674263e+09
 1.38575000e+03  7.07190492e+16  2.26221914e+16  3.80769245e+10  1.83320569e+10  1.27952184e+12  9.72674263e+09
 1.38575000e+03  7.07190492e+16  0.00000000e+00  3.80769245e+10  0.00000000e+00  1.27952184e+12  9.72674263e+09
 1.38577500e+03  7.06368508e+16  8.21264386e+13  3.80326668e+10  6.65517552e+07  1.27952184e+12  9.72674263e+09
 1.38580000e+03  7.05547480e+16  1.64013794e+14  3.79884606e+10  1.32909767e+08  1.27952184e+12  9.72674263e+09
 1.38582500e+03  7.04727406e+16  2.45662594e+14  3.79443058e+10  1.99074465e+08  1.27952184e+12  9.72674263e+09
 1.38585000e+03  7.03908286e+16  3.27073369e+14  3.79002022e+10  2.65046277e+08  1.27952184e+12  9.72674263e+09
 1.38587500e+03  7.03090117e+16  4.08246644e+14  3.78561500e+10  3.30825629e+08  1.27952184e+12  9.72674263e+09
 1.38590000e+03  7.02272900e+16  4.89182945e+14  3.78121489e+10  3.96412948e+08  1.27952184e+12  9.72674263e+09
 1.38592500e+03  7.01456632e+16  5.69882798e+14  3.77681990e+10  4.61808659e+08  1.27952184e+12  9.72674263e+09
 1.38595000e+03  7.00641313e+16  6.50346726e+14  3.77243002e+10  5.27013187e+08  1.27952184e+12  9.72674263e+09
 1.38597500e+03  6.99826942e+16  7.30575252e+14  3.76804524e+10  5.92026955e+08  1.27952184e+12  9.72674263e+09
 1.38600000e+03  6.99013517e+16  8.10568897e+14  3.76366555e+10  6.56850386e+08  1.27952184e+12  9.72674263e+09
 1.38600000e+03  6.99013517e+16  8.10568897e+14  3.76366555e+10  6.56850386e+08  1.27952184e+12  9.72674263e+09
 1.38730000e+03  7.39507133e+16  4.90071170e+15  3.98169342e+10  3.97132727e+09  1.27952184e+12  9.72674263e+09
 1.38860000e+03  7.77624438e+16  8.86204546e+15  4.18692663e+10  7.18142282e+09  1.27952184e+12  9.72674263e+09
 1.38990000e+03  8.13504884e+16  1.26924534e+16  4.38011603e+10  1.02854217e+10  1.27952184e+12  9.72674263e+09
 1.39120000e+03  8.47279738e+16  1.63907849e+16  4.56196838e+10  1.32823915e+10  1.27952184e+12  9.72674263e+09
 1.39250000e+03  8.79072562e+16  1.99567252e+16  4.73314898e+10  1.61720770e+10  1.27952184e+12  9.72674263e+09
 1.39380000e+03  9.08999669e+16  2.33906799e+16  4.89428410e+10  1.89548071e+10  1.27952184e+12  9.72674263e+09
 1.39510000e+03  9.37170548e+16  2.66936712e+16  5.04596323e+10  2.16314101e+10  1.27952184e+12  9.72674263e+09
 1.39640000e+03  9.63688258e+16  2.98672465e+16  5.18874129e+10  2.42031398e+10  1.27952184e+12  9.72674263e+09
 1.39770000e+03  9.88649814e+16  3.29133961e+16  5.32314062e+10  2.66716093e+10  1.27952184e+12  9.72674263e+09
 1.39900000e+03  1.01214654e+17  3.58344814e+16  5.44965292e+10  2.90387320e+10  1.27952184e+12  9.72674263e+09
 1.39900000e+03  1.01214654e+17  3.58344814e+16  5.44965292e+10  2.90387320e+10  1.27952184e+12  9.71701589e+09
 1.39902500e+03  1.01097010e+17  3.58893538e+16  5.44331867e+10  2.90831982e+10  1.27952184e+12  9.71701589e+09
 1.39905000e+03  1.00979502e+17  3.59439936e+16  5.43699178e+10  2.91274759e+10  1.27952184e+12  9.71701589e+09
 1.39907500e+03  1.00862132e+17  3.59984013e+16  5.43067224e+10  2.91715656e+10  1.27952184e+12  9.71701589e+09
 1.39910000e+03  1.00744897e+17  3.60525776e+16  5.42436004e+10  2.92154678e+10  1.27952184e+12  9.71701589e+09
 1.39912500e+03  1.00627799e+17  3.61065231e+16  5.41805519e+10  2.92591829e+10  1.27952184e+12  9.71701589e+09
 1.39915000e+03  1.00510837e+17  3.61602381e+16  5.41175766e+10  2.93027113e+10  1.27952184e+12  9.71701589e+09
 1.39917500e+03  1.00394011e+17  3.62137235e+16  5.40546745e+10  2.93460535e+10  1.27952184e+12  9.71701589e+09
 1.39920000e+03  1.00277321e+17  3.62669796e+16  5.39918455e+10  2.93892100e+10  1.27952184e+12  9.71701589e+09
 1.39922500e+03  1.00160766e+17  3.63200070e+16  5.39290896e+10  2.94321812e+10  1.27952184e+12  9.71701589e+09
 1.39925000e+03  1.00044347e+17  3.63728064e+16  5.38664066e+10  2.94749675e+10  1.27952184e+12  9.71701589e+09
 1.39925000e+03  1.00044347e+17  0.00000000e+00  5.38664066e+10  0.00000000e+00  1.29781725e+12  9.70729887e+09
 1.40000000e+03  9.66139945e+16  3.34133269e+15  5.20194179e+10  2.70767318e+09  1.29781725e+12  9.70729887e+09
 1.40075000e+03  9.33012628e+16  6.39716662e+15  5.02357594e+10  5.18399037e+09  1.29781725e+12  9.70729887e+09
 1.40150000e+03  9.01021191e+16  9.18603519e+15  4.85132595e+10  7.44397025e+09  1.29781725e+12  9.70729887e+09
 1.40225000e+03  8.70126687e+16  1.17253890e+16  4.68498213e+10  9.50175405e+09  1.29781725e+12  9.70729887e+09
 1.40300000e+03  8.40291503e+16  1.40316560e+16  4.52434196e+10  1.13706542e+10  1.29781725e+12  9.70729887e+09
 1.40375000e+03  8.11479318e+16  1.61202978e+16  4.36920987e+10  1.30632003e+10  1.29781725e+12  9.70729887e+09
 1.40450000e+03  7.83655054e+16  1.80058642e+16  4.21939699e+10  1.45911826e+10  1.29781725e+12  9.70729887e+09
 1.40525000e+03  7.56784838e+16  1.97020431e+16  4.07472095e+10  1.59656935e+10  1.29781725e+12  9.70729887e+09
 1.40600000e+03  7.30835956e+16  2.12217093e+16  3.93500561e+10  1.71971661e+10  1.29781725e+12  9.70729887e+09
 1.40675000e+03  7.05776818e+16  2.25769697e+16  3.80008087e+10  1.82954111e+10  1.29781725e+12  9.70729887e+09
 1.40675000e+03  7.05776818e+16  0.00000000e+00  3.80008087e+10  0.00000000e+00  1.29781725e+12  9.70729887e+09
 1.40677500e+03  7.04956477e+16  8.19622678e+13  3.79566395e+10  6.64187183e+07  1.29781725e+12  9.70729887e+09
 1.40680000e+03  7.04137091e+16  1.63685930e+14  3.79125217e+10  1.32644081e+08  1.29781725e+12  9.70729887e+09
 1.40682500e+03  7.03318656e+16  2.45171515e+14  3.78684551e+10  1.98676515e+08  1.29781725e+12  9.70729887e+09
 1.40685000e+03  7.02501173e+16  3.26419549e+14  3.78244397e+10  2.64516449e+08  1.29781725e+12  9.70729887e+09
 1.40687500e+03  7.01684640e+16  4.07430559e+14  3.77804755e+10  3.30164309e+08  1.29781725e+12  9.70729887e+09
 1.40690000e+03  7.00869056e+16  4.88205068e+14  3.77365624e+10  3.95620518e+08  1.29781725e+12  9.70729887e+09
 1.40692500e+03  7.00054420e+16  5.68743602e+14  3.76927004e+10  4.60885503e+08  1.29781725e+12  9.70729887e+09
 1.40695000e+03  6.99240731e+16  6.49046683e+14  3.76488893e+10  5.25959687e+08  1.29781725e+12  9.70729887e+09
 1.40697500e+03  6.98427988e+16  7.29114832e+14  3.76051291e+10  5.90843493e+08  1.29781725e+12  9.70729887e+09
 1.40700000e+03  6.97616189e+16  8.08948570e+14  3.75614198e+10  6.55537342e+08  1.29781725e+12  9.70729887e+09
 1.40700000e+03  6.97616189e+16  8.08948570e+14  3.75614198e+10  6.55537342e+08  1.29781725e+12  9.70729887e+09
 1.40830000e+03  7.38028858e+16  4.89091518e+15  3.97373401e+10  3.96338859e+09  1.29781725e+12  9.70729887e+09
 1.40960000e+03  7.76069967e+16  8.84433023e+15  4.17855697e+10  7.16706716e+09  1.29781725e+12  9.70729887e+09
 1.41090000e+03  8.11878688e+16  1.26670812e+16  4.37136018e+10  1.02648612e+10  1.29781725e+12  9.70729887e+09
 1.41220000e+03  8.45586025e+16  1.63580197e+16  4.55284900e+10  1.32558400e+10  1.29781725e+12  9.70729887e+09
 1.41350000e+03  8.77315296e+16  1.99168317e+16  4.72368742e+10  1.61397491e+10  1.29781725e+12  9.70729887e+09
 1.41480000e+03  9.07182579e+16  2.33439219e+16  4.88450043e+10  1.89169164e+10  1.29781725e+12  9.70729887e+09
 1.41610000e+03  9.35297144e+16  2.66403106e+16  5.03587635e+10  2.15881689e+10  1.29781725e+12  9.70729887e+09
 1.41740000e+03  9.61761845e+16  2.98075418e+16  5.17836900e+10  2.41547577e+10  1.29781725e+12  9.70729887e+09
 1.41870000e+03  9.86673503e+16  3.28476023e+16  5.31249967e+10  2.66182928e+10  1.29781725e+12  9.70729887e+09
 1.42000000e+03  1.01012326e+17  3.57628483e+16  5.43875907e+10  2.89806835e+10  1.29781725e+12  9.70729887e+09
 1.42000000e+03  1.01012326e+17  3.57628483e+16  5.43875907e+10  2.89806835e+10  1.29781725e+12  9.69759157e+09
 1.42002500e+03  1.00894917e+17  3.58176110e+16  5.43243747e+10  2.90250609e+10  1.29781725e+12  9.69759157e+09
 1.42005000e+03  1.00777644e+17  3.58721415e+16  5.42612323e+10  2.90692501e+10  1.29781725e+12  9.69759157e+09
 1.42007500e+03  1.00660508e+17  3.59264405e+16  5.41981632e+10  2.91132517e+10  1.29781725e+12  9.69759157e+09
 1.42010000e+03  1.00543508e+17  3.59805085e+16  5.41351675e+10  2.91570661e+10  1.29781725e+12  9.69759157e+09
 1.42012500e+03  1.00426644e+17  3.60343461e+16  5.40722450e+10  2.92006938e+10  1.29781725e+12  9.69759157e+09
 1.42015000e+03  1.00309916e+17  3.60879538e+16  5.40093956e+10  2.92441352e+10  1.29781725e+12  9.69759157e+09
 1.42017500e+03  1.00193324e+17  3.61413322e+16  5.39466192e+10  2.92873907e+10  1.29781725e+12  9.69759157e+09
 1.42020000e+03  1.00076867e+17  3.61944819e+16  5.38839158e+10  2.93304609e+10  1.29781725e+12  9.69759157e+09
 1.42022500e+03  9.99605450e+16  3.62474033e+16  5.38212854e+10  2.93733462e+10  1.29781725e+12  9.69759157e+09
 1.42025000e+03  9.98443586e+16  3.63000972e+16  5.37587277e+10  2.94160470e+10  1.29781725e+12  9.69759157e+09
 1.42025000e+03  9.98443586e+16  0.00000000e+00  5.37587277e+10  0.00000000e+00  1.31607609e+12  9.68789398e+09
 1.42100000e+03  9.64208631e+16  3.33465337e+15  5.19154311e+10  2.70226055e+09  1.31607609e+12  9.68789398e+09
 1.42175000e+03  9.31147536e+16  6.38437868e+15  5.01353381e+10  5.17362757e+09  1.31607609e+12  9.68789398e+09
 1.42250000e+03  8.99220050e+16  9.16767230e+15  4.84162815e+10  7.42908975e+09  1.31607609e+12  9.68789398e+09
 1.42325000e+03  8.68387303e+16  1.17019500e+16  4.67561685e+10  9.48276005e+09  1.31607609e+12  9.68789398e+09
 1.42400000e+03  8.38611760e+16  1.40036067e+16  4.51529780e+10  1.13479243e+10  1.31607609e+12  9.68789398e+09
 1.42475000e+03  8.09857171e+16  1.60880734e+16  4.36047582e+10  1.30370869e+10  1.31607609e+12  9.68789398e+09
 1.42550000e+03  7.82088528e+16  1.79698705e+16  4.21096242e+10  1.45620149e+10  1.31607609e+12  9.68789398e+09
 1.42625000e+03  7.55272025e+16  1.96626587e+16  4.06657559e+10  1.59337781e+10  1.31607609e+12  9.68789398e+09
 1.42700000e+03  7.29375015e+16  2.11792871e+16  3.92713953e+10  1.71627889e+10  1.31607609e+12  9.68789398e+09
 1.42775000e+03  7.04365970e+16  2.25318383e+16  3.79248451e+10  1.82588386e+10  1.31607609e+12  9.68789398e+09
 1.42775000e+03  7.04365970e+16  0.00000000e+00  3.79248451e+10  0.00000000e+00  1.31607609e+12  9.68789398e+09
 1.42777500e+03  7.03547269e+16  8.17984253e+13  3.78807642e+10  6.62859472e+07  1.31607609e+12  9.68789398e+09
 1.42780000e+03  7.02729521e+16  1.63358722e+14  3.78367345e+10  1.32378925e+08  1.31607609e+12  9.68789398e+09
 1.42782500e+03  7.01912722e+16  2.44681417e+14  3.77927561e+10  1.98279361e+08  1.31607609e+12  9.68789398e+09
 1.42785000e+03  7.01096873e+16  3.25767036e+14  3.77488287e+10  2.63987681e+08  1.31607609e+12  9.68789398e+09
 1.42787500e+03  7.00281972e+16  4.06616105e+14  3.77049524e+10  3.29504310e+08  1.31607609e+12  9.68789398e+09
 1.42790000e+03  6.99468019e+16  4.87229146e+14  3.76611270e+10  3.94829673e+08  1.31607609e+12  9.68789398e+09
 1.42792500e+03  6.98655011e+16  5.67606684e+14  3.76173527e+10  4.59964193e+08  1.31607609e+12  9.68789398e+09
 1.42795000e+03  6.97842949e+16  6.47749238e+14  3.75736292e+10  5.24908294e+08  1.31607609e+12  9.68789398e+09
 1.42797500e+03  6.97031830e+16  7.27657331e+14  3.75299565e+10  5.89662397e+08  1.31607609e+12  9.68789398e+09
 1.42800000e+03  6.96221654e+16  8.07331482e+14  3.74863346e+10  6.54226922e+08  1.31607609e+12  9.68789398e+09
 1.42800000e+03  6.96221654e+16  8.07331482e+14  3.74863346e+10  6.54226922e+08  1.31607609e+12  9.68789398e+09
 1.42930000e+03  7.36553538e+16  4.88113824e+15  3.96579052e+10  3.95546578e+09  1.31607609e+12  9.68789398e+09
 1.43060000e+03  7.74518603e+16  8.82665042e+15  4.17020403e+10  7.15274019e+09  1.31607609e+12  9.68789398e+09
 1.43190000e+03  8.10255743e+16  1.26417597e+16  4.36262183e+10  1.02443417e+10  1.31607609e+12  9.68789398e+09
 1.43320000e+03  8.43895699e+16  1.63253201e+16  4.54374786e+10  1.32293415e+10  1.31607609e+12  9.68789398e+09
 1.43450000e+03  8.75561542e+16  1.98770180e+16  4.71424477e+10  1.61074857e+10  1.31607609e+12  9.68789398e+09
 1.43580000e+03  9.05369121e+16  2.32972574e+16  4.87473631e+10  1.88791015e+10  1.31607609e+12  9.68789398e+09
 1.43710000e+03  9.33427485e+16  2.65870566e+16  5.02580964e+10  2.15450141e+10  1.31607609e+12  9.68789398e+09
 1.43840000e+03  9.59839283e+16  2.97479566e+16  5.16801744e+10  2.41064724e+10  1.31607609e+12  9.68789398e+09
 1.43970000e+03  9.84701143e+16  3.27819399e+16  5.30187998e+10  2.65650828e+10  1.31607609e+12  9.68789398e+09
 1.44100000e+03  1.00810402e+17  3.56913584e+16  5.42788699e+10  2.89227512e+10  1.31607609e+12  9.68789398e+09
 1.44100000e+03  1.00810402e+17  3.56913584e+16  5.42788699e+10  2.89227512e+10  1.31607609e+12  9.67820609e+09
 1.44102500e+03  1.00693228e+17  3.57460116e+16  5.42157803e+10  2.89670398e+10  1.31607609e+12  9.67820609e+09
 1.44105000e+03  1.00576190e+17  3.58004331e+16  5.41527641e+10  2.90111407e+10  1.31607609e+12  9.67820609e+09
 1.44107500e+03  1.00459288e+17  3.58546236e+16  5.40898211e+10  2.90550543e+10  1.31607609e+12  9.67820609e+09
 1.44110000e+03  1.00342522e+17  3.59085835e+16  5.40269513e+10  2.90987811e+10  1.31607609e+12  9.67820609e+09
 1.44112500e+03  1.00225891e+17  3.59623135e+16  5.39641545e+10  2.91423216e+10  1.31607609e+12  9.67820609e+09
 1.44115000e+03  1.00109397e+17  3.60158140e+16  5.39014308e+10  2.91856761e+10  1.31607609e+12  9.67820609e+09
 1.44117500e+03  9.99930371e+16  3.60690857e+16  5.38387799e+10  2.92288452e+10  1.31607609e+12  9.67820609e+09
 1.44120000e+03  9.98768129e+16  3.61221291e+16  5.37762019e+10  2.92718293e+10  1.31607609e+12  9.67820609e+09
 1.44122500e+03  9.97607238e+16  3.61749448e+16  5.37136966e+10  2.93146289e+10  1.31607609e+12  9.67820609e+09
 1.44125000e+03  9.96447697e+16  3.62275333e+16  5.36512640e+10  2.93572444e+10  1.31607609e+12  9.67820609e+09
 1.44125000e+03  9.96447697e+16  0.00000000e+00  5.36512640e+10  0.00000000e+00  1.33429843e+12  9.66852788e+09
 1.44200000e+03  9.62281178e+16  3.32798740e+15  5.18116522e+10  2.69685873e+09  1.33429843e+12  9.66852788e+09
 1.44275000e+03  9.29286172e+16  6.37161631e+15  5.00351176e+10  5.16328549e+09  1.33429843e+12  9.66852788e+09
 1.44350000e+03  8.97422509e+16  9.14934613e+15  4.83194974e+10  7.41423900e+09  1.33429843e+12  9.66852788e+09
 1.44425000e+03  8.66651397e+16  1.16785578e+16  4.66627029e+10  9.46380401e+09  1.33429843e+12  9.66852788e+09
 1.44500000e+03  8.36935375e+16  1.39756135e+16  4.50627172e+10  1.13252398e+10  1.33429843e+12  9.66852788e+09
 1.44575000e+03  8.08238266e+16  1.60559133e+16  4.35175922e+10  1.30110258e+10  1.33429843e+12  9.66852788e+09
 1.44650000e+03  7.80525133e+16  1.79339487e+16  4.20254470e+10  1.45329054e+10  1.33429843e+12  9.66852788e+09
 1.44725000e+03  7.53762236e+16  1.96233530e+16  4.05844650e+10  1.59019265e+10  1.33429843e+12  9.66852788e+09
 1.44800000e+03  7.27916994e+16  2.11369497e+16  3.91928918e+10  1.71284805e+10  1.33429843e+12  9.66852788e+09
 1.44875000e+03  7.02957942e+16  2.24867971e+16  3.78490334e+10  1.82223392e+10  1.33429843e+12  9.66852788e+09
 1.44875000e+03  7.02957942e+16  0.00000000e+00  3.78490334e+10  0.00000000e+00  1.33429843e+12  9.66852788e+09
 1.44877500e+03  7.02140878e+16  8.16349102e+13  3.78050406e+10  6.61534416e+07  1.33429843e+12  9.66852788e+09
 1.44880000e+03  7.01324764e+16  1.63032168e+14  3.77610989e+10  1.32114300e+08  1.33429843e+12  9.66852788e+09
 1.44882500e+03  7.00509599e+16  2.44192299e+14  3.77172083e+10  1.97883001e+08  1.33429843e+12  9.66852788e+09
 1.44885000e+03  6.99695380e+16  3.25115828e+14  3.76733688e+10  2.63459970e+08  1.33429843e+12  9.66852788e+09
 1.44887500e+03  6.98882109e+16  4.05803279e+14  3.76295802e+10  3.28845631e+08  1.33429843e+12  9.66852788e+09
 1.44890000e+03  6.98069782e+16  4.86255175e+14  3.75858425e+10  3.94040408e+08  1.33429843e+12  9.66852788e+09
 1.44892500e+03  6.97258400e+16  5.66472038e+14  3.75421556e+10  4.59044725e+08  1.33429843e+12  9.66852788e+09
 1.44895000e+03  6.96447961e+16  6.46454388e+14  3.74985195e+10  5.23859002e+08  1.33429843e+12  9.66852788e+09
 1.44897500e+03  6.95638464e+16  7.26202744e+14  3.74549341e+10  5.88483661e+08  1.33429843e+12  9.66852788e+09
 1.44900000e+03  6.94829907e+16  8.05717626e+14  3.74113994e+10  6.52919123e+08  1.33429843e+12  9.66852788e+09
 1.44900000e+03  6.94829907e+16  8.05717626e+14  3.74113994e+10  6.52919123e+08  1.33429843e+12  9.66852788e+09
 1.45030000e+03  7.35081168e+16  4.87138084e+15  3.95786290e+10  3.94755880e+09  1.33429843e+12  9.66852788e+09
 1.45160000e+03  7.72970341e+16  8.80900594e+15  4.16186779e+10  7.13844186e+09  1.33429843e+12  9.66852788e+09
 1.45290000e+03  8.08636041e+16  1.26164889e+16  4.35390095e+10  1.02238633e+10  1.33429843e+12  9.66852788e+09
 1.45420000e+03  8.42208751e+16  1.62926857e+16  4.53466491e+10  1.32028961e+10  1.33429843e+12  9.66852788e+09
 1.45550000e+03  8.73811295e+16  1.98372838e+16  4.70482099e+10  1.60752868e+10  1.33429843e+12  9.66852788e+09
 1.45680000e+03  9.03559288e+16  2.32506862e+16  4.86499171e+10  1.88413622e+10  1.33429843e+12  9.66852788e+09
 1.45810000e+03  9.31561563e+16  2.65339090e+16  5.01576304e+10  2.15019457e+10  1.33429843e+12  9.66852788e+09
 1.45940000e+03  9.57920564e+16  2.96884904e+16  5.15768657e+10  2.40582835e+10  1.33429843e+12  9.66852788e+09
 1.46070000e+03  9.82732725e+16  3.27164088e+16  5.29128152e+10  2.65119792e+10  1.33429843e+12  9.66852788e+09
 1.46200000e+03  1.00608882e+17  3.56200113e+16  5.41703664e+10  2.88649346e+10  1.33429843e+12  9.66852788e+09
 1.46200000e+03  1.00608882e+17  3.56200113e+16  5.41703664e+10  2.88649346e+10  1.33429843e+12  9.65885935e+09
 1.46202500e+03  1.00491942e+17  3.56745553e+16  5.41074030e+10  2.89091347e+10  1.33429843e+12  9.65885935e+09
 1.46205000e+03  1.00375138e+17  3.57288681e+16  5.40445127e+10  2.89531474e+10  1.33429843e+12  9.65885935e+09
 1.46207500e+03  1.00258470e+17  3.57829502e+16  5.39816956e+10  2.89969732e+10  1.33429843e+12  9.65885935e+09
 1.46210000e+03  1.00141937e+17  3.58368022e+16  5.39189514e+10  2.90406126e+10  1.33429843e+12  9.65885935e+09
 1.46212500e+03  1.00025540e+17  3.58904248e+16  5.38562802e+10  2.90840661e+10  1.33429843e+12  9.65885935e+09
 1.46215000e+03  9.99092778e+16  3.59438184e+16  5.37936818e+10  2.91273340e+10  1.33429843e+12  9.65885935e+09
 1.46217500e+03  9.97931510e+16  3.59969836e+16  5.37311562e+10  2.91704168e+10  1.33429843e+12  9.65885935e+09
 1.46220000e+03  9.96771592e+16  3.60499210e+16  5.36687033e+10  2.92133150e+10  1.33429843e+12  9.65885935e+09
 1.46222500e+03  9.95613022e+16  3.61026311e+16  5.36063229e+10  2.92560290e+10  1.33429843e+12  9.65885935e+09
 1.46225000e+03  9.94455798e+16  3.61551144e+16  5.35440151e+10  2.92985592e+10  1.33429843e+12  9.65885935e+09
 1.46225000e+03  9.94455798e+16  0.00000000e+00  5.35440151e+10  0.00000000e+00  1.35248434e+12  9.64920049e+09
 1.46300000e+03  9.60357578e+16  3.32133475e+15  5.17080807e+10  2.69146771e+09  1.35248434e+12  9.64920049e+09
 1.46375000e+03  9.27428529e+16  6.35887945e+15  4.99350974e+10  5.15296409e+09  1.35248434e+12  9.64920049e+09
 1.46450000e+03  8.95628561e+16  9.13105658e+15  4.82229067e+10  7.39941794e+09  1.35248434e+12  9.64920049e+09
 1.46525000e+03  8.64918961e+16  1.16552123e+16  4.65694242e+10  9.44488586e+09  1.35248434e+12  9.64920049e+09
 1.46600000e+03  8.35262342e+16  1.39476762e+16  4.49726368e+10  1.13026006e+10  1.35248434e+12  9.64920049e+09
 1.46675000e+03  8.06622598e+16  1.60238175e+16  4.34306006e+10  1.29850168e+10  1.35248434e+12  9.64920049e+09
 1.46750000e+03  7.78964863e+16  1.78980987e+16  4.19414382e+10  1.45038541e+10  1.35248434e+12  9.64920049e+09
 1.46825000e+03  7.52255465e+16  1.95841260e+16  4.05033367e+10  1.58701385e+10  1.35248434e+12  9.64920049e+09
 1.46900000e+03  7.26461888e+16  2.10946969e+16  3.91145452e+10  1.70942407e+10  1.35248434e+12  9.64920049e+09
 1.46975000e+03  7.01552729e+16  2.24418460e+16  3.77733731e+10  1.81859127e+10  1.35248434e+12  9.64920049e+09
 1.46975000e+03  7.01552729e+16  0.00000000e+00  3.77733731e+10  0.00000000e+00  1.35248434e+12  9.64920049e+09
 1.46977500e+03  7.00737299e+16  8.14717220e+13  3.77294683e+10  6.60212009e+07  1.35248434e+12  9.64920049e+09
 1.46980000e+03  6.99922816e+16  1.62706267e+14  3.76856145e+10  1.31850203e+08  1.35248434e+12  9.64920049e+09
 1.46982500e+03  6.99109280e+16  2.43704158e+14  3.76418116e+10  1.97487433e+08  1.35248434e+12  9.64920049e+09
 1.46985000e+03  6.98296689e+16  3.24465922e+14  3.75980597e+10  2.62933313e+08  1.35248434e+12  9.64920049e+09
 1.46987500e+03  6.97485043e+16  4.04992079e+14  3.75543586e+10  3.28188269e+08  1.35248434e+12  9.64920049e+09
 1.46990000e+03  6.96674341e+16  4.85283151e+14  3.75107084e+10  3.93252722e+08  1.35248434e+12  9.64920049e+09
 1.46992500e+03  6.95864580e+16  5.65339660e+14  3.74671088e+10  4.58127095e+08  1.35248434e+12  9.64920049e+09
 1.46995000e+03  6.95055761e+16  6.45162125e+14  3.74235599e+10  5.22811808e+08  1.35248434e+12  9.64920049e+09
 1.46997500e+03  6.94247882e+16  7.24751065e+14  3.73800617e+10  5.87307283e+08  1.35248434e+12  9.64920049e+09
 1.47000000e+03  6.93440942e+16  8.04106997e+14  3.73366140e+10  6.51613938e+08  1.35248434e+12  9.64920049e+09
 1.47000000e+03  6.93440942e+16  8.04106997e+14  3.73366140e+10  6.51613938e+08  1.35248434e+12  9.64920049e+09
 1.47130000e+03  7.33611741e+16  4.86164295e+15  3.94995114e+10  3.93966763e+09  1.35248434e+12  9.64920049e+09
 1.47260000e+03  7.71425173e+16  8.79139674e+15  4.15354822e+10  7.12417212e+09  1.35248434e+12  9.64920049e+09
 1.47390000e+03  8.07019578e+16  1.25912685e+16  4.34519750e+10  1.02034258e+10  1.35248434e+12  9.64920049e+09
 1.47520000e+03  8.40525176e+16  1.62601167e+16  4.52560011e+10  1.31765035e+10  1.35248434e+12  9.64920049e+09
 1.47650000e+03  8.72064546e+16  1.97976291e+16  4.69541606e+10  1.60431523e+10  1.35248434e+12  9.64920049e+09
 1.47780000e+03  9.01753073e+16  2.32042081e+16  4.85526659e+10  1.88036983e+10  1.35248434e+12  9.64920049e+09
 1.47910000e+03  9.29699372e+16  2.64808678e+16  5.00573653e+10  2.14589633e+10  1.35248434e+12  9.64920049e+09
 1.48040000e+03  9.56005681e+16  2.96291431e+16  5.14737636e+10  2.40101910e+10  1.35248434e+12  9.64920049e+09
 1.48170000e+03  9.80768243e+16  3.26510087e+16  5.28070425e+10  2.64589817e+10  1.35248434e+12  9.64920049e+09
 1.48300000e+03  1.00407765e+17  3.55488069e+16  5.40620799e+10  2.88072336e+10  1.35248434e+12  9.64920049e+09
 1.48300000e+03  1.00407765e+17  3.55488069e+16  5.40620799e+10  2.88072336e+10  1.35248434e+12  9.63955129e+09
 1.48302500e+03  1.00291059e+17  3.56032419e+16  5.39992423e+10  2.88513453e+10  1.35248434e+12  9.63955129e+09
 1.48305000e+03  1.00174488e+17  3.56574460e+16  5.39364777e+10  2.88952701e+10  1.35248434e+12  9.63955129e+09
 1.48307500e+03  1.00058053e+17  3.57114201e+16  5.38737861e+10  2.89390083e+10  1.35248434e+12  9.63955129e+09
 1.48310000e+03  9.99417533e+16  3.57651645e+16  5.38111674e+10  2.89825605e+10  1.35248434e+12  9.63955129e+09
 1.48312500e+03  9.98255887e+16  3.58186798e+16  5.37486215e+10  2.90259270e+10  1.35248434e+12  9.63955129e+09
 1.48315000e+03  9.97095592e+16  3.58719667e+16  5.36861483e+10  2.90691084e+10  1.35248434e+12  9.63955129e+09
 1.48317500e+03  9.95936645e+16  3.59250256e+16  5.36237476e+10  2.91121051e+10  1.35248434e+12  9.63955129e+09
 1.48320000e+03  9.94779045e+16  3.59778572e+16  5.35614195e+10  2.91549175e+10  1.35248434e+12  9.63955129e+09
 1.48322500e+03  9.93622791e+16  3.60304619e+16  5.34991639e+10  2.91975462e+10  1.35248434e+12  9.63955129e+09
 1.48325000e+03  9.92467881e+16  3.60828404e+16  5.34369806e+10  2.92399914e+10  1.35248434e+12  9.63955129e+09
 1.48325000e+03  9.92467881e+16  0.00000000e+00  5.34369806e+10  0.00000000e+00  1.37063390e+12  9.62991174e+09
 1.48400000e+03  9.58437823e+16  3.31469540e+15  5.16047162e+10  2.68608746e+09  1.37063390e+12  9.62991174e+09
 1.48475000e+03  9.25574599e+16  6.34616805e+15  4.98352771e+10  5.14266331e+09  1.37063390e+12  9.62991174e+09
 1.48550000e+03  8.93838200e+16  9.11280360e+15  4.81265091e+10  7.38462650e+09  1.37063390e+12  9.62991174e+09
 1.48625000e+03  8.63189988e+16  1.16319136e+16  4.64763319e+10  9.42600554e+09  1.37063390e+12  9.62991174e+09
 1.48700000e+03  8.33592652e+16  1.39197948e+16  4.48827365e+10  1.12800067e+10  1.37063390e+12  9.62991174e+09
 1.48775000e+03  8.05010159e+16  1.59917859e+16  4.33437828e+10  1.29590597e+10  1.37063390e+12  9.62991174e+09
 1.48850000e+03  7.77407712e+16  1.78623204e+16  4.18575972e+10  1.44748609e+10  1.37063390e+12  9.62991174e+09
 1.48925000e+03  7.50751707e+16  1.95449773e+16  4.04223705e+10  1.58384141e+10  1.37063390e+12  9.62991174e+09
 1.49000000e+03  7.25009691e+16  2.10525286e+16  3.90363553e+10  1.70600693e+10  1.37063390e+12  9.62991174e+09
 1.49075000e+03  7.00150325e+16  2.23969848e+16  3.76978642e+10  1.81495591e+10  1.37063390e+12  9.62991174e+09
 1.49075000e+03  7.00150325e+16  0.00000000e+00  3.76978642e+10  0.00000000e+00  1.37063390e+12  9.62991174e+09
 1.49077500e+03  6.99336525e+16  8.13088600e+13  3.76540471e+10  6.58892245e+07  1.37063390e+12  9.62991174e+09
 1.49080000e+03  6.98523670e+16  1.62381017e+14  3.76102809e+10  1.31586635e+08  1.37063390e+12  9.62991174e+09
 1.49082500e+03  6.97711760e+16  2.43216994e+14  3.75665657e+10  1.97092655e+08  1.37063390e+12  9.62991174e+09
 1.49085000e+03  6.96900794e+16  3.23817314e+14  3.75229012e+10  2.62407709e+08  1.37063390e+12  9.62991174e+09
 1.49087500e+03  6.96090771e+16  4.04182499e+14  3.74792875e+10  3.27532220e+08  1.37063390e+12  9.62991174e+09
 1.49090000e+03  6.95281689e+16  4.84313070e+14  3.74357244e+10  3.92466610e+08  1.37063390e+12  9.62991174e+09
 1.49092500e+03  6.94473547e+16  5.64209546e+14  3.73922121e+10  4.57211298e+08  1.37063390e+12  9.62991174e+09
 1.49095000e+03  6.93666345e+16  6.43872446e+14  3.73487502e+10  5.21766707e+08  1.37063390e+12  9.62991174e+09
 1.49097500e+03  6.92860081e+16  7.23302288e+14  3.73053389e+10  5.86133255e+08  1.37063390e+12  9.62991174e+09
 1.49100000e+03  6.92054754e+16  8.02499587e+14  3.72619781e+10  6.50311361e+08  1.37063390e+12  9.62991174e+09
 1.49100000e+03  6.92054754e+16  8.02499587e+14  3.72619781e+10  6.50311361e+08  1.37063390e+12  9.62991174e+09
 1.49230000e+03  7.32145251e+16  4.85192453e+15  3.94205518e+10  3.93179224e+09  1.37063390e+12  9.62991174e+09
 1.49360000e+03  7.69883094e+16  8.77382274e+15  4.14524528e+10  7.10993090e+09  1.37063390e+12  9.62991174e+09
 1.49490000e+03  8.05406346e+16  1.25660985e+16  4.33651145e+10  1.01830291e+10  1.37063390e+12  9.62991174e+09
 1.49620000e+03  8.38844966e+16  1.62276127e+16  4.51655344e+10  1.31501637e+10  1.37063390e+12  9.62991174e+09
 1.49750000e+03  8.70321289e+16  1.97580536e+16  4.68602992e+10  1.60110821e+10  1.37063390e+12  9.62991174e+09
 1.49880000e+03  8.99950469e+16  2.31578229e+16  4.84556092e+10  1.87661097e+10  1.37063390e+12  9.62991174e+09
 1.50010000e+03  9.27840903e+16  2.64279325e+16  4.99573006e+10  2.14160668e+10  1.37063390e+12  9.62991174e+09
 1.50140000e+03  9.54094626e+16  2.95699144e+16  5.13708675e+10  2.39621947e+10  1.37063390e+12  9.62991174e+09
 1.50270000e+03  9.78807687e+16  3.25857393e+16  5.27014812e+10  2.64060902e+10  1.37063390e+12  9.62991174e+09
 1.50400000e+03  1.00207050e+17  3.54777449e+16  5.39540098e+10  2.87496479e+10  1.37063390e+12  9.62991174e+09
 1.50400000e+03  1.00207050e+17  3.54777449e+16  5.39540098e+10  2.87496479e+10  1.37063390e+12  9.62028183e+09
 1.50402500e+03  1.00090577e+17  3.55320710e+16  5.38912978e+10  2.87936715e+10  1.37063390e+12  9.62028183e+09
 1.50405000e+03  9.99742393e+16  3.55861668e+16  5.38286587e+10  2.88375084e+10  1.37063390e+12  9.62028183e+09
 1.50407500e+03  9.98580370e+16  3.56400329e+16  5.37660924e+10  2.88811592e+10  1.37063390e+12  9.62028183e+09
 1.50410000e+03  9.97419697e+16  3.56936699e+16  5.37035989e+10  2.89246243e+10  1.37063390e+12  9.62028183e+09
 1.50412500e+03  9.96260374e+16  3.57470783e+16  5.36411780e+10  2.89679042e+10  1.37063390e+12  9.62028183e+09
 1.50415000e+03  9.95102398e+16  3.58002586e+16  5.35788296e+10  2.90109993e+10  1.37063390e+12  9.62028183e+09
 1.50417500e+03  9.93945768e+16  3.58532115e+16  5.35165538e+10  2.90539100e+10  1.37063390e+12  9.62028183e+09
 1.50420000e+03  9.92790482e+16  3.59059374e+16  5.34543503e+10  2.90966369e+10  1.37063390e+12  9.62028183e+09
 1.50422500e+03  9.91636539e+16  3.59584370e+16  5.33922191e+10  2.91391803e+10  1.37063390e+12  9.62028183e+09
 1.50425000e+03  9.90483938e+16  3.60107108e+16  5.33301601e+10  2.91815407e+10  1.37063390e+12  9.62028183e+09
 1.50425000e+03  9.90483938e+16  0.00000000e+00  5.33301601e+10  0.00000000e+00  1.38874718e+12  9.61066155e+09
 1.50500000e+03  9.56521906e+16  3.30806933e+15  5.15015584e+10  2.68071797e+09  1.38874718e+12  9.61066155e+09
 1.50575000e+03  9.23724375e+16  6.33348206e+15  4.97356564e+10  5.13238313e+09  1.38874718e+12  9.61066155e+09
 1.50650000e+03  8.92051417e+16  9.09458711e+15  4.80303042e+10  7.36986463e+09  1.38874718e+12  9.61066155e+09
 1.50725000e+03  8.61464471e+16  1.16086614e+16  4.63834257e+10  9.40716295e+09  1.38874718e+12  9.61066155e+09
 1.50800000e+03  8.31926301e+16  1.38919692e+16  4.47930159e+10  1.12574580e+10  1.38874718e+12  9.61066155e+09
 1.50875000e+03  8.03400944e+16  1.59598183e+16  4.32571386e+10  1.29331546e+10  1.38874718e+12  9.61066155e+09
 1.50950000e+03  7.75853674e+16  1.78266136e+16  4.17739239e+10  1.44459257e+10  1.38874718e+12  9.61066155e+09
 1.51025000e+03  7.49250954e+16  1.95059069e+16  4.03415662e+10  1.58067531e+10  1.38874718e+12  9.61066155e+09
 1.51100000e+03  7.23560396e+16  2.10104446e+16  3.89583216e+10  1.70259662e+10  1.38874718e+12  9.61066155e+09
 1.51175000e+03  6.98750725e+16  2.23522132e+16  3.76225061e+10  1.81132781e+10  1.38874718e+12  9.61066155e+09
 1.51175000e+03  6.98750725e+16  0.00000000e+00  3.76225061e+10  0.00000000e+00  1.38874718e+12  9.61066155e+09
 1.51177500e+03  6.97938551e+16  8.11463236e+13  3.75787766e+10  6.57575120e+07  1.38874718e+12  9.61066155e+09
 1.51180000e+03  6.97127321e+16  1.62056417e+14  3.75350980e+10  1.31323593e+08  1.38874718e+12  9.61066155e+09
 1.51182500e+03  6.96317035e+16  2.42730803e+14  3.74914701e+10  1.96698667e+08  1.38874718e+12  9.61066155e+09
 1.51185000e+03  6.95507690e+16  3.23170003e+14  3.74478929e+10  2.61883156e+08  1.38874718e+12  9.61066155e+09
 1.51187500e+03  6.94699285e+16  4.03374539e+14  3.74043664e+10  3.26877483e+08  1.38874718e+12  9.61066155e+09
 1.51190000e+03  6.93891821e+16  4.83344928e+14  3.73608904e+10  3.91682069e+08  1.38874718e+12  9.61066155e+09
 1.51192500e+03  6.93085294e+16  5.63081691e+14  3.73174650e+10  4.56297333e+08  1.38874718e+12  9.61066155e+09
 1.51195000e+03  6.92279706e+16  6.42585345e+14  3.72740901e+10  5.20723696e+08  1.38874718e+12  9.61066155e+09
 1.51197500e+03  6.91475053e+16  7.21856406e+14  3.72307656e+10  5.84961575e+08  1.38874718e+12  9.61066155e+09
 1.51200000e+03  6.90671336e+16  8.00895390e+14  3.71874914e+10  6.49011389e+08  1.38874718e+12  9.61066155e+09
 1.51200000e+03  6.90671336e+16  8.00895390e+14  3.71874914e+10  6.49011389e+08  1.38874718e+12  9.61066155e+09
 1.51330000e+03  7.30681692e+16  4.84222553e+15  3.93417502e+10  3.92393258e+09  1.38874718e+12  9.61066155e+09
 1.51460000e+03  7.68344098e+16  8.75628386e+15  4.13695893e+10  7.09571815e+09  1.38874718e+12  9.61066155e+09
 1.51590000e+03  8.03796339e+16  1.25409789e+16  4.32784276e+10  1.01626732e+10  1.38874718e+12  9.61066155e+09
 1.51720000e+03  8.37168115e+16  1.61951737e+16  4.50752485e+10  1.31238765e+10  1.38874718e+12  9.61066155e+09
 1.51850000e+03  8.68581517e+16  1.97185573e+16  4.67666255e+10  1.59790759e+10  1.38874718e+12  9.61066155e+09
 1.51980000e+03  8.98151468e+16  2.31115304e+16  4.83587464e+10  1.87285963e+10  1.38874718e+12  9.61066155e+09
 1.52110000e+03  9.25986149e+16  2.63751031e+16  4.98574360e+10  2.13732561e+10  1.38874718e+12  9.61066155e+09
 1.52240000e+03  9.52187391e+16  2.95108042e+16  5.12681771e+10  2.39142942e+10  1.38874718e+12  9.61066155e+09
 1.52370000e+03  9.76851050e+16  3.25206004e+16  5.25961310e+10  2.63533045e+10  1.38874718e+12  9.61066155e+09
 1.52500000e+03  1.00006736e+17  3.54068249e+16  5.38461557e+10  2.86921774e+10  1.38874718e+12  9.61066155e+09
 1.52500000e+03  1.00006736e+17  3.54068249e+16  5.38461557e+10  2.86921774e+10  1.38874718e+12  9.60105089e+09
 1.52502500e+03  9.98904958e+16  3.54610424e+16  5.37835691e+10  2.87361129e+10  1.38874718e+12  9.60105089e+09
 1.52505000e+03  9.97743908e+16  3.55150301e+16  5.37210552e+10  2.87798622e+10  1.38874718e+12  9.60105089e+09
 1.52507500e+03  9.96584207e+16  3.55687885e+16  5.36586140e+10  2.88234258e+10  1.38874718e+12  9.60105089e+09
 1.52510000e+03  9.95425855e+16  3.56223183e+16  5.35962454e+10  2.88668040e+10  1.38874718e+12  9.60105089e+09
 1.52512500e+03  9.94268849e+16  3.56756199e+16  5.35339493e+10  2.89099974e+10  1.38874718e+12  9.60105089e+09
 1.52515000e+03  9.93113188e+16  3.57286939e+16  5.34717256e+10  2.89530063e+10  1.38874718e+12  9.60105089e+09
 1.52517500e+03  9.91958870e+16  3.57815409e+16  5.34095742e+10  2.89958312e+10  1.38874718e+12  9.60105089e+09
 1.52520000e+03  9.90805894e+16  3.58341615e+16  5.33474950e+10  2.90384727e+10  1.38874718e+12  9.60105089e+09
 1.52522500e+03  9.89654258e+16  3.58865561e+16  5.32854880e+10  2.90809310e+10  1.38874718e+12  9.60105089e+09
 1.52525000e+03  9.88503960e+16  3.59387253e+16  5.32235531e+10  2.91232068e+10  1.38874718e+12  9.60105089e+09
 1.52525000e+03  9.88503960e+16  0.00000000e+00  5.32235531e+10  0.00000000e+00  1.40682425e+12  9.59144984e+09
 1.52600000e+03  9.54609819e+16  3.30145650e+15  5.13986068e+10  2.67535922e+09  1.40682425e+12  9.59144984e+09
 1.52675000e+03  9.21877850e+16  6.32082143e+15  4.96362348e+10  5.12212349e+09  1.40682425e+12  9.59144984e+09
 1.52750000e+03  8.90268206e+16  9.07640703e+15  4.79342917e+10  7.35513227e+09  1.40682425e+12  9.59144984e+09
 1.52825000e+03  8.59742404e+16  1.15854557e+16  4.62907053e+10  9.38835803e+09  1.40682425e+12  9.59144984e+09
 1.52900000e+03  8.30263280e+16  1.38641991e+16  4.47034747e+10  1.12349543e+10  1.40682425e+12  9.59144984e+09
 1.52975000e+03  8.01794946e+16  1.59279147e+16  4.31706676e+10  1.29073012e+10  1.40682425e+12  9.59144984e+09
 1.53050000e+03  7.74302743e+16  1.77909782e+16  4.16904178e+10  1.44170483e+10  1.40682425e+12  9.59144984e+09
 1.53125000e+03  7.47753201e+16  1.94669146e+16  4.02609234e+10  1.57751554e+10  1.40682425e+12  9.59144984e+09
 1.53200000e+03  7.22113999e+16  2.09684448e+16  3.88804439e+10  1.69919313e+10  1.40682425e+12  9.59144984e+09
 1.53275000e+03  6.97353922e+16  2.23075311e+16  3.75472987e+10  1.80770697e+10  1.40682425e+12  9.59144984e+09
 1.53275000e+03  6.97353922e+16  0.00000000e+00  3.75472987e+10  0.00000000e+00  1.40682425e+12  9.59144984e+09
 1.53277500e+03  6.96543372e+16  8.09841121e+13  3.75036567e+10  6.56260627e+07  1.40682425e+12  9.59144984e+09
 1.53280000e+03  6.95733764e+16  1.61732466e+14  3.74600653e+10  1.31061077e+08  1.40682425e+12  9.59144984e+09
 1.53282500e+03  6.94925097e+16  2.42245584e+14  3.74165246e+10  1.96305466e+08  1.40682425e+12  9.59144984e+09
 1.53285000e+03  6.94117370e+16  3.22523987e+14  3.73730346e+10  2.61359652e+08  1.40682425e+12  9.59144984e+09
 1.53287500e+03  6.93310581e+16  4.02568193e+14  3.73295950e+10  3.26224055e+08  1.40682425e+12  9.59144984e+09
 1.53290000e+03  6.92504731e+16  4.82378722e+14  3.72862060e+10  3.90899096e+08  1.40682425e+12  9.59144984e+09
 1.53292500e+03  6.91699817e+16  5.61956091e+14  3.72428674e+10  4.55385195e+08  1.40682425e+12  9.59144984e+09
 1.53295000e+03  6.90895839e+16  6.41300817e+14  3.71995792e+10  5.19682769e+08  1.40682425e+12  9.59144984e+09
 1.53297500e+03  6.90092795e+16  7.20413415e+14  3.71563413e+10  5.83792237e+08  1.40682425e+12  9.59144984e+09
 1.53300000e+03  6.89290684e+16  7.99294400e+14  3.71131536e+10  6.47714015e+08  1.40682425e+12  9.59144984e+09
 1.53300000e+03  6.89290684e+16  7.99294400e+14  3.71131536e+10  6.47714015e+08  1.40682425e+12  9.59144984e+09
 1.53430000e+03  7.29221060e+16  4.83254592e+15  3.92631060e+10  3.91608864e+09  1.40682425e+12  9.59144984e+09
 1.53560000e+03  7.66808178e+16  8.73878005e+15  4.12868915e+10  7.08153381e+09  1.40682425e+12  9.59144984e+09
 1.53690000e+03  8.02189550e+16  1.25159095e+16  4.31919140e+10  1.01423581e+10  1.40682425e+12  9.59144984e+09
 1.53820000e+03  8.35494616e+16  1.61627995e+16  4.49851431e+10  1.30976418e+10  1.40682425e+12  9.59144984e+09
 1.53950000e+03  8.66845222e+16  1.96791399e+16  4.66731390e+10  1.59471338e+10  1.40682425e+12  9.59144984e+09
 1.54080000e+03  8.96356063e+16  2.30653304e+16  4.82620773e+10  1.86911578e+10  1.40682425e+12  9.59144984e+09
 1.54210000e+03  9.24135102e+16  2.63223792e+16  4.97577710e+10  2.13305310e+10  1.40682425e+12  9.59144984e+09
 1.54340000e+03  9.50283968e+16  2.94518121e+16  5.11656921e+10  2.38664896e+10  1.40682425e+12  9.59144984e+09
 1.54470000e+03  9.74898325e+16  3.24555918e+16  5.24909913e+10  2.63006242e+10  1.40682425e+12  9.59144984e+09
 1.54600000e+03  9.98068224e+16  3.53360466e+16  5.37385172e+10  2.86348217e+10  1.40682425e+12  9.59144984e+09
 1.54600000e+03  9.98068224e+16  3.53360466e+16  5.37385172e+10  2.86348217e+10  1.40682425e+12  9.58185839e+09
 1.54602500e+03  9.96908147e+16  3.53901557e+16  5.36760557e+10  2.86786694e+10  1.40682425e+12  9.58185839e+09
 1.54605000e+03  9.95749418e+16  3.54440355e+16  5.36136668e+10  2.87223313e+10  1.40682425e+12  9.58185839e+09
 1.54607500e+03  9.94592036e+16  3.54976865e+16  5.35513505e+10  2.87658077e+10  1.40682425e+12  9.58185839e+09
 1.54610000e+03  9.93435999e+16  3.55511093e+16  5.34891065e+10  2.88090993e+10  1.40682425e+12  9.58185839e+09
 1.54612500e+03  9.92281306e+16  3.56043043e+16  5.34269349e+10  2.88522063e+10  1.40682425e+12  9.58185839e+09
 1.54615000e+03  9.91127955e+16  3.56572723e+16  5.33648356e+10  2.88951292e+10  1.40682425e+12  9.58185839e+09
 1.54617500e+03  9.89975944e+16  3.57100136e+16  5.33028084e+10  2.89378686e+10  1.40682425e+12  9.58185839e+09
 1.54620000e+03  9.88825273e+16  3.57625290e+16  5.32408534e+10  2.89804248e+10  1.40682425e+12  9.58185839e+09
 1.54622500e+03  9.87675939e+16  3.58148189e+16  5.31789703e+10  2.90227983e+10  1.40682425e+12  9.58185839e+09
 1.54625000e+03  9.86527941e+16  3.58668838e+16  5.31171592e+10  2.90649895e+10  1.40682425e+12  9.58185839e+09
 1.54625000e+03  9.86527941e+16  0.00000000e+00  5.31171592e+10  0.00000000e+00  1.42486518e+12  9.57227653e+09
 1.54700000e+03  9.52701554e+16  3.29485688e+15  5.12958610e+10  2.67001118e+09  1.42486518e+12  9.57227653e+09
 1.54775000e+03  9.20035016e+16  6.30818610e+15  4.95370120e+10  5.11188437e+09  1.42486518e+12  9.57227653e+09
 1.54850000e+03  8.88488560e+16  9.05826329e+15  4.78384710e+10  7.34042936e+09  1.42486518e+12  9.57227653e+09
 1.54925000e+03  8.58023779e+16  1.15622963e+16  4.61981701e+10  9.36959071e+09  1.42486518e+12  9.57227653e+09
 1.55000000e+03  8.28603584e+16  1.38364846e+16  4.46141124e+10  1.12124956e+10  1.42486518e+12  9.57227653e+09
 1.55075000e+03  8.00192157e+16  1.58960748e+16  4.30843694e+10  1.28814995e+10  1.42486518e+12  9.57227653e+09
 1.55150000e+03  7.72754912e+16  1.77554141e+16  4.16070787e+10  1.43882286e+10  1.42486518e+12  9.57227653e+09
 1.55225000e+03  7.46258443e+16  1.94280002e+16  4.01804418e+10  1.57436209e+10  1.42486518e+12  9.57227653e+09
 1.55300000e+03  7.20670493e+16  2.09265288e+16  3.88027219e+10  1.69579644e+10  1.42486518e+12  9.57227653e+09
 1.55375000e+03  6.95959912e+16  2.22629384e+16  3.74722417e+10  1.80409336e+10  1.42486518e+12  9.57227653e+09
 1.55375000e+03  6.95959912e+16  0.00000000e+00  3.74722417e+10  0.00000000e+00  1.42486518e+12  9.57227653e+09
 1.55377500e+03  6.95150982e+16  8.08222249e+13  3.74286869e+10  6.54948762e+07  1.42486518e+12  9.57227653e+09
 1.55380000e+03  6.94342992e+16  1.61409163e+14  3.73851826e+10  1.30799086e+08  1.42486518e+12  9.57227653e+09
 1.55382500e+03  6.93535942e+16  2.41761335e+14  3.73417290e+10  1.95913052e+08  1.42486518e+12  9.57227653e+09
 1.55385000e+03  6.92729829e+16  3.21879261e+14  3.72983259e+10  2.60837194e+08  1.42486518e+12  9.57227653e+09
 1.55387500e+03  6.91924654e+16  4.01763459e+14  3.72549732e+10  3.25571933e+08  1.42486518e+12  9.57227653e+09
 1.55390000e+03  6.91120414e+16  4.81414447e+14  3.72116709e+10  3.90117689e+08  1.42486518e+12  9.57227653e+09
 1.55392500e+03  6.90317109e+16  5.60832741e+14  3.71684189e+10  4.54474880e+08  1.42486518e+12  9.57227653e+09
 1.55395000e+03  6.89514738e+16  6.40018857e+14  3.71252172e+10  5.18643923e+08  1.42486518e+12  9.57227653e+09
 1.55397500e+03  6.88713299e+16  7.18973309e+14  3.70820657e+10  5.82625236e+08  1.42486518e+12  9.57227653e+09
 1.55400000e+03  6.87912792e+16  7.97696611e+14  3.70389644e+10  6.46419235e+08  1.42486518e+12  9.57227653e+09
 1.55400000e+03  6.87912792e+16  7.97696611e+14  3.70389644e+10  6.46419235e+08  1.42486518e+12  9.57227653e+09
 1.55530000e+03  7.27763347e+16  4.82288566e+15  3.91846191e+10  3.90826038e+09  1.42486518e+12  9.57227653e+09
 1.55660000e+03  7.65275328e+16  8.72131123e+15  4.12043590e+10  7.06737782e+09  1.42486518e+12  9.57227653e+09
 1.55790000e+03  8.00585973e+16  1.24908902e+16  4.31055734e+10  1.01220835e+10  1.42486518e+12  9.57227653e+09
 1.55920000e+03  8.33824462e+16  1.61304901e+16  4.48952177e+10  1.30714597e+10  1.42486518e+12  9.57227653e+09
 1.56050000e+03  8.65112399e+16  1.96398013e+16  4.65798394e+10  1.59152554e+10  1.42486518e+12  9.57227653e+09
 1.56180000e+03  8.94564247e+16  2.30192228e+16  4.81656014e+10  1.86537942e+10  1.42486518e+12  9.57227653e+09
 1.56310000e+03  9.22287756e+16  2.62697608e+16  4.96583052e+10  2.12878912e+10  1.42486518e+12  9.57227653e+09
 1.56440000e+03  9.48384350e+16  2.93929379e+16  5.10634118e+10  2.38187805e+10  1.42486518e+12  9.57227653e+09
 1.56570000e+03  9.72949503e+16  3.23907130e+16  5.23860618e+10  2.62480493e+10  1.42486518e+12  9.57227653e+09
 1.56700000e+03  9.96073085e+16  3.52654099e+16  5.36310939e+10  2.85775807e+10  1.42486518e+12  9.57227653e+09
 1.56700000e+03  9.96073085e+16  3.52654099e+16  5.36310939e+10  2.85775807e+10  1.42486518e+12  9.56270425e+09
 1.56702500e+03  9.94915327e+16  3.53194108e+16  5.35687573e+10  2.86213408e+10  1.42486518e+12  9.56270425e+09
 1.56705000e+03  9.93758915e+16  3.53731829e+16  5.35064931e+10  2.86649153e+10  1.42486518e+12  9.56270425e+09
 1.56707500e+03  9.92603846e+16  3.54267266e+16  5.34443013e+10  2.87083049e+10  1.42486518e+12  9.56270425e+09
 1.56710000e+03  9.91450120e+16  3.54800426e+16  5.33821818e+10  2.87515099e+10  1.42486518e+12  9.56270425e+09
 1.56712500e+03  9.90297735e+16  3.55331313e+16  5.33201345e+10  2.87945307e+10  1.42486518e+12  9.56270425e+09
 1.56715000e+03  9.89146690e+16  3.55859934e+16  5.32581593e+10  2.88373679e+10  1.42486518e+12  9.56270425e+09
 1.56717500e+03  9.87996982e+16  3.56386293e+16  5.31962561e+10  2.88800218e+10  1.42486518e+12  9.56270425e+09
 1.56720000e+03  9.86848611e+16  3.56910397e+16  5.31344249e+10  2.89224929e+10  1.42486518e+12  9.56270425e+09
 1.56722500e+03  9.85701575e+16  3.57432250e+16  5.30726656e+10  2.89647817e+10  1.42486518e+12  9.56270425e+09
 1.56725000e+03  9.84555871e+16  3.57951859e+16  5.30109780e+10  2.90068886e+10  1.42486518e+12  9.56270425e+09
 1.56725000e+03  9.84555871e+16  0.00000000e+00  5.30109780e+10  0.00000000e+00  1.44287005e+12  9.55314155e+09
 1.56800000e+03  9.50797103e+16  3.28827046e+15  5.11933205e+10  2.66467382e+09  1.44287005e+12  9.55314155e+09
 1.56875000e+03  9.18195866e+16  6.29557604e+15  4.94379875e+10  5.10166571e+09  1.44287005e+12  9.55314155e+09
 1.56950000e+03  8.86712471e+16  9.04015582e+15  4.77428419e+10  7.32575585e+09  1.44287005e+12  9.55314155e+09
 1.57025000e+03  8.56308589e+16  1.15391833e+16  4.61058200e+10  9.35086089e+09  1.44287005e+12  9.55314155e+09
 1.57100000e+03  8.26947205e+16  1.38088254e+16  4.45249288e+10  1.11900819e+10  1.44287005e+12  9.55314155e+09
 1.57175000e+03  7.98592573e+16  1.58642985e+16  4.29982437e+10  1.28557494e+10  1.44287005e+12  9.55314155e+09
 1.57250000e+03  7.71210174e+16  1.77199210e+16  4.15239061e+10  1.43594665e+10  1.44287005e+12  9.55314155e+09
 1.57325000e+03  7.44766672e+16  1.93891636e+16  4.01001211e+10  1.57121494e+10  1.44287005e+12  9.55314155e+09
 1.57400000e+03  7.19229873e+16  2.08846967e+16  3.87251553e+10  1.69240655e+10  1.44287005e+12  9.55314155e+09
 1.57475000e+03  6.94568688e+16  2.22184348e+16  3.73973347e+10  1.80048698e+10  1.44287005e+12  9.55314155e+09
 1.57475000e+03  6.94568688e+16  0.00000000e+00  3.73973347e+10  0.00000000e+00  1.44287005e+12  9.55314155e+09
 1.57477500e+03  6.93761375e+16  8.06606613e+13  3.73538669e+10  6.53639519e+07  1.44287005e+12  9.55314155e+09
 1.57480000e+03  6.92955001e+16  1.61086506e+14  3.73104497e+10  1.30537619e+08  1.44287005e+12  9.55314155e+09
 1.57482500e+03  6.92149563e+16  2.41278054e+14  3.72670829e+10  1.95521422e+08  1.44287005e+12  9.55314155e+09
 1.57485000e+03  6.91345062e+16  3.21235824e+14  3.72237665e+10  2.60315780e+08  1.44287005e+12  9.55314155e+09
 1.57487500e+03  6.90541496e+16  4.00960334e+14  3.71805005e+10  3.24921115e+08  1.44287005e+12  9.55314155e+09
 1.57490000e+03  6.89738864e+16  4.80452099e+14  3.71372848e+10  3.89337844e+08  1.44287005e+12  9.55314155e+09
 1.57492500e+03  6.88937165e+16  5.59711636e+14  3.70941193e+10  4.53566384e+08  1.44287005e+12  9.55314155e+09
 1.57495000e+03  6.88136398e+16  6.38739459e+14  3.70510039e+10  5.17607154e+08  1.44287005e+12  9.55314155e+09
 1.57497500e+03  6.87336561e+16  7.17536081e+14  3.70079387e+10  5.81460568e+08  1.44287005e+12  9.55314155e+09
 1.57500000e+03  6.86537655e+16  7.96102015e+14  3.69649235e+10  6.45127043e+08  1.44287005e+12  9.55314155e+09
 1.57500000e+03  6.86537655e+16  7.96102015e+14  3.69649235e+10  6.45127043e+08  1.44287005e+12  9.55314155e+09
 1.57630000e+03  7.26308548e+16  4.81324471e+15  3.91062890e+10  3.90044777e+09  1.44287005e+12  9.55314155e+09
 1.57760000e+03  7.63745543e+16  8.70387733e+15  4.11219915e+10  7.05325013e+09  1.44287005e+12  9.55314155e+09
 1.57890000e+03  7.98985601e+16  1.24659209e+16  4.30194054e+10  1.01018494e+10  1.44287005e+12  9.55314155e+09
 1.58020000e+03  8.32157647e+16  1.60982453e+16  4.48054722e+10  1.30453298e+10  1.44287005e+12  9.55314155e+09
 1.58150000e+03  8.63383039e+16  1.96005413e+16  4.64867263e+10  1.58834408e+10  1.44287005e+12  9.55314155e+09
 1.58280000e+03  8.92776013e+16  2.29732074e+16  4.80693183e+10  1.86165053e+10  1.44287005e+12  9.55314155e+09
 1.58410000e+03  9.20444103e+16  2.62172475e+16  4.95590383e+10  2.12453367e+10  1.44287005e+12  9.55314155e+09
 1.58540000e+03  9.46488530e+16  2.93341814e+16  5.09613361e+10  2.37711667e+10  1.44287005e+12  9.55314155e+09
 1.58670000e+03  9.71004577e+16  3.23259640e+16  5.22813421e+10  2.61955794e+10  1.44287005e+12  9.55314155e+09
 1.58800000e+03  9.94081935e+16  3.51949143e+16  5.35238854e+10  2.85204541e+10  1.44287005e+12  9.55314155e+09
 1.58800000e+03  9.94081935e+16  3.51949143e+16  5.35238854e+10  2.85204541e+10  1.44287005e+12  9.54358841e+09
 1.58802500e+03  9.92926491e+16  3.52488073e+16  5.34616733e+10  2.85641267e+10  1.44287005e+12  9.54358841e+09
 1.58805000e+03  9.91772390e+16  3.53024719e+16  5.33995336e+10  2.86076142e+10  1.44287005e+12  9.54358841e+09
 1.58807500e+03  9.90619631e+16  3.53559086e+16  5.33374662e+10  2.86509170e+10  1.44287005e+12  9.54358841e+09
 1.58810000e+03  9.89468211e+16  3.54091180e+16  5.32754708e+10  2.86940356e+10  1.44287005e+12  9.54358841e+09
 1.58812500e+03  9.88318130e+16  3.54621006e+16  5.32135475e+10  2.87369704e+10  1.44287005e+12  9.54358841e+09
 1.58815000e+03  9.87169386e+16  3.55148570e+16  5.31516962e+10  2.87797220e+10  1.44287005e+12  9.54358841e+09
 1.58817500e+03  9.86021976e+16  3.55673877e+16  5.30899168e+10  2.88222906e+10  1.44287005e+12  9.54358841e+09
 1.58820000e+03  9.84875901e+16  3.56196933e+16  5.30282092e+10  2.88646768e+10  1.44287005e+12  9.54358841e+09
 1.58822500e+03  9.83731157e+16  3.56717743e+16  5.29665733e+10  2.89068811e+10  1.44287005e+12  9.54358841e+09
 1.58825000e+03  9.82587744e+16  3.57236314e+16  5.29050091e+10  2.89489038e+10  1.44287005e+12  9.54358841e+09
 1.58825000e+03  9.82587744e+16  0.00000000e+00  5.29050091e+10  0.00000000e+00  1.46083893e+12  9.53404482e+09
 1.58900000e+03  9.48896460e+16  3.28169721e+15  5.10909851e+10  2.65934714e+09  1.46083893e+12  9.53404482e+09
 1.58975000e+03  9.16360393e+16  6.28299118e+15  4.93391610e+10  5.09146748e+09  1.46083893e+12  9.53404482e+09
 1.59050000e+03  8.84939933e+16  9.02208455e+15  4.76474040e+10  7.31111166e+09  1.46083893e+12  9.53404482e+09
 1.59125000e+03  8.54596828e+16  1.15161165e+16  4.60136545e+10  9.33216852e+09  1.46083893e+12  9.53404482e+09
 1.59200000e+03  8.25294138e+16  1.37812216e+16  4.44359235e+10  1.11677129e+10  1.46083893e+12  9.53404482e+09
 1.59275000e+03  7.96996187e+16  1.58325858e+16  4.29122903e+10  1.28300507e+10  1.46083893e+12  9.53404482e+09
 1.59350000e+03  7.69668525e+16  1.76844989e+16  4.14408999e+10  1.43307619e+10  1.46083893e+12  9.53404482e+09
 1.59425000e+03  7.43277884e+16  1.93504047e+16  4.00199610e+10  1.56807408e+10  1.46083893e+12  9.53404482e+09
 1.59500000e+03  7.17792133e+16  2.08429482e+16  3.86477437e+10  1.68902343e+10  1.46083893e+12  9.53404482e+09
 1.59575000e+03  6.93180245e+16  2.21740201e+16  3.73225774e+10  1.79688781e+10  1.46083893e+12  9.53404482e+09
 1.59575000e+03  6.93180245e+16  0.00000000e+00  3.73225774e+10  0.00000000e+00  1.46083893e+12  9.53404482e+09
 1.59577500e+03  6.92374546e+16  8.04994206e+13  3.72791965e+10  6.52332894e+07  1.46083893e+12  9.53404482e+09
 1.59580000e+03  6.91569783e+16  1.60764494e+14  3.72358661e+10  1.30276674e+08  1.46083893e+12  9.53404482e+09
 1.59582500e+03  6.90765956e+16  2.40795740e+14  3.71925860e+10  1.95130574e+08  1.46083893e+12  9.53404482e+09
 1.59585000e+03  6.89963063e+16  3.20593674e+14  3.71493562e+10  2.59795409e+08  1.46083893e+12  9.53404482e+09
 1.59587500e+03  6.89161104e+16  4.00158814e+14  3.71061767e+10  3.24271598e+08  1.46083893e+12  9.53404482e+09
 1.59590000e+03  6.88360076e+16  4.79491676e+14  3.70630473e+10  3.88559557e+08  1.46083893e+12  9.53404482e+09
 1.59592500e+03  6.87559980e+16  5.58592773e+14  3.70199681e+10  4.52659705e+08  1.46083893e+12  9.53404482e+09
 1.59595000e+03  6.86760813e+16  6.37462619e+14  3.69769390e+10  5.16572457e+08  1.46083893e+12  9.53404482e+09
 1.59597500e+03  6.85962576e+16  7.16101727e+14  3.69339598e+10  5.80298229e+08  1.46083893e+12  9.53404482e+09
 1.59600000e+03  6.85165266e+16  7.94510607e+14  3.68910307e+10  6.43837434e+08  1.46083893e+12  9.53404482e+09
 1.59600000e+03  6.85165266e+16  7.94510607e+14  3.68910307e+10  6.43837434e+08  1.46083893e+12  9.53404482e+09
 1.59730000e+03  7.24856657e+16  4.80362304e+15  3.90281155e+10  3.89265077e+09  1.46083893e+12  9.53404482e+09
 1.59860000e+03  7.62218816e+16  8.68647828e+15  4.10397886e+10  7.03915068e+09  1.46083893e+12  9.53404482e+09
 1.59990000e+03  7.97388429e+16  1.24410015e+16  4.29334096e+10  1.00816558e+10  1.46083893e+12  9.53404482e+09
 1.60120000e+03  8.30494164e+16  1.60660649e+16  4.47159061e+10  1.30192522e+10  1.46083893e+12  9.53404482e+09
 1.60250000e+03  8.61657136e+16  1.95613598e+16  4.63937993e+10  1.58516898e+10  1.46083893e+12  9.53404482e+09
 1.60380000e+03  8.90991354e+16  2.29272840e+16  4.79732278e+10  1.85792909e+10  1.46083893e+12  9.53404482e+09
 1.60510000e+03  9.18604135e+16  2.61648393e+16  4.94599697e+10  2.12028673e+10  1.46083893e+12  9.53404482e+09
 1.60640000e+03  9.44596500e+16  2.92755424e+16  5.08594644e+10  2.37236481e+10  1.46083893e+12  9.53404482e+09
 1.60770000e+03  9.69063539e+16  3.22613444e+16  5.21768317e+10  2.61432144e+10  1.46083893e+12  9.53404482e+09
 1.60900000e+03  9.92094766e+16  3.51245597e+16  5.34168911e+10  2.84634417e+10  1.46083893e+12  9.53404482e+09
 1.60900000e+03  9.92094766e+16  3.51245597e+16  5.34168911e+10  2.84634417e+10  1.46083893e+12  9.52451077e+09
 1.60902500e+03  9.90941631e+16  3.51783450e+16  5.33548035e+10  2.85070270e+10  1.46083893e+12  9.52451077e+09
 1.60905000e+03  9.89789837e+16  3.52319023e+16  5.32927880e+10  2.85504276e+10  1.46083893e+12  9.52451077e+09
 1.60907500e+03  9.88639382e+16  3.52852321e+16  5.32308446e+10  2.85936438e+10  1.46083893e+12  9.52451077e+09
 1.60910000e+03  9.87490264e+16  3.53383352e+16  5.31689731e+10  2.86366762e+10  1.46083893e+12  9.52451077e+09
 1.60912500e+03  9.86342482e+16  3.53912118e+16  5.31071736e+10  2.86795252e+10  1.46083893e+12  9.52451077e+09
 1.60915000e+03  9.85196034e+16  3.54438628e+16  5.30454460e+10  2.87221913e+10  1.46083893e+12  9.52451077e+09
 1.60917500e+03  9.84050918e+16  3.54962885e+16  5.29837901e+10  2.87646749e+10  1.46083893e+12  9.52451077e+09
 1.60920000e+03  9.82907134e+16  3.55484895e+16  5.29222058e+10  2.88069764e+10  1.46083893e+12  9.52451077e+09
 1.60922500e+03  9.81764679e+16  3.56004665e+16  5.28606931e+10  2.88490962e+10  1.46083893e+12  9.52451077e+09
 1.60925000e+03  9.80623551e+16  3.56522198e+16  5.27992519e+10  2.88910349e+10  1.46083893e+12  9.52451077e+09
 1.60925000e+03  9.80623551e+16  0.00000000e+00  5.27992519e+10  0.00000000e+00  1.47877189e+12  9.51498626e+09
 1.61000000e+03  9.46999616e+16  3.27513710e+15  5.09888542e+10  2.65403111e+09  1.47877189e+12  9.51498626e+09
 1.61075000e+03  9.14528589e+16  6.27043148e+15  4.92405320e+10  5.08128964e+09  1.47877189e+12  9.51498626e+09
 1.61150000e+03  8.83170938e+16  9.00404940e+15  4.75521568e+10  7.29649675e+09  1.47877189e+12  9.51498626e+09
 1.61225000e+03  8.52888489e+16  1.14930958e+16  4.59216732e+10  9.31351352e+09  1.47877189e+12  9.51498626e+09
 1.61300000e+03  8.23644375e+16  1.37536729e+16  4.43470961e+10  1.11453886e+10  1.47877189e+12  9.51498626e+09
 1.61375000e+03  7.95402991e+16  1.58009364e+16  4.28265086e+10  1.28044035e+10  1.47877189e+12  9.51498626e+09
 1.61450000e+03  7.68129958e+16  1.76491476e+16  4.13580595e+10  1.43021148e+10  1.47877189e+12  9.51498626e+09
 1.61525000e+03  7.41792071e+16  1.93117232e+16  3.99399611e+10  1.56493950e+10  1.47877189e+12  9.51498626e+09
 1.61600000e+03  7.16357266e+16  2.08012831e+16  3.85704868e+10  1.68564707e+10  1.47877189e+12  9.51498626e+09
 1.61675000e+03  6.91794578e+16  2.21296943e+16  3.72479696e+10  1.79329583e+10  1.47877189e+12  9.51498626e+09
 1.61675000e+03  6.91794578e+16  0.00000000e+00  3.72479696e+10  0.00000000e+00  1.47877189e+12  9.51498626e+09
 1.61677500e+03  6.90990489e+16  8.03385023e+13  3.72046754e+10  6.51028881e+07  1.47877189e+12  9.51498626e+09
 1.61680000e+03  6.90187335e+16  1.60443126e+14  3.71614316e+10  1.30016251e+08  1.47877189e+12  9.51498626e+09
 1.61682500e+03  6.89385115e+16  2.40314389e+14  3.71182380e+10  1.94740508e+08  1.47877189e+12  9.51498626e+09
 1.61685000e+03  6.88583827e+16  3.19952807e+14  3.70750946e+10  2.59276078e+08  1.47877189e+12  9.51498626e+09
 1.61687500e+03  6.87783471e+16  3.99358897e+14  3.70320014e+10  3.23623379e+08  1.47877189e+12  9.51498626e+09
 1.61690000e+03  6.86984044e+16  4.78533172e+14  3.69889583e+10  3.87782827e+08  1.47877189e+12  9.51498626e+09
 1.61692500e+03  6.86185547e+16  5.57476146e+14  3.69459652e+10  4.51754838e+08  1.47877189e+12  9.51498626e+09
 1.61695000e+03  6.85387978e+16  6.36188331e+14  3.69030221e+10  5.15539829e+08  1.47877189e+12  9.51498626e+09
 1.61697500e+03  6.84591336e+16  7.14670239e+14  3.68601288e+10  5.79138212e+08  1.47877189e+12  9.51498626e+09
 1.61700000e+03  6.83795620e+16  7.92922381e+14  3.68172855e+10  6.42550403e+08  1.47877189e+12  9.51498626e+09
 1.61700000e+03  6.83795620e+16  7.92922381e+14  3.68172855e+10  6.42550403e+08  1.47877189e+12  9.51498626e+09
 1.61830000e+03  7.23407669e+16  4.79402060e+15  3.89500983e+10  3.88486936e+09  1.47877189e+12  9.51498626e+09
 1.61960000e+03  7.60695140e+16  8.66911401e+15  4.09577501e+10  7.02507942e+09  1.47877189e+12  9.51498626e+09
 1.62090000e+03  7.95794450e+16  1.24161320e+16  4.28475857e+10  1.00615026e+10  1.47877189e+12  9.51498626e+09
 1.62220000e+03  8.28834006e+16  1.60339488e+16  4.46265190e+10  1.29932267e+10  1.47877189e+12  9.51498626e+09
 1.62350000e+03  8.59934684e+16  1.95222567e+16  4.63010581e+10  1.58200023e+10  1.47877189e+12  9.51498626e+09
 1.62480000e+03  8.89210262e+16  2.28814523e+16  4.78773293e+10  1.85421509e+10  1.47877189e+12  9.51498626e+09
 1.62610000e+03  9.16767846e+16  2.61125358e+16  4.93610993e+10  2.11604828e+10  1.47877189e+12  9.51498626e+09
 1.62740000e+03  9.42708251e+16  2.92170206e+16  5.07577963e+10  2.36762246e+10  1.47877189e+12  9.51498626e+09
 1.62870000e+03  9.67126381e+16  3.21968540e+16  5.20725302e+10  2.60909542e+10  1.47877189e+12  9.51498626e+09
 1.63000000e+03  9.90111568e+16  3.50543457e+16  5.33101108e+10  2.84065433e+10  1.47877189e+12  9.51498626e+09
 1.63000000e+03  9.90111568e+16  3.50543457e+16  5.33101108e+10  2.84065433e+10  1.47877189e+12  9.50547128e+09
 1.63002500e+03  9.88960739e+16  3.51080234e+16  5.32481472e+10  2.84500415e+10  1.47877189e+12  9.50547128e+09
 1.63005000e+03  9.87811248e+16  3.51614737e+16  5.31862557e+10  2.84933553e+10  1.47877189e+12  9.50547128e+09
 1.63007500e+03  9.86663092e+16  3.52146970e+16  5.31244361e+10  2.85364851e+10  1.47877189e+12  9.50547128e+09
 1.63010000e+03  9.85516271e+16  3.52676938e+16  5.30626884e+10  2.85794315e+10  1.47877189e+12  9.50547128e+09
 1.63012500e+03  9.84370784e+16  3.53204648e+16  5.30010124e+10  2.86221949e+10  1.47877189e+12  9.50547128e+09
 1.63015000e+03  9.83226627e+16  3.53730105e+16  5.29394081e+10  2.86647756e+10  1.47877189e+12  9.50547128e+09
 1.63017500e+03  9.82083801e+16  3.54253314e+16  5.28778755e+10  2.87071743e+10  1.47877189e+12  9.50547128e+09
 1.63020000e+03  9.80942302e+16  3.54774281e+16  5.28164143e+10  2.87493912e+10  1.47877189e+12  9.50547128e+09
 1.63022500e+03  9.79802131e+16  3.55293011e+16  5.27550246e+10  2.87914269e+10  1.47877189e+12  9.50547128e+09
 1.63025000e+03  9.78663285e+16  3.55809510e+16  5.26937062e+10  2.88332818e+10  1.47877189e+12  9.50547128e+09
 1.63025000e+03  9.78663285e+16  0.00000000e+00  5.26937062e+10  0.00000000e+00  1.49666900e+12  9.49596580e+09
 1.63100000e+03  9.45106564e+16  3.26859010e+15  5.08869275e+10  2.64872570e+09  1.49666900e+12  9.49596580e+09
 1.63175000e+03  9.12700446e+16  6.25789689e+15  4.91421002e+10  5.07113214e+09  1.49666900e+12  9.49596580e+09
 1.63250000e+03  8.81405480e+16  8.98605031e+15  4.74571000e+10  7.28191105e+09  1.49666900e+12  9.49596580e+09
 1.63325000e+03  8.51183565e+16  1.14701211e+16  4.58298757e+10  9.29489580e+09  1.49666900e+12  9.49596580e+09
 1.63400000e+03  8.21997909e+16  1.37261793e+16  4.42584462e+10  1.11231090e+10  1.49666900e+12  9.49596580e+09
 1.63475000e+03  7.93812981e+16  1.57693504e+16  4.27408984e+10  1.27788075e+10  1.49666900e+12  9.49596580e+09
 1.63550000e+03  7.66594466e+16  1.76138669e+16  4.12753847e+10  1.42735248e+10  1.49666900e+12  9.49596580e+09
 1.63625000e+03  7.40309229e+16  1.92731191e+16  3.98601211e+10  1.56181119e+10  1.49666900e+12  9.49596580e+09
 1.63700000e+03  7.14925268e+16  2.07597014e+16  3.84933844e+10  1.68227746e+10  1.49666900e+12  9.49596580e+09
 1.63775000e+03  6.90411680e+16  2.20854570e+16  3.71735109e+10  1.78971103e+10  1.49666900e+12  9.49596580e+09
 1.63775000e+03  6.90411680e+16  0.00000000e+00  3.71735109e+10  0.00000000e+00  1.49666900e+12  9.49596580e+09
 1.63777500e+03  6.89609199e+16  8.01779056e+13  3.71303033e+10  6.49727474e+07  1.49666900e+12  9.49596580e+09
 1.63780000e+03  6.88807651e+16  1.60122400e+14  3.70871459e+10  1.29756349e+08  1.49666900e+12  9.49596580e+09
 1.63782500e+03  6.88007034e+16  2.39834000e+14  3.70440387e+10  1.94351222e+08  1.49666900e+12  9.49596580e+09
 1.63785000e+03  6.87207348e+16  3.19313222e+14  3.70009815e+10  2.58757785e+08  1.49666900e+12  9.49596580e+09
 1.63787500e+03  6.86408592e+16  3.98560578e+14  3.69579745e+10  3.22976456e+08  1.49666900e+12  9.49596580e+09
 1.63790000e+03  6.85610763e+16  4.77576584e+14  3.69150174e+10  3.87007649e+08  1.49666900e+12  9.49596580e+09
 1.63792500e+03  6.84813862e+16  5.56361751e+14  3.68721102e+10  4.50851781e+08  1.49666900e+12  9.49596580e+09
 1.63795000e+03  6.84017888e+16  6.34916591e+14  3.68292529e+10  5.14509265e+08  1.49666900e+12  9.49596580e+09
 1.63797500e+03  6.83222838e+16  7.13241613e+14  3.67864454e+10  5.77980515e+08  1.49666900e+12  9.49596580e+09
 1.63800000e+03  6.82428713e+16  7.91337329e+14  3.67436877e+10  6.41265944e+08  1.49666900e+12  9.49596580e+09
 1.63800000e+03  6.82428713e+16  7.91337329e+14  3.67436877e+10  6.41265944e+08  1.49666900e+12  9.49596580e+09
 1.63930000e+03  7.21961577e+16  4.78443735e+15  3.88722371e+10  3.87710351e+09  1.49666900e+12  9.49596580e+09
 1.64060000e+03  7.59174511e+16  8.65178445e+15  4.08758756e+10  7.01103629e+09  1.49666900e+12  9.49596580e+09
 1.64190000e+03  7.94203657e+16  1.23913121e+16  4.27619334e+10  1.00413897e+10  1.49666900e+12  9.49596580e+09
 1.64320000e+03  8.27177167e+16  1.60018969e+16  4.45373106e+10  1.29672533e+10  1.49666900e+12  9.49596580e+09
 1.64450000e+03  8.58215674e+16  1.94832317e+16  4.62085023e+10  1.57883781e+10  1.49666900e+12  9.49596580e+09
 1.64580000e+03  8.87432731e+16  2.28357123e+16  4.77816225e+10  1.85050851e+10  1.49666900e+12  9.49596580e+09
 1.64710000e+03  9.14935227e+16  2.60603368e+16  4.92624264e+10  2.11181830e+10  1.49666900e+12  9.49596580e+09
 1.64840000e+03  9.40823777e+16  2.91586158e+16  5.06563315e+10  2.36288958e+10  1.49666900e+12  9.49596580e+09
 1.64970000e+03  9.65193096e+16  3.21324925e+16  5.19684372e+10  2.60387983e+10  1.49666900e+12  9.49596580e+09
 1.65100000e+03  9.88132335e+16  3.49842720e+16  5.32035438e+10  2.83497586e+10  1.49666900e+12  9.49596580e+09
 1.65100000e+03  9.88132335e+16  3.49842720e+16  5.32035438e+10  2.83497586e+10  1.49666900e+12  9.48646984e+09
 1.65102500e+03  9.86983806e+16  3.50378425e+16  5.31417042e+10  2.83931698e+10  1.49666900e+12  9.48646984e+09
 1.65105000e+03  9.85836613e+16  3.50911859e+16  5.30799364e+10  2.84363970e+10  1.49666900e+12  9.48646984e+09
 1.65107500e+03  9.84690753e+16  3.51443028e+16  5.30182404e+10  2.84794407e+10  1.49666900e+12  9.48646984e+09
 1.65110000e+03  9.83546224e+16  3.51971937e+16  5.29566161e+10  2.85223012e+10  1.49666900e+12  9.48646984e+09
 1.65112500e+03  9.82403026e+16  3.52498592e+16  5.28950634e+10  2.85649791e+10  1.49666900e+12  9.48646984e+09
 1.65115000e+03  9.81261157e+16  3.53022998e+16  5.28335823e+10  2.86074748e+10  1.49666900e+12  9.48646984e+09
 1.65117500e+03  9.80120615e+16  3.53545162e+16  5.27721726e+10  2.86497886e+10  1.49666900e+12  9.48646984e+09
 1.65120000e+03  9.78981399e+16  3.54065087e+16  5.27108343e+10  2.86919212e+10  1.49666900e+12  9.48646984e+09
 1.65122500e+03  9.77843507e+16  3.54582781e+16  5.26495673e+10  2.87338728e+10  1.49666900e+12  9.48646984e+09
 1.65125000e+03  9.76706937e+16  3.55098247e+16  5.25883715e+10  2.87756440e+10  1.49666900e+12  9.48646984e+09
 1.65125000e+03  9.76706937e+16  0.00000000e+00  5.25883715e+10  0.00000000e+00  1.51453033e+12  9.47698337e+09
 1.65200000e+03  9.43217296e+16  3.26205619e+15  5.07852045e+10  2.64343089e+09  1.51453033e+12  9.47698337e+09
 1.65275000e+03  9.10875958e+16  6.24538736e+15  4.90438651e+10  5.06099495e+09  1.51453033e+12  9.47698337e+09
 1.65350000e+03  8.79643550e+16  8.96808719e+15  4.73622333e+10  7.26735451e+09  1.51453033e+12  9.47698337e+09
 1.65425000e+03  8.49482049e+16  1.14471923e+16  4.57382618e+10  9.27631531e+09  1.51453033e+12  9.47698337e+09
 1.65500000e+03  8.20354736e+16  1.36987407e+16  4.41699736e+10  1.11008739e+10  1.51453033e+12  9.47698337e+09
 1.65575000e+03  7.92226149e+16  1.57378274e+16  4.26554593e+10  1.27532626e+10  1.51453033e+12  9.47698337e+09
 1.65650000e+03  7.65062044e+16  1.75786568e+16  4.11928752e+10  1.42449920e+10  1.51453033e+12  9.47698337e+09
 1.65725000e+03  7.38829351e+16  1.92345921e+16  3.97804407e+10  1.55868913e+10  1.51453033e+12  9.47698337e+09
 1.65800000e+03  7.13496132e+16  2.07182027e+16  3.84164361e+10  1.67891459e+10  1.51453033e+12  9.47698337e+09
 1.65875000e+03  6.89031548e+16  2.20413082e+16  3.70992010e+10  1.78613340e+10  1.51453033e+12  9.47698337e+09
 1.65875000e+03  6.89031548e+16  0.00000000e+00  3.70992010e+10  0.00000000e+00  1.51453033e+12  9.47698337e+09
 1.65877500e+03  6.88230671e+16  8.00176300e+13  3.70560798e+10  6.48428669e+07  1.51453033e+12  9.47698337e+09
 1.65880000e+03  6.87430724e+16  1.59802316e+14  3.70130087e+10  1.29496966e+08  1.51453033e+12  9.47698337e+09
 1.65882500e+03  6.86631708e+16  2.39354572e+14  3.69699876e+10  1.93962714e+08  1.51453033e+12  9.47698337e+09
 1.65885000e+03  6.85833621e+16  3.18674914e+14  3.69270166e+10  2.58240529e+08  1.51453033e+12  9.47698337e+09
 1.65887500e+03  6.85036461e+16  3.97763856e+14  3.68840955e+10  3.22330826e+08  1.51453033e+12  9.47698337e+09
 1.65890000e+03  6.84240227e+16  4.76621908e+14  3.68412242e+10  3.86234021e+08  1.51453033e+12  9.47698337e+09
 1.65892500e+03  6.83444920e+16  5.55249584e+14  3.67984029e+10  4.49950528e+08  1.51453033e+12  9.47698337e+09
 1.65895000e+03  6.82650536e+16  6.33647392e+14  3.67556312e+10  5.13480761e+08  1.51453033e+12  9.47698337e+09
 1.65897500e+03  6.81857076e+16  7.11815843e+14  3.67129093e+10  5.76825132e+08  1.51453033e+12  9.47698337e+09
 1.65900000e+03  6.81064538e+16  7.89755445e+14  3.66702371e+10  6.39984054e+08  1.51453033e+12  9.47698337e+09
 1.65900000e+03  6.81064538e+16  7.89755445e+14  3.66702371e+10  6.39984054e+08  1.51453033e+12  9.47698337e+09
 1.66030000e+03  7.20518375e+16  4.77487326e+15  3.87945315e+10  3.86935318e+09  1.51453033e+12  9.47698337e+09
 1.66160000e+03  7.57656921e+16  8.63448953e+15  4.07941647e+10  6.99702123e+09  1.51453033e+12  9.47698337e+09
 1.66290000e+03  7.92616043e+16  1.23665419e+16  4.26764523e+10  1.00213169e+10  1.51453033e+12  9.47698337e+09
 1.66420000e+03  8.25523640e+16  1.59699091e+16  4.44482805e+10  1.29413317e+10  1.51453033e+12  9.47698337e+09
 1.66550000e+03  8.56500101e+16  1.94442847e+16  4.61161315e+10  1.57568172e+10  1.51453033e+12  9.47698337e+09
 1.66680000e+03  8.85658753e+16  2.27900637e+16  4.76861070e+10  1.84680934e+10  1.51453033e+12  9.47698337e+09
 1.66810000e+03  9.13106271e+16  2.60082422e+16  4.91639508e+10  2.10759677e+10  1.51453033e+12  9.47698337e+09
 1.66940000e+03  9.38943071e+16  2.91003277e+16  5.05550695e+10  2.35816616e+10  1.51453033e+12  9.47698337e+09
 1.67070000e+03  9.63263675e+16  3.20682596e+16  5.18645523e+10  2.59867468e+10  1.51453033e+12  9.47698337e+09
 1.67200000e+03  9.86157059e+16  3.49143385e+16  5.30971900e+10  2.82930875e+10  1.51453033e+12  9.47698337e+09
 1.67200000e+03  9.86157059e+16  3.49143385e+16  5.30971900e+10  2.82930875e+10  1.51453033e+12  9.46750639e+09
 1.67202500e+03  9.85010826e+16  3.49678019e+16  5.30354739e+10  2.83364119e+10  1.51453033e+12  9.46750639e+09
 1.67205000e+03  9.83865926e+16  3.50210386e+16  5.29738296e+10  2.83795527e+10  1.51453033e+12  9.46750639e+09
 1.67207500e+03  9.82722356e+16  3.50740493e+16  5.29122569e+10  2.84225103e+10  1.51453033e+12  9.46750639e+09
 1.67210000e+03  9.81580116e+16  3.51268345e+16  5.28507558e+10  2.84652851e+10  1.51453033e+12  9.46750639e+09
 1.67212500e+03  9.80439203e+16  3.51793947e+16  5.27893261e+10  2.85078777e+10  1.51453033e+12  9.46750639e+09
 1.67215000e+03  9.79299616e+16  3.52317305e+16  5.27279679e+10  2.85502884e+10  1.51453033e+12  9.46750639e+09
 1.67217500e+03  9.78161354e+16  3.52838425e+16  5.26666810e+10  2.85925177e+10  1.51453033e+12  9.46750639e+09
 1.67220000e+03  9.77024415e+16  3.53357311e+16  5.26054653e+10  2.86345660e+10  1.51453033e+12  9.46750639e+09
 1.67222500e+03  9.75888797e+16  3.53873970e+16  5.25443208e+10  2.86764338e+10  1.51453033e+12  9.46750639e+09
 1.67225000e+03  9.74754500e+16  3.54388406e+16  5.24832474e+10  2.87181215e+10  1.51453033e+12  9.46750639e+09
 1.67225000e+03  9.74754500e+16  0.00000000e+00  5.24832474e+10  0.00000000e+00  1.53235596e+12  9.45803888e+09
 1.67300000e+03  9.41331804e+16  3.25553534e+15  5.06836849e+10  2.63814668e+09  1.53235596e+12  9.45803888e+09
 1.67375000e+03  9.09055117e+16  6.23290283e+15  4.89458264e+10  5.05087802e+09  1.53235596e+12  9.45803888e+09
 1.67450000e+03  8.77885143e+16  8.95015999e+15  4.72675562e+10  7.25282707e+09  1.53235596e+12  9.45803888e+09
 1.67525000e+03  8.47783935e+16  1.14243094e+16  4.56468310e+10  9.25777195e+09  1.53235596e+12  9.45803888e+09
 1.67600000e+03  8.18714846e+16  1.36713569e+16  4.40816778e+10  1.10786833e+10  1.53235596e+12  9.45803888e+09
 1.67675000e+03  7.90642489e+16  1.57063675e+16  4.25701911e+10  1.27277688e+10  1.53235596e+12  9.45803888e+09
 1.67750000e+03  7.63532685e+16  1.75435171e+16  4.11105307e+10  1.42165163e+10  1.53235596e+12  9.45803888e+09
 1.67825000e+03  7.37352431e+16  1.91961422e+16  3.97009196e+10  1.55557331e+10  1.53235596e+12  9.45803888e+09
 1.67900000e+03  7.12069853e+16  2.06767870e+16  3.83396417e+10  1.67555844e+10  1.53235596e+12  9.45803888e+09
 1.67975000e+03  6.87654173e+16  2.19972476e+16  3.70250397e+10  1.78256292e+10  1.53235596e+12  9.45803888e+09
 1.67975000e+03  6.87654173e+16  0.00000000e+00  3.70250397e+10  0.00000000e+00  1.53235596e+12  9.45803888e+09
 1.67977500e+03  6.86854897e+16  7.98576747e+13  3.69820047e+10  6.47132460e+07  1.53235596e+12  9.45803888e+09
 1.67980000e+03  6.86056550e+16  1.59482871e+14  3.69390197e+10  1.29238101e+08  1.53235596e+12  9.45803888e+09
 1.67982500e+03  6.85259131e+16  2.38876102e+14  3.68960846e+10  1.93574982e+08  1.53235596e+12  9.45803888e+09
 1.67985000e+03  6.84462639e+16  3.18037883e+14  3.68531995e+10  2.57724306e+08  1.53235596e+12  9.45803888e+09
 1.67987500e+03  6.83667073e+16  3.96968726e+14  3.68103642e+10  3.21686486e+08  1.53235596e+12  9.45803888e+09
 1.67990000e+03  6.82872431e+16  4.75669141e+14  3.67675786e+10  3.85461939e+08  1.53235596e+12  9.45803888e+09
 1.67992500e+03  6.82078713e+16  5.54139640e+14  3.67248428e+10  4.49051077e+08  1.53235596e+12  9.45803888e+09
 1.67995000e+03  6.81285918e+16  6.32380731e+14  3.66821567e+10  5.12454313e+08  1.53235596e+12  9.45803888e+09
 1.67997500e+03  6.80494044e+16  7.10392924e+14  3.66395202e+10  5.75672059e+08  1.53235596e+12  9.45803888e+09
 1.68000000e+03  6.79703090e+16  7.88176724e+14  3.65969333e+10  6.38704726e+08  1.53235596e+12  9.45803888e+09
 1.68000000e+03  6.79703090e+16  7.88176724e+14  3.65969333e+10  6.38704726e+08  1.53235596e+12  9.45803888e+09
 1.68130000e+03  7.19078059e+16  4.76532829e+15  3.87169812e+10  3.86161834e+09  1.53235596e+12  9.45803888e+09
 1.68260000e+03  7.56142364e+16  8.61722919e+15  4.07126171e+10  6.98303418e+09  1.53235596e+12  9.45803888e+09
 1.68390000e+03  7.91031604e+16  1.23418212e+16  4.25911420e+10  1.00012843e+10  1.53235596e+12  9.45803888e+09
 1.68520000e+03  8.23873418e+16  1.59379853e+16  4.43594284e+10  1.29154620e+10  1.53235596e+12  9.45803888e+09
 1.68650000e+03  8.54787958e+16  1.94054156e+16  4.60239453e+10  1.57253193e+10  1.53235596e+12  9.45803888e+09
 1.68780000e+03  8.83888321e+16  2.27445064e+16  4.75907825e+10  1.84311757e+10  1.53235596e+12  9.45803888e+09
 1.68910000e+03  9.11280972e+16  2.59562517e+16  4.90656721e+10  2.10338369e+10  1.53235596e+12  9.45803888e+09
 1.69040000e+03  9.37066123e+16  2.90421561e+16  5.04540099e+10  2.35345219e+10  1.53235596e+12  9.45803888e+09
 1.69170000e+03  9.61338110e+16  3.20041552e+16  5.17608750e+10  2.59347993e+10  1.53235596e+12  9.45803888e+09
 1.69300000e+03  9.84185731e+16  3.48445447e+16  5.29910487e+10  2.82365296e+10  1.53235596e+12  9.45803888e+09
 1.69300000e+03  9.84185731e+16  3.48445447e+16  5.29910487e+10  2.82365296e+10  1.53235596e+12  9.44858084e+09
 1.69302500e+03  9.83041789e+16  3.48979012e+16  5.29294560e+10  2.82797674e+10  1.53235596e+12  9.44858084e+09
 1.69305000e+03  9.81899178e+16  3.49510316e+16  5.28679349e+10  2.83228220e+10  1.53235596e+12  9.44858084e+09
 1.69307500e+03  9.80757894e+16  3.50039363e+16  5.28064853e+10  2.83656937e+10  1.53235596e+12  9.44858084e+09
 1.69310000e+03  9.79617937e+16  3.50566160e+16  5.27451071e+10  2.84083830e+10  1.53235596e+12  9.44858084e+09
 1.69312500e+03  9.78479305e+16  3.51090711e+16  5.26838003e+10  2.84508905e+10  1.53235596e+12  9.44858084e+09
 1.69315000e+03  9.77341996e+16  3.51613023e+16  5.26225647e+10  2.84932164e+10  1.53235596e+12  9.44858084e+09
 1.69317500e+03  9.76206009e+16  3.52133101e+16  5.25614003e+10  2.85353613e+10  1.53235596e+12  9.44858084e+09
 1.69320000e+03  9.75071343e+16  3.52650950e+16  5.25003070e+10  2.85773255e+10  1.53235596e+12  9.44858084e+09
 1.69322500e+03  9.73937996e+16  3.53166576e+16  5.24392847e+10  2.86191096e+10  1.53235596e+12  9.44858084e+09
 1.69325000e+03  9.72805966e+16  3.53679983e+16  5.23783334e+10  2.86607140e+10  1.53235596e+12  9.44858084e+09
 1.69325000e+03  9.72805966e+16  0.00000000e+00  5.23783334e+10  0.00000000e+00  1.55014596e+12  9.43913226e+09
 1.69400000e+03  9.39450082e+16  3.24902752e+15  5.05823682e+10  2.63287302e+09  1.55014596e+12  9.43913226e+09
 1.69475000e+03  9.07237915e+16  6.22044325e+15  4.88479837e+10  5.04078131e+09  1.55014596e+12  9.43913226e+09
 1.69550000e+03  8.76130250e+16  8.93226862e+15  4.71730683e+10  7.23832867e+09  1.55014596e+12  9.43913226e+09
 1.69625000e+03  8.46089214e+16  1.14014722e+16  4.55555830e+10  9.23926567e+09  1.55014596e+12  9.43913226e+09
 1.69700000e+03  8.17078236e+16  1.36440279e+16  4.39935585e+10  1.10565370e+10  1.55014596e+12  9.43913226e+09
 1.69775000e+03  7.89061994e+16  1.56749705e+16  4.24850933e+10  1.27023260e+10  1.55014596e+12  9.43913226e+09
 1.69850000e+03  7.62006383e+16  1.75084476e+16  4.10283507e+10  1.41880975e+10  1.55014596e+12  9.43913226e+09
 1.69925000e+03  7.35878463e+16  1.91577691e+16  3.96215574e+10  1.55246372e+10  1.55014596e+12  9.43913226e+09
 1.70000000e+03  7.10646426e+16  2.06354542e+16  3.82630007e+10  1.67220900e+10  1.55014596e+12  9.43913226e+09
 1.70075000e+03  6.86279553e+16  2.19532751e+16  3.69510267e+10  1.77899957e+10  1.55014596e+12  9.43913226e+09
 1.70075000e+03  6.86279553e+16  0.00000000e+00  3.69510267e+10  0.00000000e+00  1.55014596e+12  9.43913226e+09
 1.70077500e+03  6.85481875e+16  7.96980392e+13  3.69080777e+10  6.45838842e+07  1.55014596e+12  9.43913226e+09
 1.70080000e+03  6.84685123e+16  1.59164064e+14  3.68651786e+10  1.28979754e+08  1.55014596e+12  9.43913226e+09
 1.70082500e+03  6.83889298e+16  2.38398589e+14  3.68223293e+10  1.93188026e+08  1.55014596e+12  9.43913226e+09
 1.70085000e+03  6.83094398e+16  3.17402126e+14  3.67795299e+10  2.57209115e+08  1.55014596e+12  9.43913226e+09
 1.70087500e+03  6.82300422e+16  3.96175185e+14  3.67367802e+10  3.21043435e+08  1.55014596e+12  9.43913226e+09
 1.70090000e+03  6.81507369e+16  4.74718279e+14  3.66940802e+10  3.84691400e+08  1.55014596e+12  9.43913226e+09
 1.70092500e+03  6.80715238e+16  5.53031915e+14  3.66514299e+10  4.48153424e+08  1.55014596e+12  9.43913226e+09
 1.70095000e+03  6.79924027e+16  6.31116602e+14  3.66088291e+10  5.11429916e+08  1.55014596e+12  9.43913226e+09
 1.70097500e+03  6.79133736e+16  7.08972848e+14  3.65662778e+10  5.74521290e+08  1.55014596e+12  9.43913226e+09
 1.70100000e+03  6.78344363e+16  7.86601159e+14  3.65237760e+10  6.37427955e+08  1.55014596e+12  9.43913226e+09
 1.70100000e+03  6.78344363e+16  7.86601159e+14  3.65237760e+10  6.37427955e+08  1.55014596e+12  9.43913226e+09
 1.70230000e+03  7.17640622e+16  4.75580240e+15  3.86395860e+10  3.85389897e+09  1.55014596e+12  9.43913226e+09
 1.70360000e+03  7.54630836e+16  8.60000335e+15  4.06312326e+10  6.96907510e+09  1.55014596e+12  9.43913226e+09
 1.70490000e+03  7.89450332e+16  1.23171499e+16  4.25060023e+10  9.98129174e+09  1.55014596e+12  9.43913226e+09
 1.70620000e+03  8.22226495e+16  1.59061253e+16  4.42707539e+10  1.28896440e+10  1.55014596e+12  9.43913226e+09
 1.70750000e+03  8.53079236e+16  1.93666242e+16  4.59319435e+10  1.56938844e+10  1.55014596e+12  9.43913226e+09
 1.70880000e+03  8.82121429e+16  2.26990401e+16  4.74956485e+10  1.83943318e+10  1.55014596e+12  9.43913226e+09
 1.71010000e+03  9.09459321e+16  2.59043652e+16  4.89675898e+10  2.09917902e+10  1.55014596e+12  9.43913226e+09
 1.71140000e+03  9.35192928e+16  2.89841009e+16  5.03531523e+10  2.34874764e+10  1.55014596e+12  9.43913226e+09
 1.71270000e+03  9.59416396e+16  3.19401788e+16  5.16574050e+10  2.58829556e+10  1.55014596e+12  9.43913226e+09
 1.71400000e+03  9.82218343e+16  3.47748905e+16  5.28851196e+10  2.81800847e+10  1.55014596e+12  9.43913226e+09
 1.71400000e+03  9.82218343e+16  3.47748905e+16  5.28851196e+10  2.81800847e+10  1.55014596e+12  9.42969313e+09
 1.71402500e+03  9.81076689e+16  3.48281403e+16  5.28236500e+10  2.82232361e+10  1.55014596e+12  9.42969313e+09
 1.71405000e+03  9.79936361e+16  3.48811645e+16  5.27622519e+10  2.82662046e+10  1.55014596e+12  9.42969313e+09
 1.71407500e+03  9.78797359e+16  3.49339634e+16  5.27009251e+10  2.83089907e+10  1.55014596e+12  9.42969313e+09
 1.71410000e+03  9.77659681e+16  3.49865378e+16  5.26396696e+10  2.83515947e+10  1.55014596e+12  9.42969313e+09
 1.71412500e+03  9.76523325e+16  3.50388881e+16  5.25784854e+10  2.83940171e+10  1.55014596e+12  9.42969313e+09
 1.71415000e+03  9.75388290e+16  3.50910149e+16  5.25173722e+10  2.84362584e+10  1.55014596e+12  9.42969313e+09
 1.71417500e+03  9.74254574e+16  3.51429187e+16  5.24563301e+10  2.84783191e+10  1.55014596e+12  9.42969313e+09
 1.71420000e+03  9.73122176e+16  3.51946001e+16  5.23953589e+10  2.85201995e+10  1.55014596e+12  9.42969313e+09
 1.71422500e+03  9.71991094e+16  3.52460596e+16  5.23344586e+10  2.85619000e+10  1.55014596e+12  9.42969313e+09
 1.71425000e+03  9.70861326e+16  3.52972977e+16  5.22736291e+10  2.86034212e+10  1.55014596e+12  9.42969313e+09
 1.71425000e+03  9.70861326e+16  0.00000000e+00  5.22736291e+10  0.00000000e+00  1.56790039e+12  9.42026343e+09
 1.71500000e+03  9.37572121e+16  3.24253272e+15  5.04812541e+10  2.62760991e+09  1.56790039e+12  9.42026343e+09
 1.71575000e+03  9.05424347e+16  6.20800859e+15  4.87503366e+10  5.03070479e+09  1.56790039e+12  9.42026343e+09
 1.71650000e+03  8.74378866e+16  8.91441301e+15  4.70787694e+10  7.22385925e+09  1.56790039e+12  9.42026343e+09
 1.71725000e+03  8.44397882e+16  1.13786806e+16  4.54645174e+10  9.22079637e+09  1.56790039e+12  9.42026343e+09
 1.71800000e+03  8.15444896e+16  1.36167535e+16  4.39056154e+10  1.10344349e+10  1.56790039e+12  9.42026343e+09
 1.71875000e+03  7.87484659e+16  1.56436362e+16  4.24001656e+10  1.26769341e+10  1.56790039e+12  9.42026343e+09
 1.71950000e+03  7.60483132e+16  1.74734482e+16  4.09463351e+10  1.41597355e+10  1.56790039e+12  9.42026343e+09
 1.72025000e+03  7.34407442e+16  1.91194727e+16  3.95423540e+10  1.54936034e+10  1.56790039e+12  9.42026343e+09
 1.72100000e+03  7.09225844e+16  2.05942039e+16  3.81865130e+10  1.66886625e+10  1.56790039e+12  9.42026343e+09
 1.72175000e+03  6.84907680e+16  2.19093905e+16  3.68771616e+10  1.77544335e+10  1.56790039e+12  9.42026343e+09
 1.72175000e+03  6.84907680e+16  0.00000000e+00  3.68771616e+10  0.00000000e+00  1.56790039e+12  9.42026343e+09
 1.72177500e+03  6.84111596e+16  7.95387228e+13  3.68342984e+10  6.44547810e+07  1.56790039e+12  9.42026343e+09
 1.72180000e+03  6.83316438e+16  1.58845895e+14  3.67914851e+10  1.28721924e+08  1.56790039e+12  9.42026343e+09
 1.72182500e+03  6.82522204e+16  2.37922030e+14  3.67487215e+10  1.92801843e+08  1.56790039e+12  9.42026343e+09
 1.72185000e+03  6.81728893e+16  3.16767639e+14  3.67060076e+10  2.56694954e+08  1.56790039e+12  9.42026343e+09
 1.72187500e+03  6.80936504e+16  3.95383231e+14  3.66633434e+10  3.20401669e+08  1.56790039e+12  9.42026343e+09
 1.72190000e+03  6.80145036e+16  4.73769317e+14  3.66207288e+10  3.83922402e+08  1.56790039e+12  9.42026343e+09
 1.72192500e+03  6.79354488e+16  5.51926404e+14  3.65781637e+10  4.47257565e+08  1.56790039e+12  9.42026343e+09
 1.72195000e+03  6.78564859e+16  6.29855000e+14  3.65356481e+10  5.10407568e+08  1.56790039e+12  9.42026343e+09
 1.72197500e+03  6.77776148e+16  7.07555611e+14  3.64931818e+10  5.73372822e+08  1.56790039e+12  9.42026343e+09
 1.72200000e+03  6.76988353e+16  7.85028743e+14  3.64507650e+10  6.36153737e+08  1.56790039e+12  9.42026343e+09
 1.72200000e+03  6.76988353e+16  7.85028743e+14  3.64507650e+10  6.36153737e+08  1.56790039e+12  9.42026343e+09
 1.72330000e+03  7.16206059e+16  4.74629555e+15  3.85623454e+10  3.84619502e+09  1.56790039e+12  9.42026343e+09
 1.72460000e+03  7.53122329e+16  8.58281194e+15  4.05500108e+10  6.95514391e+09  1.56790039e+12  9.42026343e+09
 1.72590000e+03  7.87872221e+16  1.22925279e+16  4.24210328e+10  9.96133914e+09  1.56790039e+12  9.42026343e+09
 1.72720000e+03  8.20582865e+16  1.58743289e+16  4.41822566e+10  1.28638776e+10  1.56790039e+12  9.42026343e+09
 1.72850000e+03  8.51373931e+16  1.93279103e+16  4.58401255e+10  1.56625123e+10  1.56790039e+12  9.42026343e+09
 1.72980000e+03  8.80358068e+16  2.26536647e+16  4.74007047e+10  1.83575615e+10  1.56790039e+12  9.42026343e+09
 1.73110000e+03  9.07641312e+16  2.58525823e+16  4.88697036e+10  2.09498276e+10  1.56790039e+12  9.42026343e+09
 1.73240000e+03  9.33323478e+16  2.89261617e+16  5.02524964e+10  2.34405249e+10  1.56790039e+12  9.42026343e+09
 1.73370000e+03  9.57498522e+16  3.18763304e+16  5.15541419e+10  2.58312156e+10  1.56790039e+12  9.42026343e+09
 1.73500000e+03  9.80254889e+16  3.47053755e+16  5.27794022e+10  2.81237528e+10  1.56790039e+12  9.42026343e+09
 1.73500000e+03  9.80254889e+16  3.47053755e+16  5.27794022e+10  2.81237528e+10  1.56790039e+12  9.41084317e+09
 1.73502500e+03  9.79115516e+16  3.47585189e+16  5.27180555e+10  2.81668179e+10  1.56790039e+12  9.41084317e+09
 1.73505000e+03  9.77977468e+16  3.48114370e+16  5.26567801e+10  2.82097005e+10  1.56790039e+12  9.41084317e+09
 1.73507500e+03  9.76840743e+16  3.48641304e+16  5.25955760e+10  2.82524010e+10  1.56790039e+12  9.41084317e+09
 1.73510000e+03  9.75705339e+16  3.49165997e+16  5.25344429e+10  2.82949198e+10  1.56790039e+12  9.41084317e+09
 1.73512500e+03  9.74571255e+16  3.49688454e+16  5.24733810e+10  2.83372575e+10  1.56790039e+12  9.41084317e+09
 1.73515000e+03  9.73438488e+16  3.50208679e+16  5.24123900e+10  2.83794144e+10  1.56790039e+12  9.41084317e+09
 1.73517500e+03  9.72307039e+16  3.50726680e+16  5.23514699e+10  2.84213909e+10  1.56790039e+12  9.41084317e+09
 1.73520000e+03  9.71176904e+16  3.51242461e+16  5.22906206e+10  2.84631876e+10  1.56790039e+12  9.41084317e+09
 1.73522500e+03  9.70048083e+16  3.51756027e+16  5.22298420e+10  2.85048048e+10  1.56790039e+12  9.41084317e+09
 1.73525000e+03  9.68920575e+16  3.52267384e+16  5.21691341e+10  2.85462430e+10  1.56790039e+12  9.41084317e+09
 1.73525000e+03  9.68920575e+16  0.00000000e+00  5.21691341e+10  0.00000000e+00  1.58561933e+12  9.40143233e+09
 1.73600000e+03  9.35697914e+16  3.23605089e+15  5.03803420e+10  2.62235732e+09  1.58561933e+12  9.40143233e+09
 1.73675000e+03  9.03614404e+16  6.19559878e+15  4.86528847e+10  5.02064841e+09  1.58561933e+12  9.40143233e+09
 1.73750000e+03  8.72630982e+16  8.89659310e+15  4.69846589e+10  7.20941875e+09  1.58561933e+12  9.40143233e+09
 1.73825000e+03  8.42709931e+16  1.13559346e+16  4.53736338e+10  9.20236400e+09  1.58561933e+12  9.40143233e+09
 1.73900000e+03  8.13814822e+16  1.35895336e+16  4.38178481e+10  1.10123771e+10  1.58561933e+12  9.40143233e+09
 1.73975000e+03  7.85910478e+16  1.56123646e+16  4.23154076e+10  1.26515929e+10  1.58561933e+12  9.40143233e+09
 1.74050000e+03  7.58962926e+16  1.74385188e+16  4.08644833e+10  1.41314302e+10  1.58561933e+12  9.40143233e+09
 1.74125000e+03  7.32939362e+16  1.90812529e+16  3.94633088e+10  1.54626317e+10  1.58561933e+12  9.40143233e+09
 1.74200000e+03  7.07808101e+16  2.05530361e+16  3.81101782e+10  1.66553019e+10  1.58561933e+12  9.40143233e+09
 1.74275000e+03  6.83538549e+16  2.18655936e+16  3.68034441e+10  1.77189424e+10  1.58561933e+12  9.40143233e+09
 1.74275000e+03  6.83538549e+16  0.00000000e+00  3.68034441e+10  0.00000000e+00  1.58561933e+12  9.40143233e+09
 1.74277500e+03  6.82744057e+16  7.93797249e+13  3.67606667e+10  6.43259359e+07  1.58561933e+12  9.40143233e+09
 1.74280000e+03  6.81950488e+16  1.58528363e+14  3.67179389e+10  1.28464609e+08  1.58561933e+12  9.40143233e+09
 1.74282500e+03  6.81157842e+16  2.37446424e+14  3.66752608e+10  1.92416432e+08  1.58561933e+12  9.40143233e+09
 1.74285000e+03  6.80366117e+16  3.16134420e+14  3.66326323e+10  2.56181821e+08  1.58561933e+12  9.40143233e+09
 1.74287500e+03  6.79575312e+16  3.94592860e+14  3.65900534e+10  3.19761186e+08  1.58561933e+12  9.40143233e+09
 1.74290000e+03  6.78785426e+16  4.72822252e+14  3.65475239e+10  3.83154941e+08  1.58561933e+12  9.40143233e+09
 1.74292500e+03  6.77996458e+16  5.50823103e+14  3.65050439e+10  4.46363497e+08  1.58561933e+12  9.40143233e+09
 1.74295000e+03  6.77208408e+16  6.28595920e+14  3.64626133e+10  5.09387263e+08  1.58561933e+12  9.40143233e+09
 1.74297500e+03  6.76421273e+16  7.06141208e+14  3.64202320e+10  5.72226650e+08  1.58561933e+12  9.40143233e+09
 1.74300000e+03  6.75635053e+16  7.83459471e+14  3.63778999e+10  6.34882065e+08  1.58561933e+12  9.40143233e+09
 1.74300000e+03  6.75635053e+16  7.83459471e+14  3.63778999e+10  6.34882065e+08  1.58561933e+12  9.40143233e+09
 1.74430000e+03  7.14774363e+16  4.73680770e+15  3.84852593e+10  3.83850648e+09  1.58561933e+12  9.40143233e+09
 1.74560000e+03  7.51616837e+16  8.56565490e+15  4.04689513e+10  6.94124058e+09  1.58561933e+12  9.40143233e+09
 1.74690000e+03  7.86297264e+16  1.22679551e+16  4.23362332e+10  9.94142642e+09  1.58561933e+12  9.40143233e+09
 1.74820000e+03  8.18942519e+16  1.58425961e+16  4.40939363e+10  1.28381627e+10  1.58561933e+12  9.40143233e+09
 1.74950000e+03  8.49672035e+16  1.92892738e+16  4.57484911e+10  1.56312029e+10  1.58561933e+12  9.40143233e+09
 1.75080000e+03  8.78598232e+16  2.26083800e+16  4.73059507e+10  1.83208648e+10  1.58561933e+12  9.40143233e+09
 1.75210000e+03  9.05826937e+16  2.58009030e+16  4.87720131e+10  2.09079489e+10  1.58561933e+12  9.40143233e+09
 1.75340000e+03  9.31457764e+16  2.88683383e+16  5.01520416e+10  2.33936673e+10  1.58561933e+12  9.40143233e+09
 1.75470000e+03  9.55584483e+16  3.18126096e+16  5.14510852e+10  2.57795790e+10  1.58561933e+12  9.40143233e+09
 1.75600000e+03  9.78295359e+16  3.46359994e+16  5.26738962e+10  2.80675334e+10  1.58561933e+12  9.40143233e+09
 1.75600000e+03  9.78295359e+16  3.46359994e+16  5.26738962e+10  2.80675334e+10  1.58561933e+12  9.39203090e+09
 1.75602500e+03  9.77158264e+16  3.46890366e+16  5.26126721e+10  2.81105124e+10  1.58561933e+12  9.39203090e+09
 1.75605000e+03  9.76022491e+16  3.47418489e+16  5.25515192e+10  2.81533093e+10  1.58561933e+12  9.39203090e+09
 1.75607500e+03  9.74888038e+16  3.47944370e+16  5.24904374e+10  2.81959244e+10  1.58561933e+12  9.39203090e+09
 1.75610000e+03  9.73754904e+16  3.48468014e+16  5.24294266e+10  2.82383583e+10  1.58561933e+12  9.39203090e+09
 1.75612500e+03  9.72623087e+16  3.48989426e+16  5.23684867e+10  2.82806113e+10  1.58561933e+12  9.39203090e+09
 1.75615000e+03  9.71492585e+16  3.49508612e+16  5.23076176e+10  2.83226839e+10  1.58561933e+12  9.39203090e+09
 1.75617500e+03  9.70363397e+16  3.50025577e+16  5.22468193e+10  2.83645766e+10  1.58561933e+12  9.39203090e+09
 1.75620000e+03  9.69235522e+16  3.50540327e+16  5.21860916e+10  2.84062897e+10  1.58561933e+12  9.39203090e+09
 1.75622500e+03  9.68108957e+16  3.51052867e+16  5.21254346e+10  2.84478237e+10  1.58561933e+12  9.39203090e+09
 1.75625000e+03  9.66983702e+16  3.51563201e+16  5.20648480e+10  2.84891790e+10  1.58561933e+12  9.39203090e+09
 1.75625000e+03  9.66983702e+16  0.00000000e+00  5.20648480e+10  0.00000000e+00  1.60330285e+12  9.38263886e+09
 1.75700000e+03  9.33827454e+16  3.22958203e+15  5.02796317e+10  2.61711522e+09  1.60330285e+12  9.38263886e+09
 1.75775000e+03  9.01808078e+16  6.18321378e+15  4.85556276e+10  5.01061214e+09  1.60330285e+12  9.38263886e+09
 1.75850000e+03  8.70886593e+16  8.87880881e+15  4.68907366e+10  7.19500713e+09  1.60330285e+12  9.38263886e+09
 1.75925000e+03  8.41025354e+16  1.13332341e+16  4.52829319e+10  9.18396848e+09  1.60330285e+12  9.38263886e+09
 1.76000000e+03  8.12188006e+16  1.35623681e+16  4.37302562e+10  1.09903634e+10  1.60330285e+12  9.38263886e+09
 1.76075000e+03  7.84339442e+16  1.55811555e+16  4.22308191e+10  1.26263024e+10  1.60330285e+12  9.38263886e+09
 1.76150000e+03  7.57445760e+16  1.74036592e+16  4.07827952e+10  1.41031814e+10  1.60330285e+12  9.38263886e+09
 1.76225000e+03  7.31474216e+16  1.90431095e+16  3.93844216e+10  1.54317219e+10  1.60330285e+12  9.38263886e+09
 1.76300000e+03  7.06393193e+16  2.05119505e+16  3.80339959e+10  1.66220079e+10  1.60330285e+12  9.38263886e+09
 1.76375000e+03  6.82172156e+16  2.18218843e+16  3.67298740e+10  1.76835222e+10  1.60330285e+12  9.38263886e+09
 1.76375000e+03  6.82172156e+16  0.00000000e+00  3.67298740e+10  0.00000000e+00  1.60330285e+12  9.38263886e+09
 1.76377500e+03  6.81379252e+16  7.92210449e+13  3.66871821e+10  6.41973484e+07  1.60330285e+12  9.38263886e+09
 1.76380000e+03  6.80587269e+16  1.58211464e+14  3.66445397e+10  1.28207808e+08  1.60330285e+12  9.38263886e+09
 1.76382500e+03  6.79796207e+16  2.36971769e+14  3.66019470e+10  1.92031792e+08  1.60330285e+12  9.38263886e+09
 1.76385000e+03  6.79006065e+16  3.15502468e+14  3.65594037e+10  2.55669713e+08  1.60330285e+12  9.38263886e+09
 1.76387500e+03  6.78216841e+16  3.93804069e+14  3.65169099e+10  3.19121984e+08  1.60330285e+12  9.38263886e+09
 1.76390000e+03  6.77428534e+16  4.71877080e+14  3.64744654e+10  3.82389015e+08  1.60330285e+12  9.38263886e+09
 1.76392500e+03  6.76641143e+16  5.49722008e+14  3.64320703e+10  4.45471216e+08  1.60330285e+12  9.38263886e+09
 1.76395000e+03  6.75854668e+16  6.27339357e+14  3.63897245e+10  5.08368998e+08  1.60330285e+12  9.38263886e+09
 1.76397500e+03  6.75069107e+16  7.04729631e+14  3.63474279e+10  5.71082769e+08  1.60330285e+12  9.38263886e+09
 1.76400000e+03  6.74284459e+16  7.81893335e+14  3.63051805e+10  6.33612936e+08  1.60330285e+12  9.38263886e+09
 1.76400000e+03  6.74284459e+16  7.81893335e+14  3.63051805e+10  6.33612936e+08  1.60330285e+12  9.38263886e+09
 1.76530000e+03  7.13345529e+16  4.72733882e+15  3.84083273e+10  3.83083331e+09  1.60330285e+12  9.38263886e+09
 1.76660000e+03  7.50114355e+16  8.54853216e+15  4.03880539e+10  6.92736504e+09  1.60330285e+12  9.38263886e+09
 1.76790000e+03  7.84725456e+16  1.22434315e+16  4.22516031e+10  9.92155351e+09  1.60330285e+12  9.38263886e+09
 1.76920000e+03  8.17305453e+16  1.58109268e+16  4.40057925e+10  1.28124992e+10  1.60330285e+12  9.38263886e+09
 1.77050000e+03  8.47973540e+16  1.92507145e+16  4.56570399e+10  1.55999562e+10  1.60330285e+12  9.38263886e+09
 1.77180000e+03  8.76841914e+16  2.25631859e+16  4.72113861e+10  1.82842413e+10  1.60330285e+12  9.38263886e+09
 1.77310000e+03  9.04016189e+16  2.57493270e+16  4.86745178e+10  2.08661539e+10  1.60330285e+12  9.38263886e+09
 1.77440000e+03  9.29595780e+16  2.88106305e+16  5.00517877e+10  2.33469034e+10  1.60330285e+12  9.38263886e+09
 1.77570000e+03  9.53674269e+16  3.17490162e+16  5.13482344e+10  2.57280456e+10  1.60330285e+12  9.38263886e+09
 1.77700000e+03  9.76339747e+16  3.45667621e+16  5.25686011e+10  2.80114264e+10  1.60330285e+12  9.38263886e+09
 1.77700000e+03  9.76339747e+16  3.45667621e+16  5.25686011e+10  2.80114264e+10  1.60330285e+12  9.37325623e+09
 1.77702500e+03  9.75204925e+16  3.46196932e+16  5.25074994e+10  2.80543195e+10  1.60330285e+12  9.37325623e+09
 1.77705000e+03  9.74071422e+16  3.46724000e+16  5.24464687e+10  2.80970308e+10  1.60330285e+12  9.37325623e+09
 1.77707500e+03  9.72939237e+16  3.47248830e+16  5.23855090e+10  2.81395608e+10  1.60330285e+12  9.37325623e+09
 1.77710000e+03  9.71808368e+16  3.47771427e+16  5.23246202e+10  2.81819098e+10  1.60330285e+12  9.37325623e+09
 1.77712500e+03  9.70678813e+16  3.48291796e+16  5.22638021e+10  2.82240784e+10  1.60330285e+12  9.37325623e+09
 1.77715000e+03  9.69550571e+16  3.48809945e+16  5.22030547e+10  2.82660669e+10  1.60330285e+12  9.37325623e+09
 1.77717500e+03  9.68423641e+16  3.49325876e+16  5.21423779e+10  2.83078758e+10  1.60330285e+12  9.37325623e+09
 1.77720000e+03  9.67298020e+16  3.49839597e+16  5.20817716e+10  2.83495055e+10  1.60330285e+12  9.37325623e+09
 1.77722500e+03  9.66173708e+16  3.50351112e+16  5.20212358e+10  2.83909565e+10  1.60330285e+12  9.37325623e+09
 1.77725000e+03  9.65050702e+16  3.50860427e+16  5.19607703e+10  2.84322292e+10  1.60330285e+12  9.37325623e+09
 1.77725000e+03  9.65050702e+16  0.00000000e+00  5.19607703e+10  0.00000000e+00  1.62095103e+12  9.36388297e+09
 1.77800000e+03  9.31960733e+16  3.22312609e+15  5.01791228e+10  2.61188361e+09  1.62095103e+12  9.36388297e+09
 1.77875000e+03  9.00005364e+16  6.17085353e+15  4.84585649e+10  5.00059592e+09  1.62095103e+12  9.36388297e+09
 1.77950000e+03  8.69145691e+16  8.86106007e+15  4.67970020e+10  7.18062431e+09  1.62095103e+12  9.36388297e+09
 1.78025000e+03  8.39344144e+16  1.13105790e+16  4.51924114e+10  9.16560972e+09  1.62095103e+12  9.36388297e+09
 1.78100000e+03  8.10564442e+16  1.35352569e+16  4.36428394e+10  1.09683936e+10  1.62095103e+12  9.36388297e+09
 1.78175000e+03  7.82771548e+16  1.55500087e+16  4.21463997e+10  1.26010624e+10  1.62095103e+12  9.36388297e+09
 1.78250000e+03  7.55931625e+16  1.73688693e+16  4.07012704e+10  1.40749892e+10  1.62095103e+12  9.36388297e+09
 1.78325000e+03  7.30011999e+16  1.90050423e+16  3.93056922e+10  1.54008739e+10  1.62095103e+12  9.36388297e+09
 1.78400000e+03  7.04981113e+16  2.04709472e+16  3.79579660e+10  1.65887805e+10  1.62095103e+12  9.36388297e+09
 1.78475000e+03  6.80808494e+16  2.17782624e+16  3.66564510e+10  1.76481729e+10  1.62095103e+12  9.36388297e+09
 1.78475000e+03  6.80808494e+16  0.00000000e+00  3.66564510e+10  0.00000000e+00  1.62095103e+12  9.36388297e+09
 1.78477500e+03  6.80017175e+16  7.90626820e+13  3.66138444e+10  6.40690179e+07  1.62095103e+12  9.36388297e+09
 1.78480000e+03  6.79226775e+16  1.57895200e+14  3.65712873e+10  1.27951520e+08  1.62095103e+12  9.36388297e+09
 1.78482500e+03  6.78437295e+16  2.36498062e+14  3.65287797e+10  1.91647920e+08  1.62095103e+12  9.36388297e+09
 1.78485000e+03  6.77648732e+16  3.14871778e+14  3.64863214e+10  2.55158629e+08  1.62095103e+12  9.36388297e+09
 1.78487500e+03  6.76861085e+16  3.93016855e+14  3.64439126e+10  3.18484059e+08  1.62095103e+12  9.36388297e+09
 1.78490000e+03  6.76074354e+16  4.70933798e+14  3.64015530e+10  3.81624619e+08  1.62095103e+12  9.36388297e+09
 1.78492500e+03  6.75288538e+16  5.48623113e+14  3.63592426e+10  4.44580719e+08  1.62095103e+12  9.36388297e+09
 1.78495000e+03  6.74503635e+16  6.26085305e+14  3.63169815e+10  5.07352769e+08  1.62095103e+12  9.36388297e+09
 1.78497500e+03  6.73719644e+16  7.03320877e+14  3.62747694e+10  5.69941174e+08  1.62095103e+12  9.36388297e+09
 1.78500000e+03  6.72936564e+16  7.80330331e+14  3.62326064e+10  6.32346344e+08  1.62095103e+12  9.36388297e+09
 1.78500000e+03  6.72936564e+16  7.80330331e+14  3.62326064e+10  6.32346344e+08  1.62095103e+12  9.36388297e+09
 1.78630000e+03  7.11919551e+16  4.71788887e+15  3.83315490e+10  3.82317547e+09  1.62095103e+12  9.36388297e+09
 1.78760000e+03  7.48614877e+16  8.53144364e+15  4.03073182e+10  6.91351724e+09  1.62095103e+12  9.36388297e+09
 1.78890000e+03  7.83156790e+16  1.22189569e+16  4.21671421e+10  9.90172033e+09  1.62095103e+12  9.36388297e+09
 1.79020000e+03  8.15671660e+16  1.57793207e+16  4.39178249e+10  1.27868870e+10  1.62095103e+12  9.36388297e+09
 1.79150000e+03  8.46278441e+16  1.92122324e+16  4.55657715e+10  1.55687718e+10  1.62095103e+12  9.36388297e+09
 1.79280000e+03  8.75089107e+16  2.25180821e+16  4.71170106e+10  1.82476912e+10  1.62095103e+12  9.36388297e+09
 1.79410000e+03  9.02209060e+16  2.56978541e+16  4.85772174e+10  2.08244425e+10  1.62095103e+12  9.36388297e+09
 1.79540000e+03  9.27737518e+16  2.87530380e+16  4.99517342e+10  2.33002329e+10  1.62095103e+12  9.36388297e+09
 1.79670000e+03  9.51767874e+16  3.16855500e+16  5.12455893e+10  2.56766152e+10  1.62095103e+12  9.36388297e+09
 1.79800000e+03  9.74388044e+16  3.44976631e+16  5.24635164e+10  2.79554315e+10  1.62095103e+12  9.36388297e+09
 1.79800000e+03  9.74388044e+16  3.44976631e+16  5.24635164e+10  2.79554315e+10  1.62095103e+12  9.35451909e+09
 1.79802500e+03  9.73255490e+16  3.45504884e+16  5.24025369e+10  2.79982389e+10  1.62095103e+12  9.35451909e+09
 1.79805000e+03  9.72124254e+16  3.46030899e+16  5.23416283e+10  2.80408649e+10  1.62095103e+12  9.35451909e+09
 1.79807500e+03  9.70994332e+16  3.46554679e+16  5.22807904e+10  2.80833098e+10  1.62095103e+12  9.35451909e+09
 1.79810000e+03  9.69865723e+16  3.47076232e+16  5.22200233e+10  2.81255742e+10  1.62095103e+12  9.35451909e+09
 1.79812500e+03  9.68738426e+16  3.47595561e+16  5.21593267e+10  2.81676584e+10  1.62095103e+12  9.35451909e+09
 1.79815000e+03  9.67612440e+16  3.48112673e+16  5.20987008e+10  2.82095630e+10  1.62095103e+12  9.35451909e+09
 1.79817500e+03  9.66487762e+16  3.48627574e+16  5.20381453e+10  2.82512883e+10  1.62095103e+12  9.35451909e+09
 1.79820000e+03  9.65364391e+16  3.49140267e+16  5.19776602e+10  2.82928348e+10  1.62095103e+12  9.35451909e+09
 1.79822500e+03  9.64242326e+16  3.49650760e+16  5.19172454e+10  2.83342030e+10  1.62095103e+12  9.35451909e+09
 1.79825000e+03  9.63121566e+16  3.50159057e+16  5.18569008e+10  2.83753932e+10  1.62095103e+12  9.35451909e+09
 1.79825000e+03  9.63121566e+16  0.00000000e+00  5.18569008e+10  0.00000000e+00  1.63856392e+12  9.34516457e+09
 1.79900000e+03  9.30097744e+16  3.21668306e+15  5.00788147e+10  2.60666245e+09  1.63856392e+12  9.34516457e+09
 1.79975000e+03  8.98206253e+16  6.15851800e+15  4.83616962e+10  4.99059973e+09  1.63856392e+12  9.34516457e+09
 1.80050000e+03  8.67408269e+16  8.84334681e+15  4.67034548e+10  7.16627024e+09  1.63856392e+12  9.34516457e+09
 1.80125000e+03  8.37666295e+16  1.12879691e+16  4.51020717e+10  9.14728767e+09  1.63856392e+12  9.34516457e+09
 1.80200000e+03  8.08944124e+16  1.35082000e+16  4.35555974e+10  1.09464678e+10  1.63856392e+12  9.34516457e+09
 1.80275000e+03  7.81206788e+16  1.55189243e+16  4.20621491e+10  1.25758729e+10  1.63856392e+12  9.34516457e+09
 1.80350000e+03  7.54420518e+16  1.73341489e+16  4.06199086e+10  1.40468533e+10  1.63856392e+12  9.34516457e+09
 1.80425000e+03  7.28552705e+16  1.89670512e+16  3.92271201e+10  1.53700875e+10  1.63856392e+12  9.34516457e+09
 1.80500000e+03  7.03571856e+16  2.04300257e+16  3.78820880e+10  1.65556195e+10  1.63856392e+12  9.34516457e+09
 1.80575000e+03  6.79447558e+16  2.17347276e+16  3.65831748e+10  1.76128942e+10  1.63856392e+12  9.34516457e+09
 1.80575000e+03  6.79447558e+16  0.00000000e+00  3.65831748e+10  0.00000000e+00  1.63856392e+12  9.34516457e+09
 1.80577500e+03  6.78657820e+16  7.89046357e+13  3.65406533e+10  6.39409439e+07  1.63856392e+12  9.34516457e+09
 1.80580000e+03  6.77869001e+16  1.57579567e+14  3.64981813e+10  1.27695745e+08  1.63856392e+12  9.34516457e+09
 1.80582500e+03  6.77081099e+16  2.36025303e+14  3.64557586e+10  1.91264816e+08  1.63856392e+12  9.34516457e+09
 1.80585000e+03  6.76294112e+16  3.14242349e+14  3.64133853e+10  2.54648567e+08  1.63856392e+12  9.34516457e+09
 1.80587500e+03  6.75508040e+16  3.92231214e+14  3.63710612e+10  3.17847409e+08  1.63856392e+12  9.34516457e+09
 1.80590000e+03  6.74722882e+16  4.69992401e+14  3.63287863e+10  3.80861752e+08  1.63856392e+12  9.34516457e+09
 1.80592500e+03  6.73938636e+16  5.47526416e+14  3.62865605e+10  4.43692003e+08  1.63856392e+12  9.34516457e+09
 1.80595000e+03  6.73155302e+16  6.24833761e+14  3.62443838e+10  5.06338570e+08  1.63856392e+12  9.34516457e+09
 1.80597500e+03  6.72372878e+16  7.01914938e+14  3.62022562e+10  5.68801862e+08  1.63856392e+12  9.34516457e+09
 1.80600000e+03  6.71591364e+16  7.78770450e+14  3.61601775e+10  6.31082283e+08  1.63856392e+12  9.34516457e+09
 1.80600000e+03  6.71591364e+16  7.78770450e+14  3.61601775e+10  6.31082283e+08  1.63856392e+12  9.34516457e+09
 1.80730000e+03  7.10496424e+16  4.70845781e+15  3.82549243e+10  3.81553294e+09  1.63856392e+12  9.34516457e+09
 1.80860000e+03  7.47118396e+16  8.51438928e+15  4.02267438e+10  6.89969712e+09  1.63856392e+12  9.34516457e+09
 1.80990000e+03  7.81591259e+16  1.21945312e+16  4.20828500e+10  9.88192679e+09  1.63856392e+12  9.34516457e+09
 1.81120000e+03  8.14041132e+16  1.57477779e+16  4.38300332e+10  1.27613260e+10  1.63856392e+12  9.34516457e+09
 1.81250000e+03  8.44586730e+16  1.91738271e+16  4.54746855e+10  1.55376499e+10  1.63856392e+12  9.34516457e+09
 1.81380000e+03  8.73339804e+16  2.24730684e+16  4.70228237e+10  1.82112140e+10  1.63856392e+12  9.34516457e+09
 1.81510000e+03  9.00405545e+16  2.56464841e+16  4.84801116e+10  2.07828144e+10  1.63856392e+12  9.34516457e+09
 1.81640000e+03  9.25882971e+16  2.86955607e+16  4.98518806e+10  2.32536557e+10  1.63856392e+12  9.34516457e+09
 1.81770000e+03  9.49865290e+16  3.16222105e+16  5.11431494e+10  2.56252877e+10  1.63856392e+12  9.34516457e+09
 1.81900000e+03  9.72440242e+16  3.44287023e+16  5.23586419e+10  2.78995486e+10  1.63856392e+12  9.34516457e+09
 1.81900000e+03  9.72440242e+16  3.44287023e+16  5.23586419e+10  2.78995486e+10  1.63856392e+12  9.33581940e+09
 1.81902500e+03  9.71309953e+16  3.44814220e+16  5.22977842e+10  2.79422704e+10  1.63856392e+12  9.33581940e+09
 1.81905000e+03  9.70180977e+16  3.45339183e+16  5.22369973e+10  2.79848112e+10  1.63856392e+12  9.33581940e+09
 1.81907500e+03  9.69053314e+16  3.45861916e+16  5.21762811e+10  2.80271713e+10  1.63856392e+12  9.33581940e+09
 1.81910000e+03  9.67926961e+16  3.46382426e+16  5.21156354e+10  2.80693512e+10  1.63856392e+12  9.33581940e+09
 1.81912500e+03  9.66801918e+16  3.46900718e+16  5.20550602e+10  2.81113513e+10  1.63856392e+12  9.33581940e+09
 1.81915000e+03  9.65678182e+16  3.47416796e+16  5.19945555e+10  2.81531721e+10  1.63856392e+12  9.33581940e+09
 1.81917500e+03  9.64555753e+16  3.47930667e+16  5.19341210e+10  2.81948140e+10  1.63856392e+12  9.33581940e+09
 1.81920000e+03  9.63434628e+16  3.48442336e+16  5.18737568e+10  2.82362775e+10  1.63856392e+12  9.33581940e+09
 1.81922500e+03  9.62314806e+16  3.48951808e+16  5.18134628e+10  2.82775629e+10  1.63856392e+12  9.33581940e+09
 1.81925000e+03  9.61196286e+16  3.49459089e+16  5.17532388e+10  2.83186707e+10  1.63856392e+12  9.33581940e+09
 1.81925000e+03  9.61196286e+16  0.00000000e+00  5.17532388e+10  0.00000000e+00  1.65614161e+12  9.32648358e+09
 1.82000000e+03  9.28238478e+16  3.21025292e+15  4.99787071e+10  2.60145174e+09  1.65614161e+12  9.32648358e+09
 1.82075000e+03  8.96410739e+16  6.14620712e+15  4.82650212e+10  4.98062352e+09  1.65614161e+12  9.32648358e+09
 1.82150000e+03  8.65674319e+16  8.82566896e+15  4.66100946e+10  7.15194486e+09  1.65614161e+12  9.32648358e+09
 1.82225000e+03  8.35991800e+16  1.12654045e+16  4.50119127e+10  9.12900224e+09  1.65614161e+12  9.32648358e+09
 1.82300000e+03  8.07327044e+16  1.34811971e+16  4.34685298e+10  1.09245858e+10  1.65614161e+12  9.32648358e+09
 1.82375000e+03  7.79645155e+16  1.54879019e+16  4.19780668e+10  1.25507337e+10  1.65614161e+12  9.32648358e+09
 1.82450000e+03  7.52912432e+16  1.72994979e+16  4.05387094e+10  1.40187736e+10  1.65614161e+12  9.32648358e+09
 1.82525000e+03  7.27096328e+16  1.89291361e+16  3.91487051e+10  1.53393627e+10  1.65614161e+12  9.32648358e+09
 1.82600000e+03  7.02165415e+16  2.03891861e+16  3.78063617e+10  1.65225249e+10  1.65614161e+12  9.32648358e+09
 1.82675000e+03  6.78089342e+16  2.16912799e+16  3.65100450e+10  1.75776860e+10  1.65614161e+12  9.32648358e+09
 1.82675000e+03  6.78089342e+16  0.00000000e+00  3.65100450e+10  0.00000000e+00  1.65614161e+12  9.32648358e+09
 1.82677500e+03  6.77301183e+16  7.87469053e+13  3.64676086e+10  6.38131259e+07  1.65614161e+12  9.32648358e+09
 1.82680000e+03  6.76513941e+16  1.57264566e+14  3.64252214e+10  1.27440481e+08  1.65614161e+12  9.32648358e+09
 1.82682500e+03  6.75727613e+16  2.35553488e+14  3.63828836e+10  1.90882478e+08  1.65614161e+12  9.32648358e+09
 1.82685000e+03  6.74942200e+16  3.13614179e+14  3.63405949e+10  2.54139525e+08  1.65614161e+12  9.32648358e+09
 1.82687500e+03  6.74157699e+16  3.91447144e+14  3.62983554e+10  3.17212032e+08  1.65614161e+12  9.32648358e+09
 1.82690000e+03  6.73374111e+16  4.69052886e+14  3.62561650e+10  3.80100409e+08  1.65614161e+12  9.32648358e+09
 1.82692500e+03  6.72591433e+16  5.46431910e+14  3.62140237e+10  4.42805062e+08  1.65614161e+12  9.32648358e+09
 1.82695000e+03  6.71809664e+16  6.23584718e+14  3.61719313e+10  5.05326400e+08  1.65614161e+12  9.32648358e+09
 1.82697500e+03  6.71028805e+16  7.00511811e+14  3.61298878e+10  5.67664827e+08  1.65614161e+12  9.32648358e+09
 1.82700000e+03  6.70248853e+16  7.77213688e+14  3.60878933e+10  6.29820750e+08  1.65614161e+12  9.32648358e+09
 1.82700000e+03  6.70248853e+16  7.77213688e+14  3.60878933e+10  6.29820750e+08  1.65614161e+12  9.32648358e+09
 1.82830000e+03  7.09076141e+16  4.69904561e+15  3.81784527e+10  3.80790569e+09  1.65614161e+12  9.32648358e+09
 1.82960000e+03  7.45624906e+16  8.49736902e+15  4.01463306e+10  6.88590462e+09  1.65614161e+12  9.32648358e+09
 1.83090000e+03  7.80028858e+16  1.21701543e+16  4.19987264e+10  9.86217282e+09  1.65614161e+12  9.32648358e+09
 1.83220000e+03  8.12413864e+16  1.57162981e+16  4.37424170e+10  1.27358161e+10  1.65614161e+12  9.32648358e+09
 1.83350000e+03  8.42898402e+16  1.91354986e+16  4.53837816e+10  1.55065901e+10  1.65614161e+12  9.32648358e+09
 1.83480000e+03  8.71593998e+16  2.24281448e+16  4.69288250e+10  1.81748098e+10  1.65614161e+12  9.32648358e+09
 1.83610000e+03  8.98605634e+16  2.55952168e+16  4.83831998e+10  2.07412696e+10  1.65614161e+12  9.32648358e+09
 1.83740000e+03  9.24032131e+16  2.86381983e+16  4.97522267e+10  2.32071717e+10  1.65614161e+12  9.32648358e+09
 1.83870000e+03  9.47966510e+16  3.15589977e+16  5.10409142e+10  2.55740627e+10  1.65614161e+12  9.32648358e+09
 1.84000000e+03  9.70496334e+16  3.43598793e+16  5.22539769e+10  2.78437774e+10  1.65614161e+12  9.32648358e+09
 1.84000000e+03  9.70496334e+16  3.43598793e+16  5.22539769e+10  2.78437774e+10  1.65614161e+12  9.31715710e+09
 1.84002500e+03  9.69368304e+16  3.44124936e+16  5.21932410e+10  2.78864138e+10  1.65614161e+12  9.31715710e+09
 1.84005000e+03  9.68241585e+16  3.44648850e+16  5.21325756e+10  2.79288695e+10  1.65614161e+12  9.31715710e+09
 1.84007500e+03  9.67116176e+16  3.45170538e+16  5.20719807e+10  2.79711450e+10  1.65614161e+12  9.31715710e+09
 1.84010000e+03  9.65992075e+16  3.45690008e+16  5.20114563e+10  2.80132405e+10  1.65614161e+12  9.31715710e+09
 1.84012500e+03  9.64869281e+16  3.46207263e+16  5.19510022e+10  2.80551567e+10  1.65614161e+12  9.31715710e+09
 1.84015000e+03  9.63747792e+16  3.46722310e+16  5.18906184e+10  2.80968939e+10  1.65614161e+12  9.31715710e+09
 1.84017500e+03  9.62627606e+16  3.47235154e+16  5.18303047e+10  2.81384526e+10  1.65614161e+12  9.31715710e+09
 1.84020000e+03  9.61508722e+16  3.47745800e+16  5.17700612e+10  2.81798331e+10  1.65614161e+12  9.31715710e+09
 1.84022500e+03  9.60391139e+16  3.48254253e+16  5.17098877e+10  2.82210360e+10  1.65614161e+12  9.31715710e+09
 1.84025000e+03  9.59274854e+16  3.48760520e+16  5.16497841e+10  2.82620617e+10  1.65614161e+12  9.31715710e+09
 1.84025000e+03  9.59274854e+16  0.00000000e+00  5.16497841e+10  0.00000000e+00  1.67368416e+12  9.30783994e+09
 1.84100000e+03  9.26382930e+16  3.20383562e+15  4.98787997e+10  2.59625143e+09  1.67368416e+12  9.30783994e+09
 1.84175000e+03  8.94618814e+16  6.13392085e+15  4.81685394e+10  4.97066725e+09  1.67368416e+12  9.30783994e+09
 1.84250000e+03  8.63943836e+16  8.80802645e+15  4.65169210e+10  7.13764813e+09  1.67368416e+12  9.30783994e+09
 1.84325000e+03  8.34320652e+16  1.12428849e+16  4.49219339e+10  9.11075337e+09  1.67368416e+12  9.30783994e+09
 1.84400000e+03  8.05713198e+16  1.34542481e+16  4.33816362e+10  1.09027476e+10  1.67368416e+12  9.30783994e+09
 1.84475000e+03  7.78086645e+16  1.54569416e+16  4.18941527e+10  1.25256448e+10  1.67368416e+12  9.30783994e+09
 1.84550000e+03  7.51407360e+16  1.72649162e+16  4.04576725e+10  1.39907501e+10  1.67368416e+12  9.30783994e+09
 1.84625000e+03  7.25642862e+16  1.88912967e+16  3.90704468e+10  1.53086993e+10  1.67368416e+12  9.30783994e+09
 1.84700000e+03  7.00761787e+16  2.03484281e+16  3.77307868e+10  1.64894963e+10  1.67368416e+12  9.30783994e+09
 1.84775000e+03  6.76733841e+16  2.16479190e+16  3.64370614e+10  1.75425482e+10  1.67368416e+12  9.30783994e+09
 1.84775000e+03  6.76733841e+16  0.00000000e+00  3.64370614e+10  0.00000000e+00  1.67368416e+12  9.30783994e+09
 1.84777500e+03  6.75947258e+16  7.85894903e+13  3.63947098e+10  6.36855635e+07  1.67368416e+12  9.30783994e+09
 1.84780000e+03  6.75161590e+16  1.56950194e+14  3.63524074e+10  1.27185728e+08  1.67368416e+12  9.30783994e+09
 1.84782500e+03  6.74376834e+16  2.35082617e+14  3.63101542e+10  1.90500904e+08  1.67368416e+12  9.30783994e+09
 1.84785000e+03  6.73592990e+16  3.12987264e+14  3.62679501e+10  2.53631500e+08  1.67368416e+12  9.30783994e+09
 1.84787500e+03  6.72810058e+16  3.90664641e+14  3.62257950e+10  3.16577925e+08  1.67368416e+12  9.30783994e+09
 1.84790000e+03  6.72028036e+16  4.68115250e+14  3.61836890e+10  3.79340588e+08  1.67368416e+12  9.30783994e+09
 1.84792500e+03  6.71246922e+16  5.45339593e+14  3.61416318e+10  4.41919895e+08  1.67368416e+12  9.30783994e+09
 1.84795000e+03  6.70466717e+16  6.22338172e+14  3.60996236e+10  5.04316252e+08  1.67368416e+12  9.30783994e+09
 1.84797500e+03  6.69687418e+16  6.99111487e+14  3.60576642e+10  5.66530065e+08  1.67368416e+12  9.30783994e+09
 1.84800000e+03  6.68909026e+16  7.75660038e+14  3.60157536e+10  6.28561738e+08  1.67368416e+12  9.30783994e+09
 1.84800000e+03  6.68909026e+16  7.75660038e+14  3.60157536e+10  6.28561738e+08  1.67368416e+12  9.30783994e+09
 1.84930000e+03  7.07658698e+16  4.68965221e+15  3.81021339e+10  3.80029369e+09  1.67368416e+12  9.30783994e+09
 1.85060000e+03  7.44134402e+16  8.48038278e+15  4.00660781e+10  6.87213970e+09  1.67368416e+12  9.30783994e+09
 1.85190000e+03  7.78469581e+16  1.21458262e+16  4.19147709e+10  9.84245833e+09  1.67368416e+12  9.30783994e+09
 1.85320000e+03  8.10789849e+16  1.56848812e+16  4.36549759e+10  1.27103572e+10  1.67368416e+12  9.30783994e+09
 1.85450000e+03  8.41213448e+16  1.90972468e+16  4.52930594e+10  1.54755924e+10  1.67368416e+12  9.30783994e+09
 1.85580000e+03  8.69851681e+16  2.23833109e+16  4.68350143e+10  1.81384784e+10  1.67368416e+12  9.30783994e+09
 1.85710000e+03  8.96809321e+16  2.55440519e+16  4.82864818e+10  2.06998078e+10  1.67368416e+12  9.30783994e+09
 1.85840000e+03  9.22184990e+16  2.85809505e+16  4.96527720e+10  2.31607806e+10  1.67368416e+12  9.30783994e+09
 1.85970000e+03  9.46071525e+16  3.14959113e+16  5.09388834e+10  2.55229402e+10  1.67368416e+12  9.30783994e+09
 1.86100000e+03  9.68556312e+16  3.42911939e+16  5.21495212e+10  2.77881177e+10  1.67368416e+12  9.30783994e+09
 1.86100000e+03  9.68556312e+16  3.42911939e+16  5.21495212e+10  2.77881177e+10  1.67368416e+12  9.29853210e+09
 1.86102500e+03  9.67430537e+16  3.43437031e+16  5.20889067e+10  2.78306689e+10  1.67368416e+12  9.29853210e+09
 1.86105000e+03  9.66306071e+16  3.43959897e+16  5.20283626e+10  2.78730397e+10  1.67368416e+12  9.29853210e+09
 1.86107500e+03  9.65182911e+16  3.44480542e+16  5.19678888e+10  2.79152306e+10  1.67368416e+12  9.29853210e+09
 1.86110000e+03  9.64061057e+16  3.44998973e+16  5.19074854e+10  2.79572421e+10  1.67368416e+12  9.29853210e+09
 1.86112500e+03  9.62940507e+16  3.45515195e+16  5.18471521e+10  2.79990744e+10  1.67368416e+12  9.29853210e+09
 1.86115000e+03  9.61821260e+16  3.46029212e+16  5.17868890e+10  2.80407282e+10  1.67368416e+12  9.29853210e+09
 1.86117500e+03  9.60703313e+16  3.46541031e+16  5.17266959e+10  2.80822038e+10  1.67368416e+12  9.29853210e+09
 1.86120000e+03  9.59586666e+16  3.47050656e+16  5.16665728e+10  2.81235016e+10  1.67368416e+12  9.29853210e+09
 1.86122500e+03  9.58471317e+16  3.47558093e+16  5.16065196e+10  2.81646222e+10  1.67368416e+12  9.29853210e+09
 1.86125000e+03  9.57357264e+16  3.48063348e+16  5.15465362e+10  2.82055659e+10  1.67368416e+12  9.29853210e+09
 1.86125000e+03  9.57357264e+16  0.00000000e+00  5.15465362e+10  0.00000000e+00  1.69119164e+12  9.28923357e+09
 1.86200000e+03  9.24531090e+16  3.19743115e+15  4.97790920e+10  2.59106153e+09  1.69119164e+12  9.28923357e+09
 1.86275000e+03  8.92830471e+16  6.12165914e+15  4.80722505e+10  4.96073089e+09  1.69119164e+12  9.28923357e+09
 1.86350000e+03  8.62216813e+16  8.79041921e+15  4.64239337e+10  7.12337997e+09  1.69119164e+12  9.28923357e+09
 1.86425000e+03  8.32652845e+16  1.12204104e+16  4.48321349e+10  9.09254097e+09  1.69119164e+12  9.28923357e+09
 1.86500000e+03  8.04102577e+16  1.34273531e+16  4.32949163e+10  1.08809530e+10  1.69119164e+12  9.28923357e+09
 1.86575000e+03  7.76531249e+16  1.54260432e+16  4.18104063e+10  1.25006060e+10  1.69119164e+12  9.28923357e+09
 1.86650000e+03  7.49905296e+16  1.72304037e+16  4.03767976e+10  1.39627826e+10  1.69119164e+12  9.28923357e+09
 1.86725000e+03  7.24192302e+16  1.88535330e+16  3.89923450e+10  1.52780973e+10  1.69119164e+12  9.28923357e+09
 1.86800000e+03  6.99360964e+16  2.03077516e+16  3.76553629e+10  1.64565338e+10  1.69119164e+12  9.28923357e+09
 1.86875000e+03  6.75381050e+16  2.16046448e+16  3.63642238e+10  1.75074807e+10  1.69119164e+12  9.28923357e+09
 1.86875000e+03  6.75381050e+16  0.00000000e+00  3.63642238e+10  0.00000000e+00  1.69119164e+12  9.28923357e+09
 1.86877500e+03  6.74596040e+16  7.84323899e+13  3.63219568e+10  6.35582561e+07  1.69119164e+12  9.28923357e+09
 1.86880000e+03  6.73811941e+16  1.56636450e+14  3.62797390e+10  1.26931484e+08  1.69119164e+12  9.28923357e+09
 1.86882500e+03  6.73028755e+16  2.34612686e+14  3.62375702e+10  1.90120092e+08  1.69119164e+12  9.28923357e+09
 1.86885000e+03  6.72246478e+16  3.12361603e+14  3.61954505e+10  2.53124490e+08  1.69119164e+12  9.28923357e+09
 1.86887500e+03  6.71465111e+16  3.89883702e+14  3.61533797e+10  3.15945086e+08  1.69119164e+12  9.28923357e+09
 1.86890000e+03  6.70684652e+16  4.67179487e+14  3.61113578e+10  3.78582286e+08  1.69119164e+12  9.28923357e+09
 1.86892500e+03  6.69905100e+16  5.44249459e+14  3.60693847e+10  4.41036497e+08  1.69119164e+12  9.28923357e+09
 1.86895000e+03  6.69126454e+16  6.21094118e+14  3.60274605e+10  5.03308124e+08  1.69119164e+12  9.28923357e+09
 1.86897500e+03  6.68348713e+16  6.97713964e+14  3.59855849e+10  5.65397571e+08  1.69119164e+12  9.28923357e+09
 1.86900000e+03  6.67571876e+16  7.74109494e+14  3.59437581e+10  6.27305243e+08  1.69119164e+12  9.28923357e+09
 1.86900000e+03  6.67571876e+16  7.74109494e+14  3.59437581e+10  6.27305243e+08  1.69119164e+12  9.28923357e+09
 1.87030000e+03  7.06244088e+16  4.68027760e+15  3.80259678e+10  3.79269690e+09  1.69119164e+12  9.28923357e+09
 1.87160000e+03  7.42646877e+16  8.46343049e+15  3.99859860e+10  6.85840229e+09  1.69119164e+12  9.28923357e+09
 1.87290000e+03  7.76913420e+16  1.21215467e+16  4.18309833e+10  9.82278326e+09  1.69119164e+12  9.28923357e+09
 1.87420000e+03  8.09169080e+16  1.56535271e+16  4.35677096e+10  1.26849492e+10  1.69119164e+12  9.28923357e+09
 1.87550000e+03  8.39531862e+16  1.90590714e+16  4.52025186e+10  1.54446567e+10  1.69119164e+12  9.28923357e+09
 1.87680000e+03  8.68112848e+16  2.23385667e+16  4.67413911e+10  1.81022195e+10  1.69119164e+12  9.28923357e+09
 1.87810000e+03  8.95016599e+16  2.54929894e+16  4.81899572e+10  2.06584289e+10  1.69119164e+12  9.28923357e+09
 1.87940000e+03  9.20341543e+16  2.85238172e+16  4.95535161e+10  2.31144822e+10  1.69119164e+12  9.28923357e+09
 1.88070000e+03  9.44180328e+16  3.14329510e+16  5.08370566e+10  2.54719198e+10  1.69119164e+12  9.28923357e+09
 1.88200000e+03  9.66620168e+16  3.42226458e+16  5.20452744e+10  2.77325693e+10  1.69119164e+12  9.28923357e+09
 1.88200000e+03  9.66620168e+16  3.42226458e+16  5.20452744e+10  2.77325693e+10  1.69119164e+12  9.27994434e+09
 1.88202500e+03  9.65496643e+16  3.42750500e+16  5.19847810e+10  2.77750354e+10  1.69119164e+12  9.27994434e+09
 1.88205000e+03  9.64374425e+16  3.43272321e+16  5.19243579e+10  2.78173215e+10  1.69119164e+12  9.27994434e+09
 1.88207500e+03  9.63253510e+16  3.43791926e+16  5.18640050e+10  2.78594281e+10  1.69119164e+12  9.27994434e+09
 1.88210000e+03  9.62133899e+16  3.44309320e+16  5.18037223e+10  2.79013555e+10  1.69119164e+12  9.27994434e+09
 1.88212500e+03  9.61015589e+16  3.44824510e+16  5.17435097e+10  2.79431043e+10  1.69119164e+12  9.27994434e+09
 1.88215000e+03  9.59898579e+16  3.45337500e+16  5.16833670e+10  2.79846748e+10  1.69119164e+12  9.27994434e+09
 1.88217500e+03  9.58782867e+16  3.45848295e+16  5.16232943e+10  2.80260675e+10  1.69119164e+12  9.27994434e+09
 1.88220000e+03  9.57668452e+16  3.46356902e+16  5.15632914e+10  2.80672828e+10  1.69119164e+12  9.27994434e+09
 1.88222500e+03  9.56555333e+16  3.46863325e+16  5.15033582e+10  2.81083211e+10  1.69119164e+12  9.27994434e+09
 1.88225000e+03  9.55443507e+16  3.47367569e+16  5.14434947e+10  2.81491829e+10  1.69119164e+12  9.27994434e+09
 1.88225000e+03  9.55443507e+16  0.00000000e+00  5.14434947e+10  0.00000000e+00  1.70866412e+12  9.27066439e+09
 1.88300000e+03  9.22682953e+16  3.19103949e+15  4.96795836e+10  2.58588200e+09  1.70866412e+12  9.27066439e+09
 1.88375000e+03  8.91045703e+16  6.10942195e+15  4.79761540e+10  4.95081439e+09  1.70866412e+12  9.27066439e+09
 1.88450000e+03  8.60493241e+16  8.77284716e+15  4.63311322e+10  7.10914033e+09  1.70866412e+12  9.27066439e+09
 1.88525000e+03  8.30988372e+16  1.11979808e+16  4.47425155e+10  9.07436498e+09  1.70866412e+12  9.27066439e+09
 1.88600000e+03  8.02495176e+16  1.34005118e+16  4.32083697e+10  1.08592020e+10  1.70866412e+12  9.27066439e+09
 1.88675000e+03  7.74978963e+16  1.53952065e+16  4.17268273e+10  1.24756173e+10  1.70866412e+12  9.27066439e+09
 1.88750000e+03  7.48406236e+16  1.71959601e+16  4.02960844e+10  1.39348710e+10  1.70866412e+12  9.27066439e+09
 1.88825000e+03  7.22744642e+16  1.88158448e+16  3.89143993e+10  1.52475563e+10  1.70866412e+12  9.27066439e+09
 1.88900000e+03  6.97962941e+16  2.02671564e+16  3.75800899e+10  1.64236372e+10  1.70866412e+12  9.27066439e+09
 1.88975000e+03  6.74030964e+16  2.15614571e+16  3.62915317e+10  1.74724832e+10  1.70866412e+12  9.27066439e+09
 1.88975000e+03  6.74030964e+16  0.00000000e+00  3.62915317e+10  0.00000000e+00  1.70866412e+12  9.27066439e+09
 1.88977500e+03  6.73247522e+16  7.82756035e+13  3.62493492e+10  6.34312031e+07  1.70866412e+12  9.27066439e+09
 1.88980000e+03  6.72464991e+16  1.56323334e+14  3.62072158e+10  1.26677748e+08  1.70866412e+12  9.27066439e+09
 1.88982500e+03  6.71683370e+16  2.34143696e+14  3.61651313e+10  1.89740042e+08  1.70866412e+12  9.27066439e+09
 1.88985000e+03  6.70902657e+16  3.11737192e+14  3.61230957e+10  2.52618495e+08  1.70866412e+12  9.27066439e+09
 1.88987500e+03  6.70122852e+16  3.89104325e+14  3.60811091e+10  3.15313512e+08  1.70866412e+12  9.27066439e+09
 1.88990000e+03  6.69343953e+16  4.66245595e+14  3.60391712e+10  3.77825500e+08  1.70866412e+12  9.27066439e+09
 1.88992500e+03  6.68565960e+16  5.43161505e+14  3.59972820e+10  4.40154865e+08  1.70866412e+12  9.27066439e+09
 1.88995000e+03  6.67788870e+16  6.19852551e+14  3.59554416e+10  5.02302011e+08  1.70866412e+12  9.27066439e+09
 1.88997500e+03  6.67012684e+16  6.96319233e+14  3.59136497e+10  5.64267342e+08  1.70866412e+12  9.27066439e+09
 1.89000000e+03  6.66237400e+16  7.72562049e+14  3.58719065e+10  6.26051260e+08  1.70866412e+12  9.27066439e+09
 1.89000000e+03  6.66237400e+16  7.72562049e+14  3.58719065e+10  6.26051260e+08  1.70866412e+12  9.27066439e+09
 1.89130000e+03  7.04832307e+16  4.67092172e+15  3.79499539e+10  3.78511530e+09  1.70866412e+12  9.27066439e+09
 1.89260000e+03  7.41162326e+16  8.44651210e+15  3.99060540e+10  6.84469235e+09  1.70866412e+12  9.27066439e+09
 1.89390000e+03  7.75360370e+16  1.20973157e+16  4.17473632e+10  9.80314752e+09  1.70866412e+12  9.27066439e+09
 1.89520000e+03  8.07551551e+16  1.56222357e+16  4.34806177e+10  1.26595920e+10  1.70866412e+12  9.27066439e+09
 1.89650000e+03  8.37853638e+16  1.90209723e+16  4.51121587e+10  1.54137829e+10  1.70866412e+12  9.27066439e+09
 1.89780000e+03  8.66377490e+16  2.22939119e+16  4.66479551e+10  1.80660332e+10  1.70866412e+12  9.27066439e+09
 1.89910000e+03  8.93227461e+16  2.54420289e+16  4.80936254e+10  2.06171327e+10  1.70866412e+12  9.27066439e+09
 1.90040000e+03  9.18501780e+16  2.84667981e+16  4.94544587e+10  2.30682763e+10  1.70866412e+12  9.27066439e+09
 1.90170000e+03  9.42292911e+16  3.13701165e+16  5.07354333e+10  2.54210015e+10  1.70866412e+12  9.27066439e+09
 1.90300000e+03  9.64687894e+16  3.41542347e+16  5.19412359e+10  2.76771319e+10  1.70866412e+12  9.27066439e+09
 1.90300000e+03  9.64687894e+16  3.41542347e+16  5.19412359e+10  2.76771319e+10  1.70866412e+12  9.26139373e+09
 1.90302500e+03  9.63566615e+16  3.42065342e+16  5.18808634e+10  2.77195131e+10  1.70866412e+12  9.26139373e+09
 1.90305000e+03  9.62446640e+16  3.42586120e+16  5.18205611e+10  2.77617147e+10  1.70866412e+12  9.26139373e+09
 1.90307500e+03  9.61327967e+16  3.43104686e+16  5.17603289e+10  2.78037371e+10  1.70866412e+12  9.26139373e+09
 1.90310000e+03  9.60210593e+16  3.43621046e+16  5.17001667e+10  2.78455807e+10  1.70866412e+12  9.26139373e+09
 1.90312500e+03  9.59094519e+16  3.44135206e+16  5.16400744e+10  2.78872460e+10  1.70866412e+12  9.26139373e+09
 1.90315000e+03  9.57979742e+16  3.44647170e+16  5.15800520e+10  2.79287334e+10  1.70866412e+12  9.26139373e+09
 1.90317500e+03  9.56866260e+16  3.45156944e+16  5.15200993e+10  2.79700434e+10  1.70866412e+12  9.26139373e+09
 1.90320000e+03  9.55754073e+16  3.45664534e+16  5.14602163e+10  2.80111763e+10  1.70866412e+12  9.26139373e+09
 1.90322500e+03  9.54643178e+16  3.46169945e+16  5.14004030e+10  2.80521326e+10  1.70866412e+12  9.26139373e+09
 1.90325000e+03  9.53533575e+16  3.46673181e+16  5.13406591e+10  2.80929127e+10  1.70866412e+12  9.26139373e+09
 1.90325000e+03  9.53533575e+16  0.00000000e+00  5.13406591e+10  0.00000000e+00  1.72610167e+12  9.25213233e+09
 1.90400000e+03  9.20838509e+16  3.18466060e+15  4.95802741e+10  2.58071282e+09  1.72610167e+12  9.25213233e+09
 1.90475000e+03  8.89264502e+16  6.09720921e+15  4.78802497e+10  4.94091771e+09  1.72610167e+12  9.25213233e+09
 1.90550000e+03  8.58773115e+16  8.75531024e+15  4.62385163e+10  7.09492916e+09  1.72610167e+12  9.25213233e+09
 1.90625000e+03  8.29327227e+16  1.11755961e+16  4.46530752e+10  9.05622533e+09  1.72610167e+12  9.25213233e+09
 1.90700000e+03  8.00890988e+16  1.33737242e+16  4.31219962e+10  1.08374944e+10  1.72610167e+12  9.25213233e+09
 1.90775000e+03  7.73429780e+16  1.53644315e+16  4.16434153e+10  1.24506785e+10  1.72610167e+12  9.25213233e+09
 1.90850000e+03  7.46910172e+16  1.71615854e+16  4.02155325e+10  1.39070152e+10  1.72610167e+12  9.25213233e+09
 1.90925000e+03  7.21299875e+16  1.87782320e+16  3.88366094e+10  1.52170765e+10  1.72610167e+12  9.25213233e+09
 1.91000000e+03  6.96567713e+16  2.02266424e+16  3.75049673e+10  1.63908064e+10  1.72610167e+12  9.25213233e+09
 1.91075000e+03  6.72683576e+16  2.15183558e+16  3.62189849e+10  1.74375557e+10  1.72610167e+12  9.25213233e+09
 1.91075000e+03  6.72683576e+16  0.00000000e+00  3.62189849e+10  0.00000000e+00  1.72610167e+12  9.25213233e+09
 1.91077500e+03  6.71901700e+16  7.81191306e+13  3.61768868e+10  6.33044041e+07  1.72610167e+12  9.25213233e+09
 1.91080000e+03  6.71120734e+16  1.56010844e+14  3.61348375e+10  1.26424519e+08  1.72610167e+12  9.25213233e+09
 1.91082500e+03  6.70340675e+16  2.33675642e+14  3.60928372e+10  1.89360752e+08  1.72610167e+12  9.25213233e+09
 1.91085000e+03  6.69561523e+16  3.11114029e+14  3.60508857e+10  2.52113510e+08  1.72610167e+12  9.25213233e+09
 1.91087500e+03  6.68783276e+16  3.88326505e+14  3.60089829e+10  3.14683200e+08  1.72610167e+12  9.25213233e+09
 1.91090000e+03  6.68005935e+16  4.65313571e+14  3.59671289e+10  3.77070227e+08  1.72610167e+12  9.25213233e+09
 1.91092500e+03  6.67229496e+16  5.42075725e+14  3.59253235e+10  4.39274996e+08  1.72610167e+12  9.25213233e+09
 1.91095000e+03  6.66453960e+16  6.18613466e+14  3.58835666e+10  5.01297909e+08  1.72610167e+12  9.25213233e+09
 1.91097500e+03  6.65679326e+16  6.94927291e+14  3.58418584e+10  5.63139371e+08  1.72610167e+12  9.25213233e+09
 1.91100000e+03  6.64905592e+16  7.71017697e+14  3.58001986e+10  6.24799784e+08  1.72610167e+12  9.25213233e+09
 1.91100000e+03  6.64905592e+16  7.71017697e+14  3.58001986e+10  6.24799784e+08  1.72610167e+12  9.25213233e+09
 1.91230000e+03  7.03423347e+16  4.66158455e+15  3.78740919e+10  3.77754886e+09  1.72610167e+12  9.25213233e+09
 1.91360000e+03  7.39680742e+16  8.42962752e+15  3.98262818e+10  6.83100981e+09  1.72610167e+12  9.25213233e+09
 1.91490000e+03  7.73810425e+16  1.20731332e+16  4.16639102e+10  9.78355102e+09  1.72610167e+12  9.25213233e+09
 1.91620000e+03  8.05937255e+16  1.55910069e+16  4.33937000e+10  1.26342855e+10  1.72610167e+12  9.25213233e+09
 1.91750000e+03  8.36178768e+16  1.89829494e+16  4.50219795e+10  1.53829707e+10  1.72610167e+12  9.25213233e+09
 1.91880000e+03  8.64645602e+16  2.22493463e+16  4.65547058e+10  1.80299192e+10  1.72610167e+12  9.25213233e+09
 1.92010000e+03  8.91441899e+16  2.53911703e+16  4.79974863e+10  2.05759190e+10  1.72610167e+12  9.25213233e+09
 1.92140000e+03  9.16665695e+16  2.84098929e+16  4.93555992e+10  2.30221628e+10  1.72610167e+12  9.25213233e+09
 1.92270000e+03  9.40409268e+16  3.13074076e+16  5.06340132e+10  2.53701849e+10  1.72610167e+12  9.25213233e+09
 1.92400000e+03  9.62759483e+16  3.40859604e+16  5.18374053e+10  2.76218053e+10  1.72610167e+12  9.25213233e+09
 1.92400000e+03  9.62759483e+16  3.40859604e+16  5.18374053e+10  2.76218053e+10  1.72610167e+12  9.24288020e+09
 1.92402500e+03  9.61640446e+16  3.41381553e+16  5.17771535e+10  2.76641018e+10  1.72610167e+12  9.24288020e+09
 1.92405000e+03  9.60522709e+16  3.41901290e+16  5.17169718e+10  2.77062190e+10  1.72610167e+12  9.24288020e+09
 1.92407500e+03  9.59406272e+16  3.42418820e+16  5.16568600e+10  2.77481574e+10  1.72610167e+12  9.24288020e+09
 1.92410000e+03  9.58291133e+16  3.42934148e+16  5.15968180e+10  2.77899174e+10  1.72610167e+12  9.24288020e+09
 1.92412500e+03  9.57177289e+16  3.43447279e+16  5.15368459e+10  2.78314994e+10  1.72610167e+12  9.24288020e+09
 1.92415000e+03  9.56064740e+16  3.43958220e+16  5.14769434e+10  2.78729039e+10  1.72610167e+12  9.24288020e+09
 1.92417500e+03  9.54953485e+16  3.44466976e+16  5.14171106e+10  2.79141312e+10  1.72610167e+12  9.24288020e+09
 1.92420000e+03  9.53843521e+16  3.44973551e+16  5.13573474e+10  2.79551819e+10  1.72610167e+12  9.24288020e+09
 1.92422500e+03  9.52734847e+16  3.45477951e+16  5.12976536e+10  2.79960564e+10  1.72610167e+12  9.24288020e+09
 1.92425000e+03  9.51627461e+16  3.45980182e+16  5.12380291e+10  2.80367550e+10  1.72610167e+12  9.24288020e+09
 1.92425000e+03  9.51627461e+16  0.00000000e+00  5.12380291e+10  0.00000000e+00  1.74350437e+12  9.23363732e+09
 1.92500000e+03  9.18997753e+16  3.17829446e+15  4.94811631e+10  2.57555397e+09  1.74350437e+12  9.23363732e+09
 1.92575000e+03  8.87486863e+16  6.08502089e+15  4.77845371e+10  4.93104082e+09  1.74350437e+12  9.23363732e+09
 1.92650000e+03  8.57056428e+16  8.73780837e+15  4.61460855e+10  7.08074640e+09  1.74350437e+12  9.23363732e+09
 1.92725000e+03  8.27669402e+16  1.11532560e+16  4.45638137e+10  9.03812193e+09  1.74350437e+12  9.23363732e+09
 1.92800000e+03  7.99290007e+16  1.33469901e+16  4.30357953e+10  1.08158303e+10  1.74350437e+12  9.23363732e+09
 1.92875000e+03  7.71883694e+16  1.53337180e+16  4.15601702e+10  1.24257896e+10  1.74350437e+12  9.23363732e+09
 1.92950000e+03  7.45417098e+16  1.71272793e+16  4.01351417e+10  1.38792151e+10  1.74350437e+12  9.23363732e+09
 1.93025000e+03  7.19857997e+16  1.87406943e+16  3.87589750e+10  1.51866575e+10  1.74350437e+12  9.23363732e+09
 1.93100000e+03  6.95175275e+16  2.01862093e+16  3.74299948e+10  1.63580412e+10  1.74350437e+12  9.23363732e+09
 1.93175000e+03  6.71338881e+16  2.14753406e+16  3.61465831e+10  1.74026980e+10  1.74350437e+12  9.23363732e+09
 1.93175000e+03  6.71338881e+16  0.00000000e+00  3.61465831e+10  0.00000000e+00  1.74350437e+12  9.23363732e+09
 1.93177500e+03  6.70558569e+16  7.79629705e+13  3.61045692e+10  6.31778586e+07  1.74350437e+12  9.23363732e+09
 1.93180000e+03  6.69779164e+16  1.55698978e+14  3.60626040e+10  1.26171796e+08  1.74350437e+12  9.23363732e+09
 1.93182500e+03  6.69000664e+16  2.33208525e+14  3.60206876e+10  1.88982220e+08  1.74350437e+12  9.23363732e+09
 1.93185000e+03  6.68223070e+16  3.10492112e+14  3.59788200e+10  2.51609535e+08  1.74350437e+12  9.23363732e+09
 1.93187500e+03  6.67446379e+16  3.87550240e+14  3.59370010e+10  3.14054149e+08  1.74350437e+12  9.23363732e+09
 1.93190000e+03  6.66670591e+16  4.64383409e+14  3.58952306e+10  3.76316464e+08  1.74350437e+12  9.23363732e+09
 1.93192500e+03  6.65895704e+16  5.40992115e+14  3.58535087e+10  4.38396885e+08  1.74350437e+12  9.23363732e+09
 1.93195000e+03  6.65121719e+16  6.17376857e+14  3.58118354e+10  5.00295815e+08  1.74350437e+12  9.23363732e+09
 1.93197500e+03  6.64348633e+16  6.93538132e+14  3.57702105e+10  5.62013656e+08  1.74350437e+12  9.23363732e+09
 1.93200000e+03  6.63576445e+16  7.69476433e+14  3.57286340e+10  6.23550809e+08  1.74350437e+12  9.23363732e+09
 1.93200000e+03  6.63576445e+16  7.69476433e+14  3.57286340e+10  6.23550809e+08  1.74350437e+12  9.23363732e+09
 1.93330000e+03  7.02017203e+16  4.65226604e+15  3.77983816e+10  3.76999753e+09  1.74350437e+12  9.23363732e+09
 1.93460000e+03  7.38202121e+16  8.41277669e+15  3.97466690e+10  6.81735462e+09  1.74350437e+12  9.23363732e+09
 1.93590000e+03  7.72263578e+16  1.20489990e+16  4.15806240e+10  9.76399371e+09  1.74350437e+12  9.23363732e+09
 1.93720000e+03  8.04326186e+16  1.55598404e+16  4.33069560e+10  1.26090296e+10  1.74350437e+12  9.23363732e+09
 1.93850000e+03  8.34507247e+16  1.89450024e+16  4.49319806e+10  1.53522201e+10  1.74350437e+12  9.23363732e+09
 1.93980000e+03  8.62917175e+16  2.22048699e+16  4.64616430e+10  1.79938774e+10  1.74350437e+12  9.23363732e+09
 1.94110000e+03  8.89659907e+16  2.53404133e+16  4.79015393e+10  2.05347878e+10  1.74350437e+12  9.23363732e+09
 1.94240000e+03  9.14833280e+16  2.83531016e+16  4.92569374e+10  2.29761415e+10  1.74350437e+12  9.23363732e+09
 1.94370000e+03  9.38529390e+16  3.12448241e+16  5.05327958e+10  2.53194699e+10  1.74350437e+12  9.23363732e+09
 1.94500000e+03  9.60834927e+16  3.40178226e+16  5.17337823e+10  2.75665893e+10  1.74350437e+12  9.23363732e+09
 1.94500000e+03  9.60834927e+16  3.40178226e+16  5.17337823e+10  2.75665893e+10  1.74350437e+12  9.22440368e+09
 1.94502500e+03  9.59718127e+16  3.40699132e+16  5.16736510e+10  2.76088013e+10  1.74350437e+12  9.22440368e+09
 1.94505000e+03  9.58602624e+16  3.41217829e+16  5.16135895e+10  2.76508343e+10  1.74350437e+12  9.22440368e+09
 1.94507500e+03  9.57488419e+16  3.41734324e+16  5.15535979e+10  2.76926889e+10  1.74350437e+12  9.22440368e+09
 1.94510000e+03  9.56375509e+16  3.42248622e+16  5.14936760e+10  2.77343654e+10  1.74350437e+12  9.22440368e+09
 1.94512500e+03  9.55263892e+16  3.42760728e+16  5.14338237e+10  2.77758642e+10  1.74350437e+12  9.22440368e+09
 1.94515000e+03  9.54153567e+16  3.43270648e+16  5.13740410e+10  2.78171860e+10  1.74350437e+12  9.22440368e+09
 1.94517500e+03  9.53044533e+16  3.43778386e+16  5.13143278e+10  2.78583309e+10  1.74350437e+12  9.22440368e+09
 1.94520000e+03  9.51936787e+16  3.44283949e+16  5.12546840e+10  2.78992995e+10  1.74350437e+12  9.22440368e+09
 1.94522500e+03  9.50830330e+16  3.44787341e+16  5.11951095e+10  2.79400922e+10  1.74350437e+12  9.22440368e+09
 1.94525000e+03  9.49725158e+16  3.45288567e+16  5.11356043e+10  2.79807095e+10  1.74350437e+12  9.22440368e+09
 1.94525000e+03  9.49725158e+16  0.00000000e+00  5.11356043e+10  0.00000000e+00  1.76087228e+12  9.21517928e+09
 1.94600000e+03  9.17160677e+16  3.17194105e+15  4.93822503e+10  2.57040544e+09  1.76087228e+12  9.21517928e+09
 1.94675000e+03  8.85712777e+16  6.07285693e+15  4.76890158e+10  4.92118367e+09  1.76087228e+12  9.21517928e+09
 1.94750000e+03  8.55343172e+16  8.72034149e+15  4.60538395e+10  7.06659198e+09  1.76087228e+12  9.21517928e+09
 1.94825000e+03  8.26014890e+16  1.11309607e+16  4.44747306e+10  9.02005473e+09  1.76087228e+12  9.21517928e+09
 1.94900000e+03  7.97692226e+16  1.33203095e+16  4.29497668e+10  1.07942094e+10  1.76087228e+12  9.21517928e+09
 1.94975000e+03  7.70340699e+16  1.53030659e+16  4.14770914e+10  1.24009505e+10  1.76087228e+12  9.21517928e+09
 1.95050000e+03  7.43927009e+16  1.70930419e+16  4.00549115e+10  1.38514705e+10  1.76087228e+12  9.21517928e+09
 1.95125000e+03  7.18419001e+16  1.87032316e+16  3.86814958e+10  1.51562994e+10  1.76087228e+12  9.21517928e+09
 1.95200000e+03  6.93785619e+16  2.01458571e+16  3.73551723e+10  1.63253414e+10  1.76087228e+12  9.21517928e+09
 1.95275000e+03  6.69996875e+16  2.14324114e+16  3.60743261e+10  1.73679100e+10  1.76087228e+12  9.21517928e+09
 1.95275000e+03  6.69996875e+16  0.00000000e+00  3.60743261e+10  0.00000000e+00  1.76087228e+12  9.21517928e+09
 1.95277500e+03  6.69218122e+16  7.78071225e+13  3.60323961e+10  6.30515661e+07  1.76087228e+12  9.21517928e+09
 1.95280000e+03  6.68440275e+16  1.55387736e+14  3.59905149e+10  1.25919579e+08  1.76087228e+12  9.21517928e+09
 1.95282500e+03  6.67663332e+16  2.32742341e+14  3.59486823e+10  1.88604444e+08  1.76087228e+12  9.21517928e+09
 1.95285000e+03  6.66887292e+16  3.09871438e+14  3.59068983e+10  2.51106568e+08  1.76087228e+12  9.21517928e+09
 1.95287500e+03  6.66112153e+16  3.86775527e+14  3.58651629e+10  3.13426354e+08  1.76087228e+12  9.21517928e+09
 1.95290000e+03  6.65337916e+16  4.63455106e+14  3.58234760e+10  3.75564207e+08  1.76087228e+12  9.21517928e+09
 1.95292500e+03  6.64564579e+16  5.39910672e+14  3.57818376e+10  4.37520529e+08  1.76087228e+12  9.21517928e+09
 1.95295000e+03  6.63792140e+16  6.16142721e+14  3.57402475e+10  4.99295723e+08  1.76087228e+12  9.21517928e+09
 1.95297500e+03  6.63020600e+16  6.92151749e+14  3.56987058e+10  5.60890190e+08  1.76087228e+12  9.21517928e+09
 1.95300000e+03  6.62249956e+16  7.67938249e+14  3.56572124e+10  6.22304331e+08  1.76087228e+12  9.21517928e+09
 1.95300000e+03  6.62249956e+16  7.67938249e+14  3.56572124e+10  6.22304331e+08  1.76087228e+12  9.21517928e+09
 1.95430000e+03  7.00613871e+16  4.64296616e+15  3.77228226e+10  3.76246131e+09  1.76087228e+12  9.21517928e+09
 1.95560000e+03  7.36726455e+16  8.39595955e+15  3.96672155e+10  6.80372673e+09  1.76087228e+12  9.21517928e+09
 1.95690000e+03  7.70719823e+16  1.20249130e+16  4.14975044e+10  9.74447548e+09  1.76087228e+12  9.21517928e+09
 1.95820000e+03  8.02718338e+16  1.55287363e+16  4.32203854e+10  1.25838241e+10  1.76087228e+12  9.21517928e+09
 1.95950000e+03  8.32839067e+16  1.89071314e+16  4.48421616e+10  1.53215311e+10  1.76087228e+12  9.21517928e+09
 1.96080000e+03  8.61192204e+16  2.21604824e+16  4.63687661e+10  1.79579076e+10  1.76087228e+12  9.21517928e+09
 1.96210000e+03  8.87881477e+16  2.52897578e+16  4.78057841e+10  2.04937387e+10  1.76087228e+12  9.21517928e+09
 1.96340000e+03  9.13004528e+16  2.82964237e+16  4.91584727e+10  2.29302122e+10  1.76087228e+12  9.21517928e+09
 1.96470000e+03  9.36653269e+16  3.11823657e+16  5.04317808e+10  2.52688563e+10  1.76087228e+12  9.21517928e+09
 1.96600000e+03  9.58914218e+16  3.39498210e+16  5.16303665e+10  2.75114837e+10  1.76087228e+12  9.21517928e+09
 1.96600000e+03  9.58914218e+16  3.39498210e+16  5.16303665e+10  2.75114837e+10  1.76087228e+12  9.20596410e+09
 1.96602500e+03  9.57799650e+16  3.40018074e+16  5.15703554e+10  2.75536113e+10  1.76087228e+12  9.20596410e+09
 1.96605000e+03  9.56686378e+16  3.40535735e+16  5.15104140e+10  2.75955603e+10  1.76087228e+12  9.20596410e+09
 1.96607500e+03  9.55574400e+16  3.41051197e+16  5.14505423e+10  2.76373312e+10  1.76087228e+12  9.20596410e+09
 1.96610000e+03  9.54463714e+16  3.41564467e+16  5.13907401e+10  2.76789244e+10  1.76087228e+12  9.20596410e+09
 1.96612500e+03  9.53354319e+16  3.42075550e+16  5.13310075e+10  2.77203403e+10  1.76087228e+12  9.20596410e+09
 1.96615000e+03  9.52246214e+16  3.42584450e+16  5.12713443e+10  2.77615794e+10  1.76087228e+12  9.20596410e+09
 1.96617500e+03  9.51139397e+16  3.43091173e+16  5.12117505e+10  2.78026421e+10  1.76087228e+12  9.20596410e+09
 1.96620000e+03  9.50033866e+16  3.43595725e+16  5.11522259e+10  2.78435288e+10  1.76087228e+12  9.20596410e+09
 1.96622500e+03  9.48929620e+16  3.44098111e+16  5.10927705e+10  2.78842400e+10  1.76087228e+12  9.20596410e+09
 1.96625000e+03  9.47826658e+16  3.44598335e+16  5.10333842e+10  2.79247761e+10  1.76087228e+12  9.20596410e+09
 1.96625000e+03  9.47826658e+16  0.00000000e+00  5.10333842e+10  0.00000000e+00  1.77820547e+12  9.19675814e+09
 1.96700000e+03  9.15327272e+16  3.16560034e+15  4.92835352e+10  2.56526720e+09  1.77820547e+12  9.19675814e+09
 1.96775000e+03  8.83942237e+16  6.06071729e+15  4.75936855e+10  4.91134622e+09  1.77820547e+12  9.19675814e+09
 1.96850000e+03  8.53633341e+16  8.70290953e+15  4.59617779e+10  7.05246587e+09  1.77820547e+12  9.19675814e+09
 1.96925000e+03  8.24363687e+16  1.11087099e+16  4.43858257e+10  9.00202364e+09  1.77820547e+12  9.19675814e+09
 1.97000000e+03  7.96097640e+16  1.32936822e+16  4.28639102e+10  1.07726318e+10  1.77820547e+12  9.19675814e+09
 1.97075000e+03  7.68800788e+16  1.52724751e+16  4.13941787e+10  1.23761610e+10  1.77820547e+12  9.19675814e+09
 1.97150000e+03  7.42439899e+16  1.70588729e+16  3.99748418e+10  1.38237814e+10  1.77820547e+12  9.19675814e+09
 1.97225000e+03  7.16982881e+16  1.86658439e+16  3.86041715e+10  1.51260020e+10  1.77820547e+12  9.19675814e+09
 1.97300000e+03  6.92398742e+16  2.01055855e+16  3.72804993e+10  1.62927071e+10  1.77820547e+12  9.19675814e+09
 1.97375000e+03  6.68657551e+16  2.13895680e+16  3.60022135e+10  1.73331916e+10  1.77820547e+12  9.19675814e+09
 1.97375000e+03  6.68657551e+16  0.00000000e+00  3.60022135e+10  0.00000000e+00  1.77820547e+12  9.19675814e+09
 1.97377500e+03  6.67880355e+16  7.76515860e+13  3.59603674e+10  6.29255260e+07  1.77820547e+12  9.19675814e+09
 1.97380000e+03  6.67104063e+16  1.55077116e+14  3.59185698e+10  1.25667866e+08  1.77820547e+12  9.19675814e+09
 1.97382500e+03  6.66328673e+16  2.32277089e+14  3.58768208e+10  1.88227424e+08  1.77820547e+12  9.19675814e+09
 1.97385000e+03  6.65554184e+16  3.09252005e+14  3.58351204e+10  2.50604606e+08  1.77820547e+12  9.19675814e+09
 1.97387500e+03  6.64780595e+16  3.86002363e+14  3.57934684e+10  3.12799815e+08  1.77820547e+12  9.19675814e+09
 1.97390000e+03  6.64007906e+16  4.62528660e+14  3.57518649e+10  3.74813454e+08  1.77820547e+12  9.19675814e+09
 1.97392500e+03  6.63236114e+16  5.38831391e+14  3.57103097e+10  4.36645926e+08  1.77820547e+12  9.19675814e+09
 1.97395000e+03  6.62465220e+16  6.14911052e+14  3.56688028e+10  4.98297631e+08  1.77820547e+12  9.19675814e+09
 1.97397500e+03  6.61695222e+16  6.90768137e+14  3.56273441e+10  5.59768971e+08  1.77820547e+12  9.19675814e+09
 1.97400000e+03  6.60926118e+16  7.66403141e+14  3.55859337e+10  6.21060344e+08  1.77820547e+12  9.19675814e+09
 1.97400000e+03  6.60926118e+16  7.66403141e+14  3.55859337e+10  6.21060344e+08  1.77820547e+12  9.19675814e+09
 1.97530000e+03  6.99213344e+16  4.63368487e+15  3.76474147e+10  3.75494015e+09  1.77820547e+12  9.19675814e+09
 1.97660000e+03  7.35253738e+16  8.37917603e+15  3.95879207e+10  6.79012608e+09  1.77820547e+12  9.19675814e+09
 1.97790000e+03  7.69179154e+16  1.20008752e+16  4.14145508e+10  9.72499628e+09  1.77820547e+12  9.19675814e+09
 1.97920000e+03  8.01113704e+16  1.54976944e+16  4.31339878e+10  1.25586691e+10  1.77820547e+12  9.19675814e+09
 1.98050000e+03  8.31174222e+16  1.88693360e+16  4.47525221e+10  1.52909033e+10  1.77820547e+12  9.19675814e+09
 1.98180000e+03  8.59470680e+16  2.21161836e+16  4.62760750e+10  1.79220098e+10  1.77820547e+12  9.19675814e+09
 1.98310000e+03  8.86106602e+16  2.52392036e+16  4.77102204e+10  2.04527717e+10  1.77820547e+12  9.19675814e+09
 1.98440000e+03  9.11179432e+16  2.82398592e+16  4.90602050e+10  2.28843747e+10  1.77820547e+12  9.19675814e+09
 1.98570000e+03  9.34780899e+16  3.11200322e+16  5.03309676e+10  2.52183438e+10  1.77820547e+12  9.19675814e+09
 1.98700000e+03  9.56997348e+16  3.38819553e+16  5.15271574e+10  2.74564882e+10  1.77820547e+12  9.19675814e+09
 1.98700000e+03  9.56997348e+16  3.38819553e+16  5.15271574e+10  2.74564882e+10  1.77820547e+12  9.18756138e+09
 1.98702500e+03  9.55885009e+16  3.39338378e+16  5.14672662e+10  2.74985316e+10  1.77820547e+12  9.18756138e+09
 1.98705000e+03  9.54773962e+16  3.39855004e+16  5.14074447e+10  2.75403968e+10  1.77820547e+12  9.18756138e+09
 1.98707500e+03  9.53664206e+16  3.40369436e+16  5.13476926e+10  2.75820841e+10  1.77820547e+12  9.18756138e+09
 1.98710000e+03  9.52555741e+16  3.40881680e+16  5.12880100e+10  2.76235942e+10  1.77820547e+12  9.18756138e+09
 1.98712500e+03  9.51448564e+16  3.41391741e+16  5.12283968e+10  2.76649273e+10  1.77820547e+12  9.18756138e+09
 1.98715000e+03  9.50342674e+16  3.41899624e+16  5.11688529e+10  2.77060840e+10  1.77820547e+12  9.18756138e+09
 1.98717500e+03  9.49238069e+16  3.42405334e+16  5.11093782e+10  2.77470646e+10  1.77820547e+12  9.18756138e+09
 1.98720000e+03  9.48134748e+16  3.42908877e+16  5.10499726e+10  2.77878696e+10  1.77820547e+12  9.18756138e+09
 1.98722500e+03  9.47032710e+16  3.43410259e+16  5.09906361e+10  2.78284994e+10  1.77820547e+12  9.18756138e+09
 1.98725000e+03  9.45931952e+16  3.43909483e+16  5.09313685e+10  2.78689544e+10  1.77820547e+12  9.18756138e+09
 1.98725000e+03  9.45931952e+16  0.00000000e+00  5.09313685e+10  0.00000000e+00  1.79550402e+12  9.17837382e+09
 1.98800000e+03  9.13497533e+16  3.15927231e+15  4.91850174e+10  2.56013923e+09  1.79550402e+12  9.17837382e+09
 1.98875000e+03  8.82175236e+16  6.04860192e+15  4.74985457e+10  4.90152844e+09  1.79550402e+12  9.17837382e+09
 1.98950000e+03  8.51926928e+16  8.68551241e+15  4.58699003e+10  7.03836799e+09  1.79550402e+12  9.17837382e+09
 1.99025000e+03  8.22715784e+16  1.10865036e+16  4.42970984e+10  8.98402859e+09  1.79550402e+12  9.17837382e+09
 1.99100000e+03  7.94506240e+16  1.32671081e+16  4.27782252e+10  1.07510973e+10  1.79550402e+12  9.17837382e+09
 1.99175000e+03  7.67263955e+16  1.52419454e+16  4.13114317e+10  1.23514210e+10  1.79550402e+12  9.17837382e+09
 1.99250000e+03  7.40955762e+16  1.70247722e+16  3.98949321e+10  1.37961477e+10  1.79550402e+12  9.17837382e+09
 1.99325000e+03  7.15549633e+16  1.86285308e+16  3.85270018e+10  1.50957651e+10  1.79550402e+12  9.17837382e+09
 1.99400000e+03  6.91014637e+16  2.00653945e+16  3.72059756e+10  1.62601379e+10  1.79550402e+12  9.17837382e+09
 1.99475000e+03  6.67320905e+16  2.13468103e+16  3.59302451e+10  1.72985425e+10  1.79550402e+12  9.17837382e+09
 1.99475000e+03  6.67320905e+16  0.00000000e+00  3.59302451e+10  0.00000000e+00  1.79550402e+12  9.17837382e+09
 1.99477500e+03  6.66545263e+16  7.74963605e+13  3.58884826e+10  6.27997379e+07  1.79550402e+12  9.17837382e+09
 1.99480000e+03  6.65770522e+16  1.54767116e+14  3.58467686e+10  1.25416655e+08  1.79550402e+12  9.17837382e+09
 1.99482500e+03  6.64996682e+16  2.31812767e+14  3.58051031e+10  1.87851157e+08  1.79550402e+12  9.17837382e+09
 1.99485000e+03  6.64223741e+16  3.08633811e+14  3.57634860e+10  2.50103647e+08  1.79550402e+12  9.17837382e+09
 1.99487500e+03  6.63451699e+16  3.85230744e+14  3.57219173e+10  3.12174528e+08  1.79550402e+12  9.17837382e+09
 1.99490000e+03  6.62680554e+16  4.61604065e+14  3.56803969e+10  3.74064202e+08  1.79550402e+12  9.17837382e+09
 1.99492500e+03  6.61910305e+16  5.37754267e+14  3.56389248e+10  4.35773071e+08  1.79550402e+12  9.17837382e+09
 1.99495000e+03  6.61140952e+16  6.13681845e+14  3.55975008e+10  4.97301534e+08  1.79550402e+12  9.17837382e+09
 1.99497500e+03  6.60372493e+16  6.89387292e+14  3.55561251e+10  5.58649993e+08  1.79550402e+12  9.17837382e+09
 1.99500000e+03  6.59604927e+16  7.64871101e+14  3.55147974e+10  6.19818845e+08  1.79550402e+12  9.17837382e+09
 1.99500000e+03  6.59604927e+16  7.64871101e+14  3.55147974e+10  6.19818845e+08  1.79550402e+12  9.17837382e+09
 1.99630000e+03  6.97815616e+16  4.62442214e+15  3.75721575e+10  3.74743402e+09  1.79550402e+12  9.17837382e+09
 1.99760000e+03  7.33783966e+16  8.36242606e+15  3.95087844e+10  6.77655261e+09  1.79550402e+12  9.17837382e+09
 1.99890000e+03  7.67641565e+16  1.19768855e+16  4.13317632e+10  9.70555601e+09  1.79550402e+12  9.17837382e+09
 2.00020000e+03  7.99512278e+16  1.54667145e+16  4.30477630e+10  1.25335643e+10  1.79550402e+12  9.17837382e+09
 2.00150000e+03  8.29512704e+16  1.88316162e+16  4.46630618e+10  1.52603368e+10  1.79550402e+12  9.17837382e+09
 2.00280000e+03  8.57752599e+16  2.20719733e+16  4.61835691e+10  1.78861837e+10  1.79550402e+12  9.17837382e+09
 2.00410000e+03  8.84335275e+16  2.51887505e+16  4.76148476e+10  2.04118866e+10  1.79550402e+12  9.17837382e+09
 2.00540000e+03  9.09357985e+16  2.81834077e+16  4.89621336e+10  2.28386288e+10  1.79550402e+12  9.17837382e+09
 2.00670000e+03  9.32912272e+16  3.10578232e+16  5.02303560e+10  2.51679323e+10  1.79550402e+12  9.17837382e+09
 2.00800000e+03  9.55084310e+16  3.38142252e+16  5.14241546e+10  2.74016027e+10  1.79550402e+12  9.17837382e+09
 2.00800000e+03  9.55084310e+16  3.38142252e+16  5.14241546e+10  2.74016027e+10  1.79550402e+12  9.16919544e+09
 2.00802500e+03  9.53974194e+16  3.38660040e+16  5.13643832e+10  2.74435620e+10  1.79550402e+12  9.16919544e+09
 2.00805000e+03  9.52865369e+16  3.39175634e+16  5.13046812e+10  2.74853435e+10  1.79550402e+12  9.16919544e+09
 2.00807500e+03  9.51757832e+16  3.39689038e+16  5.12450486e+10  2.75269476e+10  1.79550402e+12  9.16919544e+09
 2.00810000e+03  9.50651582e+16  3.40200257e+16  5.11854853e+10  2.75683746e+10  1.79550402e+12  9.16919544e+09
 2.00812500e+03  9.49546618e+16  3.40709299e+16  5.11259913e+10  2.76096251e+10  1.79550402e+12  9.16919544e+09
 2.00815000e+03  9.48442939e+16  3.41216166e+16  5.10665664e+10  2.76506995e+10  1.79550402e+12  9.16919544e+09
 2.00817500e+03  9.47340542e+16  3.41720866e+16  5.10072105e+10  2.76915982e+10  1.79550402e+12  9.16919544e+09
 2.00820000e+03  9.46239427e+16  3.42223402e+16  5.09479237e+10  2.77323217e+10  1.79550402e+12  9.16919544e+09
 2.00822500e+03  9.45139591e+16  3.42723781e+16  5.08887058e+10  2.77728702e+10  1.79550402e+12  9.16919544e+09
 2.00825000e+03  9.44041034e+16  3.43222008e+16  5.08295567e+10  2.78132444e+10  1.79550402e+12  9.16919544e+09
 2.00825000e+03  9.44041034e+16  0.00000000e+00  5.08295567e+10  0.00000000e+00  1.81276798e+12  9.16002625e+09
 2.00900000e+03  9.11671452e+16  3.15295692e+15  4.90866965e+10  2.55502151e+09  1.81276798e+12  9.16002625e+09
 2.00975000e+03  8.80411768e+16  6.03651076e+15  4.74035961e+10  4.89173028e+09  1.81276798e+12  9.16002625e+09
 2.01050000e+03  8.50223926e+16  8.66815008e+15  4.57782063e+10  7.02429829e+09  1.81276798e+12  9.16002625e+09
 2.01125000e+03  8.21071175e+16  1.10643417e+16  4.42085485e+10  8.96606952e+09  1.81276798e+12  9.16002625e+09
 2.01200000e+03  7.92918022e+16  1.32405872e+16  4.26927116e+10  1.07296059e+10  1.81276798e+12  9.16002625e+09
 2.01275000e+03  7.65730194e+16  1.52114768e+16  4.12288502e+10  1.23267305e+10  1.81276798e+12  9.16002625e+09
 2.01350000e+03  7.39474591e+16  1.69907397e+16  3.98151821e+10  1.37685692e+10  1.81276798e+12  9.16002625e+09
 2.01425000e+03  7.14119249e+16  1.85912924e+16  3.84499863e+10  1.50655887e+10  1.81276798e+12  9.16002625e+09
 2.01500000e+03  6.89633298e+16  2.00252837e+16  3.71316008e+10  1.62276339e+10  1.81276798e+12  9.16002625e+09
 2.01575000e+03  6.65986930e+16  2.13041380e+16  3.58584206e+10  1.72639628e+10  1.81276798e+12  9.16002625e+09
 2.01575000e+03  6.65986930e+16  0.00000000e+00  3.58584206e+10  0.00000000e+00  1.81276798e+12  9.16002625e+09
 2.01577500e+03  6.65212839e+16  7.73414453e+13  3.58167415e+10  6.26742012e+07  1.81276798e+12  9.16002625e+09
 2.01580000e+03  6.64439647e+16  1.54457737e+14  3.57751109e+10  1.25165948e+08  1.81276798e+12  9.16002625e+09
 2.01582500e+03  6.63667353e+16  2.31349373e+14  3.57335287e+10  1.87475643e+08  1.81276798e+12  9.16002625e+09
 2.01585000e+03  6.62895958e+16  3.08016852e+14  3.56919948e+10  2.49603690e+08  1.81276798e+12  9.16002625e+09
 2.01587500e+03  6.62125459e+16  3.84460668e+14  3.56505092e+10  3.11550491e+08  1.81276798e+12  9.16002625e+09
 2.01590000e+03  6.61355855e+16  4.60681318e+14  3.56090718e+10  3.73316448e+08  1.81276798e+12  9.16002625e+09
 2.01592500e+03  6.60587147e+16  5.36679296e+14  3.55676826e+10  4.34901960e+08  1.81276798e+12  9.16002625e+09
 2.01595000e+03  6.59819331e+16  6.12455095e+14  3.55263414e+10  4.96307429e+08  1.81276798e+12  9.16002625e+09
 2.01597500e+03  6.59052408e+16  6.88009207e+14  3.54850484e+10  5.57533251e+08  1.81276798e+12  9.16002625e+09
 2.01600000e+03  6.58286377e+16  7.63342124e+14  3.54438033e+10  6.18579827e+08  1.81276798e+12  9.16002625e+09
 2.01600000e+03  6.58286377e+16  7.63342124e+14  3.54438033e+10  6.18579827e+08  1.81276798e+12  9.16002625e+09
 2.01730000e+03  6.96420683e+16  4.61517792e+15  3.74970508e+10  3.73994290e+09  1.81276798e+12  9.16002625e+09
 2.01860000e+03  7.32317132e+16  8.34570957e+15  3.94298064e+10  6.76300629e+09  1.81276798e+12  9.16002625e+09
 2.01990000e+03  7.66107049e+16  1.19529437e+16  4.12491410e+10  9.68615460e+09  1.81276798e+12  9.16002625e+09
 2.02120000e+03  7.97914053e+16  1.54357965e+16  4.29617105e+10  1.25085097e+10  1.81276798e+12  9.16002625e+09
 2.02250000e+03  8.27854509e+16  1.87939718e+16  4.45737803e+10  1.52298314e+10  1.81276798e+12  9.16002625e+09
 2.02380000e+03  8.56037951e+16  2.20278514e+16  4.60912482e+10  1.78504292e+10  1.81276798e+12  9.16002625e+09
 2.02510000e+03  8.82567489e+16  2.51383981e+16  4.75196655e+10  2.03710833e+10  1.81276798e+12  9.16002625e+09
 2.02640000e+03  9.07540178e+16  2.81270690e+16  4.88642583e+10  2.27929744e+10  1.81276798e+12  9.16002625e+09
 2.02770000e+03  9.31047381e+16  3.09957387e+16  5.01299455e+10  2.51176217e+10  1.81276798e+12  9.16002625e+09
 2.02900000e+03  9.53175097e+16  3.37466306e+16  5.13213577e+10  2.73468269e+10  1.81276798e+12  9.16002625e+09
 2.02900000e+03  9.53175097e+16  3.37466306e+16  5.13213577e+10  2.73468269e+10  1.81276798e+12  9.15086622e+09
 2.02902500e+03  9.52067200e+16  3.37983059e+16  5.12617058e+10  2.73887023e+10  1.81276798e+12  9.15086622e+09
 2.02905000e+03  9.50960591e+16  3.38497622e+16  5.12021231e+10  2.74304003e+10  1.81276798e+12  9.15086622e+09
 2.02907500e+03  9.49855268e+16  3.39009999e+16  5.11426097e+10  2.74719212e+10  1.81276798e+12  9.15086622e+09
 2.02910000e+03  9.48751229e+16  3.39520197e+16  5.10831655e+10  2.75132655e+10  1.81276798e+12  9.15086622e+09
 2.02912500e+03  9.47648474e+16  3.40028221e+16  5.10237904e+10  2.75544335e+10  1.81276798e+12  9.15086622e+09
 2.02915000e+03  9.46547001e+16  3.40534075e+16  5.09644843e+10  2.75954258e+10  1.81276798e+12  9.15086622e+09
 2.02917500e+03  9.45446808e+16  3.41037766e+16  5.09052471e+10  2.76362427e+10  1.81276798e+12  9.15086622e+09
 2.02920000e+03  9.44347894e+16  3.41539298e+16  5.08460788e+10  2.76768847e+10  1.81276798e+12  9.15086622e+09
 2.02922500e+03  9.43250257e+16  3.42038677e+16  5.07869793e+10  2.77173523e+10  1.81276798e+12  9.15086622e+09
 2.02925000e+03  9.42153896e+16  3.42535907e+16  5.07279484e+10  2.77576457e+10  1.81276798e+12  9.15086622e+09
 2.02925000e+03  9.42153896e+16  0.00000000e+00  5.07279484e+10  0.00000000e+00  1.82999743e+12  9.14171536e+09
 2.03000000e+03  9.09849020e+16  3.14665416e+15  4.89885722e+10  2.54991402e+09  1.82999743e+12  9.14171536e+09
 2.03075000e+03  8.78651825e+16  6.02444378e+15  4.73088363e+10  4.88195172e+09  1.82999743e+12  9.14171536e+09
 2.03150000e+03  8.48524328e+16  8.65082244e+15  4.56866957e+10  7.01025672e+09  1.82999743e+12  9.14171536e+09
 2.03225000e+03  8.19429854e+16  1.10422240e+16  4.41201756e+10  8.94814635e+09  1.82999743e+12  9.14171536e+09
 2.03300000e+03  7.91332979e+16  1.32141192e+16  4.26073688e+10  1.07081574e+10  1.82999743e+12  9.14171536e+09
 2.03375000e+03  7.64199500e+16  1.51810690e+16  4.11464337e+10  1.23020894e+10  1.82999743e+12  9.14171536e+09
 2.03450000e+03  7.37996382e+16  1.69567752e+16  3.97355915e+10  1.37410458e+10  1.82999743e+12  9.14171536e+09
 2.03525000e+03  7.12691724e+16  1.85541284e+16  3.83731248e+10  1.50354725e+10  1.82999743e+12  9.14171536e+09
 2.03600000e+03  6.88254721e+16  1.99852532e+16  3.70573748e+10  1.61951949e+10  1.82999743e+12  9.14171536e+09
 2.03675000e+03  6.64655622e+16  2.12615510e+16  3.57867396e+10  1.72294521e+10  1.82999743e+12  9.14171536e+09
 2.03675000e+03  6.64655622e+16  0.00000000e+00  3.57867396e+10  0.00000000e+00  1.82999743e+12  9.14171536e+09
 2.03677500e+03  6.63883078e+16  7.71868397e+13  3.57451438e+10  6.25489155e+07  1.82999743e+12  9.14171536e+09
 2.03680000e+03  6.63111432e+16  1.54148976e+14  3.57035965e+10  1.24915741e+08  1.82999743e+12  9.14171536e+09
 2.03682500e+03  6.62340682e+16  2.30886906e+14  3.56620974e+10  1.87100879e+08  1.82999743e+12  9.14171536e+09
 2.03685000e+03  6.61570829e+16  3.07401126e+14  3.56206465e+10  2.49104732e+08  1.82999743e+12  9.14171536e+09
 2.03687500e+03  6.60801870e+16  3.83692131e+14  3.55792438e+10  3.10927702e+08  1.82999743e+12  9.14171536e+09
 2.03690000e+03  6.60033805e+16  4.59760416e+14  3.55378893e+10  3.72570188e+08  1.82999743e+12  9.14171536e+09
 2.03692500e+03  6.59266633e+16  5.35606474e+14  3.54965828e+10  4.34032591e+08  1.82999743e+12  9.14171536e+09
 2.03695000e+03  6.58500352e+16  6.11230797e+14  3.54553243e+10  4.95315310e+08  1.82999743e+12  9.14171536e+09
 2.03697500e+03  6.57734963e+16  6.86633876e+14  3.54141138e+10  5.56418742e+08  1.82999743e+12  9.14171536e+09
 2.03700000e+03  6.56970462e+16  7.61816203e+14  3.53729511e+10  6.17343286e+08  1.82999743e+12  9.14171536e+09
 2.03700000e+03  6.56970462e+16  7.61816203e+14  3.53729511e+10  6.17343286e+08  1.82999743e+12  9.14171536e+09
 2.03830000e+03  6.95028538e+16  4.60595218e+15  3.74220942e+10  3.73246676e+09  1.82999743e+12  9.14171536e+09
 2.03960000e+03  7.30853230e+16  8.32902649e+15  3.93509862e+10  6.74948704e+09  1.82999743e+12  9.14171536e+09
 2.04090000e+03  7.64575601e+16  1.19290497e+16  4.11666839e+10  9.66679198e+09  1.82999743e+12  9.14171536e+09
 2.04220000e+03  7.96319023e+16  1.54049404e+16  4.28758300e+10  1.24835052e+10  1.82999743e+12  9.14171536e+09
 2.04350000e+03  8.26199627e+16  1.87564027e+16  4.44846773e+10  1.51993870e+10  1.82999743e+12  9.14171536e+09
 2.04480000e+03  8.54326731e+16  2.19838178e+16  4.59991118e+10  1.78147462e+10  1.82999743e+12  9.14171536e+09
 2.04610000e+03  8.80803236e+16  2.50881465e+16  4.74246737e+10  2.03303615e+10  1.82999743e+12  9.14171536e+09
 2.04740000e+03  9.05726005e+16  2.80708430e+16  4.87665786e+10  2.27474113e+10  1.82999743e+12  9.14171536e+09
 2.04870000e+03  9.29186217e+16  3.09337782e+16  5.00297358e+10  2.50674115e+10  1.82999743e+12  9.14171536e+09
 2.05000000e+03  9.51269700e+16  3.36791711e+16  5.12187663e+10  2.72921606e+10  1.82999743e+12  9.14171536e+09
 2.05000000e+03  9.51269700e+16  3.36791711e+16  5.12187663e+10  2.72921606e+10  1.82999743e+12  9.13257364e+09
 2.05002500e+03  9.50164018e+16  3.37307431e+16  5.11592336e+10  2.73339523e+10  1.82999743e+12  9.13257364e+09
 2.05005000e+03  9.49059621e+16  3.37820965e+16  5.10997701e+10  2.73755669e+10  1.82999743e+12  9.13257364e+09
 2.05007500e+03  9.47956507e+16  3.38332318e+16  5.10403757e+10  2.74170048e+10  1.82999743e+12  9.13257364e+09
 2.05010000e+03  9.46854676e+16  3.38841496e+16  5.09810503e+10  2.74582664e+10  1.82999743e+12  9.13257364e+09
 2.05012500e+03  9.45754125e+16  3.39348504e+16  5.09217939e+10  2.74993522e+10  1.82999743e+12  9.13257364e+09
 2.05015000e+03  9.44654854e+16  3.39853347e+16  5.08626063e+10  2.75402625e+10  1.82999743e+12  9.13257364e+09
 2.05017500e+03  9.43556860e+16  3.40356031e+16  5.08034875e+10  2.75809979e+10  1.82999743e+12  9.13257364e+09
 2.05020000e+03  9.42460143e+16  3.40856561e+16  5.07444375e+10  2.76215587e+10  1.82999743e+12  9.13257364e+09
 2.05022500e+03  9.41364700e+16  3.41354941e+16  5.06854561e+10  2.76619453e+10  1.82999743e+12  9.13257364e+09
 2.05025000e+03  9.40270530e+16  3.41851178e+16  5.06265432e+10  2.77021582e+10  1.82999743e+12  9.13257364e+09
 2.05025000e+03  9.40270530e+16  0.00000000e+00  5.06265432e+10  0.00000000e+00  1.84719244e+12  9.12344107e+09
 2.05100000e+03  9.08030232e+16  3.14036400e+15  4.88906441e+10  2.54481675e+09  1.84719244e+12  9.12344107e+09
 2.05175000e+03  8.76895400e+16  6.01240092e+15  4.72142659e+10  4.87219269e+09  1.84719244e+12  9.12344107e+09
 2.05250000e+03  8.46828128e+16  8.63352945e+15  4.55953680e+10  6.99624321e+09  1.84719244e+12  9.12344107e+09
 2.05325000e+03  8.17791813e+16  1.10201506e+16  4.40319794e+10  8.93025900e+09  1.84719244e+12  9.12344107e+09
 2.05400000e+03  7.89751105e+16  1.31877042e+16  4.25221967e+10  1.06867518e+10  1.84719244e+12  9.12344107e+09
 2.05475000e+03  7.62671865e+16  1.51507221e+16  4.10641820e+10  1.22774975e+10  1.84719244e+12  9.12344107e+09
 2.05550000e+03  7.36521127e+16  1.69228786e+16  3.96561601e+10  1.37135775e+10  1.84719244e+12  9.12344107e+09
 2.05625000e+03  7.11267054e+16  1.85170387e+16  3.82964169e+10  1.50054166e+10  1.84719244e+12  9.12344107e+09
 2.05700000e+03  6.86878900e+16  1.99453027e+16  3.69832971e+10  1.61628207e+10  1.84719244e+12  9.12344107e+09
 2.05775000e+03  6.63326976e+16  2.12190492e+16  3.57152019e+10  1.71950104e+10  1.84719244e+12  9.12344107e+09
 2.05775000e+03  6.63326976e+16  0.00000000e+00  3.57152019e+10  0.00000000e+00  1.84719244e+12  9.12344107e+09
 2.05777500e+03  6.62555976e+16  7.70325433e+13  3.56736893e+10  6.24238802e+07  1.84719244e+12  9.12344107e+09
 2.05780000e+03  6.61785872e+16  1.53840832e+14  3.56322250e+10  1.24666034e+08  1.84719244e+12  9.12344107e+09
 2.05782500e+03  6.61016663e+16  2.30425363e+14  3.55908088e+10  1.86726864e+08  1.84719244e+12  9.12344107e+09
 2.05785000e+03  6.60248349e+16  3.06786631e+14  3.55494408e+10  2.48606772e+08  1.84719244e+12  9.12344107e+09
 2.05787500e+03  6.59480927e+16  3.82925131e+14  3.55081209e+10  3.10306157e+08  1.84719244e+12  9.12344107e+09
 2.05790000e+03  6.58714398e+16  4.58841355e+14  3.54668490e+10  3.71825420e+08  1.84719244e+12  9.12344107e+09
 2.05792500e+03  6.57948759e+16  5.34535797e+14  3.54256251e+10  4.33164960e+08  1.84719244e+12  9.12344107e+09
 2.05795000e+03  6.57184010e+16  6.10008947e+14  3.53844491e+10  4.94325175e+08  1.84719244e+12  9.12344107e+09
 2.05797500e+03  6.56420150e+16  6.85261295e+14  3.53433209e+10  5.55306461e+08  1.84719244e+12  9.12344107e+09
 2.05800000e+03  6.55657178e+16  7.60293332e+14  3.53022406e+10  6.16109217e+08  1.84719244e+12  9.12344107e+09
 2.05800000e+03  6.55657178e+16  7.60293332e+14  3.53022406e+10  6.16109217e+08  1.84719244e+12  9.12344107e+09
 2.05930000e+03  6.93639176e+16  4.59674488e+15  3.73472874e+10  3.72500556e+09  1.84719244e+12  9.12344107e+09
 2.06060000e+03  7.29392254e+16  8.31237677e+15  3.92723236e+10  6.73599481e+09  1.84719244e+12  9.12344107e+09
 2.06190000e+03  7.63047214e+16  1.19052036e+16  4.10843917e+10  9.64746806e+09  1.84719244e+12  9.12344107e+09
 2.06320000e+03  7.94727181e+16  1.53741459e+16  4.27901213e+10  1.24585506e+10  1.84719244e+12  9.12344107e+09
 2.06450000e+03  8.24548054e+16  1.87189086e+16  4.43957525e+10  1.51690034e+10  1.84719244e+12  9.12344107e+09
 2.06580000e+03  8.52618932e+16  2.19398721e+16  4.59071595e+10  1.77791345e+10  1.84719244e+12  9.12344107e+09
 2.06710000e+03  8.79042510e+16  2.50379953e+16  4.73298718e+10  2.02897211e+10  1.84719244e+12  9.12344107e+09
 2.06840000e+03  9.03915459e+16  2.80147294e+16  4.86690943e+10  2.27019392e+10  1.84719244e+12  9.12344107e+09
 2.06970000e+03  9.27328774e+16  3.08719415e+16  4.99297263e+10  2.50173018e+10  1.84719244e+12  9.12344107e+09
 2.07100000e+03  9.49368112e+16  3.36118464e+16  5.11163800e+10  2.72376036e+10  1.84719244e+12  9.12344107e+09
 2.07100000e+03  9.49368112e+16  3.36118464e+16  5.11163800e+10  2.72376036e+10  1.84719244e+12  9.11431763e+09
 2.07102500e+03  9.48264640e+16  3.36633153e+16  5.10569663e+10  2.72793118e+10  1.84719244e+12  9.11431763e+09
 2.07105000e+03  9.47162450e+16  3.37145661e+16  5.09976216e+10  2.73208432e+10  1.84719244e+12  9.11431763e+09
 2.07107500e+03  9.46061542e+16  3.37655992e+16  5.09383460e+10  2.73621982e+10  1.84719244e+12  9.11431763e+09
 2.07110000e+03  9.44961913e+16  3.38164152e+16  5.08791392e+10  2.74033774e+10  1.84719244e+12  9.11431763e+09
 2.07112500e+03  9.43863563e+16  3.38670147e+16  5.08200012e+10  2.74443810e+10  1.84719244e+12  9.11431763e+09
 2.07115000e+03  9.42766489e+16  3.39173981e+16  5.07609320e+10  2.74852095e+10  1.84719244e+12  9.11431763e+09
 2.07117500e+03  9.41670690e+16  3.39675660e+16  5.07019314e+10  2.75258635e+10  1.84719244e+12  9.11431763e+09
 2.07120000e+03  9.40576165e+16  3.40175189e+16  5.06429994e+10  2.75663432e+10  1.84719244e+12  9.11431763e+09
 2.07122500e+03  9.39482912e+16  3.40672573e+16  5.05841359e+10  2.76066491e+10  1.84719244e+12  9.11431763e+09
 2.07125000e+03  9.38390930e+16  3.41167818e+16  5.05253408e+10  2.76467816e+10  1.84719244e+12  9.11431763e+09
 2.07125000e+03  9.38390930e+16  0.00000000e+00  5.05253408e+10  0.00000000e+00  1.86435308e+12  9.10520331e+09
 2.07200000e+03  9.06215080e+16  3.13408641e+15  4.87929117e+10  2.53972966e+09  1.86435308e+12  9.10520331e+09
 2.07275000e+03  8.75142486e+16  6.00038213e+15  4.71198846e+10  4.86245318e+09  1.86435308e+12  9.10520331e+09
 2.07350000e+03  8.45135319e+16  8.61627102e+15  4.55042229e+10  6.98225772e+09  1.86435308e+12  9.10520331e+09
 2.07425000e+03  8.16157047e+16  1.09981213e+16  4.39439594e+10  8.91240741e+09  1.86435308e+12  9.10520331e+09
 2.07500000e+03  7.88172392e+16  1.31613420e+16  4.24371948e+10  1.06653890e+10  1.86435308e+12  9.10520331e+09
 2.07575000e+03  7.61147284e+16  1.51204358e+16  4.09820947e+10  1.22529548e+10  1.86435308e+12  9.10520331e+09
 2.07650000e+03  7.35048821e+16  1.68890498e+16  3.95768874e+10  1.36861640e+10  1.86435308e+12  9.10520331e+09
 2.07725000e+03  7.09845231e+16  1.84800232e+16  3.82198624e+10  1.49754208e+10  1.86435308e+12  9.10520331e+09
 2.07800000e+03  6.85505829e+16  1.99054320e+16  3.69093675e+10  1.61305112e+10  1.86435308e+12  9.10520331e+09
 2.07875000e+03  6.62000985e+16  2.11766323e+16  3.56438072e+10  1.71606376e+10  1.86435308e+12  9.10520331e+09
 2.07875000e+03  6.62000985e+16  0.00000000e+00  3.56438072e+10  0.00000000e+00  1.86435308e+12  9.10520331e+09
 2.07877500e+03  6.61231526e+16  7.68785552e+13  3.56023776e+10  6.22990949e+07  1.86435308e+12  9.10520331e+09
 2.07880000e+03  6.60462962e+16  1.53533304e+14  3.55609961e+10  1.24416827e+08  1.86435308e+12  9.10520331e+09
 2.07882500e+03  6.59695291e+16  2.29964743e+14  3.55196628e+10  1.86353597e+08  1.86435308e+12  9.10520331e+09
 2.07885000e+03  6.58928512e+16  3.06173365e+14  3.54783775e+10  2.48109807e+08  1.86435308e+12  9.10520331e+09
 2.07887500e+03  6.58162625e+16  3.82159663e+14  3.54371402e+10  3.09685855e+08  1.86435308e+12  9.10520331e+09
 2.07890000e+03  6.57397627e+16  4.57924131e+14  3.53959508e+10  3.71082141e+08  1.86435308e+12  9.10520331e+09
 2.07892500e+03  6.56633519e+16  5.33467260e+14  3.53548093e+10  4.32299063e+08  1.86435308e+12  9.10520331e+09
 2.07895000e+03  6.55870299e+16  6.08789539e+14  3.53137156e+10  4.93337019e+08  1.86435308e+12  9.10520331e+09
 2.07897500e+03  6.55107966e+16  6.83891458e+14  3.52726696e+10  5.54196404e+08  1.86435308e+12  9.10520331e+09
 2.07900000e+03  6.54346520e+16  7.58773506e+14  3.52316714e+10  6.14877614e+08  1.86435308e+12  9.10520331e+09
 2.07900000e+03  6.54346520e+16  7.58773506e+14  3.52316714e+10  6.14877614e+08  1.86435308e+12  9.10520331e+09
 2.08030000e+03  6.92252591e+16  4.58755599e+15  3.72726302e+10  3.71755927e+09  1.86435308e+12  9.10520331e+09
 2.08160000e+03  7.27934199e+16  8.29576033e+15  3.91938182e+10  6.72252956e+09  1.86435308e+12  9.10520331e+09
 2.08290000e+03  7.61521883e+16  1.18814051e+16  4.10022640e+10  9.62818277e+09  1.86435308e+12  9.10520331e+09
 2.08420000e+03  7.93138522e+16  1.53434130e+16  4.27045838e+10  1.24336460e+10  1.86435308e+12  9.10520331e+09
 2.08550000e+03  8.22899783e+16  1.86814895e+16  4.43070054e+10  1.51386805e+10  1.86435308e+12  9.10520331e+09
 2.08680000e+03  8.50914547e+16  2.18960143e+16  4.58153911e+10  1.77435940e+10  1.86435308e+12  9.10520331e+09
 2.08810000e+03  8.77285304e+16  2.49879443e+16  4.72352594e+10  2.02491619e+10  1.86435308e+12  9.10520331e+09
 2.08940000e+03  9.02108532e+16  2.79587280e+16  4.85718047e+10  2.26565580e+10  1.86435308e+12  9.10520331e+09
 2.09070000e+03  9.25475044e+16  3.08102285e+16  4.98299168e+10  2.49672922e+10  1.86435308e+12  9.10520331e+09
 2.09200000e+03  9.47470325e+16  3.35446563e+16  5.10141984e+10  2.71831556e+10  1.86435308e+12  9.10520331e+09
 2.09200000e+03  9.47470325e+16  3.35446563e+16  5.10141984e+10  2.71831556e+10  1.86435308e+12  9.09609811e+09
 2.09202500e+03  9.46369059e+16  3.35960224e+16  5.09549034e+10  2.72247804e+10  1.86435308e+12  9.09609811e+09
 2.09205000e+03  9.45269073e+16  3.36471707e+16  5.08956774e+10  2.72662288e+10  1.86435308e+12  9.09609811e+09
 2.09207500e+03  9.44170365e+16  3.36981018e+16  5.08365202e+10  2.73075012e+10  1.86435308e+12  9.09609811e+09
 2.09210000e+03  9.43072934e+16  3.37488162e+16  5.07774318e+10  2.73485980e+10  1.86435308e+12  9.09609811e+09
 2.09212500e+03  9.41976779e+16  3.37993145e+16  5.07184120e+10  2.73895197e+10  1.86435308e+12  9.09609811e+09
 2.09215000e+03  9.40881899e+16  3.38495972e+16  5.06594609e+10  2.74302666e+10  1.86435308e+12  9.09609811e+09
 2.09217500e+03  9.39788290e+16  3.38996648e+16  5.06005782e+10  2.74708393e+10  1.86435308e+12  9.09609811e+09
 2.09220000e+03  9.38695953e+16  3.39495178e+16  5.05417640e+10  2.75112380e+10  1.86435308e+12  9.09609811e+09
 2.09222500e+03  9.37604886e+16  3.39991568e+16  5.04830182e+10  2.75514634e+10  1.86435308e+12  9.09609811e+09
 2.09225000e+03  9.36515086e+16  3.40485823e+16  5.04243406e+10  2.75915157e+10  1.86435308e+12  9.09609811e+09
 2.09225000e+03  9.36515086e+16  0.00000000e+00  5.04243406e+10  0.00000000e+00  1.88147941e+12  9.08700201e+09
 2.09300000e+03  9.04403556e+16  3.12782137e+15  4.86953746e+10  2.53465274e+09  1.88147941e+12  9.08700201e+09
 2.09375000e+03  8.73393076e+16  5.98838736e+15  4.70256920e+10  4.85273314e+09  1.88147941e+12  9.08700201e+09
 2.09450000e+03  8.43445893e+16  8.59904710e+15  4.54132599e+10  6.96830019e+09  1.88147941e+12  9.08700201e+09
 2.09525000e+03  8.14525549e+16  1.09761361e+16  4.38561155e+10  8.89459151e+09  1.88147941e+12  9.08700201e+09
 2.09600000e+03  7.86596836e+16  1.31350325e+16  4.23523629e+10  1.06440688e+10  1.88147941e+12  9.08700201e+09
 2.09675000e+03  7.59625750e+16  1.50902100e+16  4.09001715e+10  1.22284612e+10  1.88147941e+12  9.08700201e+09
 2.09750000e+03  7.33579458e+16  1.68552886e+16  3.94977732e+10  1.36588054e+10  1.88147941e+12  9.08700201e+09
 2.09825000e+03  7.08426250e+16  1.84430816e+16  3.81434609e+10  1.49454849e+10  1.88147941e+12  9.08700201e+09
 2.09900000e+03  6.84135503e+16  1.98656411e+16  3.68355856e+10  1.60982663e+10  1.88147941e+12  9.08700201e+09
 2.09975000e+03  6.60677645e+16  2.11343002e+16  3.55725552e+10  1.71263335e+10  1.88147941e+12  9.08700201e+09
 2.09975000e+03  6.60677645e+16  0.00000000e+00  3.55725552e+10  0.00000000e+00  1.88147941e+12  9.08700201e+09
 2.09977500e+03  6.59909725e+16  7.67248750e+13  3.55312084e+10  6.21745590e+07  1.88147941e+12  9.08700201e+09
 2.09980000e+03  6.59142697e+16  1.53226391e+14  3.54899097e+10  1.24168118e+08  1.88147941e+12  9.08700201e+09
 2.09982500e+03  6.58376560e+16  2.29505043e+14  3.54486590e+10  1.85981077e+08  1.88147941e+12  9.08700201e+09
 2.09985000e+03  6.57611314e+16  3.05561324e+14  3.54074562e+10  2.47613835e+08  1.88147941e+12  9.08700201e+09
 2.09987500e+03  6.56846958e+16  3.81395726e+14  3.53663013e+10  3.09066793e+08  1.88147941e+12  9.08700201e+09
 2.09990000e+03  6.56083490e+16  4.57008741e+14  3.53251943e+10  3.70340348e+08  1.88147941e+12  9.08700201e+09
 2.09992500e+03  6.55320909e+16  5.32400859e+14  3.52841350e+10  4.31434898e+08  1.88147941e+12  9.08700201e+09
 2.09995000e+03  6.54559215e+16  6.07572568e+14  3.52431235e+10  4.92350838e+08  1.88147941e+12  9.08700201e+09
 2.09997500e+03  6.53798406e+16  6.82524359e+14  3.52021596e+10  5.53088565e+08  1.88147941e+12  9.08700201e+09
 2.10000000e+03  6.53038481e+16  7.57256717e+14  3.51612433e+10  6.13648474e+08  1.88147941e+12  9.08700201e+09
 2.10000000e+03  6.53038481e+16  7.57256717e+14  3.51612433e+10  6.13648474e+08  1.88147941e+12  9.08700201e+09
 2.10130000e+03  6.90868778e+16  4.57838546e+15  3.71981222e+10  3.71012787e+09  1.88147941e+12  9.08700201e+09
 2.10260000e+03  7.26479059e+16  8.27917710e+15  3.91154698e+10  6.70909122e+09  1.88147941e+12  9.08700201e+09
 2.10390000e+03  7.59999601e+16  1.18576541e+16  4.09203005e+10  9.60893604e+09  1.88147941e+12  9.08700201e+09
 2.10520000e+03  7.91553038e+16  1.53127415e+16  4.26192173e+10  1.24087911e+10  1.88147941e+12  9.08700201e+09
 2.10650000e+03  8.21254806e+16  1.86441452e+16  4.42184357e+10  1.51084183e+10  1.88147941e+12  9.08700201e+09
 2.10780000e+03  8.49213569e+16  2.18522442e+16  4.57238061e+10  1.77081246e+10  1.88147941e+12  9.08700201e+09
 2.10910000e+03  8.75531611e+16  2.49379934e+16  4.71408361e+10  2.02086839e+10  1.88147941e+12  9.08700201e+09
 2.11040000e+03  9.00305217e+16  2.79028385e+16  4.84747097e+10  2.26112676e+10  1.88147941e+12  9.08700201e+09
 2.11170000e+03  9.23625019e+16  3.07486389e+16  4.97303068e+10  2.49173826e+10  1.88147941e+12  9.08700201e+09
 2.11300000e+03  9.45576332e+16  3.34776006e+16  5.09122210e+10  2.71288165e+10  1.88147941e+12  9.08700201e+09
 2.11300000e+03  9.45576332e+16  3.34776006e+16  5.09122210e+10  2.71288165e+10  1.88147941e+12  9.07791501e+09
 2.11302500e+03  9.44477267e+16  3.35288639e+16  5.08530446e+10  2.71703581e+10  1.88147941e+12  9.07791501e+09
 2.11305000e+03  9.43379480e+16  3.35799100e+16  5.07939369e+10  2.72117236e+10  1.88147941e+12  9.07791501e+09
 2.11307500e+03  9.42282968e+16  3.36307393e+16  5.07348980e+10  2.72529135e+10  1.88147941e+12  9.07791501e+09
 2.11310000e+03  9.41187732e+16  3.36813523e+16  5.06759277e+10  2.72939282e+10  1.88147941e+12  9.07791501e+09
 2.11312500e+03  9.40093768e+16  3.37317497e+16  5.06170259e+10  2.73347680e+10  1.88147941e+12  9.07791501e+09
 2.11315000e+03  9.39001076e+16  3.37819318e+16  5.05581926e+10  2.73754335e+10  1.88147941e+12  9.07791501e+09
 2.11317500e+03  9.37909653e+16  3.38318994e+16  5.04994277e+10  2.74159251e+10  1.88147941e+12  9.07791501e+09
 2.11320000e+03  9.36819500e+16  3.38816527e+16  5.04407310e+10  2.74562431e+10  1.88147941e+12  9.07791501e+09
 2.11322500e+03  9.35730613e+16  3.39311925e+16  5.03821026e+10  2.74963880e+10  1.88147941e+12  9.07791501e+09
 2.11325000e+03  9.34642993e+16  3.39805192e+16  5.03235424e+10  2.75363602e+10  1.88147941e+12  9.07791501e+09
 2.11325000e+03  9.34642993e+16  0.00000000e+00  5.03235424e+10  0.00000000e+00  1.89857151e+12  9.06883709e+09
 2.11400000e+03  9.02595653e+16  3.12156886e+15  4.85980326e+10  2.52958597e+09  1.89857151e+12  9.06883709e+09
 2.11475000e+03  8.71647163e+16  5.97641658e+15  4.69316876e+10  4.84303252e+09  1.89857151e+12  9.06883709e+09
 2.11550000e+03  8.41759845e+16  8.58185760e+15  4.53224788e+10  6.95437056e+09  1.89857151e+12  9.06883709e+09
 2.11625000e+03  8.12897313e+16  1.09541948e+16  4.37684471e+10  8.87681122e+09  1.89857151e+12  9.06883709e+09
 2.11700000e+03  7.85024429e+16  1.31087755e+16  4.22677005e+10  1.06227914e+10  1.89857151e+12  9.06883709e+09
 2.11775000e+03  7.58107259e+16  1.50600447e+16  4.08184120e+10  1.22040165e+10  1.89857151e+12  9.06883709e+09
 2.11850000e+03  7.32113033e+16  1.68215949e+16  3.94188172e+10  1.36315014e+10  1.89857151e+12  9.06883709e+09
 2.11925000e+03  7.07010106e+16  1.84062139e+16  3.80672121e+10  1.49156089e+10  1.89857151e+12  9.06883709e+09
 2.12000000e+03  6.82767916e+16  1.98259296e+16  3.67619513e+10  1.60660859e+10  1.89857151e+12  9.06883709e+09
 2.12075000e+03  6.59356951e+16  2.10920527e+16  3.55014457e+10  1.70920979e+10  1.89857151e+12  9.06883709e+09
 2.12075000e+03  6.59356951e+16  0.00000000e+00  3.55014457e+10  0.00000000e+00  1.89857151e+12  9.06883709e+09
 2.12077500e+03  6.58590565e+16  7.65715019e+13  3.54601816e+10  6.20502720e+07  1.89857151e+12  9.06883709e+09
 2.12080000e+03  6.57825070e+16  1.52920092e+14  3.54189654e+10  1.23919906e+08  1.89857151e+12  9.06883709e+09
 2.12082500e+03  6.57060465e+16  2.29046263e+14  3.53777971e+10  1.85609300e+08  1.89857151e+12  9.06883709e+09
 2.12085000e+03  6.56296749e+16  3.04950507e+14  3.53366767e+10  2.47118855e+08  1.89857151e+12  9.06883709e+09
 2.12087500e+03  6.55533921e+16  3.80633316e+14  3.52956041e+10  3.08448969e+08  1.89857151e+12  9.06883709e+09
 2.12090000e+03  6.54771979e+16  4.56095180e+14  3.52545792e+10  3.69600038e+08  1.89857151e+12  9.06883709e+09
 2.12092500e+03  6.54010922e+16  5.31336589e+14  3.52136020e+10  4.30572459e+08  1.89857151e+12  9.06883709e+09
 2.12095000e+03  6.53250751e+16  6.06358031e+14  3.51726725e+10  4.91366629e+08  1.89857151e+12  9.06883709e+09
 2.12097500e+03  6.52491463e+16  6.81159993e+14  3.51317905e+10  5.51982941e+08  1.89857151e+12  9.06883709e+09
 2.12100000e+03  6.51733057e+16  7.55742961e+14  3.50909560e+10  6.12421791e+08  1.89857151e+12  9.06883709e+09
 2.12100000e+03  6.51733057e+16  7.55742961e+14  3.50909560e+10  6.12421791e+08  1.89857151e+12  9.06883709e+09
 2.12230000e+03  6.89487732e+16  4.56923327e+15  3.71237632e+10  3.70271132e+09  1.89857151e+12  9.06883709e+09
 2.12360000e+03  7.25026827e+16  8.26262703e+15  3.90372779e+10  6.69567975e+09  1.89857151e+12  9.06883709e+09
 2.12490000e+03  7.58480362e+16  1.18339507e+16  4.08385008e+10  9.58972777e+09  1.89857151e+12  9.06883709e+09
 2.12620000e+03  7.89970723e+16  1.52821313e+16  4.25340215e+10  1.23839860e+10  1.89857151e+12  9.06883709e+09
 2.12750000e+03  8.19613118e+16  1.86068756e+16  4.41300430e+10  1.50782166e+10  1.89857151e+12  9.06883709e+09
 2.12880000e+03  8.47515991e+16  2.18085615e+16  4.56324043e+10  1.76727260e+10  1.89857151e+12  9.06883709e+09
 2.13010000e+03  8.73781423e+16  2.48881424e+16  4.70466016e+10  2.01682867e+10  1.89857151e+12  9.06883709e+09
 2.13140000e+03  8.98505507e+16  2.78470607e+16  4.83778088e+10  2.25660676e+10  1.89857151e+12  9.06883709e+09
 2.13270000e+03  9.21778693e+16  3.06871724e+16  4.96308959e+10  2.48675727e+10  1.89857151e+12  9.06883709e+09
 2.13400000e+03  9.43686125e+16  3.34106789e+16  5.08104475e+10  2.70745860e+10  1.89857151e+12  9.06883709e+09
 2.13400000e+03  9.43686125e+16  3.34106789e+16  5.08104475e+10  2.70745860e+10  1.89857151e+12  9.05976825e+09
 2.13402500e+03  9.42589257e+16  3.34618397e+16  5.07513893e+10  2.71160445e+10  1.89857151e+12  9.05976825e+09
 2.13405000e+03  9.41493664e+16  3.35127837e+16  5.06923999e+10  2.71573274e+10  1.89857151e+12  9.05976825e+09
 2.13407500e+03  9.40399345e+16  3.35635114e+16  5.06334789e+10  2.71984349e+10  1.89857151e+12  9.05976825e+09
 2.13410000e+03  9.39306297e+16  3.36140233e+16  5.05746265e+10  2.72393676e+10  1.89857151e+12  9.05976825e+09
 2.13412500e+03  9.38214520e+16  3.36643199e+16  5.05158425e+10  2.72801258e+10  1.89857151e+12  9.05976825e+09
 2.13415000e+03  9.37124012e+16  3.37144018e+16  5.04571268e+10  2.73207100e+10  1.89857151e+12  9.05976825e+09
 2.13417500e+03  9.36034772e+16  3.37642694e+16  5.03984793e+10  2.73611206e+10  1.89857151e+12  9.05976825e+09
 2.13420000e+03  9.34946798e+16  3.38139233e+16  5.03399000e+10  2.74013580e+10  1.89857151e+12  9.05976825e+09
 2.13422500e+03  9.33860088e+16  3.38633641e+16  5.02813888e+10  2.74414227e+10  1.89857151e+12  9.05976825e+09
 2.13425000e+03  9.32774641e+16  3.39125921e+16  5.02229456e+10  2.74813150e+10  1.89857151e+12  9.05976825e+09
 2.13425000e+03  9.32774641e+16  0.00000000e+00  5.02229456e+10  0.00000000e+00  1.91562944e+12  9.05070848e+09
 2.13500000e+03  9.00791364e+16  3.11532884e+15  4.85008851e+10  2.52452932e+09  1.91562944e+12  9.05070848e+09
 2.13575000e+03  8.69904741e+16  5.96446972e+15  4.68378712e+10  4.83335130e+09  1.91562944e+12  9.05070848e+09
 2.13650000e+03  8.40077167e+16  8.56470247e+15  4.52318792e+10  6.94046877e+09  1.91562944e+12  9.05070848e+09
 2.13725000e+03  8.11272331e+16  1.09322974e+16  4.36809540e+10  8.85906648e+09  1.91562944e+12  9.05070848e+09
 2.13800000e+03  7.83455165e+16  1.30825711e+16  4.21832074e+10  1.06015564e+10  1.91562944e+12  9.05070848e+09
 2.13875000e+03  7.56591802e+16  1.50299397e+16  4.07368160e+10  1.21796206e+10  1.91562944e+12  9.05070848e+09
 2.13950000e+03  7.30649539e+16  1.67879685e+16  3.93400190e+10  1.36042520e+10  1.91562944e+12  9.05070848e+09
 2.14025000e+03  7.05596793e+16  1.83694198e+16  3.79911157e+10  1.48857926e+10  1.91562944e+12  9.05070848e+09
 2.14100000e+03  6.81403063e+16  1.97862976e+16  3.66884642e+10  1.60339698e+10  1.91562944e+12  9.05070848e+09
 2.14175000e+03  6.58038896e+16  2.10498897e+16  3.54304783e+10  1.70579308e+10  1.91562944e+12  9.05070848e+09
 2.14175000e+03  6.58038896e+16  0.00000000e+00  3.54304783e+10  0.00000000e+00  1.91562944e+12  9.05070848e+09
 2.14177500e+03  6.57274042e+16  7.64184355e+13  3.53892967e+10  6.19262335e+07  1.91562944e+12  9.05070848e+09
 2.14180000e+03  6.56510078e+16  1.52614404e+14  3.53481629e+10  1.23672190e+08  1.91562944e+12  9.05070848e+09
 2.14182500e+03  6.55747002e+16  2.28588399e+14  3.53070769e+10  1.85238267e+08  1.91562944e+12  9.05070848e+09
 2.14185000e+03  6.54984812e+16  3.04340911e+14  3.52660387e+10  2.46624865e+08  1.91562944e+12  9.05070848e+09
 2.14187500e+03  6.54223508e+16  3.79872430e+14  3.52250482e+10  3.07832379e+08  1.91562944e+12  9.05070848e+09
 2.14190000e+03  6.53463090e+16  4.55183446e+14  3.51841053e+10  3.68861207e+08  1.91562944e+12  9.05070848e+09
 2.14192500e+03  6.52703555e+16  5.30274447e+14  3.51432100e+10  4.29711745e+08  1.91562944e+12  9.05070848e+09
 2.14195000e+03  6.51944903e+16  6.05145921e+14  3.51023623e+10  4.90384387e+08  1.91562944e+12  9.05070848e+09
 2.14197500e+03  6.51187132e+16  6.79798354e+14  3.50615620e+10  5.50879527e+08  1.91562944e+12  9.05070848e+09
 2.14200000e+03  6.50430243e+16  7.54232231e+14  3.50208092e+10  6.11197559e+08  1.91562944e+12  9.05070848e+09
 2.14200000e+03  6.50430243e+16  7.54232231e+14  3.50208092e+10  6.11197559e+08  1.91562944e+12  9.05070848e+09
 2.14330000e+03  6.88109446e+16  4.56009937e+15  3.70495527e+10  3.69530960e+09  1.91562944e+12  9.05070848e+09
 2.14460000e+03  7.23577499e+16  8.24611004e+15  3.89592424e+10  6.68229508e+09  1.91562944e+12  9.05070848e+09
 2.14590000e+03  7.56964159e+16  1.18102946e+16  4.07568647e+10  9.57055791e+09  1.91562944e+12  9.05070848e+09
 2.14720000e+03  7.88391572e+16  1.52515823e+16  4.24489960e+10  1.23592304e+10  1.91562944e+12  9.05070848e+09
 2.14850000e+03  8.17974711e+16  1.85696804e+16  4.40418271e+10  1.50480752e+10  1.91562944e+12  9.05070848e+09
 2.14980000e+03  8.45821806e+16  2.17649662e+16  4.55411851e+10  1.76373983e+10  1.91562944e+12  9.05070848e+09
 2.15110000e+03  8.72034734e+16  2.48383910e+16  4.69525554e+10  2.01279703e+10  1.91562944e+12  9.05070848e+09
 2.15240000e+03  8.96709394e+16  2.77913944e+16  4.82811015e+10  2.25209581e+10  1.91562944e+12  9.05070848e+09
 2.15370000e+03  9.19936057e+16  3.06258287e+16  4.95316838e+10  2.48178624e+10  1.91562944e+12  9.05070848e+09
 2.15500000e+03  9.41799696e+16  3.33438909e+16  5.07088774e+10  2.70204639e+10  1.91562944e+12  9.05070848e+09
 2.15500000e+03  9.41799696e+16  3.33438909e+16  5.07088774e+10  2.70204639e+10  1.91562944e+12  9.04165778e+09
 2.15502500e+03  9.40705021e+16  3.33949495e+16  5.06499373e+10  2.70618396e+10  1.91562944e+12  9.04165778e+09
 2.15505000e+03  9.39611618e+16  3.34457917e+16  5.05910658e+10  2.71030399e+10  1.91562944e+12  9.04165778e+09
 2.15507500e+03  9.38519486e+16  3.34964179e+16  5.05322626e+10  2.71440653e+10  1.91562944e+12  9.04165778e+09
 2.15510000e+03  9.37428624e+16  3.35468289e+16  5.04735278e+10  2.71849161e+10  1.91562944e+12  9.04165778e+09
 2.15512500e+03  9.36339030e+16  3.35970249e+16  5.04148613e+10  2.72255928e+10  1.91562944e+12  9.04165778e+09
 2.15515000e+03  9.35250702e+16  3.36470067e+16  5.03562630e+10  2.72660959e+10  1.91562944e+12  9.04165778e+09
 2.15517500e+03  9.34163639e+16  3.36967746e+16  5.02977327e+10  2.73064257e+10  1.91562944e+12  9.04165778e+09
 2.15520000e+03  9.33077839e+16  3.37463293e+16  5.02392706e+10  2.73465827e+10  1.91562944e+12  9.04165778e+09
 2.15522500e+03  9.31993302e+16  3.37956712e+16  5.01808763e+10  2.73865673e+10  1.91562944e+12  9.04165778e+09
 2.15525000e+03  9.30910025e+16  3.38448009e+16  5.01225499e+10  2.74263799e+10  1.91562944e+12  9.04165778e+09
 2.15525000e+03  9.30910025e+16  0.00000000e+00  5.01225499e+10  0.00000000e+00  1.93265327e+12  9.03261612e+09
 2.15600000e+03  8.98990682e+16  3.10910130e+15  4.84039318e+10  2.51948279e+09  1.93265327e+12  9.03261612e+09
 2.15675000e+03  8.68165801e+16  5.95254674e+15  4.67442423e+10  4.82368943e+09  1.93265327e+12  9.03261612e+09
 2.15750000e+03  8.38397853e+16  8.54758163e+15  4.51414607e+10  6.92659478e+09  1.93265327e+12  9.03261612e+09
 2.15825000e+03  8.09650598e+16  1.09104437e+16  4.35936357e+10  8.84135720e+09  1.93265327e+12  9.03261612e+09
 2.15900000e+03  7.81889038e+16  1.30564190e+16  4.20988831e+10  1.05803639e+10  1.93265327e+12  9.03261612e+09
 2.15975000e+03  7.55079375e+16  1.49998948e+16  4.06553831e+10  1.21552736e+10  1.93265327e+12  9.03261612e+09
 2.16050000e+03  7.29188971e+16  1.67544093e+16  3.92613783e+10  1.35770571e+10  1.93265327e+12  9.03261612e+09
 2.16125000e+03  7.04186305e+16  1.83326994e+16  3.79151715e+10  1.48560359e+10  1.93265327e+12  9.03261612e+09
 2.16200000e+03  6.80040939e+16  1.97467448e+16  3.66151239e+10  1.60019179e+10  1.93265327e+12  9.03261612e+09
 2.16275000e+03  6.56723476e+16  2.10078110e+16  3.53596528e+10  1.70238320e+10  1.93265327e+12  9.03261612e+09
 2.16275000e+03  6.56723476e+16  0.00000000e+00  3.53596528e+10  0.00000000e+00  1.93265327e+12  9.03261612e+09
 2.16277500e+03  6.55960152e+16  7.62656751e+13  3.53185535e+10  6.18024430e+07  1.93265327e+12  9.03261612e+09
 2.16280000e+03  6.55197714e+16  1.52309328e+14  3.52775019e+10  1.23424969e+08  1.93265327e+12  9.03261612e+09
 2.16282500e+03  6.54436163e+16  2.28131451e+14  3.52364981e+10  1.84867976e+08  1.93265327e+12  9.03261612e+09
 2.16285000e+03  6.53675497e+16  3.03732534e+14  3.51955419e+10  2.46131862e+08  1.93265327e+12  9.03261612e+09
 2.16287500e+03  6.52915716e+16  3.79113065e+14  3.51546333e+10  3.07217022e+08  1.93265327e+12  9.03261612e+09
 2.16290000e+03  6.52156817e+16  4.54273535e+14  3.51137723e+10  3.68123854e+08  1.93265327e+12  9.03261612e+09
 2.16292500e+03  6.51398800e+16  5.29214429e+14  3.50729588e+10  4.28852751e+08  1.93265327e+12  9.03261612e+09
 2.16295000e+03  6.50641665e+16  6.03936234e+14  3.50321927e+10  4.89404108e+08  1.93265327e+12  9.03261612e+09
 2.16297500e+03  6.49885409e+16  6.78439437e+14  3.49914739e+10  5.49778319e+08  1.93265327e+12  9.03261612e+09
 2.16300000e+03  6.49130033e+16  7.52724521e+14  3.49508026e+10  6.09975776e+08  1.93265327e+12  9.03261612e+09
 2.16300000e+03  6.49130033e+16  7.52724521e+14  3.49508026e+10  6.09975776e+08  1.93265327e+12  9.03261612e+09
 2.16430000e+03  6.86733915e+16  4.55098373e+15  3.69754907e+10  3.68792268e+09  1.93265327e+12  9.03261612e+09
 2.16560000e+03  7.22131067e+16  8.22962606e+15  3.88813629e+10  6.66893718e+09  1.93265327e+12  9.03261612e+09
 2.16690000e+03  7.55450988e+16  1.17866858e+16  4.06753917e+10  9.55142636e+09  1.93265327e+12  9.03261612e+09
 2.16820000e+03  7.86815577e+16  1.52210944e+16  4.23641405e+10  1.23345243e+10  1.93265327e+12  9.03261612e+09
 2.16950000e+03  8.16339580e+16  1.85325596e+16  4.39537874e+10  1.50179941e+10  1.93265327e+12  9.03261612e+09
 2.17080000e+03  8.44131009e+16  2.17214581e+16  4.54501483e+10  1.76021411e+10  1.93265327e+12  9.03261612e+09
 2.17210000e+03  8.70291537e+16  2.47887390e+16  4.68586973e+10  2.00877345e+10  1.93265327e+12  9.03261612e+09
 2.17340000e+03  8.94916872e+16  2.77358394e+16  4.81845876e+10  2.24759387e+10  1.93265327e+12  9.03261612e+09
 2.17470000e+03  9.18097105e+16  3.05646077e+16  4.94326699e+10  2.47682515e+10  1.93265327e+12  9.03261612e+09
 2.17600000e+03  9.39917038e+16  3.32772365e+16  5.06075103e+10  2.69664500e+10  1.93265327e+12  9.03261612e+09
 2.17600000e+03  9.39917038e+16  3.32772365e+16  5.06075103e+10  2.69664500e+10  1.93265327e+12  9.02358350e+09
 2.17602500e+03  9.38824552e+16  3.33281930e+16  5.05486881e+10  2.70077429e+10  1.93265327e+12  9.02358350e+09
 2.17605000e+03  9.37733335e+16  3.33789335e+16  5.04899342e+10  2.70488609e+10  1.93265327e+12  9.02358350e+09
 2.17607500e+03  9.36643386e+16  3.34294586e+16  5.04312486e+10  2.70898043e+10  1.93265327e+12  9.02358350e+09
 2.17610000e+03  9.35554704e+16  3.34797687e+16  5.03726312e+10  2.71305735e+10  1.93265327e+12  9.02358350e+09
 2.17612500e+03  9.34467288e+16  3.35298645e+16  5.03140820e+10  2.71711689e+10  1.93265327e+12  9.02358350e+09
 2.17615000e+03  9.33381135e+16  3.35797463e+16  5.02556008e+10  2.72115910e+10  1.93265327e+12  9.02358350e+09
 2.17617500e+03  9.32296245e+16  3.36294148e+16  5.01971876e+10  2.72518402e+10  1.93265327e+12  9.02358350e+09
 2.17620000e+03  9.31212616e+16  3.36788704e+16  5.01388422e+10  2.72919169e+10  1.93265327e+12  9.02358350e+09
 2.17622500e+03  9.30130247e+16  3.37281137e+16  5.00805647e+10  2.73318216e+10  1.93265327e+12  9.02358350e+09
 2.17625000e+03  9.29049136e+16  3.37771451e+16  5.00223550e+10  2.73715546e+10  1.93265327e+12  9.02358350e+09
 2.17625000e+03  9.29049136e+16  0.00000000e+00  5.00223550e+10  0.00000000e+00  1.94964308e+12  9.01455992e+09
 2.17700000e+03  8.97193600e+16  3.10288621e+15  4.83071724e+10  2.51444634e+09  1.94964308e+12  9.01455992e+09
 2.17775000e+03  8.66430338e+16  5.94064760e+15  4.66508005e+10  4.81404688e+09  1.94964308e+12  9.01455992e+09
 2.17850000e+03  8.36721896e+16  8.53049501e+15  4.50512229e+10  6.91274851e+09  1.94964308e+12  9.01455992e+09
 2.17925000e+03  8.08032106e+16  1.08886337e+16  4.35064921e+10  8.82368333e+09  1.94964308e+12  9.01455992e+09
 2.18000000e+03  7.80326042e+16  1.30303193e+16  4.20147275e+10  1.05592137e+10  1.94964308e+12  9.01455992e+09
 2.18075000e+03  7.53569971e+16  1.49699100e+16  4.05741130e+10  1.21309752e+10  1.94964308e+12  9.01455992e+09
 2.18150000e+03  7.27731322e+16  1.67209173e+16  3.91828948e+10  1.35499166e+10  1.94964308e+12  9.01455992e+09
 2.18225000e+03  7.02778637e+16  1.82960523e+16  3.78393791e+10  1.48263387e+10  1.94964308e+12  9.01455992e+09
 2.18300000e+03  6.78681537e+16  1.97072710e+16  3.65419303e+10  1.59699300e+10  1.94964308e+12  9.01455992e+09
 2.18375000e+03  6.55410686e+16  2.09658164e+16  3.52889688e+10  1.69898014e+10  1.94964308e+12  9.01455992e+09
 2.18375000e+03  6.55410686e+16  0.00000000e+00  3.52889688e+10  0.00000000e+00  1.94964308e+12  9.01455992e+09
 2.18377500e+03  6.54648887e+16  7.61132200e+13  3.52479517e+10  6.16788999e+07  1.94964308e+12  9.01455992e+09
 2.18380000e+03  6.53887974e+16  1.52004862e+14  3.52069822e+10  1.23178242e+08  1.94964308e+12  9.01455992e+09
 2.18382500e+03  6.53127945e+16  2.27675416e+14  3.51660603e+10  1.84498425e+08  1.94964308e+12  9.01455992e+09
 2.18385000e+03  6.52368800e+16  3.03125372e+14  3.51251860e+10  2.45639844e+08  1.94964308e+12  9.01455992e+09
 2.18387500e+03  6.51610537e+16  3.78355218e+14  3.50843592e+10  3.06602896e+08  1.94964308e+12  9.01455992e+09
 2.18390000e+03  6.50853155e+16  4.53365442e+14  3.50435799e+10  3.67387974e+08  1.94964308e+12  9.01455992e+09
 2.18392500e+03  6.50096654e+16  5.28156529e+14  3.50028479e+10  4.27995474e+08  1.94964308e+12  9.01455992e+09
 2.18395000e+03  6.49341032e+16  6.02728966e+14  3.49621633e+10  4.88425790e+08  1.94964308e+12  9.01455992e+09
 2.18397500e+03  6.48586288e+16  6.77083237e+14  3.49215260e+10  5.48679312e+08  1.94964308e+12  9.01455992e+09
 2.18400000e+03  6.47832422e+16  7.51219825e+14  3.48809359e+10  6.08756434e+08  1.94964308e+12  9.01455992e+09
 2.18400000e+03  6.47832422e+16  7.51219825e+14  3.48809359e+10  6.08756434e+08  1.94964308e+12  9.01455992e+09
 2.18530000e+03  6.85361134e+16  4.54188632e+15  3.69015767e+10  3.68055052e+09  1.94964308e+12  9.01455992e+09
 2.18660000e+03  7.20687527e+16  8.21317504e+15  3.88036390e+10  6.65560597e+09  1.94964308e+12  9.01455992e+09
 2.18790000e+03  7.53940842e+16  1.17631242e+16  4.05940816e+10  9.53233306e+09  1.94964308e+12  9.01455992e+09
 2.18920000e+03  7.85242733e+16  1.51906675e+16  4.22794546e+10  1.23098676e+10  1.94964308e+12  9.01455992e+09
 2.19050000e+03  8.14707717e+16  1.84955131e+16  4.38659238e+10  1.49879732e+10  1.94964308e+12  9.01455992e+09
 2.19180000e+03  8.42443591e+16  2.16780369e+16  4.53592934e+10  1.75669544e+10  1.94964308e+12  9.01455992e+09
 2.19310000e+03  8.68551824e+16  2.47391863e+16  4.67650267e+10  2.00475791e+10  1.94964308e+12  9.01455992e+09
 2.19440000e+03  8.93127933e+16  2.76803955e+16  4.80882666e+10  2.24310093e+10  1.94964308e+12  9.01455992e+09
 2.19570000e+03  9.16261829e+16  3.05035090e+16  4.93338540e+10  2.47187398e+10  1.94964308e+12  9.01455992e+09
 2.19700000e+03  9.38038144e+16  3.32107153e+16  5.05063459e+10  2.69125440e+10  1.94964308e+12  9.01455992e+09
 2.19700000e+03  9.38038144e+16  3.32107153e+16  5.05063459e+10  2.69125440e+10  1.94964308e+12  9.00554536e+09
 2.19702500e+03  9.36947841e+16  3.32615699e+16  5.04476413e+10  2.69537545e+10  1.94964308e+12  9.00554536e+09
 2.19705000e+03  9.35858806e+16  3.33122090e+16  5.03890048e+10  2.69947902e+10  1.94964308e+12  9.00554536e+09
 2.19707500e+03  9.34771036e+16  3.33626331e+16  5.03304366e+10  2.70356517e+10  1.94964308e+12  9.00554536e+09
 2.19710000e+03  9.33684530e+16  3.34128427e+16  5.02719363e+10  2.70763394e+10  1.94964308e+12  9.00554536e+09
 2.19712500e+03  9.32599288e+16  3.34628383e+16  5.02135041e+10  2.71168537e+10  1.94964308e+12  9.00554536e+09
 2.19715000e+03  9.31515307e+16  3.35126204e+16  5.01551398e+10  2.71571950e+10  1.94964308e+12  9.00554536e+09
 2.19717500e+03  9.30432585e+16  3.35621896e+16  5.00968434e+10  2.71973638e+10  1.94964308e+12  9.00554536e+09
 2.19720000e+03  9.29351122e+16  3.36115463e+16  5.00386147e+10  2.72373604e+10  1.94964308e+12  9.00554536e+09
 2.19722500e+03  9.28270917e+16  3.36606912e+16  4.99804537e+10  2.72771852e+10  1.94964308e+12  9.00554536e+09
 2.19725000e+03  9.27191966e+16  3.37096246e+16  4.99223603e+10  2.73168388e+10  1.94964308e+12  9.00554536e+09
 2.19725000e+03  9.27191966e+16  0.00000000e+00  4.99223603e+10  0.00000000e+00  1.96659891e+12  8.99653981e+09
 2.19800000e+03  8.95400110e+16  3.09668354e+15  4.82106063e+10  2.50941997e+09  1.96659891e+12  8.99653981e+09
 2.19875000e+03  8.64698343e+16  5.92877225e+15  4.65575456e+10  4.80442360e+09  1.96659891e+12  8.99653981e+09
 2.19950000e+03  8.35049289e+16  8.51344255e+15  4.49611655e+10  6.89892993e+09  1.96659891e+12  8.99653981e+09
 2.20025000e+03  8.06416850e+16  1.08668674e+16  4.34195226e+10  8.80604479e+09  1.96659891e+12  8.99653981e+09
 2.20100000e+03  7.78766170e+16  1.30042717e+16  4.19307400e+10  1.05381059e+10  1.96659891e+12  8.99653981e+09
 2.20175000e+03  7.52063585e+16  1.49399852e+16  4.04930053e+10  1.21067254e+10  1.96659891e+12  8.99653981e+09
 2.20250000e+03  7.26276587e+16  1.66874922e+16  3.91045682e+10  1.35228303e+10  1.96659891e+12  8.99653981e+09
 2.20325000e+03  7.01373782e+16  1.82594785e+16  3.77637382e+10  1.47967009e+10  1.96659891e+12  8.99653981e+09
 2.20400000e+03  6.77324852e+16  1.96678762e+16  3.64688830e+10  1.59380062e+10  1.96659891e+12  8.99653981e+09
 2.20475000e+03  6.54100520e+16  2.09239057e+16  3.52184262e+10  1.69558388e+10  1.96659891e+12  8.99653981e+09
 2.20475000e+03  6.54100520e+16  0.00000000e+00  3.52184262e+10  0.00000000e+00  1.96659891e+12  8.99653981e+09
 2.20477500e+03  6.53340244e+16  7.59610696e+13  3.51774910e+10  6.15556038e+07  1.96659891e+12  8.99653981e+09
 2.20480000e+03  6.52580852e+16  1.51701004e+14  3.51366034e+10  1.22932009e+08  1.96659891e+12  8.99653981e+09
 2.20482500e+03  6.51822343e+16  2.27220293e+14  3.50957633e+10  1.84129613e+08  1.96659891e+12  8.99653981e+09
 2.20485000e+03  6.51064715e+16  3.02519425e+14  3.50549707e+10  2.45148810e+08  1.96659891e+12  8.99653981e+09
 2.20487500e+03  6.50307968e+16  3.77598886e+14  3.50142256e+10  3.05989996e+08  1.96659891e+12  8.99653981e+09
 2.20490000e+03  6.49552100e+16  4.52459164e+14  3.49735277e+10  3.66653566e+08  1.96659891e+12  8.99653981e+09
 2.20492500e+03  6.48797111e+16  5.27100744e+14  3.49328772e+10  4.27139912e+08  1.96659891e+12  8.99653981e+09
 2.20495000e+03  6.48042999e+16  6.01524111e+14  3.48922739e+10  4.87449426e+08  1.96659891e+12  8.99653981e+09
 2.20497500e+03  6.47289764e+16  6.75729747e+14  3.48517179e+10  5.47582502e+08  1.96659891e+12  8.99653981e+09
 2.20500000e+03  6.46537405e+16  7.49718136e+14  3.48112089e+10  6.07539530e+08  1.96659891e+12  8.99653981e+09
 2.20500000e+03  6.46537405e+16  7.49718136e+14  3.48112089e+10  6.07539530e+08  1.96659891e+12  8.99653981e+09
 2.20630000e+03  6.83991097e+16  4.53280709e+15  3.68278104e+10  3.67319310e+09  1.96659891e+12  8.99653981e+09
 2.20760000e+03  7.19246873e+16  8.19675690e+15  3.87260706e+10  6.64230141e+09  1.96659891e+12  8.99653981e+09
 2.20890000e+03  7.52433714e+16  1.17396098e+16  4.05129340e+10  9.51327793e+09  1.96659891e+12  8.99653981e+09
 2.21020000e+03  7.83673032e+16  1.51603013e+16  4.21949379e+10  1.22852601e+10  1.96659891e+12  8.99653981e+09
 2.21150000e+03  8.13079116e+16  1.84585405e+16  4.37782358e+10  1.49580122e+10  1.96659891e+12  8.99653981e+09
 2.21280000e+03  8.40759546e+16  2.16347025e+16  4.52686202e+10  1.75318381e+10  1.96659891e+12  8.99653981e+09
 2.21410000e+03  8.66815589e+16  2.46897327e+16  4.66715434e+10  2.00075040e+10  1.96659891e+12  8.99653981e+09
 2.21540000e+03  8.91342571e+16  2.76250624e+16  4.79921382e+10  2.23861697e+10  1.96659891e+12  8.99653981e+09
 2.21670000e+03  9.14430221e+16  3.04425325e+16  4.92352357e+10  2.46693270e+10  1.96659891e+12  8.99653981e+09
 2.21800000e+03  9.36163006e+16  3.31443271e+16  5.04053837e+10  2.68587458e+10  1.96659891e+12  8.99653981e+09
 2.21800000e+03  9.36163006e+16  3.31443271e+16  5.04053837e+10  2.68587458e+10  1.96659891e+12  8.98754327e+09
 2.21802500e+03  9.35074883e+16  3.31950801e+16  5.03467964e+10  2.68998739e+10  1.96659891e+12  8.98754327e+09
 2.21805000e+03  9.33988024e+16  3.32456179e+16  5.02882772e+10  2.69408276e+10  1.96659891e+12  8.98754327e+09
 2.21807500e+03  9.32902429e+16  3.32959412e+16  5.02298260e+10  2.69816075e+10  1.96659891e+12  8.98754327e+09
 2.21810000e+03  9.31818095e+16  3.33460504e+16  5.01714427e+10  2.70222138e+10  1.96659891e+12  8.98754327e+09
 2.21812500e+03  9.30735022e+16  3.33959461e+16  5.01131273e+10  2.70626471e+10  1.96659891e+12  8.98754327e+09
 2.21815000e+03  9.29653207e+16  3.34456287e+16  5.00548797e+10  2.71029078e+10  1.96659891e+12  8.98754327e+09
 2.21817500e+03  9.28572650e+16  3.34950987e+16  4.99966998e+10  2.71429962e+10  1.96659891e+12  8.98754327e+09
 2.21820000e+03  9.27493350e+16  3.35443568e+16  4.99385875e+10  2.71829129e+10  1.96659891e+12  8.98754327e+09
 2.21822500e+03  9.26415303e+16  3.35934034e+16  4.98805428e+10  2.72226582e+10  1.96659891e+12  8.98754327e+09
 2.21825000e+03  9.25338510e+16  3.36422391e+16  4.98225655e+10  2.72622325e+10  1.96659891e+12  8.98754327e+09
 2.21825000e+03  9.25338510e+16  0.00000000e+00  4.98225655e+10  0.00000000e+00  1.98352086e+12  8.97855573e+09
 2.21900000e+03  8.93610205e+16  3.09049327e+15  4.81142333e+10  2.50440364e+09  1.98352086e+12  8.97855573e+09
 2.21975000e+03  8.62969811e+16  5.91692063e+15  4.64644770e+10  4.79481955e+09  1.98352086e+12  8.97855573e+09
 2.22050000e+03  8.33380025e+16  8.49642418e+15  4.48712881e+10  6.88513897e+09  1.98352086e+12  8.97855573e+09
 2.22125000e+03  8.04804823e+16  1.08451445e+16  4.33327270e+10  8.78844150e+09  1.98352086e+12  8.97855573e+09
 2.22200000e+03  7.77209416e+16  1.29782761e+16  4.18469205e+10  1.05170402e+10  1.98352086e+12  8.97855573e+09
 2.22275000e+03  7.50560210e+16  1.49101201e+16  4.04120598e+10  1.20825240e+10  1.98352086e+12  8.97855573e+09
 2.22350000e+03  7.24824760e+16  1.66541339e+16  3.90263981e+10  1.34957982e+10  1.98352086e+12  8.97855573e+09
 2.22425000e+03  6.99971736e+16  1.82229778e+16  3.76882484e+10  1.47671222e+10  1.98352086e+12  8.97855573e+09
 2.22500000e+03  6.75970880e+16  1.96285601e+16  3.63959817e+10  1.59061461e+10  1.98352086e+12  8.97855573e+09
 2.22575000e+03  6.52792973e+16  2.08820788e+16  3.51480245e+10  1.69219441e+10  1.98352086e+12  8.97855573e+09
 2.22575000e+03  6.52792973e+16  0.00000000e+00  3.51480245e+10  0.00000000e+00  1.98352086e+12  8.97855573e+09
 2.22577500e+03  6.52034217e+16  7.58092235e+13  3.51071712e+10  6.14325541e+07  1.98352086e+12  8.97855573e+09
 2.22580000e+03  6.51276343e+16  1.51397754e+14  3.50663653e+10  1.22686268e+08  1.98352086e+12  8.97855573e+09
 2.22582500e+03  6.50519350e+16  2.26766080e+14  3.50256069e+10  1.83761538e+08  1.98352086e+12  8.97855573e+09
 2.22585000e+03  6.49763236e+16  3.01914688e+14  3.49848959e+10  2.44658758e+08  1.98352086e+12  8.97855573e+09
 2.22587500e+03  6.49008002e+16  3.76844066e+14  3.49442321e+10  3.05378322e+08  1.98352086e+12  8.97855573e+09
 2.22590000e+03  6.48253645e+16  4.51554698e+14  3.49036157e+10  3.65920625e+08  1.98352086e+12  8.97855573e+09
 2.22592500e+03  6.47500165e+16  5.26047070e+14  3.48630464e+10  4.26286059e+08  1.98352086e+12  8.97855573e+09
 2.22595000e+03  6.46747561e+16  6.00321664e+14  3.48225243e+10  4.86475015e+08  1.98352086e+12  8.97855573e+09
 2.22597500e+03  6.45995832e+16  6.74378963e+14  3.47820493e+10  5.46487885e+08  1.98352086e+12  8.97855573e+09
 2.22600000e+03  6.45244976e+16  7.48219450e+14  3.47416213e+10  6.06325058e+08  1.98352086e+12  8.97855573e+09
 2.22600000e+03  6.45244976e+16  7.48219450e+14  3.47416213e+10  6.06325058e+08  1.98352086e+12  8.97855573e+09
 2.22730000e+03  6.82623799e+16  4.52374601e+15  3.67541916e+10  3.66585039e+09  1.98352086e+12  8.97855573e+09
 2.22860000e+03  7.17809098e+16  8.18037159e+15  3.86486572e+10  6.62902345e+09  1.98352086e+12  8.97855573e+09
 2.22990000e+03  7.50929599e+16  1.17161423e+16  4.04319487e+10  9.49426088e+09  1.98352086e+12  8.97855573e+09
 2.23120000e+03  7.82106470e+16  1.51299959e+16  4.21105902e+10  1.22607019e+10  1.98352086e+12  8.97855573e+09
 2.23250000e+03  8.11453771e+16  1.84216419e+16  4.36907231e+10  1.49281111e+10  1.98352086e+12  8.97855573e+09
 2.23380000e+03  8.39078868e+16  2.15914547e+16  4.51781282e+10  1.74967919e+10  1.98352086e+12  8.97855573e+09
 2.23510000e+03  8.65082825e+16  2.46403779e+16  4.65782470e+10  1.99675090e+10  1.98352086e+12  8.97855573e+09
 2.23640000e+03  8.89560777e+16  2.75698399e+16  4.78962019e+10  2.23414197e+10  1.98352086e+12  8.97855573e+09
 2.23770000e+03  9.12602275e+16  3.03816779e+16  4.91368144e+10  2.46200131e+10  1.98352086e+12  8.97855573e+09
 2.23900000e+03  9.34291616e+16  3.30780715e+16  5.03046234e+10  2.68050552e+10  1.98352086e+12  8.97855573e+09
 2.23900000e+03  9.34291616e+16  3.30780715e+16  5.03046234e+10  2.68050552e+10  1.98352086e+12  8.96957717e+09
 2.23902500e+03  9.33205668e+16  3.31287231e+16  5.02461532e+10  2.68461011e+10  1.98352086e+12  8.96957717e+09
 2.23905000e+03  9.32120982e+16  3.31791599e+16  5.01877509e+10  2.68869729e+10  1.98352086e+12  8.96957717e+09
 2.23907500e+03  9.31037557e+16  3.32293826e+16  5.01294166e+10  2.69276712e+10  1.98352086e+12  8.96957717e+09
 2.23910000e+03  9.29955391e+16  3.32793917e+16  5.00711500e+10  2.69681964e+10  1.98352086e+12  8.96957717e+09
 2.23912500e+03  9.28874482e+16  3.33291876e+16  5.00129512e+10  2.70085489e+10  1.98352086e+12  8.96957717e+09
 2.23915000e+03  9.27794831e+16  3.33787708e+16  4.99548200e+10  2.70487291e+10  1.98352086e+12  8.96957717e+09
 2.23917500e+03  9.26716434e+16  3.34281420e+16  4.98967564e+10  2.70887374e+10  1.98352086e+12  8.96957717e+09
 2.23920000e+03  9.25639290e+16  3.34773017e+16  4.98387603e+10  2.71285742e+10  1.98352086e+12  8.96957717e+09
 2.23922500e+03  9.24563399e+16  3.35262502e+16  4.97808316e+10  2.71682401e+10  1.98352086e+12  8.96957717e+09
 2.23925000e+03  9.23488758e+16  3.35749882e+16  4.97229702e+10  2.72077353e+10  1.98352086e+12  8.96957717e+09
 2.23925000e+03  9.23488758e+16  0.00000000e+00  4.97229702e+10  0.00000000e+00  2.00040898e+12  8.96060760e+09
 2.24000000e+03  8.91823878e+16  3.08431537e+15  4.80180530e+10  2.49939733e+09  2.00040898e+12  8.96060760e+09
 2.24075000e+03  8.61244735e+16  5.90509271e+15  4.63715945e+10  4.78523471e+09  2.00040898e+12  8.96060760e+09
 2.24150000e+03  8.31714098e+16  8.47943983e+15  4.47815904e+10  6.87137557e+09  2.00040898e+12  8.96060760e+09
 2.24225000e+03  8.03196018e+16  1.08234650e+16  4.32461048e+10  8.77087341e+09  2.00040898e+12  8.96060760e+09
 2.24300000e+03  7.75655775e+16  1.29523325e+16  4.17632685e+10  1.04960166e+10  2.00040898e+12  8.96060760e+09
 2.24375000e+03  7.49059840e+16  1.48803148e+16  4.03312761e+10  1.20583711e+10  2.00040898e+12  8.96060760e+09
 2.24450000e+03  7.23375836e+16  1.66208423e+16  3.89483844e+10  1.34688201e+10  2.00040898e+12  8.96060760e+09
 2.24525000e+03  6.98572492e+16  1.81865501e+16  3.76129096e+10  1.47376028e+10  2.00040898e+12  8.96060760e+09
 2.24600000e+03  6.74619614e+16  1.95893226e+16  3.63232261e+10  1.58743497e+10  2.00040898e+12  8.96060760e+09
 2.24675000e+03  6.51488040e+16  2.08403356e+16  3.50777636e+10  1.68881171e+10  2.00040898e+12  8.96060760e+09
 2.24675000e+03  6.51488040e+16  0.00000000e+00  3.50777636e+10  0.00000000e+00  2.00040898e+12  8.96060760e+09
 2.24677500e+03  6.50730801e+16  7.56576808e+13  3.50369920e+10  6.13097505e+07  2.00040898e+12  8.96060760e+09
 2.24680000e+03  6.49974442e+16  1.51095110e+14  3.49962677e+10  1.22441018e+08  2.00040898e+12  8.96060760e+09
 2.24682500e+03  6.49218962e+16  2.26312774e+14  3.49555907e+10  1.83394198e+08  2.00040898e+12  8.96060760e+09
 2.24685000e+03  6.48464360e+16  3.01311161e+14  3.49149611e+10  2.44169685e+08  2.00040898e+12  8.96060760e+09
 2.24687500e+03  6.47710635e+16  3.76090755e+14  3.48743786e+10  3.04767871e+08  2.00040898e+12  8.96060760e+09
 2.24690000e+03  6.46957786e+16  4.50652040e+14  3.48338433e+10  3.65189150e+08  2.00040898e+12  8.96060760e+09
 2.24692500e+03  6.46205813e+16  5.24995502e+14  3.47933552e+10  4.25433913e+08  2.00040898e+12  8.96060760e+09
 2.24695000e+03  6.45454713e+16  5.99121621e+14  3.47529141e+10  4.85502551e+08  2.00040898e+12  8.96060760e+09
 2.24697500e+03  6.44704486e+16  6.73030880e+14  3.47125200e+10  5.45395455e+08  2.00040898e+12  8.96060760e+09
 2.24700000e+03  6.43955132e+16  7.46723759e+14  3.46721728e+10  6.05113015e+08  2.00040898e+12  8.96060760e+09
 2.24700000e+03  6.43955132e+16  7.46723759e+14  3.46721728e+10  6.05113015e+08  2.00040898e+12  8.96060760e+09
 2.24830000e+03  6.81259234e+16  4.51470304e+15  3.66807200e+10  3.65852235e+09  2.00040898e+12  8.96060760e+09
 2.24960000e+03  7.16374198e+16  8.16401902e+15  3.85713985e+10  6.61577204e+09  2.00040898e+12  8.96060760e+09
 2.25090000e+03  7.49428491e+16  1.16927217e+16  4.03511252e+10  9.47528186e+09  2.00040898e+12  8.96060760e+09
 2.25220000e+03  7.80543039e+16  1.50997510e+16  4.20264112e+10  1.22361928e+10  2.00040898e+12  8.96060760e+09
 2.25350000e+03  8.09831675e+16  1.83848170e+16  4.36033854e+10  1.48982698e+10  2.00040898e+12  8.96060760e+09
 2.25480000e+03  8.37401549e+16  2.15482934e+16  4.50878171e+10  1.74618158e+10  2.00040898e+12  8.96060760e+09
 2.25610000e+03  8.63353524e+16  2.45911218e+16  4.64851371e+10  1.99275939e+10  2.00040898e+12  8.96060760e+09
 2.25740000e+03  8.87782545e+16  2.75147278e+16  4.78004574e+10  2.22967592e+10  2.00040898e+12  8.96060760e+09
 2.25870000e+03  9.10777983e+16  3.03209449e+16  4.90385899e+10  2.45707976e+10  2.00040898e+12  8.96060760e+09
 2.26000000e+03  9.32423967e+16  3.30119485e+16  5.02040644e+10  2.67514719e+10  2.00040898e+12  8.96060760e+09
 2.26000000e+03  9.32423967e+16  3.30119485e+16  5.02040644e+10  2.67514719e+10  2.00040898e+12  8.95164699e+09
 2.26002500e+03  9.31340190e+16  3.30624988e+16  5.01457111e+10  2.67924357e+10  2.00040898e+12  8.95164699e+09
 2.26005000e+03  9.30257672e+16  3.31128348e+16  5.00874256e+10  2.68332259e+10  2.00040898e+12  8.95164699e+09
 2.26007500e+03  9.29176413e+16  3.31629571e+16  5.00292079e+10  2.68738428e+10  2.00040898e+12  8.95164699e+09
 2.26010000e+03  9.28096410e+16  3.32128662e+16  4.99710578e+10  2.69142870e+10  2.00040898e+12  8.95164699e+09
 2.26012500e+03  9.27017662e+16  3.32625625e+16  4.99129753e+10  2.69545588e+10  2.00040898e+12  8.95164699e+09
 2.26015000e+03  9.25940169e+16  3.33120467e+16  4.98549603e+10  2.69946587e+10  2.00040898e+12  8.95164699e+09
 2.26017500e+03  9.24863928e+16  3.33613192e+16  4.97970128e+10  2.70345870e+10  2.00040898e+12  8.95164699e+09
 2.26020000e+03  9.23788937e+16  3.34103805e+16  4.97391326e+10  2.70743442e+10  2.00040898e+12  8.95164699e+09
 2.26022500e+03  9.22715197e+16  3.34592312e+16  4.96813197e+10  2.71139307e+10  2.00040898e+12  8.95164699e+09
 2.26025000e+03  9.21642704e+16  3.35078718e+16  4.96235740e+10  2.71533470e+10  2.00040898e+12  8.95164699e+09
 2.26025000e+03  9.21642704e+16  0.00000000e+00  4.96235740e+10  0.00000000e+00  2.01726333e+12  8.94269534e+09
 2.26100000e+03  8.90041123e+16  3.07814982e+15  4.79220649e+10  2.49440104e+09  2.01726333e+12  8.94269534e+09
 2.26175000e+03  8.59523106e+16  5.89328843e+15  4.62788977e+10  4.77566903e+09  2.01726333e+12  8.94269534e+09
 2.26250000e+03  8.30051502e+16  8.46248943e+15  4.46920720e+10  6.85763969e+09  2.01726333e+12  8.94269534e+09
 2.26325000e+03  8.01590429e+16  1.08018289e+16  4.31596559e+10  8.75334043e+09  2.01726333e+12  8.94269534e+09
 2.26400000e+03  7.74105239e+16  1.29264408e+16  4.16797837e+10  1.04750351e+10  2.01726333e+12  8.94269534e+09
 2.26475000e+03  7.47562469e+16  1.48505691e+16  4.02506539e+10  1.20342664e+10  2.01726333e+12  8.94269534e+09
 2.26550000e+03  7.21929807e+16  1.65876172e+16  3.88705265e+10  1.34418959e+10  2.01726333e+12  8.94269534e+09
 2.26625000e+03  6.97176046e+16  1.81501952e+16  3.75377214e+10  1.47081423e+10  2.01726333e+12  8.94269534e+09
 2.26700000e+03  6.73271050e+16  1.95501636e+16  3.62506160e+10  1.58426169e+10  2.01726333e+12  8.94269534e+09
 2.26775000e+03  6.50185715e+16  2.07986757e+16  3.50076432e+10  1.68543577e+10  2.01726333e+12  8.94269534e+09
 2.26775000e+03  6.50185715e+16  0.00000000e+00  3.50076432e+10  0.00000000e+00  2.01726333e+12  8.94269534e+09
 2.26777500e+03  6.49429990e+16  7.55064411e+13  3.49669530e+10  6.11871923e+07  2.01726333e+12  8.94269534e+09
 2.26780000e+03  6.48675143e+16  1.50793071e+14  3.49263101e+10  1.22196259e+08  2.01726333e+12  8.94269534e+09
 2.26782500e+03  6.47921173e+16  2.25860375e+14  3.48857145e+10  1.83027593e+08  2.01726333e+12  8.94269534e+09
 2.26785000e+03  6.47168079e+16  3.00708840e+14  3.48451660e+10  2.43681590e+08  2.01726333e+12  8.94269534e+09
 2.26787500e+03  6.46415861e+16  3.75338949e+14  3.48046647e+10  3.04158640e+08  2.01726333e+12  8.94269534e+09
 2.26790000e+03  6.45664518e+16  4.49751187e+14  3.47642105e+10  3.64459137e+08  2.01726333e+12  8.94269534e+09
 2.26792500e+03  6.44914047e+16  5.23946036e+14  3.47238032e+10  4.24583471e+08  2.01726333e+12  8.94269534e+09
 2.26795000e+03  6.44164449e+16  5.97923977e+14  3.46834430e+10  4.84532032e+08  2.01726333e+12  8.94269534e+09
 2.26797500e+03  6.43415722e+16  6.71685491e+14  3.46431296e+10  5.44305210e+08  2.01726333e+12  8.94269534e+09
 2.26800000e+03  6.42667865e+16  7.45231058e+14  3.46028631e+10  6.03903394e+08  2.01726333e+12  8.94269534e+09
 2.26800000e+03  6.42667865e+16  7.45231058e+14  3.46028631e+10  6.03903394e+08  2.01726333e+12  8.94269534e+09
 2.26930000e+03  6.79897397e+16  4.50567815e+15  3.66073953e+10  3.65120897e+09  2.01726333e+12  8.94269534e+09
 2.27060000e+03  7.14942166e+16  8.14769915e+15  3.84942943e+10  6.60254711e+09  2.01726333e+12  8.94269534e+09
 2.27190000e+03  7.47930383e+16  1.16693480e+16  4.02704633e+10  9.45634077e+09  2.01726333e+12  8.94269534e+09
 2.27320000e+03  7.78982734e+16  1.50695666e+16  4.19424004e+10  1.22117326e+10  2.01726333e+12  8.94269534e+09
 2.27450000e+03  8.08212821e+16  1.83480658e+16  4.35162222e+10  1.48684882e+10  2.01726333e+12  8.94269534e+09
 2.27580000e+03  8.35727583e+16  2.15052183e+16  4.49976866e+10  1.74269097e+10  2.01726333e+12  8.94269534e+09
 2.27710000e+03  8.61627680e+16  2.45419642e+16  4.63922133e+10  1.98877587e+10  2.01726333e+12  8.94269534e+09
 2.27840000e+03  8.86007868e+16  2.74597258e+16  4.77049042e+10  2.22521880e+10  2.01726333e+12  8.94269534e+09
 2.27970000e+03  9.08957338e+16  3.02603333e+16  4.89405618e+10  2.45216806e+10  2.01726333e+12  8.94269534e+09
 2.28100000e+03  9.30560052e+16  3.29459576e+16  5.01037065e+10  2.66979957e+10  2.01726333e+12  8.94269534e+09
 2.28100000e+03  9.30560052e+16  3.29459576e+16  5.01037065e+10  2.66979957e+10  2.01726333e+12  8.93375265e+09
 2.28102500e+03  9.29478441e+16  3.29964068e+16  5.00454698e+10  2.67388776e+10  2.01726333e+12  8.93375265e+09
 2.28105000e+03  9.28398087e+16  3.30466422e+16  4.99873009e+10  2.67795863e+10  2.01726333e+12  8.93375265e+09
 2.28107500e+03  9.27318989e+16  3.30966643e+16  4.99291995e+10  2.68201220e+10  2.01726333e+12  8.93375265e+09
 2.28110000e+03  9.26241145e+16  3.31464736e+16  4.98711657e+10  2.68604853e+10  2.01726333e+12  8.93375265e+09
 2.28112500e+03  9.25164554e+16  3.31960707e+16  4.98131993e+10  2.69006766e+10  2.01726333e+12  8.93375265e+09
 2.28115000e+03  9.24089214e+16  3.32454559e+16  4.97553003e+10  2.69406963e+10  2.01726333e+12  8.93375265e+09
 2.28117500e+03  9.23015125e+16  3.32946299e+16  4.96974686e+10  2.69805449e+10  2.01726333e+12  8.93375265e+09
 2.28120000e+03  9.21942283e+16  3.33435932e+16  4.96397041e+10  2.70202226e+10  2.01726333e+12  8.93375265e+09
 2.28122500e+03  9.20870689e+16  3.33923462e+16  4.95820067e+10  2.70597300e+10  2.01726333e+12  8.93375265e+09
 2.28125000e+03  9.19800340e+16  3.34408896e+16  4.95243764e+10  2.70990675e+10  2.01726333e+12  8.93375265e+09
 2.28125000e+03  9.19800340e+16  0.00000000e+00  4.95243764e+10  0.00000000e+00  2.03408400e+12  8.92481890e+09
 2.28200000e+03  8.88261930e+16  3.07199660e+15  4.78262687e+10  2.48941473e+09  2.03408400e+12  8.92481890e+09
 2.28275000e+03  8.57804920e+16  5.88150774e+15  4.61863862e+10  4.76612246e+09  2.03408400e+12  8.92481890e+09
 2.28350000e+03  8.28392229e+16  8.44557291e+15  4.46027326e+10  6.84393127e+09  2.03408400e+12  8.92481890e+09
 2.28425000e+03  7.99988050e+16  1.07802361e+16  4.30733797e+10  8.73584250e+09  2.03408400e+12  8.92481890e+09
 2.28500000e+03  7.72557802e+16  1.29006009e+16  4.15964658e+10  1.04540955e+10  2.03408400e+12  8.92481890e+09
 2.28575000e+03  7.46068092e+16  1.48208828e+16  4.01701928e+10  1.20102099e+10  2.03408400e+12  8.92481890e+09
 2.28650000e+03  7.20486670e+16  1.65544585e+16  3.87928244e+10  1.34150256e+10  2.03408400e+12  8.92481890e+09
 2.28725000e+03  6.95782391e+16  1.81139129e+16  3.74626835e+10  1.46787407e+10  2.03408400e+12  8.92481890e+09
 2.28800000e+03  6.71925181e+16  1.95110828e+16  3.61781510e+10  1.58109475e+10  2.03408400e+12  8.92481890e+09
 2.28875000e+03  6.48885994e+16  2.07570992e+16  3.49376629e+10  1.68206659e+10  2.03408400e+12  8.92481890e+09
 2.28875000e+03  6.48885994e+16  0.00000000e+00  3.49376629e+10  0.00000000e+00  2.03408400e+12  8.92481890e+09
 2.28877500e+03  6.48131779e+16  7.53555038e+13  3.48970541e+10  6.10648791e+07  2.03408400e+12  8.92481890e+09
 2.28880000e+03  6.47378441e+16  1.50491635e+14  3.48564924e+10  1.21951988e+08  2.03408400e+12  8.92481890e+09
 2.28882500e+03  6.46625978e+16  2.25408880e+14  3.48159780e+10  1.82661721e+08  2.03408400e+12  8.92481890e+09
 2.28885000e+03  6.45874390e+16  3.00107723e+14  3.47755106e+10  2.43194470e+08  2.03408400e+12  8.92481890e+09
 2.28887500e+03  6.45123676e+16  3.74588647e+14  3.47350902e+10  3.03550627e+08  2.03408400e+12  8.92481890e+09
 2.28890000e+03  6.44373834e+16  4.48852134e+14  3.46947168e+10  3.63730583e+08  2.03408400e+12  8.92481890e+09
 2.28892500e+03  6.43624864e+16  5.22898668e+14  3.46543904e+10  4.23734728e+08  2.03408400e+12  8.92481890e+09
 2.28895000e+03  6.42876764e+16  5.96728727e+14  3.46141108e+10  4.83563452e+08  2.03408400e+12  8.92481890e+09
 2.28897500e+03  6.42129534e+16  6.70342792e+14  3.45738780e+10  5.43217144e+08  2.03408400e+12  8.92481890e+09
 2.28900000e+03  6.41383172e+16  7.43741341e+14  3.45336920e+10  6.02696191e+08  2.03408400e+12  8.92481890e+09
 2.28900000e+03  6.41383172e+16  7.43741341e+14  3.45336920e+10  6.02696191e+08  2.03408400e+12  8.92481890e+09
 2.29030000e+03  6.78538282e+16  4.49667129e+15  3.65342171e+10  3.64391020e+09  2.03408400e+12  8.92481890e+09
 2.29160000e+03  7.13512997e+16  8.13141190e+15  3.84173442e+10  6.58934862e+09  2.03408400e+12  8.92481890e+09
 2.29290000e+03  7.46435270e+16  1.16460209e+16  4.01899626e+10  9.43743754e+09  2.03408400e+12  8.92481890e+09
 2.29420000e+03  7.77425547e+16  1.50394425e+16  4.18585575e+10  1.21873214e+10  2.03408400e+12  8.92481890e+09
 2.29550000e+03  8.06597204e+16  1.83113880e+16  4.34292333e+10  1.48387661e+10  2.03408400e+12  8.92481890e+09
 2.29680000e+03  8.34056964e+16  2.14622294e+16  4.49077362e+10  1.73920733e+10  2.03408400e+12  8.92481890e+09
 2.29810000e+03  8.59905287e+16  2.44929048e+16  4.62994753e+10  1.98480031e+10  2.03408400e+12  8.92481890e+09
 2.29940000e+03  8.84236738e+16  2.74048338e+16  4.76095421e+10  2.22077059e+10  2.03408400e+12  8.92481890e+09
 2.30070000e+03  9.07140332e+16  3.01998429e+16  4.88427296e+10  2.44726618e+10  2.03408400e+12  8.92481890e+09
 2.30200000e+03  9.28699862e+16  3.28800986e+16  5.00035492e+10  2.66446264e+10  2.03408400e+12  8.92481890e+09
 2.30200000e+03  9.28699862e+16  3.28800986e+16  5.00035492e+10  2.66446264e+10  2.03408400e+12  8.91589408e+09
 2.30202500e+03  9.27620413e+16  3.29304470e+16  4.99454290e+10  2.66854266e+10  2.03408400e+12  8.91589408e+09
 2.30205000e+03  9.26542219e+16  3.29805820e+16  4.98873763e+10  2.67260539e+10  2.03408400e+12  8.91589408e+09
 2.30207500e+03  9.25465278e+16  3.30305041e+16  4.98293910e+10  2.67665086e+10  2.03408400e+12  8.91589408e+09
 2.30210000e+03  9.24389589e+16  3.30802138e+16  4.97714732e+10  2.68067912e+10  2.03408400e+12  8.91589408e+09
 2.30212500e+03  9.23315150e+16  3.31297117e+16  4.97136227e+10  2.68469022e+10  2.03408400e+12  8.91589408e+09
 2.30215000e+03  9.22241960e+16  3.31789982e+16  4.96558394e+10  2.68868419e+10  2.03408400e+12  8.91589408e+09
 2.30217500e+03  9.21170017e+16  3.32280739e+16  4.95981233e+10  2.69266108e+10  2.03408400e+12  8.91589408e+09
 2.30220000e+03  9.20099321e+16  3.32769393e+16  4.95404743e+10  2.69662092e+10  2.03408400e+12  8.91589408e+09
 2.30222500e+03  9.19029868e+16  3.33255949e+16  4.94828923e+10  2.70056376e+10  2.03408400e+12  8.91589408e+09
 2.30225000e+03  9.17961659e+16  3.33740413e+16  4.94253772e+10  2.70448964e+10  2.03408400e+12  8.91589408e+09
 2.30225000e+03  9.17961659e+16  0.00000000e+00  4.94253772e+10  0.00000000e+00  2.05087104e+12  8.90697818e+09
 2.30300000e+03  8.86486295e+16  3.06585568e+15  4.77306640e+10  2.48443839e+09  2.05087104e+12  8.90697818e+09
 2.30375000e+03  8.56090168e+16  5.86975061e+15  4.60940596e+10  4.75659498e+09  2.05087104e+12  8.90697818e+09
 2.30450000e+03  8.26736273e+16  8.42869021e+15  4.45135717e+10  6.83025025e+09  2.05087104e+12  8.90697818e+09
 2.30525000e+03  7.98388874e+16  1.07586864e+16  4.29872760e+10  8.71837956e+09  2.05087104e+12  8.90697818e+09
 2.30600000e+03  7.71013459e+16  1.28748126e+16  4.15133145e+10  1.04331978e+10  2.05087104e+12  8.90697818e+09
 2.30675000e+03  7.44576702e+16  1.47912558e+16  4.00898926e+10  1.19862015e+10  2.05087104e+12  8.90697818e+09
 2.30750000e+03  7.19046417e+16  1.65213662e+16  3.87152775e+10  1.33882089e+10  2.05087104e+12  8.90697818e+09
 2.30825000e+03  6.94391522e+16  1.80777032e+16  3.73877956e+10  1.46493979e+10  2.05087104e+12  8.90697818e+09
 2.30900000e+03  6.70582002e+16  1.94720802e+16  3.61058309e+10  1.57793414e+10  2.05087104e+12  8.90697818e+09
 2.30975000e+03  6.47588871e+16  2.07156057e+16  3.48678225e+10  1.67870414e+10  2.05087104e+12  8.90697818e+09
 2.30975000e+03  6.47588871e+16  0.00000000e+00  3.48678225e+10  0.00000000e+00  2.05087104e+12  8.90697818e+09
 2.30977500e+03  6.46836164e+16  7.52048681e+13  3.48272949e+10  6.09428104e+07  2.05087104e+12  8.90697818e+09
 2.30980000e+03  6.46084332e+16  1.50190803e+14  3.47868143e+10  1.21708206e+08  2.05087104e+12  8.90697818e+09
 2.30982500e+03  6.45333373e+16  2.24958288e+14  3.47463808e+10  1.82296580e+08  2.05087104e+12  8.90697818e+09
 2.30985000e+03  6.44583288e+16  2.99507807e+14  3.47059943e+10  2.42708324e+08  2.05087104e+12  8.90697818e+09
 2.30987500e+03  6.43834074e+16  3.73839844e+14  3.46656548e+10  3.02943829e+08  2.05087104e+12  8.90697818e+09
 2.30990000e+03  6.43085731e+16  4.47954879e+14  3.46253621e+10  3.63003486e+08  2.05087104e+12  8.90697818e+09
 2.30992500e+03  6.42338258e+16  5.21853393e+14  3.45851162e+10  4.22887683e+08  2.05087104e+12  8.90697818e+09
 2.30995000e+03  6.41591654e+16  5.95535866e+14  3.45449172e+10  4.82596809e+08  2.05087104e+12  8.90697818e+09
 2.30997500e+03  6.40845917e+16  6.69002777e+14  3.45047648e+10  5.42131253e+08  2.05087104e+12  8.90697818e+09
 2.31000000e+03  6.40101047e+16  7.42254602e+14  3.44646592e+10  6.01491401e+08  2.05087104e+12  8.90697818e+09
 2.31000000e+03  6.40101047e+16  7.42254602e+14  3.44646592e+10  6.01491401e+08  2.05087104e+12  8.90697818e+09
 2.31130000e+03  6.77181884e+16  4.48768245e+15  3.64611852e+10  3.63662603e+09  2.05087104e+12  8.90697818e+09
 2.31260000e+03  7.12086684e+16  8.11515721e+15  3.83405479e+10  6.57617651e+09  2.05087104e+12  8.90697818e+09
 2.31390000e+03  7.44943146e+16  1.16227405e+16  4.01096229e+10  9.41857210e+09  2.05087104e+12  8.90697818e+09
 2.31520000e+03  7.75871473e+16  1.50093787e+16  4.17748823e+10  1.21629589e+10  2.05087104e+12  8.90697818e+09
 2.31650000e+03  8.04984816e+16  1.82747835e+16  4.33424183e+10  1.48091034e+10  2.05087104e+12  8.90697818e+09
 2.31780000e+03  8.32389684e+16  2.14193264e+16  4.48179656e+10  1.73573065e+10  2.05087104e+12  8.90697818e+09
 2.31910000e+03  8.58186336e+16  2.44439435e+16  4.62069226e+10  1.98083269e+10  2.05087104e+12  8.90697818e+09
 2.32040000e+03  8.82469149e+16  2.73500516e+16  4.75143707e+10  2.21633127e+10  2.05087104e+12  8.90697818e+09
 2.32170000e+03  9.05326959e+16  3.01394734e+16  4.87450930e+10  2.44237409e+10  2.05087104e+12  8.90697818e+09
 2.32300000e+03  9.26843391e+16  3.28143713e+16  4.99035921e+10  2.65913638e+10  2.05087104e+12  8.90697818e+09
 2.32300000e+03  9.26843391e+16  3.28143713e+16  4.99035921e+10  2.65913638e+10  2.05087104e+12  8.89807120e+09
 2.32302500e+03  9.25766100e+16  3.28646191e+16  4.98455880e+10  2.66320824e+10  2.05087104e+12  8.89807120e+09
 2.32305000e+03  9.24690061e+16  3.29146538e+16  4.97876514e+10  2.66726285e+10  2.05087104e+12  8.89807120e+09
 2.32307500e+03  9.23615273e+16  3.29644761e+16  4.97297821e+10  2.67130023e+10  2.05087104e+12  8.89807120e+09
 2.32310000e+03  9.22541734e+16  3.30140865e+16  4.96719800e+10  2.67532045e+10  2.05087104e+12  8.89807120e+09
 2.32312500e+03  9.21469443e+16  3.30634854e+16  4.96142452e+10  2.67932352e+10  2.05087104e+12  8.89807120e+09
 2.32315000e+03  9.20398398e+16  3.31126734e+16  4.95565774e+10  2.68330951e+10  2.05087104e+12  8.89807120e+09
 2.32317500e+03  9.19328599e+16  3.31616510e+16  4.94989767e+10  2.68727845e+10  2.05087104e+12  8.89807120e+09
 2.32320000e+03  9.18260042e+16  3.32104187e+16  4.94414429e+10  2.69123037e+10  2.05087104e+12  8.89807120e+09
 2.32322500e+03  9.17192728e+16  3.32589771e+16  4.93839760e+10  2.69516533e+10  2.05087104e+12  8.89807120e+09
 2.32325000e+03  9.16126654e+16  3.33073265e+16  4.93265759e+10  2.69908337e+10  2.05087104e+12  8.89807120e+09
 2.32325000e+03  9.16126654e+16  0.00000000e+00  4.93265759e+10  0.00000000e+00  2.06762452e+12  8.88917313e+09
 2.32400000e+03  8.84714209e+16  3.05972704e+15  4.76352504e+10  2.47947200e+09  2.06762452e+12  8.88917313e+09
 2.32475000e+03  8.54378843e+16  5.85801698e+15  4.60019176e+10  4.74708655e+09  2.06762452e+12  8.88917313e+09
 2.32550000e+03  8.25083627e+16  8.41184126e+15  4.44245891e+10  6.81659658e+09  2.06762452e+12  8.88917313e+09
 2.32625000e+03  7.96792894e+16  1.07371798e+16  4.29013445e+10  8.70095151e+09  2.06762452e+12  8.88917313e+09
 2.32700000e+03  7.69472203e+16  1.28490758e+16  4.14303294e+10  1.04123418e+10  2.06762452e+12  8.88917313e+09
 2.32775000e+03  7.43088293e+16  1.47616881e+16  4.00097529e+10  1.19622410e+10  2.06762452e+12  8.88917313e+09
 2.32850000e+03  7.17609043e+16  1.64883400e+16  3.86378857e+10  1.33614459e+10  2.06762452e+12  8.88917313e+09
 2.32925000e+03  6.93003433e+16  1.80415659e+16  3.73130574e+10  1.46201138e+10  2.06762452e+12  8.88917313e+09
 2.33000000e+03  6.69241509e+16  1.94331555e+16  3.60336553e+10  1.57477985e+10  2.06762452e+12  8.88917313e+09
 2.33075000e+03  6.46294341e+16  2.06741952e+16  3.47981218e+10  1.67534841e+10  2.06762452e+12  8.88917313e+09
 2.33075000e+03  6.46294341e+16  0.00000000e+00  3.47981218e+10  0.00000000e+00  2.06762452e+12  8.88917313e+09
 2.33077500e+03  6.45543138e+16  7.50545336e+13  3.47576751e+10  6.08209857e+07  2.06762452e+12  8.88917313e+09
 2.33080000e+03  6.44792809e+16  1.49890571e+14  3.47172755e+10  1.21464912e+08  2.06762452e+12  8.88917313e+09
 2.33082500e+03  6.44043352e+16  2.24508596e+14  3.46769228e+10  1.81932169e+08  2.06762452e+12  8.88917313e+09
 2.33085000e+03  6.43294766e+16  2.98909091e+14  3.46366170e+10  2.42223150e+08  2.06762452e+12  8.88917313e+09
 2.33087500e+03  6.42547049e+16  3.73092538e+14  3.45963581e+10  3.02338245e+08  2.06762452e+12  8.88917313e+09
 2.33090000e+03  6.41800203e+16  4.47059417e+14  3.45561460e+10  3.62277842e+08  2.06762452e+12  8.88917313e+09
 2.33092500e+03  6.41054224e+16  5.20810208e+14  3.45159806e+10  4.22042330e+08  2.06762452e+12  8.88917313e+09
 2.33095000e+03  6.40309112e+16  5.94345390e+14  3.44758619e+10  4.81632098e+08  2.06762452e+12  8.88917313e+09
 2.33097500e+03  6.39564866e+16  6.67665440e+14  3.44357898e+10  5.41047532e+08  2.06762452e+12  8.88917313e+09
 2.33100000e+03  6.38821485e+16  7.40770835e+14  3.43957643e+10  6.00289020e+08  2.06762452e+12  8.88917313e+09
 2.33100000e+03  6.38821485e+16  7.40770835e+14  3.43957643e+10  6.00289020e+08  2.06762452e+12  8.88917313e+09
 2.33230000e+03  6.75828197e+16  4.47871157e+15  3.63882993e+10  3.62935641e+09  2.06762452e+12  8.88917313e+09
 2.33360000e+03  7.10663223e+16  8.09893501e+15  3.82639051e+10  6.56303073e+09  2.06762452e+12  8.88917313e+09
 2.33490000e+03  7.43454005e+16  1.15995067e+16  4.00294438e+10  9.39974438e+09  2.06762452e+12  8.88917313e+09
 2.33620000e+03  7.74320506e+16  1.49793749e+16  4.16913743e+10  1.21386451e+10  2.06762452e+12  8.88917313e+09
 2.33750000e+03  8.03375652e+16  1.82382523e+16  4.32557768e+10  1.47795000e+10  2.06762452e+12  8.88917313e+09
 2.33880000e+03  8.30725737e+16  2.13765092e+16  4.47283745e+10  1.73226093e+10  2.06762452e+12  8.88917313e+09
 2.34010000e+03  8.56470822e+16  2.43950800e+16  4.61145550e+10  1.97687301e+10  2.06762452e+12  8.88917313e+09
 2.34140000e+03  8.80705093e+16  2.72953788e+16  4.74193894e+10  2.21190082e+10  2.06762452e+12  8.88917313e+09
 2.34270000e+03  9.03517210e+16  3.00792246e+16  4.86476515e+10  2.43749179e+10  2.06762452e+12  8.88917313e+09
 2.34400000e+03  9.24990631e+16  3.27487754e+16  4.98038348e+10  2.65382077e+10  2.06762452e+12  8.88917313e+09
 2.34400000e+03  9.24990631e+16  3.27487754e+16  4.98038348e+10  2.65382077e+10  2.06762452e+12  8.88028396e+09
 2.34402500e+03  9.23915494e+16  3.27989227e+16  4.97459467e+10  2.65788449e+10  2.06762452e+12  8.88028396e+09
 2.34405000e+03  9.22841606e+16  3.28488574e+16  4.96881259e+10  2.66193099e+10  2.06762452e+12  8.88028396e+09
 2.34407500e+03  9.21768966e+16  3.28985801e+16  4.96303722e+10  2.66596031e+10  2.06762452e+12  8.88028396e+09
 2.34410000e+03  9.20697573e+16  3.29480913e+16  4.95726857e+10  2.66997248e+10  2.06762452e+12  8.88028396e+09
 2.34412500e+03  9.19627426e+16  3.29973915e+16  4.95150663e+10  2.67396756e+10  2.06762452e+12  8.88028396e+09
 2.34415000e+03  9.18558522e+16  3.30464812e+16  4.94575138e+10  2.67794557e+10  2.06762452e+12  8.88028396e+09
 2.34417500e+03  9.17490861e+16  3.30953609e+16  4.94000282e+10  2.68190658e+10  2.06762452e+12  8.88028396e+09
 2.34420000e+03  9.16424440e+16  3.31440311e+16  4.93426094e+10  2.68585060e+10  2.06762452e+12  8.88028396e+09
 2.34422500e+03  9.15359259e+16  3.31924924e+16  4.92852574e+10  2.68977770e+10  2.06762452e+12  8.88028396e+09
 2.34425000e+03  9.14295317e+16  3.32407452e+16  4.92279720e+10  2.69368790e+10  2.06762452e+12  8.88028396e+09
 2.34425000e+03  9.14295317e+16  0.00000000e+00  4.92279720e+10  0.00000000e+00  2.08434452e+12  8.87140368e+09
 2.34500000e+03  8.82945665e+16  3.05361064e+15  4.75400275e+10  2.47451553e+09  2.08434452e+12  8.87140368e+09
 2.34575000e+03  8.52670940e+16  5.84630680e+15  4.59099598e+10  4.73759713e+09  2.08434452e+12  8.87140368e+09
 2.34650000e+03  8.23434285e+16  8.39502599e+15  4.43357843e+10  6.80297021e+09  2.08434452e+12  8.87140368e+09
 2.34725000e+03  7.95200105e+16  1.07157162e+16  4.28155847e+10  8.68355831e+09  2.08434452e+12  8.87140368e+09
 2.34800000e+03  7.67934029e+16  1.28233905e+16  4.13475102e+10  1.03915275e+10  2.08434452e+12  8.87140368e+09
 2.34875000e+03  7.41602860e+16  1.47321795e+16  3.99297734e+10  1.19383285e+10  2.08434452e+12  8.87140368e+09
 2.34950000e+03  7.16174542e+16  1.64553798e+16  3.85606485e+10  1.33347364e+10  2.08434452e+12  8.87140368e+09
 2.35025000e+03  6.91618119e+16  1.80055008e+16  3.72384686e+10  1.45908882e+10  2.08434452e+12  8.87140368e+09
 2.35100000e+03  6.67903695e+16  1.93943086e+16  3.59616240e+10  1.57163186e+10  2.08434452e+12  8.87140368e+09
 2.35175000e+03  6.45002398e+16  2.06328675e+16  3.47285603e+10  1.67199939e+10  2.08434452e+12  8.87140368e+09
 2.35175000e+03  6.45002398e+16  0.00000000e+00  3.47285603e+10  0.00000000e+00  2.08434452e+12  8.87140368e+09
 2.35177500e+03  6.44252698e+16  7.49044996e+13  3.46881945e+10  6.06994046e+07  2.08434452e+12  8.87140368e+09
 2.35180000e+03  6.43503868e+16  1.49590940e+14  3.46478756e+10  1.21222103e+08  2.08434452e+12  8.87140368e+09
 2.35182500e+03  6.42755909e+16  2.24059804e+14  3.46076036e+10  1.81568487e+08  2.08434452e+12  8.87140368e+09
 2.35185000e+03  6.42008819e+16  2.98311572e+14  3.45673784e+10  2.41738946e+08  2.08434452e+12  8.87140368e+09
 2.35187500e+03  6.41262598e+16  3.72346726e+14  3.45272000e+10  3.01733870e+08  2.08434452e+12  8.87140368e+09
 2.35190000e+03  6.40517244e+16  4.46165745e+14  3.44870682e+10  3.61553648e+08  2.08434452e+12  8.87140368e+09
 2.35192500e+03  6.39772756e+16  5.19769109e+14  3.44469831e+10  4.21198667e+08  2.08434452e+12  8.87140368e+09
 2.35195000e+03  6.39029134e+16  5.93157293e+14  3.44069446e+10  4.80669315e+08  2.08434452e+12  8.87140368e+09
 2.35197500e+03  6.38286376e+16  6.66330777e+14  3.43669527e+10  5.39965978e+08  2.08434452e+12  8.87140368e+09
 2.35200000e+03  6.37544481e+16  7.39290034e+14  3.43270072e+10  5.99089042e+08  2.08434452e+12  8.87140368e+09
 2.35200000e+03  6.37544481e+16  7.39290034e+14  3.43270072e+10  5.99089042e+08  2.08434452e+12  8.87140368e+09
 2.35330000e+03  6.74477217e+16  4.46975863e+15  3.63155591e+10  3.62210133e+09  2.08434452e+12  8.87140368e+09
 2.35460000e+03  7.09242607e+16  8.08274524e+15  3.81874156e+10  6.54991123e+09  2.08434452e+12  8.87140368e+09
 2.35590000e+03  7.41967840e+16  1.15763193e+16  3.99494249e+10  9.38095429e+09  2.08434452e+12  8.87140368e+09
 2.35720000e+03  7.72772640e+16  1.49494312e+16  4.16080332e+10  1.21143800e+10  2.08434452e+12  8.87140368e+09
 2.35850000e+03  8.01769704e+16  1.82017940e+16  4.31693085e+10  1.47499558e+10  2.08434452e+12  8.87140368e+09
 2.35980000e+03  8.29065116e+16  2.13337775e+16  4.46389625e+10  1.72879814e+10  2.08434452e+12  8.87140368e+09
 2.36110000e+03  8.54758736e+16  2.43463143e+16  4.60223720e+10  1.97292124e+10  2.08434452e+12  8.87140368e+09
 2.36240000e+03  8.78944563e+16  2.72408154e+16  4.73245981e+10  2.20747923e+10  2.08434452e+12  8.87140368e+09
 2.36370000e+03  9.01711079e+16  3.00190963e+16  4.85504049e+10  2.43261924e+10  2.08434452e+12  8.87140368e+09
 2.36500000e+03  9.23141575e+16  3.26833106e+16  4.97042770e+10  2.64851578e+10  2.08434452e+12  8.87140368e+09
 2.36500000e+03  9.23141575e+16  3.26833106e+16  4.97042770e+10  2.64851578e+10  2.08434452e+12  8.86253227e+09
 2.36502500e+03  9.22068587e+16  3.27333576e+16  4.96465046e+10  2.65257138e+10  2.08434452e+12  8.86253227e+09
 2.36505000e+03  9.20996846e+16  3.27831926e+16  4.95887993e+10  2.65660979e+10  2.08434452e+12  8.86253227e+09
 2.36507500e+03  9.19926350e+16  3.28328159e+16  4.95311611e+10  2.66063105e+10  2.08434452e+12  8.86253227e+09
 2.36510000e+03  9.18857099e+16  3.28822281e+16  4.94735899e+10  2.66463521e+10  2.08434452e+12  8.86253227e+09
 2.36512500e+03  9.17789091e+16  3.29314297e+16  4.94160857e+10  2.66862229e+10  2.08434452e+12  8.86253227e+09
 2.36515000e+03  9.16722323e+16  3.29804213e+16  4.93586482e+10  2.67259236e+10  2.08434452e+12  8.86253227e+09
 2.36517500e+03  9.15656796e+16  3.30292033e+16  4.93012776e+10  2.67654544e+10  2.08434452e+12  8.86253227e+09
 2.36520000e+03  9.14592508e+16  3.30777762e+16  4.92439736e+10  2.68048159e+10  2.08434452e+12  8.86253227e+09
 2.36522500e+03  9.13529456e+16  3.31261406e+16  4.91867362e+10  2.68440083e+10  2.08434452e+12  8.86253227e+09
 2.36525000e+03  9.12467640e+16  3.31742970e+16  4.91295653e+10  2.68830322e+10  2.08434452e+12  8.86253227e+09
 2.36525000e+03  9.12467640e+16  0.00000000e+00  4.91295653e+10  0.00000000e+00  2.10103109e+12  8.85366974e+09
 2.36600000e+03  8.81180657e+16  3.04750647e+15  4.74449950e+10  2.46956898e+09  2.10103109e+12  8.85366974e+09
 2.36675000e+03  8.50966451e+16  5.83462004e+15  4.58181858e+10  4.72812667e+09  2.10103109e+12  8.85366974e+09
 2.36750000e+03  8.21788240e+16  8.37824433e+15  4.42471571e+10  6.78937107e+09  2.10103109e+12  8.85366974e+09
 2.36825000e+03  7.93610500e+16  1.06942954e+16  4.27299963e+10  8.66619988e+09  2.10103109e+12  8.85366974e+09
 2.36900000e+03  7.66398928e+16  1.27977566e+16  4.12648565e+10  1.03707549e+10  2.10103109e+12  8.85366974e+09
 2.36975000e+03  7.40120396e+16  1.47027299e+16  3.98499538e+10  1.19144638e+10  2.10103109e+12  8.85366974e+09
 2.37050000e+03  7.14742910e+16  1.64224855e+16  3.84835658e+10  1.33080802e+10  2.10103109e+12  8.85366974e+09
 2.37125000e+03  6.90235575e+16  1.79695078e+16  3.71640289e+10  1.45617210e+10  2.10103109e+12  8.85366974e+09
 2.37200000e+03  6.66568556e+16  1.93555394e+16  3.58897367e+10  1.56849017e+10  2.10103109e+12  8.85366974e+09
 2.37275000e+03  6.43713039e+16  2.05916224e+16  3.46591379e+10  1.66865706e+10  2.10103109e+12  8.85366974e+09
 2.37275000e+03  6.43713039e+16  0.00000000e+00  3.46591379e+10  0.00000000e+00  2.10103109e+12  8.85366974e+09
 2.37277500e+03  6.42964836e+16  7.47547655e+13  3.46188528e+10  6.05780664e+07  2.10103109e+12  8.85366974e+09
 2.37280000e+03  6.42217504e+16  1.49291908e+14  3.45786145e+10  1.20979780e+08  2.10103109e+12  8.85366974e+09
 2.37282500e+03  6.41471040e+16  2.23611908e+14  3.45384230e+10  1.81205532e+08  2.10103109e+12  8.85366974e+09
 2.37285000e+03  6.40725444e+16  2.97715247e+14  3.44982782e+10  2.41255710e+08  2.10103109e+12  8.85366974e+09
 2.37287500e+03  6.39980714e+16  3.71602405e+14  3.44581801e+10  3.01130704e+08  2.10103109e+12  8.85366974e+09
 2.37290000e+03  6.39236850e+16  4.45273860e+14  3.44181286e+10  3.60830902e+08  2.10103109e+12  8.85366974e+09
 2.37292500e+03  6.38493851e+16  5.18730090e+14  3.43781236e+10  4.20356691e+08  2.10103109e+12  8.85366974e+09
 2.37295000e+03  6.37751715e+16  5.91971572e+14  3.43381652e+10  4.79708457e+08  2.10103109e+12  8.85366974e+09
 2.37297500e+03  6.37010441e+16  6.64998782e+14  3.42982531e+10  5.38886586e+08  2.10103109e+12  8.85366974e+09
 2.37300000e+03  6.36270030e+16  7.37812194e+14  3.42583875e+10  5.97891463e+08  2.10103109e+12  8.85366974e+09
 2.37300000e+03  6.36270030e+16  7.37812194e+14  3.42583875e+10  5.97891463e+08  2.10103109e+12  8.85366974e+09
 2.37430000e+03  6.73128937e+16  4.46082358e+15  3.62429642e+10  3.61486075e+09  2.10103109e+12  8.85366974e+09
 2.37560000e+03  7.07824831e+16  8.06658783e+15  3.81110789e+10  6.53681796e+09  2.10103109e+12  8.85366974e+09
 2.37690000e+03  7.40484646e+16  1.15531782e+16  3.98695660e+10  9.36220176e+09  2.10103109e+12  8.85366974e+09
 2.37820000e+03  7.71227867e+16  1.49195473e+16  4.15248588e+10  1.20901633e+10  2.10103109e+12  8.85366974e+09
 2.37950000e+03  8.00166966e+16  1.81654086e+16  4.30830130e+10  1.47204706e+10  2.10103109e+12  8.85366974e+09
 2.38080000e+03  8.27407815e+16  2.12911313e+16  4.45497292e+10  1.72534227e+10  2.10103109e+12  8.85366974e+09
 2.38210000e+03  8.53050074e+16  2.42976460e+16  4.59303733e+10  1.96897737e+10  2.10103109e+12  8.85366974e+09
 2.38340000e+03  8.77187553e+16  2.71863610e+16  4.72299962e+10  2.20306648e+10  2.10103109e+12  8.85366974e+09
 2.38470000e+03  8.99908559e+16  2.99590881e+16  4.84533526e+10  2.42775644e+10  2.10103109e+12  8.85366974e+09
 2.38600000e+03  9.21296215e+16  3.26179766e+16  4.96049181e+10  2.64322140e+10  2.10103109e+12  8.85366974e+09
 2.38600000e+03  9.21296215e+16  3.26179766e+16  4.96049181e+10  2.64322140e+10  2.10103109e+12  8.84481607e+09
 2.38602500e+03  9.20225372e+16  3.26679237e+16  4.95472612e+10  2.64726889e+10  2.10103109e+12  8.84481607e+09
 2.38605000e+03  9.19155773e+16  3.27176590e+16  4.94896713e+10  2.65129923e+10  2.10103109e+12  8.84481607e+09
 2.38607500e+03  9.18087417e+16  3.27671831e+16  4.94321483e+10  2.65531245e+10  2.10103109e+12  8.84481607e+09
 2.38610000e+03  9.17020304e+16  3.28164965e+16  4.93746922e+10  2.65930860e+10  2.10103109e+12  8.84481607e+09
 2.38612500e+03  9.15954430e+16  3.28655998e+16  4.93173029e+10  2.66328772e+10  2.10103109e+12  8.84481607e+09
 2.38615000e+03  9.14889796e+16  3.29144934e+16  4.92599803e+10  2.66724985e+10  2.10103109e+12  8.84481607e+09
 2.38617500e+03  9.13826398e+16  3.29631779e+16  4.92027243e+10  2.67119503e+10  2.10103109e+12  8.84481607e+09
 2.38620000e+03  9.12764237e+16  3.30116537e+16  4.91455349e+10  2.67512331e+10  2.10103109e+12  8.84481607e+09
 2.38622500e+03  9.11703311e+16  3.30599214e+16  4.90884119e+10  2.67903471e+10  2.10103109e+12  8.84481607e+09
 2.38625000e+03  9.10643618e+16  3.31079815e+16  4.90313553e+10  2.68292930e+10  2.10103109e+12  8.84481607e+09
 2.38625000e+03  9.10643618e+16  0.00000000e+00  4.90313553e+10  0.00000000e+00  2.11768430e+12  8.83597125e+09
 2.38700000e+03  8.79419176e+16  3.04141451e+15  4.73501525e+10  2.46463231e+09  2.11768430e+12  8.83597125e+09
 2.38775000e+03  8.49265369e+16  5.82295663e+15  4.57265952e+10  4.71867514e+09  2.11768430e+12  8.83597125e+09
 2.38850000e+03  8.20145485e+16  8.36149622e+15  4.41587070e+10  6.77579912e+09  2.11768430e+12  8.83597125e+09
 2.38925000e+03  7.92024073e+16  1.06729175e+16  4.26445791e+10  8.64887615e+09  2.11768430e+12  8.83597125e+09
 2.39000000e+03  7.64866897e+16  1.27721738e+16  4.11823680e+10  1.03500237e+10  2.11768430e+12  8.83597125e+09
 2.39075000e+03  7.38640895e+16  1.46733391e+16  3.97702938e+10  1.18906468e+10  2.11768430e+12  8.83597125e+09
 2.39150000e+03  7.13314138e+16  1.63896569e+16  3.84066371e+10  1.32814774e+10  2.11768430e+12  8.83597125e+09
 2.39225000e+03  6.88855794e+16  1.79335867e+16  3.70897380e+10  1.45326121e+10  2.11768430e+12  8.83597125e+09
 2.39300000e+03  6.65236085e+16  1.93168476e+16  3.58179932e+10  1.56535476e+10  2.11768430e+12  8.83597125e+09
 2.39375000e+03  6.42426256e+16  2.05504598e+16  3.45898543e+10  1.66532141e+10  2.11768430e+12  8.83597125e+09
 2.39375000e+03  6.42426256e+16  0.00000000e+00  3.45898543e+10  0.00000000e+00  2.11768430e+12  8.83597125e+09
 2.39377500e+03  6.41679550e+16  7.46053307e+13  3.45496497e+10  6.04569709e+07  2.11768430e+12  8.83597125e+09
 2.39380000e+03  6.40933711e+16  1.48993473e+14  3.45094919e+10  1.20737942e+08  2.11768430e+12  8.83597125e+09
 2.39382500e+03  6.40188739e+16  2.23164908e+14  3.44693807e+10  1.80843302e+08  2.11768430e+12  8.83597125e+09
 2.39385000e+03  6.39444634e+16  2.97120114e+14  3.44293162e+10  2.40773440e+08  2.11768430e+12  8.83597125e+09
 2.39387500e+03  6.38701393e+16  3.70859572e+14  3.43892982e+10  3.00528744e+08  2.11768430e+12  8.83597125e+09
 2.39390000e+03  6.37959015e+16  4.44383758e+14  3.43493268e+10  3.60109601e+08  2.11768430e+12  8.83597125e+09
 2.39392500e+03  6.37217501e+16  5.17693149e+14  3.43094018e+10  4.19516398e+08  2.11768430e+12  8.83597125e+09
 2.39395000e+03  6.36476849e+16  5.90788221e+14  3.42695232e+10  4.78749520e+08  2.11768430e+12  8.83597125e+09
 2.39397500e+03  6.35737058e+16  6.63669449e+14  3.42296909e+10  5.37809352e+08  2.11768430e+12  8.83597125e+09
 2.39400000e+03  6.34998126e+16  7.36337307e+14  3.41899050e+10  5.96696278e+08  2.11768430e+12  8.83597125e+09
 2.39400000e+03  6.34998126e+16  7.36337307e+14  3.41899050e+10  5.96696278e+08  2.11768430e+12  8.83597125e+09
 2.39530000e+03  6.71783352e+16  4.45190639e+15  3.61705146e+10  3.60763464e+09  2.11768430e+12  8.83597125e+09
 2.39660000e+03  7.06409889e+16  8.05046272e+15  3.80348949e+10  6.52375086e+09  2.11768430e+12  8.83597125e+09
 2.39790000e+03  7.39004418e+16  1.15300834e+16  3.97898667e+10  9.34348672e+09  2.11768430e+12  8.83597125e+09
 2.39920000e+03  7.69686183e+16  1.48897231e+16  4.14418506e+10  1.20659951e+10  2.11768430e+12  8.83597125e+09
 2.40050000e+03  7.98567432e+16  1.81290959e+16  4.29968901e+10  1.46910444e+10  2.11768430e+12  8.83597125e+09
 2.40180000e+03  8.25753827e+16  2.12485703e+16  4.44606743e+10  1.72189331e+10  2.11768430e+12  8.83597125e+09
 2.40310000e+03  8.51344827e+16  2.42490750e+16  4.58385585e+10  1.96504138e+10  2.11768430e+12  8.83597125e+09
 2.40440000e+03  8.75434055e+16  2.71320154e+16  4.71355834e+10  2.19866255e+10  2.11768430e+12  8.83597125e+09
 2.40570000e+03  8.98109642e+16  2.98991999e+16  4.83564944e+10  2.42290335e+10  2.11768430e+12  8.83597125e+09
 2.40700000e+03  9.19454544e+16  3.25527733e+16  4.95057579e+10  2.63793760e+10  2.11768430e+12  8.83597125e+09
 2.40700000e+03  9.19454544e+16  3.25527733e+16  4.95057579e+10  2.63793760e+10  2.11768430e+12  8.82713528e+09
 2.40702500e+03  9.18385841e+16  3.26026205e+16  4.94482162e+10  2.64197700e+10  2.11768430e+12  8.82713528e+09
 2.40705000e+03  9.17318380e+16  3.26522564e+16  4.93907414e+10  2.64599928e+10  2.11768430e+12  8.82713528e+09
 2.40707500e+03  9.16252161e+16  3.27016815e+16  4.93333335e+10  2.65000448e+10  2.11768430e+12  8.82713528e+09
 2.40710000e+03  9.15187180e+16  3.27508963e+16  4.92759922e+10  2.65399264e+10  2.11768430e+12  8.82713528e+09
 2.40712500e+03  9.14123437e+16  3.27999015e+16  4.92187176e+10  2.65796381e+10  2.11768430e+12  8.82713528e+09
 2.40715000e+03  9.13060931e+16  3.28486973e+16  4.91615096e+10  2.66191802e+10  2.11768430e+12  8.82713528e+09
 2.40717500e+03  9.11999660e+16  3.28972845e+16  4.91043681e+10  2.66585531e+10  2.11768430e+12  8.82713528e+09
 2.40720000e+03  9.10939622e+16  3.29456634e+16  4.90472929e+10  2.66977573e+10  2.11768430e+12  8.82713528e+09
 2.40722500e+03  9.09880816e+16  3.29938347e+16  4.89902842e+10  2.67367932e+10  2.11768430e+12  8.82713528e+09
 2.40725000e+03  9.08823241e+16  3.30417987e+16  4.89333417e+10  2.67756612e+10  2.11768430e+12  8.82713528e+09
 2.40725000e+03  9.08823241e+16  0.00000000e+00  4.89333417e+10  0.00000000e+00  2.13430423e+12  8.81830815e+09
 2.40800000e+03  8.77661217e+16  3.03533472e+15  4.72554995e+10  2.45970551e+09  2.13430423e+12  8.81830815e+09
 2.40875000e+03  8.47567688e+16  5.81131654e+15  4.56351877e+10  4.70924251e+09  2.13430423e+12  8.81830815e+09
 2.40950000e+03  8.18506014e+16  8.34478159e+15  4.40704338e+10  6.76225429e+09  2.13430423e+12  8.81830815e+09
 2.41025000e+03  7.90440817e+16  1.06515824e+16  4.25593326e+10  8.63158704e+09  2.13430423e+12  8.81830815e+09
 2.41100000e+03  7.63337928e+16  1.27466423e+16  4.11000445e+10  1.03293340e+10  2.13430423e+12  8.81830815e+09
 2.41175000e+03  7.37164352e+16  1.46440071e+16  3.96907929e+10  1.18668774e+10  2.13430423e+12  8.81830815e+09
 2.41250000e+03  7.11888223e+16  1.63568940e+16  3.83298623e+10  1.32549277e+10  2.13430423e+12  8.81830815e+09
 2.41325000e+03  6.87478771e+16  1.78977375e+16  3.70155956e+10  1.45035614e+10  2.13430423e+12  8.81830815e+09
 2.41400000e+03  6.63906278e+16  1.92782333e+16  3.57463930e+10  1.56222562e+10  2.13430423e+12  8.81830815e+09
 2.41475000e+03  6.41142046e+16  2.05093794e+16  3.45207092e+10  1.66199244e+10  2.13430423e+12  8.81830815e+09
 2.41475000e+03  6.41142046e+16  0.00000000e+00  3.45207092e+10  0.00000000e+00  2.13430423e+12  8.81830815e+09
 2.41477500e+03  6.40396832e+16  7.44561946e+13  3.44805850e+10  6.03361174e+07  2.13430423e+12  8.81830815e+09
 2.41480000e+03  6.39652485e+16  1.48695635e+14  3.44405074e+10  1.20496587e+08  2.13430423e+12  8.81830815e+09
 2.41482500e+03  6.38909002e+16  2.22718801e+14  3.44004764e+10  1.80481796e+08  2.13430423e+12  8.81830815e+09
 2.41485000e+03  6.38166384e+16  2.96526171e+14  3.43604920e+10  2.40292134e+08  2.13430423e+12  8.81830815e+09
 2.41487500e+03  6.37424628e+16  3.70118224e+14  3.43205540e+10  2.99927987e+08  2.13430423e+12  8.81830815e+09
 2.41490000e+03  6.36683735e+16  4.43495435e+14  3.42806624e+10  3.59389742e+08  2.13430423e+12  8.81830815e+09
 2.41492500e+03  6.35943704e+16  5.16658280e+14  3.42408173e+10  4.18677785e+08  2.13430423e+12  8.81830815e+09
 2.41495000e+03  6.35204532e+16  5.89607235e+14  3.42010184e+10  4.77792500e+08  2.13430423e+12  8.81830815e+09
 2.41497500e+03  6.34466219e+16  6.62342774e+14  3.41612658e+10  5.36734271e+08  2.13430423e+12  8.81830815e+09
 2.41500000e+03  6.33728765e+16  7.34865369e+14  3.41215594e+10  5.95503482e+08  2.13430423e+12  8.81830815e+09
 2.41500000e+03  6.33728765e+16  7.34865369e+14  3.41215594e+10  5.95503482e+08  2.13430423e+12  8.81830815e+09
 2.41630000e+03  6.70440457e+16  4.44300703e+15  3.60982097e+10  3.60042298e+09  2.13430423e+12  8.81830815e+09
 2.41760000e+03  7.04997776e+16  8.03436985e+15  3.79588631e+10  6.51070988e+09  2.13430423e+12  8.81830815e+09
 2.41890000e+03  7.37527148e+16  1.15070348e+16  3.97103268e+10  9.32480909e+09  2.13430423e+12  8.81830815e+09
 2.42020000e+03  7.68147580e+16  1.48599585e+16  4.13590083e+10  1.20418752e+10  2.13430423e+12  8.81830815e+09
 2.42150000e+03  7.96971096e+16  1.80928559e+16  4.29109393e+10  1.46616770e+10  2.13430423e+12  8.81830815e+09
 2.42280000e+03  8.24103145e+16  2.12060944e+16  4.43717974e+10  1.71845125e+10  2.13430423e+12  8.81830815e+09
 2.42410000e+03  8.49642988e+16  2.42006011e+16  4.57469272e+10  1.96111326e+10  2.13430423e+12  8.81830815e+09
 2.42540000e+03  8.73684062e+16  2.70777785e+16  4.70413594e+10  2.19426743e+10  2.13430423e+12  8.81830815e+09
 2.42670000e+03  8.96314321e+16  2.98394314e+16  4.82598297e+10  2.41805997e+10  2.13430423e+12  8.81830815e+09
 2.42800000e+03  9.17616554e+16  3.24877003e+16  4.94067959e+10  2.63266436e+10  2.13430423e+12  8.81830815e+09
 2.42800000e+03  9.17616554e+16  3.24877003e+16  4.94067959e+10  2.63266436e+10  2.13430423e+12  8.80948984e+09
 2.42802500e+03  9.16549988e+16  3.25374478e+16  4.93493692e+10  2.63669569e+10  2.13430423e+12  8.80948984e+09
 2.42805000e+03  9.15484661e+16  3.25869845e+16  4.92920094e+10  2.64070993e+10  2.13430423e+12  8.80948984e+09
 2.42807500e+03  9.14420572e+16  3.26363108e+16  4.92347161e+10  2.64470712e+10  2.13430423e+12  8.80948984e+09
 2.42810000e+03  9.13357721e+16  3.26854273e+16  4.91774895e+10  2.64868731e+10  2.13430423e+12  8.80948984e+09
 2.42812500e+03  9.12296104e+16  3.27343345e+16  4.91203294e+10  2.65265054e+10  2.13430423e+12  8.80948984e+09
 2.42815000e+03  9.11235722e+16  3.27830328e+16  4.90632357e+10  2.65659684e+10  2.13430423e+12  8.80948984e+09
 2.42817500e+03  9.10176572e+16  3.28315228e+16  4.90062084e+10  2.66052627e+10  2.13430423e+12  8.80948984e+09
 2.42820000e+03  9.09118653e+16  3.28798050e+16  4.89492474e+10  2.66443885e+10  2.13430423e+12  8.80948984e+09
 2.42822500e+03  9.08061964e+16  3.29278800e+16  4.88923526e+10  2.66833464e+10  2.13430423e+12  8.80948984e+09
 2.42825000e+03  9.07006503e+16  3.29757481e+16  4.88355239e+10  2.67221367e+10  2.13430423e+12  8.80948984e+09
 2.42825000e+03  9.07006503e+16  0.00000000e+00  4.88355239e+10  0.00000000e+00  2.15089093e+12  8.80068035e+09
 2.42900000e+03  8.75906773e+16  3.02926709e+15  4.71610358e+10  2.45478856e+09  2.15089093e+12  8.80068035e+09
 2.42975000e+03  8.45873400e+16  5.79969972e+15  4.55439630e+10  4.69982874e+09  2.15089093e+12  8.80068035e+09
 2.43050000e+03  8.16869821e+16  8.32810037e+15  4.39823370e+10  6.74873655e+09  2.15089093e+12  8.80068035e+09
 2.43125000e+03  7.88860726e+16  1.06302899e+16  4.24742565e+10  8.61433250e+09  2.15089093e+12  8.80068035e+09
 2.43200000e+03  7.61812015e+16  1.27211617e+16  4.10178855e+10  1.03086857e+10  2.15089093e+12  8.80068035e+09
 2.43275000e+03  7.35690760e+16  1.46147337e+16  3.96114510e+10  1.18431555e+10  2.15089093e+12  8.80068035e+09
 2.43350000e+03  7.10465159e+16  1.63241966e+16  3.82532409e+10  1.32284311e+10  2.15089093e+12  8.80068035e+09
 2.43425000e+03  6.86104501e+16  1.78619599e+16  3.69416015e+10  1.44745688e+10  2.15089093e+12  8.80068035e+09
 2.43500000e+03  6.62579129e+16  1.92396961e+16  3.56749360e+10  1.55910273e+10  2.15089093e+12  8.80068035e+09
 2.43575000e+03  6.39860403e+16  2.04683811e+16  3.44517023e+10  1.65867011e+10  2.15089093e+12  8.80068035e+09
 2.43575000e+03  6.39860403e+16  0.00000000e+00  3.44517023e+10  0.00000000e+00  2.15089093e+12  8.80068035e+09
 2.43577500e+03  6.39116679e+16  7.43073567e+13  3.44116583e+10  6.02155055e+07  2.15089093e+12  8.80068035e+09
 2.43580000e+03  6.38373819e+16  1.48398393e+14  3.43716608e+10  1.20255714e+08  2.15089093e+12  8.80068035e+09
 2.43582500e+03  6.37631823e+16  2.22273586e+14  3.43317099e+10  1.80121013e+08  2.15089093e+12  8.80068035e+09
 2.43585000e+03  6.36890689e+16  2.95933416e+14  3.42918054e+10  2.39811790e+08  2.15089093e+12  8.80068035e+09
 2.43587500e+03  6.36150417e+16  3.69378357e+14  3.42519472e+10  2.99328431e+08  2.15089093e+12  8.80068035e+09
 2.43590000e+03  6.35411005e+16  4.42608887e+14  3.42121354e+10  3.58671322e+08  2.15089093e+12  8.80068035e+09
 2.43592500e+03  6.34672452e+16  5.15625480e+14  3.41723699e+10  4.17840848e+08  2.15089093e+12  8.80068035e+09
 2.43595000e+03  6.33934758e+16  5.88428610e+14  3.41326505e+10  4.76837393e+08  2.15089093e+12  8.80068035e+09
 2.43597500e+03  6.33197921e+16  6.61018751e+14  3.40929774e+10  5.35661339e+08  2.15089093e+12  8.80068035e+09
 2.43600000e+03  6.32461941e+16  7.33396373e+14  3.40533504e+10  5.94313071e+08  2.15089093e+12  8.80068035e+09
 2.43600000e+03  6.32461941e+16  7.33396373e+14  3.40533504e+10  5.94313071e+08  2.15089093e+12  8.80068035e+09
 2.43730000e+03  6.69100246e+16  4.43412546e+15  3.60260494e+10  3.59322573e+09  2.15089093e+12  8.80068035e+09
 2.43860000e+03  7.03588485e+16  8.01830914e+15  3.78829834e+10  6.49769497e+09  2.15089093e+12  8.80068035e+09
 2.43990000e+03  7.36052831e+16  1.14840322e+16  3.96309459e+10  9.30616880e+09  2.15089093e+12  8.80068035e+09
 2.44120000e+03  7.66612053e+16  1.48302535e+16  4.12763316e+10  1.20178035e+10  2.15089093e+12  8.80068035e+09
 2.44250000e+03  7.95377951e+16  1.80566883e+16  4.28251603e+10  1.46323683e+10  2.15089093e+12  8.80068035e+09
 2.44380000e+03  8.22455763e+16  2.11637035e+16  4.42830982e+10  1.71501606e+10  2.15089093e+12  8.80068035e+09
 2.44510000e+03  8.47944552e+16  2.41522241e+16  4.56554791e+10  1.95719300e+10  2.15089093e+12  8.80068035e+09
 2.44640000e+03  8.71937568e+16  2.70236501e+16  4.69473237e+10  2.18988108e+10  2.15089093e+12  8.80068035e+09
 2.44770000e+03  8.94522588e+16  2.97797824e+16  4.81633583e+10  2.41322626e+10  2.15089093e+12  8.80068035e+09
 2.44900000e+03  9.15782239e+16  3.24227574e+16  4.93080317e+10  2.62740166e+10  2.15089093e+12  8.80068035e+09
 2.44900000e+03  9.15782239e+16  3.24227574e+16  4.93080317e+10  2.62740166e+10  2.15089093e+12  8.79187967e+09
 2.44902500e+03  9.14717804e+16  3.24724055e+16  4.92507199e+10  2.63142493e+10  2.15089093e+12  8.79187967e+09
 2.44905000e+03  9.13654607e+16  3.25218431e+16  4.91934746e+10  2.63543115e+10  2.15089093e+12  8.79187967e+09
 2.44907500e+03  9.12592646e+16  3.25710708e+16  4.91362959e+10  2.63942035e+10  2.15089093e+12  8.79187967e+09
 2.44910000e+03  9.11531919e+16  3.26200891e+16  4.90791837e+10  2.64339258e+10  2.15089093e+12  8.79187967e+09
 2.44912500e+03  9.10472425e+16  3.26688985e+16  4.90221379e+10  2.64734789e+10  2.15089093e+12  8.79187967e+09
 2.44915000e+03  9.09414162e+16  3.27174995e+16  4.89651583e+10  2.65128631e+10  2.15089093e+12  8.79187967e+09
 2.44917500e+03  9.08357129e+16  3.27658926e+16  4.89082450e+10  2.65520787e+10  2.15089093e+12  8.79187967e+09
 2.44920000e+03  9.07301325e+16  3.28140783e+16  4.88513979e+10  2.65911264e+10  2.15089093e+12  8.79187967e+09
 2.44922500e+03  9.06246748e+16  3.28620571e+16  4.87946168e+10  2.66300064e+10  2.15089093e+12  8.79187967e+09
 2.44925000e+03  9.05193397e+16  3.29098296e+16  4.87379017e+10  2.66687191e+10  2.15089093e+12  8.79187967e+09
 2.44925000e+03  9.05193397e+16  0.00000000e+00  4.87379017e+10  0.00000000e+00  2.16744447e+12  8.78308779e+09
 2.45000000e+03  8.74155835e+16  3.02321158e+15  4.70667608e+10  2.44988143e+09  2.16744447e+12  8.78308779e+09
 2.45075000e+03  8.44182499e+16  5.78810612e+15  4.54529206e+10  4.69043378e+09  2.16744447e+12  8.78308779e+09
 2.45150000e+03  8.15236898e+16  8.31145250e+15  4.38944163e+10  6.73524582e+09  2.16744447e+12  8.78308779e+09
 2.45225000e+03  7.87283793e+16  1.06090399e+16  4.23893504e+10  8.59711245e+09  2.16744447e+12  8.78308779e+09
 2.45300000e+03  7.60289153e+16  1.26957321e+16  4.09358907e+10  1.02880786e+10  2.16744447e+12  8.78308779e+09
 2.45375000e+03  7.34220114e+16  1.45855189e+16  3.95322678e+10  1.18194810e+10  2.16744447e+12  8.78308779e+09
 2.45450000e+03  7.09044939e+16  1.62915645e+16  3.81767727e+10  1.32019875e+10  2.16744447e+12  8.78308779e+09
 2.45525000e+03  6.84732978e+16  1.78262539e+16  3.68677552e+10  1.44456341e+10  2.16744447e+12  8.78308779e+09
 2.45600000e+03  6.61254634e+16  1.92012359e+16  3.56036218e+10  1.55598608e+10  2.16744447e+12  8.78308779e+09
 2.45675000e+03  6.38581322e+16  2.04274648e+16  3.43828333e+10  1.65535443e+10  2.16744447e+12  8.78308779e+09
 2.45675000e+03  6.38581322e+16  0.00000000e+00  3.43828333e+10  0.00000000e+00  2.16744447e+12  8.78308779e+09
 2.45677500e+03  6.37839085e+16  7.41588163e+13  3.43428694e+10  6.00951347e+07  2.16744447e+12  8.78308779e+09
 2.45680000e+03  6.37097710e+16  1.48101744e+14  3.43029519e+10  1.20015323e+08  2.16744447e+12  8.78308779e+09
 2.45682500e+03  6.36357197e+16  2.21829261e+14  3.42630808e+10  1.79760951e+08  2.16744447e+12  8.78308779e+09
 2.45685000e+03  6.35617545e+16  2.95341845e+14  3.42232560e+10  2.39332406e+08  2.16744447e+12  8.78308779e+09
 2.45687500e+03  6.34878752e+16  3.68639970e+14  3.41834776e+10  2.98730074e+08  2.16744447e+12  8.78308779e+09
 2.45690000e+03  6.34140818e+16  4.41724112e+14  3.41437453e+10  3.57954338e+08  2.16744447e+12  8.78308779e+09
 2.45692500e+03  6.33403742e+16  5.14594745e+14  3.41040593e+10  4.17005584e+08  2.16744447e+12  8.78308779e+09
 2.45695000e+03  6.32667522e+16  5.87252342e+14  3.40644194e+10  4.75884195e+08  2.16744447e+12  8.78308779e+09
 2.45697500e+03  6.31932159e+16  6.59697374e+14  3.40248255e+10  5.34590552e+08  2.16744447e+12  8.78308779e+09
 2.45700000e+03  6.31197650e+16  7.31930314e+14  3.39852777e+10  5.93125039e+08  2.16744447e+12  8.78308779e+09
 2.45700000e+03  6.31197650e+16  7.31930314e+14  3.39852777e+10  5.93125039e+08  2.16744447e+12  8.78308779e+09
 2.45830000e+03  6.67762715e+16  4.42526164e+15  3.59540333e+10  3.58604287e+09  2.16744447e+12  8.78308779e+09
 2.45960000e+03  7.02182012e+16  8.00228054e+15  3.78072553e+10  6.48470608e+09  2.16744447e+12  8.78308779e+09
 2.46090000e+03  7.34581461e+16  1.14610756e+16  3.95517236e+10  9.28756577e+09  2.16744447e+12  8.78308779e+09
 2.46220000e+03  7.65079596e+16  1.48006078e+16  4.11938203e+10  1.19937799e+10  2.16744447e+12  8.78308779e+09
 2.46350000e+03  7.93787990e+16  1.80205929e+16  4.27395528e+10  1.46031182e+10  2.16744447e+12  8.78308779e+09
 2.46480000e+03  8.20811674e+16  2.11213972e+16  4.41945763e+10  1.71158774e+10  2.16744447e+12  8.78308779e+09
 2.46610000e+03  8.46249511e+16  2.41039438e+16  4.55642138e+10  1.95328057e+10  2.16744447e+12  8.78308779e+09
 2.46740000e+03  8.70194565e+16  2.69696298e+16  4.68534760e+10  2.18550351e+10  2.16744447e+12  8.78308779e+09
 2.46870000e+03  8.92734438e+16  2.97202526e+16  4.80670798e+10  2.40840223e+10  2.16744447e+12  8.78308779e+09
 2.47000000e+03  9.13951590e+16  3.23579443e+16  4.92094649e+10  2.62214949e+10  2.16744447e+12  8.78308779e+09
 2.47000000e+03  9.13951590e+16  3.23579443e+16  4.92094649e+10  2.62214949e+10  2.16744447e+12  8.77430470e+09
 2.47002500e+03  9.12889283e+16  3.24074931e+16  4.91522677e+10  2.62616471e+10  2.16744447e+12  8.77430470e+09
 2.47005000e+03  9.11828212e+16  3.24568320e+16  4.90951369e+10  2.63016292e+10  2.16744447e+12  8.77430470e+09
 2.47007500e+03  9.10768373e+16  3.25059613e+16  4.90380725e+10  2.63414415e+10  2.16744447e+12  8.77430470e+09
 2.47010000e+03  9.09709766e+16  3.25548816e+16  4.89810744e+10  2.63810844e+10  2.16744447e+12  8.77430470e+09
 2.47012500e+03  9.08652390e+16  3.26035934e+16  4.89241426e+10  2.64205584e+10  2.16744447e+12  8.77430470e+09
 2.47015000e+03  9.07596243e+16  3.26520972e+16  4.88672770e+10  2.64598638e+10  2.16744447e+12  8.77430470e+09
 2.47017500e+03  9.06541323e+16  3.27003936e+16  4.88104774e+10  2.64990011e+10  2.16744447e+12  8.77430470e+09
 2.47020000e+03  9.05487630e+16  3.27484830e+16  4.87537439e+10  2.65379707e+10  2.16744447e+12  8.77430470e+09
 2.47022500e+03  9.04435161e+16  3.27963659e+16  4.86970763e+10  2.65767730e+10  2.16744447e+12  8.77430470e+09
 2.47025000e+03  9.03383916e+16  3.28440429e+16  4.86404746e+10  2.66154084e+10  2.16744447e+12  8.77430470e+09
 2.47025000e+03  9.03383916e+16  0.00000000e+00  4.86404746e+10  0.00000000e+00  2.18396493e+12  8.76553040e+09
 2.47100000e+03  8.72408398e+16  3.01716818e+15  4.69726744e+10  2.44498412e+09  2.18396493e+12  8.76553040e+09
 2.47175000e+03  8.42494978e+16  5.77653569e+15  4.53620602e+10  4.68105760e+09  2.18396493e+12  8.76553040e+09
 2.47250000e+03  8.13607239e+16  8.29483791e+15  4.38066713e+10  6.72178207e+09  2.18396493e+12  8.76553040e+09
 2.47325000e+03  7.85710013e+16  1.05878324e+16  4.23046141e+10  8.57992682e+09  2.18396493e+12  8.76553040e+09
 2.47400000e+03  7.58769335e+16  1.26703534e+16  4.08540599e+10  1.02675128e+10  2.18396493e+12  8.76553040e+09
 2.47475000e+03  7.32752408e+16  1.45563624e+16  3.94532428e+10  1.17958539e+10  2.18396493e+12  8.76553040e+09
 2.47550000e+03  7.07627558e+16  1.62589977e+16  3.81004573e+10  1.31755967e+10  2.18396493e+12  8.76553040e+09
 2.47625000e+03  6.83364197e+16  1.77906192e+16  3.67940566e+10  1.44167573e+10  2.18396493e+12  8.76553040e+09
 2.47700000e+03  6.59932786e+16  1.91628526e+16  3.55324501e+10  1.55287566e+10  2.18396493e+12  8.76553040e+09
 2.47775000e+03  6.37304798e+16  2.03866303e+16  3.43141020e+10  1.65204538e+10  2.18396493e+12  8.76553040e+09
 2.47775000e+03  6.37304798e+16  0.00000000e+00  3.43141020e+10  0.00000000e+00  2.18396493e+12  8.76553040e+09
 2.47777500e+03  6.36564044e+16  7.40105728e+13  3.42742180e+10  5.99750045e+07  2.18396493e+12  8.76553040e+09
 2.47780000e+03  6.35824152e+16  1.47805689e+14  3.42343803e+10  1.19775412e+08  2.18396493e+12  8.76553040e+09
 2.47782500e+03  6.35085119e+16  2.21385825e+14  3.41945889e+10  1.79401609e+08  2.18396493e+12  8.76553040e+09
 2.47785000e+03  6.34346945e+16  2.94751456e+14  3.41548438e+10  2.38853981e+08  2.18396493e+12  8.76553040e+09
 2.47787500e+03  6.33609629e+16  3.67903059e+14  3.41151448e+10  2.98132912e+08  2.18396493e+12  8.76553040e+09
 2.47790000e+03  6.32873171e+16  4.40841105e+14  3.40754920e+10  3.57238788e+08  2.18396493e+12  8.76553040e+09
 2.47792500e+03  6.32137568e+16  5.13566070e+14  3.40358853e+10  4.16171990e+08  2.18396493e+12  8.76553040e+09
 2.47795000e+03  6.31402820e+16  5.86078424e+14  3.39963246e+10  4.74932902e+08  2.18396493e+12  8.76553040e+09
 2.47797500e+03  6.30668926e+16  6.58378639e+14  3.39568099e+10  5.33521906e+08  2.18396493e+12  8.76553040e+09
 2.47800000e+03  6.29935885e+16  7.30467185e+14  3.39173411e+10  5.91939382e+08  2.18396493e+12  8.76553040e+09
 2.47800000e+03  6.29935885e+16  7.30467185e+14  3.39173411e+10  5.91939382e+08  2.18396493e+12  8.76553040e+09
 2.47930000e+03  6.66427857e+16  4.41641555e+15  3.58821612e+10  3.57887437e+09  2.18396493e+12  8.76553040e+09
 2.48060000e+03  7.00778350e+16  7.98628398e+15  3.77316786e+10  6.47174315e+09  2.18396493e+12  8.76553040e+09
 2.48190000e+03  7.33113033e+16  1.14381649e+16  3.94726597e+10  9.26899992e+09  2.18396493e+12  8.76553040e+09
 2.48320000e+03  7.63550201e+16  1.47710214e+16  4.11114738e+10  1.19698043e+10  2.18396493e+12  8.76553040e+09
 2.48450000e+03  7.92201208e+16  1.79845698e+16  4.26541165e+10  1.45739266e+10  2.18396493e+12  8.76553040e+09
 2.48580000e+03  8.19170871e+16  2.10791755e+16  4.41062313e+10  1.70816628e+10  2.18396493e+12  8.76553040e+09
 2.48710000e+03  8.44557858e+16  2.40557600e+16  4.54731309e+10  1.94937596e+10  2.18396493e+12  8.76553040e+09
 2.48840000e+03  8.68455046e+16  2.69157175e+16  4.67598159e+10  2.18113469e+10  2.18396493e+12  8.76553040e+09
 2.48970000e+03  8.90949861e+16  2.96608418e+16  4.79709937e+10  2.40358783e+10  2.18396493e+12  8.76553040e+09
 2.49100000e+03  9.12124601e+16  3.22932608e+16  4.91110952e+10  2.61690781e+10  2.18396493e+12  8.76553040e+09
 2.49100000e+03  9.12124601e+16  3.22932608e+16  4.91110952e+10  2.61690781e+10  2.18396493e+12  8.75676487e+09
 2.49102500e+03  9.11064418e+16  3.23427106e+16  4.90540123e+10  2.62091501e+10  2.18396493e+12  8.75676487e+09
 2.49105000e+03  9.10005467e+16  3.23919508e+16  4.89969957e+10  2.62490523e+10  2.18396493e+12  8.75676487e+09
 2.49107500e+03  9.08947747e+16  3.24409818e+16  4.89400454e+10  2.62887850e+10  2.18396493e+12  8.75676487e+09
 2.49110000e+03  9.07891257e+16  3.24898044e+16  4.88831613e+10  2.63283486e+10  2.18396493e+12  8.75676487e+09
 2.49112500e+03  9.06835994e+16  3.25384188e+16  4.88263433e+10  2.63677437e+10  2.18396493e+12  8.75676487e+09
 2.49115000e+03  9.05781958e+16  3.25868257e+16  4.87695913e+10  2.64069706e+10  2.18396493e+12  8.75676487e+09
 2.49117500e+03  9.04729147e+16  3.26350255e+16  4.87129053e+10  2.64460296e+10  2.18396493e+12  8.75676487e+09
 2.49120000e+03  9.03677560e+16  3.26830188e+16  4.86562852e+10  2.64849213e+10  2.18396493e+12  8.75676487e+09
 2.49122500e+03  9.02627195e+16  3.27308060e+16  4.85997309e+10  2.65236460e+10  2.18396493e+12  8.75676487e+09
 2.49125000e+03  9.01578051e+16  3.27783876e+16  4.85432423e+10  2.65622042e+10  2.18396493e+12  8.75676487e+09
 2.49125000e+03  9.01578051e+16  0.00000000e+00  4.85432423e+10  0.00000000e+00  2.20045236e+12  8.74800810e+09
 2.49200000e+03  8.70664453e+16  3.01113686e+15  4.68787760e+10  2.44009660e+09  2.20045236e+12  8.74800810e+09
 2.49275000e+03  8.40810831e+16  5.76498840e+15  4.52713815e+10  4.67170017e+09  2.20045236e+12  8.74800810e+09
 2.49350000e+03  8.11980838e+16  8.27825653e+15  4.37191018e+10  6.70834523e+09  2.20045236e+12  8.74800810e+09
 2.49425000e+03  7.84139378e+16  1.05666674e+16  4.22200472e+10  8.56277555e+09  2.20045236e+12  8.74800810e+09
 2.49500000e+03  7.57252555e+16  1.26450253e+16  4.07723926e+10  1.02469880e+10  2.20045236e+12  8.74800810e+09
 2.49575000e+03  7.31287636e+16  1.45272643e+16  3.93743757e+10  1.17722740e+10  2.20045236e+12  8.74800810e+09
 2.49650000e+03  7.06213011e+16  1.62264959e+16  3.80242945e+10  1.31492587e+10  2.20045236e+12  8.74800810e+09
 2.49725000e+03  6.81998152e+16  1.77550557e+16  3.67205052e+10  1.43879382e+10  2.20045236e+12  8.74800810e+09
 2.49800000e+03  6.58613580e+16  1.91245461e+16  3.54614207e+10  1.54977147e+10  2.20045236e+12  8.74800810e+09
 2.49875000e+03  6.36030826e+16  2.03458775e+16  3.42455082e+10  1.64874294e+10  2.20045236e+12  8.74800810e+09
 2.49875000e+03  6.36030826e+16  0.00000000e+00  3.42455082e+10  0.00000000e+00  2.20045236e+12  8.74800810e+09
 2.49877500e+03  6.35291553e+16  7.38626257e+13  3.42057038e+10  5.98551145e+07  2.20045236e+12  8.74800810e+09
 2.49880000e+03  6.34553139e+16  1.47510225e+14  3.41659458e+10  1.19535981e+08  2.20045236e+12  8.74800810e+09
 2.49882500e+03  6.33815584e+16  2.20943274e+14  3.41262339e+10  1.79042985e+08  2.20045236e+12  8.74800810e+09
 2.49885000e+03  6.33078886e+16  2.94162248e+14  3.40865682e+10  2.38376512e+08  2.20045236e+12  8.74800810e+09
 2.49887500e+03  6.32343044e+16  3.67167620e+14  3.40469486e+10  2.97536945e+08  2.20045236e+12  8.74800810e+09
 2.49890000e+03  6.31608057e+16  4.39959864e+14  3.40073751e+10  3.56524667e+08  2.20045236e+12  8.74800810e+09
 2.49892500e+03  6.30873925e+16  5.12539451e+14  3.39678476e+10  4.15340062e+08  2.20045236e+12  8.74800810e+09
 2.49895000e+03  6.30140646e+16  5.84906853e+14  3.39283660e+10  4.73983511e+08  2.20045236e+12  8.74800810e+09
 2.49897500e+03  6.29408219e+16  6.57062540e+14  3.38889302e+10  5.32455396e+08  2.20045236e+12  8.74800810e+09
 2.49900000e+03  6.28676644e+16  7.29006981e+14  3.38495404e+10  5.90756095e+08  2.20045236e+12  8.74800810e+09
 2.49900000e+03  6.28676644e+16  7.29006981e+14  3.38495404e+10  5.90756095e+08  2.20045236e+12  8.74800810e+09
 2.50030000e+03  6.65095668e+16  4.40758713e+15  3.58104328e+10  3.57172020e+09  2.20045236e+12  8.74800810e+09
 2.50160000e+03  6.99377494e+16  7.97031940e+15  3.76562530e+10  6.45880614e+09  2.20045236e+12  8.74800810e+09
 2.50290000e+03  7.31647540e+16  1.14153000e+16  3.93937539e+10  9.25047119e+09  2.20045236e+12  8.74800810e+09
 2.50420000e+03  7.62023865e+16  1.47414941e+16  4.10292920e+10  1.19458767e+10  2.20045236e+12  8.74800810e+09
 2.50550000e+03  7.90617598e+16  1.79486186e+16  4.25688509e+10  1.45447933e+10  2.20045236e+12  8.74800810e+09
 2.50680000e+03  8.17533349e+16  2.10370383e+16  4.40180630e+10  1.70475166e+10  2.20045236e+12  8.74800810e+09
 2.50810000e+03  8.42869587e+16  2.40076725e+16  4.53822301e+10  1.94547916e+10  2.20045236e+12  8.74800810e+09
 2.50940000e+03  8.66719004e+16  2.68619130e+16  4.66663431e+10  2.17677460e+10  2.20045236e+12  8.74800810e+09
 2.51070000e+03  8.89168853e+16  2.96015498e+16  4.78750997e+10  2.39878306e+10  2.20045236e+12  8.74800810e+09
 2.51200000e+03  9.10301264e+16  3.22287065e+16  4.90129221e+10  2.61167661e+10  2.20045236e+12  8.74800810e+09
 2.51200000e+03  9.10301264e+16  3.22287065e+16  4.90129221e+10  2.61167661e+10  2.20045236e+12  8.73926009e+09
 2.51202500e+03  9.09243200e+16  3.22780575e+16  4.89559533e+10  2.61567580e+10  2.20045236e+12  8.73926009e+09
 2.51205000e+03  9.08186366e+16  3.23271992e+16  4.88990507e+10  2.61965804e+10  2.20045236e+12  8.73926009e+09
 2.51207500e+03  9.07130761e+16  3.23761323e+16  4.88422142e+10  2.62362337e+10  2.20045236e+12  8.73926009e+09
 2.51210000e+03  9.06076382e+16  3.24248572e+16  4.87854438e+10  2.62757183e+10  2.20045236e+12  8.73926009e+09
 2.51212500e+03  9.05023229e+16  3.24733745e+16  4.87287394e+10  2.63150346e+10  2.20045236e+12  8.73926009e+09
 2.51215000e+03  9.03971300e+16  3.25216846e+16  4.86721009e+10  2.63541830e+10  2.20045236e+12  8.73926009e+09
 2.51217500e+03  9.02920594e+16  3.25697881e+16  4.86155282e+10  2.63931640e+10  2.20045236e+12  8.73926009e+09
 2.51220000e+03  9.01871109e+16  3.26176854e+16  4.85590213e+10  2.64319780e+10  2.20045236e+12  8.73926009e+09
 2.51222500e+03  9.00822843e+16  3.26653771e+16  4.85025800e+10  2.64706253e+10  2.20045236e+12  8.73926009e+09
 2.51225000e+03  8.99775797e+16  3.27128636e+16  4.84462044e+10  2.65091063e+10  2.20045236e+12  8.73926009e+09
 2.51225000e+03  8.99775797e+16  0.00000000e+00  4.84462044e+10  0.00000000e+00  2.21690683e+12  8.73052083e+09
 2.51300000e+03  8.68923995e+16  3.00511760e+15  4.67850653e+10  2.43521885e+09  2.21690683e+12  8.73052083e+09
 2.51375000e+03  8.39130050e+16  5.75346419e+15  4.51808840e+10  4.66236144e+09  2.21690683e+12  8.73052083e+09
 2.51450000e+03  8.10357689e+16  8.26170829e+15  4.36317073e+10  6.69493524e+09  2.21690683e+12  8.73052083e+09
 2.51525000e+03  7.82571884e+16  1.05455446e+16  4.21356493e+10  8.54565856e+09  2.21690683e+12  8.73052083e+09
 2.51600000e+03  7.55738807e+16  1.26197479e+16  4.06908886e+10  1.02265043e+10  2.21690683e+12  8.73052083e+09
 2.51675000e+03  7.29825792e+16  1.44982243e+16  3.92956663e+10  1.17487412e+10  2.21690683e+12  8.73052083e+09
 2.51750000e+03  7.04801291e+16  1.61940592e+16  3.79482839e+10  1.31229733e+10  2.21690683e+12  8.73052083e+09
 2.51825000e+03  6.80634838e+16  1.77195634e+16  3.66471009e+10  1.43591767e+10  2.21690683e+12  8.73052083e+09
 2.51900000e+03  6.57297012e+16  1.90863161e+16  3.53905334e+10  1.54667347e+10  2.21690683e+12  8.73052083e+09
 2.51975000e+03  6.34759400e+16  2.03052061e+16  3.41770514e+10  1.64544710e+10  2.21690683e+12  8.73052083e+09
 2.51975000e+03  6.34759400e+16  0.00000000e+00  3.41770514e+10  0.00000000e+00  2.21690683e+12  8.73052083e+09
 2.51977500e+03  6.34021605e+16  7.37149743e+13  3.41373266e+10  5.97354641e+07  2.21690683e+12  8.73052083e+09
 2.51980000e+03  6.33284667e+16  1.47215352e+14  3.40976480e+10  1.19297029e+08  2.21690683e+12  8.73052083e+09
 2.51982500e+03  6.32548586e+16  2.20501609e+14  3.40580156e+10  1.78685078e+08  2.21690683e+12  8.73052083e+09
 2.51985000e+03  6.31813361e+16  2.93574218e+14  3.40184292e+10  2.37899997e+08  2.21690683e+12  8.73052083e+09
 2.51987500e+03  6.31078990e+16  3.66433652e+14  3.39788888e+10  2.96942168e+08  2.21690683e+12  8.73052083e+09
 2.51990000e+03  6.30345473e+16  4.39080384e+14  3.39393943e+10  3.55811974e+08  2.21690683e+12  8.73052083e+09
 2.51992500e+03  6.29612808e+16  5.11514885e+14  3.38999458e+10  4.14509797e+08  2.21690683e+12  8.73052083e+09
 2.51995000e+03  6.28880995e+16  5.83737625e+14  3.38605432e+10  4.73036018e+08  2.21690683e+12  8.73052083e+09
 2.51997500e+03  6.28150032e+16  6.55749072e+14  3.38211863e+10  5.31391017e+08  2.21690683e+12  8.73052083e+09
 2.52000000e+03  6.27419919e+16  7.27549696e+14  3.37818751e+10  5.89575174e+08  2.21690683e+12  8.73052083e+09
 2.52000000e+03  6.27419919e+16  7.27549696e+14  3.37818751e+10  5.89575174e+08  2.21690683e+12  8.73052083e+09
 2.52130000e+03  6.63766142e+16  4.39877637e+15  3.57388477e+10  3.56458034e+09  2.21690683e+12  8.73052083e+09
 2.52260000e+03  6.97979439e+16  7.95438673e+15  3.75809781e+10  6.44589499e+09  2.21690683e+12  8.73052083e+09
 2.52390000e+03  7.30184977e+16  1.13924809e+16  3.93150057e+10  9.23197950e+09  2.21690683e+12  8.73052083e+09
 2.52520000e+03  7.60500579e+16  1.47120259e+16  4.09472744e+10  1.19219969e+10  2.21690683e+12  8.73052083e+09
 2.52650000e+03  7.89037153e+16  1.79127393e+16  4.24837558e+10  1.45157183e+10  2.21690683e+12  8.73052083e+09
 2.52780000e+03  8.15899099e+16  2.09949852e+16  4.39300709e+10  1.70134386e+10  2.21690683e+12  8.73052083e+09
 2.52910000e+03  8.41184691e+16  2.39596812e+16  4.52915110e+10  1.94159015e+10  2.21690683e+12  8.73052083e+09
 2.53040000e+03  8.64986433e+16  2.68082160e+16  4.65730571e+10  2.17242323e+10  2.21690683e+12  8.73052083e+09
 2.53170000e+03  8.87391404e+16  2.95423763e+16  4.77793974e+10  2.39398789e+10  2.21690683e+12  8.73052083e+09
 2.53300000e+03  9.08481572e+16  3.21642814e+16  4.89149453e+10  2.60645587e+10  2.21690683e+12  8.73052083e+09
 2.53300000e+03  9.08481572e+16  3.21642814e+16  4.89149453e+10  2.60645587e+10  2.21690683e+12  8.72179031e+09
 2.53302500e+03  9.07425623e+16  3.22135336e+16  4.88580904e+10  2.61044707e+10  2.21690683e+12  8.72179031e+09
 2.53305000e+03  9.06370902e+16  3.22625772e+16  4.88013015e+10  2.61442134e+10  2.21690683e+12  8.72179031e+09
 2.53307500e+03  9.05317406e+16  3.23114124e+16  4.87445786e+10  2.61837874e+10  2.21690683e+12  8.72179031e+09
 2.53310000e+03  9.04265135e+16  3.23600400e+16  4.86879217e+10  2.62231931e+10  2.21690683e+12  8.72179031e+09
 2.53312500e+03  9.03214087e+16  3.24084602e+16  4.86313306e+10  2.62624308e+10  2.21690683e+12  8.72179031e+09
 2.53315000e+03  9.02164261e+16  3.24566738e+16  4.85748053e+10  2.63015010e+10  2.21690683e+12  8.72179031e+09
 2.53317500e+03  9.01115655e+16  3.25046811e+16  4.85183458e+10  2.63404041e+10  2.21690683e+12  8.72179031e+09
 2.53320000e+03  9.00068268e+16  3.25524826e+16  4.84619518e+10  2.63791404e+10  2.21690683e+12  8.72179031e+09
 2.53322500e+03  8.99022099e+16  3.26000790e+16  4.84056234e+10  2.64177105e+10  2.21690683e+12  8.72179031e+09
 2.53325000e+03  8.97977145e+16  3.26474706e+16  4.83493604e+10  2.64561146e+10  2.21690683e+12  8.72179031e+09
 2.53325000e+03  8.97977145e+16  0.00000000e+00  4.83493604e+10  0.00000000e+00  2.23332841e+12  8.71306852e+09
 2.53400000e+03  8.67187016e+16  2.99911037e+15  4.66915420e+10  2.43035084e+09  2.23332841e+12  8.71306852e+09
 2.53475000e+03  8.37452629e+16  5.74196301e+15  4.50905674e+10  4.65304138e+09  2.23332841e+12  8.71306852e+09
 2.53550000e+03  8.08737784e+16  8.24519314e+15  4.35444875e+10  6.68155207e+09  2.23332841e+12  8.71306852e+09
 2.53625000e+03  7.81007523e+16  1.05244641e+16  4.20514201e+10  8.52857579e+09  2.23332841e+12  8.71306852e+09
 2.53700000e+03  7.54228086e+16  1.25945210e+16  4.06095475e+10  1.02060615e+10  2.23332841e+12  8.71306852e+09
 2.53775000e+03  7.28366871e+16  1.44692423e+16  3.92171143e+10  1.17252555e+10  2.23332841e+12  8.71306852e+09
 2.53850000e+03  7.03392393e+16  1.61616872e+16  3.78724253e+10  1.30967405e+10  2.23332841e+12  8.71306852e+09
 2.53925000e+03  6.79274249e+16  1.76841420e+16  3.65738434e+10  1.43304727e+10  2.23332841e+12  8.71306852e+09
 2.54000000e+03  6.55983075e+16  1.90481626e+16  3.53197877e+10  1.54358167e+10  2.23332841e+12  8.71306852e+09
 2.54075000e+03  6.33490516e+16  2.02646160e+16  3.41087315e+10  1.64215785e+10  2.23332841e+12  8.71306852e+09
 2.54075000e+03  6.33490516e+16  0.00000000e+00  3.41087315e+10  0.00000000e+00  2.23332841e+12  8.71306852e+09
 2.54077500e+03  6.32754196e+16  7.35676181e+13  3.40690861e+10  5.96160529e+07  2.23332841e+12  8.71306852e+09
 2.54080000e+03  6.32018731e+16  1.46921069e+14  3.40294868e+10  1.19058554e+08  2.23332841e+12  8.71306852e+09
 2.54082500e+03  6.31284122e+16  2.20060826e+14  3.39899336e+10  1.78327887e+08  2.23332841e+12  8.71306852e+09
 2.54085000e+03  6.30550366e+16  2.92987363e+14  3.39504263e+10  2.37424435e+08  2.23332841e+12  8.71306852e+09
 2.54087500e+03  6.29817463e+16  3.65701151e+14  3.39109650e+10  2.96348581e+08  2.23332841e+12  8.71306852e+09
 2.54090000e+03  6.29085412e+16  4.38202663e+14  3.38715495e+10  3.55100706e+08  2.23332841e+12  8.71306852e+09
 2.54092500e+03  6.28354212e+16  5.10492367e+14  3.38321798e+10  4.13681192e+08  2.23332841e+12  8.71306852e+09
 2.54095000e+03  6.27623861e+16  5.82570733e+14  3.37928559e+10  4.72090419e+08  2.23332841e+12  8.71306852e+09
 2.54097500e+03  6.26894360e+16  6.54438230e+14  3.37535777e+10  5.30328767e+08  2.23332841e+12  8.71306852e+09
 2.54100000e+03  6.26165707e+16  7.26095324e+14  3.37143452e+10  5.88396613e+08  2.23332841e+12  8.71306852e+09
 2.54100000e+03  6.26165707e+16  7.26095324e+14  3.37143452e+10  5.88396613e+08  2.23332841e+12  8.71306852e+09
 2.54230000e+03  6.62439273e+16  4.38998321e+15  3.56674057e+10  3.55745474e+09  2.23332841e+12  8.71306852e+09
 2.54360000e+03  6.96584178e+16  7.93848591e+15  3.75058537e+10  6.43300964e+09  2.23332841e+12  8.71306852e+09
 2.54490000e+03  7.28725337e+16  1.13697073e+16  3.92364150e+10  9.21352477e+09  2.23332841e+12  8.71306852e+09
 2.54620000e+03  7.58980338e+16  1.46826165e+16  4.08654208e+10  1.18981648e+10  2.23332841e+12  8.71306852e+09
 2.54750000e+03  7.87459868e+16  1.78769318e+16  4.23988307e+10  1.44867013e+10  2.23332841e+12  8.71306852e+09
 2.54880000e+03  8.14268117e+16  2.09530163e+16  4.38422547e+10  1.69794287e+10  2.23332841e+12  8.71306852e+09
 2.55010000e+03  8.39503162e+16  2.39117858e+16  4.52009733e+10  1.93770891e+10  2.23332841e+12  8.71306852e+09
 2.55140000e+03  8.63257325e+16  2.67546264e+16  4.64799575e+10  2.16808056e+10  2.23332841e+12  8.71306852e+09
 2.55270000e+03  8.85617509e+16  2.94833211e+16  4.76838863e+10  2.38920231e+10  2.23332841e+12  8.71306852e+09
 2.55400000e+03  9.06665517e+16  3.20999850e+16  4.88171643e+10  2.60124557e+10  2.23332841e+12  8.71306852e+09
 2.55400000e+03  9.06665517e+16  3.20999850e+16  4.88171643e+10  2.60124557e+10  2.23332841e+12  8.70435545e+09
 2.55402500e+03  9.05611679e+16  3.21491388e+16  4.87604230e+10  2.60522878e+10  2.23332841e+12  8.70435545e+09
 2.55405000e+03  9.04559066e+16  3.21980843e+16  4.87037477e+10  2.60919512e+10  2.23332841e+12  8.70435545e+09
 2.55407500e+03  9.03507677e+16  3.22468219e+16  4.86471382e+10  2.61314461e+10  2.23332841e+12  8.70435545e+09
 2.55410000e+03  9.02457509e+16  3.22953522e+16  4.85905946e+10  2.61707729e+10  2.23332841e+12  8.70435545e+09
 2.55412500e+03  9.01408562e+16  3.23436757e+16  4.85341166e+10  2.62099322e+10  2.23332841e+12  8.70435545e+09
 2.55415000e+03  9.00360835e+16  3.23917929e+16  4.84777043e+10  2.62489243e+10  2.23332841e+12  8.70435545e+09
 2.55417500e+03  8.99314325e+16  3.24397042e+16  4.84213576e+10  2.62877496e+10  2.23332841e+12  8.70435545e+09
 2.55420000e+03  8.98269032e+16  3.24874102e+16  4.83650763e+10  2.63264085e+10  2.23332841e+12  8.70435545e+09
 2.55422500e+03  8.97224953e+16  3.25349114e+16  4.83088605e+10  2.63649015e+10  2.23332841e+12  8.70435545e+09
 2.55425000e+03  8.96182089e+16  3.25822083e+16  4.82527100e+10  2.64032288e+10  2.23332841e+12  8.70435545e+09
 2.55425000e+03  8.96182089e+16  0.00000000e+00  4.82527100e+10  0.00000000e+00  2.24971716e+12  8.69565110e+09
 2.55500000e+03  8.65453509e+16  2.99311515e+15  4.65982056e+10  2.42549257e+09  2.24971716e+12  8.69565110e+09
 2.55575000e+03  8.35778561e+16  5.73048483e+15  4.50004314e+10  4.64373995e+09  2.24971716e+12  8.69565110e+09
 2.55650000e+03  8.07121117e+16  8.22871100e+15  4.34574421e+10  6.66819564e+09  2.24971716e+12  8.69565110e+09
 2.55725000e+03  7.79446289e+16  1.05034257e+16  4.19673594e+10  8.51152717e+09  2.24971716e+12  8.69565110e+09
 2.55800000e+03  7.52720384e+16  1.25693446e+16  4.05283690e+10  1.01856596e+10  2.24971716e+12  8.69565110e+09
 2.55875000e+03  7.26910865e+16  1.44403183e+16  3.91387193e+10  1.17018167e+10  2.24971716e+12  8.69565110e+09
 2.55950000e+03  7.01986312e+16  1.61293800e+16  3.77967183e+10  1.30705601e+10  2.24971716e+12  8.69565110e+09
 2.56025000e+03  6.77916379e+16  1.76487914e+16  3.65007323e+10  1.43018261e+10  2.24971716e+12  8.69565110e+09
 2.56100000e+03  6.54671765e+16  1.90100853e+16  3.52491834e+10  1.54049605e+10  2.24971716e+12  8.69565110e+09
 2.56175000e+03  6.32224169e+16  2.02241070e+16  3.40405481e+10  1.63887518e+10  2.24971716e+12  8.69565110e+09
 2.56175000e+03  6.32224169e+16  0.00000000e+00  3.40405481e+10  0.00000000e+00  2.24971716e+12  8.69565110e+09
 2.56177500e+03  6.31489320e+16  7.34205564e+13  3.40009820e+10  5.94968804e+07  2.24971716e+12  8.69565110e+09
 2.56180000e+03  6.30755326e+16  1.46627374e+14  3.39614619e+10  1.18820556e+08  2.24971716e+12  8.69565110e+09
 2.56182500e+03  6.30022185e+16  2.19620924e+14  3.39219877e+10  1.77971409e+08  2.24971716e+12  8.69565110e+09
 2.56185000e+03  6.29289896e+16  2.92401681e+14  3.38825594e+10  2.36949823e+08  2.24971716e+12  8.69565110e+09
 2.56187500e+03  6.28558458e+16  3.64970115e+14  3.38431770e+10  2.95756180e+08  2.24971716e+12  8.69565110e+09
 2.56190000e+03  6.27827870e+16  4.37326696e+14  3.38038403e+10  3.54390860e+08  2.24971716e+12  8.69565110e+09
 2.56192500e+03  6.27098132e+16  5.09471893e+14  3.37645493e+10  4.12854244e+08  2.24971716e+12  8.69565110e+09
 2.56195000e+03  6.26369241e+16  5.81406174e+14  3.37253040e+10  4.71146711e+08  2.24971716e+12  8.69565110e+09
 2.56197500e+03  6.25641198e+16  6.53130008e+14  3.36861043e+10  5.29268639e+08  2.24971716e+12  8.69565110e+09
 2.56200000e+03  6.24914001e+16  7.24643860e+14  3.36469502e+10  5.87220408e+08  2.24971716e+12  8.69565110e+09
 2.56200000e+03  6.24914001e+16  7.24643860e+14  3.36469502e+10  5.87220408e+08  2.24971716e+12  8.69565110e+09
 2.56330000e+03  6.61115057e+16  4.38120763e+15  3.55961066e+10  3.55034339e+09  2.24971716e+12  8.69565110e+09
 2.56460000e+03  6.95191706e+16  7.92261688e+15  3.74308795e+10  6.42015006e+09  2.24971716e+12  8.69565110e+09
 2.56590000e+03  7.27268615e+16  1.13469792e+16  3.91579814e+10  9.19510694e+09  2.24971716e+12  8.69565110e+09
 2.56720000e+03  7.57463136e+16  1.46532660e+16  4.07837308e+10  1.18743804e+10  2.24971716e+12  8.69565110e+09
 2.56850000e+03  7.85885736e+16  1.78411958e+16  4.23140755e+10  1.44577424e+10  2.24971716e+12  8.69565110e+09
 2.56980000e+03  8.12640395e+16  2.09111312e+16  4.37546140e+10  1.69454868e+10  2.24971716e+12  8.69565110e+09
 2.57110000e+03  8.37824996e+16  2.38639861e+16  4.51106166e+10  1.93383543e+10  2.24971716e+12  8.69565110e+09
 2.57240000e+03  8.61531674e+16  2.67011439e+16  4.63870441e+10  2.16374656e+10  2.24971716e+12  8.69565110e+09
 2.57370000e+03  8.83847159e+16  2.94243839e+16  4.75885663e+10  2.38442629e+10  2.24971716e+12  8.69565110e+09
 2.57500000e+03  9.04853092e+16  3.20358171e+16  4.87195788e+10  2.59604568e+10  2.24971716e+12  8.69565110e+09
 2.57500000e+03  9.04853092e+16  3.20358171e+16  4.87195788e+10  2.59604568e+10  2.24971716e+12  8.68695545e+09
 2.57502500e+03  9.03801361e+16  3.20848727e+16  4.86629510e+10  2.60002093e+10  2.24971716e+12  8.68695545e+09
 2.57505000e+03  9.02750853e+16  3.21337203e+16  4.86063889e+10  2.60397933e+10  2.24971716e+12  8.68695545e+09
 2.57507500e+03  9.01701565e+16  3.21823605e+16  4.85498926e+10  2.60792093e+10  2.24971716e+12  8.68695545e+09
 2.57510000e+03  9.00653497e+16  3.22307938e+16  4.84934620e+10  2.61184576e+10  2.24971716e+12  8.68695545e+09
 2.57512500e+03  8.99606647e+16  3.22790207e+16  4.84370969e+10  2.61575386e+10  2.24971716e+12  8.68695545e+09
 2.57515000e+03  8.98561014e+16  3.23270417e+16  4.83807974e+10  2.61964527e+10  2.24971716e+12  8.68695545e+09
 2.57517500e+03  8.97516596e+16  3.23748572e+16  4.83245633e+10  2.62352004e+10  2.24971716e+12  8.68695545e+09
 2.57520000e+03  8.96473392e+16  3.24224679e+16  4.82683946e+10  2.62737820e+10  2.24971716e+12  8.68695545e+09
 2.57522500e+03  8.95431401e+16  3.24698741e+16  4.82122911e+10  2.63121980e+10  2.24971716e+12  8.68695545e+09
 2.57525000e+03  8.94390621e+16  3.25170765e+16  4.81562529e+10  2.63504488e+10  2.24971716e+12  8.68695545e+09
 2.57525000e+03  8.94390621e+16  0.00000000e+00  4.81562529e+10  0.00000000e+00  2.26607315e+12  8.67826849e+09
 2.57600000e+03  8.63723467e+16  2.98713191e+15  4.65050558e+10  2.42064401e+09  2.26607315e+12  8.67826849e+09
 2.57675000e+03  8.34107840e+16  5.71902959e+15  4.49104755e+10  4.63445711e+09  2.26607315e+12  8.67826849e+09
 2.57750000e+03  8.05507682e+16  8.21226180e+15  4.33705707e+10  6.65486592e+09  2.26607315e+12  8.67826849e+09
 2.57825000e+03  7.77888175e+16  1.04824293e+16  4.18834666e+10  8.49451262e+09  2.26607315e+12  8.67826849e+09
 2.57900000e+03  7.51215696e+16  1.25442185e+16  4.04473528e+10  1.01652984e+10  2.26607315e+12  8.67826849e+09
 2.57975000e+03  7.25457770e+16  1.44114521e+16  3.90604810e+10  1.16784248e+10  2.26607315e+12  8.67826849e+09
 2.58050000e+03  7.00583041e+16  1.60971374e+16  3.77211627e+10  1.30444321e+10  2.26607315e+12  8.67826849e+09
 2.58125000e+03  6.76561225e+16  1.76135114e+16  3.64277673e+10  1.42732368e+10  2.26607315e+12  8.67826849e+09
 2.58200000e+03  6.53363076e+16  1.89720842e+16  3.51787203e+10  1.53741660e+10  2.26607315e+12  8.67826849e+09
 2.58275000e+03  6.30960353e+16  2.01836790e+16  3.39725010e+10  1.63559907e+10  2.26607315e+12  8.67826849e+09
 2.58275000e+03  6.30960353e+16  0.00000000e+00  3.39725010e+10  0.00000000e+00  2.26607315e+12  8.67826849e+09
 2.58277500e+03  6.30226973e+16  7.32737887e+13  3.39330140e+10  5.93779462e+07  2.26607315e+12  8.67826849e+09
 2.58280000e+03  6.29494446e+16  1.46334265e+14  3.38935729e+10  1.18583033e+08  2.26607315e+12  8.67826849e+09
 2.58282500e+03  6.28762770e+16  2.19181902e+14  3.38541777e+10  1.77615644e+08  2.26607315e+12  8.67826849e+09
 2.58285000e+03  6.28031945e+16  2.91817170e+14  3.38148282e+10  2.36476161e+08  2.26607315e+12  8.67826849e+09
 2.58287500e+03  6.27301970e+16  3.64240540e+14  3.37755245e+10  2.95164963e+08  2.26607315e+12  8.67826849e+09
 2.58290000e+03  6.26572842e+16  4.36452479e+14  3.37362664e+10  3.53682433e+08  2.26607315e+12  8.67826849e+09
 2.58292500e+03  6.25844563e+16  5.08453458e+14  3.36970540e+10  4.12028948e+08  2.26607315e+12  8.67826849e+09
 2.58295000e+03  6.25117129e+16  5.80243943e+14  3.36578871e+10  4.70204888e+08  2.26607315e+12  8.67826849e+09
 2.58297500e+03  6.24390541e+16  6.51824401e+14  3.36187658e+10  5.28210631e+08  2.26607315e+12  8.67826849e+09
 2.58300000e+03  6.23664798e+16  7.23195297e+14  3.35796899e+10  5.86046554e+08  2.26607315e+12  8.67826849e+09
 2.58300000e+03  6.23664798e+16  7.23195297e+14  3.35796899e+10  5.86046554e+08  2.26607315e+12  8.67826849e+09
 2.58430000e+03  6.59793488e+16  4.37244960e+15  3.55249500e+10  3.54324625e+09  2.26607315e+12  8.67826849e+09
 2.58560000e+03  6.93802018e+16  7.90677957e+15  3.73560552e+10  6.40731618e+09  2.26607315e+12  8.67826849e+09
 2.58690000e+03  7.25814805e+16  1.13242966e+16  3.90797046e+10  9.17672592e+09  2.26607315e+12  8.67826849e+09
 2.58820000e+03  7.55948968e+16  1.46239741e+16  4.07022042e+10  1.18506435e+10  2.26607315e+12  8.67826849e+09
 2.58950000e+03  7.84314750e+16  1.78055312e+16  4.22294896e+10  1.44288414e+10  2.26607315e+12  8.67826849e+09
 2.59080000e+03  8.11015927e+16  2.08693298e+16  4.36671485e+10  1.69116128e+10  2.26607315e+12  8.67826849e+09
 2.59210000e+03  8.36150183e+16  2.38162820e+16  4.50204404e+10  1.92996969e+10  2.26607315e+12  8.67826849e+09
 2.59340000e+03  8.59809472e+16  2.66477683e+16  4.62943164e+10  2.15942123e+10  2.26607315e+12  8.67826849e+09
 2.59470000e+03  8.82080349e+16  2.93655646e+16  4.74934367e+10  2.37965982e+10  2.26607315e+12  8.67826849e+09
 2.59600000e+03  9.03044291e+16  3.19717775e+16  4.86221884e+10  2.59085618e+10  2.26607315e+12  8.67826849e+09
 2.59600000e+03  9.03044291e+16  3.19717775e+16  4.86221884e+10  2.59085618e+10  2.26607315e+12  8.66959022e+09
 2.59602500e+03  9.01994662e+16  3.20207350e+16  4.85656737e+10  2.59482349e+10  2.26607315e+12  8.66959022e+09
 2.59605000e+03  9.00946254e+16  3.20694850e+16  4.85092247e+10  2.59877398e+10  2.26607315e+12  8.66959022e+09
 2.59607500e+03  8.99899063e+16  3.21180280e+16  4.84528414e+10  2.60270770e+10  2.26607315e+12  8.66959022e+09
 2.59610000e+03  8.98853090e+16  3.21663645e+16  4.83965235e+10  2.60662468e+10  2.26607315e+12  8.66959022e+09
 2.59612500e+03  8.97808333e+16  3.22144950e+16  4.83402712e+10  2.61052497e+10  2.26607315e+12  8.66959022e+09
 2.59615000e+03  8.96764790e+16  3.22624199e+16  4.82840842e+10  2.61440860e+10  2.26607315e+12  8.66959022e+09
 2.59617500e+03  8.95722460e+16  3.23101399e+16  4.82279625e+10  2.61827562e+10  2.26607315e+12  8.66959022e+09
 2.59620000e+03  8.94681342e+16  3.23576554e+16  4.81719060e+10  2.62212608e+10  2.26607315e+12  8.66959022e+09
 2.59622500e+03  8.93641433e+16  3.24049669e+16  4.81159147e+10  2.62596000e+10  2.26607315e+12  8.66959022e+09
 2.59625000e+03  8.92602734e+16  3.24520748e+16  4.80599885e+10  2.62977742e+10  2.26607315e+12  8.66959022e+09
 2.59625000e+03  8.92602734e+16  0.00000000e+00  4.80599885e+10  0.00000000e+00  2.28239644e+12  8.66092063e+09
 2.59700000e+03  8.61996884e+16  2.98116063e+15  4.64120922e+10  2.41580514e+09  2.28239644e+12  8.66092063e+09
 2.59775000e+03  8.32440458e+16  5.70759725e+15  4.48206994e+10  4.62519283e+09  2.28239644e+12  8.66092063e+09
 2.59850000e+03  8.03897472e+16  8.19584549e+15  4.32838729e+10  6.64156284e+09  2.28239644e+12  8.66092063e+09
 2.59925000e+03  7.76333177e+16  1.04614749e+16  4.17997415e+10  8.47753209e+09  2.28239644e+12  8.66092063e+09
 2.60000000e+03  7.49714015e+16  1.25191426e+16  4.03664986e+10  1.01449780e+10  2.28239644e+12  8.66092063e+09
 2.60075000e+03  7.24007580e+16  1.43826436e+16  3.89823991e+10  1.16550796e+10  2.28239644e+12  8.66092063e+09
 2.60150000e+03  6.99182576e+16  1.60649592e+16  3.76457581e+10  1.30183562e+10  2.28239644e+12  8.66092063e+09
 2.60225000e+03  6.75208779e+16  1.75783020e+16  3.63549482e+10  1.42447046e+10  2.28239644e+12  8.66092063e+09
 2.60300000e+03  6.52057003e+16  1.89341590e+16  3.51083981e+10  1.53434331e+10  2.28239644e+12  8.66092063e+09
 2.60375000e+03  6.29699063e+16  2.01433318e+16  3.39045900e+10  1.63232951e+10  2.28239644e+12  8.66092063e+09
 2.60375000e+03  6.29699063e+16  0.00000000e+00  3.39045900e+10  0.00000000e+00  2.28239644e+12  8.66092063e+09
 2.60377500e+03  6.28967149e+16  7.31273144e+13  3.38651819e+10  5.92592497e+07  2.28239644e+12  8.66092063e+09
 2.60380000e+03  6.28236087e+16  1.46041743e+14  3.38258197e+10  1.18345986e+08  2.28239644e+12  8.66092063e+09
 2.60382500e+03  6.27505874e+16  2.18743758e+14  3.37865032e+10  1.77260591e+08  2.28239644e+12  8.66092063e+09
 2.60385000e+03  6.26776509e+16  2.91233828e+14  3.37472323e+10  2.36003445e+08  2.28239644e+12  8.66092063e+09
 2.60387500e+03  6.26047993e+16  3.63512423e+14  3.37080072e+10  2.94574929e+08  2.28239644e+12  8.66092063e+09
 2.60390000e+03  6.25320323e+16  4.35580011e+14  3.36688276e+10  3.52975421e+08  2.28239644e+12  8.66092063e+09
 2.60392500e+03  6.24593499e+16  5.07437060e+14  3.36296936e+10  4.11205302e+08  2.28239644e+12  8.66092063e+09
 2.60395000e+03  6.23867520e+16  5.79084036e+14  3.35906050e+10  4.69264949e+08  2.28239644e+12  8.66092063e+09
 2.60397500e+03  6.23142385e+16  6.50521404e+14  3.35515619e+10  5.27154738e+08  2.28239644e+12  8.66092063e+09
 2.60400000e+03  6.22418092e+16  7.21749629e+14  3.35125641e+10  5.84875047e+08  2.28239644e+12  8.66092063e+09
 2.60400000e+03  6.22418092e+16  7.21749629e+14  3.35125641e+10  5.84875047e+08  2.28239644e+12  8.66092063e+09
 2.60530000e+03  6.58474561e+16  4.36370907e+15  3.54539356e+10  3.53616330e+09  2.28239644e+12  8.66092063e+09
 2.60660000e+03  6.92415107e+16  7.89097392e+15  3.72813805e+10  6.39450795e+09  2.28239644e+12  8.66092063e+09
 2.60790000e+03  7.24363901e+16  1.13016594e+16  3.90015843e+10  9.15838164e+09  2.28239644e+12  8.66092063e+09
 2.60920000e+03  7.54437826e+16  1.45947408e+16  4.06208405e+10  1.18269541e+10  2.28239644e+12  8.66092063e+09
 2.61050000e+03  7.82746905e+16  1.77699380e+16  4.21450729e+10  1.43999981e+10  2.28239644e+12  8.66092063e+09
 2.61180000e+03  8.09394706e+16  2.08276120e+16  4.35798579e+10  1.68778065e+10  2.28239644e+12  8.66092063e+09
 2.61310000e+03  8.34478719e+16  2.37686733e+16  4.49304446e+10  1.92611168e+10  2.28239644e+12  8.66092063e+09
 2.61440000e+03  8.58090713e+16  2.65944994e+16  4.62017740e+10  2.15510455e+10  2.28239644e+12  8.66092063e+09
 2.61570000e+03  8.80317070e+16  2.93068628e+16  4.73984973e+10  2.37490288e+10  2.28239644e+12  8.66092063e+09
 2.61700000e+03  9.01239106e+16  3.19078659e+16  4.85249926e+10  2.58567706e+10  2.28239644e+12  8.66092063e+09
 2.61700000e+03  9.01239106e+16  3.19078659e+16  4.85249926e+10  2.58567706e+10  2.28239644e+12  8.65225971e+09
 2.61702500e+03  9.00191575e+16  3.19567256e+16  4.84685909e+10  2.58963644e+10  2.28239644e+12  8.65225971e+09
 2.61705000e+03  8.99145262e+16  3.20053781e+16  4.84122548e+10  2.59357903e+10  2.28239644e+12  8.65225971e+09
 2.61707500e+03  8.98100165e+16  3.20538241e+16  4.83559841e+10  2.59750488e+10  2.28239644e+12  8.65225971e+09
 2.61710000e+03  8.97056283e+16  3.21020639e+16  4.82997789e+10  2.60141403e+10  2.28239644e+12  8.65225971e+09
 2.61712500e+03  8.96013614e+16  3.21500982e+16  4.82436390e+10  2.60530653e+10  2.28239644e+12  8.65225971e+09
 2.61715000e+03  8.94972157e+16  3.21979274e+16  4.81875643e+10  2.60918240e+10  2.28239644e+12  8.65225971e+09
 2.61717500e+03  8.93931911e+16  3.22455519e+16  4.81315548e+10  2.61304169e+10  2.28239644e+12  8.65225971e+09
 2.61720000e+03  8.92892874e+16  3.22929724e+16  4.80756104e+10  2.61688445e+10  2.28239644e+12  8.65225971e+09
 2.61722500e+03  8.91855044e+16  3.23401893e+16  4.80197310e+10  2.62071070e+10  2.28239644e+12  8.65225971e+09
 2.61725000e+03  8.90818421e+16  3.23872031e+16  4.79639166e+10  2.62452050e+10  2.28239644e+12  8.65225971e+09
 2.61725000e+03  8.90818421e+16  0.00000000e+00  4.79639166e+10  0.00000000e+00  2.29868711e+12  8.64360745e+09
 2.61800000e+03  8.60273752e+16  2.97520129e+15  4.63193144e+10  2.41097595e+09  2.29868711e+12  8.64360745e+09
 2.61875000e+03  8.30776410e+16  5.69618776e+15  4.47311029e+10  4.61594707e+09  2.29868711e+12  8.64360745e+09
 2.61950000e+03  8.02290481e+16  8.17946200e+15  4.31973484e+10  6.62828636e+09  2.29868711e+12  8.64360745e+09
 2.62025000e+03  7.74781287e+16  1.04405624e+16  4.17161839e+10  8.46058551e+09  2.29868711e+12  8.64360745e+09
 2.62100000e+03  7.48215337e+16  1.24941168e+16  4.02858059e+10  1.01246982e+10  2.29868711e+12  8.64360745e+09
 2.62175000e+03  7.22560289e+16  1.43538927e+16  3.89044733e+10  1.16317811e+10  2.29868711e+12  8.64360745e+09
 2.62250000e+03  6.97784910e+16  1.60328454e+16  3.75705042e+10  1.29923325e+10  2.29868711e+12  8.64360745e+09
 2.62325000e+03  6.73859036e+16  1.75431630e+16  3.62822747e+10  1.42162294e+10  2.29868711e+12  8.64360745e+09
 2.62400000e+03  6.50753541e+16  1.88963096e+16  3.50382164e+10  1.53127615e+10  2.29868711e+12  8.64360745e+09
 2.62475000e+03  6.28440294e+16  2.01030653e+16  3.38368147e+10  1.62906648e+10  2.29868711e+12  8.64360745e+09
 2.62475000e+03  6.28440294e+16  0.00000000e+00  3.38368147e+10  0.00000000e+00  2.29868711e+12  8.64360745e+09
 2.62477500e+03  6.27709844e+16  7.29811329e+13  3.37974854e+10  5.91407904e+07  2.29868711e+12  8.64360745e+09
 2.62480000e+03  6.26980243e+16  1.45749806e+14  3.37582019e+10  1.18109412e+08  2.29868711e+12  8.64360745e+09
 2.62482500e+03  6.26251489e+16  2.18306489e+14  3.37189639e+10  1.76906247e+08  2.29868711e+12  8.64360745e+09
 2.62485000e+03  6.25523583e+16  2.90651651e+14  3.36797716e+10  2.35531674e+08  2.29868711e+12  8.64360745e+09
 2.62487500e+03  6.24796523e+16  3.62785761e+14  3.36406249e+10  2.93986073e+08  2.29868711e+12  8.64360745e+09
 2.62490000e+03  6.24070308e+16  4.34709287e+14  3.36015236e+10  3.52269824e+08  2.29868711e+12  8.64360745e+09
 2.62492500e+03  6.23344937e+16  5.06422693e+14  3.35624678e+10  4.10383303e+08  2.29868711e+12  8.64360745e+09
 2.62495000e+03  6.22620409e+16  5.77926447e+14  3.35234574e+10  4.68326888e+08  2.29868711e+12  8.64360745e+09
 2.62497500e+03  6.21896723e+16  6.49221012e+14  3.34844923e+10  5.26100956e+08  2.29868711e+12  8.64360745e+09
 2.62500000e+03  6.21173879e+16  7.20306852e+14  3.34455725e+10  5.83705882e+08  2.29868711e+12  8.64360745e+09
 2.62500000e+03  6.21173879e+16  7.20306852e+14  3.34455725e+10  5.83705882e+08  2.29868711e+12  8.64360745e+09
 2.62630000e+03  6.57158270e+16  4.35498602e+15  3.53830632e+10  3.52909451e+09  2.29868711e+12  8.64360745e+09
 2.62760000e+03  6.91030970e+16  7.87519986e+15  3.72068550e+10  6.38172533e+09  2.29868711e+12  8.64360745e+09
 2.62890000e+03  7.22915898e+16  1.12790673e+16  3.89236201e+10  9.14007404e+09  2.29868711e+12  8.64360745e+09
 2.63020000e+03  7.52929704e+16  1.45655659e+16  4.05396394e+10  1.18033120e+10  2.29868711e+12  8.64360745e+09
 2.63150000e+03  7.81182194e+16  1.77344159e+16  4.20608249e+10  1.43712125e+10  2.29868711e+12  8.64360745e+09
 2.63280000e+03  8.07776726e+16  2.07859776e+16  4.34927418e+10  1.68440678e+10  2.29868711e+12  8.64360745e+09
 2.63410000e+03  8.32810596e+16  2.37211597e+16  4.48406286e+10  1.92226138e+10  2.29868711e+12  8.64360745e+09
 2.63540000e+03  8.56375389e+16  2.65413370e+16  4.61094167e+10  2.15079650e+10  2.29868711e+12  8.64360745e+09
 2.63670000e+03  8.78557316e+16  2.92482784e+16  4.73037477e+10  2.37015545e+10  2.29868711e+12  8.64360745e+09
 2.63800000e+03  8.99437529e+16  3.18440821e+16  4.84279912e+10  2.58050829e+10  2.29868711e+12  8.64360745e+09
 2.63800000e+03  8.99437529e+16  3.18440821e+16  4.84279912e+10  2.58050829e+10  2.29868711e+12  8.63496385e+09
 2.63802500e+03  8.98392092e+16  3.18928441e+16  4.83717022e+10  2.58445975e+10  2.29868711e+12  8.63496385e+09
 2.63805000e+03  8.97347871e+16  3.19413993e+16  4.83154787e+10  2.58839447e+10  2.29868711e+12  8.63496385e+09
 2.63807500e+03  8.96304863e+16  3.19897485e+16  4.82593205e+10  2.59231247e+10  2.29868711e+12  8.63496385e+09
 2.63810000e+03  8.95263068e+16  3.20378919e+16  4.82032276e+10  2.59621381e+10  2.29868711e+12  8.63496385e+09
 2.63812500e+03  8.94222483e+16  3.20858301e+16  4.81471999e+10  2.60009852e+10  2.29868711e+12  8.63496385e+09
 2.63815000e+03  8.93183108e+16  3.21335637e+16  4.80912373e+10  2.60396664e+10  2.29868711e+12  8.63496385e+09
 2.63817500e+03  8.92144941e+16  3.21810931e+16  4.80353398e+10  2.60781822e+10  2.29868711e+12  8.63496385e+09
 2.63820000e+03  8.91107981e+16  3.22284188e+16  4.79795072e+10  2.61165329e+10  2.29868711e+12  8.63496385e+09
 2.63822500e+03  8.90072226e+16  3.22755413e+16  4.79237396e+10  2.61547190e+10  2.29868711e+12  8.63496385e+09
 2.63825000e+03  8.89037675e+16  3.23224611e+16  4.78680367e+10  2.61927408e+10  2.29868711e+12  8.63496385e+09
 2.63825000e+03  8.89037675e+16  0.00000000e+00  4.78680367e+10  0.00000000e+00  2.31494521e+12  8.62632888e+09
 2.63900000e+03  8.58554065e+16  2.96925387e+15  4.62267221e+10  2.40615641e+09  2.31494521e+12  8.62632888e+09
 2.63975000e+03  8.29115687e+16  5.68480108e+15  4.46416854e+10  4.60671979e+09  2.31494521e+12  8.62632888e+09
 2.64050000e+03  8.00686702e+16  8.16311125e+15  4.31109969e+10  6.61503642e+09  2.31494521e+12  8.62632888e+09
 2.64125000e+03  7.73232499e+16  1.04196918e+16  4.16327932e+10  8.44367279e+09  2.31494521e+12  8.62632888e+09
 2.64200000e+03  7.46719655e+16  1.24691411e+16  4.02052746e+10  1.01044589e+10  2.31494521e+12  8.62632888e+09
 2.64275000e+03  7.21115891e+16  1.43251993e+16  3.88267032e+10  1.16085291e+10  2.31494521e+12  8.62632888e+09
 2.64350000e+03  6.96390038e+16  1.60007957e+16  3.74954008e+10  1.29663609e+10  2.31494521e+12  8.62632888e+09
 2.64425000e+03  6.72511992e+16  1.75080942e+16  3.62097464e+10  1.41878112e+10  2.31494521e+12  8.62632888e+09
 2.64500000e+03  6.49452685e+16  1.88585359e+16  3.49681750e+10  1.52821513e+10  2.31494521e+12  8.62632888e+09
 2.64575000e+03  6.27184042e+16  2.00628793e+16  3.37691749e+10  1.62580998e+10  2.31494521e+12  8.62632888e+09
 2.64575000e+03  6.27184042e+16  0.00000000e+00  3.37691749e+10  0.00000000e+00  2.31494521e+12  8.62632888e+09
 2.64577500e+03  6.26455052e+16  7.28352436e+13  3.37299243e+10  5.90225680e+07  2.31494521e+12  8.62632888e+09
 2.64580000e+03  6.25726909e+16  1.45458452e+14  3.36907192e+10  1.17873312e+08  2.31494521e+12  8.62632888e+09
 2.64582500e+03  6.24999613e+16  2.17870094e+14  3.36515597e+10  1.76552611e+08  2.31494521e+12  8.62632888e+09
 2.64585000e+03  6.24273162e+16  2.90070639e+14  3.36124458e+10  2.35060846e+08  2.31494521e+12  8.62632888e+09
 2.64587500e+03  6.23547555e+16  3.62060553e+14  3.35733773e+10  2.93398395e+08  2.31494521e+12  8.62632888e+09
 2.64590000e+03  6.22822791e+16  4.33840303e+14  3.35343542e+10  3.51565636e+08  2.31494521e+12  8.62632888e+09
 2.64592500e+03  6.22098870e+16  5.05410354e+14  3.34953764e+10  4.09562947e+08  2.31494521e+12  8.62632888e+09
 2.64595000e+03  6.21375791e+16  5.76771172e+14  3.34564440e+10  4.67390703e+08  2.31494521e+12  8.62632888e+09
 2.64597500e+03  6.20653552e+16  6.47923219e+14  3.34175568e+10  5.25049280e+08  2.31494521e+12  8.62632888e+09
 2.64600000e+03  6.19932152e+16  7.18866958e+14  3.33787148e+10  5.82539054e+08  2.31494521e+12  8.62632888e+09
 2.64600000e+03  6.19932152e+16  7.18866958e+14  3.33787148e+10  5.82539054e+08  2.31494521e+12  8.62632888e+09
 2.64730000e+03  6.55844611e+16  4.34628040e+15  3.53123324e+10  3.52203985e+09  2.31494521e+12  8.62632888e+09
 2.64860000e+03  6.89649599e+16  7.85945733e+15  3.71324785e+10  6.36896826e+09  2.31494521e+12  8.62632888e+09
 2.64990000e+03  7.21470789e+16  1.12565205e+16  3.88458118e+10  9.12180303e+09  2.31494521e+12  8.62632888e+09
 2.65120000e+03  7.51424598e+16  1.45364493e+16  4.04586007e+10  1.17797172e+10  2.31494521e+12  8.62632888e+09
 2.65250000e+03  7.79620611e+16  1.76989648e+16  4.19767453e+10  1.43424845e+10  2.31494521e+12  8.62632888e+09
 2.65380000e+03  8.06161980e+16  2.07444265e+16  4.34057998e+10  1.68103965e+10  2.31494521e+12  8.62632888e+09
 2.65510000e+03  8.31145808e+16  2.36737411e+16  4.47509922e+10  1.91841878e+10  2.31494521e+12  8.62632888e+09
 2.65640000e+03  8.54663495e+16  2.64882809e+16  4.60172440e+10  2.14649705e+10  2.31494521e+12  8.62632888e+09
 2.65770000e+03  8.76801080e+16  2.91898111e+16  4.72091875e+10  2.36541751e+10  2.31494521e+12  8.62632888e+09
 2.65900000e+03  8.97639553e+16  3.17804258e+16  4.83311836e+10  2.57534985e+10  2.31494521e+12  8.62632888e+09
 2.65900000e+03  8.97639553e+16  3.17804258e+16  4.83311836e+10  2.57534985e+10  2.31494521e+12  8.61770255e+09
 2.65902500e+03  8.96596206e+16  3.18290903e+16  4.82750072e+10  2.57929342e+10  2.31494521e+12  8.61770255e+09
 2.65905000e+03  8.95554072e+16  3.18775485e+16  4.82188961e+10  2.58322027e+10  2.31494521e+12  8.61770255e+09
 2.65907500e+03  8.94513149e+16  3.19258009e+16  4.81628501e+10  2.58713044e+10  2.31494521e+12  8.61770255e+09
 2.65910000e+03  8.93473437e+16  3.19738481e+16  4.81068694e+10  2.59102398e+10  2.31494521e+12  8.61770255e+09
 2.65912500e+03  8.92434932e+16  3.20216906e+16  4.80509537e+10  2.59490092e+10  2.31494521e+12  8.61770255e+09
 2.65915000e+03  8.91397635e+16  3.20693287e+16  4.79951030e+10  2.59876131e+10  2.31494521e+12  8.61770255e+09
 2.65917500e+03  8.90361543e+16  3.21167631e+16  4.79393172e+10  2.60260519e+10  2.31494521e+12  8.61770255e+09
 2.65920000e+03  8.89326656e+16  3.21639942e+16  4.78835962e+10  2.60643260e+10  2.31494521e+12  8.61770255e+09
 2.65922500e+03  8.88292972e+16  3.22110225e+16  4.78279400e+10  2.61024357e+10  2.31494521e+12  8.61770255e+09
 2.65925000e+03  8.87260489e+16  3.22578485e+16  4.77723485e+10  2.61403815e+10  2.31494521e+12  8.61770255e+09
 2.65925000e+03  8.87260489e+16  0.00000000e+00  4.77723485e+10  0.00000000e+00  2.33117081e+12  8.60908485e+09
 2.66000000e+03  8.56837816e+16  2.96331833e+15  4.61343149e+10  2.40134650e+09  2.33117081e+12  8.60908485e+09
 2.66075000e+03  8.27458285e+16  5.67343717e+15  4.45524467e+10  4.59751096e+09  2.33117081e+12  8.60908485e+09
 2.66150000e+03  7.99086130e+16  8.14679319e+15  4.30248181e+10  6.60181296e+09  2.33117081e+12  8.60908485e+09
 2.66225000e+03  7.71686807e+16  1.03988628e+16  4.15495693e+10  8.42679389e+09  2.33117081e+12  8.60908485e+09
 2.66300000e+03  7.45226962e+16  1.24442153e+16  4.01249043e+10  1.00842601e+10  2.33117081e+12  8.60908485e+09
 2.66375000e+03  7.19674380e+16  1.42965632e+16  3.87490887e+10  1.15853237e+10  2.33117081e+12  8.60908485e+09
 2.66450000e+03  6.94997954e+16  1.59688101e+16  3.74204474e+10  1.29404411e+10  2.33117081e+12  8.60908485e+09
 2.66525000e+03  6.71167641e+16  1.74730955e+16  3.61373631e+10  1.41594497e+10  2.33117081e+12  8.60908485e+09
 2.66600000e+03  6.48154429e+16  1.88208376e+16  3.48982736e+10  1.52516023e+10  2.33117081e+12  8.60908485e+09
 2.66675000e+03  6.25930301e+16  2.00227736e+16  3.37016704e+10  1.62255998e+10  2.33117081e+12  8.60908485e+09
 2.66675000e+03  6.25930301e+16  0.00000000e+00  3.37016704e+10  0.00000000e+00  2.33117081e+12  8.60908485e+09
 2.66677500e+03  6.25202768e+16  7.26896460e+13  3.36624982e+10  5.89045819e+07  2.33117081e+12  8.60908485e+09
 2.66680000e+03  6.24476081e+16  1.45167680e+14  3.36233715e+10  1.17637683e+08  2.33117081e+12  8.60908485e+09
 2.66682500e+03  6.23750239e+16  2.17434572e+14  3.35842903e+10  1.76199683e+08  2.33117081e+12  8.60908485e+09
 2.66685000e+03  6.23025240e+16  2.89490787e+14  3.35452545e+10  2.34590959e+08  2.33117081e+12  8.60908485e+09
 2.66687500e+03  6.22301083e+16  3.61336794e+14  3.35062641e+10  2.92811892e+08  2.33117081e+12  8.60908485e+09
 2.66690000e+03  6.21577769e+16  4.32973056e+14  3.34673190e+10  3.50862857e+08  2.33117081e+12  8.60908485e+09
 2.66692500e+03  6.20855295e+16  5.04400039e+14  3.34284192e+10  4.08744230e+08  2.33117081e+12  8.60908485e+09
 2.66695000e+03  6.20133661e+16  5.75618206e+14  3.33895646e+10  4.66456389e+08  2.33117081e+12  8.60908485e+09
 2.66697500e+03  6.19412865e+16  6.46628020e+14  3.33507551e+10  5.23999707e+08  2.33117081e+12  8.60908485e+09
 2.66700000e+03  6.18692908e+16  7.17429943e+14  3.33119908e+10  5.81374559e+08  2.33117081e+12  8.60908485e+09
 2.66700000e+03  6.18692908e+16  7.17429943e+14  3.33119908e+10  5.81374559e+08  2.33117081e+12  8.60908485e+09
 2.66830000e+03  6.54533578e+16  4.33759219e+15  3.52417431e+10  3.51499929e+09  2.33117081e+12  8.60908485e+09
 2.66960000e+03  6.88270989e+16  7.84374628e+15  3.70582507e+10  6.35623669e+09  2.33117081e+12  8.60908485e+09
 2.67090000e+03  7.20028569e+16  1.12340187e+16  3.87681591e+10  9.10356855e+09  2.33117081e+12  8.60908485e+09
 2.67220000e+03  7.49922500e+16  1.45073910e+16  4.03777239e+10  1.17561695e+10  2.33117081e+12  8.60908485e+09
 2.67350000e+03  7.78062149e+16  1.76635845e+16  4.18928338e+10  1.43138139e+10  2.33117081e+12  8.60908485e+09
 2.67480000e+03  8.04550463e+16  2.07029584e+16  4.33190316e+10  1.67767925e+10  2.33117081e+12  8.60908485e+09
 2.67610000e+03  8.29484347e+16  2.36264173e+16  4.46615350e+10  1.91458386e+10  2.33117081e+12  8.60908485e+09
 2.67740000e+03  8.52955023e+16  2.64353308e+16  4.59252555e+10  2.14220621e+10  2.33117081e+12  8.60908485e+09
 2.67870000e+03  8.75048355e+16  2.91314606e+16  4.71148164e+10  2.36068904e+10  2.33117081e+12  8.60908485e+09
 2.68000000e+03  8.95845172e+16  3.17168967e+16  4.82345696e+10  2.57020173e+10  2.33117081e+12  8.60908485e+09
 2.68000000e+03  8.95845172e+16  3.17168967e+16  4.82345696e+10  2.57020173e+10  2.33117081e+12  8.60047577e+09
 2.68002500e+03  8.94803910e+16  3.17654639e+16  4.81785054e+10  2.57413741e+10  2.33117081e+12  8.60047577e+09
 2.68005000e+03  8.93763860e+16  3.18138253e+16  4.81225065e+10  2.57805641e+10  2.33117081e+12  8.60047577e+09
 2.68007500e+03  8.92725018e+16  3.18619813e+16  4.80665726e+10  2.58195876e+10  2.33117081e+12  8.60047577e+09
 2.68010000e+03  8.91687383e+16  3.19099324e+16  4.80107037e+10  2.58584452e+10  2.33117081e+12  8.60047577e+09
 2.68012500e+03  8.90650955e+16  3.19576792e+16  4.79548998e+10  2.58971371e+10  2.33117081e+12  8.60047577e+09
 2.68015000e+03  8.89615731e+16  3.20052221e+16  4.78991607e+10  2.59356639e+10  2.33117081e+12  8.60047577e+09
 2.68017500e+03  8.88581711e+16  3.20525617e+16  4.78434865e+10  2.59740258e+10  2.33117081e+12  8.60047577e+09
 2.68020000e+03  8.87548892e+16  3.20996983e+16  4.77878769e+10  2.60122234e+10  2.33117081e+12  8.60047577e+09
 2.68022500e+03  8.86517274e+16  3.21466327e+16  4.77323320e+10  2.60502570e+10  2.33117081e+12  8.60047577e+09
 2.68025000e+03  8.85486855e+16  3.21933651e+16  4.76768516e+10  2.60881269e+10  2.33117081e+12  8.60047577e+09
 2.68025000e+03  8.85486855e+16  0.00000000e+00  4.76768516e+10  0.00000000e+00  2.34736397e+12  8.59187529e+09
 2.68100000e+03  8.55124997e+16  2.95739465e+15  4.60420924e+10  2.39654621e+09  2.34736397e+12  8.59187529e+09
 2.68175000e+03  8.25804196e+16  5.66209596e+15  4.44633863e+10  4.58832054e+09  2.34736397e+12  8.59187529e+09
 2.68250000e+03  7.97488756e+16  8.13050775e+15  4.29388114e+10  6.58861593e+09  2.34736397e+12  8.59187529e+09
 2.68325000e+03  7.70144205e+16  1.03780755e+16  4.14665117e+10  8.40994873e+09  2.34736397e+12  8.59187529e+09
 2.68400000e+03  7.43737253e+16  1.24193393e+16  4.00446946e+10  1.00641017e+10  2.34736397e+12  8.59187529e+09
 2.68475000e+03  7.18235751e+16  1.42679844e+16  3.86716292e+10  1.15621646e+10  2.34736397e+12  8.59187529e+09
 2.68550000e+03  6.93608653e+16  1.59368885e+16  3.73456440e+10  1.29145732e+10  2.34736397e+12  8.59187529e+09
 2.68625000e+03  6.69825977e+16  1.74381668e+16  3.60651245e+10  1.41311450e+10  2.34736397e+12  8.59187529e+09
 2.68700000e+03  6.46858768e+16  1.87832148e+16  3.48285119e+10  1.52211143e+10  2.34736397e+12  8.59187529e+09
 2.68775000e+03  6.24679067e+16  1.99827481e+16  3.36343007e+10  1.61931648e+10  2.34736397e+12  8.59187529e+09
 2.68775000e+03  6.24679067e+16  0.00000000e+00  3.36343007e+10  0.00000000e+00  2.34736397e+12  8.59187529e+09
 2.68777500e+03  6.23952988e+16  7.25443394e+13  3.35952068e+10  5.87868316e+07  2.34736397e+12  8.59187529e+09
 2.68780000e+03  6.23227753e+16  1.44877490e+14  3.35561584e+10  1.17402525e+08  2.34736397e+12  8.59187529e+09
 2.68782500e+03  6.22503362e+16  2.16999920e+14  3.35171553e+10  1.75847459e+08  2.34736397e+12  8.59187529e+09
 2.68785000e+03  6.21779812e+16  2.88912095e+14  3.34781975e+10  2.34122012e+08  2.34736397e+12  8.59187529e+09
 2.68787500e+03  6.21057103e+16  3.60614481e+14  3.34392851e+10  2.92226561e+08  2.34736397e+12  8.59187529e+09
 2.68790000e+03  6.20335235e+16  4.32107543e+14  3.34004178e+10  3.50161482e+08  2.34736397e+12  8.59187529e+09
 2.68792500e+03  6.19614205e+16  5.03391743e+14  3.33615958e+10  4.07927151e+08  2.34736397e+12  8.59187529e+09
 2.68795000e+03  6.18894013e+16  5.74467545e+14  3.33228188e+10  4.65523942e+08  2.34736397e+12  8.59187529e+09
 2.68797500e+03  6.18174659e+16  6.45335411e+14  3.32840870e+10  5.22952231e+08  2.34736397e+12  8.59187529e+09
 2.68800000e+03  6.17456140e+16  7.15995801e+14  3.32454001e+10  5.80212391e+08  2.34736397e+12  8.59187529e+09
 2.68800000e+03  6.17456140e+16  7.15995801e+14  3.32454001e+10  5.80212391e+08  2.34736397e+12  8.59187529e+09
 2.68930000e+03  6.53225165e+16  4.32892134e+15  3.51712949e+10  3.50797281e+09  2.34736397e+12  8.59187529e+09
 2.69060000e+03  6.86895135e+16  7.82806663e+15  3.69841712e+10  6.34353058e+09  2.34736397e+12  8.59187529e+09
 2.69190000e+03  7.18589232e+16  1.12115619e+16  3.86906615e+10  9.08537051e+09  2.34736397e+12  8.59187529e+09
 2.69320000e+03  7.48423405e+16  1.44783907e+16  4.02970089e+10  1.17326689e+10  2.34736397e+12  8.59187529e+09
 2.69450000e+03  7.76506803e+16  1.76282750e+16  4.18090900e+10  1.42852005e+10  2.34736397e+12  8.59187529e+09
 2.69580000e+03  8.02942166e+16  2.06615732e+16  4.32324368e+10  1.67432557e+10  2.34736397e+12  8.59187529e+09
 2.69710000e+03  8.27826208e+16  2.35791881e+16  4.45722566e+10  1.91075661e+10  2.34736397e+12  8.59187529e+09
 2.69840000e+03  8.51249966e+16  2.63824866e+16  4.58334509e+10  2.13792394e+10  2.34736397e+12  8.59187529e+09
 2.69970000e+03  8.73299133e+16  2.90732268e+16  4.70206339e+10  2.35597003e+10  2.34736397e+12  8.59187529e+09
 2.70100000e+03  8.94054377e+16  3.16534946e+16  4.81381487e+10  2.56506390e+10  2.34736397e+12  8.59187529e+09
 2.70100000e+03  8.94054377e+16  3.16534946e+16  4.81381487e+10  2.56506390e+10  2.34736397e+12  8.58328341e+09
 2.70102500e+03  8.93015197e+16  3.17019648e+16  4.80821966e+10  2.56899171e+10  2.34736397e+12  8.58328341e+09
 2.70105000e+03  8.91977226e+16  3.17502294e+16  4.80263096e+10  2.57290287e+10  2.34736397e+12  8.58328341e+09
 2.70107500e+03  8.90940460e+16  3.17982892e+16  4.79704875e+10  2.57679743e+10  2.34736397e+12  8.58328341e+09
 2.70110000e+03  8.89904900e+16  3.18461445e+16  4.79147303e+10  2.58067542e+10  2.34736397e+12  8.58328341e+09
 2.70112500e+03  8.88870544e+16  3.18937958e+16  4.78590380e+10  2.58453688e+10  2.34736397e+12  8.58328341e+09
 2.70115000e+03  8.87837389e+16  3.19412437e+16  4.78034103e+10  2.58838185e+10  2.34736397e+12  8.58328341e+09
 2.70117500e+03  8.86805436e+16  3.19884886e+16  4.77478473e+10  2.59221038e+10  2.34736397e+12  8.58328341e+09
 2.70120000e+03  8.85774682e+16  3.20355311e+16  4.76923489e+10  2.59602250e+10  2.34736397e+12  8.58328341e+09
 2.70122500e+03  8.84745126e+16  3.20823715e+16  4.76369150e+10  2.59981825e+10  2.34736397e+12  8.58328341e+09
 2.70125000e+03  8.83716767e+16  3.21290105e+16  4.75815456e+10  2.60359767e+10  2.34736397e+12  8.58328341e+09
 2.70125000e+03  8.83716767e+16  0.00000000e+00  4.75815456e+10  0.00000000e+00  2.36352477e+12  8.57470013e+09
 2.70200000e+03  8.53415602e+16  2.95148282e+15  4.59500542e+10  2.39175551e+09  2.36352477e+12  8.57470013e+09
 2.70275000e+03  8.24153413e+16  5.65077744e+15  4.43745040e+10  4.57914848e+09  2.36352477e+12  8.57470013e+09
 2.70350000e+03  7.95894576e+16  8.11425487e+15  4.28529768e+10  6.57544529e+09  2.36352477e+12  8.57470013e+09
 2.70425000e+03  7.68604687e+16  1.03573297e+16  4.13836201e+10  8.39313724e+09  2.36352477e+12  8.57470013e+09
 2.70500000e+03  7.42250523e+16  1.23945130e+16  3.99646452e+10  1.00439835e+10  2.36352477e+12  8.57470013e+09
 2.70575000e+03  7.16799998e+16  1.42394627e+16  3.85943246e+10  1.15390519e+10  2.36352477e+12  8.57470013e+09
 2.70650000e+03  6.92222129e+16  1.59050306e+16  3.72709900e+10  1.28887569e+10  2.36352477e+12  8.57470013e+09
 2.70725000e+03  6.68486994e+16  1.74033079e+16  3.59930303e+10  1.41028968e+10  2.36352477e+12  8.57470013e+09
 2.70800000e+03  6.45565697e+16  1.87456671e+16  3.47588897e+10  1.51906873e+10  2.36352477e+12  8.57470013e+09
 2.70875000e+03  6.23430333e+16  1.99428025e+16  3.35670658e+10  1.61607947e+10  2.36352477e+12  8.57470013e+09
 2.70875000e+03  6.23430333e+16  0.00000000e+00  3.35670658e+10  0.00000000e+00  2.36352477e+12  8.57470013e+09
 2.70877500e+03  6.22705706e+16  7.23993232e+13  3.35280500e+10  5.86693167e+07  2.36352477e+12  8.57470013e+09
 2.70880000e+03  6.21981921e+16  1.44587880e+14  3.34890796e+10  1.17167838e+08  2.36352477e+12  8.57470013e+09
 2.70882500e+03  6.21258978e+16  2.16566137e+14  3.34501545e+10  1.75495940e+08  2.36352477e+12  8.57470013e+09
 2.70885000e+03  6.20536874e+16  2.88334560e+14  3.34112746e+10  2.33654002e+08  2.36352477e+12  8.57470013e+09
 2.70887500e+03  6.19815610e+16  3.59893613e+14  3.33724399e+10  2.91642400e+08  2.36352477e+12  8.57470013e+09
 2.70890000e+03  6.19095184e+16  4.31243760e+14  3.33336504e+10  3.49461509e+08  2.36352477e+12  8.57470013e+09
 2.70892500e+03  6.18375596e+16  5.02385463e+14  3.32949059e+10  4.07111704e+08  2.36352477e+12  8.57470013e+09
 2.70895000e+03  6.17656844e+16  5.73319185e+14  3.32562065e+10  4.64593360e+08  2.36352477e+12  8.57470013e+09
 2.70897500e+03  6.16938928e+16  6.44045385e+14  3.32175521e+10  5.21906850e+08  2.36352477e+12  8.57470013e+09
 2.70900000e+03  6.16221846e+16  7.14564525e+14  3.31789426e+10  5.79052546e+08  2.36352477e+12  8.57470013e+09
 2.70900000e+03  6.16221846e+16  7.14564525e+14  3.31789426e+10  5.79052546e+08  2.36352477e+12  8.57470013e+09
 2.71030000e+03  6.51919368e+16  4.32026783e+15  3.51009874e+10  3.50096037e+09  2.36352477e+12  8.57470013e+09
 2.71160000e+03  6.85522032e+16  7.81241832e+15  3.69102398e+10  6.33084986e+09  2.36352477e+12  8.57470013e+09
 2.71290000e+03  7.17152772e+16  1.11891500e+16  3.86133189e+10  9.06720886e+09  2.36352477e+12  8.57470013e+09
 2.71420000e+03  7.46927307e+16  1.44494484e+16  4.02164551e+10  1.17092153e+10  2.36352477e+12  8.57470013e+09
 2.71550000e+03  7.74954566e+16  1.75930361e+16  4.17255136e+10  1.42566444e+10  2.36352477e+12  8.57470013e+09
 2.71680000e+03  8.01337085e+16  2.06202707e+16  4.31460152e+10  1.67097859e+10  2.36352477e+12  8.57470013e+09
 2.71810000e+03  8.26171384e+16  2.35320533e+16  4.44831566e+10  1.90693701e+10  2.36352477e+12  8.57470013e+09
 2.71940000e+03  8.49548317e+16  2.63297480e+16  4.57418298e+10  2.13365023e+10  2.36352477e+12  8.57470013e+09
 2.72070000e+03  8.71553408e+16  2.90151095e+16  4.69266396e+10  2.35126044e+10  2.36352477e+12  8.57470013e+09
 2.72200000e+03  8.92267162e+16  3.15902193e+16  4.80419205e+10  2.55993633e+10  2.36352477e+12  8.57470013e+09
 2.72200000e+03  8.92267162e+16  3.15902193e+16  4.80419205e+10  2.55993633e+10  2.36352477e+12  8.56612543e+09
 2.72202500e+03  8.91230060e+16  3.16385925e+16  4.79860803e+10  2.56385630e+10  2.36352477e+12  8.56612543e+09
 2.72205000e+03  8.90194163e+16  3.16867607e+16  4.79303050e+10  2.56775964e+10  2.36352477e+12  8.56612543e+09
 2.72207500e+03  8.89159470e+16  3.17347244e+16  4.78745945e+10  2.57164641e+10  2.36352477e+12  8.56612543e+09
 2.72210000e+03  8.88125980e+16  3.17824840e+16  4.78189488e+10  2.57551665e+10  2.36352477e+12  8.56612543e+09
 2.72212500e+03  8.87093691e+16  3.18300401e+16  4.77633677e+10  2.57937039e+10  2.36352477e+12  8.56612543e+09
 2.72215000e+03  8.86062602e+16  3.18773931e+16  4.77078513e+10  2.58320768e+10  2.36352477e+12  8.56612543e+09
 2.72217500e+03  8.85032712e+16  3.19245436e+16  4.76523994e+10  2.58702855e+10  2.36352477e+12  8.56612543e+09
 2.72220000e+03  8.84004018e+16  3.19714920e+16  4.75970119e+10  2.59083305e+10  2.36352477e+12  8.56612543e+09
 2.72222500e+03  8.82976520e+16  3.20182389e+16  4.75416888e+10  2.59462121e+10  2.36352477e+12  8.56612543e+09
 2.72225000e+03  8.81950217e+16  3.20647846e+16  4.74864301e+10  2.59839308e+10  2.36352477e+12  8.56612543e+09
 2.72225000e+03  8.81950217e+16  0.00000000e+00  4.74864301e+10  0.00000000e+00  2.37965326e+12  8.55755931e+09
 2.72300000e+03  8.51709624e+16  2.94558281e+15  4.58582001e+10  2.38697440e+09  2.37965326e+12  8.55755931e+09
 2.72375000e+03  8.22505931e+16  5.63948153e+15  4.42857994e+10  4.56999477e+09  2.37965326e+12  8.55755931e+09
 2.72450000e+03  7.94303583e+16  8.09803447e+15  4.27673137e+10  6.56230098e+09  2.37965326e+12  8.55755931e+09
 2.72525000e+03  7.67068246e+16  1.03366254e+16  4.13008943e+10  8.37635936e+09  2.37965326e+12  8.55755931e+09
 2.72600000e+03  7.40766764e+16  1.23697364e+16  3.98847559e+10  1.00239056e+10  2.37965326e+12  8.55755931e+09
 2.72675000e+03  7.15367115e+16  1.42109980e+16  3.85171746e+10  1.15159853e+10  2.37965326e+12  8.55755931e+09
 2.72750000e+03  6.90838377e+16  1.58732365e+16  3.71964853e+10  1.28629923e+10  2.37965326e+12  8.55755931e+09
 2.72825000e+03  6.67150689e+16  1.73685187e+16  3.59210803e+10  1.40747051e+10  2.37965326e+12  8.55755931e+09
 2.72900000e+03  6.44275212e+16  1.87081946e+16  3.46894067e+10  1.51603212e+10  2.37965326e+12  8.55755931e+09
 2.72975000e+03  6.22184096e+16  1.99029369e+16  3.34999652e+10  1.61284893e+10  2.37965326e+12  8.55755931e+09
 2.72975000e+03  6.22184096e+16  0.00000000e+00  3.34999652e+10  0.00000000e+00  2.37965326e+12  8.55755931e+09
 2.72977500e+03  6.21460917e+16  7.22545970e+13  3.34610274e+10  5.85520368e+07  2.37965326e+12  8.55755931e+09
 2.72980000e+03  6.20738579e+16  1.44298849e+14  3.34221349e+10  1.16933619e+08  2.37965326e+12  8.55755931e+09
 2.72982500e+03  6.20017081e+16  2.16133222e+14  3.33832876e+10  1.75145124e+08  2.37965326e+12  8.55755931e+09
 2.72985000e+03  6.19296421e+16  2.87758179e+14  3.33444855e+10  2.33186928e+08  2.37965326e+12  8.55755931e+09
 2.72987500e+03  6.18576599e+16  3.59174186e+14  3.33057284e+10  2.91059407e+08  2.37965326e+12  8.55755931e+09
 2.72990000e+03  6.17857613e+16  4.30381704e+14  3.32670164e+10  3.48762935e+08  2.37965326e+12  8.55755931e+09
 2.72992500e+03  6.17139463e+16  5.01381195e+14  3.32283494e+10  4.06297888e+08  2.37965326e+12  8.55755931e+09
 2.72995000e+03  6.16422148e+16  5.72173120e+14  3.31897274e+10  4.63664638e+08  2.37965326e+12  8.55755931e+09
 2.72997500e+03  6.15705667e+16  6.42757939e+14  3.31511502e+10  5.20863558e+08  2.37965326e+12  8.55755931e+09
 2.73000000e+03  6.14990018e+16  7.13136111e+14  3.31126179e+10  5.77895020e+08  2.37965326e+12  8.55755931e+09
 2.73000000e+03  6.14990018e+16  7.13136111e+14  3.31126179e+10  5.77895020e+08  2.37965326e+12  8.55755931e+09
 2.73130000e+03  6.50616181e+16  4.31163161e+15  3.50308206e+10  3.49396195e+09  2.37965326e+12  8.55755931e+09
 2.73260000e+03  6.84151673e+16  7.79680130e+15  3.68364563e+10  6.31819449e+09  2.37965326e+12  8.55755931e+09
 2.73390000e+03  7.15719183e+16  1.11667829e+16  3.85361308e+10  9.04908351e+09  2.37965326e+12  8.55755931e+09
 2.73520000e+03  7.45434199e+16  1.44205639e+16  4.01360624e+10  1.16858086e+10  2.37965326e+12  8.55755931e+09
 2.73650000e+03  7.73405431e+16  1.75578676e+16  4.16421043e+10  1.42281454e+10  2.37965326e+12  8.55755931e+09
 2.73780000e+03  7.99735212e+16  2.05790507e+16  4.30597663e+10  1.66763830e+10  2.37965326e+12  8.55755931e+09
 2.73910000e+03  8.24519867e+16  2.34850127e+16  4.43942348e+10  1.90312504e+10  2.37965326e+12  8.55755931e+09
 2.74040000e+03  8.47850070e+16  2.62771148e+16  4.56503919e+10  2.12938506e+10  2.37965326e+12  8.55755931e+09
 2.74170000e+03  8.69811173e+16  2.89571083e+16  4.68328333e+10  2.34656027e+10  2.37965326e+12  8.55755931e+09
 2.74300000e+03  8.90483520e+16  3.15270704e+16  4.79458847e+10  2.55481902e+10  2.37965326e+12  8.55755931e+09
 2.74300000e+03  8.90483520e+16  3.15270704e+16  4.79458847e+10  2.55481902e+10  2.37965326e+12  8.54900175e+09
 2.74302500e+03  8.89448491e+16  3.15753470e+16  4.78901561e+10  2.55873115e+10  2.37965326e+12  8.54900175e+09
 2.74305000e+03  8.88414665e+16  3.16234189e+16  4.78344923e+10  2.56262669e+10  2.37965326e+12  8.54900175e+09
 2.74307500e+03  8.87382041e+16  3.16712867e+16  4.77788932e+10  2.56650569e+10  2.37965326e+12  8.54900175e+09
 2.74310000e+03  8.86350616e+16  3.17189508e+16  4.77233587e+10  2.57036819e+10  2.37965326e+12  8.54900175e+09
 2.74312500e+03  8.85320391e+16  3.17664118e+16  4.76678888e+10  2.57421423e+10  2.37965326e+12  8.54900175e+09
 2.74315000e+03  8.84291363e+16  3.18136702e+16  4.76124833e+10  2.57804384e+10  2.37965326e+12  8.54900175e+09
 2.74317500e+03  8.83263531e+16  3.18607264e+16  4.75571422e+10  2.58185708e+10  2.37965326e+12  8.54900175e+09
 2.74320000e+03  8.82236894e+16  3.19075810e+16  4.75018655e+10  2.58565397e+10  2.37965326e+12  8.54900175e+09
 2.74322500e+03  8.81211450e+16  3.19542344e+16  4.74466530e+10  2.58943456e+10  2.37965326e+12  8.54900175e+09
 2.74325000e+03  8.80187198e+16  3.20006871e+16  4.73915047e+10  2.59319890e+10  2.37965326e+12  8.54900175e+09
 2.74325000e+03  8.80187198e+16  0.00000000e+00  4.73915047e+10  0.00000000e+00  2.39574950e+12  8.54045274e+09
 2.74400000e+03  8.50007057e+16  2.93969459e+15  4.57665295e+10  2.38220283e+09  2.39574950e+12  8.54045274e+09
 2.74475000e+03  8.20861741e+16  5.62820821e+15  4.41972721e+10  4.56085935e+09  2.39574950e+12  8.54045274e+09
 2.74550000e+03  7.92715770e+16  8.08184650e+15  4.26818218e+10  6.54918294e+09  2.39574950e+12  8.54045274e+09
 2.74625000e+03  7.65534877e+16  1.03159625e+16  4.12183338e+10  8.35961502e+09  2.39574950e+12  8.54045274e+09
 2.74700000e+03  7.39285971e+16  1.23450093e+16  3.98050263e+10  1.00038678e+10  2.39574950e+12  8.54045274e+09
 2.74775000e+03  7.13937096e+16  1.41825902e+16  3.84401788e+10  1.14929648e+10  2.39574950e+12  8.54045274e+09
 2.74850000e+03  6.89457391e+16  1.58415059e+16  3.71221295e+10  1.28372792e+10  2.39574950e+12  8.54045274e+09
 2.74925000e+03  6.65817055e+16  1.73337990e+16  3.58492740e+10  1.40465698e+10  2.39574950e+12  8.54045274e+09
 2.75000000e+03  6.42987305e+16  1.86707969e+16  3.46200626e+10  1.51300157e+10  2.39574950e+12  8.54045274e+09
 2.75075000e+03  6.20940350e+16  1.98631509e+16  3.34329988e+10  1.60962484e+10  2.39574950e+12  8.54045274e+09
 2.75075000e+03  6.20940350e+16  0.00000000e+00  3.34329988e+10  0.00000000e+00  2.39574950e+12  8.54045274e+09
 2.75077500e+03  6.20218617e+16  7.21101600e+13  3.33941388e+10  5.84349913e+07  2.39574950e+12  8.54045274e+09
 2.75080000e+03  6.19497723e+16  1.44010396e+14  3.33553241e+10  1.16699869e+08  2.39574950e+12  8.54045274e+09
 2.75082500e+03  6.18777667e+16  2.15701171e+14  3.33165544e+10  1.74795009e+08  2.39574950e+12  8.54045274e+09
 2.75085000e+03  6.18058447e+16  2.87182951e+14  3.32778298e+10  2.32720787e+08  2.39574950e+12  8.54045274e+09
 2.75087500e+03  6.17340064e+16  3.58456196e+14  3.32391503e+10  2.90477579e+08  2.39574950e+12  8.54045274e+09
 2.75090000e+03  6.16622516e+16  4.29521370e+14  3.32005157e+10  3.48065758e+08  2.39574950e+12  8.54045274e+09
 2.75092500e+03  6.15905802e+16  5.00378934e+14  3.31619259e+10  4.05485698e+08  2.39574950e+12  8.54045274e+09
 2.75095000e+03  6.15189920e+16  5.71029346e+14  3.31233811e+10  4.62737772e+08  2.39574950e+12  8.54045274e+09
 2.75097500e+03  6.14474871e+16  6.41473065e+14  3.30848810e+10  5.19822352e+08  2.39574950e+12  8.54045274e+09
 2.75100000e+03  6.13760653e+16  7.11710552e+14  3.30464257e+10  5.76739808e+08  2.39574950e+12  8.54045274e+09
 2.75100000e+03  6.13760653e+16  7.11710552e+14  3.30464257e+10  5.76739808e+08  2.39574950e+12  8.54045274e+09
 2.75230000e+03  6.49315599e+16  4.30301266e+15  3.49607939e+10  3.48697752e+09  2.39574950e+12  8.54045274e+09
 2.75360000e+03  6.82784054e+16  7.78121549e+15  3.67628202e+10  6.30556442e+09  2.39574950e+12  8.54045274e+09
 2.75490000e+03  7.14288461e+16  1.11444605e+16  3.84590971e+10  9.03099439e+09  2.39574950e+12  8.54045274e+09
 2.75620000e+03  7.43944076e+16  1.43917372e+16  4.00558304e+10  1.16624487e+10  2.39574950e+12  8.54045274e+09
 2.75750000e+03  7.71859394e+16  1.75227695e+16  4.15588618e+10  1.41997033e+10  2.39574950e+12  8.54045274e+09
 2.75880000e+03  7.98136541e+16  2.05379132e+16  4.29736898e+10  1.66430470e+10  2.39574950e+12  8.54045274e+09
 2.76010000e+03  8.22871652e+16  2.34380662e+16  4.43054907e+10  1.89932069e+10  2.39574950e+12  8.54045274e+09
 2.76140000e+03  8.46155218e+16  2.62245869e+16  4.55591368e+10  2.12512842e+10  2.39574950e+12  8.54045274e+09
 2.76270000e+03  8.68072421e+16  2.88992230e+16  4.67392144e+10  2.34186950e+10  2.39574950e+12  8.54045274e+09
 2.76400000e+03  8.88703444e+16  3.14640478e+16  4.78500409e+10  2.54971194e+10  2.39574950e+12  8.54045274e+09
 2.76400000e+03  8.88703444e+16  3.14640478e+16  4.78500409e+10  2.54971194e+10  2.39574950e+12  8.53191229e+09
 2.76402500e+03  8.87670484e+16  3.15122279e+16  4.77944237e+10  2.55361624e+10  2.39574950e+12  8.53191229e+09
 2.76405000e+03  8.86638724e+16  3.15602037e+16  4.77388712e+10  2.55750400e+10  2.39574950e+12  8.53191229e+09
 2.76407500e+03  8.85608164e+16  3.16079758e+16  4.76833832e+10  2.56137524e+10  2.39574950e+12  8.53191229e+09
 2.76410000e+03  8.84578802e+16  3.16555446e+16  4.76279597e+10  2.56523002e+10  2.39574950e+12  8.53191229e+09
 2.76412500e+03  8.83550636e+16  3.17029108e+16  4.75726007e+10  2.56906837e+10  2.39574950e+12  8.53191229e+09
 2.76415000e+03  8.82523665e+16  3.17500747e+16  4.75173060e+10  2.57289033e+10  2.39574950e+12  8.53191229e+09
 2.76417500e+03  8.81497888e+16  3.17970369e+16  4.74620755e+10  2.57669595e+10  2.39574950e+12  8.53191229e+09
 2.76420000e+03  8.80473303e+16  3.18437978e+16  4.74069093e+10  2.58048525e+10  2.39574950e+12  8.53191229e+09
 2.76422500e+03  8.79449909e+16  3.18903579e+16  4.73518072e+10  2.58425828e+10  2.39574950e+12  8.53191229e+09
 2.76425000e+03  8.78427704e+16  3.19367178e+16  4.72967691e+10  2.58801509e+10  2.39574950e+12  8.53191229e+09
 2.76425000e+03  8.78427704e+16  0.00000000e+00  4.72967691e+10  0.00000000e+00  2.41181358e+12  8.52338038e+09
 2.76500000e+03  8.48307893e+16  2.93381814e+15  4.56750423e+10  2.37744081e+09  2.41181358e+12  8.52338038e+09
 2.76575000e+03  8.19220839e+16  5.61695742e+15  4.41089217e+10  4.55174219e+09  2.41181358e+12  8.52338038e+09
 2.76650000e+03  7.91131131e+16  8.06569089e+15  4.25965008e+10  6.53609112e+09  2.41181358e+12  8.52338038e+09
 2.76725000e+03  7.64004573e+16  1.02953409e+16  4.11359383e+10  8.34290415e+09  2.41181358e+12  8.52338038e+09
 2.76800000e+03  7.37808138e+16  1.23203316e+16  3.97254560e+10  9.98387009e+09  2.41181358e+12  8.52338038e+09
 2.76875000e+03  7.12509936e+16  1.41542392e+16  3.83633368e+10  1.14699904e+10  2.41181358e+12  8.52338038e+09
 2.76950000e+03  6.88079166e+16  1.58098387e+16  3.70479224e+10  1.28116175e+10  2.41181358e+12  8.52338038e+09
 2.77025000e+03  6.64486086e+16  1.72991488e+16  3.57776113e+10  1.40184907e+10  2.41181358e+12  8.52338038e+09
 2.77100000e+03  6.41701974e+16  1.86334739e+16  3.45508571e+10  1.50997708e+10  2.41181358e+12  8.52338038e+09
 2.77175000e+03  6.19699090e+16  1.98234445e+16  3.33661662e+10  1.60640720e+10  2.41181358e+12  8.52338038e+09
 2.77175000e+03  6.19699090e+16  0.00000000e+00  3.33661662e+10  0.00000000e+00  2.41181358e+12  8.52338038e+09
 2.77177500e+03  6.18978800e+16  7.19660118e+13  3.33273840e+10  5.83181797e+07  2.41181358e+12  8.52338038e+09
 2.77180000e+03  6.18259347e+16  1.43722519e+14  3.32886468e+10  1.16466586e+08  2.41181358e+12  8.52338038e+09
 2.77182500e+03  6.17540730e+16  2.15269985e+14  3.32499546e+10  1.74445594e+08  2.41181358e+12  8.52338038e+09
 2.77185000e+03  6.16822949e+16  2.86608872e+14  3.32113075e+10  2.32255578e+08  2.41181358e+12  8.52338038e+09
 2.77187500e+03  6.16106001e+16  3.57739643e+14  3.31727052e+10  2.89896914e+08  2.41181358e+12  8.52338038e+09
 2.77190000e+03  6.15389887e+16  4.28662757e+14  3.31341478e+10  3.47369975e+08  2.41181358e+12  8.52338038e+09
 2.77192500e+03  6.14674606e+16  4.99378676e+14  3.30956353e+10  4.04675132e+08  2.41181358e+12  8.52338038e+09
 2.77195000e+03  6.13960156e+16  5.69887858e+14  3.30571674e+10  4.61812759e+08  2.41181358e+12  8.52338038e+09
 2.77197500e+03  6.13246536e+16  6.40190761e+14  3.30187444e+10  5.18783227e+08  2.41181358e+12  8.52338038e+09
 2.77200000e+03  6.12533746e+16  7.10287842e+14  3.29803659e+10  5.75586905e+08  2.41181358e+12  8.52338038e+09
 2.77200000e+03  6.12533746e+16  7.10287842e+14  3.29803659e+10  5.75586905e+08  2.41181358e+12  8.52338038e+09
 2.77330000e+03  6.48017617e+16  4.29441094e+15  3.48909073e+10  3.48000705e+09  2.41181358e+12  8.52338038e+09
 2.77460000e+03  6.81419169e+16  7.76566085e+15  3.66893313e+10  6.29295960e+09  2.41181358e+12  8.52338038e+09
 2.77590000e+03  7.12860598e+16  1.11221827e+16  3.83822174e+10  9.01294143e+09  2.41181358e+12  8.52338038e+09
 2.77720000e+03  7.42456932e+16  1.43629681e+16  3.99757588e+10  1.16391354e+10  2.41181358e+12  8.52338038e+09
 2.77850000e+03  7.70316447e+16  1.74877414e+16  4.14757856e+10  1.41713181e+10  2.41181358e+12  8.52338038e+09
 2.77980000e+03  7.96541066e+16  2.04968579e+16  4.28877854e+10  1.66097775e+10  2.41181358e+12  8.52338038e+09
 2.78110000e+03  8.21226731e+16  2.33912135e+16  4.42169240e+10  1.89552395e+10  2.41181358e+12  8.52338038e+09
 2.78240000e+03  8.44463753e+16  2.61721639e+16  4.54680641e+10  2.12088029e+10  2.41181358e+12  8.52338038e+09
 2.78370000e+03  8.66337144e+16  2.88414535e+16  4.66457827e+10  2.33718810e+10  2.41181358e+12  8.52338038e+09
 2.78500000e+03  8.86926926e+16  3.14011512e+16  4.77543887e+10  2.54461506e+10  2.41181358e+12  8.52338038e+09
 2.78500000e+03  8.86926926e+16  3.14011512e+16  4.77543887e+10  2.54461506e+10  2.41181358e+12  8.51485700e+09
 2.78502500e+03  8.85896030e+16  3.14492349e+16  4.76988827e+10  2.54851156e+10  2.41181358e+12  8.51485700e+09
 2.78505000e+03  8.84866333e+16  3.14971148e+16  4.76434412e+10  2.55239155e+10  2.41181358e+12  8.51485700e+09
 2.78507500e+03  8.83837833e+16  3.15447914e+16  4.75880641e+10  2.55625506e+10  2.41181358e+12  8.51485700e+09
 2.78510000e+03  8.82810529e+16  3.15922652e+16  4.75327514e+10  2.56010213e+10  2.41181358e+12  8.51485700e+09
 2.78512500e+03  8.81784418e+16  3.16395367e+16  4.74775030e+10  2.56393280e+10  2.41181358e+12  8.51485700e+09
 2.78515000e+03  8.80759500e+16  3.16866063e+16  4.74223189e+10  2.56774713e+10  2.41181358e+12  8.51485700e+09
 2.78517500e+03  8.79735773e+16  3.17334746e+16  4.73671988e+10  2.57154513e+10  2.41181358e+12  8.51485700e+09
 2.78520000e+03  8.78713236e+16  3.17801420e+16  4.73121429e+10  2.57532686e+10  2.41181358e+12  8.51485700e+09
 2.78522500e+03  8.77691888e+16  3.18266091e+16  4.72571509e+10  2.57909235e+10  2.41181358e+12  8.51485700e+09
 2.78525000e+03  8.76671727e+16  3.18728763e+16  4.72022228e+10  2.58284165e+10  2.41181358e+12  8.51485700e+09
 2.78525000e+03  8.76671727e+16  0.00000000e+00  4.72022228e+10  0.00000000e+00  2.42784554e+12  8.50634214e+09
 2.78600000e+03  8.46612125e+16  2.92795344e+15  4.55837378e+10  2.37268831e+09  2.42784554e+12  8.50634214e+09
 2.78675000e+03  8.17583216e+16  5.60572912e+15  4.40207480e+10  4.54264326e+09  2.42784554e+12  8.50634214e+09
 2.78750000e+03  7.89549660e+16  8.04956757e+15  4.25113504e+10  6.52302547e+09  2.42784554e+12  8.50634214e+09
 2.78825000e+03  7.62477328e+16  1.02747605e+16  4.10537076e+10  8.32622668e+09  2.42784554e+12  8.50634214e+09
 2.78900000e+03  7.36333260e+16  1.22957033e+16  3.96460449e+10  9.96391233e+09  2.42784554e+12  8.50634214e+09
 2.78975000e+03  7.11085628e+16  1.41259449e+16  3.82866485e+10  1.14470619e+10  2.42784554e+12  8.50634214e+09
 2.79050000e+03  6.86703696e+16  1.57782348e+16  3.69738636e+10  1.27860071e+10  2.42784554e+12  8.50634214e+09
 2.79125000e+03  6.63157779e+16  1.72645678e+16  3.57060919e+10  1.39904677e+10  2.42784554e+12  8.50634214e+09
 2.79200000e+03  6.40419212e+16  1.85962256e+16  3.44817899e+10  1.50695863e+10  2.42784554e+12  8.50634214e+09
 2.79275000e+03  6.18460312e+16  1.97838174e+16  3.32994672e+10  1.60319599e+10  2.42784554e+12  8.50634214e+09
 2.79275000e+03  6.18460312e+16  0.00000000e+00  3.32994672e+10  0.00000000e+00  2.42784554e+12  8.50634214e+09
 2.79277500e+03  6.17741461e+16  7.18221518e+13  3.32607625e+10  5.82016017e+07  2.42784554e+12  8.50634214e+09
 2.79280000e+03  6.17023447e+16  1.43435218e+14  3.32221028e+10  1.16233769e+08  2.42784554e+12  8.50634214e+09
 2.79282500e+03  6.16306266e+16  2.14839660e+14  3.31834880e+10  1.74096877e+08  2.42784554e+12  8.50634214e+09
 2.79285000e+03  6.15589920e+16  2.86035941e+14  3.31449181e+10  2.31791299e+08  2.42784554e+12  8.50634214e+09
 2.79287500e+03  6.14874405e+16  3.57024521e+14  3.31063930e+10  2.89317410e+08  2.42784554e+12  8.50634214e+09
 2.79290000e+03  6.14159723e+16  4.27805860e+14  3.30679127e+10  3.46675582e+08  2.42784554e+12  8.50634214e+09
 2.79292500e+03  6.13445871e+16  4.98380418e+14  3.30294771e+10  4.03866187e+08  2.42784554e+12  8.50634214e+09
 2.79295000e+03  6.12732849e+16  5.68748652e+14  3.29910862e+10  4.60889596e+08  2.42784554e+12  8.50634214e+09
 2.79297500e+03  6.12020656e+16  6.38911020e+14  3.29527399e+10  5.17746179e+08  2.42784554e+12  8.50634214e+09
 2.79300000e+03  6.11309291e+16  7.08867977e+14  3.29144382e+10  5.74436307e+08  2.42784554e+12  8.50634214e+09
 2.79300000e+03  6.11309291e+16  7.08867977e+14  3.29144382e+10  5.74436307e+08  2.42784554e+12  8.50634214e+09
 2.79430000e+03  6.46722230e+16  4.28582641e+15  3.48211604e+10  3.47305052e+09  2.42784554e+12  8.50634214e+09
 2.79560000e+03  6.80057012e+16  7.75013729e+15  3.66159894e+10  6.28037997e+09  2.42784554e+12  8.50634214e+09
 2.79690000e+03  7.11435590e+16  1.10999495e+16  3.83054913e+10  8.99492456e+09  2.42784554e+12  8.50634214e+09
 2.79820000e+03  7.40972760e+16  1.43342566e+16  3.98958473e+10  1.16158688e+10  2.42784554e+12  8.50634214e+09
 2.79950000e+03  7.68776584e+16  1.74527834e+16  4.13928755e+10  1.41429897e+10  2.42784554e+12  8.50634214e+09
 2.80080000e+03  7.94948781e+16  2.04558847e+16  4.28020527e+10  1.65765746e+10  2.42784554e+12  8.50634214e+09
 2.80210000e+03  8.19585099e+16  2.33444544e+16  4.41285344e+10  1.89173480e+10  2.42784554e+12  8.50634214e+09
 2.80340000e+03  8.42775670e+16  2.61198458e+16  4.53771734e+10  2.11664065e+10  2.42784554e+12  8.50634214e+09
 2.80470000e+03  8.64605336e+16  2.87837994e+16  4.65525378e+10  2.33251606e+10  2.42784554e+12  8.50634214e+09
 2.80600000e+03  8.85153959e+16  3.13383803e+16  4.76589276e+10  2.53952838e+10  2.42784554e+12  8.50634214e+09
 2.80600000e+03  8.85153959e+16  3.13383803e+16  4.76589276e+10  2.53952838e+10  2.42784554e+12  8.49783580e+09
 2.80602500e+03  8.84125124e+16  3.13863679e+16  4.76035326e+10  2.54341709e+10  2.42784554e+12  8.49783580e+09
 2.80605000e+03  8.83097486e+16  3.14341521e+16  4.75482019e+10  2.54728932e+10  2.42784554e+12  8.49783580e+09
 2.80607500e+03  8.82071041e+16  3.14817334e+16  4.74929356e+10  2.55114510e+10  2.42784554e+12  8.49783580e+09
 2.80610000e+03  8.81045790e+16  3.15291123e+16  4.74377335e+10  2.55498448e+10  2.42784554e+12  8.49783580e+09
 2.80612500e+03  8.80021731e+16  3.15762892e+16  4.73825955e+10  2.55880750e+10  2.42784554e+12  8.49783580e+09
 2.80615000e+03  8.78998862e+16  3.16232648e+16  4.73275216e+10  2.56261420e+10  2.42784554e+12  8.49783580e+09
 2.80617500e+03  8.77977181e+16  3.16700394e+16  4.72725118e+10  2.56640461e+10  2.42784554e+12  8.49783580e+09
 2.80620000e+03  8.76956689e+16  3.17166135e+16  4.72175659e+10  2.57017878e+10  2.42784554e+12  8.49783580e+09
 2.80622500e+03  8.75937382e+16  3.17629877e+16  4.71626838e+10  2.57393675e+10  2.42784554e+12  8.49783580e+09
 2.80625000e+03  8.74919260e+16  3.18091624e+16  4.71078656e+10  2.57767855e+10  2.42784554e+12  8.49783580e+09
 2.80625000e+03  8.74919260e+16  0.00000000e+00  4.71078656e+10  0.00000000e+00  2.44384545e+12  8.48933796e+09
 2.80700000e+03  8.44919747e+16  2.92210046e+15  4.54926160e+10  2.36794530e+09  2.44384545e+12  8.48933796e+09
 2.80775000e+03  8.15948868e+16  5.59452327e+15  4.39327505e+10  4.53356251e+09  2.44384545e+12  8.48933796e+09
 2.80850000e+03  7.87971350e+16  8.03347649e+15  4.24263702e+10  6.50998595e+09  2.44384545e+12  8.48933796e+09
 2.80925000e+03  7.60953135e+16  1.02542212e+16  4.09716412e+10  8.30958256e+09  2.44384545e+12  8.48933796e+09
 2.81000000e+03  7.34861330e+16  1.22711242e+16  3.95667924e+10  9.94399447e+09  2.44384545e+12  8.48933796e+09
 2.81075000e+03  7.09664168e+16  1.40977071e+16  3.82101135e+10  1.14241792e+10  2.44384545e+12  8.48933796e+09
 2.81150000e+03  6.85330975e+16  1.57466941e+16  3.68999529e+10  1.27604478e+10  2.44384545e+12  8.48933796e+09
 2.81225000e+03  6.61832126e+16  1.72300559e+16  3.56347154e+10  1.39625008e+10  2.44384545e+12  8.48933796e+09
 2.81300000e+03  6.39139014e+16  1.85590518e+16  3.44128608e+10  1.50394622e+10  2.44384545e+12  8.48933796e+09
 2.81375000e+03  6.17224010e+16  1.97442696e+16  3.32329016e+10  1.59999121e+10  2.44384545e+12  8.48933796e+09
 2.81375000e+03  6.17224010e+16  0.00000000e+00  3.32329016e+10  0.00000000e+00  2.44384545e+12  8.48933796e+09
 2.81377500e+03  6.16506596e+16  7.16785793e+13  3.31942742e+10  5.80852567e+07  2.44384545e+12  8.48933796e+09
 2.81380000e+03  6.15790017e+16  1.43148491e+14  3.31556918e+10  1.16001418e+08  2.44384545e+12  8.48933796e+09
 2.81382500e+03  6.15074270e+16  2.14410195e+14  3.31171542e+10  1.73748857e+08  2.44384545e+12  8.48933796e+09
 2.81385000e+03  6.14359355e+16  2.85464155e+14  3.30786614e+10  2.31327949e+08  2.44384545e+12  8.48933796e+09
 2.81387500e+03  6.13645272e+16  3.56310829e+14  3.30402133e+10  2.88739065e+08  2.44384545e+12  8.48933796e+09
 2.81390000e+03  6.12932018e+16  4.26950677e+14  3.30018099e+10  3.45982578e+08  2.44384545e+12  8.48933796e+09
 2.81392500e+03  6.12219593e+16  4.97384156e+14  3.29634512e+10  4.03058858e+08  2.44384545e+12  8.48933796e+09
 2.81395000e+03  6.11507996e+16  5.67611723e+14  3.29251370e+10  4.59968277e+08  2.44384545e+12  8.48933796e+09
 2.81397500e+03  6.10797227e+16  6.37633836e+14  3.28868674e+10  5.16711205e+08  2.44384545e+12  8.48933796e+09
 2.81400000e+03  6.10087283e+16  7.07450950e+14  3.28486422e+10  5.73288009e+08  2.44384545e+12  8.48933796e+09
 2.81400000e+03  6.10087283e+16  7.07450950e+14  3.28486422e+10  5.73288009e+08  2.44384545e+12  8.48933796e+09
 2.81530000e+03  6.45429433e+16  4.27725904e+15  3.47515529e+10  3.46610789e+09  2.44384545e+12  8.48933796e+09
 2.81660000e+03  6.78697578e+16  7.73464476e+15  3.65427940e+10  6.26782549e+09  2.44384545e+12  8.48933796e+09
 2.81790000e+03  7.10013430e+16  1.10777607e+16  3.82289187e+10  8.97694371e+09  2.44384545e+12  8.48933796e+09
 2.81920000e+03  7.39491556e+16  1.43056024e+16  3.98160955e+10  1.15926487e+10  2.44384545e+12  8.48933796e+09
 2.82050000e+03  7.67239800e+16  1.74178953e+16  4.13101311e+10  1.41147178e+10  2.44384545e+12  8.48933796e+09
 2.82180000e+03  7.93359678e+16  2.04149934e+16  4.27164914e+10  1.65434380e+10  2.44384545e+12  8.48933796e+09
 2.82310000e+03  8.17946748e+16  2.32977889e+16  4.40403215e+10  1.88795322e+10  2.44384545e+12  8.48933796e+09
 2.82440000e+03  8.41090962e+16  2.60676322e+16  4.52864644e+10  2.11240948e+10  2.44384545e+12  8.48933796e+09
 2.82570000e+03  8.62876990e+16  2.87262606e+16  4.64594793e+10  2.32785336e+10  2.44384545e+12  8.48933796e+09
 2.82700000e+03  8.83384536e+16  3.12757349e+16  4.75636574e+10  2.53445186e+10  2.44384545e+12  8.48933796e+09
 2.82700000e+03  8.83384536e+16  3.12757349e+16  4.75636574e+10  2.53445186e+10  2.44384545e+12  8.48084863e+09
 2.82702500e+03  8.82357758e+16  3.13236265e+16  4.75083731e+10  2.53833280e+10  2.44384545e+12  8.48084863e+09
 2.82705000e+03  8.81332174e+16  3.13713152e+16  4.74531531e+10  2.54219729e+10  2.44384545e+12  8.48084863e+09
 2.82707500e+03  8.80307781e+16  3.14188014e+16  4.73979972e+10  2.54604536e+10  2.44384545e+12  8.48084863e+09
 2.82710000e+03  8.79284580e+16  3.14660856e+16  4.73429054e+10  2.54987707e+10  2.44384545e+12  8.48084863e+09
 2.82712500e+03  8.78262567e+16  3.15131682e+16  4.72878777e+10  2.55369245e+10  2.44384545e+12  8.48084863e+09
 2.82715000e+03  8.77241743e+16  3.15600499e+16  4.72329139e+10  2.55749153e+10  2.44384545e+12  8.48084863e+09
 2.82717500e+03  8.76222105e+16  3.16067310e+16  4.71780140e+10  2.56127437e+10  2.44384545e+12  8.48084863e+09
 2.82720000e+03  8.75203652e+16  3.16532120e+16  4.71231780e+10  2.56504099e+10  2.44384545e+12  8.48084863e+09
 2.82722500e+03  8.74186383e+16  3.16994935e+16  4.70684056e+10  2.56879145e+10  2.44384545e+12  8.48084863e+09
 2.82725000e+03  8.73170297e+16  3.17455759e+16  4.70136970e+10  2.57252577e+10  2.44384545e+12  8.48084863e+09
 2.82725000e+03  8.73170297e+16  0.00000000e+00  4.70136970e+10  0.00000000e+00  2.45981338e+12  8.47236778e+09
 2.82800000e+03  8.43230753e+16  2.91625918e+15  4.54016762e+10  2.36321178e+09  2.45981338e+12  8.47236778e+09
 2.82875000e+03  8.14317786e+16  5.58333982e+15  4.38449289e+10  4.52449992e+09  2.45981338e+12  8.47236778e+09
 2.82950000e+03  7.86396196e+16  8.01741757e+15  4.23415599e+10  6.49697248e+09  2.45981338e+12  8.47236778e+09
 2.83025000e+03  7.59431990e+16  1.02337230e+16  4.08897389e+10  8.29297170e+09  2.45981338e+12  8.47236778e+09
 2.83100000e+03  7.33392342e+16  1.22465942e+16  3.94876984e+10  9.92411643e+09  2.45981338e+12  8.47236778e+09
 2.83175000e+03  7.08245550e+16  1.40695258e+16  3.81337315e+10  1.14013423e+10  2.45981338e+12  8.47236778e+09
 2.83250000e+03  6.83960998e+16  1.57152165e+16  3.68261899e+10  1.27349397e+10  2.45981338e+12  8.47236778e+09
 2.83325000e+03  6.60509124e+16  1.71956130e+16  3.55634816e+10  1.39345898e+10  2.45981338e+12  8.47236778e+09
 2.83400000e+03  6.37861375e+16  1.85219522e+16  3.43440695e+10  1.50093983e+10  2.45981338e+12  8.47236778e+09
 2.83475000e+03  6.15990179e+16  1.97048008e+16  3.31664690e+10  1.59679282e+10  2.45981338e+12  8.47236778e+09
 2.83475000e+03  6.15990179e+16  0.00000000e+00  3.31664690e+10  0.00000000e+00  2.45981338e+12  8.47236778e+09
 2.83477500e+03  6.15274200e+16  7.15352938e+13  3.31279189e+10  5.79691442e+07  2.45981338e+12  8.47236778e+09
 2.83480000e+03  6.14559052e+16  1.42862337e+14  3.30894136e+10  1.15769531e+08  2.45981338e+12  8.47236778e+09
 2.83482500e+03  6.13844737e+16  2.13981589e+14  3.30509530e+10  1.73401533e+08  2.45981338e+12  8.47236778e+09
 2.83485000e+03  6.13131251e+16  2.84893512e+14  3.30125371e+10  2.30865524e+08  2.45981338e+12  8.47236778e+09
 2.83487500e+03  6.12418595e+16  3.55598564e+14  3.29741659e+10  2.88161875e+08  2.45981338e+12  8.47236778e+09
 2.83490000e+03  6.11706767e+16  4.26097202e+14  3.29358393e+10  3.45290959e+08  2.45981338e+12  8.47236778e+09
 2.83492500e+03  6.10995766e+16  4.96389885e+14  3.28975572e+10  4.02253144e+08  2.45981338e+12  8.47236778e+09
 2.83495000e+03  6.10285592e+16  5.66477068e+14  3.28593196e+10  4.59048801e+08  2.45981338e+12  8.47236778e+09
 2.83497500e+03  6.09576243e+16  6.36359206e+14  3.28211265e+10  5.15678299e+08  2.45981338e+12  8.47236778e+09
 2.83500000e+03  6.08867719e+16  7.06036755e+14  3.27829778e+10  5.72142006e+08  2.45981338e+12  8.47236778e+09
 2.83500000e+03  6.08867719e+16  7.06036755e+14  3.27829778e+10  5.72142006e+08  2.45981338e+12  8.47236778e+09
 2.83630000e+03  6.44139219e+16  4.26870880e+15  3.46820845e+10  3.45917914e+09  2.45981338e+12  8.47236778e+09
 2.83760000e+03  6.77340862e+16  7.71918321e+15  3.64697449e+10  6.25529611e+09  2.45981338e+12  8.47236778e+09
 2.83890000e+03  7.08594113e+16  1.10556162e+16  3.81524990e+10  8.95899880e+09  2.45981338e+12  8.47236778e+09
 2.84020000e+03  7.38013312e+16  1.42770055e+16  3.97365031e+10  1.15694750e+10  2.45981338e+12  8.47236778e+09
 2.84150000e+03  7.65706088e+16  1.73830770e+16  4.12275522e+10  1.40865025e+10  2.45981338e+12  8.47236778e+09
 2.84280000e+03  7.91773752e+16  2.03741838e+16  4.26311012e+10  1.65103677e+10  2.45981338e+12  8.47236778e+09
 2.84410000e+03  8.16311673e+16  2.32512166e+16  4.39522849e+10  1.88417920e+10  2.45981338e+12  8.47236778e+09
 2.84540000e+03  8.39409621e+16  2.60155230e+16  4.51959368e+10  2.10818678e+10  2.45981338e+12  8.47236778e+09
 2.84670000e+03  8.61152099e+16  2.86688368e+16  4.63666068e+10  2.32319998e+10  2.45981338e+12  8.47236778e+09
 2.84800000e+03  8.81618650e+16  3.12132147e+16  4.74685777e+10  2.52938549e+10  2.45981338e+12  8.47236778e+09
 2.84800000e+03  8.81618650e+16  3.12132147e+16  4.74685777e+10  2.52938549e+10  2.45981338e+12  8.46389541e+09
 2.84802500e+03  8.80593925e+16  3.12610106e+16  4.74134039e+10  2.53325867e+10  2.45981338e+12  8.46389541e+09
 2.84805000e+03  8.79570391e+16  3.13086040e+16  4.73582942e+10  2.53711543e+10  2.45981338e+12  8.46389541e+09
 2.84807500e+03  8.78548046e+16  3.13559952e+16  4.73032486e+10  2.54095582e+10  2.45981338e+12  8.46389541e+09
 2.84810000e+03  8.77526890e+16  3.14031849e+16  4.72482670e+10  2.54477987e+10  2.45981338e+12  8.46389541e+09
 2.84812500e+03  8.76506921e+16  3.14501734e+16  4.71933492e+10  2.54858762e+10  2.45981338e+12  8.46389541e+09
 2.84815000e+03  8.75488137e+16  3.14969613e+16  4.71384953e+10  2.55237911e+10  2.45981338e+12  8.46389541e+09
 2.84817500e+03  8.74470537e+16  3.15435491e+16  4.70837052e+10  2.55615438e+10  2.45981338e+12  8.46389541e+09
 2.84820000e+03  8.73454120e+16  3.15899372e+16  4.70289787e+10  2.55991348e+10  2.45981338e+12  8.46389541e+09
 2.84822500e+03  8.72438885e+16  3.16361262e+16  4.69743159e+10  2.56365643e+10  2.45981338e+12  8.46389541e+09
 2.84825000e+03  8.71424829e+16  3.16821165e+16  4.69197166e+10  2.56738329e+10  2.45981338e+12  8.46389541e+09
 2.84825000e+03  8.71424829e+16  0.00000000e+00  4.69197166e+10  0.00000000e+00  2.47574939e+12  8.45543151e+09
 2.84900000e+03  8.41545135e+16  2.91042958e+15  4.53109183e+10  2.35848772e+09  2.47574939e+12  8.45543151e+09
 2.84975000e+03  8.12689965e+16  5.57217872e+15  4.37572829e+10  4.51545545e+09  2.47574939e+12  8.45543151e+09
 2.85050000e+03  7.84824190e+16  8.00139075e+15  4.22569191e+10  6.48398504e+09  2.47574939e+12  8.45543151e+09
 2.85125000e+03  7.57913886e+16  1.02132658e+16  4.08080003e+10  8.27639405e+09  2.47574939e+12  8.45543151e+09
 2.85200000e+03  7.31926291e+16  1.22221132e+16  3.94087625e+10  9.90427812e+09  2.47574939e+12  8.45543151e+09
 2.85275000e+03  7.06829767e+16  1.40414008e+16  3.80575022e+10  1.13785510e+10  2.47574939e+12  8.45543151e+09
 2.85350000e+03  6.82593760e+16  1.56838018e+16  3.67525743e+10  1.27094825e+10  2.47574939e+12  8.45543151e+09
 2.85425000e+03  6.59188766e+16  1.71612390e+16  3.54923902e+10  1.39067345e+10  2.47574939e+12  8.45543151e+09
 2.85500000e+03  6.36586290e+16  1.84849268e+16  3.42754157e+10  1.49793946e+10  2.47574939e+12  8.45543151e+09
 2.85575000e+03  6.14758814e+16  1.96654109e+16  3.31001693e+10  1.59360083e+10  2.47574939e+12  8.45543151e+09
 2.85575000e+03  6.14758814e+16  0.00000000e+00  3.31001693e+10  0.00000000e+00  2.47574939e+12  8.45543151e+09
 2.85577500e+03  6.14044266e+16  7.13922948e+13  3.30616962e+10  5.78532639e+07  2.47574939e+12  8.45543151e+09
 2.85580000e+03  6.13330549e+16  1.42576755e+14  3.30232678e+10  1.15538108e+08  2.47574939e+12  8.45543151e+09
 2.85582500e+03  6.12617661e+16  2.13553840e+14  3.29848841e+10  1.73054904e+08  2.47574939e+12  8.45543151e+09
 2.85585000e+03  6.11905602e+16  2.84324010e+14  3.29465451e+10  2.30404024e+08  2.47574939e+12  8.45543151e+09
 2.85587500e+03  6.11194370e+16  3.54887722e+14  3.29082505e+10  2.87585840e+08  2.47574939e+12  8.45543151e+09
 2.85590000e+03  6.10483965e+16  4.25245434e+14  3.28700005e+10  3.44600722e+08  2.47574939e+12  8.45543151e+09
 2.85592500e+03  6.09774386e+16  4.95397601e+14  3.28317950e+10  4.01449040e+08  2.47574939e+12  8.45543151e+09
 2.85595000e+03  6.09065631e+16  5.65344680e+14  3.27936339e+10  4.58131162e+08  2.47574939e+12  8.45543151e+09
 2.85597500e+03  6.08357700e+16  6.35087124e+14  3.27555171e+10  5.14647458e+08  2.47574939e+12  8.45543151e+09
 2.85600000e+03  6.07650592e+16  7.04625388e+14  3.27174446e+10  5.70998294e+08  2.47574939e+12  8.45543151e+09
 2.85600000e+03  6.07650592e+16  7.04625388e+14  3.27174446e+10  5.70998294e+08  2.47574939e+12  8.45543151e+09
 2.85730000e+03  6.42851585e+16  4.26017565e+15  3.46127551e+10  3.45226424e+09  2.47574939e+12  8.45543151e+09
 2.85860000e+03  6.75986857e+16  7.70375256e+15  3.63968419e+10  6.24279177e+09  2.47574939e+12  8.45543151e+09
 2.85990000e+03  7.07177634e+16  1.10335160e+16  3.80762322e+10  8.94108976e+09  2.47574939e+12  8.45543151e+09
 2.86120000e+03  7.36538024e+16  1.42484658e+16  3.96570699e+10  1.15463476e+10  2.47574939e+12  8.45543151e+09
 2.86250000e+03  7.64175441e+16  1.73483282e+16  4.11451383e+10  1.40583436e+10  2.47574939e+12  8.45543151e+09
 2.86380000e+03  7.90190996e+16  2.03334558e+16  4.25458816e+10  1.64773634e+10  2.47574939e+12  8.45543151e+09
 2.86510000e+03  8.14679866e+16  2.32047374e+16  4.38644243e+10  1.88041273e+10  2.47574939e+12  8.45543151e+09
 2.86640000e+03  8.37731641e+16  2.59635180e+16  4.51055901e+10  2.10397251e+10  2.47574939e+12  8.45543151e+09
 2.86770000e+03  8.59430656e+16  2.86115278e+16  4.62739199e+10  2.31855591e+10  2.47574939e+12  8.45543151e+09
 2.86900000e+03  8.79856294e+16  3.11508195e+16  4.73736880e+10  2.52432925e+10  2.47574939e+12  8.45543151e+09
 2.86900000e+03  8.79856294e+16  3.11508195e+16  4.73736880e+10  2.52432925e+10  2.47574939e+12  8.44697608e+09
 2.86902500e+03  8.78833618e+16  3.11985199e+16  4.73186245e+10  2.52819469e+10  2.47574939e+12  8.44697608e+09
 2.86905000e+03  8.77812129e+16  3.12460181e+16  4.72636250e+10  2.53204374e+10  2.47574939e+12  8.44697608e+09
 2.86907500e+03  8.76791829e+16  3.12933146e+16  4.72086894e+10  2.53587645e+10  2.47574939e+12  8.44697608e+09
 2.86910000e+03  8.75772714e+16  3.13404099e+16  4.71538177e+10  2.53969285e+10  2.47574939e+12  8.44697608e+09
 2.86912500e+03  8.74754783e+16  3.13873045e+16  4.70990097e+10  2.54349299e+10  2.47574939e+12  8.44697608e+09
 2.86915000e+03  8.73738036e+16  3.14339989e+16  4.70442655e+10  2.54727690e+10  2.47574939e+12  8.44697608e+09
 2.86917500e+03  8.72722470e+16  3.14804935e+16  4.69895849e+10  2.55104463e+10  2.47574939e+12  8.44697608e+09
 2.86920000e+03  8.71708085e+16  3.15267889e+16  4.69349678e+10  2.55479621e+10  2.47574939e+12  8.44697608e+09
 2.86922500e+03  8.70694879e+16  3.15728856e+16  4.68804142e+10  2.55853168e+10  2.47574939e+12  8.44697608e+09
 2.86925000e+03  8.69682851e+16  3.16187839e+16  4.68259241e+10  2.56225109e+10  2.47574939e+12  8.44697608e+09
 2.86925000e+03  8.69682851e+16  0.00000000e+00  4.68259241e+10  0.00000000e+00  2.49165354e+12  8.43852911e+09
 2.87000000e+03  8.39862886e+16  2.90461163e+15  4.52203417e+10  2.35377310e+09  2.49165354e+12  8.43852911e+09
 2.87075000e+03  8.11065397e+16  5.56103994e+15  4.36698121e+10  4.50642905e+09  2.49165354e+12  8.43852911e+09
 2.87150000e+03  7.83255326e+16  7.98539597e+15  4.21724476e+10  6.47102355e+09  2.49165354e+12  8.43852911e+09
 2.87225000e+03  7.56398816e+16  1.01928495e+16  4.07264251e+10  8.25984954e+09  2.49165354e+12  8.43852911e+09
 2.87300000e+03  7.30463170e+16  1.21976812e+16  3.93299844e+10  9.88447947e+09  2.49165354e+12  8.43852911e+09
 2.87375000e+03  7.05416814e+16  1.40133321e+16  3.79814252e+10  1.13558053e+10  2.49165354e+12  8.43852911e+09
 2.87450000e+03  6.81229256e+16  1.56524499e+16  3.66791059e+10  1.26840763e+10  2.49165354e+12  8.43852911e+09
 2.87525000e+03  6.57871048e+16  1.71269337e+16  3.54214409e+10  1.38789349e+10  2.49165354e+12  8.43852911e+09
 2.87600000e+03  6.35313754e+16  1.84479755e+16  3.42068992e+10  1.49494507e+10  2.49165354e+12  8.43852911e+09
 2.87675000e+03  6.13529912e+16  1.96260997e+16  3.30340020e+10  1.59041523e+10  2.49165354e+12  8.43852911e+09
 2.87675000e+03  6.13529912e+16  0.00000000e+00  3.30340020e+10  0.00000000e+00  2.49165354e+12  8.43852911e+09
 2.87677500e+03  6.12816792e+16  7.12495816e+13  3.29956059e+10  5.77376152e+07  2.49165354e+12  8.43852911e+09
 2.87680000e+03  6.12104501e+16  1.42291744e+14  3.29572543e+10  1.15307147e+08  2.49165354e+12  8.43852911e+09
 2.87682500e+03  6.11393038e+16  2.13126946e+14  3.29189474e+10  1.72708967e+08  2.49165354e+12  8.43852911e+09
 2.87685000e+03  6.10682402e+16  2.83755646e+14  3.28806849e+10  2.29943446e+08  2.49165354e+12  8.43852911e+09
 2.87687500e+03  6.09972592e+16  3.54178302e+14  3.28424670e+10  2.87010956e+08  2.49165354e+12  8.43852911e+09
 2.87690000e+03  6.09263607e+16  4.24395368e+14  3.28042934e+10  3.43911865e+08  2.49165354e+12  8.43852911e+09
 2.87692500e+03  6.08555447e+16  4.94407301e+14  3.27661642e+10  4.00646543e+08  2.49165354e+12  8.43852911e+09
 2.87695000e+03  6.07848109e+16  5.64214556e+14  3.27280794e+10  4.57215358e+08  2.49165354e+12  8.43852911e+09
 2.87697500e+03  6.07141593e+16  6.33817585e+14  3.26900388e+10  5.13618678e+08  2.49165354e+12  8.43852911e+09
 2.87700000e+03  6.06435899e+16  7.03216842e+14  3.26520424e+10  5.69856869e+08  2.49165354e+12  8.43852911e+09
 2.87700000e+03  6.06435899e+16  7.03216842e+14  3.26520424e+10  5.69856869e+08  2.49165354e+12  8.43852911e+09
 2.87830000e+03  6.41566524e+16  4.25165956e+15  3.45435642e+10  3.44536317e+09  2.49165354e+12  8.43852911e+09
 2.87960000e+03  6.74635560e+16  7.68835276e+15  3.63240846e+10  6.23031243e+09  2.49165354e+12  8.43852911e+09
 2.88090000e+03  7.05763985e+16  1.10114600e+16  3.80001178e+10  8.92321652e+09  2.49165354e+12  8.43852911e+09
 2.88220000e+03  7.35065684e+16  1.42199831e+16  3.95777954e+10  1.15232664e+10  2.49165354e+12  8.43852911e+09
 2.88350000e+03  7.62647855e+16  1.73136489e+16  4.10628892e+10  1.40302410e+10  2.49165354e+12  8.43852911e+09
 2.88480000e+03  7.88611405e+16  2.02928093e+16  4.24608324e+10  1.64444252e+10  2.49165354e+12  8.43852911e+09
 2.88610000e+03  8.13051321e+16  2.31583511e+16  4.37767393e+10  1.87665378e+10  2.49165354e+12  8.43852911e+09
 2.88740000e+03  8.36057015e+16  2.59116169e+16  4.50154240e+10  2.09976667e+10  2.49165354e+12  8.43852911e+09
 2.88870000e+03  8.57712654e+16  2.85543333e+16  4.61814184e+10  2.31392111e+10  2.49165354e+12  8.43852911e+09
 2.89000000e+03  8.78097462e+16  3.10885490e+16  4.72789880e+10  2.51928312e+10  2.49165354e+12  8.43852911e+09
 2.89000000e+03  8.78097462e+16  3.10885490e+16  4.72789880e+10  2.51928312e+10  2.49165354e+12  8.43009058e+09
 2.89002500e+03  8.77076829e+16  3.11361540e+16  4.72240346e+10  2.52314083e+10  2.49165354e+12  8.43009058e+09
 2.89005000e+03  8.76057383e+16  3.11835573e+16  4.71691450e+10  2.52698218e+10  2.49165354e+12  8.43009058e+09
 2.89007500e+03  8.75039122e+16  3.12307593e+16  4.71143192e+10  2.53080723e+10  2.49165354e+12  8.43009058e+09
 2.89010000e+03  8.74022044e+16  3.12777604e+16  4.70595572e+10  2.53461600e+10  2.49165354e+12  8.43009058e+09
 2.89012500e+03  8.73006148e+16  3.13245613e+16  4.70048588e+10  2.53840855e+10  2.49165354e+12  8.43009058e+09
 2.89015000e+03  8.71991434e+16  3.13711623e+16  4.69502240e+10  2.54218490e+10  2.49165354e+12  8.43009058e+09
 2.89017500e+03  8.70977898e+16  3.14175640e+16  4.68956527e+10  2.54594509e+10  2.49165354e+12  8.43009058e+09
 2.89020000e+03  8.69965541e+16  3.14637669e+16  4.68411448e+10  2.54968917e+10  2.49165354e+12  8.43009058e+09
 2.89022500e+03  8.68954360e+16  3.15097714e+16  4.67867003e+10  2.55341718e+10  2.49165354e+12  8.43009058e+09
 2.89025000e+03  8.67944355e+16  3.15555780e+16  4.67323191e+10  2.55712915e+10  2.49165354e+12  8.43009058e+09
 2.89025000e+03  8.67944355e+16  0.00000000e+00  4.67323191e+10  0.00000000e+00  2.50752590e+12  8.42166049e+09
 2.89100000e+03  8.38184000e+16  2.89880531e+15  4.51299463e+10  2.34906791e+09  2.50752590e+12  8.42166049e+09
 2.89175000e+03  8.09444078e+16  5.54992342e+15  4.35825162e+10  4.49742070e+09  2.50752590e+12  8.42166049e+09
 2.89250000e+03  7.81689599e+16  7.96943316e+15  4.20881448e+10  6.45808797e+09  2.50752590e+12  8.42166049e+09
 2.89325000e+03  7.54886775e+16  1.01724740e+16  4.06450130e+10  8.24333810e+09  2.50752590e+12  8.42166049e+09
 2.89400000e+03  7.29002974e+16  1.21732981e+16  3.92513637e+10  9.86472039e+09  2.50752590e+12  8.42166049e+09
 2.89475000e+03  7.04006686e+16  1.39853194e+16  3.79055004e+10  1.13331050e+10  2.50752590e+12  8.42166049e+09
 2.89550000e+03  6.79867478e+16  1.56211606e+16  3.66057844e+10  1.26587208e+10  2.50752590e+12  8.42166049e+09
 2.89625000e+03  6.56555964e+16  1.70926969e+16  3.53506335e+10  1.38511910e+10  2.50752590e+12  8.42166049e+09
 2.89700000e+03  6.34043762e+16  1.84110980e+16  3.41385196e+10  1.49195668e+10  2.50752590e+12  8.42166049e+09
 2.89775000e+03  6.12303465e+16  1.95868671e+16  3.29679671e+10  1.58723599e+10  2.50752590e+12  8.42166049e+09
 2.89775000e+03  6.12303465e+16  0.00000000e+00  3.29679671e+10  0.00000000e+00  2.50752590e+12  8.42166049e+09
 2.89777500e+03  6.11591771e+16  7.11071536e+13  3.29296476e+10  5.76221977e+07  2.50752590e+12  8.42166049e+09
 2.89780000e+03  6.10880904e+16  1.42007303e+14  3.28913728e+10  1.15076648e+08  2.50752590e+12  8.42166049e+09
 2.89782500e+03  6.10170864e+16  2.12700905e+14  3.28531424e+10  1.72363722e+08  2.50752590e+12  8.42166049e+09
 2.89785000e+03  6.09461648e+16  2.83188419e+14  3.28149564e+10  2.29483789e+08  2.50752590e+12  8.42166049e+09
 2.89787500e+03  6.08753257e+16  3.53470299e+14  3.27768149e+10  2.86437221e+08  2.50752590e+12  8.42166049e+09
 2.89790000e+03  6.08045689e+16  4.23547002e+14  3.27387176e+10  3.43224385e+08  2.50752590e+12  8.42166049e+09
 2.89792500e+03  6.07338944e+16  4.93418981e+14  3.27006647e+10  3.99845651e+08  2.50752590e+12  8.42166049e+09
 2.89795000e+03  6.06633020e+16  5.63086691e+14  3.26626560e+10  4.56301385e+08  2.50752590e+12  8.42166049e+09
 2.89797500e+03  6.05927917e+16  6.32550584e+14  3.26246914e+10  5.12591954e+08  2.50752590e+12  8.42166049e+09
 2.89800000e+03  6.05223633e+16  7.01811111e+14  3.25867710e+10  5.68717725e+08  2.50752590e+12  8.42166049e+09
 2.89800000e+03  6.05223633e+16  7.01811111e+14  3.25867710e+10  5.68717725e+08  2.50752590e+12  8.42166049e+09
 2.89930000e+03  6.40284033e+16  4.24316050e+15  3.44745116e+10  3.43847589e+09  2.50752590e+12  8.42166049e+09
 2.90060000e+03  6.73286963e+16  7.67298374e+15  3.62514728e+10  6.21785803e+09  2.50752590e+12  8.42166049e+09
 2.90190000e+03  7.04353163e+16  1.09894481e+16  3.79241556e+10  8.90537901e+09  2.50752590e+12  8.42166049e+09
 2.90320000e+03  7.33596288e+16  1.41915573e+16  3.94986794e+10  1.15002314e+10  2.50752590e+12  8.42166049e+09
 2.90450000e+03  7.61123322e+16  1.72790389e+16  4.09808045e+10  1.40021945e+10  2.50752590e+12  8.42166049e+09
 2.90580000e+03  7.87034970e+16  2.02522439e+16  4.23759532e+10  1.64115528e+10  2.50752590e+12  8.42166049e+09
 2.90710000e+03  8.11426031e+16  2.31120576e+16  4.36892296e+10  1.87290235e+10  2.50752590e+12  8.42166049e+09
 2.90840000e+03  8.34385737e+16  2.58598196e+16  4.49254382e+10  2.09556924e+10  2.50752590e+12  8.42166049e+09
 2.90970000e+03  8.55998086e+16  2.84972532e+16  4.60891017e+10  2.30929559e+10  2.50752590e+12  8.42166049e+09
 2.91100000e+03  8.76342145e+16  3.10264030e+16  4.71844773e+10  2.51424707e+10  2.50752590e+12  8.42166049e+09
 2.91100000e+03  8.76342145e+16  3.10264030e+16  4.71844773e+10  2.51424707e+10  2.50752590e+12  8.41323883e+09
 2.91102500e+03  8.75323553e+16  3.10739128e+16  4.71296337e+10  2.51809707e+10  2.50752590e+12  8.41323883e+09
 2.91105000e+03  8.74306144e+16  3.11212213e+16  4.70748539e+10  2.52193075e+10  2.50752590e+12  8.41323883e+09
 2.91107500e+03  8.73289919e+16  3.11683290e+16  4.70201377e+10  2.52574815e+10  2.50752590e+12  8.41323883e+09
 2.91110000e+03  8.72274874e+16  3.12152362e+16  4.69654851e+10  2.52954931e+10  2.50752590e+12  8.41323883e+09
 2.91112500e+03  8.71261009e+16  3.12619435e+16  4.69108961e+10  2.53333427e+10  2.50752590e+12  8.41323883e+09
 2.91115000e+03  8.70248323e+16  3.13084514e+16  4.68563705e+10  2.53710307e+10  2.50752590e+12  8.41323883e+09
 2.91117500e+03  8.69236813e+16  3.13547603e+16  4.68019083e+10  2.54085575e+10  2.50752590e+12  8.41323883e+09
 2.91120000e+03  8.68226480e+16  3.14008708e+16  4.67475094e+10  2.54459234e+10  2.50752590e+12  8.41323883e+09
 2.91122500e+03  8.67217321e+16  3.14467833e+16  4.66931737e+10  2.54831290e+10  2.50752590e+12  8.41323883e+09
 2.91125000e+03  8.66209334e+16  3.14924984e+16  4.66389011e+10  2.55201745e+10  2.50752590e+12  8.41323883e+09
 2.91125000e+03  8.66209334e+16  0.00000000e+00  4.66389011e+10  0.00000000e+00  2.52336653e+12  8.40482559e+09
 2.91200000e+03  8.36508470e+16  2.89301060e+15  4.50397315e+10  2.34437212e+09  2.52336653e+12  8.40482559e+09
 2.91275000e+03  8.07825999e+16  5.53882912e+15  4.34953947e+10  4.48843035e+09  2.52336653e+12  8.40482559e+09
 2.91350000e+03  7.80127001e+16  7.95350227e+15  4.20040106e+10  6.44517826e+09  2.52336653e+12  8.40482559e+09
 2.91425000e+03  7.53377756e+16  1.01521392e+16  4.05637636e+10  8.22685967e+09  2.52336653e+12  8.40482559e+09
 2.91500000e+03  7.27545697e+16  1.21489636e+16  3.91729003e+10  9.84500082e+09  2.52336653e+12  8.40482559e+09
 2.91575000e+03  7.02599376e+16  1.39573628e+16  3.78297273e+10  1.13104501e+10  2.52336653e+12  8.40482559e+09
 2.91650000e+03  6.78508423e+16  1.55899339e+16  3.65326094e+10  1.26334160e+10  2.52336653e+12  8.40482559e+09
 2.91725000e+03  6.55243508e+16  1.70585286e+16  3.52799676e+10  1.38235024e+10  2.52336653e+12  8.40482559e+09
 2.91800000e+03  6.32776308e+16  1.83742942e+16  3.40702767e+10  1.48897426e+10  2.52336653e+12  8.40482559e+09
 2.91875000e+03  6.11079471e+16  1.95477130e+16  3.29020641e+10  1.58406310e+10  2.52336653e+12  8.40482559e+09
 2.91875000e+03  6.11079471e+16  0.00000000e+00  3.29020641e+10  0.00000000e+00  2.52336653e+12  8.40482559e+09
 2.91877500e+03  6.10369199e+16  7.09650104e+13  3.28638213e+10  5.75070110e+07  2.52336653e+12  8.40482559e+09
 2.91880000e+03  6.09659753e+16  1.41723430e+14  3.28256229e+10  1.14846610e+08  2.52336653e+12  8.40482559e+09
 2.91882500e+03  6.08951132e+16  2.12275716e+14  3.27874689e+10  1.72019166e+08  2.52336653e+12  8.40482559e+09
 2.91885000e+03  6.08243334e+16  2.82622325e+14  3.27493593e+10  2.29025051e+08  2.52336653e+12  8.40482559e+09
 2.91887500e+03  6.07536359e+16  3.52763712e+14  3.27112940e+10  2.85864633e+08  2.52336653e+12  8.40482559e+09
 2.91890000e+03  6.06830206e+16  4.22700331e+14  3.26732729e+10  3.42538280e+08  2.52336653e+12  8.40482559e+09
 2.91892500e+03  6.06124874e+16  4.92432637e+14  3.26352960e+10  3.99046359e+08  2.52336653e+12  8.40482559e+09
 2.91895000e+03  6.05420361e+16  5.61961081e+14  3.25973633e+10  4.55389238e+08  2.52336653e+12  8.40482559e+09
 2.91897500e+03  6.04716667e+16  6.31286115e+14  3.25594747e+10  5.11567283e+08  2.52336653e+12  8.40482559e+09
 2.91900000e+03  6.04013791e+16  7.00408191e+14  3.25216300e+10  5.67580858e+08  2.52336653e+12  8.40482559e+09
 2.91900000e+03  6.04013791e+16  7.00408191e+14  3.25216300e+10  5.67580858e+08  2.52336653e+12  8.40482559e+09
 2.92030000e+03  6.39004105e+16  4.23467842e+15  3.44055970e+10  3.43160237e+09  2.52336653e+12  8.40482559e+09
 2.92160000e+03  6.71941062e+16  7.65764545e+15  3.61790061e+10  6.20542854e+09  2.52336653e+12  8.40482559e+09
 2.92290000e+03  7.02945161e+16  1.09674802e+16  3.78483452e+10  8.88757716e+09  2.52336653e+12  8.40482559e+09
 2.92420000e+03  7.32129829e+16  1.41631884e+16  3.94197215e+10  1.14772425e+10  2.52336653e+12  8.40482559e+09
 2.92550000e+03  7.59601836e+16  1.72444981e+16  4.08988838e+10  1.39742041e+10  2.52336653e+12  8.40482559e+09
 2.92680000e+03  7.85461688e+16  2.02117597e+16  4.22912436e+10  1.63787461e+10  2.52336653e+12  8.40482559e+09
 2.92810000e+03  8.09803991e+16  2.30658566e+16  4.36018948e+10  1.86915842e+10  2.52336653e+12  8.40482559e+09
 2.92940000e+03  8.32717800e+16  2.58081258e+16  4.48356323e+10  2.09138019e+10  2.52336653e+12  8.40482559e+09
 2.93070000e+03  8.54286946e+16  2.84402872e+16  4.59969696e+10  2.30467930e+10  2.52336653e+12  8.40482559e+09
 2.93200000e+03  8.74590337e+16  3.09643812e+16  4.70901555e+10  2.50922109e+10  2.52336653e+12  8.40482559e+09
 2.93200000e+03  8.74590337e+16  3.09643812e+16  4.70901555e+10  2.50922109e+10  2.52336653e+12  8.39642076e+09
 2.93202500e+03  8.73573781e+16  3.10117961e+16  4.70354216e+10  2.51306339e+10  2.52336653e+12  8.39642076e+09
 2.93205000e+03  8.72558406e+16  3.10590100e+16  4.69807512e+10  2.51688941e+10  2.52336653e+12  8.39642076e+09
 2.93207500e+03  8.71544212e+16  3.11060235e+16  4.69261445e+10  2.52069918e+10  2.52336653e+12  8.39642076e+09
 2.93210000e+03  8.70531196e+16  3.11528369e+16  4.68716011e+10  2.52449274e+10  2.52336653e+12  8.39642076e+09
 2.93212500e+03  8.69519358e+16  3.11994509e+16  4.68171212e+10  2.52827013e+10  2.52336653e+12  8.39642076e+09
 2.93215000e+03  8.68508696e+16  3.12458658e+16  4.67627046e+10  2.53203140e+10  2.52336653e+12  8.39642076e+09
 2.93217500e+03  8.67499209e+16  3.12920822e+16  4.67083513e+10  2.53577658e+10  2.52336653e+12  8.39642076e+09
 2.93220000e+03  8.66490895e+16  3.13381005e+16  4.66540611e+10  2.53950570e+10  2.52336653e+12  8.39642076e+09
 2.93222500e+03  8.65483753e+16  3.13839212e+16  4.65998340e+10  2.54321882e+10  2.52336653e+12  8.39642076e+09
 2.93225000e+03  8.64477782e+16  3.14295449e+16  4.65456700e+10  2.54691597e+10  2.52336653e+12  8.39642076e+09
 2.93225000e+03  8.64477782e+16  0.00000000e+00  4.65456700e+10  0.00000000e+00  2.53917549e+12  8.38802434e+09
 2.93300000e+03  8.34836290e+16  2.88722747e+15  4.49496971e+10  2.33968572e+09  2.53917549e+12  8.38802434e+09
 2.93375000e+03  8.06211155e+16  5.52775700e+15  4.34084474e+10  4.47945798e+09  2.53917549e+12  8.38802434e+09
 2.93450000e+03  7.78567527e+16  7.93760322e+15  4.19200446e+10  6.43229434e+09  2.53917549e+12  8.38802434e+09
 2.93525000e+03  7.51871754e+16  1.01318451e+16  4.04826767e+10  8.21041418e+09  2.53917549e+12  8.38802434e+09
 2.93600000e+03  7.26091333e+16  1.21246779e+16  3.90945936e+10  9.82532066e+09  2.53917549e+12  8.38802434e+09
 2.93675000e+03  7.01194880e+16  1.39294620e+16  3.77541056e+10  1.12878406e+10  2.53917549e+12  8.38802434e+09
 2.93750000e+03  6.77152085e+16  1.55587696e+16  3.64595807e+10  1.26081618e+10  2.53917549e+12  8.38802434e+09
 2.93825000e+03  6.53933676e+16  1.70244286e+16  3.52094429e+10  1.37958692e+10  2.53917549e+12  8.38802434e+09
 2.93900000e+03  6.31511388e+16  1.83375640e+16  3.40021702e+10  1.48599780e+10  2.53917549e+12  8.38802434e+09
 2.93975000e+03  6.09857923e+16  1.95086371e+16  3.28362929e+10  1.58089656e+10  2.53917549e+12  8.38802434e+09
 2.93975000e+03  6.09857923e+16  0.00000000e+00  3.28362929e+10  0.00000000e+00  2.53917549e+12  8.38802434e+09
 2.93977500e+03  6.09149071e+16  7.08231514e+13  3.27981265e+10  5.73920545e+07  2.53917549e+12  8.38802434e+09
 2.93980000e+03  6.08441043e+16  1.41440125e+14  3.27600045e+10  1.14617031e+08  2.53917549e+12  8.38802434e+09
 2.93982500e+03  6.07733839e+16  2.11851377e+14  3.27219268e+10  1.71675300e+08  2.53917549e+12  8.38802434e+09
 2.93985000e+03  6.07027456e+16  2.82057363e+14  3.26838934e+10  2.28567230e+08  2.53917549e+12  8.38802434e+09
 2.93987500e+03  6.06321894e+16  3.52058537e+14  3.26459041e+10  2.85293189e+08  2.53917549e+12  8.38802434e+09
 2.93990000e+03  6.05617153e+16  4.21855353e+14  3.26079591e+10  3.41853546e+08  2.53917549e+12  8.38802434e+09
 2.93992500e+03  6.04913230e+16  4.91448264e+14  3.25700581e+10  3.98248665e+08  2.53917549e+12  8.38802434e+09
 2.93995000e+03  6.04210126e+16  5.60837721e+14  3.25322012e+10  4.54478915e+08  2.53917549e+12  8.38802434e+09
 2.93997500e+03  6.03507839e+16  6.30024174e+14  3.24943883e+10  5.10544660e+08  2.53917549e+12  8.38802434e+09
 2.94000000e+03  6.02806368e+16  6.99008075e+14  3.24566193e+10  5.66446264e+08  2.53917549e+12  8.38802434e+09
 2.94000000e+03  6.02806368e+16  6.99008075e+14  3.24566193e+10  5.66446264e+08  2.53917549e+12  8.38802434e+09
 2.94130000e+03  6.37726736e+16  4.22621330e+15  3.43368202e+10  3.42474260e+09  2.53917549e+12  8.38802434e+09
 2.94260000e+03  6.70597852e+16  7.64233782e+15  3.61066843e+10  6.19302388e+09  2.53917549e+12  8.38802434e+09
 2.94390000e+03  7.01539974e+16  1.09455562e+16  3.77726863e+10  8.86981089e+09  2.53917549e+12  8.38802434e+09
 2.94520000e+03  7.30666301e+16  1.41348762e+16  3.93409215e+10  1.14542995e+10  2.53917549e+12  8.38802434e+09
 2.94650000e+03  7.58083392e+16  1.72100263e+16  4.08171270e+10  1.39462697e+10  2.53917549e+12  8.38802434e+09
 2.94780000e+03  7.83891550e+16  2.01713564e+16  4.22067034e+10  1.63460050e+10  2.53917549e+12  8.38802434e+09
 2.94910000e+03  8.08185192e+16  2.30197480e+16  4.35147346e+10  1.86542197e+10  2.53917549e+12  8.38802434e+09
 2.95040000e+03  8.31053198e+16  2.57565353e+16  4.47460058e+10  2.08719952e+10  2.53917549e+12  8.38802434e+09
 2.95170000e+03  8.52579226e+16  2.83834351e+16  4.59050217e+10  2.30007225e+10  2.53917549e+12  8.38802434e+09
 2.95300000e+03  8.72842031e+16  3.09024834e+16  4.69960223e+10  2.50420516e+10  2.53917549e+12  8.38802434e+09
 2.95300000e+03  8.72842031e+16  3.09024834e+16  4.69960223e+10  2.50420516e+10  2.53917549e+12  8.37963632e+09
 2.95302500e+03  8.71827507e+16  3.09498035e+16  4.69413978e+10  2.50803978e+10  2.53917549e+12  8.37963632e+09
 2.95305000e+03  8.70814162e+16  3.09969231e+16  4.68868367e+10  2.51185815e+10  2.53917549e+12  8.37963632e+09
 2.95307500e+03  8.69801995e+16  3.10438425e+16  4.68323391e+10  2.51566030e+10  2.53917549e+12  8.37963632e+09
 2.95310000e+03  8.68791005e+16  3.10905624e+16  4.67779048e+10  2.51944628e+10  2.53917549e+12  8.37963632e+09
 2.95312500e+03  8.67781189e+16  3.11370832e+16  4.67235338e+10  2.52321612e+10  2.53917549e+12  8.37963632e+09
 2.95315000e+03  8.66772547e+16  3.11834053e+16  4.66692260e+10  2.52696987e+10  2.53917549e+12  8.37963632e+09
 2.95317500e+03  8.65765078e+16  3.12295293e+16  4.66149813e+10  2.53070756e+10  2.53917549e+12  8.37963632e+09
 2.95320000e+03  8.64758780e+16  3.12754556e+16  4.65607996e+10  2.53442923e+10  2.53917549e+12  8.37963632e+09
 2.95322500e+03  8.63753651e+16  3.13211848e+16  4.65066810e+10  2.53813493e+10  2.53917549e+12  8.37963632e+09
 2.95325000e+03  8.62749691e+16  3.13667172e+16  4.64526252e+10  2.54182468e+10  2.53917549e+12  8.37963632e+09
 2.95325000e+03  8.62749691e+16  0.00000000e+00  4.64526252e+10  0.00000000e+00  2.55495286e+12  8.37125668e+09
 2.95400000e+03  8.33167452e+16  2.88145590e+15  4.48598426e+10  2.33500869e+09  2.55495286e+12  8.37125668e+09
 2.95475000e+03  8.04599539e+16  5.51670701e+15  4.33216739e+10  4.47050355e+09  2.55495286e+12  8.37125668e+09
 2.95550000e+03  7.77011171e+16  7.92173595e+15  4.18362465e+10  6.41943619e+09  2.55495286e+12  8.37125668e+09
 2.95625000e+03  7.50368762e+16  1.01115915e+16  4.04017518e+10  8.19400156e+09  2.55495286e+12  8.37125668e+09
 2.95700000e+03  7.24639877e+16  1.21004406e+16  3.90164435e+10  9.80567984e+09  2.55495286e+12  8.37125668e+09
 2.95775000e+03  6.99793192e+16  1.39016170e+16  3.76786352e+10  1.12652762e+10  2.55495286e+12  8.37125668e+09
 2.95850000e+03  6.75798458e+16  1.55276677e+16  3.63866980e+10  1.25829581e+10  2.55495286e+12  8.37125668e+09
 2.95925000e+03  6.52626463e+16  1.69903968e+16  3.51390592e+10  1.37682913e+10  2.55495286e+12  8.37125668e+09
 2.96000000e+03  6.30248997e+16  1.83009072e+16  3.39341999e+10  1.48302729e+10  2.55495286e+12  8.37125668e+09
 2.96075000e+03  6.08638817e+16  1.94696393e+16  3.27706531e+10  1.57773635e+10  2.55495286e+12  8.37125668e+09
 2.96075000e+03  6.08638817e+16  0.00000000e+00  3.27706531e+10  0.00000000e+00  2.55495286e+12  8.37125668e+09
 2.96077500e+03  6.07931382e+16  7.06815759e+13  3.27325630e+10  5.72773277e+07  2.55495286e+12  8.37125668e+09
 2.96080000e+03  6.07224770e+16  1.41157386e+14  3.26945172e+10  1.14387912e+08  2.55495286e+12  8.37125668e+09
 2.96082500e+03  6.06518979e+16  2.11427886e+14  3.26565157e+10  1.71332121e+08  2.55495286e+12  8.37125668e+09
 2.96085000e+03  6.05814008e+16  2.81493530e+14  3.26185583e+10  2.28110324e+08  2.55495286e+12  8.37125668e+09
 2.96087500e+03  6.05109857e+16  3.51354772e+14  3.25806450e+10  2.84722888e+08  2.55495286e+12  8.37125668e+09
 2.96090000e+03  6.04406524e+16  4.21012065e+14  3.25427758e+10  3.41170180e+08  2.55495286e+12  8.37125668e+09
 2.96092500e+03  6.03704008e+16  4.90465859e+14  3.25049505e+10  3.97452566e+08  2.55495286e+12  8.37125668e+09
 2.96095000e+03  6.03002310e+16  5.59716606e+14  3.24671693e+10  4.53570412e+08  2.55495286e+12  8.37125668e+09
 2.96097500e+03  6.02301426e+16  6.28764756e+14  3.24294320e+10  5.09524081e+08  2.55495286e+12  8.37125668e+09
 2.96100000e+03  6.01601358e+16  6.97610758e+14  3.23917385e+10  5.65313938e+08  2.55495286e+12  8.37125668e+09
 2.96100000e+03  6.01601358e+16  6.97610758e+14  3.23917385e+10  5.65313938e+08  2.55495286e+12  8.37125668e+09
 2.96230000e+03  6.36451920e+16  4.21776510e+15  3.42681809e+10  3.41789654e+09  2.55495286e+12  8.37125668e+09
 2.96360000e+03  6.69257327e+16  7.62706078e+15  3.60345070e+10  6.18064403e+09  2.55495286e+12  8.37125668e+09
 2.96490000e+03  7.00137596e+16  1.09236761e+16  3.76971787e+10  8.85208014e+09  2.55495286e+12  8.37125668e+09
 2.96620000e+03  7.29205699e+16  1.41066206e+16  3.92622790e+10  1.14314023e+10  2.55495286e+12  8.37125668e+09
 2.96750000e+03  7.56567983e+16  1.71756235e+16  4.07355335e+10  1.39183911e+10  2.55495286e+12  8.37125668e+09
 2.96880000e+03  7.82324550e+16  2.01310338e+16  4.21223322e+10  1.63133293e+10  2.55495286e+12  8.37125668e+09
 2.97010000e+03  8.06569630e+16  2.29737315e+16  4.34277487e+10  1.86169299e+10  2.55495286e+12  8.37125668e+09
 2.97140000e+03  8.29391922e+16  2.57050480e+16  4.46565586e+10  2.08302721e+10  2.55495286e+12  8.37125668e+09
 2.97270000e+03  8.50874920e+16  2.83266966e+16  4.58132575e+10  2.29547441e+10  2.55495286e+12  8.37125668e+09
 2.97400000e+03  8.71097220e+16  3.08407093e+16  4.69020773e+10  2.49919925e+10  2.55495286e+12  8.37125668e+09
 2.97400000e+03  8.71097220e+16  3.08407093e+16  4.69020773e+10  2.49919925e+10  2.55495286e+12  8.36288542e+09
 2.97402500e+03  8.70084724e+16  3.08879349e+16  4.68475619e+10  2.50302621e+10  2.55495286e+12  8.36288542e+09
 2.97405000e+03  8.69073405e+16  3.09349602e+16  4.67931099e+10  2.50683694e+10  2.55495286e+12  8.36288542e+09
 2.97407500e+03  8.68063261e+16  3.09817859e+16  4.67387212e+10  2.51063149e+10  2.55495286e+12  8.36288542e+09
 2.97410000e+03  8.67054291e+16  3.10284124e+16  4.66843958e+10  2.51440990e+10  2.55495286e+12  8.36288542e+09
 2.97412500e+03  8.66046495e+16  3.10748401e+16  4.66301334e+10  2.51817221e+10  2.55495286e+12  8.36288542e+09
 2.97415000e+03  8.65039869e+16  3.11210697e+16  4.65759342e+10  2.52191846e+10  2.55495286e+12  8.36288542e+09
 2.97417500e+03  8.64034414e+16  3.11671015e+16  4.65217979e+10  2.52564867e+10  2.55495286e+12  8.36288542e+09
 2.97420000e+03  8.63030127e+16  3.12129360e+16  4.64677246e+10  2.52936291e+10  2.55495286e+12  8.36288542e+09
 2.97422500e+03  8.62027008e+16  3.12585737e+16  4.64137141e+10  2.53306119e+10  2.55495286e+12  8.36288542e+09
 2.97425000e+03  8.61025054e+16  3.13040151e+16  4.63597664e+10  2.53674357e+10  2.55495286e+12  8.36288542e+09
 2.97425000e+03  8.61025054e+16  0.00000000e+00  4.63597664e+10  0.00000000e+00  2.57069868e+12  8.35452254e+09
 2.97500000e+03  8.31501950e+16  2.87569587e+15  4.47701678e+10  2.33034101e+09  2.57069868e+12  8.35452254e+09
 2.97575000e+03  8.02991144e+16  5.50567912e+15  4.32350739e+10  4.46156701e+09  2.57069868e+12  8.35452254e+09
 2.97650000e+03  7.75457926e+16  7.90590040e+15  4.17526158e+10  6.40660373e+09  2.57069868e+12  8.35452254e+09
 2.97725000e+03  7.48868775e+16  1.00913785e+16  4.03209887e+10  8.17762175e+09  2.57069868e+12  8.35452254e+09
 2.97800000e+03  7.23191322e+16  1.20762519e+16  3.89384497e+10  9.78607829e+09  2.57069868e+12  8.35452254e+09
 2.97875000e+03  6.98394305e+16  1.38738277e+16  3.76033156e+10  1.12427569e+10  2.57069868e+12  8.35452254e+09
 2.97950000e+03  6.74447537e+16  1.54966279e+16  3.63139610e+10  1.25578048e+10  2.57069868e+12  8.35452254e+09
 2.98025000e+03  6.51321863e+16  1.69564330e+16  3.50688162e+10  1.37407685e+10  2.57069868e+12  8.35452254e+09
 2.98100000e+03  6.28989129e+16  1.82643237e+16  3.38663654e+10  1.48006272e+10  2.57069868e+12  8.35452254e+09
 2.98175000e+03  6.07422148e+16  1.94307195e+16  3.27051446e+10  1.57458245e+10  2.57069868e+12  8.35452254e+09
 2.98175000e+03  6.07422148e+16  0.00000000e+00  3.27051446e+10  0.00000000e+00  2.57069868e+12  8.35452254e+09
 2.98177500e+03  6.06716127e+16  7.05402834e+13  3.26671306e+10  5.71628304e+07  2.57069868e+12  8.35452254e+09
 2.98180000e+03  6.06010927e+16  1.40875213e+14  3.26291609e+10  1.14159250e+08  2.57069868e+12  8.35452254e+09
 2.98182500e+03  6.05306547e+16  2.11005242e+14  3.25912353e+10  1.70989628e+08  2.57069868e+12  8.35452254e+09
 2.98185000e+03  6.04602986e+16  2.80930825e+14  3.25533538e+10  2.27654332e+08  2.57069868e+12  8.35452254e+09
 2.98187500e+03  6.03900242e+16  3.50652414e+14  3.25155163e+10  2.84153727e+08  2.57069868e+12  8.35452254e+09
 2.98190000e+03  6.03198315e+16  4.20170461e+14  3.24777227e+10  3.40488181e+08  2.57069868e+12  8.35452254e+09
 2.98192500e+03  6.02497204e+16  4.89485418e+14  3.24399732e+10  3.96658059e+08  2.57069868e+12  8.35452254e+09
 2.98195000e+03  6.01796908e+16  5.58597732e+14  3.24022674e+10  4.52663724e+08  2.57069868e+12  8.35452254e+09
 2.98197500e+03  6.01097426e+16  6.27507855e+14  3.23646055e+10  5.08505542e+08  2.57069868e+12  8.35452254e+09
 2.98200000e+03  6.00398757e+16  6.96216234e+14  3.23269874e+10  5.64183875e+08  2.57069868e+12  8.35452254e+09
 2.98200000e+03  6.00398757e+16  6.96216234e+14  3.23269874e+10  5.64183875e+08  2.57069868e+12  8.35452254e+09
 2.98330000e+03  6.35179653e+16  4.20933378e+15  3.41996788e+10  3.41106416e+09  2.57069868e+12  8.35452254e+09
 2.98460000e+03  6.67919482e+16  7.61181429e+15  3.59624740e+10  6.16828892e+09  2.57069868e+12  8.35452254e+09
 2.98590000e+03  6.98738020e+16  1.09018396e+16  3.76218221e+10  8.83438483e+09  2.57069868e+12  8.35452254e+09
 2.98720000e+03  7.27748017e+16  1.40784214e+16  3.91837937e+10  1.14085509e+10  2.57069868e+12  8.35452254e+09
 2.98850000e+03  7.55055604e+16  1.71412894e+16  4.06541032e+10  1.38905682e+10  2.57069868e+12  8.35452254e+09
 2.98980000e+03  7.80760684e+16  2.00907919e+16  4.20381297e+10  1.62807190e+10  2.57069868e+12  8.35452254e+09
 2.99110000e+03  8.04957298e+16  2.29278070e+16  4.33409366e+10  1.85797147e+10  2.57069868e+12  8.35452254e+09
 2.99240000e+03  8.27733968e+16  2.56536636e+16  4.45672901e+10  2.07886324e+10  2.57069868e+12  8.35452254e+09
 2.99370000e+03  8.49174022e+16  2.82700715e+16  4.57216768e+10  2.29088575e+10  2.57069868e+12  8.35452254e+09
 2.99500000e+03  8.69355896e+16  3.07790587e+16  4.68083200e+10  2.49420335e+10  2.57069868e+12  8.35452254e+09
 2.99500000e+03  8.69355896e+16  3.07790587e+16  4.68083200e+10  2.49420335e+10  2.57069868e+12  8.34616802e+09
 2.99502500e+03  8.68345424e+16  3.08261899e+16  4.67539136e+10  2.49802266e+10  2.57069868e+12  8.34616802e+09
 2.99505000e+03  8.67336127e+16  3.08731212e+16  4.66995705e+10  2.50182577e+10  2.57069868e+12  8.34616802e+09
 2.99507500e+03  8.66328002e+16  3.09198533e+16  4.66452905e+10  2.50561274e+10  2.57069868e+12  8.34616802e+09
 2.99510000e+03  8.65321050e+16  3.09663866e+16  4.65910737e+10  2.50938360e+10  2.57069868e+12  8.34616802e+09
 2.99512500e+03  8.64315268e+16  3.10127215e+16  4.65369198e+10  2.51313839e+10  2.57069868e+12  8.34616802e+09
 2.99515000e+03  8.63310654e+16  3.10588587e+16  4.64828289e+10  2.51687714e+10  2.57069868e+12  8.34616802e+09
 2.99517500e+03  8.62307209e+16  3.11047984e+16  4.64288009e+10  2.52059990e+10  2.57069868e+12  8.34616802e+09
 2.99520000e+03  8.61304930e+16  3.11505413e+16  4.63748356e+10  2.52430671e+10  2.57069868e+12  8.34616802e+09
 2.99522500e+03  8.60303816e+16  3.11960878e+16  4.63209331e+10  2.52799761e+10  2.57069868e+12  8.34616802e+09
 2.99525000e+03  8.59303865e+16  3.12414384e+16  4.62670932e+10  2.53167262e+10  2.57069868e+12  8.34616802e+09
 2.99525000e+03  8.59303865e+16  0.00000000e+00  4.62670932e+10  0.00000000e+00  2.58641303e+12  8.33782185e+09
 2.99600000e+03  8.29839778e+16  2.86994736e+15  4.46806723e+10  2.32568266e+09  2.58641303e+12  8.33782185e+09
 2.99675000e+03  8.01385965e+16  5.49467326e+15  4.31486470e+10  4.45264834e+09  2.58641303e+12  8.33782185e+09
 2.99750000e+03  7.73907785e+16  7.89009650e+15  4.16691523e+10  6.39379693e+09  2.58641303e+12  8.33782185e+09
 2.99825000e+03  7.47371786e+16  1.00712058e+16  4.02403870e+10  8.16127468e+09  2.58641303e+12  8.33782185e+09
 2.99900000e+03  7.21745662e+16  1.20521114e+16  3.88606117e+10  9.76651592e+09  2.58641303e+12  8.33782185e+09
 2.99975000e+03  6.96998215e+16  1.38460939e+16  3.75281466e+10  1.12202826e+10  2.58641303e+12  8.33782185e+09
 3.00050000e+03  6.73099316e+16  1.54656501e+16  3.62413694e+10  1.25327017e+10  2.58641303e+12  8.33782185e+09
 3.00125000e+03  6.50019870e+16  1.69225371e+16  3.49987137e+10  1.37133007e+10  2.58641303e+12  8.33782185e+09
 3.00200000e+03  6.27731780e+16  1.82278133e+16  3.37986665e+10  1.47710407e+10  2.58641303e+12  8.33782185e+09
 3.00275000e+03  6.06207911e+16  1.93918775e+16  3.26397670e+10  1.57143486e+10  2.58641303e+12  8.33782185e+09
 3.00275000e+03  6.06207911e+16  0.00000000e+00  3.26397670e+10  0.00000000e+00  2.58641303e+12  8.33782185e+09
 3.00277500e+03  6.05503302e+16  7.03992734e+13  3.26018291e+10  5.70485619e+07  2.58641303e+12  8.33782185e+09
 3.00280000e+03  6.04799512e+16  1.40593603e+14  3.25639352e+10  1.13931046e+08  2.58641303e+12  8.33782185e+09
 3.00282500e+03  6.04096539e+16  2.10583442e+14  3.25260854e+10  1.70647820e+08  2.58641303e+12  8.33782185e+09
 3.00285000e+03  6.03394384e+16  2.80369244e+14  3.24882796e+10  2.27199251e+08  2.58641303e+12  8.33782185e+09
 3.00287500e+03  6.02693046e+16  3.49951460e+14  3.24505177e+10  2.83585704e+08  2.58641303e+12  8.33782185e+09
 3.00290000e+03  6.01992522e+16  4.19330541e+14  3.24127998e+10  3.39807545e+08  2.58641303e+12  8.33782185e+09
 3.00292500e+03  6.01292812e+16  4.88506936e+14  3.23751256e+10  3.95865139e+08  2.58641303e+12  8.33782185e+09
 3.00295000e+03  6.00593916e+16  5.57481096e+14  3.23374953e+10  4.51758850e+08  2.58641303e+12  8.33782185e+09
 3.00297500e+03  5.99895832e+16  6.26253467e+14  3.22999087e+10  5.07489040e+08  2.58641303e+12  8.33782185e+09
 3.00300000e+03  5.99198560e+16  6.94824497e+14  3.22623658e+10  5.63056072e+08  2.58641303e+12  8.33782185e+09
 3.00300000e+03  5.99198560e+16  6.94824497e+14  3.22623658e+10  5.63056072e+08  2.58641303e+12  8.33782185e+09
 3.00430000e+03  6.33909929e+16  4.20091932e+15  3.41313137e+10  3.40424545e+09  2.58641303e+12  8.33782185e+09
 3.00560000e+03  6.66584311e+16  7.59659827e+15  3.58905850e+10  6.15595851e+09  2.58641303e+12  8.33782185e+09
 3.00690000e+03  6.97341243e+16  1.08800469e+16  3.75466161e+10  8.81672489e+09  2.58641303e+12  8.33782185e+09
 3.00820000e+03  7.26293249e+16  1.40502787e+16  3.91054653e+10  1.13857452e+10  2.58641303e+12  8.33782185e+09
 3.00950000e+03  7.53546248e+16  1.71070240e+16  4.05728356e+10  1.38628010e+10  2.58641303e+12  8.33782185e+09
 3.01080000e+03  7.79199943e+16  2.00506304e+16  4.19540955e+10  1.62481738e+10  2.58641303e+12  8.33782185e+09
 3.01210000e+03  8.03348188e+16  2.28819743e+16  4.32542981e+10  1.85425739e+10  2.58641303e+12  8.33782185e+09
 3.01340000e+03  8.26079328e+16  2.56023820e+16  4.44782001e+10  2.07470759e+10  2.58641303e+12  8.33782185e+09
 3.01470000e+03  8.47476523e+16  2.82135596e+16  4.56302792e+10  2.28630627e+10  2.58641303e+12  8.33782185e+09
 3.01600000e+03  8.67618054e+16  3.07175314e+16  4.67147502e+10  2.48921744e+10  2.58641303e+12  8.33782185e+09
 3.01600000e+03  8.67618054e+16  3.07175314e+16  4.67147502e+10  2.48921744e+10  2.58641303e+12  8.32948403e+09
 3.01602500e+03  8.66609602e+16  3.07645683e+16  4.66604526e+10  2.49302911e+10  2.58641303e+12  8.32948403e+09
 3.01605000e+03  8.65602322e+16  3.08114059e+16  4.66062181e+10  2.49682462e+10  2.58641303e+12  8.32948403e+09
 3.01607500e+03  8.64596213e+16  3.08580445e+16  4.65520466e+10  2.50060402e+10  2.58641303e+12  8.32948403e+09
 3.01610000e+03  8.63591273e+16  3.09044848e+16  4.64979381e+10  2.50436734e+10  2.58641303e+12  8.32948403e+09
 3.01612500e+03  8.62587501e+16  3.09507271e+16  4.64438925e+10  2.50811462e+10  2.58641303e+12  8.32948403e+09
 3.01615000e+03  8.61584896e+16  3.09967720e+16  4.63899097e+10  2.51184590e+10  2.58641303e+12  8.32948403e+09
 3.01617500e+03  8.60583457e+16  3.10426199e+16  4.63359897e+10  2.51556122e+10  2.58641303e+12  8.32948403e+09
 3.01620000e+03  8.59583181e+16  3.10882714e+16  4.62821323e+10  2.51926062e+10  2.58641303e+12  8.32948403e+09
 3.01622500e+03  8.58584068e+16  3.11337268e+16  4.62283375e+10  2.52294414e+10  2.58641303e+12  8.32948403e+09
 3.01625000e+03  8.57586117e+16  3.11789868e+16  4.61746053e+10  2.52661181e+10  2.58641303e+12  8.32948403e+09
 3.01625000e+03  8.57586117e+16  0.00000000e+00  4.61746053e+10  0.00000000e+00  2.60209597e+12  8.32115454e+09
 3.01700000e+03  8.28180928e+16  2.86421033e+15  4.45913556e+10  2.32103362e+09  2.60209597e+12  8.32115454e+09
 3.01775000e+03  7.99783994e+16  5.48368941e+15  4.30623929e+10  4.44374749e+09  2.60209597e+12  8.32115454e+09
 3.01850000e+03  7.72360744e+16  7.87432420e+15  4.15858557e+10  6.38101573e+09  2.60209597e+12  8.32115454e+09
 3.01925000e+03  7.45877790e+16  1.00510735e+16  4.01599465e+10  8.14496029e+09  2.60209597e+12  8.32115454e+09
 3.02000000e+03  7.20302893e+16  1.20280193e+16  3.87829293e+10  9.74699265e+09  2.60209597e+12  8.32115454e+09
 3.02075000e+03  6.95604915e+16  1.38184155e+16  3.74531278e+10  1.11978533e+10  2.60209597e+12  8.32115454e+09
 3.02150000e+03  6.71753791e+16  1.54347343e+16  3.61689229e+10  1.25076489e+10  2.60209597e+12  8.32115454e+09
 3.02225000e+03  6.48720481e+16  1.68887089e+16  3.49287513e+10  1.36858878e+10  2.60209597e+12  8.32115454e+09
 3.02300000e+03  6.26476944e+16  1.81913759e+16  3.37311030e+10  1.47415134e+10  2.60209597e+12  8.32115454e+09
 3.02375000e+03  6.04996101e+16  1.93531132e+16  3.25745201e+10  1.56829356e+10  2.60209597e+12  8.32115454e+09
 3.02375000e+03  6.04996101e+16  0.00000000e+00  3.25745201e+10  0.00000000e+00  2.60209597e+12  8.32115454e+09
 3.02377500e+03  6.04292901e+16  7.02585453e+13  3.25366580e+10  5.69345218e+07  2.60209597e+12  8.32115454e+09
 3.02380000e+03  6.03590517e+16  1.40312556e+14  3.24988399e+10  1.13703298e+08  2.60209597e+12  8.32115454e+09
 3.02382500e+03  6.02888951e+16  2.10162486e+14  3.24610658e+10  1.70306695e+08  2.60209597e+12  8.32115454e+09
 3.02385000e+03  6.02188199e+16  2.79808786e+14  3.24233355e+10  2.26745079e+08  2.60209597e+12  8.32115454e+09
 3.02387500e+03  6.01488262e+16  3.49251907e+14  3.23856492e+10  2.83018816e+08  2.60209597e+12  8.32115454e+09
 3.02390000e+03  6.00789139e+16  4.18492299e+14  3.23480066e+10  3.39128270e+08  2.60209597e+12  8.32115454e+09
 3.02392500e+03  6.00090828e+16  4.87530411e+14  3.23104078e+10  3.95073805e+08  2.60209597e+12  8.32115454e+09
 3.02395000e+03  5.99393329e+16  5.56366691e+14  3.22728527e+10  4.50855784e+08  2.60209597e+12  8.32115454e+09
 3.02397500e+03  5.98696640e+16  6.25001586e+14  3.22353412e+10  5.06474569e+08  2.60209597e+12  8.32115454e+09
 3.02400000e+03  5.98000762e+16  6.93435543e+14  3.21978733e+10  5.61930523e+08  2.60209597e+12  8.32115454e+09
 3.02400000e+03  5.98000762e+16  6.93435543e+14  3.21978733e+10  5.61930523e+08  2.60209597e+12  8.32115454e+09
 3.02530000e+03  6.32642743e+16  4.19252169e+15  3.40630852e+10  3.39744036e+09  2.60209597e+12  8.32115454e+09
 3.02660000e+03  6.65251809e+16  7.58141267e+15  3.58188398e+10  6.14365275e+09  2.60209597e+12  8.32115454e+09
 3.02790000e+03  6.95947258e+16  1.08582976e+16  3.74715604e+10  8.79910026e+09  2.60209597e+12  8.32115454e+09
 3.02920000e+03  7.24841389e+16  1.40221922e+16  3.90272935e+10  1.13629851e+10  2.60209597e+12  8.32115454e+09
 3.03050000e+03  7.52039909e+16  1.70728271e+16  4.04917305e+10  1.38350892e+10  2.60209597e+12  8.32115454e+09
 3.03180000e+03  7.77642322e+16  2.00105492e+16  4.18702292e+10  1.62156937e+10  2.60209597e+12  8.32115454e+09
 3.03310000e+03  8.01742295e+16  2.28362332e+16  4.31678327e+10  1.85055073e+10  2.60209597e+12  8.32115454e+09
 3.03440000e+03  8.24427995e+16  2.55512028e+16  4.43892882e+10  2.07056025e+10  2.60209597e+12  8.32115454e+09
 3.03570000e+03  8.45782417e+16  2.81571607e+16  4.55390643e+10  2.28173594e+10  2.60209597e+12  8.32115454e+09
 3.03700000e+03  8.65883685e+16  3.06561271e+16  4.66213674e+10  2.48424149e+10  2.60209597e+12  8.32115454e+09
 3.03700000e+03  8.65883685e+16  3.06561271e+16  4.66213674e+10  2.48424149e+10  2.60209597e+12  8.31283339e+09
 3.03702500e+03  8.64877249e+16  3.07030699e+16  4.65671783e+10  2.48804554e+10  2.60209597e+12  8.31283339e+09
 3.03705000e+03  8.63871983e+16  3.07498139e+16  4.65130522e+10  2.49183347e+10  2.60209597e+12  8.31283339e+09
 3.03707500e+03  8.62867885e+16  3.07963593e+16  4.64589891e+10  2.49560531e+10  2.60209597e+12  8.31283339e+09
 3.03710000e+03  8.61864954e+16  3.08427067e+16  4.64049887e+10  2.49936111e+10  2.60209597e+12  8.31283339e+09
 3.03712500e+03  8.60863189e+16  3.08888566e+16  4.63510512e+10  2.50310090e+10  2.60209597e+12  8.31283339e+09
 3.03715000e+03  8.59862588e+16  3.09348094e+16  4.62971763e+10  2.50682472e+10  2.60209597e+12  8.31283339e+09
 3.03717500e+03  8.58863150e+16  3.09805657e+16  4.62433640e+10  2.51053262e+10  2.60209597e+12  8.31283339e+09
 3.03720000e+03  8.57864874e+16  3.10261259e+16  4.61896143e+10  2.51422462e+10  2.60209597e+12  8.31283339e+09
 3.03722500e+03  8.56867759e+16  3.10714905e+16  4.61359271e+10  2.51790077e+10  2.60209597e+12  8.31283339e+09
 3.03725000e+03  8.55871802e+16  3.11166600e+16  4.60823023e+10  2.52156111e+10  2.60209597e+12  8.31283339e+09
 3.03725000e+03  8.55871802e+16  0.00000000e+00  4.60823023e+10  0.00000000e+00  2.61774755e+12  8.30452055e+09
 3.03800000e+03  8.26525394e+16  2.85848477e+15  4.45022175e+10  2.31639387e+09  2.61774755e+12  8.30452055e+09
 3.03875000e+03  7.98185226e+16  5.47272752e+15  4.29763111e+10  4.43486444e+09  2.61774755e+12  8.30452055e+09
 3.03950000e+03  7.70816794e+16  7.85858343e+15  4.15027256e+10  6.36826008e+09  2.61774755e+12  8.30452055e+09
 3.04025000e+03  7.44386780e+16  1.00309814e+16  4.00796668e+10  8.12867852e+09  2.61774755e+12  8.30452055e+09
 3.04100000e+03  7.18863007e+16  1.20039752e+16  3.87054023e+10  9.72750842e+09  2.61774755e+12  8.30452055e+09
 3.04175000e+03  6.94214401e+16  1.37907925e+16  3.73782590e+10  1.11754688e+10  2.61774755e+12  8.30452055e+09
 3.04250000e+03  6.70410955e+16  1.54038802e+16  3.60966212e+10  1.24826461e+10  2.61774755e+12  8.30452055e+09
 3.04325000e+03  6.47423688e+16  1.68549484e+16  3.48589287e+10  1.36585297e+10  2.61774755e+12  8.30452055e+09
 3.04400000e+03  6.25224617e+16  1.81550113e+16  3.36636745e+10  1.47120451e+10  2.61774755e+12  8.30452055e+09
 3.04475000e+03  6.03786714e+16  1.93144263e+16  3.25094036e+10  1.56515854e+10  2.61774755e+12  8.30452055e+09
 3.04475000e+03  6.03786714e+16  0.00000000e+00  3.25094036e+10  0.00000000e+00  2.61774755e+12  8.30452055e+09
 3.04477500e+03  6.03084919e+16  7.01180984e+13  3.24716172e+10  5.68207097e+07  2.61774755e+12  8.30452055e+09
 3.04480000e+03  6.02383940e+16  1.40032072e+14  3.24338747e+10  1.13476005e+08  2.61774755e+12  8.30452055e+09
 3.04482500e+03  6.01683776e+16  2.09742371e+14  3.23961761e+10  1.69966252e+08  2.61774755e+12  8.30452055e+09
 3.04485000e+03  6.00984425e+16  2.79249448e+14  3.23585213e+10  2.26291816e+08  2.61774755e+12  8.30452055e+09
 3.04487500e+03  6.00285887e+16  3.48553752e+14  3.23209102e+10  2.82453062e+08  2.61774755e+12  8.30452055e+09
 3.04490000e+03  5.99588161e+16  4.17655733e+14  3.22833429e+10  3.38450353e+08  2.61774755e+12  8.30452055e+09
 3.04492500e+03  5.98891246e+16  4.86555838e+14  3.22458193e+10  3.94284052e+08  2.61774755e+12  8.30452055e+09
 3.04495000e+03  5.98195142e+16  5.55254514e+14  3.22083392e+10  4.49954523e+08  2.61774755e+12  8.30452055e+09
 3.04497500e+03  5.97499846e+16  6.23752208e+14  3.21709027e+10  5.05462126e+08  2.61774755e+12  8.30452055e+09
 3.04500000e+03  5.96805358e+16  6.92049366e+14  3.21335098e+10  5.60807223e+08  2.61774755e+12  8.30452055e+09
 3.04500000e+03  5.96805358e+16  6.92049366e+14  3.21335098e+10  5.60807223e+08  2.61774755e+12  8.30452055e+09
 3.04630000e+03  6.31378090e+16  4.18414084e+15  3.39949931e+10  3.39064888e+09  2.61774755e+12  8.30452055e+09
 3.04760000e+03  6.63921970e+16  7.56625743e+15  3.57472379e+10  6.13137159e+09  2.61774755e+12  8.30452055e+09
 3.04890000e+03  6.94556059e+16  1.08365919e+16  3.73966547e+10  8.78151086e+09  2.61774755e+12  8.30452055e+09
 3.05020000e+03  7.23392431e+16  1.39941618e+16  3.89492779e+10  1.13402705e+10  2.61774755e+12  8.30452055e+09
 3.05150000e+03  7.50536581e+16  1.70386985e+16  4.04107876e+10  1.38074329e+10  2.61774755e+12  8.30452055e+09
 3.05280000e+03  7.76087815e+16  1.99705481e+16  4.17865307e+10  1.61832785e+10  2.61774755e+12  8.30452055e+09
 3.05410000e+03  8.00139612e+16  2.27905836e+16  4.30815402e+10  1.84685147e+10  2.61774755e+12  8.30452055e+09
 3.05540000e+03  8.22779963e+16  2.55001259e+16  4.43005540e+10  2.06642120e+10  2.61774755e+12  8.30452055e+09
 3.05670000e+03  8.44091698e+16  2.81008746e+16  4.54480317e+10  2.27717475e+10  2.61774755e+12  8.30452055e+09
 3.05800000e+03  8.64152784e+16  3.05948455e+16  4.65281713e+10  2.47927549e+10  2.61774755e+12  8.30452055e+09
 3.05800000e+03  8.64152784e+16  3.05948455e+16  4.65281713e+10  2.47927549e+10  2.61774755e+12  8.29621603e+09
 3.05802500e+03  8.63148360e+16  3.06416945e+16  4.64740905e+10  2.48307194e+10  2.61774755e+12  8.29621603e+09
 3.05805000e+03  8.62145103e+16  3.06883450e+16  4.64200726e+10  2.48685230e+10  2.61774755e+12  8.29621603e+09
 3.05807500e+03  8.61143012e+16  3.07347974e+16  4.63661175e+10  2.49061660e+10  2.61774755e+12  8.29621603e+09
 3.05810000e+03  8.60142086e+16  3.07810521e+16  4.63122252e+10  2.49436489e+10  2.61774755e+12  8.29621603e+09
 3.05812500e+03  8.59142323e+16  3.08271098e+16  4.62583954e+10  2.49809720e+10  2.61774755e+12  8.29621603e+09
 3.05815000e+03  8.58143723e+16  3.08729708e+16  4.62046282e+10  2.50181358e+10  2.61774755e+12  8.29621603e+09
 3.05817500e+03  8.57146283e+16  3.09186356e+16  4.61509236e+10  2.50551406e+10  2.61774755e+12  8.29621603e+09
 3.05820000e+03  8.56150003e+16  3.09641047e+16  4.60972813e+10  2.50919869e+10  2.61774755e+12  8.29621603e+09
 3.05822500e+03  8.55154880e+16  3.10093786e+16  4.60437014e+10  2.51286749e+10  2.61774755e+12  8.29621603e+09
 3.05825000e+03  8.54160914e+16  3.10544578e+16  4.59901837e+10  2.51652051e+10  2.61774755e+12  8.29621603e+09
 3.05825000e+03  8.54160914e+16  0.00000000e+00  4.59901837e+10  0.00000000e+00  2.63336785e+12  8.28791982e+09
 3.05900000e+03  8.24873170e+16  2.85277066e+15  4.44132575e+10  2.31176340e+09  2.63336785e+12  8.28791982e+09
 3.05975000e+03  7.96589654e+16  5.46178753e+15  4.28904015e+10  4.42599915e+09  2.63336785e+12  8.28791982e+09
 3.06050000e+03  7.69275932e+16  7.84287412e+15  4.14197616e+10  6.35552993e+09  2.63336785e+12  8.28791982e+09
 3.06125000e+03  7.42898751e+16  1.00109294e+16  3.99995475e+10  8.11242929e+09  2.63336785e+12  8.28791982e+09
 3.06200000e+03  7.17426000e+16  1.19799793e+16  3.86280302e+10  9.70806313e+09  2.63336785e+12  8.28791982e+09
 3.06275000e+03  6.92826667e+16  1.37632247e+16  3.73035399e+10  1.11531290e+10  2.63336785e+12  8.28791982e+09
 3.06350000e+03  6.69070803e+16  1.53730879e+16  3.60244641e+10  1.24576933e+10  2.63336785e+12  8.28791982e+09
 3.06425000e+03  6.46129488e+16  1.68212554e+16  3.47892457e+10  1.36312263e+10  2.63336785e+12  8.28791982e+09
 3.06500000e+03  6.23974793e+16  1.81187195e+16  3.35963808e+10  1.46826357e+10  2.63336785e+12  8.28791982e+09
 3.06575000e+03  6.02579745e+16  1.92758168e+16  3.24444173e+10  1.56202979e+10  2.63336785e+12  8.28791982e+09
 3.06575000e+03  6.02579745e+16  0.00000000e+00  3.24444173e+10  0.00000000e+00  2.63336785e+12  8.28791982e+09
 3.06577500e+03  6.01879352e+16  6.99779324e+13  3.24067065e+10  5.67071251e+07  2.63336785e+12  8.28791982e+09
 3.06580000e+03  6.01179774e+16  1.39752148e+14  3.23690394e+10  1.13249166e+08  2.63336785e+12  8.28791982e+09
 3.06582500e+03  6.00481010e+16  2.09323096e+14  3.23314161e+10  1.69626489e+08  2.63336785e+12  8.28791982e+09
 3.06585000e+03  5.99783057e+16  2.78691229e+14  3.22938366e+10  2.25839459e+08  2.63336785e+12  8.28791982e+09
 3.06587500e+03  5.99085916e+16  3.47856993e+14  3.22563007e+10  2.81888438e+08  2.63336785e+12  8.28791982e+09
 3.06590000e+03  5.98389584e+16  4.16820839e+14  3.22188085e+10  3.37773790e+08  2.63336785e+12  8.28791982e+09
 3.06592500e+03  5.97694063e+16  4.85583212e+14  3.21813599e+10  3.93495879e+08  2.63336785e+12  8.28791982e+09
 3.06595000e+03  5.96999349e+16  5.54144560e+14  3.21439547e+10  4.49055064e+08  2.63336785e+12  8.28791982e+09
 3.06597500e+03  5.96305444e+16  6.22505327e+14  3.21065931e+10  5.04451708e+08  2.63336785e+12  8.28791982e+09
 3.06600000e+03  5.95612344e+16  6.90665959e+14  3.20692749e+10  5.59686170e+08  2.63336785e+12  8.28791982e+09
 3.06600000e+03  5.95612344e+16  6.90665959e+14  3.20692749e+10  5.59686170e+08  2.63336785e+12  8.28791982e+09
 3.06730000e+03  6.30115965e+16  4.17577674e+15  3.39270371e+10  3.38387097e+09  2.63336785e+12  8.28791982e+09
 3.06860000e+03  6.62594790e+16  7.55113248e+15  3.56757792e+10  6.11911498e+09  2.63336785e+12  8.28791982e+09
 3.06990000e+03  6.93167642e+16  1.08149296e+16  3.73218988e+10  8.76395662e+09  2.63336785e+12  8.28791982e+09
 3.07120000e+03  7.21946369e+16  1.39661875e+16  3.88714183e+10  1.13176013e+10  2.63336785e+12  8.28791982e+09
 3.07250000e+03  7.49036258e+16  1.70046381e+16  4.03300064e+10  1.37798318e+10  2.63336785e+12  8.28791982e+09
 3.07380000e+03  7.74536416e+16  1.99306270e+16  4.17029994e+10  1.61509282e+10  2.63336785e+12  8.28791982e+09
 3.07510000e+03  7.98540133e+16  2.27450252e+16  4.29954202e+10  1.84315962e+10  2.63336785e+12  8.28791982e+09
 3.07640000e+03  8.21135226e+16  2.54491512e+16  4.42119972e+10  2.06229043e+10  2.63336785e+12  8.28791982e+09
 3.07770000e+03  8.42404359e+16  2.80447009e+16  4.53571811e+10  2.27262268e+10  2.63336785e+12  8.28791982e+09
 3.07900000e+03  8.62425343e+16  3.05336864e+16  4.64351615e+10  2.47431942e+10  2.63336785e+12  8.28791982e+09
 3.07900000e+03  8.62425343e+16  3.05336864e+16  4.64351615e+10  2.47431942e+10  2.63336785e+12  8.27963190e+09
 3.07902500e+03  8.61422926e+16  3.05804418e+16  4.63811888e+10  2.47810828e+10  2.63336785e+12  8.27963190e+09
 3.07905000e+03  8.60421675e+16  3.06269990e+16  4.63272789e+10  2.48188108e+10  2.63336785e+12  8.27963190e+09
 3.07907500e+03  8.59421587e+16  3.06733585e+16  4.62734317e+10  2.48563786e+10  2.63336785e+12  8.27963190e+09
 3.07910000e+03  8.58422662e+16  3.07195208e+16  4.62196470e+10  2.48937865e+10  2.63336785e+12  8.27963190e+09
 3.07912500e+03  8.57424898e+16  3.07654864e+16  4.61659249e+10  2.49310351e+10  2.63336785e+12  8.27963190e+09
 3.07915000e+03  8.56428294e+16  3.08112557e+16  4.61122652e+10  2.49681245e+10  2.63336785e+12  8.27963190e+09
 3.07917500e+03  8.55432848e+16  3.08568292e+16  4.60586679e+10  2.50050554e+10  2.63336785e+12  8.27963190e+09
 3.07920000e+03  8.54438559e+16  3.09022075e+16  4.60051328e+10  2.50418280e+10  2.63336785e+12  8.27963190e+09
 3.07922500e+03  8.53445425e+16  3.09473909e+16  4.59516600e+10  2.50784427e+10  2.63336785e+12  8.27963190e+09
 3.07925000e+03  8.52453447e+16  3.09923799e+16  4.58982494e+10  2.51148999e+10  2.63336785e+12  8.27963190e+09
 3.07925000e+03  8.52453447e+16  0.00000000e+00  4.58982494e+10  0.00000000e+00  2.64895692e+12  8.27135227e+09
 3.08000000e+03  8.23224249e+16  2.84706797e+15  4.43244754e+10  2.30714219e+09  2.64895692e+12  8.27135227e+09
 3.08075000e+03  7.94997271e+16  5.45086942e+15  4.28046636e+10  4.41715157e+09  2.64895692e+12  8.27135227e+09
 3.08150000e+03  7.67738149e+16  7.82719621e+15  4.13369635e+10  6.34282523e+09  2.64895692e+12  8.27135227e+09
 3.08225000e+03  7.41413697e+16  9.99091759e+15  3.99195884e+10  8.09621254e+09  2.64895692e+12  8.27135227e+09
 3.08300000e+03  7.15991865e+16  1.19560313e+16  3.85508127e+10  9.68865671e+09  2.64895692e+12  8.27135227e+09
 3.08375000e+03  6.91441706e+16  1.37357120e+16  3.72289701e+10  1.11308339e+10  2.64895692e+12  8.27135227e+09
 3.08450000e+03  6.67733331e+16  1.53423571e+16  3.59524512e+10  1.24327903e+10  2.64895692e+12  8.27135227e+09
 3.08525000e+03  6.44837876e+16  1.67876297e+16  3.47197020e+10  1.36039775e+10  2.64895692e+12  8.27135227e+09
 3.08600000e+03  6.22727467e+16  1.80825001e+16  3.35292217e+10  1.46532852e+10  2.64895692e+12  8.27135227e+09
 3.08675000e+03  6.01375188e+16  1.92372844e+16  3.23795609e+10  1.55890730e+10  2.64895692e+12  8.27135227e+09
 3.08675000e+03  6.01375188e+16  0.00000000e+00  3.23795609e+10  0.00000000e+00  2.64895692e+12  8.27135227e+09
 3.08677500e+03  6.00676196e+16  6.98380465e+13  3.23419254e+10  5.65937675e+07  2.64895692e+12  8.27135227e+09
 3.08680000e+03  5.99978016e+16  1.39472783e+14  3.23043337e+10  1.13022781e+08  2.64895692e+12  8.27135227e+09
 3.08682500e+03  5.99280648e+16  2.08904659e+14  3.22667856e+10  1.69287406e+08  2.64895692e+12  8.27135227e+09
 3.08685000e+03  5.98584091e+16  2.78134125e+14  3.22292812e+10  2.25388006e+08  2.64895692e+12  8.27135227e+09
 3.08687500e+03  5.97888343e+16  3.47161627e+14  3.21918204e+10  2.81324943e+08  2.64895692e+12  8.27135227e+09
 3.08690000e+03  5.97193404e+16  4.15987614e+14  3.21544031e+10  3.37098581e+08  2.64895692e+12  8.27135227e+09
 3.08692500e+03  5.96499272e+16  4.84612532e+14  3.21170293e+10  3.92709280e+08  2.64895692e+12  8.27135227e+09
 3.08695000e+03  5.95805948e+16  5.53036825e+14  3.20796990e+10  4.48157403e+08  2.64895692e+12  8.27135227e+09
 3.08697500e+03  5.95113429e+16  6.21260939e+14  3.20424120e+10  5.03443309e+08  2.64895692e+12  8.27135227e+09
 3.08700000e+03  5.94421715e+16  6.89285318e+14  3.20051684e+10  5.58567357e+08  2.64895692e+12  8.27135227e+09
 3.08700000e+03  5.94421715e+16  6.89285318e+14  3.20051684e+10  5.58567357e+08  2.64895692e+12  8.27135227e+09
 3.08830000e+03  6.28856363e+16  4.16742936e+15  3.38592169e+10  3.37710661e+09  2.64895692e+12  8.27135227e+09
 3.08960000e+03  6.61270263e+16  7.53603777e+15  3.56044633e+10  6.10688287e+09  2.64895692e+12  8.27135227e+09
 3.09090000e+03  6.91782000e+16  1.07933105e+16  3.72472923e+10  8.74643747e+09  2.64895692e+12  8.27135227e+09
 3.09220000e+03  7.20503199e+16  1.39382691e+16  3.87937143e+10  1.12949774e+10  2.64895692e+12  8.27135227e+09
 3.09350000e+03  7.47538935e+16  1.69706458e+16  4.02493867e+10  1.37522860e+10  2.64895692e+12  8.27135227e+09
 3.09480000e+03  7.72988117e+16  1.98907857e+16  4.16196351e+10  1.61186425e+10  2.64895692e+12  8.27135227e+09
 3.09610000e+03  7.96943851e+16  2.26995579e+16  4.29094724e+10  1.83947514e+10  2.64895692e+12  8.27135227e+09
 3.09740000e+03  8.19493777e+16  2.53982783e+16  4.41236174e+10  2.05816791e+10  2.64895692e+12  8.27135227e+09
 3.09870000e+03  8.40720392e+16  2.79886396e+16  4.52665121e+10  2.26807971e+10  2.64895692e+12  8.27135227e+09
 3.10000000e+03  8.60701354e+16  3.04726495e+16  4.63423376e+10  2.46937326e+10  2.64895692e+12  8.27135227e+09
 3.10000000e+03  8.60701354e+16  3.04726495e+16  4.63423376e+10  2.46937326e+10  2.64895692e+12  8.26308091e+09
 3.10002500e+03  8.59700942e+16  3.05193115e+16  4.62884728e+10  2.47315454e+10  2.64895692e+12  8.26308091e+09
 3.10005000e+03  8.58701692e+16  3.05657756e+16  4.62346707e+10  2.47691980e+10  2.64895692e+12  8.26308091e+09
 3.10007500e+03  8.57703603e+16  3.06120425e+16  4.61809311e+10  2.48066907e+10  2.64895692e+12  8.26308091e+09
 3.10010000e+03  8.56706675e+16  3.06581125e+16  4.61272539e+10  2.48440238e+10  2.64895692e+12  8.26308091e+09
 3.10012500e+03  8.55710906e+16  3.07039862e+16  4.60736392e+10  2.48811979e+10  2.64895692e+12  8.26308091e+09
 3.10015000e+03  8.54716293e+16  3.07496640e+16  4.60200868e+10  2.49182133e+10  2.64895692e+12  8.26308091e+09
 3.10017500e+03  8.53722837e+16  3.07951464e+16  4.59665966e+10  2.49550703e+10  2.64895692e+12  8.26308091e+09
 3.10020000e+03  8.52730536e+16  3.08404339e+16  4.59131686e+10  2.49917694e+10  2.64895692e+12  8.26308091e+09
 3.10022500e+03  8.51739388e+16  3.08855270e+16  4.58598027e+10  2.50283109e+10  2.64895692e+12  8.26308091e+09
 3.10025000e+03  8.50749392e+16  3.09304261e+16  4.58064988e+10  2.50646952e+10  2.64895692e+12  8.26308091e+09
 3.10025000e+03  8.50749392e+16  0.00000000e+00  4.58064988e+10  0.00000000e+00  2.66451483e+12  8.25481783e+09
 3.10100000e+03  8.21578623e+16  2.84137669e+15  4.42358708e+10  2.30253021e+09  2.66451483e+12  8.25481783e+09
 3.10175000e+03  7.93408072e+16  5.43997313e+15  4.27190971e+10  4.40832169e+09  2.66451483e+12  8.25481783e+09
 3.10250000e+03  7.66203440e+16  7.81154965e+15  4.12543309e+10  6.33014592e+09  2.66451483e+12  8.25481783e+09
 3.10325000e+03  7.39931611e+16  9.97094575e+15  3.98397892e+10  8.08002822e+09  2.66451483e+12  8.25481783e+09
 3.10400000e+03  7.14560598e+16  1.19321312e+16  3.84737497e+10  9.66928908e+09  2.66451483e+12  8.25481783e+09
 3.10475000e+03  6.90059514e+16  1.37082544e+16  3.71545494e+10  1.11085834e+10  2.66451483e+12  8.25481783e+09
 3.10550000e+03  6.66398532e+16  1.53116877e+16  3.58805822e+10  1.24079372e+10  2.66451483e+12  8.25481783e+09
 3.10625000e+03  6.43548845e+16  1.67540712e+16  3.46502973e+10  1.35767831e+10  2.66451483e+12  8.25481783e+09
 3.10700000e+03  6.21482635e+16  1.80463532e+16  3.34621968e+10  1.46239932e+10  2.66451483e+12  8.25481783e+09
 3.10775000e+03  6.00173039e+16  1.91988291e+16  3.23148342e+10  1.55579104e+10  2.66451483e+12  8.25481783e+09
 3.10775000e+03  6.00173039e+16  0.00000000e+00  3.23148342e+10  0.00000000e+00  2.66451483e+12  8.25481783e+09
 3.10777500e+03  5.99475444e+16  6.96984402e+13  3.22772739e+10  5.64806366e+07  2.66451483e+12  8.25481783e+09
 3.10780000e+03  5.98778660e+16  1.39193977e+14  3.22397573e+10  1.12796849e+08  2.66451483e+12  8.25481783e+09
 3.10782500e+03  5.98082686e+16  2.08487059e+14  3.22022843e+10  1.68949001e+08  2.66451483e+12  8.25481783e+09
 3.10785000e+03  5.97387521e+16  2.77578135e+14  3.21648549e+10  2.24937455e+08  2.66451483e+12  8.25481783e+09
 3.10787500e+03  5.96693164e+16  3.46467651e+14  3.21274690e+10  2.80762574e+08  2.66451483e+12  8.25481783e+09
 3.10790000e+03  5.95999614e+16  4.15156055e+14  3.20901265e+10  3.36424721e+08  2.66451483e+12  8.25481783e+09
 3.10792500e+03  5.95306870e+16  4.83643791e+14  3.20528274e+10  3.91924254e+08  2.66451483e+12  8.25481783e+09
 3.10795000e+03  5.94614932e+16  5.51931305e+14  3.20155717e+10  4.47261536e+08  2.66451483e+12  8.25481783e+09
 3.10797500e+03  5.93923797e+16  6.20019039e+14  3.19783592e+10  5.02436925e+08  2.66451483e+12  8.25481783e+09
 3.10800000e+03  5.93233466e+16  6.87907436e+14  3.19411901e+10  5.57450781e+08  2.66451483e+12  8.25481783e+09
 3.10800000e+03  5.93233466e+16  6.87907436e+14  3.19411901e+10  5.57450781e+08  2.66451483e+12  8.25481783e+09
 3.10930000e+03  6.27599279e+16  4.15909867e+15  3.37915324e+10  3.37035578e+09  2.66451483e+12  8.25481783e+09
 3.11060000e+03  6.59948384e+16  7.52097323e+15  3.55332900e+10  6.09467521e+09  2.66451483e+12  8.25481783e+09
 3.11190000e+03  6.90399128e+16  1.07717347e+16  3.71728350e+10  8.72895334e+09  2.66451483e+12  8.25481783e+09
 3.11320000e+03  7.19062913e+16  1.39104065e+16  3.87161657e+10  1.12723988e+10  2.66451483e+12  8.25481783e+09
 3.11450000e+03  7.46044604e+16  1.69367215e+16  4.01689282e+10  1.37247951e+10  2.66451483e+12  8.25481783e+09
 3.11580000e+03  7.71442914e+16  1.98510240e+16  4.15364374e+10  1.60864213e+10  2.66451483e+12  8.25481783e+09
 3.11710000e+03  7.95350760e+16  2.26541815e+16  4.28236963e+10  1.83579803e+10  2.66451483e+12  8.25481783e+09
 3.11840000e+03  8.17855609e+16  2.53475072e+16  4.40354143e+10  2.05405363e+10  2.66451483e+12  8.25481783e+09
 3.11970000e+03  8.39039792e+16  2.79326903e+16  4.51760243e+10  2.26354582e+10  2.66451483e+12  8.25481783e+09
 3.12100000e+03  8.58980812e+16  3.04117347e+16  4.62496992e+10  2.46443698e+10  2.66451483e+12  8.25481783e+09
 3.12100000e+03  8.58980812e+16  3.04117347e+16  4.62496992e+10  2.46443698e+10  2.66451483e+12  8.24656301e+09
 3.12102500e+03  8.57982399e+16  3.04583034e+16  4.61959422e+10  2.46821071e+10  2.66451483e+12  8.24656301e+09
 3.12105000e+03  8.56985147e+16  3.05046746e+16  4.61422476e+10  2.47196844e+10  2.66451483e+12  8.24656301e+09
 3.12107500e+03  8.55989054e+16  3.05508490e+16  4.60886154e+10  2.47571021e+10  2.66451483e+12  8.24656301e+09
 3.12110000e+03  8.54994118e+16  3.05968269e+16  4.60350456e+10  2.47943606e+10  2.66451483e+12  8.24656301e+09
 3.12112500e+03  8.54000339e+16  3.06426089e+16  4.59815380e+10  2.48314604e+10  2.66451483e+12  8.24656301e+09
 3.12115000e+03  8.53007716e+16  3.06881954e+16  4.59280926e+10  2.48684018e+10  2.66451483e+12  8.24656301e+09
 3.12117500e+03  8.52016245e+16  3.07335869e+16  4.58747094e+10  2.49051851e+10  2.66451483e+12  8.24656301e+09
 3.12120000e+03  8.51025928e+16  3.07787839e+16  4.58213881e+10  2.49418108e+10  2.66451483e+12  8.24656301e+09
 3.12122500e+03  8.50036761e+16  3.08237869e+16  4.57681289e+10  2.49782793e+10  2.66451483e+12  8.24656301e+09
 3.12125000e+03  8.49048744e+16  3.08685962e+16  4.57149316e+10  2.50145909e+10  2.66451483e+12  8.24656301e+09
 3.12125000e+03  8.49048744e+16  0.00000000e+00  4.57149316e+10  0.00000000e+00  2.68004164e+12  8.23831645e+09
 3.12200000e+03  8.19936288e+16  2.83569677e+15  4.41474433e+10  2.29792745e+09  2.68004164e+12  8.23831645e+09
 3.12275000e+03  7.91822049e+16  5.42909863e+15  4.26337016e+10  4.39950945e+09  2.68004164e+12  8.23831645e+09
 3.12350000e+03  7.64671800e+16  7.79593436e+15  4.11718635e+10  6.31749196e+09  2.68004164e+12  8.23831645e+09
 3.12425000e+03  7.38452487e+16  9.95101383e+15  3.97601494e+10  8.06387624e+09  2.68004164e+12  8.23831645e+09
 3.12500000e+03  7.13132191e+16  1.19082789e+16  3.83968406e+10  9.64996017e+09  2.68004164e+12  8.23831645e+09
 3.12575000e+03  6.88680085e+16  1.36808516e+16  3.70802774e+10  1.10863773e+10  2.68004164e+12  8.23831645e+09
 3.12650000e+03  6.65066401e+16  1.52810796e+16  3.58088569e+10  1.23831337e+10  2.68004164e+12  8.23831645e+09
 3.12725000e+03  6.42262391e+16  1.67205798e+16  3.45810313e+10  1.35496431e+10  2.68004164e+12  8.23831645e+09
 3.12800000e+03  6.20240291e+16  1.80102786e+16  3.33953058e+10  1.45947599e+10  2.68004164e+12  8.23831645e+09
 3.12875000e+03  5.98973293e+16  1.91604506e+16  3.22502368e+10  1.55268101e+10  2.68004164e+12  8.23831645e+09
 3.12875000e+03  5.98973293e+16  0.00000000e+00  3.22502368e+10  0.00000000e+00  2.68004164e+12  8.23831645e+09
 3.12877500e+03  5.98277093e+16  6.95591130e+13  3.22127517e+10  5.63677318e+07  2.68004164e+12  8.23831645e+09
 3.12880000e+03  5.97581702e+16  1.38915728e+14  3.21753101e+10  1.12571368e+08  2.68004164e+12  8.23831645e+09
 3.12882500e+03  5.96887119e+16  2.08070293e+14  3.21379120e+10  1.68611272e+08  2.68004164e+12  8.23831645e+09
 3.12885000e+03  5.96193343e+16  2.77023256e+14  3.21005573e+10  2.24487805e+08  2.68004164e+12  8.23831645e+09
 3.12887500e+03  5.95500374e+16  3.45775062e+14  3.20632461e+10  2.80201330e+08  2.68004164e+12  8.23831645e+09
 3.12890000e+03  5.94808211e+16  4.14326158e+14  3.20259783e+10  3.35752208e+08  2.68004164e+12  8.23831645e+09
 3.12892500e+03  5.94116852e+16  4.82676987e+14  3.19887538e+10  3.91140798e+08  2.68004164e+12  8.23831645e+09
 3.12895000e+03  5.93426296e+16  5.50827994e+14  3.19515725e+10  4.46367460e+08  2.68004164e+12  8.23831645e+09
 3.12897500e+03  5.92736544e+16  6.18779621e+14  3.19144345e+10  5.01432554e+08  2.68004164e+12  8.23831645e+09
 3.12900000e+03  5.92047593e+16  6.86532309e+14  3.18773396e+10  5.56336437e+08  2.68004164e+12  8.23831645e+09
 3.12900000e+03  5.92047593e+16  6.86532309e+14  3.18773396e+10  5.56336437e+08  2.68004164e+12  8.23831645e+09
 3.13030000e+03  6.26344708e+16  4.15078463e+15  3.37239831e+10  3.36361843e+09  2.68004164e+12  8.23831645e+09
 3.13160000e+03  6.58629147e+16  7.50593880e+15  3.54622589e+10  6.08249195e+09  2.68004164e+12  8.23831645e+09
 3.13290000e+03  6.89019020e+16  1.07502020e+16  3.70985265e+10  8.71150416e+09  2.68004164e+12  8.23831645e+09
 3.13420000e+03  7.17625506e+16  1.38825996e+16  3.86387721e+10  1.12498653e+10  2.68004164e+12  8.23831645e+09
 3.13550000e+03  7.44553261e+16  1.69028650e+16  4.00886305e+10  1.36973593e+10  2.68004164e+12  8.23831645e+09
 3.13680000e+03  7.69900800e+16  1.98113418e+16  4.14534061e+10  1.60542645e+10  2.68004164e+12  8.23831645e+09
 3.13810000e+03  7.93760854e+16  2.26088958e+16  4.27380918e+10  1.83212827e+10  2.68004164e+12  8.23831645e+09
 3.13940000e+03  8.16220715e+16  2.52968375e+16  4.39473875e+10  2.04994758e+10  2.68004164e+12  8.23831645e+09
 3.14070000e+03  8.37362552e+16  2.78768528e+16  4.50857174e+10  2.25902099e+10  2.68004164e+12  8.23831645e+09
 3.14200000e+03  8.57263710e+16  3.03509416e+16  4.61572461e+10  2.45951057e+10  2.68004164e+12  8.23831645e+09
 3.14200000e+03  8.57263710e+16  3.03509416e+16  4.61572461e+10  2.45951057e+10  2.68004164e+12  8.23007814e+09
 3.14202500e+03  8.56267293e+16  3.03974172e+16  4.61035965e+10  2.46327675e+10  2.68004164e+12  8.23007814e+09
 3.14205000e+03  8.55272034e+16  3.04436958e+16  4.60500092e+10  2.46702697e+10  2.68004164e+12  8.23007814e+09
 3.14207500e+03  8.54277932e+16  3.04897778e+16  4.59964843e+10  2.47076126e+10  2.68004164e+12  8.23007814e+09
 3.14210000e+03  8.53284985e+16  3.05356639e+16  4.59430215e+10  2.47447967e+10  2.68004164e+12  8.23007814e+09
 3.14212500e+03  8.52293193e+16  3.05813543e+16  4.58896209e+10  2.47818223e+10  2.68004164e+12  8.23007814e+09
 3.14215000e+03  8.51302553e+16  3.06268497e+16  4.58362824e+10  2.48186898e+10  2.68004164e+12  8.23007814e+09
 3.14217500e+03  8.50313065e+16  3.06721505e+16  4.57830058e+10  2.48553996e+10  2.68004164e+12  8.23007814e+09
 3.14220000e+03  8.49324727e+16  3.07172571e+16  4.57297912e+10  2.48919521e+10  2.68004164e+12  8.23007814e+09
 3.14222500e+03  8.48337538e+16  3.07621701e+16  4.56766384e+10  2.49283477e+10  2.68004164e+12  8.23007814e+09
 3.14225000e+03  8.47351496e+16  3.08068899e+16  4.56235474e+10  2.49645867e+10  2.68004164e+12  8.23007814e+09
 3.14225000e+03  8.47351496e+16  0.00000000e+00  4.56235474e+10  0.00000000e+00  2.69553742e+12  8.22184806e+09
 3.14300000e+03  8.18297235e+16  2.83002822e+15  4.40591926e+10  2.29333389e+09  2.69553742e+12  8.22184806e+09
 3.14375000e+03  7.90239196e+16  5.41824586e+15  4.25484768e+10  4.39071483e+09  2.69553742e+12  8.22184806e+09
 3.14450000e+03  7.63143221e+16  7.78035029e+15  4.10895610e+10  6.30486329e+09  2.69553742e+12  8.22184806e+09
 3.14525000e+03  7.36976321e+16  9.93112175e+15  3.96806689e+10  8.04775655e+09  2.69553742e+12  8.22184806e+09
 3.14600000e+03  7.11706640e+16  1.18844742e+16  3.83200853e+10  9.63066990e+09  2.69553742e+12  8.22184806e+09
 3.14675000e+03  6.87303414e+16  1.36535035e+16  3.70061539e+10  1.10642156e+10  2.69553742e+12  8.22184806e+09
 3.14750000e+03  6.63736933e+16  1.52505328e+16  3.57372750e+10  1.23583798e+10  2.69553742e+12  8.22184806e+09
 3.14825000e+03  6.40978508e+16  1.66871554e+16  3.45119039e+10  1.35225574e+10  2.69553742e+12  8.22184806e+09
 3.14900000e+03  6.19000431e+16  1.79742760e+16  3.33285486e+10  1.45655850e+10  2.69553742e+12  8.22184806e+09
 3.14975000e+03  5.97775945e+16  1.91221489e+16  3.21857686e+10  1.54957720e+10  2.69553742e+12  8.22184806e+09
 3.14975000e+03  5.97775945e+16  0.00000000e+00  3.21857686e+10  0.00000000e+00  2.69553742e+12  8.22184806e+09
 3.14977500e+03  5.97081137e+16  6.94200644e+13  3.21483584e+10  5.62550527e+07  2.69553742e+12  8.22184806e+09
 3.14980000e+03  5.96387136e+16  1.38638036e+14  3.21109916e+10  1.12346338e+08  2.69553742e+12  8.22184806e+09
 3.14982500e+03  5.95693941e+16  2.07654361e+14  3.20736683e+10  1.68274218e+08  2.69553742e+12  8.22184806e+09
 3.14985000e+03  5.95001553e+16  2.76469487e+14  3.20363883e+10  2.24039054e+08  2.69553742e+12  8.22184806e+09
 3.14987500e+03  5.94309969e+16  3.45083858e+14  3.19991517e+10  2.79641208e+08  2.69553742e+12  8.22184806e+09
 3.14990000e+03  5.93619189e+16  4.13497920e+14  3.19619584e+10  3.35081039e+08  2.69553742e+12  8.22184806e+09
 3.14992500e+03  5.92929212e+16  4.81712116e+14  3.19248083e+10  3.90358907e+08  2.69553742e+12  8.22184806e+09
 3.14995000e+03  5.92240037e+16  5.49726889e+14  3.18877013e+10  4.45475172e+08  2.69553742e+12  8.22184806e+09
 3.14997500e+03  5.91551663e+16  6.17542680e+14  3.18506375e+10  5.00430190e+08  2.69553742e+12  8.22184806e+09
 3.15000000e+03  5.90864089e+16  6.85159931e+14  3.18136168e+10  5.55224320e+08  2.69553742e+12  8.22184806e+09
 3.15000000e+03  5.90864089e+16  6.85159931e+14  3.18136168e+10  5.55224320e+08  2.69553742e+12  8.22184806e+09
 3.15130000e+03  6.25092645e+16  4.14248721e+15  3.36565689e+10  3.35689456e+09  2.69553742e+12  8.22184806e+09
 3.15260000e+03  6.57312548e+16  7.49093443e+15  3.53913699e+10  6.07033305e+09  2.69553742e+12  8.22184806e+09
 3.15390000e+03  6.87641671e+16  1.07287123e+16  3.70243666e+10  8.69408987e+09  2.69553742e+12  8.22184806e+09
 3.15520000e+03  7.16190973e+16  1.38548482e+16  3.85615332e+10  1.12273768e+10  2.69553742e+12  8.22184806e+09
 3.15650000e+03  7.43064899e+16  1.68690762e+16  4.00084933e+10  1.36699783e+10  2.69553742e+12  8.22184806e+09
 3.15780000e+03  7.68361768e+16  1.97717389e+16  4.13705407e+10  1.60221721e+10  2.69553742e+12  8.22184806e+09
 3.15910000e+03  7.92174126e+16  2.25637006e+16  4.26526583e+10  1.82846585e+10  2.69553742e+12  8.22184806e+09
 3.16040000e+03  8.14589090e+16  2.52462691e+16  4.38595367e+10  2.04584973e+10  2.69553742e+12  8.22184806e+09
 3.16170000e+03  8.35688664e+16  2.78211270e+16  4.49955911e+10  2.25450521e+10  2.69553742e+12  8.22184806e+09
 3.16300000e+03  8.55550039e+16  3.02902701e+16  4.60649778e+10  2.45459401e+10  2.69553742e+12  8.22184806e+09
 3.16300000e+03  8.55550039e+16  3.02902701e+16  4.60649778e+10  2.45459401e+10  2.69553742e+12  8.21362621e+09
 3.16302500e+03  8.54555614e+16  3.03366528e+16  4.60114354e+10  2.45835266e+10  2.69553742e+12  8.21362621e+09
 3.16305000e+03  8.53562345e+16  3.03828388e+16  4.59579553e+10  2.46209538e+10  2.69553742e+12  8.21362621e+09
 3.16307500e+03  8.52570230e+16  3.04288288e+16  4.59045373e+10  2.46582221e+10  2.69553742e+12  8.21362621e+09
 3.16310000e+03  8.51579269e+16  3.04746231e+16  4.58511814e+10  2.46953319e+10  2.69553742e+12  8.21362621e+09
 3.16312500e+03  8.50589459e+16  3.05202222e+16  4.57978875e+10  2.47322834e+10  2.69553742e+12  8.21362621e+09
 3.16315000e+03  8.49600799e+16  3.05656266e+16  4.57446556e+10  2.47690773e+10  2.69553742e+12  8.21362621e+09
 3.16317500e+03  8.48613289e+16  3.06108369e+16  4.56914856e+10  2.48057137e+10  2.69553742e+12  8.21362621e+09
 3.16320000e+03  8.47626927e+16  3.06558533e+16  4.56383773e+10  2.48421931e+10  2.69553742e+12  8.21362621e+09
 3.16322500e+03  8.46641711e+16  3.07006765e+16  4.55853308e+10  2.48785159e+10  2.69553742e+12  8.21362621e+09
 3.16325000e+03  8.45657640e+16  3.07453069e+16  4.55323460e+10  2.49146825e+10  2.69553742e+12  8.21362621e+09
 3.16325000e+03  8.45657640e+16  0.00000000e+00  4.55323460e+10  0.00000000e+00  2.71100221e+12  8.20541258e+09
 3.16400000e+03  8.16661459e+16  2.82437099e+15  4.39711182e+10  2.28874952e+09  2.71100221e+12  8.20541258e+09
 3.16475000e+03  7.88659508e+16  5.40741479e+15  4.24634224e+10  4.38193780e+09  2.71100221e+12  8.20541258e+09
 3.16550000e+03  7.61617698e+16  7.76479737e+15  4.10074229e+10  6.29225987e+09  2.71100221e+12  8.20541258e+09
 3.16625000e+03  7.35503105e+16  9.91126944e+15  3.96013472e+10  8.03166909e+09  2.71100221e+12  8.20541258e+09
 3.16700000e+03  7.10283938e+16  1.18607172e+16  3.82434835e+10  9.61141819e+09  2.71100221e+12  8.20541258e+09
 3.16775000e+03  6.85929494e+16  1.36262102e+16  3.69321786e+10  1.10420983e+10  2.71100221e+12  8.20541258e+09
 3.16850000e+03  6.62410123e+16  1.52200469e+16  3.56658362e+10  1.23336754e+10  2.71100221e+12  8.20541258e+09
 3.16925000e+03  6.39697192e+16  1.66537978e+16  3.44429146e+10  1.34955258e+10  2.71100221e+12  8.20541258e+09
 3.17000000e+03  6.17763049e+16  1.79383454e+16  3.32619248e+10  1.45364683e+10  2.71100221e+12  8.20541258e+09
 3.17075000e+03  5.96580991e+16  1.90839237e+16  3.21214293e+10  1.54647960e+10  2.71100221e+12  8.20541258e+09
 3.17075000e+03  5.96580991e+16  0.00000000e+00  3.21214293e+10  0.00000000e+00  2.71100221e+12  8.20541258e+09
 3.17077500e+03  5.95887571e+16  6.92812937e+13  3.20840938e+10  5.61425989e+07  2.71100221e+12  8.20541258e+09
 3.17080000e+03  5.95194958e+16  1.38360898e+14  3.20468017e+10  1.12121757e+08  2.71100221e+12  8.20541258e+09
 3.17082500e+03  5.94503149e+16  2.07239260e+14  3.20095530e+10  1.67937837e+08  2.71100221e+12  8.20541258e+09
 3.17085000e+03  5.93812145e+16  2.75916824e+14  3.19723476e+10  2.23591200e+08  2.71100221e+12  8.20541258e+09
 3.17087500e+03  5.93121944e+16  3.44394035e+14  3.19351854e+10  2.79082205e+08  2.71100221e+12  8.20541258e+09
 3.17090000e+03  5.92432544e+16  4.12671338e+14  3.18980664e+10  3.34411212e+08  2.71100221e+12  8.20541258e+09
 3.17092500e+03  5.91743947e+16  4.80749173e+14  3.18609906e+10  3.89578580e+08  2.71100221e+12  8.20541258e+09
 3.17095000e+03  5.91056149e+16  5.48627985e+14  3.18239578e+10  4.44584667e+08  2.71100221e+12  8.20541258e+09
 3.17097500e+03  5.90369151e+16  6.16308212e+14  3.17869681e+10  4.99429830e+08  2.71100221e+12  8.20541258e+09
 3.17100000e+03  5.89682952e+16  6.83790297e+14  3.17500214e+10  5.54114427e+08  2.71100221e+12  8.20541258e+09
 3.17100000e+03  5.89682952e+16  6.83790297e+14  3.17500214e+10  5.54114427e+08  2.71100221e+12  8.20541258e+09
 3.17230000e+03  6.23843085e+16  4.13420638e+15  3.35892894e+10  3.35018413e+09  2.71100221e+12  8.20541258e+09
 3.17360000e+03  6.55998580e+16  7.47596005e+15  3.53206225e+10  6.05819846e+09  2.71100221e+12  8.20541258e+09
 3.17490000e+03  6.86267075e+16  1.07072656e+16  3.69503548e+10  8.67671038e+09  2.71100221e+12  8.20541258e+09
 3.17620000e+03  7.14759307e+16  1.38271524e+16  3.84844487e+10  1.12049333e+10  2.71100221e+12  8.20541258e+09
 3.17750000e+03  7.41579513e+16  1.68353549e+16  3.99285164e+10  1.36426520e+10  2.71100221e+12  8.20541258e+09
 3.17880000e+03  7.66825813e+16  1.97322152e+16  4.12878410e+10  1.59901437e+10  2.71100221e+12  8.20541258e+09
 3.18010000e+03  7.90590570e+16  2.25185958e+16  4.25673957e+10  1.82481074e+10  2.71100221e+12  8.20541258e+09
 3.18140000e+03  8.12960727e+16  2.51958018e+16  4.37718615e+10  2.04176008e+10  2.71100221e+12  8.20541258e+09
 3.18270000e+03  8.34018122e+16  2.77655126e+16  4.49056449e+10  2.24999845e+10  2.71100221e+12  8.20541258e+09
 3.18400000e+03  8.53839795e+16  3.02297199e+16  4.59728939e+10  2.44968728e+10  2.71100221e+12  8.20541258e+09
 3.18400000e+03  8.53839795e+16  3.02297199e+16  4.59728939e+10  2.44968728e+10  2.71100221e+12  8.19720717e+09
 3.18402500e+03  8.52847358e+16  3.02760098e+16  4.59194585e+10  2.45343842e+10  2.71100221e+12  8.19720717e+09
 3.18405000e+03  8.51856074e+16  3.03221035e+16  4.58660853e+10  2.45717366e+10  2.71100221e+12  8.19720717e+09
 3.18407500e+03  8.50865942e+16  3.03680015e+16  4.58127741e+10  2.46089303e+10  2.71100221e+12  8.19720717e+09
 3.18410000e+03  8.49876962e+16  3.04137043e+16  4.57595249e+10  2.46459659e+10  2.71100221e+12  8.19720717e+09
 3.18412500e+03  8.48889130e+16  3.04592123e+16  4.57063376e+10  2.46828436e+10  2.71100221e+12  8.19720717e+09
 3.18415000e+03  8.47902447e+16  3.05045260e+16  4.56532121e+10  2.47195639e+10  2.71100221e+12  8.19720717e+09
 3.18417500e+03  8.46916911e+16  3.05496458e+16  4.56001483e+10  2.47561271e+10  2.71100221e+12  8.19720717e+09
 3.18420000e+03  8.45932520e+16  3.05945723e+16  4.55471462e+10  2.47925336e+10  2.71100221e+12  8.19720717e+09
 3.18422500e+03  8.44949274e+16  3.06393059e+16  4.54942057e+10  2.48287838e+10  2.71100221e+12  8.19720717e+09
 3.18425000e+03  8.43967170e+16  3.06838471e+16  4.54413268e+10  2.48648780e+10  2.71100221e+12  8.19720717e+09
 3.18425000e+03  8.43967170e+16  0.00000000e+00  4.54413268e+10  0.00000000e+00  2.72643609e+12  8.18900996e+09
 3.18500000e+03  8.15028953e+16  2.81872507e+15  4.38832200e+10  2.28417431e+09  2.72643609e+12  8.18900996e+09
 3.18575000e+03  7.87082978e+16  5.39660536e+15  4.23785380e+10  4.37317830e+09  2.72643609e+12  8.18900996e+09
 3.18650000e+03  7.60095224e+16  7.74927554e+15  4.09254491e+10  6.27968164e+09  2.72643609e+12  8.18900996e+09
 3.18725000e+03  7.34032834e+16  9.89145681e+15  3.95221841e+10  8.01561378e+09  2.72643609e+12  8.18900996e+09
 3.18800000e+03  7.08864081e+16  1.18370076e+16  3.81670348e+10  9.59220497e+09  2.72643609e+12  8.18900996e+09
 3.18875000e+03  6.84558321e+16  1.35989714e+16  3.68583512e+10  1.10200251e+10  2.72643609e+12  8.18900996e+09
 3.18950000e+03  6.61085965e+16  1.51896221e+16  3.55945402e+10  1.23090204e+10  2.72643609e+12  8.18900996e+09
 3.19025000e+03  6.38418437e+16  1.66205068e+16  3.43740632e+10  1.34685483e+10  2.72643609e+12  8.18900996e+09
 3.19100000e+03  6.16528141e+16  1.79024867e+16  3.31954343e+10  1.45074099e+10  2.72643609e+12  8.18900996e+09
 3.19175000e+03  5.95388426e+16  1.90457749e+16  3.20572185e+10  1.54338819e+10  2.72643609e+12  8.18900996e+09
 3.19175000e+03  5.95388426e+16  0.00000000e+00  3.20572185e+10  0.00000000e+00  2.72643609e+12  8.18900996e+09
 3.19177500e+03  5.94696392e+16  6.91428003e+13  3.20199577e+10  5.60303698e+07  2.72643609e+12  8.18900996e+09
 3.19180000e+03  5.94005163e+16  1.38084315e+14  3.19827402e+10  1.11897626e+08  2.72643609e+12  8.18900996e+09
 3.19182500e+03  5.93314737e+16  2.06824989e+14  3.19455659e+10  1.67602130e+08  2.72643609e+12  8.18900996e+09
 3.19185000e+03  5.92625114e+16  2.75365266e+14  3.19084349e+10  2.23144241e+08  2.72643609e+12  8.18900996e+09
 3.19187500e+03  5.91936293e+16  3.43705592e+14  3.18713470e+10  2.78524319e+08  2.72643609e+12  8.18900996e+09
 3.19190000e+03  5.91248272e+16  4.11846408e+14  3.18343022e+10  3.33742724e+08  2.72643609e+12  8.18900996e+09
 3.19192500e+03  5.90561051e+16  4.79788156e+14  3.17973005e+10  3.88799812e+08  2.72643609e+12  8.18900996e+09
 3.19195000e+03  5.89874628e+16  5.47531277e+14  3.17603417e+10  4.43695942e+08  2.72643609e+12  8.18900996e+09
 3.19197500e+03  5.89189004e+16  6.15076212e+14  3.17234260e+10  4.98431470e+08  2.72643609e+12  8.18900996e+09
 3.19200000e+03  5.88504176e+16  6.82423400e+14  3.16865531e+10  5.53006752e+08  2.72643609e+12  8.18900996e+09
 3.19200000e+03  5.88504176e+16  6.82423400e+14  3.16865531e+10  5.53006752e+08  2.72643609e+12  8.18900996e+09
 3.19330000e+03  6.22596023e+16  4.12594210e+15  3.35221444e+10  3.34348711e+09  2.72643609e+12  8.18900996e+09
 3.19460000e+03  6.54687239e+16  7.46101561e+15  3.52500166e+10  6.04608812e+09  2.72643609e+12  8.18900996e+09
 3.19590000e+03  6.84895227e+16  1.06858618e+16  3.68764911e+10  8.65936564e+09  2.72643609e+12  8.18900996e+09
 3.19720000e+03  7.13330503e+16  1.37995119e+16  3.84075182e+10  1.11825346e+10  2.72643609e+12  8.18900996e+09
 3.19850000e+03  7.40097095e+16  1.68017010e+16  3.98486993e+10  1.36153803e+10  2.72643609e+12  8.18900996e+09
 3.19980000e+03  7.65292928e+16  1.96927705e+16  4.12053066e+10  1.59581794e+10  2.72643609e+12  8.18900996e+09
 3.20110000e+03  7.89010180e+16  2.24735811e+16  4.24823034e+10  1.82116295e+10  2.72643609e+12  8.18900996e+09
 3.20240000e+03  8.11335618e+16  2.51454354e+16  4.36843615e+10  2.03767860e+10  2.72643609e+12  8.18900996e+09
 3.20370000e+03  8.32350920e+16  2.77100093e+16  4.48158785e+10  2.24550070e+10  2.72643609e+12  8.18900996e+09
 3.20500000e+03  8.52132969e+16  3.01692906e+16  4.58809941e+10  2.44479035e+10  2.72643609e+12  8.18900996e+09
 3.20500000e+03  8.52132969e+16  3.01692906e+16  4.58809941e+10  2.44479035e+10  2.72643609e+12  8.18082095e+09
 3.20502500e+03  8.51142516e+16  3.02154881e+16  4.58276655e+10  2.44853399e+10  2.72643609e+12  8.18082095e+09
 3.20505000e+03  8.50153214e+16  3.02614897e+16  4.57743990e+10  2.45226177e+10  2.72643609e+12  8.18082095e+09
 3.20507500e+03  8.49165061e+16  3.03072959e+16  4.57211944e+10  2.45597371e+10  2.72643609e+12  8.18082095e+09
 3.20510000e+03  8.48178058e+16  3.03529073e+16  4.56680516e+10  2.45966986e+10  2.72643609e+12  8.18082095e+09
 3.20512500e+03  8.47192201e+16  3.03983243e+16  4.56149706e+10  2.46335026e+10  2.72643609e+12  8.18082095e+09
 3.20515000e+03  8.46207490e+16  3.04435474e+16  4.55619513e+10  2.46701495e+10  2.72643609e+12  8.18082095e+09
 3.20517500e+03  8.45223924e+16  3.04885771e+16  4.55089936e+10  2.47066396e+10  2.72643609e+12  8.18082095e+09
 3.20520000e+03  8.44241501e+16  3.05334137e+16  4.54560975e+10  2.47429733e+10  2.72643609e+12  8.18082095e+09
 3.20522500e+03  8.43260220e+16  3.05780579e+16  4.54032628e+10  2.47791510e+10  2.72643609e+12  8.18082095e+09
 3.20525000e+03  8.42280080e+16  3.06225101e+16  4.53504896e+10  2.48151731e+10  2.72643609e+12  8.18082095e+09
 3.20525000e+03  8.42280080e+16  0.00000000e+00  4.53504896e+10  0.00000000e+00  2.74183912e+12  8.17264013e+09
 3.20600000e+03  8.13399710e+16  2.81309044e+15  4.37954974e+10  2.27960824e+09  2.74183912e+12  8.17264013e+09
 3.20675000e+03  7.85509599e+16  5.38581755e+15  4.22938233e+10  4.36443632e+09  2.74183912e+12  8.17264013e+09
 3.20750000e+03  7.58575793e+16  7.73378473e+15  4.08436391e+10  6.26712856e+09  2.74183912e+12  8.17264013e+09
 3.20825000e+03  7.32565503e+16  9.87168379e+15  3.94431793e+10  7.99959057e+09  2.74183912e+12  8.17264013e+09
 3.20900000e+03  7.07447061e+16  1.18133454e+16  3.80907389e+10  9.57303015e+09  2.74183912e+12  8.17264013e+09
 3.20975000e+03  6.83189889e+16  1.35717870e+16  3.67846714e+10  1.09979961e+10  2.74183912e+12  8.17264013e+09
 3.21050000e+03  6.59764455e+16  1.51592580e+16  3.55233867e+10  1.22844147e+10  2.74183912e+12  8.17264013e+09
 3.21125000e+03  6.37142239e+16  1.65872824e+16  3.43053494e+10  1.34416246e+10  2.74183912e+12  8.17264013e+09
 3.21200000e+03  6.15295701e+16  1.78666996e+16  3.31290766e+10  1.44784096e+10  2.74183912e+12  8.17264013e+09
 3.21275000e+03  5.94198244e+16  1.90077024e+16  3.19931362e+10  1.54030295e+10  2.74183912e+12  8.17264013e+09
 3.21275000e+03  5.94198244e+16  0.00000000e+00  3.19931362e+10  0.00000000e+00  2.74183912e+12  8.17264013e+09
 3.21277500e+03  5.93507594e+16  6.90045839e+13  3.19559498e+10  5.59183651e+07  2.74183912e+12  8.17264013e+09
 3.21280000e+03  5.92817747e+16  1.37808284e+14  3.19188067e+10  1.11673943e+08  2.74183912e+12  8.17264013e+09
 3.21282500e+03  5.92128701e+16  2.06411545e+14  3.18817067e+10  1.67267093e+08  2.74183912e+12  8.17264013e+09
 3.21285000e+03  5.91440457e+16  2.74814811e+14  3.18446499e+10  2.22698176e+08  2.74183912e+12  8.17264013e+09
 3.21287500e+03  5.90753012e+16  3.43018524e+14  3.18076362e+10  2.77967549e+08  2.74183912e+12  8.17264013e+09
 3.21290000e+03  5.90066367e+16  4.11023127e+14  3.17706654e+10  3.33075572e+08  2.74183912e+12  8.17264013e+09
 3.21292500e+03  5.89380519e+16  4.78829059e+14  3.17337377e+10  3.88022601e+08  2.74183912e+12  8.17264013e+09
 3.21295000e+03  5.88695469e+16  5.46436762e+14  3.16968528e+10  4.42808994e+08  2.74183912e+12  8.17264013e+09
 3.21297500e+03  5.88011215e+16  6.13846675e+14  3.16600108e+10  4.97435106e+08  2.74183912e+12  8.17264013e+09
 3.21300000e+03  5.87327756e+16  6.81059235e+14  3.16232117e+10  5.51901292e+08  2.74183912e+12  8.17264013e+09
 3.21300000e+03  5.87327756e+16  6.81059235e+14  3.16232117e+10  5.51901292e+08  2.74183912e+12  8.17264013e+09
 3.21430000e+03  6.21351453e+16  4.11769434e+15  3.34551336e+10  3.33680348e+09  2.74183912e+12  8.17264013e+09
 3.21560000e+03  6.53378519e+16  7.44610104e+15  3.51795518e+10  6.03400199e+09  2.74183912e+12  8.17264013e+09
 3.21690000e+03  6.83526122e+16  1.06645008e+16  3.68027750e+10  8.64205557e+09  2.74183912e+12  8.17264013e+09
 3.21820000e+03  7.11904555e+16  1.37719267e+16  3.83307416e+10  1.11601807e+10  2.74183912e+12  8.17264013e+09
 3.21950000e+03  7.38617641e+16  1.67681144e+16  3.97690417e+10  1.35881632e+10  2.74183912e+12  8.17264013e+09
 3.22080000e+03  7.63763108e+16  1.96534047e+16  4.11229372e+10  1.59262790e+10  2.74183912e+12  8.17264013e+09
 3.22210000e+03  7.87432948e+16  2.24286564e+16  4.23973813e+10  1.81752244e+10  2.74183912e+12  8.17264013e+09
 3.22340000e+03  8.09713758e+16  2.50951697e+16  4.35970365e+10  2.03360528e+10  2.74183912e+12  8.17264013e+09
 3.22470000e+03  8.30687051e+16  2.76546170e+16  4.47262916e+10  2.24101195e+10  2.74183912e+12  8.17264013e+09
 3.22600000e+03  8.50429555e+16  3.01089822e+16  4.57892779e+10  2.43990322e+10  2.74183912e+12  8.17264013e+09
 3.22600000e+03  8.50429555e+16  3.01089822e+16  4.57892779e+10  2.43990322e+10  2.74183912e+12  8.16446749e+09
 3.22602500e+03  8.49441082e+16  3.01550873e+16  4.57360560e+10  2.44363937e+10  2.74183912e+12  8.16446749e+09
 3.22605000e+03  8.48453757e+16  3.02009969e+16  4.56828960e+10  2.44735969e+10  2.74183912e+12  8.16446749e+09
 3.22607500e+03  8.47467580e+16  3.02467116e+16  4.56297977e+10  2.45106422e+10  2.74183912e+12  8.16446749e+09
 3.22610000e+03  8.46482550e+16  3.02922318e+16  4.55767612e+10  2.45475298e+10  2.74183912e+12  8.16446749e+09
 3.22612500e+03  8.45498664e+16  3.03375581e+16  4.55237863e+10  2.45842602e+10  2.74183912e+12  8.16446749e+09
 3.22615000e+03  8.44515922e+16  3.03826908e+16  4.54708729e+10  2.46208338e+10  2.74183912e+12  8.16446749e+09
 3.22617500e+03  8.43534322e+16  3.04276304e+16  4.54180211e+10  2.46572510e+10  2.74183912e+12  8.16446749e+09
 3.22620000e+03  8.42553863e+16  3.04723774e+16  4.53652307e+10  2.46935121e+10  2.74183912e+12  8.16446749e+09
 3.22622500e+03  8.41574543e+16  3.05169324e+16  4.53125017e+10  2.47296175e+10  2.74183912e+12  8.16446749e+09
 3.22625000e+03  8.40596362e+16  3.05612957e+16  4.52598340e+10  2.47655676e+10  2.74183912e+12  8.16446749e+09
 3.22625000e+03  8.40596362e+16  0.00000000e+00  4.52598340e+10  0.00000000e+00  2.75721136e+12  8.15630302e+09
 3.22700000e+03  8.11773724e+16  2.80746707e+15  4.37079502e+10  2.27505131e+09  2.75721136e+12  8.15630302e+09
 3.22775000e+03  7.83939365e+16  5.37505130e+15  4.22092780e+10  4.35571181e+09  2.75721136e+12  8.15630302e+09
 3.22850000e+03  7.57059400e+16  7.71832490e+15  4.07619927e+10  6.25460057e+09  2.75721136e+12  8.15630302e+09
 3.22925000e+03  7.31101104e+16  9.85195029e+15  3.93643324e+10  7.98359939e+09  2.75721136e+12  8.15630302e+09
 3.23000000e+03  7.06032875e+16  1.17897305e+16  3.80145955e+10  9.55389366e+09  2.75721136e+12  8.15630302e+09
 3.23075000e+03  6.81824192e+16  1.35446570e+16  3.67111388e+10  1.09760111e+10  2.75721136e+12  8.15630302e+09
 3.23150000e+03  6.58445585e+16  1.51289547e+16  3.54523755e+10  1.22598581e+10  2.75721136e+12  8.15630302e+09
 3.23225000e+03  6.35868591e+16  1.65541245e+16  3.42367730e+10  1.34147548e+10  2.75721136e+12  8.15630302e+09
 3.23300000e+03  6.14065725e+16  1.78309841e+16  3.30628516e+10  1.44494673e+10  2.75721136e+12  8.15630302e+09
 3.23375000e+03  5.93010442e+16  1.89697060e+16  3.19291819e+10  1.53722389e+10  2.75721136e+12  8.15630302e+09
 3.23375000e+03  5.93010442e+16  0.00000000e+00  3.19291819e+10  0.00000000e+00  2.75721136e+12  8.15630302e+09
 3.23377500e+03  5.92321172e+16  6.88666437e+13  3.18920699e+10  5.58065843e+07  2.75721136e+12  8.15630302e+09
 3.23380000e+03  5.91632704e+16  1.37532805e+14  3.18550010e+10  1.11450706e+08  2.75721136e+12  8.15630302e+09
 3.23382500e+03  5.90945036e+16  2.05998929e+14  3.18179752e+10  1.66932726e+08  2.75721136e+12  8.15630302e+09
 3.23385000e+03  5.90258167e+16  2.74265456e+14  3.17809925e+10  2.22253002e+08  2.75721136e+12  8.15630302e+09
 3.23387500e+03  5.89572097e+16  3.42332830e+14  3.17440527e+10  2.77411892e+08  2.75721136e+12  8.15630302e+09
 3.23390000e+03  5.88886824e+16  4.10201491e+14  3.17071559e+10  3.32409754e+08  2.75721136e+12  8.15630302e+09
 3.23392500e+03  5.88202347e+16  4.77871880e+14  3.16703019e+10  3.87246944e+08  2.75721136e+12  8.15630302e+09
 3.23395000e+03  5.87518667e+16  5.45344435e+14  3.16334908e+10  4.41923819e+08  2.75721136e+12  8.15630302e+09
 3.23397500e+03  5.86835780e+16  6.12619595e+14  3.15967225e+10  4.96440733e+08  2.75721136e+12  8.15630302e+09
 3.23400000e+03  5.86153688e+16  6.79697798e+14  3.15599969e+10  5.50798041e+08  2.75721136e+12  8.15630302e+09
 3.23400000e+03  5.86153688e+16  6.79697798e+14  3.15599969e+10  5.50798041e+08  2.75721136e+12  8.15630302e+09
 3.23530000e+03  6.20109372e+16  4.10946307e+15  3.33882568e+10  3.33013321e+09  2.75721136e+12  8.15630302e+09
 3.23660000e+03  6.52072415e+16  7.43121628e+15  3.51092279e+10  6.02194002e+09  2.75721136e+12  8.15630302e+09
 3.23790000e+03  6.82159753e+16  1.06431824e+16  3.67292062e+10  8.62478010e+09  2.75721136e+12  8.15630302e+09
 3.23920000e+03  7.10481458e+16  1.37443966e+16  3.82541185e+10  1.11378715e+10  2.75721136e+12  8.15630302e+09
 3.24050000e+03  7.37141144e+16  1.67345950e+16  3.96895434e+10  1.35610004e+10  2.75721136e+12  8.15630302e+09
 3.24180000e+03  7.62236345e+16  1.96141175e+16  4.10407325e+10  1.58944424e+10  2.75721136e+12  8.15630302e+09
 3.24310000e+03  7.85858870e+16  2.23838215e+16  4.23126289e+10  1.81388921e+10  2.75721136e+12  8.15630302e+09
 3.24440000e+03  8.08095140e+16  2.50450045e+16  4.35098860e+10  2.02954010e+10  2.75721136e+12  8.15630302e+09
 3.24570000e+03  8.29026507e+16  2.75993354e+16  4.46368837e+10  2.23653217e+10  2.75721136e+12  8.15630302e+09
 3.24700000e+03  8.48729547e+16  3.00487944e+16  4.56977452e+10  2.43502585e+10  2.75721136e+12  8.15630302e+09
 3.24700000e+03  8.48729547e+16  3.00487944e+16  4.56977452e+10  2.43502585e+10  2.75721136e+12  8.14814672e+09
 3.24702500e+03  8.47743049e+16  3.00948073e+16  4.56446297e+10  2.43875454e+10  2.75721136e+12  8.14814672e+09
 3.24705000e+03  8.46757698e+16  3.01406251e+16  4.55915759e+10  2.44246742e+10  2.75721136e+12  8.14814672e+09
 3.24707500e+03  8.45773493e+16  3.01862485e+16  4.55385838e+10  2.44616454e+10  2.75721136e+12  8.14814672e+09
 3.24710000e+03  8.44790431e+16  3.02316777e+16  4.54856532e+10  2.44984593e+10  2.75721136e+12  8.14814672e+09
 3.24712500e+03  8.43808512e+16  3.02769133e+16  4.54327842e+10  2.45351163e+10  2.75721136e+12  8.14814672e+09
 3.24715000e+03  8.42827734e+16  3.03219558e+16  4.53799767e+10  2.45716168e+10  2.75721136e+12  8.14814672e+09
 3.24717500e+03  8.41848097e+16  3.03668056e+16  4.53272305e+10  2.46079612e+10  2.75721136e+12  8.14814672e+09
 3.24720000e+03  8.40869597e+16  3.04114632e+16  4.52745456e+10  2.46441498e+10  2.75721136e+12  8.14814672e+09
 3.24722500e+03  8.39892236e+16  3.04559290e+16  4.52219220e+10  2.46801830e+10  2.75721136e+12  8.14814672e+09
 3.24725000e+03  8.38916010e+16  3.05002036e+16  4.51693595e+10  2.47160612e+10  2.75721136e+12  8.14814672e+09
 3.24725000e+03  8.38916010e+16  0.00000000e+00  4.51693595e+10  0.00000000e+00  2.77255287e+12  8.13999857e+09
 3.24800000e+03  8.10150988e+16  2.80185495e+15  4.36205780e+10  2.27050348e+09  2.77255287e+12  8.13999857e+09
 3.24875000e+03  7.82372271e+16  5.36430657e+15  4.21249016e+10  4.34700474e+09  2.77255287e+12  8.13999857e+09
 3.24950000e+03  7.55546039e+16  7.70289597e+15  4.06805095e+10  6.24209762e+09  2.77255287e+12  8.13999857e+09
 3.25025000e+03  7.29639633e+16  9.83225625e+15  3.92856431e+10  7.96764017e+09  2.77255287e+12  8.13999857e+09
 3.25100000e+03  7.04621515e+16  1.17661629e+16  3.79386043e+10  9.53479543e+09  2.77255287e+12  8.13999857e+09
 3.25175000e+03  6.80461226e+16  1.35175813e+16  3.66377532e+10  1.09540700e+10  2.77255287e+12  8.13999857e+09
 3.25250000e+03  6.57129353e+16  1.50987119e+16  3.53815062e+10  1.22353507e+10  2.77255287e+12  8.13999857e+09
 3.25325000e+03  6.34597490e+16  1.65210328e+16  3.41683337e+10  1.33879387e+10  2.77255287e+12  8.13999857e+09
 3.25400000e+03  6.12838207e+16  1.77953399e+16  3.29967589e+10  1.44205828e+10  2.77255287e+12  8.13999857e+09
 3.25475000e+03  5.91825014e+16  1.89317856e+16  3.18653554e+10  1.53415098e+10  2.77255287e+12  8.13999857e+09
 3.25475000e+03  5.91825014e+16  0.00000000e+00  3.18653554e+10  0.00000000e+00  2.77255287e+12  8.13999857e+09
 3.25477500e+03  5.91137122e+16  6.87289793e+13  3.18283176e+10  5.56950269e+07  2.77255287e+12  8.13999857e+09
 3.25480000e+03  5.90450030e+16  1.37257877e+14  3.17913228e+10  1.11227917e+08  2.77255287e+12  8.13999857e+09
 3.25482500e+03  5.89763737e+16  2.05587137e+14  3.17543711e+10  1.66599028e+08  2.77255287e+12  8.13999857e+09
 3.25485000e+03  5.89078241e+16  2.73717200e+14  3.17174622e+10  2.21808718e+08  2.77255287e+12  8.13999857e+09
 3.25487500e+03  5.88393542e+16  3.41648507e+14  3.16805963e+10  2.76857346e+08  2.77255287e+12  8.13999857e+09
 3.25490000e+03  5.87709639e+16  4.09381499e+14  3.16437733e+10  3.31745267e+08  2.77255287e+12  8.13999857e+09
 3.25492500e+03  5.87026531e+16  4.76916614e+14  3.16069930e+10  3.86472838e+08  2.77255287e+12  8.13999857e+09
 3.25495000e+03  5.86344217e+16  5.44254292e+14  3.15702555e+10  4.41040413e+08  2.77255287e+12  8.13999857e+09
 3.25497500e+03  5.85662696e+16  6.11394969e+14  3.15335606e+10  4.95448348e+08  2.77255287e+12  8.13999857e+09
 3.25500000e+03  5.84981967e+16  6.78339082e+14  3.14969085e+10  5.49696996e+08  2.77255287e+12  8.13999857e+09
 3.25500000e+03  5.84981967e+16  6.78339082e+14  3.14969085e+10  5.49696996e+08  2.77255287e+12  8.13999857e+09
 3.25630000e+03  6.18869773e+16  4.10124826e+15  3.33215137e+10  3.32347627e+09  2.77255287e+12  8.13999857e+09
 3.25760000e+03  6.50768922e+16  7.41636128e+15  3.50390445e+10  6.00990216e+09  2.77255287e+12  8.13999857e+09
 3.25890000e+03  6.80796115e+16  1.06219067e+16  3.66557845e+10  8.60753916e+09  2.77255287e+12  8.13999857e+09
 3.26020000e+03  7.09061206e+16  1.37169216e+16  3.81776485e+10  1.11156069e+10  2.77255287e+12  8.13999857e+09
 3.26150000e+03  7.35667599e+16  1.67011425e+16  3.96102040e+10  1.35338920e+10  2.77255287e+12  8.13999857e+09
 3.26280000e+03  7.60712635e+16  1.95749089e+16  4.09586920e+10  1.58626694e+10  2.77255287e+12  8.13999857e+09
 3.26410000e+03  7.84287938e+16  2.23390763e+16  4.22280460e+10  1.81026325e+10  2.77255287e+12  8.13999857e+09
 3.26540000e+03  8.06479758e+16  2.49949395e+16  4.34229097e+10  2.02548305e+10  2.77255287e+12  8.13999857e+09
 3.26670000e+03  8.27369283e+16  2.75441643e+16  4.45476546e+10  2.23206134e+10  2.77255287e+12  8.13999857e+09
 3.26800000e+03  8.47032936e+16  2.99887268e+16  4.56063954e+10  2.43015823e+10  2.77255287e+12  8.13999857e+09
 3.26800000e+03  8.47032936e+16  2.99887268e+16  4.56063954e+10  2.43015823e+10  2.77255287e+12  8.13185858e+09
 3.26802500e+03  8.46048411e+16  3.00346478e+16  4.55533860e+10  2.43387947e+10  2.77255287e+12  8.13185858e+09
 3.26805000e+03  8.45065030e+16  3.00803740e+16  4.55004383e+10  2.43758493e+10  2.77255287e+12  8.13185858e+09
 3.26807500e+03  8.44082791e+16  3.01259061e+16  4.54475521e+10  2.44127466e+10  2.77255287e+12  8.13185858e+09
 3.26810000e+03  8.43101695e+16  3.01712446e+16  4.53947274e+10  2.44494869e+10  2.77255287e+12  8.13185858e+09
 3.26812500e+03  8.42121739e+16  3.02163897e+16  4.53419641e+10  2.44860706e+10  2.77255287e+12  8.13185858e+09
 3.26815000e+03  8.41142922e+16  3.02613422e+16  4.52892621e+10  2.45224981e+10  2.77255287e+12  8.13185858e+09
 3.26817500e+03  8.40165242e+16  3.03061023e+16  4.52366214e+10  2.45587698e+10  2.77255287e+12  8.13185858e+09
 3.26820000e+03  8.39188699e+16  3.03506706e+16  4.51840418e+10  2.45948861e+10  2.77255287e+12  8.13185858e+09
 3.26822500e+03  8.38213291e+16  3.03950476e+16  4.51315234e+10  2.46308473e+10  2.77255287e+12  8.13185858e+09
 3.26825000e+03  8.37239017e+16  3.04392337e+16  4.50790660e+10  2.46666538e+10  2.77255287e+12  8.13185858e+09
 3.26825000e+03  8.37239017e+16  0.00000000e+00  4.50790660e+10  0.00000000e+00  2.78786371e+12  8.12372672e+09
 3.26900000e+03  8.08531496e+16  2.79625404e+15  4.35333805e+10  2.26596474e+09  2.78786371e+12  8.12372672e+09
 3.26975000e+03  7.80808308e+16  5.35358332e+15  4.20406939e+10  4.33831508e+09  2.78786371e+12  8.12372672e+09
 3.27050000e+03  7.54035702e+16  7.68749788e+15  4.05991891e+10  6.22961967e+09  2.78786371e+12  8.12372672e+09
 3.27125000e+03  7.28181084e+16  9.81260157e+15  3.92071111e+10  7.95171286e+09  2.78786371e+12  8.12372672e+09
 3.27200000e+03  7.03212977e+16  1.17426423e+16  3.78627650e+10  9.51573538e+09  2.78786371e+12  8.12372672e+09
 3.27275000e+03  6.79100984e+16  1.34905596e+16  3.65645144e+10  1.09321728e+10  2.78786371e+12  8.12372672e+09
 3.27350000e+03  6.55815751e+16  1.50685295e+16  3.53107786e+10  1.22108922e+10  2.78786371e+12  8.12372672e+09
 3.27425000e+03  6.33328930e+16  1.64880072e+16  3.41000312e+10  1.33611762e+10  2.78786371e+12  8.12372672e+09
 3.27500000e+03  6.11613144e+16  1.77597671e+16  3.29307984e+10  1.43917561e+10  2.78786371e+12  8.12372672e+09
 3.27575000e+03  5.90641956e+16  1.88939409e+16  3.18016566e+10  1.53108421e+10  2.78786371e+12  8.12372672e+09
 3.27575000e+03  5.90641956e+16  0.00000000e+00  3.18016566e+10  0.00000000e+00  2.78786371e+12  8.12372672e+09
 3.27577500e+03  5.89955439e+16  6.85915901e+13  3.17646928e+10  5.55836926e+07  2.78786371e+12  8.12372672e+09
 3.27580000e+03  5.89269721e+16  1.36983499e+14  3.17277720e+10  1.11005572e+08  2.78786371e+12  8.12372672e+09
 3.27582500e+03  5.88584799e+16  2.05176168e+14  3.16908941e+10  1.66265996e+08  2.78786371e+12  8.12372672e+09
 3.27585000e+03  5.87900674e+16  2.73170039e+14  3.16540590e+10  2.21365323e+08  2.78786371e+12  8.12372672e+09
 3.27587500e+03  5.87217344e+16  3.40965552e+14  3.16172668e+10  2.76303908e+08  2.78786371e+12  8.12372672e+09
 3.27590000e+03  5.86534808e+16  4.08563145e+14  3.15805173e+10  3.31082108e+08  2.78786371e+12  8.12372672e+09
 3.27592500e+03  5.85853065e+16  4.75963258e+14  3.15438106e+10  3.85700278e+08  2.78786371e+12  8.12372672e+09
 3.27595000e+03  5.85172115e+16  5.43166327e+14  3.15071465e+10  4.40158773e+08  2.78786371e+12  8.12372672e+09
 3.27597500e+03  5.84491956e+16  6.10172790e+14  3.14705250e+10  4.94457947e+08  2.78786371e+12  8.12372672e+09
 3.27600000e+03  5.83812588e+16  6.76983082e+14  3.14339461e+10  5.48598151e+08  2.78786371e+12  8.12372672e+09
 3.27600000e+03  5.83812588e+16  6.76983082e+14  3.14339461e+10  5.48598151e+08  2.78786371e+12  8.12372672e+09
 3.27730000e+03  6.17632653e+16  4.09304986e+15  3.32549040e+10  3.31683264e+09  2.78786371e+12  8.12372672e+09
 3.27860000e+03  6.49468035e+16  7.40153597e+15  3.49690015e+10  5.99788836e+09  2.78786371e+12  8.12372672e+09
 3.27990000e+03  6.79435204e+16  1.06006735e+16  3.65825096e+10  8.59033269e+09  2.78786371e+12  8.12372672e+09
 3.28120000e+03  7.07643792e+16  1.36895014e+16  3.81013314e+10  1.10933868e+10  2.78786371e+12  8.12372672e+09
 3.28250000e+03  7.34197000e+16  1.66677569e+16  3.95310232e+10  1.35068377e+10  2.78786371e+12  8.12372672e+09
 3.28380000e+03  7.59191970e+16  1.95357786e+16  4.08768156e+10  1.58309599e+10  2.78786371e+12  8.12372672e+09
 3.28510000e+03  7.82720146e+16  2.22944205e+16  4.21436321e+10  1.80664453e+10  2.78786371e+12  8.12372672e+09
 3.28640000e+03  8.04867605e+16  2.49449746e+16  4.33361073e+10  2.02143411e+10  2.78786371e+12  8.12372672e+09
 3.28770000e+03  8.25715372e+16  2.74891036e+16  4.44586038e+10  2.22759945e+10  2.78786371e+12  8.12372672e+09
 3.28900000e+03  8.45339717e+16  2.99287794e+16  4.55152282e+10  2.42530035e+10  2.78786371e+12  8.12372672e+09
 3.28900000e+03  8.45339717e+16  2.99287794e+16  4.55152282e+10  2.42530035e+10  2.78786371e+12  8.11560299e+09
 3.28902500e+03  8.44357160e+16  2.99746085e+16  4.54623248e+10  2.42901414e+10  2.78786371e+12  8.11560299e+09
 3.28905000e+03  8.43375745e+16  3.00202434e+16  4.54094829e+10  2.43271220e+10  2.78786371e+12  8.11560299e+09
 3.28907500e+03  8.42395470e+16  3.00656845e+16  4.53567025e+10  2.43639455e+10  2.78786371e+12  8.11560299e+09
 3.28910000e+03  8.41416335e+16  3.01109322e+16  4.53039833e+10  2.44006124e+10  2.78786371e+12  8.11560299e+09
 3.28912500e+03  8.40438337e+16  3.01559872e+16  4.52513255e+10  2.44371229e+10  2.78786371e+12  8.11560299e+09
 3.28915000e+03  8.39461477e+16  3.02008497e+16  4.51987289e+10  2.44734777e+10  2.78786371e+12  8.11560299e+09
 3.28917500e+03  8.38485752e+16  3.02455204e+16  4.51461934e+10  2.45096769e+10  2.78786371e+12  8.11560299e+09
 3.28920000e+03  8.37511161e+16  3.02899997e+16  4.50937189e+10  2.45457209e+10  2.78786371e+12  8.11560299e+09
 3.28922500e+03  8.36537703e+16  3.03342879e+16  4.50413055e+10  2.45816103e+10  2.78786371e+12  8.11560299e+09
 3.28925000e+03  8.35565376e+16  3.03783857e+16  4.49889529e+10  2.46173452e+10  2.78786371e+12  8.11560299e+09
 3.28925000e+03  8.35565376e+16  0.00000000e+00  4.49889529e+10  0.00000000e+00  2.80314395e+12  8.10748739e+09
 3.29000000e+03  8.06915242e+16  2.79066433e+15  4.34463573e+10  2.26143508e+09  2.80314395e+12  8.10748739e+09
 3.29075000e+03  7.79247473e+16  5.34288151e+15  4.19566546e+10  4.32964279e+09  2.80314395e+12  8.10748739e+09
 3.29150000e+03  7.52528385e+16  7.67213057e+15  4.05180313e+10  6.21716666e+09  2.80314395e+12  8.10748739e+09
 3.29225000e+03  7.26725450e+16  9.79298618e+15  3.91287361e+10  7.93581738e+09  2.80314395e+12  8.10748739e+09
 3.29300000e+03  7.01807254e+16  1.17191688e+16  3.77870774e+10  9.49671342e+09  2.80314395e+12  8.10748739e+09
 3.29375000e+03  6.77743461e+16  1.34635920e+16  3.64914219e+10  1.09103194e+10  2.80314395e+12  8.10748739e+09
 3.29450000e+03  6.54504775e+16  1.50384076e+16  3.52401923e+10  1.21864826e+10  2.80314395e+12  8.10748739e+09
 3.29525000e+03  6.32062905e+16  1.64550477e+16  3.40318653e+10  1.33344673e+10  2.80314395e+12  8.10748739e+09
 3.29600000e+03  6.10390529e+16  1.77242653e+16  3.28649697e+10  1.43629869e+10  2.80314395e+12  8.10748739e+09
 3.29675000e+03  5.89461262e+16  1.88561720e+16  3.17380851e+10  1.52802357e+10  2.80314395e+12  8.10748739e+09
 3.29675000e+03  5.89461262e+16  0.00000000e+00  3.17380851e+10  0.00000000e+00  2.80314395e+12  8.10748739e+09
 3.29677500e+03  5.88776118e+16  6.84544755e+13  3.17011952e+10  5.54725808e+07  2.80314395e+12  8.10748739e+09
 3.29680000e+03  5.88091771e+16  1.36709669e+14  3.16643482e+10  1.10783672e+08  2.80314395e+12  8.10748739e+09
 3.29682500e+03  5.87408218e+16  2.04766021e+14  3.16275440e+10  1.65933630e+08  2.80314395e+12  8.10748739e+09
 3.29685000e+03  5.86725460e+16  2.72623972e+14  3.15907826e+10  2.20922813e+08  2.80314395e+12  8.10748739e+09
 3.29687500e+03  5.86043496e+16  3.40283961e+14  3.15540639e+10  2.75751576e+08  2.80314395e+12  8.10748739e+09
 3.29690000e+03  5.85362324e+16  4.07746427e+14  3.15173879e+10  3.30420275e+08  2.80314395e+12  8.10748739e+09
 3.29692500e+03  5.84681945e+16  4.75011807e+14  3.14807545e+10  3.84929264e+08  2.80314395e+12  8.10748739e+09
 3.29695000e+03  5.84002356e+16  5.42080538e+14  3.14441637e+10  4.39278896e+08  2.80314395e+12  8.10748739e+09
 3.29697500e+03  5.83323556e+16  6.08953055e+14  3.14076155e+10  4.93469525e+08  2.80314395e+12  8.10748739e+09
 3.29700000e+03  5.82645546e+16  6.75629793e+14  3.13711097e+10  5.47501504e+08  2.80314395e+12  8.10748739e+09
 3.29700000e+03  5.82645546e+16  6.75629793e+14  3.13711097e+10  5.47501504e+08  2.80314395e+12  8.10748739e+09
 3.29830000e+03  6.16398005e+16  4.08486785e+15  3.31884274e+10  3.31020230e+09  2.80314395e+12  8.10748739e+09
 3.29960000e+03  6.48169749e+16  7.38674030e+15  3.48990985e+10  5.98589859e+09  2.80314395e+12  8.10748739e+09
 3.30090000e+03  6.78077013e+16  1.05794828e+16  3.65093812e+10  8.57316062e+09  2.80314395e+12  8.10748739e+09
 3.30220000e+03  7.06229212e+16  1.36621361e+16  3.80251668e+10  1.10712111e+10  2.80314395e+12  8.10748739e+09
 3.30350000e+03  7.32729340e+16  1.66344381e+16  3.94520007e+10  1.34798376e+10  2.80314395e+12  8.10748739e+09
 3.30480000e+03  7.57674345e+16  1.94967266e+16  4.07951029e+10  1.57993138e+10  2.80314395e+12  8.10748739e+09
 3.30610000e+03  7.81155489e+16  2.22498539e+16  4.20593870e+10  1.80303305e+10  2.80314395e+12  8.10748739e+09
 3.30740000e+03  8.03258675e+16  2.48951096e+16  4.32494785e+10  2.01739327e+10  2.80314395e+12  8.10748739e+09
 3.30870000e+03  8.24064767e+16  2.74341528e+16  4.43697311e+10  2.22314648e+10  2.80314395e+12  8.10748739e+09
 3.31000000e+03  8.43649883e+16  2.98689517e+16  4.54242433e+10  2.42045217e+10  2.80314395e+12  8.10748739e+09
 3.31000000e+03  8.43649883e+16  2.98689517e+16  4.54242433e+10  2.42045217e+10  2.80314395e+12  8.09937990e+09
 3.31002500e+03  8.42669290e+16  2.99146893e+16  4.53714456e+10  2.42415854e+10  2.80314395e+12  8.09937990e+09
 3.31005000e+03  8.41689836e+16  2.99602329e+16  4.53187094e+10  2.42784921e+10  2.80314395e+12  8.09937990e+09
 3.31007500e+03  8.40711521e+16  3.00055832e+16  4.52660344e+10  2.43152420e+10  2.80314395e+12  8.09937990e+09
 3.31010000e+03  8.39734343e+16  3.00507405e+16  4.52134207e+10  2.43518355e+10  2.80314395e+12  8.09937990e+09
 3.31012500e+03  8.38758301e+16  3.00957054e+16  4.51608681e+10  2.43882731e+10  2.80314395e+12  8.09937990e+09
 3.31015000e+03  8.37783393e+16  3.01404782e+16  4.51083766e+10  2.44245552e+10  2.80314395e+12  8.09937990e+09
 3.31017500e+03  8.36809619e+16  3.01850596e+16  4.50559461e+10  2.44606820e+10  2.80314395e+12  8.09937990e+09
 3.31020000e+03  8.35836976e+16  3.02294499e+16  4.50035766e+10  2.44966540e+10  2.80314395e+12  8.09937990e+09
 3.31022500e+03  8.34865464e+16  3.02736497e+16  4.49512679e+10  2.45324716e+10  2.80314395e+12  8.09937990e+09
 3.31025000e+03  8.33895081e+16  3.03176593e+16  4.48990200e+10  2.45681351e+10  2.80314395e+12  8.09937990e+09
 3.31025000e+03  8.33895081e+16  0.00000000e+00  4.48990200e+10  0.00000000e+00  2.81839364e+12  8.09128052e+09
 3.31100000e+03  8.05302218e+16  2.78508579e+15  4.33595080e+10  2.25691447e+09  2.81839364e+12  8.09128052e+09
 3.31175000e+03  7.77689757e+16  5.33220109e+15  4.18727832e+10  4.32098783e+09  2.81839364e+12  8.09128052e+09
 3.31250000e+03  7.51024081e+16  7.65679398e+15  4.04370358e+10  6.20473854e+09  2.81839364e+12  8.09128052e+09
 3.31325000e+03  7.25272725e+16  9.77341000e+15  3.90505177e+10  7.91995368e+09  2.81839364e+12  8.09128052e+09
 3.31400000e+03  7.00404341e+16  1.16957422e+16  3.77115410e+10  9.47772949e+09  2.81839364e+12  8.09128052e+09
 3.31475000e+03  6.76388652e+16  1.34366783e+16  3.64184756e+10  1.08885097e+10  2.81839364e+12  8.09128052e+09
 3.31550000e+03  6.53196420e+16  1.50083458e+16  3.51697472e+10  1.21621219e+10  2.81839364e+12  8.09128052e+09
 3.31625000e+03  6.30799411e+16  1.64221540e+16  3.39638356e+10  1.33078117e+10  2.81839364e+12  8.09128052e+09
 3.31700000e+03  6.09170358e+16  1.76888345e+16  3.27992727e+10  1.43342753e+10  2.81839364e+12  8.09128052e+09
 3.31775000e+03  5.88282929e+16  1.88184785e+16  3.16746407e+10  1.52496905e+10  2.81839364e+12  8.09128052e+09
 3.31775000e+03  5.88282929e+16  0.00000000e+00  3.16746407e+10  0.00000000e+00  2.81839364e+12  8.09128052e+09
 3.31777500e+03  5.87599155e+16  6.83176350e+13  3.16378245e+10  5.53616911e+07  2.81839364e+12  8.09128052e+09
 3.31780000e+03  5.86916175e+16  1.36436386e+14  3.16010511e+10  1.10562215e+08  2.81839364e+12  8.09128052e+09
 3.31782500e+03  5.86233989e+16  2.04356694e+14  3.15643205e+10  1.65601929e+08  2.81839364e+12  8.09128052e+09
 3.31785000e+03  5.85552596e+16  2.72078997e+14  3.15276326e+10  2.20481189e+08  2.81839364e+12  8.09128052e+09
 3.31787500e+03  5.84871995e+16  3.39603734e+14  3.14909873e+10  2.75200349e+08  2.81839364e+12  8.09128052e+09
 3.31790000e+03  5.84192185e+16  4.06931342e+14  3.14543846e+10  3.29759765e+08  2.81839364e+12  8.09128052e+09
 3.31792500e+03  5.83513165e+16  4.74062259e+14  3.14178245e+10  3.84159790e+08  2.81839364e+12  8.09128052e+09
 3.31795000e+03  5.82834935e+16  5.40996919e+14  3.13813068e+10  4.38400777e+08  2.81839364e+12  8.09128052e+09
 3.31797500e+03  5.82157493e+16  6.07735758e+14  3.13448316e+10  4.92483080e+08  2.81839364e+12  8.09128052e+09
 3.31800000e+03  5.81480838e+16  6.74279209e+14  3.13083988e+10  5.46407048e+08  2.81839364e+12  8.09128052e+09
 3.31800000e+03  5.81480838e+16  6.74279209e+14  3.13083988e+10  5.46407048e+08  2.81839364e+12  8.09128052e+09
 3.31930000e+03  6.15165825e+16  4.07670220e+15  3.31220838e+10  3.30358520e+09  2.81839364e+12  8.09128052e+09
 3.32060000e+03  6.46874057e+16  7.37197421e+15  3.48293352e+10  5.97393277e+09  2.81839364e+12  8.09128052e+09
 3.32190000e+03  6.76721537e+16  1.05583344e+16  3.64363989e+10  8.55602287e+09  2.81839364e+12  8.09128052e+09
 3.32320000e+03  7.04817460e+16  1.36348255e+16  3.79491545e+10  1.10490798e+10  2.81839364e+12  8.09128052e+09
 3.32450000e+03  7.31264614e+16  1.66011858e+16  3.93731361e+10  1.34528914e+10  2.81839364e+12  8.09128052e+09
 3.32580000e+03  7.56159754e+16  1.94577527e+16  4.07135535e+10  1.57677310e+10  2.81839364e+12  8.09128052e+09
 3.32710000e+03  7.79593959e+16  2.22053765e+16  4.19753103e+10  1.79942879e+10  2.81839364e+12  8.09128052e+09
 3.32840000e+03  8.01652961e+16  2.48453443e+16  4.31630227e+10  2.01336050e+10  2.81839364e+12  8.09128052e+09
 3.32970000e+03  8.22417462e+16  2.73793120e+16  4.42810360e+10  2.21870241e+10  2.81839364e+12  8.09128052e+09
 3.33100000e+03  8.41963427e+16  2.98092437e+16  4.53334402e+10  2.41561369e+10  2.81839364e+12  8.09128052e+09
 3.33100000e+03  8.41963427e+16  2.98092437e+16  4.53334402e+10  2.41561369e+10  2.81839364e+12  8.08318924e+09
 3.33102500e+03  8.40984794e+16  2.98548898e+16  4.52807481e+10  2.41931265e+10  2.81839364e+12  8.08318924e+09
 3.33105000e+03  8.40007299e+16  2.99003424e+16  4.52281173e+10  2.42299593e+10  2.81839364e+12  8.08318924e+09
 3.33107500e+03  8.39030939e+16  2.99456020e+16  4.51755476e+10  2.42666358e+10  2.81839364e+12  8.08318924e+09
 3.33110000e+03  8.38055714e+16  2.99906690e+16  4.51230391e+10  2.43031562e+10  2.81839364e+12  8.08318924e+09
 3.33112500e+03  8.37081623e+16  3.00355440e+16  4.50705915e+10  2.43395210e+10  2.81839364e+12  8.08318924e+09
 3.33115000e+03  8.36108664e+16  3.00802274e+16  4.50182050e+10  2.43757305e+10  2.81839364e+12  8.08318924e+09
 3.33117500e+03  8.35136836e+16  3.01247197e+16  4.49658793e+10  2.44117851e+10  2.81839364e+12  8.08318924e+09
 3.33120000e+03  8.34166138e+16  3.01690213e+16  4.49136144e+10  2.44476852e+10  2.81839364e+12  8.08318924e+09
 3.33122500e+03  8.33196568e+16  3.02131327e+16  4.48614103e+10  2.44834312e+10  2.81839364e+12  8.08318924e+09
 3.33125000e+03  8.32228125e+16  3.02570543e+16  4.48092669e+10  2.45190234e+10  2.81839364e+12  8.08318924e+09
 3.33125000e+03  8.32228125e+16  0.00000000e+00  4.48092669e+10  0.00000000e+00  2.83361285e+12  8.07510605e+09
 3.33200000e+03  8.03692419e+16  2.77951840e+15  4.32728323e+10  2.25240290e+09  2.83361285e+12  8.07510605e+09
 3.33275000e+03  7.76135155e+16  5.32154202e+15  4.17890796e+10  4.31235018e+09  2.83361285e+12  8.07510605e+09
 3.33350000e+03  7.49522783e+16  7.64148805e+15  4.03562022e+10  6.19233527e+09  2.83361285e+12  8.07510605e+09
 3.33425000e+03  7.23822905e+16  9.75387295e+15  3.89724557e+10  7.90412170e+09  2.83361285e+12  8.07510605e+09
 3.33500000e+03  6.99004233e+16  1.16723624e+16  3.76361556e+10  9.45878351e+09  2.83361285e+12  8.07510605e+09
 3.33575000e+03  6.75036551e+16  1.34098184e+16  3.63456750e+10  1.08667436e+10  2.83361285e+12  8.07510605e+09
 3.33650000e+03  6.51890681e+16  1.49783441e+16  3.50994428e+10  1.21378098e+10  2.83361285e+12  8.07510605e+09
 3.33725000e+03  6.29538443e+16  1.63893262e+16  3.38959419e+10  1.32812093e+10  2.83361285e+12  8.07510605e+09
 3.33800000e+03  6.07952627e+16  1.76534745e+16  3.27337069e+10  1.43056211e+10  2.83361285e+12  8.07510605e+09
 3.33875000e+03  5.87106952e+16  1.87808603e+16  3.16113230e+10  1.52192064e+10  2.83361285e+12  8.07510605e+09
 3.33875000e+03  5.87106952e+16  0.00000000e+00  3.16113230e+10  0.00000000e+00  2.83361285e+12  8.07510605e+09
 3.33877500e+03  5.86424544e+16  6.81810680e+13  3.15745805e+10  5.52510231e+07  2.83361285e+12  8.07510605e+09
 3.33880000e+03  5.85742930e+16  1.36163650e+14  3.15378806e+10  1.10341201e+08  2.83361285e+12  8.07510605e+09
 3.33882500e+03  5.85062107e+16  2.03948185e+14  3.15012234e+10  1.65270891e+08  2.83361285e+12  8.07510605e+09
 3.33885000e+03  5.84382076e+16  2.71535111e+14  3.14646089e+10  2.20040447e+08  2.83361285e+12  8.07510605e+09
 3.33887500e+03  5.83702836e+16  3.38924866e+14  3.14280368e+10  2.74650224e+08  2.83361285e+12  8.07510605e+09
 3.33890000e+03  5.83024385e+16  4.06117886e+14  3.13915073e+10  3.29100575e+08  2.83361285e+12  8.07510605e+09
 3.33892500e+03  5.82346723e+16  4.73114608e+14  3.13550203e+10  3.83391855e+08  2.83361285e+12  8.07510605e+09
 3.33895000e+03  5.81669848e+16  5.39915466e+14  3.13185756e+10  4.37524414e+08  2.83361285e+12  8.07510605e+09
 3.33897500e+03  5.80993760e+16  6.06520894e+14  3.12821733e+10  4.91498606e+08  2.83361285e+12  8.07510605e+09
 3.33900000e+03  5.80318458e+16  6.72931325e+14  3.12458133e+10  5.45314780e+08  2.83361285e+12  8.07510605e+09
 3.33900000e+03  5.80318458e+16  6.72931325e+14  3.12458133e+10  5.45314780e+08  2.83361285e+12  8.07510605e+09
 3.34030000e+03  6.13936109e+16  4.06855288e+15  3.30558727e+10  3.29698134e+09  2.83361285e+12  8.07510605e+09
 3.34160000e+03  6.45580956e+16  7.35723763e+15  3.47597113e+10  5.96199088e+09  2.83361285e+12  8.07510605e+09
 3.34290000e+03  6.75368771e+16  1.05372283e+16  3.63635626e+10  8.53891938e+09  2.83361285e+12  8.07510605e+09
 3.34420000e+03  7.03408530e+16  1.36075695e+16  3.78732941e+10  1.10269927e+10  2.83361285e+12  8.07510605e+09
 3.34550000e+03  7.29802816e+16  1.65680001e+16  3.92944292e+10  1.34259990e+10  2.83361285e+12  8.07510605e+09
 3.34680000e+03  7.54648191e+16  1.94188566e+16  4.06321671e+10  1.57362113e+10  2.83361285e+12  8.07510605e+09
 3.34810000e+03  7.78035551e+16  2.21609879e+16  4.18914017e+10  1.79583173e+10  2.83361285e+12  8.07510605e+09
 3.34940000e+03  8.00050457e+16  2.47956784e+16  4.30767399e+10  2.00933579e+10  2.83361285e+12  8.07510605e+09
 3.35070000e+03  8.20773449e+16  2.73245807e+16  4.41925182e+10  2.21426722e+10  2.83361285e+12  8.07510605e+09
 3.35200000e+03  8.40280342e+16  2.97496550e+16  4.52428187e+10  2.41078488e+10  2.83361285e+12  8.07510605e+09
 3.35200000e+03  8.40280342e+16  2.97496550e+16  4.52428187e+10  2.41078488e+10  2.83361285e+12  8.06703094e+09
 3.35202500e+03  8.39303666e+16  2.97952099e+16  4.51902319e+10  2.41447644e+10  2.83361285e+12  8.06703094e+09
 3.35205000e+03  8.38328124e+16  2.98405716e+16  4.51377063e+10  2.41815237e+10  2.83361285e+12  8.06703094e+09
 3.35207500e+03  8.37353716e+16  2.98857407e+16  4.50852417e+10  2.42181268e+10  2.83361285e+12  8.06703094e+09
 3.35210000e+03  8.36380441e+16  2.99307177e+16  4.50328381e+10  2.42545742e+10  2.83361285e+12  8.06703094e+09
 3.35212500e+03  8.35408297e+16  2.99755030e+16  4.49804954e+10  2.42908663e+10  2.83361285e+12  8.06703094e+09
 3.35215000e+03  8.34437283e+16  3.00200971e+16  4.49282136e+10  2.43270034e+10  2.83361285e+12  8.06703094e+09
 3.35217500e+03  8.33467398e+16  3.00645004e+16  4.48759925e+10  2.43629860e+10  2.83361285e+12  8.06703094e+09
 3.35220000e+03  8.32498640e+16  3.01087134e+16  4.48238321e+10  2.43988143e+10  2.83361285e+12  8.06703094e+09
 3.35222500e+03  8.31531008e+16  3.01527366e+16  4.47717324e+10  2.44344888e+10  2.83361285e+12  8.06703094e+09
 3.35225000e+03  8.30564501e+16  3.01965704e+16  4.47196932e+10  2.44700099e+10  2.83361285e+12  8.06703094e+09
 3.35225000e+03  8.30564501e+16  0.00000000e+00  4.47196932e+10  0.00000000e+00  2.84880163e+12  8.05896391e+09
 3.35300000e+03  8.02085838e+16  2.77396214e+15  4.31863299e+10  2.24790035e+09  2.84880163e+12  8.05896391e+09
 3.35375000e+03  7.74583661e+16  5.31090426e+15  4.17055432e+10  4.30372979e+09  2.84880163e+12  8.05896391e+09
 3.35450000e+03  7.48024487e+16  7.62621272e+15  4.02755301e+10  6.17995679e+09  2.84880163e+12  8.05896391e+09
 3.35525000e+03  7.22375983e+16  9.73437496e+15  3.88945498e+10  7.88832136e+09  2.84880163e+12  8.05896391e+09
 3.35600000e+03  6.97606923e+16  1.16490293e+16  3.75609210e+10  9.43987540e+09  2.84880163e+12  8.05896391e+09
 3.35675000e+03  6.73687153e+16  1.33830121e+16  3.62730200e+10  1.08450210e+10  2.84880163e+12  8.05896391e+09
 3.35750000e+03  6.50587551e+16  1.49484024e+16  3.50292791e+10  1.21135463e+10  2.84880163e+12  8.05896391e+09
 3.35825000e+03  6.28279996e+16  1.63565639e+16  3.38281839e+10  1.32546602e+10  2.84880163e+12  8.05896391e+09
 3.35900000e+03  6.06737330e+16  1.76181852e+16  3.26682722e+10  1.42770242e+10  2.84880163e+12  8.05896391e+09
 3.35975000e+03  5.85933325e+16  1.87433174e+16  3.15481320e+10  1.51887832e+10  2.84880163e+12  8.05896391e+09
 3.35975000e+03  5.85933325e+16  0.00000000e+00  3.15481320e+10  0.00000000e+00  2.84880163e+12  8.05896391e+09
 3.35977500e+03  5.85252281e+16  6.80447741e+13  3.15114629e+10  5.51405763e+07  2.84880163e+12  8.05896391e+09
 3.35980000e+03  5.84572030e+16  1.35891459e+14  3.14748364e+10  1.10120629e+08  2.84880163e+12  8.05896391e+09
 3.35982500e+03  5.83892568e+16  2.03540492e+14  3.14382525e+10  1.64940514e+08  2.84880163e+12  8.05896391e+09
 3.35985000e+03  5.83213897e+16  2.70992312e+14  3.14017111e+10  2.19600586e+08  2.84880163e+12  8.05896391e+09
 3.35987500e+03  5.82536014e+16  3.38247355e+14  3.13652122e+10  2.74101198e+08  2.84880163e+12  8.05896391e+09
 3.35990000e+03  5.81858919e+16  4.05306057e+14  3.13287557e+10  3.28442703e+08  2.84880163e+12  8.05896391e+09
 3.35992500e+03  5.81182611e+16  4.72168852e+14  3.12923416e+10  3.82625454e+08  2.84880163e+12  8.05896391e+09
 3.35995000e+03  5.80507090e+16  5.38836175e+14  3.12559698e+10  4.36649803e+08  2.84880163e+12  8.05896391e+09
 3.35997500e+03  5.79832353e+16  6.05308459e+14  3.12196403e+10  4.90516100e+08  2.84880163e+12  8.05896391e+09
 3.36000000e+03  5.79158401e+16  6.71586135e+14  3.11833530e+10  5.44224696e+08  2.84880163e+12  8.05896391e+09
 3.36000000e+03  5.79158401e+16  6.71586135e+14  3.11833530e+10  5.44224696e+08  2.84880163e+12  8.05896391e+09
 3.36130000e+03  6.12708851e+16  4.06041984e+15  3.29897940e+10  3.29039067e+09  2.84880163e+12  8.05896391e+09
 3.36260000e+03  6.44290440e+16  7.34253051e+15  3.46902267e+10  5.95007286e+09  2.84880163e+12  8.05896391e+09
 3.36390000e+03  6.74018709e+16  1.05161644e+16  3.62908718e+10  8.52185008e+09  2.84880163e+12  8.05896391e+09
 3.36520000e+03  7.02002416e+16  1.35803680e+16  3.77975854e+10  1.10049497e+10  2.84880163e+12  8.05896391e+09
 3.36650000e+03  7.28343940e+16  1.65348806e+16  3.92158797e+10  1.33991605e+10  2.84880163e+12  8.05896391e+09
 3.36780000e+03  7.53139649e+16  1.93800383e+16  4.05509434e+10  1.57047546e+10  2.84880163e+12  8.05896391e+09
 3.36910000e+03  7.76480258e+16  2.21166881e+16  4.18076607e+10  1.79224186e+10  2.84880163e+12  8.05896391e+09
 3.37040000e+03  7.98451156e+16  2.47461119e+16  4.29906295e+10  2.00531913e+10  2.84880163e+12  8.05896391e+09
 3.37170000e+03  8.19132723e+16  2.72699589e+16  4.41041773e+10  2.20984090e+10  2.84880163e+12  8.05896391e+09
 3.37300000e+03  8.38600622e+16  2.96901855e+16  4.51523783e+10  2.40596572e+10  2.84880163e+12  8.05896391e+09
 3.37300000e+03  8.38600622e+16  2.96901855e+16  4.51523783e+10  2.40596572e+10  2.84880163e+12  8.05090495e+09
 3.37302500e+03  8.37625898e+16  2.97356492e+16  4.50998966e+10  2.40964991e+10  2.84880163e+12  8.05090495e+09
 3.37305000e+03  8.36652306e+16  2.97809203e+16  4.50474760e+10  2.41331848e+10  2.84880163e+12  8.05090495e+09
 3.37307500e+03  8.35679846e+16  2.98259991e+16  4.49951163e+10  2.41697147e+10  2.84880163e+12  8.05090495e+09
 3.37310000e+03  8.34708517e+16  2.98708862e+16  4.49428175e+10  2.42060893e+10  2.84880163e+12  8.05090495e+09
 3.37312500e+03  8.33738316e+16  2.99155820e+16  4.48905794e+10  2.42423088e+10  2.84880163e+12  8.05090495e+09
 3.37315000e+03  8.32769243e+16  2.99600869e+16  4.48384021e+10  2.42783737e+10  2.84880163e+12  8.05090495e+09
 3.37317500e+03  8.31801297e+16  3.00044014e+16  4.47862854e+10  2.43142843e+10  2.84880163e+12  8.05090495e+09
 3.37320000e+03  8.30834475e+16  3.00485261e+16  4.47342293e+10  2.43500411e+10  2.84880163e+12  8.05090495e+09
 3.37322500e+03  8.29868777e+16  3.00924613e+16  4.46822337e+10  2.43856443e+10  2.84880163e+12  8.05090495e+09
 3.37325000e+03  8.28904202e+16  3.01362075e+16  4.46302985e+10  2.44210943e+10  2.84880163e+12  8.05090495e+09
 3.37325000e+03  8.28904202e+16  0.00000000e+00  4.46302985e+10  0.00000000e+00  2.86396005e+12  8.04285404e+09
 3.37400000e+03  8.00482468e+16  2.76841699e+15  4.31000005e+10  2.24340679e+09  2.86396005e+12  8.04285404e+09
 3.37475000e+03  7.73035268e+16  5.30028776e+15  4.16221738e+10  4.29512663e+09  2.86396005e+12  8.04285404e+09
 3.37550000e+03  7.46529186e+16  7.61096792e+15  4.01950193e+10  6.16760306e+09  2.86396005e+12  8.04285404e+09
 3.37625000e+03  7.20931954e+16  9.71491594e+15  3.88167996e+10  7.87255260e+09  2.86396005e+12  8.04285404e+09
 3.37700000e+03  6.96212407e+16  1.16257429e+16  3.74858367e+10  9.42100509e+09  2.86396005e+12  8.04285404e+09
 3.37775000e+03  6.72340452e+16  1.33562595e+16  3.62005103e+10  1.08233418e+10  2.86396005e+12  8.04285404e+09
 3.37850000e+03  6.49287027e+16  1.49185205e+16  3.49592555e+10  1.20893313e+10  2.86396005e+12  8.04285404e+09
 3.37925000e+03  6.27024064e+16  1.63238671e+16  3.37605613e+10  1.32281641e+10  2.86396005e+12  8.04285404e+09
 3.38000000e+03  6.05524462e+16  1.75829665e+16  3.26029684e+10  1.42484844e+10  2.86396005e+12  8.04285404e+09
 3.38075000e+03  5.84762044e+16  1.87058495e+16  3.14850673e+10  1.51584208e+10  2.86396005e+12  8.04285404e+09
 3.38075000e+03  5.84762044e+16  0.00000000e+00  3.14850673e+10  0.00000000e+00  2.86396005e+12  8.04285404e+09
 3.38077500e+03  5.84082362e+16  6.79087526e+13  3.14484715e+10  5.50303502e+07  2.86396005e+12  8.04285404e+09
 3.38080000e+03  5.83403470e+16  1.35619812e+14  3.14119182e+10  1.09900498e+08  2.86396005e+12  8.04285404e+09
 3.38082500e+03  5.82725367e+16  2.03133615e+14  3.13754074e+10  1.64610798e+08  2.86396005e+12  8.04285404e+09
 3.38085000e+03  5.82048052e+16  2.70450599e+14  3.13389391e+10  2.19161604e+08  2.86396005e+12  8.04285404e+09
 3.38087500e+03  5.81371525e+16  3.37571199e+14  3.13025131e+10  2.73553269e+08  2.86396005e+12  8.04285404e+09
 3.38090000e+03  5.80695783e+16  4.04495850e+14  3.12661295e+10  3.27786146e+08  2.86396005e+12  8.04285404e+09
 3.38092500e+03  5.80020827e+16  4.71224987e+14  3.12297882e+10  3.81860586e+08  2.86396005e+12  8.04285404e+09
 3.38095000e+03  5.79346656e+16  5.37759041e+14  3.11934891e+10  4.35776940e+08  2.86396005e+12  8.04285404e+09
 3.38097500e+03  5.78673268e+16  6.04098447e+14  3.11572322e+10  4.89535559e+08  2.86396005e+12  8.04285404e+09
 3.38100000e+03  5.78000663e+16  6.70243635e+14  3.11210174e+10  5.43136791e+08  2.86396005e+12  8.04285404e+09
 3.38100000e+03  5.78000663e+16  6.70243635e+14  3.11210174e+10  5.43136791e+08  2.86396005e+12  8.04285404e+09
 3.38230000e+03  6.11484046e+16  4.05230306e+15  3.29238474e+10  3.28381318e+09  2.86396005e+12  8.04285404e+09
 3.38360000e+03  6.43002503e+16  7.32785280e+15  3.46208809e+10  5.93817867e+09  2.86396005e+12  8.04285404e+09
 3.38490000e+03  6.72671345e+16  1.04951426e+16  3.62183264e+10  8.50481490e+09  2.86396005e+12  8.04285404e+09
 3.38620000e+03  7.00599114e+16  1.35532208e+16  3.77220280e+10  1.09829508e+10  2.86396005e+12  8.04285404e+09
 3.38750000e+03  7.26887981e+16  1.65018274e+16  3.91374871e+10  1.33723755e+10  2.86396005e+12  8.04285404e+09
 3.38880000e+03  7.51634123e+16  1.93412976e+16  4.04698820e+10  1.56733608e+10  2.86396005e+12  8.04285404e+09
 3.39010000e+03  7.74928074e+16  2.20724768e+16  4.17240872e+10  1.78865917e+10  2.86396005e+12  8.04285404e+09
 3.39140000e+03  7.96855052e+16  2.46966444e+16  4.29046912e+10  2.00131049e+10  2.86396005e+12  8.04285404e+09
 3.39270000e+03  8.17495277e+16  2.72154462e+16  4.40160131e+10  2.20542343e+10  2.86396005e+12  8.04285404e+09
 3.39400000e+03  8.36924259e+16  2.96308348e+16  4.50621187e+10  2.40115619e+10  2.86396005e+12  8.04285404e+09
 3.39400000e+03  8.36924259e+16  2.96308348e+16  4.50621187e+10  2.40115619e+10  2.86396005e+12  8.03481119e+09
 3.39402500e+03  8.35951483e+16  2.96762077e+16  4.50097419e+10  2.40483302e+10  2.86396005e+12  8.03481119e+09
 3.39405000e+03  8.34979838e+16  2.97213882e+16  4.49574261e+10  2.40849426e+10  2.86396005e+12  8.03481119e+09
 3.39407500e+03  8.34009322e+16  2.97663770e+16  4.49051711e+10  2.41213995e+10  2.86396005e+12  8.03481119e+09
 3.39410000e+03  8.33039934e+16  2.98111743e+16  4.48529768e+10  2.41577013e+10  2.86396005e+12  8.03481119e+09
 3.39412500e+03  8.32071673e+16  2.98557807e+16  4.48008431e+10  2.41938485e+10  2.86396005e+12  8.03481119e+09
 3.39415000e+03  8.31104537e+16  2.99001967e+16  4.47487701e+10  2.42298413e+10  2.86396005e+12  8.03481119e+09
 3.39417500e+03  8.30138526e+16  2.99444226e+16  4.46967576e+10  2.42656801e+10  2.86396005e+12  8.03481119e+09
 3.39420000e+03  8.29173637e+16  2.99884591e+16  4.46448055e+10  2.43013653e+10  2.86396005e+12  8.03481119e+09
 3.39422500e+03  8.28209870e+16  3.00323065e+16  4.45929139e+10  2.43368974e+10  2.86396005e+12  8.03481119e+09
 3.39425000e+03  8.27247223e+16  3.00759652e+16  4.45410825e+10  2.43722766e+10  2.86396005e+12  8.03481119e+09
 3.39425000e+03  8.27247223e+16  0.00000000e+00  4.45410825e+10  0.00000000e+00  2.87908817e+12  8.02677638e+09
 3.39500000e+03  7.98882304e+16  2.76288293e+15  4.30138436e+10  2.23892222e+09  2.87908817e+12  8.02677638e+09
 3.39575000e+03  7.71489971e+16  5.28969249e+15  4.15389711e+10  4.28654068e+09  2.87908817e+12  8.02677638e+09
 3.39650000e+03  7.45036875e+16  7.59575359e+15  4.01146695e+10  6.15527402e+09  2.87908817e+12  8.02677638e+09
 3.39725000e+03  7.19490811e+16  9.69549583e+15  3.87392048e+10  7.85681537e+09  2.87908817e+12  8.02677638e+09
 3.39800000e+03  6.94820679e+16  1.16025030e+16  3.74109025e+10  9.40217250e+09  2.87908817e+12  8.02677638e+09
 3.39875000e+03  6.70996444e+16  1.33295603e+16  3.61281454e+10  1.08017059e+10  2.87908817e+12  8.02677638e+09
 3.39950000e+03  6.47989102e+16  1.48886984e+16  3.48893720e+10  1.20651648e+10  2.87908817e+12  8.02677638e+09
 3.40025000e+03  6.25770643e+16  1.62912357e+16  3.36930740e+10  1.32017210e+10  2.87908817e+12  8.02677638e+09
 3.40100000e+03  6.04314018e+16  1.75478181e+16  3.25377950e+10  1.42200017e+10  2.87908817e+12  8.02677638e+09
 3.40175000e+03  5.83593105e+16  1.86684565e+16  3.14221286e+10  1.51281191e+10  2.87908817e+12  8.02677638e+09
 3.40175000e+03  5.83593105e+16  0.00000000e+00  3.14221286e+10  0.00000000e+00  2.87908817e+12  8.02677638e+09
 3.40177500e+03  5.82914782e+16  6.77730030e+13  3.13856060e+10  5.49203446e+07  2.87908817e+12  8.02677638e+09
 3.40180000e+03  5.82237247e+16  1.35348708e+14  3.13491258e+10  1.09680807e+08  2.87908817e+12  8.02677638e+09
 3.40182500e+03  5.81560499e+16  2.02727551e+14  3.13126880e+10  1.64281741e+08  2.87908817e+12  8.02677638e+09
 3.40185000e+03  5.80884538e+16  2.69909968e+14  3.12762926e+10  2.18723500e+08  2.87908817e+12  8.02677638e+09
 3.40187500e+03  5.80209363e+16  3.36896394e+14  3.12399394e+10  2.73006437e+08  2.87908817e+12  8.02677638e+09
 3.40190000e+03  5.79534972e+16  4.03687263e+14  3.12036285e+10  3.27130902e+08  2.87908817e+12  8.02677638e+09
 3.40192500e+03  5.78861366e+16  4.70283008e+14  3.11673598e+10  3.81097247e+08  2.87908817e+12  8.02677638e+09
 3.40195000e+03  5.78188542e+16  5.36684061e+14  3.11311333e+10  4.34905822e+08  2.87908817e+12  8.02677638e+09
 3.40197500e+03  5.77516501e+16  6.02890854e+14  3.10949489e+10  4.88556977e+08  2.87908817e+12  8.02677638e+09
 3.40200000e+03  5.76845240e+16  6.68903818e+14  3.10588065e+10  5.42051061e+08  2.87908817e+12  8.02677638e+09
 3.40200000e+03  5.76845240e+16  6.68903818e+14  3.10588065e+10  5.42051061e+08  2.87908817e+12  8.02677638e+09
 3.40330000e+03  6.10261689e+16  4.04420251e+15  3.28580326e+10  3.27724884e+09  2.87908817e+12  8.02677638e+09
 3.40460000e+03  6.41717141e+16  7.31320442e+15  3.45516737e+10  5.92630825e+09  2.87908817e+12  8.02677638e+09
 3.40590000e+03  6.71326675e+16  1.04741628e+16  3.61459259e+10  8.48781377e+09  2.87908817e+12  8.02677638e+09
 3.40720000e+03  6.99198616e+16  1.35261279e+16  3.76466217e+10  1.09609959e+10  2.87908817e+12  8.02677638e+09
 3.40850000e+03  7.25434932e+16  1.64688403e+16  3.90592513e+10  1.33456442e+10  2.87908817e+12  8.02677638e+09
 3.40980000e+03  7.50131607e+16  1.93026344e+16  4.03889827e+10  1.56420298e+10  2.87908817e+12  8.02677638e+09
 3.41110000e+03  7.73378992e+16  2.20283540e+16  4.16406808e+10  1.78508364e+10  2.87908817e+12  8.02677638e+09
 3.41240000e+03  7.95262139e+16  2.46472758e+16  4.28189247e+10  1.99730987e+10  2.87908817e+12  8.02677638e+09
 3.41370000e+03  8.15861104e+16  2.71610426e+16  4.39280251e+10  2.20101479e+10  2.87908817e+12  8.02677638e+09
 3.41500000e+03  8.35251248e+16  2.95716028e+16  4.49720395e+10  2.39635628e+10  2.87908817e+12  8.02677638e+09
 3.41500000e+03  8.35251248e+16  2.95716028e+16  4.49720395e+10  2.39635628e+10  2.87908817e+12  8.01874960e+09
 3.41502500e+03  8.34280416e+16  2.96168849e+16  4.49197675e+10  2.40002575e+10  2.87908817e+12  8.01874960e+09
 3.41505000e+03  8.33310713e+16  2.96619752e+16  4.48675562e+10  2.40367968e+10  2.87908817e+12  8.01874960e+09
 3.41507500e+03  8.32342137e+16  2.97068740e+16  4.48154056e+10  2.40731808e+10  2.87908817e+12  8.01874960e+09
 3.41510000e+03  8.31374687e+16  2.97515818e+16  4.47633157e+10  2.41094101e+10  2.87908817e+12  8.01874960e+09
 3.41512500e+03  8.30408362e+16  2.97960990e+16  4.47112863e+10  2.41454850e+10  2.87908817e+12  8.01874960e+09
 3.41515000e+03  8.29443159e+16  2.98404262e+16  4.46593173e+10  2.41814058e+10  2.87908817e+12  8.01874960e+09
 3.41517500e+03  8.28479079e+16  2.98845637e+16  4.46074088e+10  2.42171730e+10  2.87908817e+12  8.01874960e+09
 3.41520000e+03  8.27516119e+16  2.99285121e+16  4.45555606e+10  2.42527869e+10  2.87908817e+12  8.01874960e+09
 3.41522500e+03  8.26554278e+16  2.99722719e+16  4.45037726e+10  2.42882479e+10  2.87908817e+12  8.01874960e+09
 3.41525000e+03  8.25593555e+16  3.00158434e+16  4.44520449e+10  2.43235564e+10  2.87908817e+12  8.01874960e+09
 3.41525000e+03  8.25593555e+16  0.00000000e+00  4.44520449e+10  0.00000000e+00  2.89418605e+12  8.01073085e+09
 3.41600000e+03  7.97285338e+16  2.75735993e+15  4.29278589e+10  2.23444662e+09  2.89418605e+12  8.01073085e+09
 3.41675000e+03  7.69947762e+16  5.27911839e+15  4.14559347e+10  4.27797188e+09  2.89418605e+12  8.01073085e+09
 3.41750000e+03  7.43547546e+16  7.58056968e+15  4.00344803e+10  6.14296963e+09  2.89418605e+12  8.01073085e+09
 3.41825000e+03  7.18052549e+16  9.67611453e+15  3.86617651e+10  7.84110960e+09  2.89418605e+12  8.01073085e+09
 3.41900000e+03  6.93431732e+16  1.15793096e+16  3.73361181e+10  9.38337756e+09  2.89418605e+12  8.01073085e+09
 3.41975000e+03  6.69655122e+16  1.33029145e+16  3.60559253e+10  1.07801133e+10  2.89418605e+12  8.01073085e+09
 3.42050000e+03  6.46693772e+16  1.48589359e+16  3.48196281e+10  1.20410465e+10  2.89418605e+12  8.01073085e+09
 3.42125000e+03  6.24519728e+16  1.62586695e+16  3.36257215e+10  1.31753308e+10  2.89418605e+12  8.01073085e+09
 3.42200000e+03  6.03105995e+16  1.75127400e+16  3.24727520e+10  1.41915759e+10  2.89418605e+12  8.01073085e+09
 3.42275000e+03  5.82426502e+16  1.86311383e+16  3.13593158e+10  1.50978780e+10  2.89418605e+12  8.01073085e+09
 3.42275000e+03  5.82426502e+16  0.00000000e+00  3.13593158e+10  0.00000000e+00  2.89418605e+12  8.01073085e+09
 3.42277500e+03  5.81749535e+16  6.76375247e+13  3.13228662e+10  5.48105588e+07  2.89418605e+12  8.01073085e+09
 3.42280000e+03  5.81073354e+16  1.35078146e+14  3.12864589e+10  1.09461555e+08  2.89418605e+12  8.01073085e+09
 3.42282500e+03  5.80397960e+16  2.02322298e+14  3.12500939e+10  1.63953342e+08  2.89418605e+12  8.01073085e+09
 3.42285000e+03  5.79723350e+16  2.69370418e+14  3.12137712e+10  2.18286272e+08  2.89418605e+12  8.01073085e+09
 3.42287500e+03  5.79049524e+16  3.36222938e+14  3.11774908e+10  2.72460697e+08  2.89418605e+12  8.01073085e+09
 3.42290000e+03  5.78376482e+16  4.02880292e+14  3.11412525e+10  3.26476967e+08  2.89418605e+12  8.01073085e+09
 3.42292500e+03  5.77704222e+16  4.69342912e+14  3.11050563e+10  3.80335433e+08  2.89418605e+12  8.01073085e+09
 3.42295000e+03  5.77032743e+16  5.35611230e+14  3.10689022e+10  4.34036445e+08  2.89418605e+12  8.01073085e+09
 3.42297500e+03  5.76362045e+16  6.01685675e+14  3.10327901e+10  4.87580352e+08  2.89418605e+12  8.01073085e+09
 3.42300000e+03  5.75692126e+16  6.67566679e+14  3.09967200e+10  5.40967501e+08  2.89418605e+12  8.01073085e+09
 3.42300000e+03  5.75692126e+16  6.67566679e+14  3.09967200e+10  5.40967501e+08  2.89418605e+12  8.01073085e+09
 3.42430000e+03  6.09041776e+16  4.03611814e+15  3.27923494e+10  3.27069762e+09  2.89418605e+12  8.01073085e+09
 3.42560000e+03  6.40434349e+16  7.29858532e+15  3.44826050e+10  5.91446156e+09  2.89418605e+12  8.01073085e+09
 3.42690000e+03  6.69984693e+16  1.04532249e+16  3.60736702e+10  8.47084663e+09  2.89418605e+12  8.01073085e+09
 3.42820000e+03  6.97800918e+16  1.34990892e+16  3.75713661e+10  1.09390849e+10  2.89418605e+12  8.01073085e+09
 3.42950000e+03  7.23984787e+16  1.64359190e+16  3.89811719e+10  1.33189662e+10  2.89418605e+12  8.01073085e+09
 3.43080000e+03  7.48632093e+16  1.92640484e+16  4.03082452e+10  1.56107614e+10  2.89418605e+12  8.01073085e+09
 3.43210000e+03  7.71833008e+16  2.19843193e+16  4.15574411e+10  1.78151526e+10  2.89418605e+12  8.01073085e+09
 3.43340000e+03  7.93672410e+16  2.45980059e+16  4.27333297e+10  1.99331725e+10  2.89418605e+12  8.01073085e+09
 3.43470000e+03  8.14230197e+16  2.71067476e+16  4.38402130e+10  2.19661496e+10  2.89418605e+12  8.01073085e+09
 3.43600000e+03  8.33581580e+16  2.95124891e+16  4.48821404e+10  2.39156596e+10  2.89418605e+12  8.01073085e+09
 3.43600000e+03  8.33581580e+16  2.95124891e+16  4.48821404e+10  2.39156596e+10  2.89418605e+12  8.00272012e+09
 3.43602500e+03  8.32612690e+16  2.95576808e+16  4.48299728e+10  2.39522810e+10  2.89418605e+12  8.00272012e+09
 3.43605000e+03  8.31644925e+16  2.96026809e+16  4.47778660e+10  2.39887472e+10  2.89418605e+12  8.00272012e+09
 3.43607500e+03  8.30678286e+16  2.96474899e+16  4.47258196e+10  2.40250585e+10  2.89418605e+12  8.00272012e+09
 3.43610000e+03  8.29712769e+16  2.96921083e+16  4.46738338e+10  2.40612154e+10  2.89418605e+12  8.00272012e+09
 3.43612500e+03  8.28748375e+16  2.97365366e+16  4.46219084e+10  2.40972181e+10  2.89418605e+12  8.00272012e+09
 3.43615000e+03  8.27785103e+16  2.97807752e+16  4.45700433e+10  2.41330672e+10  2.89418605e+12  8.00272012e+09
 3.43617500e+03  8.26822949e+16  2.98248245e+16  4.45182386e+10  2.41687629e+10  2.89418605e+12  8.00272012e+09
 3.43620000e+03  8.25861914e+16  2.98686851e+16  4.44664940e+10  2.42043056e+10  2.89418605e+12  8.00272012e+09
 3.43622500e+03  8.24901996e+16  2.99123573e+16  4.44148096e+10  2.42396957e+10  2.89418605e+12  8.00272012e+09
 3.43625000e+03  8.23943194e+16  2.99558417e+16  4.43631853e+10  2.42749336e+10  2.89418605e+12  8.00272012e+09
 3.43625000e+03  8.23943194e+16  0.00000000e+00  4.43631853e+10  0.00000000e+00  2.90925374e+12  7.99471740e+09
 3.43700000e+03  7.95691565e+16  2.75184796e+15  4.28420461e+10  2.22997996e+09  2.90925374e+12  7.99471740e+09
 3.43775000e+03  7.68408637e+16  5.26856543e+15  4.13730643e+10  4.26942021e+09  2.90925374e+12  7.99471740e+09
 3.43850000e+03  7.42061194e+16  7.56541612e+15  3.99544513e+10  6.13068983e+09  2.90925374e+12  7.99471740e+09
 3.43925000e+03  7.16617162e+16  9.65677198e+15  3.85844803e+10  7.82543522e+09  2.90925374e+12  7.99471740e+09
 3.44000000e+03  6.92045562e+16  1.15561626e+16  3.72614832e+10  9.36462019e+09  2.90925374e+12  7.99471740e+09
 3.44075000e+03  6.68316481e+16  1.32763220e+16  3.59838495e+10  1.07585638e+10  2.90925374e+12  7.99471740e+09
 3.44150000e+03  6.45401031e+16  1.48292329e+16  3.47500237e+10  1.20169764e+10  2.90925374e+12  7.99471740e+09
 3.44225000e+03  6.23271313e+16  1.62261685e+16  3.35585037e+10  1.31489933e+10  2.90925374e+12  7.99471740e+09
 3.44300000e+03  6.01900386e+16  1.74777321e+16  3.24078389e+10  1.41632069e+10  2.90925374e+12  7.99471740e+09
 3.44375000e+03  5.81262232e+16  1.85938946e+16  3.12966285e+10  1.50676974e+10  2.90925374e+12  7.99471740e+09
 3.44375000e+03  5.81262232e+16  0.00000000e+00  3.12966285e+10  0.00000000e+00  2.90925374e+12  7.99471740e+09
 3.44377500e+03  5.80586618e+16  6.75023173e+13  3.12602518e+10  5.47009925e+07  2.90925374e+12  7.99471740e+09
 3.44380000e+03  5.79911789e+16  1.34808124e+14  3.12239173e+10  1.09242741e+08  2.90925374e+12  7.99471740e+09
 3.44382500e+03  5.79237744e+16  2.01917856e+14  3.11876250e+10  1.63625599e+08  2.90925374e+12  7.99471740e+09
 3.44385000e+03  5.78564483e+16  2.68831946e+14  3.11513749e+10  2.17849918e+08  2.90925374e+12  7.99471740e+09
 3.44387500e+03  5.77892004e+16  3.35550828e+14  3.11151670e+10  2.71916048e+08  2.90925374e+12  7.99471740e+09
 3.44390000e+03  5.77220307e+16  4.02074934e+14  3.10790011e+10  3.25824340e+08  2.90925374e+12  7.99471740e+09
 3.44392500e+03  5.76549391e+16  4.68404696e+14  3.10428773e+10  3.79575143e+08  2.90925374e+12  7.99471740e+09
 3.44395000e+03  5.75879255e+16  5.34540543e+14  3.10067954e+10  4.33168806e+08  2.90925374e+12  7.99471740e+09
 3.44397500e+03  5.75209897e+16  6.00482906e+14  3.09707555e+10  4.86605678e+08  2.90925374e+12  7.99471740e+09
 3.44400000e+03  5.74541318e+16  6.66232213e+14  3.09347575e+10  5.39886107e+08  2.90925374e+12  7.99471740e+09
 3.44400000e+03  5.74541318e+16  6.66232213e+14  3.09347575e+10  5.39886107e+08  2.90925374e+12  7.99471740e+09
 3.44530000e+03  6.07824301e+16  4.02804994e+15  3.27267975e+10  3.26415949e+09  2.90925374e+12  7.99471740e+09
 3.44660000e+03  6.39154120e+16  7.28399545e+15  3.44136742e+10  5.90263855e+09  2.90925374e+12  7.99471740e+09
 3.44790000e+03  6.68645394e+16  1.04323289e+16  3.60015590e+10  8.45391341e+09  2.90925374e+12  7.99471740e+09
 3.44920000e+03  6.96406014e+16  1.34721045e+16  3.74962610e+10  1.09172176e+10  2.90925374e+12  7.99471740e+09
 3.45050000e+03  7.22537542e+16  1.64030636e+16  3.89032485e+10  1.32923416e+10  2.90925374e+12  7.99471740e+09
 3.45180000e+03  7.47135578e+16  1.92255396e+16  4.02276690e+10  1.55795555e+10  2.90925374e+12  7.99471740e+09
 3.45310000e+03  7.70290114e+16  2.19403726e+16  4.14743677e+10  1.77795401e+10  2.90925374e+12  7.99471740e+09
 3.45440000e+03  7.92085858e+16  2.45488345e+16  4.26479058e+10  1.98933261e+10  2.90925374e+12  7.99471740e+09
 3.45570000e+03  8.12602551e+16  2.70525613e+16  4.37525764e+10  2.19222392e+10  2.90925374e+12  7.99471740e+09
 3.45700000e+03  8.31915251e+16  2.94534937e+16  4.47924210e+10  2.38678522e+10  2.90925374e+12  7.99471740e+09
 3.45700000e+03  8.31915251e+16  2.94534937e+16  4.47924210e+10  2.38678522e+10  2.90925374e+12  7.98672269e+09
 3.45702500e+03  8.30948297e+16  2.94985950e+16  4.47403577e+10  2.39044004e+10  2.90925374e+12  7.98672269e+09
 3.45705000e+03  8.29982467e+16  2.95435051e+16  4.46883550e+10  2.39407937e+10  2.90925374e+12  7.98672269e+09
 3.45707500e+03  8.29017760e+16  2.95882246e+16  4.46364127e+10  2.39770324e+10  2.90925374e+12  7.98672269e+09
 3.45710000e+03  8.28054174e+16  2.96327538e+16  4.45845308e+10  2.40131170e+10  2.90925374e+12  7.98672269e+09
 3.45712500e+03  8.27091707e+16  2.96770933e+16  4.45327092e+10  2.40490478e+10  2.90925374e+12  7.98672269e+09
 3.45715000e+03  8.26130360e+16  2.97212434e+16  4.44809478e+10  2.40848252e+10  2.90925374e+12  7.98672269e+09
 3.45717500e+03  8.25170130e+16  2.97652047e+16  4.44292466e+10  2.41204495e+10  2.90925374e+12  7.98672269e+09
 3.45720000e+03  8.24211016e+16  2.98089775e+16  4.43776055e+10  2.41559212e+10  2.90925374e+12  7.98672269e+09
 3.45722500e+03  8.23253017e+16  2.98525625e+16  4.43260244e+10  2.41912406e+10  2.90925374e+12  7.98672269e+09
 3.45725000e+03  8.22296132e+16  2.98959600e+16  4.42745033e+10  2.42264080e+10  2.90925374e+12  7.98672269e+09
 3.45725000e+03  8.22296132e+16  0.00000000e+00  4.42745033e+10  0.00000000e+00  2.92429132e+12  7.97873596e+09
 3.45800000e+03  7.94100977e+16  2.74634702e+15  4.27564049e+10  2.22552223e+09  2.92429132e+12  7.97873596e+09
 3.45875000e+03  7.66872588e+16  5.25803357e+15  4.12903595e+10  4.26088564e+09  2.92429132e+12  7.97873596e+09
 3.45950000e+03  7.40577814e+16  7.55029285e+15  3.98745824e+10  6.11843458e+09  2.92429132e+12  7.97873596e+09
 3.46025000e+03  7.15184644e+16  9.63746809e+15  3.85073499e+10  7.80979217e+09  2.92429132e+12  7.97873596e+09
 3.46100000e+03  6.90662163e+16  1.15330618e+16  3.71869975e+10  9.34590031e+09  2.92429132e+12  7.97873596e+09
 3.46175000e+03  6.66980517e+16  1.32497826e+16  3.59119178e+10  1.07370575e+10  2.92429132e+12  7.97873596e+09
 3.46250000e+03  6.44110874e+16  1.47995892e+16  3.46805584e+10  1.19929545e+10  2.92429132e+12  7.97873596e+09
 3.46325000e+03  6.22025394e+16  1.61937323e+16  3.34914203e+10  1.31227085e+10  2.92429132e+12  7.97873596e+09
 3.46400000e+03  6.00697187e+16  1.74427941e+16  3.23430557e+10  1.41348947e+10  2.92429132e+12  7.97873596e+09
 3.46475000e+03  5.80100289e+16  1.85567254e+16  3.12340666e+10  1.50375770e+10  2.92429132e+12  7.97873596e+09
 3.46475000e+03  5.80100289e+16  0.00000000e+00  3.12340666e+10  0.00000000e+00  2.92429132e+12  7.97873596e+09
 3.46477500e+03  5.79426025e+16  6.73673802e+13  3.11977625e+10  5.45916452e+07  2.92429132e+12  7.97873596e+09
 3.46480000e+03  5.78752545e+16  1.34538643e+14  3.11615007e+10  1.09024365e+08  2.92429132e+12  7.97873596e+09
 3.46482500e+03  5.78079848e+16  2.01514222e+14  3.11252809e+10  1.63298512e+08  2.92429132e+12  7.97873596e+09
 3.46485000e+03  5.77407933e+16  2.68294551e+14  3.10891033e+10  2.17414436e+08  2.92429132e+12  7.97873596e+09
 3.46487500e+03  5.76736798e+16  3.34880062e+14  3.10529677e+10  2.71372488e+08  2.92429132e+12  7.97873596e+09
 3.46490000e+03  5.76066444e+16  4.01271186e+14  3.10168742e+10  3.25173017e+08  2.92429132e+12  7.97873596e+09
 3.46492500e+03  5.75396869e+16  4.67468355e+14  3.09808226e+10  3.78816372e+08  2.92429132e+12  7.97873596e+09
 3.46495000e+03  5.74728072e+16  5.33471996e+14  3.09448129e+10  4.32302902e+08  2.92429132e+12  7.97873596e+09
 3.46497500e+03  5.74060053e+16  5.99282540e+14  3.09088450e+10  4.85632954e+08  2.92429132e+12  7.97873596e+09
 3.46500000e+03  5.73392810e+16  6.64900415e+14  3.08729190e+10  5.38806874e+08  2.92429132e+12  7.97873596e+09
 3.46500000e+03  5.73392810e+16  6.64900415e+14  3.08729190e+10  5.38806874e+08  2.92429132e+12  7.97873596e+09
 3.46630000e+03  6.06609261e+16  4.01999787e+15  3.26613767e+10  3.25763444e+09  2.92429132e+12  7.97873596e+09
 3.46760000e+03  6.37876451e+16  7.26943474e+15  3.43448813e+10  5.89083917e+09  2.92429132e+12  7.97873596e+09
 3.46890000e+03  6.67308772e+16  1.04114747e+16  3.59295918e+10  8.43701404e+09  2.92429132e+12  7.97873596e+09
 3.47020000e+03  6.95013898e+16  1.34451738e+16  3.74213059e+10  1.08953941e+10  2.92429132e+12  7.97873596e+09
 3.47150000e+03  7.21093189e+16  1.63702739e+16  3.88254809e+10  1.32657702e+10  2.92429132e+12  7.97873596e+09
 3.47280000e+03  7.45642054e+16  1.91871077e+16  4.01472539e+10  1.55484119e+10  2.92429132e+12  7.97873596e+09
 3.47410000e+03  7.68750304e+16  2.18965138e+16  4.13914605e+10  1.77439988e+10  2.92429132e+12  7.97873596e+09
 3.47540000e+03  7.90502479e+16  2.44997614e+16  4.25626526e+10  1.98535593e+10  2.92429132e+12  7.97873596e+09
 3.47670000e+03  8.10978159e+16  2.69984832e+16  4.36651150e+10  2.18784167e+10  2.92429132e+12  7.97873596e+09
 3.47800000e+03  8.30252252e+16  2.93946161e+16  4.47028809e+10  2.38201404e+10  2.92429132e+12  7.97873596e+09
 3.47800000e+03  8.30252252e+16  2.93946161e+16  4.47028809e+10  2.38201404e+10  2.92429132e+12  7.97075723e+09
 3.47802500e+03  8.29287231e+16  2.94396273e+16  4.46509218e+10  2.38566155e+10  2.92429132e+12  7.97075723e+09
 3.47805000e+03  8.28323332e+16  2.94844477e+16  4.45990230e+10  2.38929360e+10  2.92429132e+12  7.97075723e+09
 3.47807500e+03  8.27360553e+16  2.95290777e+16  4.45471845e+10  2.39291023e+10  2.92429132e+12  7.97075723e+09
 3.47810000e+03  8.26398893e+16  2.95735179e+16  4.44954063e+10  2.39651148e+10  2.92429132e+12  7.97075723e+09
 3.47812500e+03  8.25438351e+16  2.96177688e+16  4.44436883e+10  2.40009738e+10  2.92429132e+12  7.97075723e+09
 3.47815000e+03  8.24478925e+16  2.96618306e+16  4.43920304e+10  2.40366796e+10  2.92429132e+12  7.97075723e+09
 3.47817500e+03  8.23520615e+16  2.97057040e+16  4.43404325e+10  2.40722327e+10  2.92429132e+12  7.97075723e+09
 3.47820000e+03  8.22563418e+16  2.97493894e+16  4.42888947e+10  2.41076335e+10  2.92429132e+12  7.97075723e+09
 3.47822500e+03  8.21607334e+16  2.97928872e+16  4.42374167e+10  2.41428823e+10  2.92429132e+12  7.97075723e+09
 3.47825000e+03  8.20652362e+16  2.98361979e+16  4.41859985e+10  2.41779794e+10  2.92429132e+12  7.97075723e+09
 3.47825000e+03  8.20652362e+16  0.00000000e+00  4.41859985e+10  0.00000000e+00  2.93929884e+12  7.96278647e+09
 3.47900000e+03  7.92513570e+16  2.74085707e+15  4.26709348e+10  2.22107341e+09  2.93929884e+12  7.96278647e+09
 3.47975000e+03  7.65339610e+16  5.24752276e+15  4.12078201e+10  4.25236813e+09  2.93929884e+12  7.96278647e+09
 3.48050000e+03  7.39097399e+16  7.53519982e+15  3.97948731e+10  6.10620383e+09  2.93929884e+12  7.96278647e+09
 3.48125000e+03  7.13754990e+16  9.61820279e+15  3.84303737e+10  7.79418040e+09  2.93929884e+12  7.96278647e+09
 3.48200000e+03  6.89281529e+16  1.15100072e+16  3.71126607e+10  9.32721786e+09  2.93929884e+12  7.96278647e+09
 3.48275000e+03  6.65647223e+16  1.32232963e+16  3.58401298e+10  1.07155941e+10  2.93929884e+12  7.96278647e+09
 3.48350000e+03  6.42823297e+16  1.47700049e+16  3.46112319e+10  1.19689806e+10  2.93929884e+12  7.96278647e+09
 3.48425000e+03  6.20781965e+16  1.61613611e+16  3.34244709e+10  1.30964762e+10  2.93929884e+12  7.96278647e+09
 3.48500000e+03  5.99496393e+16  1.74079259e+16  3.22784019e+10  1.41066390e+10  2.93929884e+12  7.96278647e+09
 3.48575000e+03  5.78940668e+16  1.85196305e+16  3.11716297e+10  1.50075169e+10  2.93929884e+12  7.96278647e+09
 3.48575000e+03  5.78940668e+16  0.00000000e+00  3.11716297e+10  0.00000000e+00  2.93929884e+12  7.96278647e+09
 3.48577500e+03  5.78267752e+16  6.72327128e+13  3.11353982e+10  5.44825165e+07  2.93929884e+12  7.96278647e+09
 3.48580000e+03  5.77595619e+16  1.34269700e+14  3.10992088e+10  1.08806426e+08  2.93929884e+12  7.96278647e+09
 3.48582500e+03  5.76924266e+16  2.01111395e+14  3.10630615e+10  1.62972078e+08  2.93929884e+12  7.96278647e+09
 3.48585000e+03  5.76253694e+16  2.67758230e+14  3.10269562e+10  2.16979824e+08  2.93929884e+12  7.96278647e+09
 3.48587500e+03  5.75583901e+16  3.34210637e+14  3.09908929e+10  2.70830014e+08  2.93929884e+12  7.96278647e+09
 3.48590000e+03  5.74914887e+16  4.00469045e+14  3.09548715e+10  3.24522996e+08  2.93929884e+12  7.96278647e+09
 3.48592500e+03  5.74246651e+16  4.66533885e+14  3.09188919e+10  3.78059118e+08  2.93929884e+12  7.96278647e+09
 3.48595000e+03  5.73579191e+16  5.32405586e+14  3.08829542e+10  4.31438728e+08  2.93929884e+12  7.96278647e+09
 3.48597500e+03  5.72912507e+16  5.98084575e+14  3.08470582e+10  4.84662173e+08  2.93929884e+12  7.96278647e+09
 3.48600000e+03  5.72246598e+16  6.63571279e+14  3.08112040e+10  5.37729799e+08  2.93929884e+12  7.96278647e+09
 3.48600000e+03  5.72246598e+16  6.63571279e+14  3.08112040e+10  5.37729799e+08  2.93929884e+12  7.96278647e+09
 3.48730000e+03  6.05396649e+16  4.01196190e+15  3.25960866e+10  3.25112242e+09  2.93929884e+12  7.96278647e+09
 3.48860000e+03  6.36601336e+16  7.25490314e+15  3.42762259e+10  5.87906339e+09  2.93929884e+12  7.96278647e+09
 3.48990000e+03  6.65974821e+16  1.03906622e+16  3.58577686e+10  8.42014845e+09  2.93929884e+12  7.96278647e+09
 3.49120000e+03  6.93624565e+16  1.34182969e+16  3.73465007e+10  1.08736142e+10  2.93929884e+12  7.96278647e+09
 3.49250000e+03  7.19651724e+16  1.63375497e+16  3.87478688e+10  1.32392519e+10  2.93929884e+12  7.96278647e+09
 3.49380000e+03  7.44151515e+16  1.91487527e+16  4.00669995e+10  1.55173306e+10  2.93929884e+12  7.96278647e+09
 3.49510000e+03  7.67213572e+16  2.18527427e+16  4.13087189e+10  1.77085285e+10  2.93929884e+12  7.96278647e+09
 3.49640000e+03  7.88922264e+16  2.44507864e+16  4.24775698e+10  1.98138721e+10  2.93929884e+12  7.96278647e+09
 3.49770000e+03  8.09357013e+16  2.69445132e+16  4.35778284e+10  2.18346817e+10  2.93929884e+12  7.96278647e+09
 3.49900000e+03  8.28592578e+16  2.93358563e+16  4.46135199e+10  2.37725239e+10  2.93929884e+12  7.96278647e+09
 3.49900000e+03  8.28592578e+16  2.93358563e+16  4.46135199e+10  2.37725239e+10  2.93929884e+12  7.95482368e+09
 3.49902500e+03  8.27629486e+16  2.93807775e+16  4.45616646e+10  2.38089261e+10  2.93929884e+12  7.95482368e+09
 3.49905000e+03  8.26667514e+16  2.94255083e+16  4.45098695e+10  2.38451741e+10  2.93929884e+12  7.95482368e+09
 3.49907500e+03  8.25706659e+16  2.94700491e+16  4.44581347e+10  2.38812681e+10  2.93929884e+12  7.95482368e+09
 3.49910000e+03  8.24746922e+16  2.95144005e+16  4.44064600e+10  2.39172085e+10  2.93929884e+12  7.95482368e+09
 3.49912500e+03  8.23788300e+16  2.95585628e+16  4.43548454e+10  2.39529958e+10  2.93929884e+12  7.95482368e+09
 3.49915000e+03  8.22830792e+16  2.96025366e+16  4.43032907e+10  2.39886303e+10  2.93929884e+12  7.95482368e+09
 3.49917500e+03  8.21874397e+16  2.96463223e+16  4.42517960e+10  2.40241123e+10  2.93929884e+12  7.95482368e+09
 3.49920000e+03  8.20919114e+16  2.96899204e+16  4.42003612e+10  2.40594423e+10  2.93929884e+12  7.95482368e+09
 3.49922500e+03  8.19964941e+16  2.97333312e+16  4.41489861e+10  2.40946207e+10  2.93929884e+12  7.95482368e+09
 3.49925000e+03  8.19011877e+16  2.97765554e+16  4.40976707e+10  2.41296476e+10  2.93929884e+12  7.95482368e+09
 3.49925000e+03  8.19011877e+16  0.00000000e+00  4.40976707e+10  0.00000000e+00  2.95427636e+12  7.94686886e+09
 3.50000000e+03  7.90929335e+16  2.73537810e+15  4.25856356e+10  2.21663348e+09  2.95427636e+12  7.94686886e+09
 3.50075000e+03  7.63809696e+16  5.23703296e+15  4.11254456e+10  4.24386765e+09  2.95427636e+12  7.94686886e+09
 3.50150000e+03  7.37619943e+16  7.52013695e+15  3.97153231e+10  6.09399753e+09  2.95427636e+12  7.94686886e+09
 3.50225000e+03  7.12328194e+16  9.59897600e+15  3.83535514e+10  7.77859983e+09  2.95427636e+12  7.94686886e+09
 3.50300000e+03  6.87903655e+16  1.14869987e+16  3.70384725e+10  9.30857275e+09  2.95427636e+12  7.94686886e+09
 3.50375000e+03  6.64316594e+16  1.31968630e+16  3.57684854e+10  1.06941736e+10  2.95427636e+12  7.94686886e+09
 3.50450000e+03  6.41538293e+16  1.47404796e+16  3.45420441e+10  1.19450546e+10  2.95427636e+12  7.94686886e+09
 3.50525000e+03  6.19541022e+16  1.61290545e+16  3.33576554e+10  1.30702963e+10  2.95427636e+12  7.94686886e+09
 3.50600000e+03  5.98298000e+16  1.73731275e+16  3.22138774e+10  1.40784399e+10  2.95427636e+12  7.94686886e+09
 3.50675000e+03  5.77783366e+16  1.84826098e+16  3.11093176e+10  1.49775169e+10  2.95427636e+12  7.94686886e+09
 3.50675000e+03  5.77783366e+16  0.00000000e+00  3.11093176e+10  0.00000000e+00  2.95427636e+12  7.94686886e+09
 3.50677500e+03  5.77111795e+16  6.70983146e+13  3.10731585e+10  5.43736060e+07  2.95427636e+12  7.94686886e+09
 3.50680000e+03  5.76441005e+16  1.34001295e+14  3.10370415e+10  1.08588921e+08  2.95427636e+12  7.94686886e+09
 3.50682500e+03  5.75770995e+16  2.00709374e+14  3.10009664e+10  1.62646297e+08  2.95427636e+12  7.94686886e+09
 3.50685000e+03  5.75101763e+16  2.67222982e+14  3.09649333e+10  2.16546082e+08  2.95427636e+12  7.94686886e+09
 3.50687500e+03  5.74433309e+16  3.33542550e+14  3.09289421e+10  2.70288625e+08  2.95427636e+12  7.94686886e+09
 3.50690000e+03  5.73765632e+16  3.99668508e+14  3.08929927e+10  3.23874274e+08  2.95427636e+12  7.94686886e+09
 3.50692500e+03  5.73098732e+16  4.65601284e+14  3.08570850e+10  3.77303378e+08  2.95427636e+12  7.94686886e+09
 3.50695000e+03  5.72432606e+16  5.31341307e+14  3.08212192e+10  4.30576282e+08  2.95427636e+12  7.94686886e+09
 3.50697500e+03  5.71767255e+16  5.96889004e+14  3.07853950e+10  4.83693334e+08  2.95427636e+12  7.94686886e+09
 3.50700000e+03  5.71102677e+16  6.62244800e+14  3.07496124e+10  5.36654877e+08  2.95427636e+12  7.94686886e+09
 3.50700000e+03  5.71102677e+16  6.62244800e+14  3.07496124e+10  5.36654877e+08  2.95427636e+12  7.94686886e+09
 3.50830000e+03  6.04186461e+16  4.00394199e+15  3.25309270e+10  3.24462343e+09  2.95427636e+12  7.94686886e+09
 3.50960000e+03  6.35328770e+16  7.24040059e+15  3.42077077e+10  5.86731114e+09  2.95427636e+12  7.94686886e+09
 3.51090000e+03  6.64643538e+16  1.03698912e+16  3.57860889e+10  8.40331657e+09  2.95427636e+12  7.94686886e+09
 3.51220000e+03  6.92238010e+16  1.33914737e+16  3.72718451e+10  1.08518779e+10  2.95427636e+12  7.94686886e+09
 3.51350000e+03  7.18213140e+16  1.63048910e+16  3.86704118e+10  1.32127867e+10  2.95427636e+12  7.94686886e+09
 3.51480000e+03  7.42663957e+16  1.91104743e+16  3.99869056e+10  1.54863115e+10  2.95427636e+12  7.94686886e+09
 3.51610000e+03  7.65679912e+16  2.18090591e+16  4.12261428e+10  1.76731292e+10  2.95427636e+12  7.94686886e+09
 3.51740000e+03  7.87345209e+16  2.44019092e+16  4.23926572e+10  1.97742642e+10  2.95427636e+12  7.94686886e+09
 3.51870000e+03  8.07739109e+16  2.68906511e+16  4.34907163e+10  2.17910342e+10  2.95427636e+12  7.94686886e+09
 3.52000000e+03  8.26936222e+16  2.92772139e+16  4.45243374e+10  2.37250027e+10  2.95427636e+12  7.94686886e+09
 3.52000000e+03  8.26936222e+16  2.92772139e+16  4.45243374e+10  2.37250027e+10  2.95427636e+12  7.93892199e+09
 3.52002500e+03  8.25975055e+16  2.93220453e+16  4.44725858e+10  2.37613321e+10  2.95427636e+12  7.93892199e+09
 3.52005000e+03  8.25015005e+16  2.93666867e+16  4.44208943e+10  2.37975076e+10  2.95427636e+12  7.93892199e+09
 3.52007500e+03  8.24056072e+16  2.94111385e+16  4.43692629e+10  2.38335294e+10  2.95427636e+12  7.93892199e+09
 3.52010000e+03  8.23098253e+16  2.94554012e+16  4.43176915e+10  2.38693980e+10  2.95427636e+12  7.93892199e+09
 3.52012500e+03  8.22141547e+16  2.94994753e+16  4.42661800e+10  2.39051138e+10  2.95427636e+12  7.93892199e+09
 3.52015000e+03  8.21185953e+16  2.95433612e+16  4.42147285e+10  2.39406770e+10  2.95427636e+12  7.93892199e+09
 3.52017500e+03  8.20231470e+16  2.95870593e+16  4.41633367e+10  2.39760881e+10  2.95427636e+12  7.93892199e+09
 3.52020000e+03  8.19278097e+16  2.96305702e+16  4.41120046e+10  2.40113475e+10  2.95427636e+12  7.93892199e+09
 3.52022500e+03  8.18325831e+16  2.96738943e+16  4.40607323e+10  2.40464555e+10  2.95427636e+12  7.93892199e+09
 3.52025000e+03  8.17374673e+16  2.97170321e+16  4.40095195e+10  2.40814125e+10  2.95427636e+12  7.93892199e+09
 3.52025000e+03  8.17374673e+16  0.00000000e+00  4.40095195e+10  0.00000000e+00  2.96922393e+12  7.93098307e+09
 3.52100000e+03  7.89348267e+16  2.72991008e+15  4.25005069e+10  2.21220243e+09  2.96922393e+12  7.93098307e+09
 3.52175000e+03  7.62282840e+16  5.22656413e+15  4.10432359e+10  4.23538416e+09  2.96922393e+12  7.93098307e+09
 3.52250000e+03  7.36145441e+16  7.50510420e+15  3.96359322e+10  6.08181563e+09  2.96922393e+12  7.93098307e+09
 3.52325000e+03  7.10904249e+16  9.57978765e+15  3.82768826e+10  7.76305041e+09  2.96922393e+12  7.93098307e+09
 3.52400000e+03  6.86528536e+16  1.14640362e+16  3.69644326e+10  9.28996491e+09  2.96922393e+12  7.93098307e+09
 3.52475000e+03  6.62988625e+16  1.31704824e+16  3.56969842e+10  1.06727960e+10  2.96922393e+12  7.93098307e+09
 3.52550000e+03  6.40255858e+16  1.47110134e+16  3.44729946e+10  1.19211764e+10  2.96922393e+12  7.93098307e+09
 3.52625000e+03  6.18302559e+16  1.60968125e+16  3.32909734e+10  1.30441688e+10  2.96922393e+12  7.93098307e+09
 3.52700000e+03  5.97102002e+16  1.73383986e+16  3.21494818e+10  1.40502971e+10  2.96922393e+12  7.93098307e+09
 3.52775000e+03  5.76628377e+16  1.84456630e+16  3.10471301e+10  1.49475768e+10  2.96922393e+12  7.93098307e+09
 3.52775000e+03  5.76628377e+16  0.00000000e+00  3.10471301e+10  0.00000000e+00  2.96922393e+12  7.93098307e+09
 3.52777500e+03  5.75958149e+16  6.69641851e+13  3.10110433e+10  5.42649131e+07  2.96922393e+12  7.93098307e+09
 3.52780000e+03  5.75288699e+16  1.33733427e+14  3.09749984e+10  1.08371852e+08  2.96922393e+12  7.93098307e+09
 3.52782500e+03  5.74620028e+16  2.00308156e+14  3.09389955e+10  1.62321167e+08  2.96922393e+12  7.93098307e+09
 3.52785000e+03  5.73952134e+16  2.66688803e+14  3.09030344e+10  2.16113206e+08  2.96922393e+12  7.93098307e+09
 3.52787500e+03  5.73285017e+16  3.32875798e+14  3.08671151e+10  2.69748318e+08  2.96922393e+12  7.93098307e+09
 3.52790000e+03  5.72618675e+16  3.98869570e+14  3.08312376e+10  3.23226850e+08  2.96922393e+12  7.93098307e+09
 3.52792500e+03  5.71953107e+16  4.64670547e+14  3.07954017e+10  3.76549148e+08  2.96922393e+12  7.93098307e+09
 3.52795000e+03  5.71288313e+16  5.30279156e+14  3.07596075e+10  4.29715560e+08  2.96922393e+12  7.93098307e+09
 3.52797500e+03  5.70624292e+16  5.95695822e+14  3.07238549e+10  4.82726431e+08  2.96922393e+12  7.93098307e+09
 3.52800000e+03  5.69961042e+16  6.60920973e+14  3.06881439e+10  5.35582104e+08  2.96922393e+12  7.93098307e+09
 3.52800000e+03  5.69961042e+16  6.60920973e+14  3.06881439e+10  5.35582104e+08  2.96922393e+12  7.93098307e+09
 3.52930000e+03  6.02978692e+16  3.99593811e+15  3.24658977e+10  3.23813743e+09  2.96922393e+12  7.93098307e+09
 3.53060000e+03  6.34058748e+16  7.22592703e+15  3.41393265e+10  5.85558238e+09  2.96922393e+12  7.93098307e+09
 3.53190000e+03  6.63314915e+16  1.03491618e+16  3.57145525e+10  8.38651834e+09  2.96922393e+12  7.93098307e+09
 3.53320000e+03  6.90854226e+16  1.33647042e+16  3.71973387e+10  1.08301850e+10  2.96922393e+12  7.93098307e+09
 3.53450000e+03  7.16777432e+16  1.62722975e+16  3.85931096e+10  1.31863743e+10  2.96922393e+12  7.93098307e+09
 3.53580000e+03  7.41179371e+16  1.90722725e+16  3.99069717e+10  1.54553544e+10  2.96922393e+12  7.93098307e+09
 3.53710000e+03  7.64149318e+16  2.17654627e+16  4.11437318e+10  1.76378006e+10  2.96922393e+12  7.93098307e+09
 3.53840000e+03  7.85771306e+16  2.43531298e+16  4.23079143e+10  1.97347354e+10  2.96922393e+12  7.93098307e+09
 3.53970000e+03  8.06124438e+16  2.68368967e+16  4.34037784e+10  2.17474739e+10  2.96922393e+12  7.93098307e+09
 3.54100000e+03  8.25283176e+16  2.92186888e+16  4.44353333e+10  2.36775764e+10  2.96922393e+12  7.93098307e+09
 3.54100000e+03  8.25283176e+16  2.92186888e+16  4.44353333e+10  2.36775764e+10  2.96922393e+12  7.92305209e+09
 3.54102500e+03  8.24323931e+16  2.92634305e+16  4.43836851e+10  2.37138332e+10  2.96922393e+12  7.92305209e+09
 3.54105000e+03  8.23365800e+16  2.93079827e+16  4.43320969e+10  2.37499363e+10  2.96922393e+12  7.92305209e+09
 3.54107500e+03  8.22408784e+16  2.93523456e+16  4.42805687e+10  2.37858862e+10  2.96922393e+12  7.92305209e+09
 3.54110000e+03  8.21452879e+16  2.93965199e+16  4.42291004e+10  2.38216831e+10  2.96922393e+12  7.92305209e+09
 3.54112500e+03  8.20498086e+16  2.94405058e+16  4.41776919e+10  2.38573274e+10  2.96922393e+12  7.92305209e+09
 3.54115000e+03  8.19544403e+16  2.94843040e+16  4.41263432e+10  2.38928196e+10  2.96922393e+12  7.92305209e+09
 3.54117500e+03  8.18591828e+16  2.95279148e+16  4.40750542e+10  2.39281599e+10  2.96922393e+12  7.92305209e+09
 3.54120000e+03  8.17640360e+16  2.95713387e+16  4.40238247e+10  2.39633488e+10  2.96922393e+12  7.92305209e+09
 3.54122500e+03  8.16689998e+16  2.96145762e+16  4.39726549e+10  2.39983866e+10  2.96922393e+12  7.92305209e+09
 3.54125000e+03  8.15740741e+16  2.96576277e+16  4.39215444e+10  2.40332737e+10  2.96922393e+12  7.92305209e+09
 3.54125000e+03  8.15740741e+16  0.00000000e+00  4.39215444e+10  0.00000000e+00  2.98414163e+12  7.91512903e+09
 3.54200000e+03  7.87770360e+16  2.72445299e+15  4.24155484e+10  2.20778024e+09  2.98414163e+12  7.91512903e+09
 3.54275000e+03  7.60759037e+16  5.21611623e+15  4.09611904e+10  4.22691763e+09  2.98414163e+12  7.91512903e+09
 3.54350000e+03  7.34673886e+16  7.49010150e+15  3.95567000e+10  6.06965808e+09  2.98414163e+12  7.91512903e+09
 3.54425000e+03  7.09483152e+16  9.56063765e+15  3.82003671e+10  7.74753207e+09  2.98414163e+12  7.91512903e+09
 3.54500000e+03  6.85156165e+16  1.14411196e+16  3.68905407e+10  9.27139427e+09  2.98414163e+12  7.91512903e+09
 3.54575000e+03  6.61663311e+16  1.31441546e+16  3.56256259e+10  1.06514610e+10  2.98414163e+12  7.91512903e+09
 3.54650000e+03  6.38975986e+16  1.46816061e+16  3.44040830e+10  1.18973460e+10  2.98414163e+12  7.91512903e+09
 3.54725000e+03  6.17066572e+16  1.60646350e+16  3.32244248e+10  1.30180935e+10  2.98414163e+12  7.91512903e+09
 3.54800000e+03  5.95908395e+16  1.73037391e+16  3.20852150e+10  1.40222105e+10  2.98414163e+12  7.91512903e+09
 3.54875000e+03  5.75475697e+16  1.84087902e+16  3.09850669e+10  1.49176966e+10  2.98414163e+12  7.91512903e+09
 3.54875000e+03  5.75475697e+16  0.00000000e+00  3.09850669e+10  0.00000000e+00  2.98414163e+12  7.91512903e+09
 3.54877500e+03  5.74806808e+16  6.68303237e+13  3.09490522e+10  5.41564376e+07  2.98414163e+12  7.91512903e+09
 3.54880000e+03  5.74138697e+16  1.33466093e+14  3.09130794e+10  1.08155217e+08  2.98414163e+12  7.91512903e+09
 3.54882500e+03  5.73471363e+16  1.99907740e+14  3.08771485e+10  1.61996687e+08  2.98414163e+12  7.91512903e+09
 3.54885000e+03  5.72804804e+16  2.66155692e+14  3.08412592e+10  2.15681196e+08  2.98414163e+12  7.91512903e+09
 3.54887500e+03  5.72139020e+16  3.32210380e+14  3.08054118e+10  2.69209091e+08  2.98414163e+12  7.91512903e+09
 3.54890000e+03  5.71474010e+16  3.98072230e+14  3.07696059e+10  3.22580719e+08  2.98414163e+12  7.91512903e+09
 3.54892500e+03  5.70809773e+16  4.63741671e+14  3.07338417e+10  3.75796427e+08  2.98414163e+12  7.91512903e+09
 3.54895000e+03  5.70146308e+16  5.29219128e+14  3.06981191e+10  4.28856559e+08  2.98414163e+12  7.91512903e+09
 3.54897500e+03  5.69483614e+16  5.94505026e+14  3.06624380e+10  4.81761461e+08  2.98414163e+12  7.91512903e+09
 3.54900000e+03  5.68821690e+16  6.59599792e+14  3.06267983e+10  5.34511476e+08  2.98414163e+12  7.91512903e+09
 3.54900000e+03  5.68821690e+16  6.59599792e+14  3.06267983e+10  5.34511476e+08  2.98414163e+12  7.91512903e+09
 3.55030000e+03  6.01773338e+16  3.98795022e+15  3.24009983e+10  3.23166439e+09  2.98414163e+12  7.91512903e+09
 3.55160000e+03  6.32791265e+16  7.21148240e+15  3.40710820e+10  5.84387708e+09  2.98414163e+12  7.91512903e+09
 3.55290000e+03  6.61988949e+16  1.03284738e+16  3.56431591e+10  8.36975369e+09  2.98414163e+12  7.91512903e+09
 3.55420000e+03  6.89473209e+16  1.33379881e+16  3.71229812e+10  1.08085354e+10  2.98414163e+12  7.91512903e+09
 3.55550000e+03  7.15344594e+16  1.62397692e+16  3.85159620e+10  1.31600148e+10  2.98414163e+12  7.91512903e+09
 3.55680000e+03  7.39697754e+16  1.90341470e+16  3.98271977e+10  1.54244591e+10  2.98414163e+12  7.91512903e+09
 3.55810000e+03  7.62621783e+16  2.17219536e+16  4.10614854e+10  1.76025426e+10  2.98414163e+12  7.91512903e+09
 3.55940000e+03  7.84200549e+16  2.43044479e+16  4.22233407e+10  1.96952857e+10  2.98414163e+12  7.91512903e+09
 3.56070000e+03  8.04512995e+16  2.67832498e+16  4.33170142e+10  2.17040007e+10  2.98414163e+12  7.91512903e+09
 3.56200000e+03  8.23633435e+16  2.91602806e+16  4.43465071e+10  2.36302449e+10  2.98414163e+12  7.91512903e+09
 3.56200000e+03  8.23633435e+16  2.91602806e+16  4.43465071e+10  2.36302449e+10  2.98414163e+12  7.90721390e+09
 3.56202500e+03  8.22676107e+16  2.92049329e+16  4.42949621e+10  2.36664292e+10  2.98414163e+12  7.90721390e+09
 3.56205000e+03  8.21719892e+16  2.92493960e+16  4.42434771e+10  2.37024602e+10  2.98414163e+12  7.90721390e+09
 3.56207500e+03  8.20764789e+16  2.92936703e+16  4.41920519e+10  2.37383382e+10  2.98414163e+12  7.90721390e+09
 3.56210000e+03  8.19810795e+16  2.93377562e+16  4.41406865e+10  2.37740636e+10  2.98414163e+12  7.90721390e+09
 3.56212500e+03  8.18857910e+16  2.93816542e+16  4.40893807e+10  2.38096366e+10  2.98414163e+12  7.90721390e+09
 3.56215000e+03  8.17906133e+16  2.94253649e+16  4.40381347e+10  2.38450579e+10  2.98414163e+12  7.90721390e+09
 3.56217500e+03  8.16955463e+16  2.94688885e+16  4.39869481e+10  2.38803275e+10  2.98414163e+12  7.90721390e+09
 3.56220000e+03  8.16005897e+16  2.95122256e+16  4.39358211e+10  2.39154461e+10  2.98414163e+12  7.90721390e+09
 3.56222500e+03  8.15057435e+16  2.95553767e+16  4.38847535e+10  2.39504139e+10  2.98414163e+12  7.90721390e+09
 3.56225000e+03  8.14110075e+16  2.95983421e+16  4.38337453e+10  2.39852312e+10  2.98414163e+12  7.90721390e+09
 3.56225000e+03  8.14110075e+16  0.00000000e+00  4.38337453e+10  0.00000000e+00  2.99902951e+12  7.89930669e+09
 3.56300000e+03  7.86195607e+16  2.71900681e+15  4.23307597e+10  2.20336689e+09  2.99902951e+12  7.89930669e+09
 3.56375000e+03  7.59238279e+16  5.20568922e+15  4.08793090e+10  4.21846802e+09  2.99902951e+12  7.89930669e+09
 3.56450000e+03  7.33205273e+16  7.47512878e+15  3.94776261e+10  6.05752483e+09  2.99902951e+12  7.89930669e+09
 3.56525000e+03  7.08064895e+16  9.54152594e+15  3.81240046e+10  7.73204476e+09  2.99902951e+12  7.89930669e+09
 3.56600000e+03  6.83786538e+16  1.14182488e+16  3.68167965e+10  9.25286075e+09  2.99902951e+12  7.89930669e+09
 3.56675000e+03  6.60340646e+16  1.31178795e+16  3.55544103e+10  1.06301688e+10  2.99902951e+12  7.89930669e+09
 3.56750000e+03  6.37698673e+16  1.46522576e+16  3.43353093e+10  1.18735632e+10  2.99902951e+12  7.89930669e+09
 3.56825000e+03  6.15833056e+16  1.60325218e+16  3.31580092e+10  1.29920703e+10  2.99902951e+12  7.89930669e+09
 3.56900000e+03  5.94717174e+16  1.72691490e+16  3.20210767e+10  1.39941801e+10  2.99902951e+12  7.89930669e+09
 3.56975000e+03  5.74325321e+16  1.83719910e+16  3.09231277e+10  1.48878762e+10  2.99902951e+12  7.89930669e+09
 3.56975000e+03  5.74325321e+16  0.00000000e+00  3.09231277e+10  0.00000000e+00  2.99902951e+12  7.89930669e+09
 3.56977500e+03  5.73657769e+16  6.66967299e+13  3.08871851e+10  5.40481788e+07  2.99902951e+12  7.89930669e+09
 3.56980000e+03  5.72990994e+16  1.33199295e+14  3.08512842e+10  1.07939015e+08  2.99902951e+12  7.89930669e+09
 3.56982500e+03  5.72324994e+16  1.99508124e+14  3.08154250e+10  1.61672856e+08  2.99902951e+12  7.89930669e+09
 3.56985000e+03  5.71659767e+16  2.65623647e+14  3.07796076e+10  2.15250049e+08  2.99902951e+12  7.89930669e+09
 3.56987500e+03  5.70995314e+16  3.31546291e+14  3.07438317e+10  2.68670942e+08  2.99902951e+12  7.89930669e+09
 3.56990000e+03  5.70331634e+16  3.97276484e+14  3.07080975e+10  3.21935880e+08  2.99902951e+12  7.89930669e+09
 3.56992500e+03  5.69668724e+16  4.62814651e+14  3.06724048e+10  3.75045210e+08  2.99902951e+12  7.89930669e+09
 3.56995000e+03  5.69006585e+16  5.28161219e+14  3.06367535e+10  4.27999275e+08  2.99902951e+12  7.89930669e+09
 3.56997500e+03  5.68345216e+16  5.93316611e+14  3.06011437e+10  4.80798419e+08  2.99902951e+12  7.89930669e+09
 3.57000000e+03  5.67684616e+16  6.58281252e+14  3.05655753e+10  5.33442987e+08  2.99902951e+12  7.89930669e+09
 3.57000000e+03  5.67684616e+16  6.58281252e+14  3.05655753e+10  5.33442987e+08  2.99902951e+12  7.89930669e+09
 3.57130000e+03  6.00570393e+16  3.97997831e+15  3.23362287e+10  3.22520430e+09  2.99902951e+12  7.89930669e+09
 3.57260000e+03  6.31526315e+16  7.19706665e+15  3.40029739e+10  5.83219517e+09  2.99902951e+12  7.89930669e+09
 3.57390000e+03  6.60665633e+16  1.03078272e+16  3.55719085e+10  8.35302255e+09  2.99902951e+12  7.89930669e+09
 3.57520000e+03  6.88094952e+16  1.33113255e+16  3.70487723e+10  1.07869292e+10  2.99902951e+12  7.89930669e+09
 3.57650000e+03  7.13914620e+16  1.62073059e+16  3.84389686e+10  1.31337079e+10  2.99902951e+12  7.89930669e+09
 3.57780000e+03  7.38219098e+16  1.89960978e+16  3.97475831e+10  1.53936256e+10  2.99902951e+12  7.89930669e+09
 3.57910000e+03  7.61097302e+16  2.16785314e+16  4.09794035e+10  1.75673552e+10  2.99902951e+12  7.89930669e+09
 3.58040000e+03  7.82632932e+16  2.42558633e+16  4.21389363e+10  1.96559148e+10  2.99902951e+12  7.89930669e+09
 3.58170000e+03  8.02904774e+16  2.67297101e+16  4.32304235e+10  2.16606144e+10  2.99902951e+12  7.89930669e+09
 3.58300000e+03  8.21986992e+16  2.91019892e+16  4.42578584e+10  2.35830080e+10  2.99902951e+12  7.89930669e+09
 3.58300000e+03  8.21986992e+16  2.91019892e+16  4.42578584e+10  2.35830080e+10  2.99902951e+12  7.89140738e+09
 3.58302500e+03  8.21031578e+16  2.91465523e+16  4.42064165e+10  2.36191201e+10  2.99902951e+12  7.89140738e+09
 3.58305000e+03  8.20077274e+16  2.91909265e+16  4.41550344e+10  2.36550790e+10  2.99902951e+12  7.89140738e+09
 3.58307500e+03  8.19124080e+16  2.92351122e+16  4.41037120e+10  2.36908853e+10  2.99902951e+12  7.89140738e+09
 3.58310000e+03  8.18171993e+16  2.92791100e+16  4.40524492e+10  2.37265392e+10  2.99902951e+12  7.89140738e+09
 3.58312500e+03  8.17221013e+16  2.93229203e+16  4.40012461e+10  2.37620412e+10  2.99902951e+12  7.89140738e+09
 3.58315000e+03  8.16271139e+16  2.93665436e+16  4.39501024e+10  2.37973916e+10  2.99902951e+12  7.89140738e+09
 3.58317500e+03  8.15322369e+16  2.94099802e+16  4.38990182e+10  2.38325908e+10  2.99902951e+12  7.89140738e+09
 3.58320000e+03  8.14374701e+16  2.94532307e+16  4.38479934e+10  2.38676391e+10  2.99902951e+12  7.89140738e+09
 3.58322500e+03  8.13428135e+16  2.94962955e+16  4.37970279e+10  2.39025370e+10  2.99902951e+12  7.89140738e+09
 3.58325000e+03  8.12482669e+16  2.95391750e+16  4.37461216e+10  2.39372847e+10  2.99902951e+12  7.89140738e+09
 3.58325000e+03  8.12482669e+16  0.00000000e+00  4.37461216e+10  0.00000000e+00  3.01388762e+12  7.88351598e+09
 3.58400000e+03  7.84624002e+16  2.71357151e+15  4.22461405e+10  2.19896236e+09  3.01388762e+12  7.88351598e+09
 3.58475000e+03  7.57720562e+16  5.19528304e+15  4.07975913e+10  4.21003530e+09  3.01388762e+12  7.88351598e+09
 3.58550000e+03  7.31739596e+16  7.46018600e+15  3.93987104e+10  6.04541584e+09  3.01388762e+12  7.88351598e+09
 3.58625000e+03  7.06649473e+16  9.52245243e+15  3.80477947e+10  7.71658840e+09  3.01388762e+12  7.88351598e+09
 3.58700000e+03  6.82419649e+16  1.13954237e+16  3.67431997e+10  9.23436428e+09  3.01388762e+12  7.88351598e+09
 3.58775000e+03  6.59020625e+16  1.30916568e+16  3.54833371e+10  1.06089191e+10  3.01388762e+12  7.88351598e+09
 3.58850000e+03  6.36423914e+16  1.46229677e+16  3.42666730e+10  1.18498279e+10  3.01388762e+12  7.88351598e+09
 3.58925000e+03  6.14602006e+16  1.60004728e+16  3.30917263e+10  1.29660992e+10  3.01388762e+12  7.88351598e+09
 3.59000000e+03  5.93528335e+16  1.72346279e+16  3.19570665e+10  1.39662058e+10  3.01388762e+12  7.88351598e+09
 3.59075000e+03  5.73177244e+16  1.83352654e+16  3.08613124e+10  1.48581153e+10  3.01388762e+12  7.88351598e+09
 3.59075000e+03  5.73177244e+16  0.00000000e+00  3.08613124e+10  0.00000000e+00  3.01388762e+12  7.88351598e+09
 3.59077500e+03  5.72511028e+16  6.65634031e+13  3.08254416e+10  5.39401365e+07  3.01388762e+12  7.88351598e+09
 3.59080000e+03  5.71845585e+16  1.32933029e+14  3.07896125e+10  1.07723245e+08  3.01388762e+12  7.88351598e+09
 3.59082500e+03  5.71180916e+16  1.99109307e+14  3.07538250e+10  1.61349671e+08  3.01388762e+12  7.88351598e+09
 3.59085000e+03  5.70517020e+16  2.65092665e+14  3.07180791e+10  2.14819764e+08  3.01388762e+12  7.88351598e+09
 3.59087500e+03  5.69853895e+16  3.30883530e+14  3.06823748e+10  2.68133869e+08  3.01388762e+12  7.88351598e+09
 3.59090000e+03  5.69191541e+16  3.96482328e+14  3.06467120e+10  3.21292330e+08  3.01388762e+12  7.88351598e+09
 3.59092500e+03  5.68529956e+16  4.61889485e+14  3.06110906e+10  3.74295494e+08  3.01388762e+12  7.88351598e+09
 3.59095000e+03  5.67869141e+16  5.27105424e+14  3.05755107e+10  4.27143704e+08  3.01388762e+12  7.88351598e+09
 3.59097500e+03  5.67209094e+16  5.92130571e+14  3.05399721e+10  4.79837303e+08  3.01388762e+12  7.88351598e+09
 3.59100000e+03  5.66549814e+16  6.56965347e+14  3.05044748e+10  5.32376635e+08  3.01388762e+12  7.88351598e+09
 3.59100000e+03  5.66549814e+16  6.56965347e+14  3.05044748e+10  5.32376635e+08  3.01388762e+12  7.88351598e+09
 3.59230000e+03  5.99369852e+16  3.97202234e+15  3.22715886e+10  3.21875711e+09  3.01388762e+12  7.88351598e+09
 3.59360000e+03  6.30263894e+16  7.18267971e+15  3.39350019e+10  5.82053661e+09  3.01388762e+12  7.88351598e+09
 3.59490000e+03  6.59344962e+16  1.02872219e+16  3.55008002e+10  8.33632486e+09  3.01388762e+12  7.88351598e+09
 3.59620000e+03  6.86719450e+16  1.32847161e+16  3.69747118e+10  1.07653661e+10  3.01388762e+12  7.88351598e+09
 3.59750000e+03  7.12487505e+16  1.61749075e+16  3.83621291e+10  1.31074536e+10  3.01388762e+12  7.88351598e+09
 3.59880000e+03  7.36743398e+16  1.89581246e+16  3.96681277e+10  1.53628538e+10  3.01388762e+12  7.88351598e+09
 3.60010000e+03  7.59575869e+16  2.16351960e+16  4.08974857e+10  1.75322380e+10  3.01388762e+12  7.88351598e+09
 3.60140000e+03  7.81068449e+16  2.42073758e+16  4.20547006e+10  1.96166226e+10  3.01388762e+12  7.88351598e+09
 3.60270000e+03  8.01299767e+16  2.66762774e+16  4.31440059e+10  2.16173149e+10  3.01388762e+12  7.88351598e+09
 3.60400000e+03  8.20343840e+16  2.90438143e+16  4.41693869e+10  2.35358656e+10  3.01388762e+12  7.88351598e+09
 3.60400000e+03  8.20343840e+16  2.90438143e+16  4.41693869e+10  2.35358656e+10  3.01388762e+12  7.87563246e+09
 3.60402500e+03  8.19390336e+16  2.90882883e+16  4.41180479e+10  2.35719054e+10  3.01388762e+12  7.87563246e+09
 3.60405000e+03  8.18437940e+16  2.91325738e+16  4.40667684e+10  2.36077925e+10  3.01388762e+12  7.87563246e+09
 3.60407500e+03  8.17486651e+16  2.91766712e+16  4.40155486e+10  2.36435272e+10  3.01388762e+12  7.87563246e+09
 3.60410000e+03  8.16536467e+16  2.92205811e+16  4.39643884e+10  2.36791098e+10  3.01388762e+12  7.87563246e+09
 3.60412500e+03  8.15587389e+16  2.92643038e+16  4.39132876e+10  2.37145409e+10  3.01388762e+12  7.87563246e+09
 3.60415000e+03  8.14639413e+16  2.93078398e+16  4.38622462e+10  2.37498206e+10  3.01388762e+12  7.87563246e+09
 3.60417500e+03  8.13692539e+16  2.93511896e+16  4.38112641e+10  2.37849494e+10  3.01388762e+12  7.87563246e+09
 3.60420000e+03  8.12746766e+16  2.93943537e+16  4.37603413e+10  2.38199277e+10  3.01388762e+12  7.87563246e+09
 3.60422500e+03  8.11802092e+16  2.94373324e+16  4.37094776e+10  2.38547558e+10  3.01388762e+12  7.87563246e+09
 3.60425000e+03  8.10858516e+16  2.94801262e+16  4.36586731e+10  2.38894341e+10  3.01388762e+12  7.87563246e+09
 3.60425000e+03  8.10858516e+16  0.00000000e+00  4.36586731e+10  0.00000000e+00  3.02871603e+12  7.86775683e+09
 3.60500000e+03  7.83055539e+16  2.70814708e+15  4.21616905e+10  2.19456663e+09  3.02871603e+12  7.86775683e+09
 3.60575000e+03  7.56205879e+16  5.18489767e+15  4.07160369e+10  4.20161944e+09  3.02871603e+12  7.86775683e+09
 3.60650000e+03  7.30276848e+16  7.44527309e+15  3.93199523e+10  6.03333105e+09  3.02871603e+12  7.86775683e+09
 3.60725000e+03  7.05236881e+16  9.50341705e+15  3.79717372e+10  7.70116294e+09  3.02871603e+12  7.86775683e+09
 3.60800000e+03  6.81055492e+16  1.13726443e+16  3.66697500e+10  9.21590479e+09  3.02871603e+12  7.86775683e+09
 3.60875000e+03  6.57703242e+16  1.30654866e+16  3.54124059e+10  1.05877118e+10  3.02871603e+12  7.86775683e+09
 3.60950000e+03  6.35151702e+16  1.45937364e+16  3.41981739e+10  1.18261401e+10  3.02871603e+12  7.86775683e+09
 3.61025000e+03  6.13373417e+16  1.59684878e+16  3.30255759e+10  1.29401800e+10  3.02871603e+12  7.86775683e+09
 3.61100000e+03  5.92341872e+16  1.72001759e+16  3.18931844e+10  1.39382873e+10  3.02871603e+12  7.86775683e+09
 3.61175000e+03  5.72031463e+16  1.82986132e+16  3.07996206e+10  1.48284139e+10  3.02871603e+12  7.86775683e+09
 3.61175000e+03  5.72031463e+16  0.00000000e+00  3.07996206e+10  0.00000000e+00  3.02871603e+12  7.86775683e+09
 3.61177500e+03  5.71366578e+16  6.64303429e+13  3.07638215e+10  5.38323102e+07  3.02871603e+12  7.86775683e+09
 3.61180000e+03  5.70702466e+16  1.32667296e+14  3.07280640e+10  1.07507906e+08  3.02871603e+12  7.86775683e+09
 3.61182500e+03  5.70039125e+16  1.98711288e+14  3.06923481e+10  1.61027133e+08  3.02871603e+12  7.86775683e+09
 3.61185000e+03  5.69376556e+16  2.64562745e+14  3.06566737e+10  2.14390339e+08  3.02871603e+12  7.86775683e+09
 3.61187500e+03  5.68714757e+16  3.30222094e+14  3.06210407e+10  2.67597869e+08  3.02871603e+12  7.86775683e+09
 3.61190000e+03  5.68053727e+16  3.95689760e+14  3.05854492e+10  3.20650067e+08  3.02871603e+12  7.86775683e+09
 3.61192500e+03  5.67393465e+16  4.60966168e+14  3.05498991e+10  3.73547278e+08  3.02871603e+12  7.86775683e+09
 3.61195000e+03  5.66733971e+16  5.26051741e+14  3.05143902e+10  4.26289844e+08  3.02871603e+12  7.86775683e+09
 3.61197500e+03  5.66075243e+16  5.90946902e+14  3.04789227e+10  4.78878109e+08  3.02871603e+12  7.86775683e+09
 3.61200000e+03  5.65417281e+16  6.55652074e+14  3.04434963e+10  5.31312414e+08  3.02871603e+12  7.86775683e+09
 3.61200000e+03  5.65417281e+16  6.55652074e+14  3.04434963e+10  5.31312414e+08  3.02871603e+12  7.86775683e+09
 3.61330000e+03  5.98171712e+16  3.96408226e+15  3.22070777e+10  3.21232282e+09  3.02871603e+12  7.86775683e+09
 3.61460000e+03  6.29003996e+16  7.16832154e+15  3.38671659e+10  5.80890135e+09  3.02871603e+12  7.86775683e+09
 3.61590000e+03  6.58026932e+16  1.02666577e+16  3.54298341e+10  8.31966055e+09  3.02871603e+12  7.86775683e+09
 3.61720000e+03  6.85346698e+16  1.32581600e+16  3.69007994e+10  1.07438461e+10  3.02871603e+12  7.86775683e+09
 3.61850000e+03  7.11063242e+16  1.61425738e+16  3.82854432e+10  1.30812518e+10  3.02871603e+12  7.86775683e+09
 3.61980000e+03  7.35270648e+16  1.89202273e+16  3.95888311e+10  1.53321434e+10  3.02871603e+12  7.86775683e+09
 3.62110000e+03  7.58057477e+16  2.15919473e+16  4.08157316e+10  1.74971911e+10  3.02871603e+12  7.86775683e+09
 3.62240000e+03  7.79507093e+16  2.41589853e+16  4.19706332e+10  1.95774090e+10  3.02871603e+12  7.86775683e+09
 3.62370000e+03  7.99697969e+16  2.66229515e+16  4.30577610e+10  2.15741019e+10  3.02871603e+12  7.86775683e+09
 3.62500000e+03  8.18703972e+16  2.89857557e+16  4.40810923e+10  2.34888174e+10  3.02871603e+12  7.86775683e+09
 3.62500000e+03  8.18703972e+16  2.89857557e+16  4.40810923e+10  2.34888174e+10  3.02871603e+12  7.85988907e+09
 3.62502500e+03  8.17752374e+16  2.90301408e+16  4.40298559e+10  2.35247852e+10  3.02871603e+12  7.85988907e+09
 3.62505000e+03  8.16801882e+16  2.90743378e+16  4.39786790e+10  2.35606005e+10  3.02871603e+12  7.85988907e+09
 3.62507500e+03  8.15852495e+16  2.91183471e+16  4.39275616e+10  2.35962638e+10  3.02871603e+12  7.85988907e+09
 3.62510000e+03  8.14904211e+16  2.91621692e+16  4.38765036e+10  2.36317753e+10  3.02871603e+12  7.85988907e+09
 3.62512500e+03  8.13957029e+16  2.92058045e+16  4.38255049e+10  2.36671355e+10  3.02871603e+12  7.85988907e+09
 3.62515000e+03  8.13010949e+16  2.92492535e+16  4.37745655e+10  2.37023447e+10  3.02871603e+12  7.85988907e+09
 3.62517500e+03  8.12065968e+16  2.92925166e+16  4.37236854e+10  2.37374033e+10  3.02871603e+12  7.85988907e+09
 3.62520000e+03  8.11122085e+16  2.93355943e+16  4.36728643e+10  2.37723117e+10  3.02871603e+12  7.85988907e+09
 3.62522500e+03  8.10179300e+16  2.93784871e+16  4.36221024e+10  2.38070702e+10  3.02871603e+12  7.85988907e+09
 3.62525000e+03  8.09237610e+16  2.94211954e+16  4.35713994e+10  2.38416791e+10  3.02871603e+12  7.85988907e+09
 3.62525000e+03  8.09237610e+16  0.00000000e+00  4.35713994e+10  0.00000000e+00  3.04351481e+12  7.85202918e+09
 3.62600000e+03  7.81490211e+16  2.70273350e+15  4.20774093e+10  2.19017969e+09  3.04351481e+12  7.85202918e+09
 3.62675000e+03  7.54694223e+16  5.17453306e+15  4.06346455e+10  4.19322040e+09  3.04351481e+12  7.85202918e+09
 3.62750000e+03  7.28817025e+16  7.43038999e+15  3.92413518e+10  6.02127043e+09  3.04351481e+12  7.85202918e+09
 3.62825000e+03  7.03827112e+16  9.48441972e+15  3.78958317e+10  7.68576831e+09  3.04351481e+12  7.85202918e+09
 3.62900000e+03  6.79694062e+16  1.13499104e+16  3.65964472e+10  9.19748220e+09  3.04351481e+12  7.85202918e+09
 3.62975000e+03  6.56388494e+16  1.30393687e+16  3.53416165e+10  1.05665470e+10  3.04351481e+12  7.85202918e+09
 3.63050000e+03  6.33882034e+16  1.45645635e+16  3.41298118e+10  1.18024997e+10  3.04351481e+12  7.85202918e+09
 3.63125000e+03  6.12147283e+16  1.59365668e+16  3.29595578e+10  1.29143125e+10  3.04351481e+12  7.85202918e+09
 3.63200000e+03  5.91157780e+16  1.71657928e+16  3.18294299e+10  1.39104247e+10  3.04351481e+12  7.85202918e+09
 3.63275000e+03  5.70887972e+16  1.82620343e+16  3.07380522e+10  1.47987719e+10  3.04351481e+12  7.85202918e+09
 3.63275000e+03  5.70887972e+16  0.00000000e+00  3.07380522e+10  0.00000000e+00  3.04351481e+12  7.85202918e+09
 3.63277500e+03  5.70224416e+16  6.62975486e+13  3.07023246e+10  5.37246994e+07  3.04351481e+12  7.85202918e+09
 3.63280000e+03  5.69561631e+16  1.32402094e+14  3.06666386e+10  1.07292997e+08  3.04351481e+12  7.85202918e+09
 3.63282500e+03  5.68899617e+16  1.98314064e+14  3.06309941e+10  1.60705240e+08  3.04351481e+12  7.85202918e+09
 3.63285000e+03  5.68238372e+16  2.64033884e+14  3.05953910e+10  2.13961773e+08  3.04351481e+12  7.85202918e+09
 3.63287500e+03  5.67577896e+16  3.29561980e+14  3.05598293e+10  2.67062941e+08  3.04351481e+12  7.85202918e+09
 3.63290000e+03  5.66918187e+16  3.94898776e+14  3.05243089e+10  3.20009088e+08  3.04351481e+12  7.85202918e+09
 3.63292500e+03  5.66259245e+16  4.60044696e+14  3.04888298e+10  3.72800557e+08  3.04351481e+12  7.85202918e+09
 3.63295000e+03  5.65601070e+16  5.25000163e+14  3.04533920e+10  4.25437690e+08  3.04351481e+12  7.85202918e+09
 3.63297500e+03  5.64943659e+16  5.89765599e+14  3.04179953e+10  4.77920831e+08  3.04351481e+12  7.85202918e+09
 3.63300000e+03  5.64287012e+16  6.54341425e+14  3.03826398e+10  5.30250320e+08  3.04351481e+12  7.85202918e+09
 3.63300000e+03  5.64287012e+16  6.54341425e+14  3.03826398e+10  5.30250320e+08  3.04351481e+12  7.85202918e+09
 3.63430000e+03  5.96975967e+16  3.95615806e+15  3.21426958e+10  3.20590138e+09  3.04351481e+12  7.85202918e+09
 3.63560000e+03  6.27746617e+16  7.15399206e+15  3.37994654e+10  5.79728936e+09  3.04351481e+12  7.85202918e+09
 3.63690000e+03  6.56711536e+16  1.02461347e+16  3.53590099e+10  8.30302955e+09  3.04351481e+12  7.85202918e+09
 3.63820000e+03  6.83976690e+16  1.32316569e+16  3.68270347e+10  1.07223692e+10  3.04351481e+12  7.85202918e+09
 3.63950000e+03  7.09641827e+16  1.61103048e+16  3.82089106e+10  1.30551024e+10  3.04351481e+12  7.85202918e+09
 3.64080000e+03  7.33800842e+16  1.88824057e+16  3.95096931e+10  1.53014945e+10  3.04351481e+12  7.85202918e+09
 3.64210000e+03  7.56542120e+16  2.15487850e+16  4.07341410e+10  1.74622142e+10  3.04351481e+12  7.85202918e+09
 3.64340000e+03  7.77948858e+16  2.41106915e+16  4.18867339e+10  1.95382737e+10  3.04351481e+12  7.85202918e+09
 3.64470000e+03  7.98099373e+16  2.65697322e+16  4.29716886e+10  2.15309752e+10  3.04351481e+12  7.85202918e+09
 3.64600000e+03  8.17067383e+16  2.89278132e+16  4.39929742e+10  2.34418633e+10  3.04351481e+12  7.85202918e+09
 3.64600000e+03  8.17067383e+16  2.89278132e+16  4.39929742e+10  2.34418633e+10  3.04351481e+12  7.84417715e+09
 3.64602500e+03  8.16117687e+16  2.89721096e+16  4.39418402e+10  2.34777592e+10  3.04351481e+12  7.84417715e+09
 3.64605000e+03  8.15169095e+16  2.90162182e+16  4.38907656e+10  2.35135029e+10  3.04351481e+12  7.84417715e+09
 3.64607500e+03  8.14221606e+16  2.90601395e+16  4.38397504e+10  2.35490948e+10  3.04351481e+12  7.84417715e+09
 3.64610000e+03  8.13275218e+16  2.91038740e+16  4.37887944e+10  2.35845354e+10  3.04351481e+12  7.84417715e+09
 3.64612500e+03  8.12329929e+16  2.91474221e+16  4.37378977e+10  2.36198249e+10  3.04351481e+12  7.84417715e+09
 3.64615000e+03  8.11385740e+16  2.91907842e+16  4.36870602e+10  2.36549637e+10  3.04351481e+12  7.84417715e+09
 3.64617500e+03  8.10442648e+16  2.92339609e+16  4.36362817e+10  2.36899522e+10  3.04351481e+12  7.84417715e+09
 3.64620000e+03  8.09500652e+16  2.92769525e+16  4.35855623e+10  2.37247908e+10  3.04351481e+12  7.84417715e+09
 3.64622500e+03  8.08559751e+16  2.93197595e+16  4.35349018e+10  2.37594798e+10  3.04351481e+12  7.84417715e+09
 3.64625000e+03  8.07619944e+16  2.93623825e+16  4.34843002e+10  2.37940196e+10  3.04351481e+12  7.84417715e+09
 3.64625000e+03  8.07619944e+16  0.00000000e+00  4.34843002e+10  0.00000000e+00  3.05828400e+12  7.83633298e+09
 3.64700000e+03  7.79928012e+16  2.69733073e+15  4.19932965e+10  2.18580152e+09  3.05828400e+12  7.83633298e+09
 3.64775000e+03  7.53185589e+16  5.16418917e+15  4.05534169e+10  4.18483815e+09  3.05828400e+12  7.83633298e+09
 3.64850000e+03  7.27360120e+16  7.41553664e+15  3.91629083e+10  6.00923391e+09  3.05828400e+12  7.83633298e+09
 3.64925000e+03  7.02420162e+16  9.46546036e+15  3.78200779e+10  7.67040446e+09  3.05828400e+12  7.83633298e+09
 3.65000000e+03  6.78335354e+16  1.13272219e+16  3.65232909e+10  9.17909643e+09  3.05828400e+12  7.83633298e+09
 3.65075000e+03  6.55076373e+16  1.30133030e+16  3.52709686e+10  1.05454245e+10  3.05828400e+12  7.83633298e+09
 3.65150000e+03  6.32614904e+16  1.45354489e+16  3.40615863e+10  1.17789065e+10  3.05828400e+12  7.83633298e+09
 3.65225000e+03  6.10923601e+16  1.59047096e+16  3.28936716e+10  1.28884968e+10  3.05828400e+12  7.83633298e+09
 3.65300000e+03  5.89976056e+16  1.71314783e+16  3.17658029e+10  1.38826177e+10  3.05828400e+12  7.83633298e+09
 3.65375000e+03  5.69746767e+16  1.82255285e+16  3.06766068e+10  1.47691892e+10  3.05828400e+12  7.83633298e+09
 3.65375000e+03  5.69746767e+16  0.00000000e+00  3.06766068e+10  0.00000000e+00  3.05828400e+12  7.83633298e+09
 3.65377500e+03  5.69084538e+16  6.61650198e+13  3.06409507e+10  5.36173037e+07  3.05828400e+12  7.83633298e+09
 3.65380000e+03  5.68423078e+16  1.32137422e+14  3.06053360e+10  1.07078519e+08  3.05828400e+12  7.83633298e+09
 3.65382500e+03  5.67762387e+16  1.97917634e+14  3.05697627e+10  1.60383990e+08  3.05828400e+12  7.83633298e+09
 3.65385000e+03  5.67102464e+16  2.63506080e+14  3.05342308e+10  2.13534064e+08  3.05828400e+12  7.83633298e+09
 3.65387500e+03  5.66443308e+16  3.28903185e+14  3.04987402e+10  2.66529082e+08  3.05828400e+12  7.83633298e+09
 3.65390000e+03  5.65784918e+16  3.94109373e+14  3.04632908e+10  3.19369389e+08  3.05828400e+12  7.83633298e+09
 3.65392500e+03  5.65127293e+16  4.59125067e+14  3.04278826e+10  3.72055328e+08  3.05828400e+12  7.83633298e+09
 3.65395000e+03  5.64470433e+16  5.23950688e+14  3.03925156e+10  4.24587241e+08  3.05828400e+12  7.83633298e+09
 3.65397500e+03  5.63814336e+16  5.88586658e+14  3.03571897e+10  4.76965468e+08  3.05828400e+12  7.83633298e+09
 3.65400000e+03  5.63159002e+16  6.53033397e+14  3.03219049e+10  5.29190350e+08  3.05828400e+12  7.83633298e+09
 3.65400000e+03  5.63159002e+16  6.53033397e+14  3.03219049e+10  5.29190350e+08  3.05828400e+12  7.83633298e+09
 3.65530000e+03  5.95782612e+16  3.94824970e+15  3.20784425e+10  3.19949279e+09  3.05828400e+12  7.83633298e+09
 3.65660000e+03  6.26491752e+16  7.13969123e+15  3.37319003e+10  5.78570058e+09  3.05828400e+12  7.83633298e+09
 3.65790000e+03  6.55398769e+16  1.02256526e+16  3.52883272e+10  8.28643179e+09  3.05828400e+12  7.83633298e+09
 3.65920000e+03  6.82609420e+16  1.32052068e+16  3.67534175e+10  1.07009352e+10  3.05828400e+12  7.83633298e+09
 3.66050000e+03  7.08223253e+16  1.60781003e+16  3.81325310e+10  1.30290052e+10  3.05828400e+12  7.83633298e+09
 3.66180000e+03  7.32333974e+16  1.88446598e+16  3.94307132e+10  1.52709068e+10  3.05828400e+12  7.83633298e+09
 3.66310000e+03  7.55029792e+16  2.15057089e+16  4.06527134e+10  1.74273072e+10  3.05828400e+12  7.83633298e+09
 3.66440000e+03  7.76393738e+16  2.40624942e+16  4.18030023e+10  1.94992167e+10  3.05828400e+12  7.83633298e+09
 3.66570000e+03  7.96503972e+16  2.65166193e+16  4.28857882e+10  2.14879348e+10  3.05828400e+12  7.83633298e+09
 3.66700000e+03  8.15434065e+16  2.88699865e+16  4.39050323e+10  2.33950030e+10  3.05828400e+12  7.83633298e+09
 3.66700000e+03  8.15434065e+16  2.88699865e+16  4.39050323e+10  2.33950030e+10  3.05828400e+12  7.82849664e+09
 3.66702500e+03  8.14486268e+16  2.89141943e+16  4.38540005e+10  2.34308271e+10  3.05828400e+12  7.82849664e+09
 3.66705000e+03  8.13539572e+16  2.89582148e+16  4.38030280e+10  2.34664994e+10  3.05828400e+12  7.82849664e+09
 3.66707500e+03  8.12593977e+16  2.90020483e+16  4.37521147e+10  2.35020202e+10  3.05828400e+12  7.82849664e+09
 3.66710000e+03  8.11649480e+16  2.90456953e+16  4.37012606e+10  2.35373899e+10  3.05828400e+12  7.82849664e+09
 3.66712500e+03  8.10706082e+16  2.90891564e+16  4.36504657e+10  2.35726089e+10  3.05828400e+12  7.82849664e+09
 3.66715000e+03  8.09763780e+16  2.91324318e+16  4.35997298e+10  2.36076774e+10  3.05828400e+12  7.82849664e+09
 3.66717500e+03  8.08822573e+16  2.91755222e+16  4.35490528e+10  2.36425960e+10  3.05828400e+12  7.82849664e+09
 3.66720000e+03  8.07882460e+16  2.92184279e+16  4.34984348e+10  2.36773650e+10  3.05828400e+12  7.82849664e+09
 3.66722500e+03  8.06943440e+16  2.92611493e+16  4.34478755e+10  2.37119846e+10  3.05828400e+12  7.82849664e+09
 3.66725000e+03  8.06005512e+16  2.93036871e+16  4.33973751e+10  2.37464554e+10  3.05828400e+12  7.82849664e+09
 3.66725000e+03  8.06005512e+16  0.00000000e+00  4.33973751e+10  0.00000000e+00  3.07302366e+12  7.82066815e+09
 3.66800000e+03  7.78368936e+16  2.69193877e+15  4.19093519e+10  2.18143211e+09  3.07302366e+12  7.82066815e+09
 3.66875000e+03  7.51679971e+16  5.15386596e+15  4.04723506e+10  4.17647266e+09  3.07302366e+12  7.82066815e+09
 3.66950000e+03  7.25906127e+16  7.40071298e+15  3.90846216e+10  5.99722145e+09  3.07302366e+12  7.82066815e+09
 3.67025000e+03  7.01016024e+16  9.44653891e+15  3.77444756e+10  7.65507133e+09  3.07302366e+12  7.82066815e+09
 3.67100000e+03  6.76979361e+16  1.13045788e+16  3.64502809e+10  9.16074742e+09  3.07302366e+12  7.82066815e+09
 3.67175000e+03  6.53766875e+16  1.29872894e+16  3.52004619e+10  1.05243442e+10  3.07302366e+12  7.82066815e+09
 3.67250000e+03  6.31350307e+16  1.45063926e+16  3.39934972e+10  1.17553605e+10  3.07302366e+12  7.82066815e+09
 3.67325000e+03  6.09702364e+16  1.58729161e+16  3.28279172e+10  1.28627327e+10  3.07302366e+12  7.82066815e+09
 3.67400000e+03  5.88796694e+16  1.70972325e+16  3.17023030e+10  1.38548664e+10  3.07302366e+12  7.82066815e+09
 3.67475000e+03  5.68607843e+16  1.81890956e+16  3.06152843e+10  1.47396656e+10  3.07302366e+12  7.82066815e+09
 3.67475000e+03  5.68607843e+16  0.00000000e+00  3.06152843e+10  0.00000000e+00  3.07302366e+12  7.82066815e+09
 3.67477500e+03  5.67946938e+16  6.60327559e+13  3.05796994e+10  5.35101228e+07  3.07302366e+12  7.82066815e+09
 3.67480000e+03  5.67286800e+16  1.31873280e+14  3.05441559e+10  1.06864469e+08  3.07302366e+12  7.82066815e+09
 3.67482500e+03  5.66627430e+16  1.97521997e+14  3.05086538e+10  1.60063383e+08  3.07302366e+12  7.82066815e+09
 3.67485000e+03  5.65968826e+16  2.62979332e+14  3.04731929e+10  2.13107209e+08  3.07302366e+12  7.82066815e+09
 3.67487500e+03  5.65310988e+16  3.28245708e+14  3.04377732e+10  2.65996290e+08  3.07302366e+12  7.82066815e+09
 3.67490000e+03  5.64653914e+16  3.93321549e+14  3.04023947e+10  3.18730970e+08  3.07302366e+12  7.82066815e+09
 3.67492500e+03  5.63997604e+16  4.58207276e+14  3.03670573e+10  3.71311590e+08  3.07302366e+12  7.82066815e+09
 3.67495000e+03  5.63342057e+16  5.22903310e+14  3.03317610e+10  4.23738491e+08  3.07302366e+12  7.82066815e+09
 3.67497500e+03  5.62687271e+16  5.87410073e+14  3.02965057e+10  4.76012014e+08  3.07302366e+12  7.82066815e+09
 3.67500000e+03  5.62033247e+16  6.51727983e+14  3.02612914e+10  5.28132498e+08  3.07302366e+12  7.82066815e+09
 3.67500000e+03  5.62033247e+16  6.51727983e+14  3.02612914e+10  5.28132498e+08  3.07302366e+12  7.82066815e+09
 3.67630000e+03  5.94591642e+16  3.94035715e+15  3.20143177e+10  3.19309700e+09  3.07302366e+12  7.82066815e+09
 3.67760000e+03  6.25239395e+16  7.12541899e+15  3.36644702e+10  5.77413496e+09  3.07302366e+12  7.82066815e+09
 3.67890000e+03  6.54088627e+16  1.02052116e+16  3.52177858e+10  8.26986721e+09  3.07302366e+12  7.82066815e+09
 3.68020000e+03  6.81244884e+16  1.31788096e+16  3.66799474e+10  1.06795440e+10  3.07302366e+12  7.82066815e+09
 3.68150000e+03  7.06807514e+16  1.60459602e+16  3.80563040e+10  1.30029603e+10  3.07302366e+12  7.82066815e+09
 3.68280000e+03  7.30870038e+16  1.88069893e+16  3.93518912e+10  1.52403802e+10  3.07302366e+12  7.82066815e+09
 3.68410000e+03  7.53520487e+16  2.14627190e+16  4.05714487e+10  1.73924700e+10  3.07302366e+12  7.82066815e+09
 3.68540000e+03  7.74841727e+16  2.40143933e+16  4.17194381e+10  1.94602378e+10  3.07302366e+12  7.82066815e+09
 3.68670000e+03  7.94911761e+16  2.64636126e+16  4.28000595e+10  2.14449804e+10  3.07302366e+12  7.82066815e+09
 3.68800000e+03  8.13804013e+16  2.88122754e+16  4.38172661e+10  2.33482364e+10  3.07302366e+12  7.82066815e+09
 3.68800000e+03  8.13804013e+16  2.88122754e+16  4.38172661e+10  2.33482364e+10  3.07302366e+12  7.81284748e+09
 3.68802500e+03  8.12858110e+16  2.88563949e+16  4.37663363e+10  2.33839889e+10  3.07302366e+12  7.81284748e+09
 3.68805000e+03  8.11913307e+16  2.89003273e+16  4.37154657e+10  2.34195899e+10  3.07302366e+12  7.81284748e+09
 3.68807500e+03  8.10969601e+16  2.89440732e+16  4.36646542e+10  2.34550397e+10  3.07302366e+12  7.81284748e+09
 3.68810000e+03  8.10026993e+16  2.89876330e+16  4.36139018e+10  2.34903387e+10  3.07302366e+12  7.81284748e+09
 3.68812500e+03  8.09085480e+16  2.90310071e+16  4.35632084e+10  2.35254872e+10  3.07302366e+12  7.81284748e+09
 3.68815000e+03  8.08145062e+16  2.90741961e+16  4.35125739e+10  2.35604857e+10  3.07302366e+12  7.81284748e+09
 3.68817500e+03  8.07205737e+16  2.91172003e+16  4.34619982e+10  2.35953345e+10  3.07302366e+12  7.81284748e+09
 3.68820000e+03  8.06267503e+16  2.91600202e+16  4.34114814e+10  2.36300339e+10  3.07302366e+12  7.81284748e+09
 3.68822500e+03  8.05330360e+16  2.92026563e+16  4.33610232e+10  2.36645844e+10  3.07302366e+12  7.81284748e+09
 3.68825000e+03  8.04394307e+16  2.92451090e+16  4.33106237e+10  2.36989862e+10  3.07302366e+12  7.81284748e+09
 3.68825000e+03  8.04394307e+16  0.00000000e+00  4.33106237e+10  0.00000000e+00  3.08773386e+12  7.80503463e+09
 3.68900000e+03  7.76812976e+16  2.68655758e+15  4.18255751e+10  2.17707142e+09  3.08773386e+12  7.80503463e+09
 3.68975000e+03  7.50177363e+16  5.14356338e+15  4.03914464e+10  4.16812389e+09  3.08773386e+12  7.80503463e+09
 3.69050000e+03  7.24455040e+16  7.38591896e+15  3.90064915e+10  5.98523300e+09  3.08773386e+12  7.80503463e+09
 3.69125000e+03  6.99614693e+16  9.42765527e+15  3.76690244e+10  7.63976884e+09  3.08773386e+12  7.80503463e+09
 3.69200000e+03  6.75626080e+16  1.12819809e+16  3.63774167e+10  9.14243508e+09  3.08773386e+12  7.80503463e+09
 3.69275000e+03  6.52459995e+16  1.29613278e+16  3.51300962e+10  1.05033060e+10  3.08773386e+12  7.80503463e+09
 3.69350000e+03  6.30088237e+16  1.44773943e+16  3.39255442e+10  1.17318615e+10  3.08773386e+12  7.80503463e+09
 3.69425000e+03  6.08483569e+16  1.58411862e+16  3.27622942e+10  1.28370201e+10  3.08773386e+12  7.80503463e+09
 3.69500000e+03  5.87619689e+16  1.70630551e+16  3.16389301e+10  1.38271705e+10  3.08773386e+12  7.80503463e+09
 3.69575000e+03  5.67471196e+16  1.81527356e+16  3.05540843e+10  1.47102010e+10  3.08773386e+12  7.80503463e+09
 3.69575000e+03  5.67471196e+16  0.00000000e+00  3.05540843e+10  0.00000000e+00  3.08773386e+12  7.80503463e+09
 3.69577500e+03  5.66811612e+16  6.59007565e+13  3.05185706e+10  5.34031560e+07  3.08773386e+12  7.80503463e+09
 3.69580000e+03  5.66152794e+16  1.31609665e+14  3.04830982e+10  1.06650847e+08  3.08773386e+12  7.80503463e+09
 3.69582500e+03  5.65494742e+16  1.97127150e+14  3.04476670e+10  1.59743416e+08  3.08773386e+12  7.80503463e+09
 3.69585000e+03  5.64837454e+16  2.62453636e+14  3.04122770e+10  2.12681208e+08  3.08773386e+12  7.80503463e+09
 3.69587500e+03  5.64180931e+16  3.27589545e+14  3.03769281e+10  2.65464564e+08  3.08773386e+12  7.80503463e+09
 3.69590000e+03  5.63525171e+16  3.92535299e+14  3.03416203e+10  3.18093827e+08  3.08773386e+12  7.80503463e+09
 3.69592500e+03  5.62870173e+16  4.57291319e+14  3.03063536e+10  3.70569338e+08  3.08773386e+12  7.80503463e+09
 3.69595000e+03  5.62215936e+16  5.21858027e+14  3.02711278e+10  4.22891437e+08  3.08773386e+12  7.80503463e+09
 3.69597500e+03  5.61562460e+16  5.86235840e+14  3.02359430e+10  4.75060466e+08  3.08773386e+12  7.80503463e+09
 3.69600000e+03  5.60909743e+16  6.50425179e+14  3.02007991e+10  5.27076762e+08  3.08773386e+12  7.80503463e+09
 3.69600000e+03  5.60909743e+16  6.50425179e+14  3.02007991e+10  5.27076762e+08  3.08773386e+12  7.80503463e+09
 3.69730000e+03  5.93403054e+16  3.93248038e+15  3.19503211e+10  3.18671400e+09  3.08773386e+12  7.80503463e+09
 3.69860000e+03  6.23989541e+16  7.11117528e+15  3.35971749e+10  5.76259247e+09  3.08773386e+12  7.80503463e+09
 3.69990000e+03  6.52781104e+16  1.01848113e+16  3.51473855e+10  8.25333575e+09  3.08773386e+12  7.80503463e+09
 3.70120000e+03  6.79883075e+16  1.31524652e+16  3.66066242e+10  1.06581956e+10  3.08773386e+12  7.80503463e+09
 3.70250000e+03  7.05394606e+16  1.60138843e+16  3.79802295e+10  1.29769673e+10  3.08773386e+12  7.80503463e+09
 3.70380000e+03  7.29409029e+16  1.87693942e+16  3.92732268e+10  1.52099147e+10  3.08773386e+12  7.80503463e+09
 3.70510000e+03  7.52014200e+16  2.14198150e+16  4.04903463e+10  1.73577025e+10  3.08773386e+12  7.80503463e+09
 3.70640000e+03  7.73292819e+16  2.39663885e+16  4.16360410e+10  1.94213368e+10  3.08773386e+12  7.80503463e+09
 3.70770000e+03  7.93322732e+16  2.64107118e+16  4.27145022e+10  2.14021119e+10  3.08773386e+12  7.80503463e+09
 3.70900000e+03  8.12177219e+16  2.87546797e+16  4.37296754e+10  2.33015632e+10  3.08773386e+12  7.80503463e+09
 3.70900000e+03  8.12177219e+16  2.87546797e+16  4.37296754e+10  2.33015632e+10  3.08773386e+12  7.79722960e+09
 3.70902500e+03  8.11233207e+16  2.87987109e+16  4.36788474e+10  2.33372443e+10  3.08773386e+12  7.79722960e+09
 3.70905000e+03  8.10290292e+16  2.88425555e+16  4.36280785e+10  2.33727741e+10  3.08773386e+12  7.79722960e+09
 3.70907500e+03  8.09348473e+16  2.88862140e+16  4.35773686e+10  2.34081530e+10  3.08773386e+12  7.79722960e+09
 3.70910000e+03  8.08407749e+16  2.89296867e+16  4.35267176e+10  2.34433815e+10  3.08773386e+12  7.79722960e+09
 3.70912500e+03  8.07468119e+16  2.89729742e+16  4.34761255e+10  2.34784598e+10  3.08773386e+12  7.79722960e+09
 3.70915000e+03  8.06529580e+16  2.90160768e+16  4.34255923e+10  2.35133883e+10  3.08773386e+12  7.79722960e+09
 3.70917500e+03  8.05592133e+16  2.90589950e+16  4.33751177e+10  2.35481674e+10  3.08773386e+12  7.79722960e+09
 3.70920000e+03  8.04655775e+16  2.91017293e+16  4.33247018e+10  2.35827975e+10  3.08773386e+12  7.79722960e+09
 3.70922500e+03  8.03720505e+16  2.91442802e+16  4.32743445e+10  2.36172789e+10  3.08773386e+12  7.79722960e+09
 3.70925000e+03  8.02786322e+16  2.91866480e+16  4.32240458e+10  2.36516119e+10  3.08773386e+12  7.79722960e+09
 3.70925000e+03  8.02786322e+16  0.00000000e+00  4.32240458e+10  0.00000000e+00  3.10241466e+12  7.78943237e+09
 3.71000000e+03  7.75260127e+16  2.68118715e+15  4.17419658e+10  2.17271946e+09  3.10241466e+12  7.78943237e+09
 3.71075000e+03  7.48677759e+16  5.13328139e+15  4.03107039e+10  4.15979181e+09  3.10241466e+12  7.78943237e+09
 3.71150000e+03  7.23006855e+16  7.37115450e+15  3.89285175e+10  5.97326852e+09  3.10241466e+12  7.78943237e+09
 3.71225000e+03  6.98216163e+16  9.40880939e+15  3.75937240e+10  7.62449694e+09  3.10241466e+12  7.78943237e+09
 3.71300000e+03  6.74275503e+16  1.12594282e+16  3.63046983e+10  9.12415935e+09  3.10241466e+12  7.78943237e+09
 3.71375000e+03  6.51155728e+16  1.29354181e+16  3.50598711e+10  1.04823099e+10  3.10241466e+12  7.78943237e+09
 3.71450000e+03  6.28828691e+16  1.44484540e+16  3.38577270e+10  1.17084095e+10  3.10241466e+12  7.78943237e+09
 3.71525000e+03  6.07267211e+16  1.58095196e+16  3.26968024e+10  1.28113589e+10  3.10241466e+12  7.78943237e+09
 3.71600000e+03  5.86445037e+16  1.70289461e+16  3.15756839e+10  1.37995300e+10  3.10241466e+12  7.78943237e+09
 3.71675000e+03  5.66336821e+16  1.81164483e+16  3.04930067e+10  1.46807953e+10  3.10241466e+12  7.78943237e+09
 3.71675000e+03  5.66336821e+16  0.00000000e+00  3.04930067e+10  0.00000000e+00  3.10241466e+12  7.78943237e+09
 3.71677500e+03  5.65678555e+16  6.57690208e+13  3.04575640e+10  5.32964031e+07  3.10241466e+12  7.78943237e+09
 3.71680000e+03  5.65021054e+16  1.31346577e+14  3.04221625e+10  1.06437652e+08  3.10241466e+12  7.78943237e+09
 3.71682500e+03  5.64364318e+16  1.96733093e+14  3.03868021e+10  1.59424089e+08  3.10241466e+12  7.78943237e+09
 3.71685000e+03  5.63708344e+16  2.61928991e+14  3.03514828e+10  2.12256058e+08  3.10241466e+12  7.78943237e+09
 3.71687500e+03  5.63053133e+16  3.26934693e+14  3.03162046e+10  2.64933900e+08  3.10241466e+12  7.78943237e+09
 3.71690000e+03  5.62398684e+16  3.91750621e+14  3.02809674e+10  3.17457957e+08  3.10241466e+12  7.78943237e+09
 3.71692500e+03  5.61744995e+16  4.56377194e+14  3.02457712e+10  3.69828570e+08  3.10241466e+12  7.78943237e+09
 3.71695000e+03  5.61092066e+16  5.20814833e+14  3.02106158e+10  4.22046077e+08  3.10241466e+12  7.78943237e+09
 3.71697500e+03  5.60439896e+16  5.85063955e+14  3.01755013e+10  4.74110820e+08  3.10241466e+12  7.78943237e+09
 3.71700000e+03  5.59788484e+16  6.49124979e+14  3.01404277e+10  5.26023135e+08  3.10241466e+12  7.78943237e+09
 3.71700000e+03  5.59788484e+16  6.49124979e+14  3.01404277e+10  5.26023135e+08  3.10241466e+12  7.78943237e+09
 3.71830000e+03  5.92216841e+16  3.92461935e+15  3.18864524e+10  3.18034376e+09  3.10241466e+12  7.78943237e+09
 3.71960000e+03  6.22742186e+16  7.09696004e+15  3.35300142e+10  5.75107305e+09  3.10241466e+12  7.78943237e+09
 3.72090000e+03  6.51476195e+16  1.01644519e+16  3.50771259e+10  8.23683733e+09  3.10241466e+12  7.78943237e+09
 3.72220000e+03  6.78523989e+16  1.31261734e+16  3.65334475e+10  1.06368898e+10  3.10241466e+12  7.78943237e+09
 3.72350000e+03  7.03984522e+16  1.59818726e+16  3.79043070e+10  1.29510264e+10  3.10241466e+12  7.78943237e+09
 3.72480000e+03  7.27950941e+16  1.87318742e+16  3.91947196e+10  1.51795101e+10  3.10241466e+12  7.78943237e+09
 3.72610000e+03  7.50510924e+16  2.13769968e+16  4.04094061e+10  1.73230044e+10  3.10241466e+12  7.78943237e+09
 3.72740000e+03  7.71747006e+16  2.39184797e+16  4.15528105e+10  1.93825135e+10  3.10241466e+12  7.78943237e+09
 3.72870000e+03  7.91736880e+16  2.63579168e+16  4.26291159e+10  2.13593291e+10  3.10241466e+12  7.78943237e+09
 3.73000000e+03  8.10553676e+16  2.86971991e+16  4.36422598e+10  2.32549834e+10  3.10241466e+12  7.78943237e+09
 3.73000000e+03  8.10553676e+16  2.86971991e+16  4.36422598e+10  2.32549834e+10  3.10241466e+12  7.78164293e+09
 3.73002500e+03  8.09611551e+16  2.87411423e+16  4.35915334e+10  2.32905931e+10  3.10241466e+12  7.78164293e+09
 3.73005000e+03  8.08670522e+16  2.87848993e+16  4.35408660e+10  2.33260519e+10  3.10241466e+12  7.78164293e+09
 3.73007500e+03  8.07730586e+16  2.88284704e+16  4.34902574e+10  2.33613601e+10  3.10241466e+12  7.78164293e+09
 3.73010000e+03  8.06791742e+16  2.88718563e+16  4.34397077e+10  2.33965182e+10  3.10241466e+12  7.78164293e+09
 3.73012500e+03  8.05853990e+16  2.89150572e+16  4.33892168e+10  2.34315263e+10  3.10241466e+12  7.78164293e+09
 3.73015000e+03  8.04917327e+16  2.89580736e+16  4.33387845e+10  2.34663850e+10  3.10241466e+12  7.78164293e+09
 3.73017500e+03  8.03981754e+16  2.90009061e+16  4.32884108e+10  2.35010946e+10  3.10241466e+12  7.78164293e+09
 3.73020000e+03  8.03047268e+16  2.90435550e+16  4.32380958e+10  2.35356555e+10  3.10241466e+12  7.78164293e+09
 3.73022500e+03  8.02113868e+16  2.90860208e+16  4.31878391e+10  2.35700679e+10  3.10241466e+12  7.78164293e+09
 3.73025000e+03  8.01181553e+16  2.91283039e+16  4.31376409e+10  2.36043324e+10  3.10241466e+12  7.78164293e+09
 3.73025000e+03  8.01181553e+16  0.00000000e+00  4.31376409e+10  0.00000000e+00  3.11706611e+12  7.77386129e+09
 3.73100000e+03  7.73710382e+16  2.67582746e+15  4.16585236e+10  2.16837619e+09  3.11706611e+12  7.77386129e+09
 3.73175000e+03  7.47181152e+16  5.12301997e+15  4.02301228e+10  4.15147639e+09  3.11706611e+12  7.77386129e+09
 3.73250000e+03  7.21561564e+16  7.35641957e+15  3.88506994e+10  5.96132796e+09  3.11706611e+12  7.77386129e+09
 3.73325000e+03  6.96820429e+16  9.39000118e+15  3.75185741e+10  7.60925557e+09  3.11706611e+12  7.77386129e+09
 3.73400000e+03  6.72927626e+16  1.12369207e+16  3.62321252e+10  9.10592016e+09  3.11706611e+12  7.77386129e+09
 3.73475000e+03  6.49854068e+16  1.29095602e+16  3.49897864e+10  1.04613558e+10  3.11706611e+12  7.77386129e+09
 3.73550000e+03  6.27571662e+16  1.44195715e+16  3.37900454e+10  1.16850044e+10  3.11706611e+12  7.77386129e+09
 3.73625000e+03  6.06053284e+16  1.57779164e+16  3.26314415e+10  1.27857490e+10  3.11706611e+12  7.77386129e+09
 3.73700000e+03  5.85272734e+16  1.69949052e+16  3.15125641e+10  1.37719447e+10  3.11706611e+12  7.77386129e+09
 3.73775000e+03  5.65204714e+16  1.80802335e+16  3.04320512e+10  1.46514484e+10  3.11706611e+12  7.77386129e+09
 3.73775000e+03  5.65204714e+16  0.00000000e+00  3.04320512e+10  0.00000000e+00  3.11706611e+12  7.77386129e+09
 3.73777500e+03  5.64547764e+16  6.56375486e+13  3.03966793e+10  5.31898636e+07  3.11706611e+12  7.77386129e+09
 3.73780000e+03  5.63891577e+16  1.31084016e+14  3.03613486e+10  1.06224883e+08  3.11706611e+12  7.77386129e+09
 3.73782500e+03  5.63236153e+16  1.96339824e+14  3.03260589e+10  1.59105400e+08  3.11706611e+12  7.77386129e+09
 3.73785000e+03  5.62581491e+16  2.61405395e+14  3.02908102e+10  2.11831758e+08  3.11706611e+12  7.77386129e+09
 3.73787500e+03  5.61927590e+16  3.26281151e+14  3.02556025e+10  2.64404297e+08  3.11706611e+12  7.77386129e+09
 3.73790000e+03  5.61274449e+16  3.90967511e+14  3.02204358e+10  3.16823359e+08  3.11706611e+12  7.77386129e+09
 3.73792500e+03  5.60622067e+16  4.55464896e+14  3.01853099e+10  3.69089282e+08  3.11706611e+12  7.77386129e+09
 3.73795000e+03  5.59970443e+16  5.19773724e+14  3.01502248e+10  4.21202407e+08  3.11706611e+12  7.77386129e+09
 3.73797500e+03  5.59319577e+16  5.83894412e+14  3.01151805e+10  4.73163072e+08  3.11706611e+12  7.77386129e+09
 3.73800000e+03  5.58669467e+16  6.47827378e+14  3.00801769e+10  5.24971615e+08  3.11706611e+12  7.77386129e+09
 3.73800000e+03  5.58669467e+16  6.47827378e+14  3.00801769e+10  5.24971615e+08  3.11706611e+12  7.77386129e+09
 3.73930000e+03  5.91033000e+16  3.91677404e+15  3.18227114e+10  3.17398625e+09  3.11706611e+12  7.77386129e+09
 3.74060000e+03  6.21497324e+16  7.08277321e+15  3.34629877e+10  5.73957665e+09  3.11706611e+12  7.77386129e+09
 3.74190000e+03  6.50173894e+16  1.01441332e+16  3.50070067e+10  8.22037189e+09  3.11706611e+12  7.77386129e+09
 3.74320000e+03  6.77167620e+16  1.30999342e+16  3.64604172e+10  1.06156267e+10  3.11706611e+12  7.77386129e+09
 3.74450000e+03  7.02577257e+16  1.59499248e+16  3.78285363e+10  1.29251373e+10  3.11706611e+12  7.77386129e+09
 3.74580000e+03  7.26495767e+16  1.86944291e+16  3.91163693e+10  1.51491663e+10  3.11706611e+12  7.77386129e+09
 3.74710000e+03  7.49010652e+16  2.13342642e+16  4.03286277e+10  1.72883758e+10  3.11706611e+12  7.77386129e+09
 3.74840000e+03  7.70204284e+16  2.38706667e+16  4.14697465e+10  1.93437679e+10  3.11706611e+12  7.77386129e+09
 3.74970000e+03  7.90154198e+16  2.63052273e+16  4.25439003e+10  2.13166318e+10  3.11706611e+12  7.77386129e+09
 3.75100000e+03  8.08933379e+16  2.86398334e+16  4.35550189e+10  2.32084967e+10  3.11706611e+12  7.77386129e+09
 3.75100000e+03  8.08933379e+16  2.86398334e+16  4.35550189e+10  2.32084967e+10  3.11706611e+12  7.76608743e+09
 3.75102500e+03  8.07993138e+16  2.86836888e+16  4.35043939e+10  2.32440352e+10  3.11706611e+12  7.76608743e+09
 3.75105000e+03  8.07053989e+16  2.87273583e+16  4.34538278e+10  2.32794231e+10  3.11706611e+12  7.76608743e+09
 3.75107500e+03  8.06115932e+16  2.87708423e+16  4.34033204e+10  2.33146608e+10  3.11706611e+12  7.76608743e+09
 3.75110000e+03  8.05178965e+16  2.88141414e+16  4.33528717e+10  2.33497485e+10  3.11706611e+12  7.76608743e+09
 3.75112500e+03  8.04243088e+16  2.88572560e+16  4.33024817e+10  2.33846867e+10  3.11706611e+12  7.76608743e+09
 3.75115000e+03  8.03308298e+16  2.89001864e+16  4.32521503e+10  2.34194757e+10  3.11706611e+12  7.76608743e+09
 3.75117500e+03  8.02374594e+16  2.89429333e+16  4.32018773e+10  2.34541159e+10  3.11706611e+12  7.76608743e+09
 3.75120000e+03  8.01441976e+16  2.89854969e+16  4.31516628e+10  2.34886077e+10  3.11706611e+12  7.76608743e+09
 3.75122500e+03  8.00510442e+16  2.90278778e+16  4.31015066e+10  2.35229514e+10  3.11706611e+12  7.76608743e+09
 3.75125000e+03  7.99579991e+16  2.90700764e+16  4.30514088e+10  2.35571473e+10  3.11706611e+12  7.76608743e+09
 3.75125000e+03  7.99579991e+16  0.00000000e+00  4.30514088e+10  0.00000000e+00  3.13168827e+12  7.75832134e+09
 3.75200000e+03  7.72163735e+16  2.67047848e+15  4.15752482e+10  2.16404161e+09  3.13168827e+12  7.75832134e+09
 3.75275000e+03  7.45687537e+16  5.11277905e+15  4.01497028e+10  4.14317759e+09  3.13168827e+12  7.75832134e+09
 3.75350000e+03  7.20119163e+16  7.34171408e+15  3.87730369e+10  5.94941126e+09  3.13168827e+12  7.75832134e+09
 3.75425000e+03  6.95427485e+16  9.37123057e+15  3.74435745e+10  7.59404467e+09  3.13168827e+12  7.75832134e+09
 3.75500000e+03  6.71582444e+16  1.12144580e+16  3.61596972e+10  9.08771743e+09  3.13168827e+12  7.75832134e+09
 3.75575000e+03  6.48555009e+16  1.28837540e+16  3.49198419e+10  1.04404435e+10  3.13168827e+12  7.75832134e+09
 3.75650000e+03  6.26317147e+16  1.43907468e+16  3.37224991e+10  1.16616461e+10  3.13168827e+12  7.75832134e+09
 3.75725000e+03  6.04841783e+16  1.57463763e+16  3.25662112e+10  1.27601903e+10  3.13168827e+12  7.75832134e+09
 3.75800000e+03  5.84102774e+16  1.69609324e+16  3.14495705e+10  1.37444146e+10  3.13168827e+12  7.75832134e+09
 3.75875000e+03  5.64074870e+16  1.80440911e+16  3.03712175e+10  1.46221601e+10  3.13168827e+12  7.75832134e+09
 3.75875000e+03  5.64074870e+16  0.00000000e+00  3.03712175e+10  0.00000000e+00  3.13168827e+12  7.75832134e+09
 3.75877500e+03  5.63419233e+16  6.55063391e+13  3.03359164e+10  5.30835371e+07  3.13168827e+12  7.75832134e+09
 3.75880000e+03  5.62764358e+16  1.30821979e+14  3.03006562e+10  1.06012539e+08  3.13168827e+12  7.75832134e+09
 3.75882500e+03  5.62110244e+16  1.95947340e+14  3.02654371e+10  1.58787349e+08  3.13168827e+12  7.75832134e+09
 3.75885000e+03  5.61456891e+16  2.60882846e+14  3.02302589e+10  2.11408306e+08  3.13168827e+12  7.75832134e+09
 3.75887500e+03  5.60804297e+16  3.25628915e+14  3.01951216e+10  2.63875753e+08  3.13168827e+12  7.75832134e+09
 3.75890000e+03  5.60152461e+16  3.90185967e+14  3.01600251e+10  3.16190029e+08  3.13168827e+12  7.75832134e+09
 3.75892500e+03  5.59501383e+16  4.54554422e+14  3.01249694e+10  3.68351473e+08  3.13168827e+12  7.75832134e+09
 3.75895000e+03  5.58851062e+16  5.18734696e+14  3.00899545e+10  4.20360424e+08  3.13168827e+12  7.75832134e+09
 3.75897500e+03  5.58201497e+16  5.82727207e+14  3.00549803e+10  4.72217219e+08  3.13168827e+12  7.75832134e+09
 3.75900000e+03  5.57552687e+16  6.46532371e+14  3.00200467e+10  5.23922197e+08  3.13168827e+12  7.75832134e+09
 3.75900000e+03  5.57552687e+16  6.46532371e+14  3.00200467e+10  5.23922197e+08  3.13168827e+12  7.75832134e+09
 3.76030000e+03  5.89851525e+16  3.90894440e+15  3.17590978e+10  3.16764145e+09  3.13168827e+12  7.75832134e+09
 3.76160000e+03  6.20254951e+16  7.06861475e+15  3.33960952e+10  5.72810324e+09  3.13168827e+12  7.75832134e+09
 3.76290000e+03  6.48874196e+16  1.01238550e+16  3.49370277e+10  8.20393937e+09  3.13168827e+12  7.75832134e+09
 3.76420000e+03  6.75813962e+16  1.30737474e+16  3.63875328e+10  1.05944061e+10  3.13168827e+12  7.75832134e+09
 3.76550000e+03  7.01172805e+16  1.59180409e+16  3.77529171e+10  1.28992999e+10  3.13168827e+12  7.75832134e+09
 3.76680000e+03  7.25043502e+16  1.86570590e+16  3.90381757e+10  1.51188831e+10  3.13168827e+12  7.75832134e+09
 3.76810000e+03  7.47513380e+16  2.12916170e+16  4.02480108e+10  1.72538163e+10  3.13168827e+12  7.75832134e+09
 3.76940000e+03  7.68664646e+16  2.38229492e+16  4.13868484e+10  1.93050997e+10  3.13168827e+12  7.75832134e+09
 3.77070000e+03  7.88574680e+16  2.62526432e+16  4.24588550e+10  2.12740198e+10  3.13168827e+12  7.75832134e+09
 3.77200000e+03  8.07316322e+16  2.85825823e+16  4.34679524e+10  2.31621029e+10  3.13168827e+12  7.75832134e+09
 3.77200000e+03  8.07316322e+16  2.85825823e+16  4.34679524e+10  2.31621029e+10  3.13168827e+12  7.75056302e+09
 3.77202500e+03  8.06377960e+16  2.86263501e+16  4.34174286e+10  2.31975704e+10  3.13168827e+12  7.75056302e+09
 3.77205000e+03  8.05440688e+16  2.86699323e+16  4.33669636e+10  2.32328876e+10  3.13168827e+12  7.75056302e+09
 3.77207500e+03  8.04504506e+16  2.87133294e+16  4.33165572e+10  2.32680548e+10  3.13168827e+12  7.75056302e+09
 3.77210000e+03  8.03569413e+16  2.87565420e+16  4.32662094e+10  2.33030724e+10  3.13168827e+12  7.75056302e+09
 3.77212500e+03  8.02635406e+16  2.87995703e+16  4.32159201e+10  2.33379407e+10  3.13168827e+12  7.75056302e+09
 3.77215000e+03  8.01702484e+16  2.88424150e+16  4.31656892e+10  2.33726602e+10  3.13168827e+12  7.75056302e+09
 3.77217500e+03  8.00770648e+16  2.88850764e+16  4.31155168e+10  2.34072312e+10  3.13168827e+12  7.75056302e+09
 3.77220000e+03  7.99839894e+16  2.89275549e+16  4.30654026e+10  2.34416540e+10  3.13168827e+12  7.75056302e+09
 3.77222500e+03  7.98910222e+16  2.89698511e+16  4.30153467e+10  2.34759290e+10  3.13168827e+12  7.75056302e+09
 3.77225000e+03  7.97981630e+16  2.90119653e+16  4.29653490e+10  2.35100566e+10  3.13168827e+12  7.75056302e+09
 3.77225000e+03  7.97981630e+16  0.00000000e+00  4.29653490e+10  0.00000000e+00  3.14628120e+12  7.74281246e+09
 3.77300000e+03  7.70620180e+16  2.66514019e+15  4.14921393e+10  2.15971569e+09  3.14628120e+12  7.74281246e+09
 3.77375000e+03  7.44196907e+16  5.10255860e+15  4.00694435e+10  4.13489538e+09  3.14628120e+12  7.74281246e+09
 3.77450000e+03  7.18679644e+16  7.32703800e+15  3.86955296e+10  5.93751839e+09  3.14628120e+12  7.74281246e+09
 3.77525000e+03  6.94037326e+16  9.35249748e+15  3.73687248e+10  7.57886417e+09  3.14628120e+12  7.74281246e+09
 3.77600000e+03  6.70239951e+16  1.11920403e+16  3.60874139e+10  9.06955108e+09  3.14628120e+12  7.74281246e+09
 3.77675000e+03  6.47258548e+16  1.28579994e+16  3.48500371e+10  1.04195731e+10  3.14628120e+12  7.74281246e+09
 3.77750000e+03  6.25065139e+16  1.43619797e+16  3.36550878e+10  1.16383344e+10  3.14628120e+12  7.74281246e+09
 3.77825000e+03  6.03632704e+16  1.57148993e+16  3.25011113e+10  1.27346827e+10  3.14628120e+12  7.74281246e+09
 3.77900000e+03  5.82935152e+16  1.69270275e+16  3.13867028e+10  1.37169395e+10  3.14628120e+12  7.74281246e+09
 3.77975000e+03  5.62947284e+16  1.80080210e+16  3.03105054e+10  1.45929304e+10  3.14628120e+12  7.74281246e+09
 3.77975000e+03  5.62947284e+16  0.00000000e+00  3.03105054e+10  0.00000000e+00  3.14628120e+12  7.74281246e+09
 3.77977500e+03  5.62292958e+16  6.53753919e+13  3.02752749e+10  5.29774231e+07  3.14628120e+12  7.74281246e+09
 3.77980000e+03  5.61639392e+16  1.30560465e+14  3.02400852e+10  1.05800620e+08  3.14628120e+12  7.74281246e+09
 3.77982500e+03  5.60986586e+16  1.95555642e+14  3.02049365e+10  1.58469933e+08  3.14628120e+12  7.74281246e+09
 3.77985000e+03  5.60334538e+16  2.60361341e+14  3.01698286e+10  2.10985701e+08  3.14628120e+12  7.74281246e+09
 3.77987500e+03  5.59683249e+16  3.24977983e+14  3.01347615e+10  2.63348266e+08  3.14628120e+12  7.74281246e+09
 3.77990000e+03  5.59032716e+16  3.89405986e+14  3.00997352e+10  3.15557965e+08  3.14628120e+12  7.74281246e+09
 3.77992500e+03  5.58382940e+16  4.53645768e+14  3.00647496e+10  3.67615138e+08  3.14628120e+12  7.74281246e+09
 3.77995000e+03  5.57733919e+16  5.17697745e+14  3.00298047e+10  4.19520123e+08  3.14628120e+12  7.74281246e+09
 3.77997500e+03  5.57085652e+16  5.81562335e+14  2.99949004e+10  4.71273257e+08  3.14628120e+12  7.74281246e+09
 3.78000000e+03  5.56438139e+16  6.45239953e+14  2.99600366e+10  5.22874876e+08  3.14628120e+12  7.74281246e+09
 3.78000000e+03  5.56438139e+16  6.45239953e+14  2.99600366e+10  5.22874876e+08  3.14628120e+12  7.74281246e+09
 3.78130000e+03  5.88672411e+16  3.90113042e+15  3.16956113e+10  3.16130934e+09  3.14628120e+12  7.74281246e+09
 3.78260000e+03  6.19015062e+16  7.05448459e+15  3.33293364e+10  5.71665276e+09  3.14628120e+12  7.74281246e+09
 3.78390000e+03  6.47577097e+16  1.01036175e+16  3.48671886e+10  8.18753969e+09  3.14628120e+12  7.74281246e+09
 3.78520000e+03  6.74463010e+16  1.30476130e+16  3.63147941e+10  1.05732278e+10  3.14628120e+12  7.74281246e+09
 3.78650000e+03  6.99771161e+16  1.58862208e+16  3.76774490e+10  1.28735142e+10  3.14628120e+12  7.74281246e+09
 3.78780000e+03  7.23594140e+16  1.86197635e+16  3.89601384e+10  1.50886604e+10  3.14628120e+12  7.74281246e+09
 3.78910000e+03  7.46019101e+16  2.12490551e+16  4.01675550e+10  1.72193259e+10  3.14628120e+12  7.74281246e+09
 3.79040000e+03  7.67128085e+16  2.37753271e+16  4.13041161e+10  1.92665088e+10  3.14628120e+12  7.74281246e+09
 3.79170000e+03  7.86998319e+16  2.62001642e+16  4.23739798e+10  2.12314931e+10  3.14628120e+12  7.74281246e+09
 3.79300000e+03  8.05702496e+16  2.85254458e+16  4.33810600e+10  2.31158019e+10  3.14628120e+12  7.74281246e+09
 3.79300000e+03  8.05702496e+16  2.85254458e+16  4.33810600e+10  2.31158019e+10  3.14628120e+12  7.73506965e+09
 3.79302500e+03  8.04766010e+16  2.85691260e+16  4.33306372e+10  2.31511985e+10  3.14628120e+12  7.73506965e+09
 3.79305000e+03  8.03830612e+16  2.86126211e+16  4.32802730e+10  2.31864450e+10  3.14628120e+12  7.73506965e+09
 3.79307500e+03  8.02896302e+16  2.86559315e+16  4.32299674e+10  2.32215419e+10  3.14628120e+12  7.73506965e+09
 3.79310000e+03  8.01963077e+16  2.86990576e+16  4.31797202e+10  2.32564895e+10  3.14628120e+12  7.73506965e+09
 3.79312500e+03  8.01030938e+16  2.87420000e+16  4.31295314e+10  2.32912882e+10  3.14628120e+12  7.73506965e+09
 3.79315000e+03  8.00099881e+16  2.87847590e+16  4.30794010e+10  2.33259382e+10  3.14628120e+12  7.73506965e+09
 3.79317500e+03  7.99169907e+16  2.88273351e+16  4.30293288e+10  2.33604401e+10  3.14628120e+12  7.73506965e+09
 3.79320000e+03  7.98241014e+16  2.88697287e+16  4.29793149e+10  2.33947941e+10  3.14628120e+12  7.73506965e+09
 3.79322500e+03  7.97313200e+16  2.89119404e+16  4.29293591e+10  2.34290006e+10  3.14628120e+12  7.73506965e+09
 3.79325000e+03  7.96386465e+16  2.89539704e+16  4.28794613e+10  2.34630600e+10  3.14628120e+12  7.73506965e+09
 3.79325000e+03  7.96386465e+16  0.00000000e+00  4.28794613e+10  0.00000000e+00  3.16084496e+12  7.72733458e+09
 3.79400000e+03  7.69079710e+16  2.65981258e+15  4.14091965e+10  2.15539842e+09  3.16084496e+12  7.72733458e+09
 3.79475000e+03  7.42709258e+16  5.09235859e+15  3.99893447e+10  4.12662972e+09  3.16084496e+12  7.72733458e+09
 3.79550000e+03  7.17243004e+16  7.31239125e+15  3.86181772e+10  5.92564929e+09  3.16084496e+12  7.72733458e+09
 3.79625000e+03  6.92649945e+16  9.33380184e+15  3.72940247e+10  7.56371402e+09  3.16084496e+12  7.72733458e+09
 3.79700000e+03  6.68900141e+16  1.11696675e+16  3.60152752e+10  9.05142105e+09  3.16084496e+12  7.72733458e+09
 3.79775000e+03  6.45964678e+16  1.28322962e+16  3.47803719e+10  1.03987443e+10  3.16084496e+12  7.72733458e+09
 3.79850000e+03  6.23815633e+16  1.43332701e+16  3.35878113e+10  1.16150694e+10  3.16084496e+12  7.72733458e+09
 3.79925000e+03  6.02426043e+16  1.56834853e+16  3.24361416e+10  1.27092260e+10  3.16084496e+12  7.72733458e+09
 3.80000000e+03  5.81769865e+16  1.68931904e+16  3.13239608e+10  1.36895194e+10  3.16084496e+12  7.72733458e+09
 3.80075000e+03  5.61821953e+16  1.79720230e+16  3.02499147e+10  1.45637592e+10  3.16084496e+12  7.72733458e+09
 3.80075000e+03  5.61821953e+16  0.00000000e+00  3.02499147e+10  0.00000000e+00  3.16084496e+12  7.72733458e+09
 3.80077500e+03  5.61168934e+16  6.52447065e+13  3.02147546e+10  5.28715212e+07  3.16084496e+12  7.72733458e+09
 3.80080000e+03  5.60516675e+16  1.30299475e+14  3.01796353e+10  1.05589125e+08  3.16084496e+12  7.72733458e+09
 3.80082500e+03  5.59865174e+16  1.95164726e+14  3.01445568e+10  1.58153151e+08  3.16084496e+12  7.72733458e+09
 3.80085000e+03  5.59214430e+16  2.59840879e+14  3.01095191e+10  2.10563941e+08  3.16084496e+12  7.72733458e+09
 3.80087500e+03  5.58564442e+16  3.24328352e+14  3.00745221e+10  2.62821832e+08  3.16084496e+12  7.72733458e+09
 3.80090000e+03  5.57915210e+16  3.88627563e+14  3.00395658e+10  3.14927165e+08  3.16084496e+12  7.72733458e+09
 3.80092500e+03  5.57266733e+16  4.52738930e+14  3.00046502e+10  3.66880276e+08  3.16084496e+12  7.72733458e+09
 3.80095000e+03  5.56619009e+16  5.16662868e+14  2.99697751e+10  4.18681502e+08  3.16084496e+12  7.72733458e+09
 3.80097500e+03  5.55972038e+16  5.80399792e+14  2.99349405e+10  4.70331182e+08  3.16084496e+12  7.72733458e+09
 3.80100000e+03  5.55325819e+16  6.43950118e+14  2.99001465e+10  5.21829649e+08  3.16084496e+12  7.72733458e+09
 3.80100000e+03  5.55325819e+16  6.43950118e+14  2.99001465e+10  5.21829649e+08  3.16084496e+12  7.72733458e+09
 3.80230000e+03  5.87495655e+16  3.89333206e+15  3.16322518e+10  3.15498988e+09  3.16084496e+12  7.72733458e+09
 3.80360000e+03  6.17777651e+16  7.04038267e+15  3.32627110e+10  5.70522517e+09  3.16084496e+12  7.72733458e+09
 3.80490000e+03  6.46282590e+16  1.00834203e+16  3.47974891e+10  8.17117280e+09  3.16084496e+12  7.72733458e+09
 3.80620000e+03  6.73114758e+16  1.30215308e+16  3.62422008e+10  1.05520920e+10  3.16084496e+12  7.72733458e+09
 3.80750000e+03  6.98372318e+16  1.58544642e+16  3.76021318e+10  1.28477801e+10  3.16084496e+12  7.72733458e+09
 3.80880000e+03  7.22147675e+16  1.85825426e+16  3.88822571e+10  1.50584982e+10  3.16084496e+12  7.72733458e+09
 3.81010000e+03  7.44527809e+16  2.12065782e+16  4.00872601e+10  1.71849045e+10  3.16084496e+12  7.72733458e+09
 3.81140000e+03  7.65594596e+16  2.37278003e+16  4.12215492e+10  1.92279951e+10  3.16084496e+12  7.72733458e+09
 3.81270000e+03  7.85425109e+16  2.61477900e+16  4.22892742e+10  2.11890513e+10  3.16084496e+12  7.72733458e+09
 3.81400000e+03  8.04091897e+16  2.84684234e+16  4.32943412e+10  2.30695934e+10  3.16084496e+12  7.72733458e+09
 3.81400000e+03  8.04091897e+16  2.84684234e+16  4.32943412e+10  2.30695934e+10  3.16084496e+12  7.71960724e+09
 3.81402500e+03  8.03157283e+16  2.85120163e+16  4.32440192e+10  2.31049192e+10  3.16084496e+12  7.71960724e+09
 3.81405000e+03  8.02223755e+16  2.85554244e+16  4.31937557e+10  2.31400953e+10  3.16084496e+12  7.71960724e+09
 3.81407500e+03  8.01291312e+16  2.85986483e+16  4.31435507e+10  2.31751221e+10  3.16084496e+12  7.71960724e+09
 3.81410000e+03  8.00359953e+16  2.86416882e+16  4.30934039e+10  2.32099998e+10  3.16084496e+12  7.71960724e+09
 3.81412500e+03  7.99429677e+16  2.86845447e+16  4.30433155e+10  2.32447289e+10  3.16084496e+12  7.71960724e+09
 3.81415000e+03  7.98500481e+16  2.87272183e+16  4.29932853e+10  2.32793097e+10  3.16084496e+12  7.71960724e+09
 3.81417500e+03  7.97572366e+16  2.87697092e+16  4.29433132e+10  2.33137426e+10  3.16084496e+12  7.71960724e+09
 3.81420000e+03  7.96645330e+16  2.88120181e+16  4.28933992e+10  2.33480279e+10  3.16084496e+12  7.71960724e+09
 3.81422500e+03  7.95719371e+16  2.88541454e+16  4.28435433e+10  2.33821660e+10  3.16084496e+12  7.71960724e+09
 3.81425000e+03  7.94794488e+16  2.88960914e+16  4.27937452e+10  2.34161573e+10  3.16084496e+12  7.71960724e+09
 3.81425000e+03  7.94794488e+16  0.00000000e+00  4.27937452e+10  0.00000000e+00  3.17537960e+12  7.71188763e+09
 3.81500000e+03  7.67542320e+16  2.65449561e+15  4.13264196e+10  2.15108978e+09  3.17537960e+12  7.71188763e+09
 3.81575000e+03  7.41224582e+16  5.08217896e+15  3.99094060e+10  4.11838059e+09  3.17537960e+12  7.71188763e+09
 3.81650000e+03  7.15809235e+16  7.29777378e+15  3.85409795e+10  5.91380392e+09  3.17537960e+12  7.71188763e+09
 3.81725000e+03  6.91265338e+16  9.31514357e+15  3.72194740e+10  7.54859416e+09  3.17537960e+12  7.71188763e+09
 3.81800000e+03  6.67563010e+16  1.11473393e+16  3.59432807e+10  9.03332725e+09  3.17537960e+12  7.71188763e+09
 3.81875000e+03  6.44673395e+16  1.28066445e+16  3.47108459e+10  1.03779573e+10  3.17537960e+12  7.71188763e+09
 3.81950000e+03  6.22568626e+16  1.43046179e+16  3.35206693e+10  1.15918509e+10  3.17537960e+12  7.71188763e+09
 3.82025000e+03  6.01221793e+16  1.56521340e+16  3.23713018e+10  1.26838203e+10  3.17537960e+12  7.71188763e+09
 3.82100000e+03  5.80606907e+16  1.68594209e+16  3.12613442e+10  1.36621540e+10  3.17537960e+12  7.71188763e+09
 3.82175000e+03  5.60698870e+16  1.79360969e+16  3.01894452e+10  1.45346462e+10  3.17537960e+12  7.71188763e+09
 3.82175000e+03  5.60698870e+16  0.00000000e+00  3.01894452e+10  0.00000000e+00  3.17537960e+12  7.71188763e+09
 3.82177500e+03  5.60047157e+16  6.51142824e+13  3.01543553e+10  5.27658310e+07  3.17537960e+12  7.71188763e+09
 3.82180000e+03  5.59396202e+16  1.30039006e+14  3.01193062e+10  1.05378052e+08  3.17537960e+12  7.71188763e+09
 3.82182500e+03  5.58746003e+16  1.94774592e+14  3.00842978e+10  1.57837003e+08  3.17537960e+12  7.71188763e+09
 3.82185000e+03  5.58096560e+16  2.59321457e+14  3.00493302e+10  2.10143023e+08  3.17537960e+12  7.71188763e+09
 3.82187500e+03  5.57447872e+16  3.23680019e+14  3.00144032e+10  2.62296452e+08  3.17537960e+12  7.71188763e+09
 3.82190000e+03  5.56799938e+16  3.87850697e+14  2.99795168e+10  3.14297625e+08  3.17537960e+12  7.71188763e+09
 3.82192500e+03  5.56152756e+16  4.51833905e+14  2.99446709e+10  3.66146882e+08  3.17537960e+12  7.71188763e+09
 3.82195000e+03  5.55506327e+16  5.15630059e+14  2.99098655e+10  4.17844558e+08  3.17537960e+12  7.71188763e+09
 3.82197500e+03  5.54860650e+16  5.79239573e+14  2.98751006e+10  4.69390990e+08  3.17537960e+12  7.71188763e+09
 3.82200000e+03  5.54215723e+16  6.42662862e+14  2.98403761e+10  5.20786512e+08  3.17537960e+12  7.71188763e+09
 3.82200000e+03  5.54215723e+16  6.42662862e+14  2.98403761e+10  5.20786512e+08  3.17537960e+12  7.71188763e+09
 3.82330000e+03  5.86321251e+16  3.88554929e+15  3.15690190e+10  3.14868305e+09  3.17537960e+12  7.71188763e+09
 3.82460000e+03  6.16542713e+16  7.02630895e+15  3.31962189e+10  5.69382042e+09  3.17537960e+12  7.71188763e+09
 3.82590000e+03  6.44990671e+16  1.00632636e+16  3.47279289e+10  8.15483863e+09  3.17537960e+12  7.71188763e+09
 3.82720000e+03  6.71769202e+16  1.29955008e+16  3.61697527e+10  1.05309983e+10  3.17537960e+12  7.71188763e+09
 3.82850000e+03  6.96976272e+16  1.58227711e+16  3.75269651e+10  1.28220974e+10  3.17537960e+12  7.71188763e+09
 3.82980000e+03  7.20704102e+16  1.85453961e+16  3.88045315e+10  1.50283963e+10  3.17537960e+12  7.71188763e+09
 3.83110000e+03  7.43039497e+16  2.11641863e+16  4.00071256e+10  1.71505519e+10  3.17537960e+12  7.71188763e+09
 3.83240000e+03  7.64064172e+16  2.36803684e+16  4.11391473e+10  1.91895583e+10  3.17537960e+12  7.71188763e+09
 3.83370000e+03  7.83855044e+16  2.60955206e+16  4.22047379e+10  2.11466944e+10  3.17537960e+12  7.71188763e+09
 3.83500000e+03  8.02484517e+16  2.84115150e+16  4.32077958e+10  2.30234773e+10  3.17537960e+12  7.71188763e+09
 3.83500000e+03  8.02484517e+16  2.84115150e+16  4.32077958e+10  2.30234773e+10  3.17537960e+12  7.70417575e+09
 3.83502500e+03  8.01551771e+16  2.84550208e+16  4.31575744e+10  2.30587325e+10  3.17537960e+12  7.70417575e+09
 3.83505000e+03  8.00620110e+16  2.84983422e+16  4.31074114e+10  2.30938383e+10  3.17537960e+12  7.70417575e+09
 3.83507500e+03  7.99689531e+16  2.85414796e+16  4.30573067e+10  2.31287950e+10  3.17537960e+12  7.70417575e+09
 3.83510000e+03  7.98760034e+16  2.85844335e+16  4.30072602e+10  2.31636030e+10  3.17537960e+12  7.70417575e+09
 3.83512500e+03  7.97831617e+16  2.86272043e+16  4.29572719e+10  2.31982627e+10  3.17537960e+12  7.70417575e+09
 3.83515000e+03  7.96904279e+16  2.86697925e+16  4.29073417e+10  2.32327744e+10  3.17537960e+12  7.70417575e+09
 3.83517500e+03  7.95978019e+16  2.87121986e+16  4.28574695e+10  2.32671384e+10  3.17537960e+12  7.70417575e+09
 3.83520000e+03  7.95052836e+16  2.87544229e+16  4.28076553e+10  2.33013552e+10  3.17537960e+12  7.70417575e+09
 3.83522500e+03  7.94128728e+16  2.87964660e+16  4.27578990e+10  2.33354251e+10  3.17537960e+12  7.70417575e+09
 3.83525000e+03  7.93205694e+16  2.88383282e+16  4.27082005e+10  2.33693484e+10  3.17537960e+12  7.70417575e+09
 3.83525000e+03  7.93205694e+16  0.00000000e+00  4.27082005e+10  0.00000000e+00  3.18988519e+12  7.69647157e+09
 3.83600000e+03  7.66008002e+16  2.64918928e+15  4.12438080e+10  2.14678975e+09  3.18988519e+12  7.69647157e+09
 3.83675000e+03  7.39742874e+16  5.07201969e+15  3.98296271e+10  4.11014795e+09  3.18988519e+12  7.69647157e+09
 3.83750000e+03  7.14378332e+16  7.28318553e+15  3.84639360e+10  5.90198222e+09  3.18988519e+12  7.69647157e+09
 3.83825000e+03  6.89883498e+16  9.29652260e+15  3.71450722e+10  7.53350452e+09  3.18988519e+12  7.69647157e+09
 3.83900000e+03  6.66228551e+16  1.11250558e+16  3.58714301e+10  9.01526963e+09  3.18988519e+12  7.69647157e+09
 3.83975000e+03  6.43384693e+16  1.27810440e+16  3.46414589e+10  1.03572117e+10  3.18988519e+12  7.69647157e+09
 3.84050000e+03  6.21324111e+16  1.42760230e+16  3.34536614e+10  1.15686788e+10  3.18988519e+12  7.69647157e+09
 3.84125000e+03  6.00019950e+16  1.56208454e+16  3.23065915e+10  1.26584653e+10  3.18988519e+12  7.69647157e+09
 3.84200000e+03  5.79446274e+16  1.68257189e+16  3.11988528e+10  1.36348434e+10  3.18988519e+12  7.69647157e+09
 3.84275000e+03  5.59578033e+16  1.79002426e+16  3.01290965e+10  1.45055915e+10  3.18988519e+12  7.69647157e+09
 3.84275000e+03  5.59578033e+16  0.00000000e+00  3.01290965e+10  0.00000000e+00  3.18988519e+12  7.69647157e+09
 3.84277500e+03  5.58927623e+16  6.49841189e+13  3.00940767e+10  5.26603521e+07  3.18988519e+12  7.69647157e+09
 3.84280000e+03  5.58277969e+16  1.29779058e+14  3.00590977e+10  1.05167401e+08  3.18988519e+12  7.69647157e+09
 3.84282500e+03  5.57629070e+16  1.94385237e+14  3.00241593e+10  1.57521487e+08  3.18988519e+12  7.69647157e+09
 3.84285000e+03  5.56980925e+16  2.58803073e+14  2.99892616e+10  2.09722948e+08  3.18988519e+12  7.69647157e+09
 3.84287500e+03  5.56333534e+16  3.23032983e+14  2.99544044e+10  2.61772121e+08  3.18988519e+12  7.69647157e+09
 3.84290000e+03  5.55686894e+16  3.87075383e+14  2.99195877e+10  3.13669344e+08  3.18988519e+12  7.69647157e+09
 3.84292500e+03  5.55041007e+16  4.50930689e+14  2.98848115e+10  3.65414954e+08  3.18988519e+12  7.69647157e+09
 3.84295000e+03  5.54395870e+16  5.14599314e+14  2.98500757e+10  4.17009287e+08  3.18988519e+12  7.69647157e+09
 3.84297500e+03  5.53751483e+16  5.78081673e+14  2.98153803e+10  4.68452677e+08  3.18988519e+12  7.69647157e+09
 3.84300000e+03  5.53107846e+16  6.41378179e+14  2.97807252e+10  5.19745460e+08  3.18988519e+12  7.69647157e+09
 3.84300000e+03  5.53107846e+16  6.41378179e+14  2.97807252e+10  5.19745460e+08  3.18988519e+12  7.69647157e+09
 3.84430000e+03  5.85149195e+16  3.87778208e+15  3.15059125e+10  3.14238884e+09  3.18988519e+12  7.69647157e+09
 3.84560000e+03  6.15310244e+16  7.01226336e+15  3.31298596e+10  5.68243848e+09  3.18988519e+12  7.69647157e+09
 3.84690000e+03  6.43701335e+16  1.00431471e+16  3.46585077e+10  8.13853711e+09  3.18988519e+12  7.69647157e+09
 3.84820000e+03  6.70426335e+16  1.29695228e+16  3.60974493e+10  1.05099469e+10  3.18988519e+12  7.69647157e+09
 3.84950000e+03  6.95583017e+16  1.57911414e+16  3.74519487e+10  1.27964660e+10  3.18988519e+12  7.69647157e+09
 3.85080000e+03  7.19263414e+16  1.85083239e+16  3.87269612e+10  1.49983545e+10  3.18988519e+12  7.69647157e+09
 3.85210000e+03  7.41554162e+16  2.11218791e+16  3.99271514e+10  1.71162679e+10  3.18988519e+12  7.69647157e+09
 3.85340000e+03  7.62536808e+16  2.36330313e+16  4.10569102e+10  1.91511984e+10  3.18988519e+12  7.69647157e+09
 3.85470000e+03  7.82288118e+16  2.60433556e+16  4.21203706e+10  2.11044222e+10  3.18988519e+12  7.69647157e+09
 3.85600000e+03  8.00880351e+16  2.83547204e+16  4.31214235e+10  2.29774533e+10  3.18988519e+12  7.69647157e+09
 3.85600000e+03  8.00880351e+16  2.83547204e+16  4.31214235e+10  2.29774533e+10  3.18988519e+12  7.68877510e+09
 3.85602500e+03  7.99949469e+16  2.83981392e+16  4.30713025e+10  2.30126381e+10  3.18988519e+12  7.68877510e+09
 3.85605000e+03  7.99019670e+16  2.84413740e+16  4.30212397e+10  2.30476737e+10  3.18988519e+12  7.68877510e+09
 3.85607500e+03  7.98090951e+16  2.84844252e+16  4.29712351e+10  2.30825605e+10  3.18988519e+12  7.68877510e+09
 3.85610000e+03  7.97163312e+16  2.85272932e+16  4.29212887e+10  2.31172990e+10  3.18988519e+12  7.68877510e+09
 3.85612500e+03  7.96236751e+16  2.85699785e+16  4.28714003e+10  2.31518893e+10  3.18988519e+12  7.68877510e+09
 3.85615000e+03  7.95311267e+16  2.86124816e+16  4.28215699e+10  2.31863320e+10  3.18988519e+12  7.68877510e+09
 3.85617500e+03  7.94386859e+16  2.86548029e+16  4.27717975e+10  2.32206274e+10  3.18988519e+12  7.68877510e+09
 3.85620000e+03  7.93463525e+16  2.86969428e+16  4.27220828e+10  2.32547758e+10  3.18988519e+12  7.68877510e+09
 3.85622500e+03  7.92541265e+16  2.87389018e+16  4.26724260e+10  2.32887776e+10  3.18988519e+12  7.68877510e+09
 3.85625000e+03  7.91620076e+16  2.87806803e+16  4.26228269e+10  2.33226331e+10  3.18988519e+12  7.68877510e+09
 3.85625000e+03  7.91620076e+16  0.00000000e+00  4.26228269e+10  0.00000000e+00  3.20436179e+12  7.68108632e+09
 3.85700000e+03  7.64476752e+16  2.64389355e+15  4.11613617e+10  2.14249831e+09  3.20436179e+12  7.68108632e+09
 3.85775000e+03  7.38264128e+16  5.06188072e+15  3.97500077e+10  4.10193176e+09  3.20436179e+12  7.68108632e+09
 3.85850000e+03  7.12950290e+16  7.26862644e+15  3.83870466e+10  5.89018416e+09  3.20436179e+12  7.68108632e+09
 3.85925000e+03  6.88504421e+16  9.27793885e+15  3.70708192e+10  7.51844504e+09  3.20436179e+12  7.68108632e+09
 3.86000000e+03  6.64896760e+16  1.11028168e+16  3.57997231e+10  8.99724811e+09  3.20436179e+12  7.68108632e+09
 3.86075000e+03  6.42098567e+16  1.27554947e+16  3.45722106e+10  1.03365076e+10  3.20436179e+12  7.68108632e+09
 3.86150000e+03  6.20082084e+16  1.42474852e+16  3.33867876e+10  1.15455530e+10  3.20436179e+12  7.68108632e+09
 3.86225000e+03  5.98820511e+16  1.55896193e+16  3.22420107e+10  1.26331611e+10  3.20436179e+12  7.68108632e+09
 3.86300000e+03  5.78287960e+16  1.67920843e+16  3.11364862e+10  1.36075873e+10  3.20436179e+12  7.68108632e+09
 3.86375000e+03  5.58459437e+16  1.78644600e+16  3.00688684e+10  1.44765948e+10  3.20436179e+12  7.68108632e+09
 3.86375000e+03  5.58459437e+16  0.00000000e+00  3.00688684e+10  0.00000000e+00  3.20436179e+12  7.68108632e+09
 3.86377500e+03  5.57810327e+16  6.48542157e+13  3.00339187e+10  5.25550841e+07  3.20436179e+12  7.68108632e+09
 3.86380000e+03  5.57161971e+16  1.29519630e+14  2.99990096e+10  1.04957172e+08  3.20436179e+12  7.68108632e+09
 3.86382500e+03  5.56514369e+16  1.93996661e+14  2.99641410e+10  1.57206602e+08  3.20436179e+12  7.68108632e+09
 3.86385000e+03  5.55867520e+16  2.58285726e+14  2.99293130e+10  2.09303711e+08  3.20436179e+12  7.68108632e+09
 3.86387500e+03  5.55221423e+16  3.22387240e+14  2.98945255e+10  2.61248838e+08  3.20436179e+12  7.68108632e+09
 3.86390000e+03  5.54576076e+16  3.86301619e+14  2.98597784e+10  3.13042319e+08  3.20436179e+12  7.68108632e+09
 3.86392500e+03  5.53931480e+16  4.50029278e+14  2.98250717e+10  3.64684490e+08  3.20436179e+12  7.68108632e+09
 3.86395000e+03  5.53287633e+16  5.13570630e+14  2.97904054e+10  4.16175685e+08  3.20436179e+12  7.68108632e+09
 3.86397500e+03  5.52644534e+16  5.76926088e+14  2.97557793e+10  4.67516240e+08  3.20436179e+12  7.68108632e+09
 3.86400000e+03  5.52002183e+16  6.40096064e+14  2.97211935e+10  5.18706488e+08  3.20436179e+12  7.68108632e+09
 3.86400000e+03  5.52002183e+16  6.40096064e+14  2.97211935e+10  5.18706488e+08  3.20436179e+12  7.68108632e+09
 3.86530000e+03  5.83979482e+16  3.87003039e+15  3.14429322e+10  3.13610720e+09  3.20436179e+12  7.68108632e+09
 3.86660000e+03  6.14080239e+16  6.99824584e+15  3.30636330e+10  5.67107928e+09  3.20436179e+12  7.68108632e+09
 3.86790000e+03  6.42414576e+16  1.00230709e+16  3.45892254e+10  8.12226817e+09  3.20436179e+12  7.68108632e+09
 3.86920000e+03  6.69086153e+16  1.29435967e+16  3.60252905e+10  1.04889375e+10  3.20436179e+12  7.68108632e+09
 3.87050000e+03  6.94192546e+16  1.57595749e+16  3.73770823e+10  1.27708859e+10  3.20436179e+12  7.68108632e+09
 3.87180000e+03  7.17825607e+16  1.84713257e+16  3.86495460e+10  1.49683728e+10  3.20436179e+12  7.68108632e+09
 3.87310000e+03  7.40071795e+16  2.10796564e+16  3.98473370e+10  1.70820525e+10  3.20436179e+12  7.68108632e+09
 3.87440000e+03  7.61012497e+16  2.35857889e+16  4.09748374e+10  1.91129151e+10  3.20436179e+12  7.68108632e+09
 3.87570000e+03  7.80724324e+16  2.59912950e+16  4.20361720e+10  2.10622344e+10  3.20436179e+12  7.68108632e+09
 3.87700000e+03  7.99279391e+16  2.82980393e+16  4.30352237e+10  2.29315214e+10  3.20436179e+12  7.68108632e+09
 3.87700000e+03  7.99279391e+16  2.82980393e+16  4.30352237e+10  2.29315214e+10  3.20436179e+12  7.67340524e+09
 3.87702500e+03  7.98350370e+16  2.83413713e+16  4.29852029e+10  2.29666358e+10  3.20436179e+12  7.67340524e+09
 3.87705000e+03  7.97422430e+16  2.83845197e+16  4.29352403e+10  2.30016014e+10  3.20436179e+12  7.67340524e+09
 3.87707500e+03  7.96495568e+16  2.84274848e+16  4.28853357e+10  2.30364185e+10  3.20436179e+12  7.67340524e+09
 3.87710000e+03  7.95569783e+16  2.84702671e+16  4.28354891e+10  2.30710875e+10  3.20436179e+12  7.67340524e+09
 3.87712500e+03  7.94645074e+16  2.85128671e+16  4.27857004e+10  2.31056087e+10  3.20436179e+12  7.67340524e+09
 3.87715000e+03  7.93721440e+16  2.85552853e+16  4.27359696e+10  2.31399826e+10  3.20436179e+12  7.67340524e+09
 3.87717500e+03  7.92798880e+16  2.85975220e+16  4.26862966e+10  2.31742094e+10  3.20436179e+12  7.67340524e+09
 3.87720000e+03  7.91877392e+16  2.86395776e+16  4.26366814e+10  2.32082895e+10  3.20436179e+12  7.67340524e+09
 3.87722500e+03  7.90956975e+16  2.86814528e+16  4.25871238e+10  2.32422233e+10  3.20436179e+12  7.67340524e+09
 3.87725000e+03  7.90037628e+16  2.87231478e+16  4.25376238e+10  2.32760111e+10  3.20436179e+12  7.67340524e+09
 3.87725000e+03  7.90037628e+16  0.00000000e+00  4.25376238e+10  0.00000000e+00  3.21880944e+12  7.66573183e+09
 3.87800000e+03  7.62948563e+16  2.63860840e+15  4.10790801e+10  2.13821546e+09  3.21880944e+12  7.66573183e+09
 3.87875000e+03  7.36788338e+16  5.05176202e+15  3.96705474e+10  4.09373200e+09  3.21880944e+12  7.66573183e+09
 3.87950000e+03  7.11525102e+16  7.25409646e+15  3.83103109e+10  5.87840968e+09  3.21880944e+12  7.66573183e+09
 3.88025000e+03  6.87128101e+16  9.25939225e+15  3.69967147e+10  7.50341567e+09  3.21880944e+12  7.66573183e+09
 3.88100000e+03  6.63567632e+16  1.10806222e+16  3.57281594e+10  8.97926261e+09  3.21880944e+12  7.66573183e+09
 3.88175000e+03  6.40815011e+16  1.27299965e+16  3.45031008e+10  1.03158450e+10  3.21880944e+12  7.66573183e+09
 3.88250000e+03  6.18842540e+16  1.42190045e+16  3.33200474e+10  1.15224734e+10  3.21880944e+12  7.66573183e+09
 3.88325000e+03  5.97623468e+16  1.55584556e+16  3.21775589e+10  1.26079074e+10  3.21880944e+12  7.66573183e+09
 3.88400000e+03  5.77131963e+16  1.67585169e+16  3.10742444e+10  1.35803858e+10  3.21880944e+12  7.66573183e+09
 3.88475000e+03  5.57343077e+16  1.78287490e+16  3.00087607e+10  1.44476561e+10  3.21880944e+12  7.66573183e+09
 3.88475000e+03  5.57343077e+16  0.00000000e+00  3.00087607e+10  0.00000000e+00  3.21880944e+12  7.66573183e+09
 3.88477500e+03  5.56695264e+16  6.47245721e+13  2.99738809e+10  5.24500265e+07  3.21880944e+12  7.66573183e+09
 3.88480000e+03  5.56048205e+16  1.29260720e+14  2.99390415e+10  1.04747362e+08  3.21880944e+12  7.66573183e+09
 3.88482500e+03  5.55401897e+16  1.93608862e+14  2.99042427e+10  1.56892346e+08  3.21880944e+12  7.66573183e+09
 3.88485000e+03  5.54756341e+16  2.57769413e+14  2.98694843e+10  2.08885313e+08  3.21880944e+12  7.66573183e+09
 3.88487500e+03  5.54111535e+16  3.21742788e+14  2.98347664e+10  2.60726602e+08  3.21880944e+12  7.66573183e+09
 3.88490000e+03  5.53467479e+16  3.85529402e+14  2.98000887e+10  3.12416548e+08  3.21880944e+12  7.66573183e+09
 3.88492500e+03  5.52824171e+16  4.49129670e+14  2.97654514e+10  3.63955486e+08  3.21880944e+12  7.66573183e+09
 3.88495000e+03  5.52181611e+16  5.12544002e+14  2.97308544e+10  4.15343750e+08  3.21880944e+12  7.66573183e+09
 3.88497500e+03  5.51539798e+16  5.75772813e+14  2.96962975e+10  4.66581675e+08  3.21880944e+12  7.66573183e+09
 3.88500000e+03  5.50898731e+16  6.38816512e+14  2.96617808e+10  5.17669594e+08  3.21880944e+12  7.66573183e+09
 3.88500000e+03  5.50898731e+16  6.38816512e+14  2.96617808e+10  5.17669594e+08  3.21880944e+12  7.66573183e+09
 3.88630000e+03  5.82812107e+16  3.86229420e+15  3.13800777e+10  3.12983812e+09  3.21880944e+12  7.66573183e+09
 3.88760000e+03  6.12852693e+16  6.98425635e+15  3.29975388e+10  5.65974280e+09  3.21880944e+12  7.66573183e+09
 3.88890000e+03  6.41130389e+16  1.00030347e+16  3.45200815e+10  8.10603176e+09  3.21880944e+12  7.66573183e+09
 3.89020000e+03  6.67748649e+16  1.29177225e+16  3.59532760e+10  1.04679701e+10  3.21880944e+12  7.66573183e+09
 3.89150000e+03  6.92804855e+16  1.57280715e+16  3.73023655e+10  1.27453568e+10  3.21880944e+12  7.66573183e+09
 3.89280000e+03  7.16390673e+16  1.84344015e+16  3.85722856e+10  1.49384510e+10  3.21880944e+12  7.66573183e+09
 3.89410000e+03  7.38592391e+16  2.10375182e+16  3.97676822e+10  1.70479055e+10  3.21880944e+12  7.66573183e+09
 3.89540000e+03  7.59491233e+16  2.35386409e+16  4.08929287e+10  1.90747084e+10  3.21880944e+12  7.66573183e+09
 3.89670000e+03  7.79163656e+16  2.59393384e+16  4.19521417e+10  2.10201310e+10  3.21880944e+12  7.66573183e+09
 3.89800000e+03  7.97681631e+16  2.82414715e+16  4.29491963e+10  2.28856813e+10  3.21880944e+12  7.66573183e+09
 3.89800000e+03  7.97681631e+16  2.82414715e+16  4.29491963e+10  2.28856813e+10  3.21880944e+12  7.65806610e+09
 3.89802500e+03  7.96754468e+16  2.82847169e+16  4.28992755e+10  2.29207255e+10  3.21880944e+12  7.65806610e+09
 3.89805000e+03  7.95828382e+16  2.83277790e+16  4.28494127e+10  2.29556212e+10  3.21880944e+12  7.65806610e+09
 3.89807500e+03  7.94903373e+16  2.83706582e+16  4.27996079e+10  2.29903687e+10  3.21880944e+12  7.65806610e+09
 3.89810000e+03  7.93979439e+16  2.84133551e+16  4.27498609e+10  2.30249684e+10  3.21880944e+12  7.65806610e+09
 3.89812500e+03  7.93056579e+16  2.84558699e+16  4.27001718e+10  2.30594206e+10  3.21880944e+12  7.65806610e+09
 3.89815000e+03  7.92134791e+16  2.84982033e+16  4.26505404e+10  2.30937257e+10  3.21880944e+12  7.65806610e+09
 3.89817500e+03  7.91214075e+16  2.85403555e+16  4.26009667e+10  2.31278841e+10  3.21880944e+12  7.65806610e+09
 3.89820000e+03  7.90294429e+16  2.85823271e+16  4.25514507e+10  2.31618961e+10  3.21880944e+12  7.65806610e+09
 3.89822500e+03  7.89375852e+16  2.86241185e+16  4.25019921e+10  2.31957621e+10  3.21880944e+12  7.65806610e+09
 3.89825000e+03  7.88458342e+16  2.86657302e+16  4.24525911e+10  2.32294824e+10  3.21880944e+12  7.65806610e+09
 3.89825000e+03  7.88458342e+16  0.00000000e+00  4.24525911e+10  0.00000000e+00  3.23322822e+12  7.65040803e+09
 3.89900000e+03  7.61423429e+16  2.63333383e+15  4.09969630e+10  2.13394117e+09  3.23322822e+12  7.65040803e+09
 3.89975000e+03  7.35315498e+16  5.04166355e+15  3.95912460e+10  4.08554863e+09  3.23322822e+12  7.65040803e+09
 3.90050000e+03  7.10102764e+16  7.23959552e+15  3.82337286e+10  5.86665874e+09  3.23322822e+12  7.65040803e+09
 3.90125000e+03  6.85754532e+16  9.24088272e+15  3.69227582e+10  7.48841634e+09  3.23322822e+12  7.65040803e+09
 3.90200000e+03  6.62241160e+16  1.10584721e+16  3.56567388e+10  8.96131306e+09  3.23322822e+12  7.65040803e+09
 3.90275000e+03  6.39534022e+16  1.27045492e+16  3.44341291e+10  1.02952236e+10  3.23322822e+12  7.65040803e+09
 3.90350000e+03  6.17605474e+16  1.41905807e+16  3.32534406e+10  1.14994400e+10  3.23322822e+12  7.65040803e+09
 3.90425000e+03  5.96428819e+16  1.55273543e+16  3.21132360e+10  1.25827042e+10  3.23322822e+12  7.65040803e+09
 3.90500000e+03  5.75978276e+16  1.67250167e+16  3.10121270e+10  1.35532386e+10  3.23322822e+12  7.65040803e+09
 3.90575000e+03  5.56228948e+16  1.77931093e+16  2.99487732e+10  1.44187752e+10  3.23322822e+12  7.65040803e+09
 3.90575000e+03  5.56228948e+16  0.00000000e+00  2.99487732e+10  0.00000000e+00  3.23322822e+12  7.65040803e+09
 3.90577500e+03  5.55582430e+16  6.45951877e+13  2.99139631e+10  5.23451789e+07  3.23322822e+12  7.65040803e+09
 3.90580000e+03  5.54936664e+16  1.29002328e+14  2.98791934e+10  1.04537972e+08  3.23322822e+12  7.65040803e+09
 3.90582500e+03  5.54291649e+16  1.93221838e+14  2.98444641e+10  1.56578718e+08  3.23322822e+12  7.65040803e+09
 3.90585000e+03  5.53647383e+16  2.57254131e+14  2.98097752e+10  2.08467752e+08  3.23322822e+12  7.65040803e+09
 3.90587500e+03  5.53003866e+16  3.21099624e+14  2.97751267e+10  2.60205410e+08  3.23322822e+12  7.65040803e+09
 3.90590000e+03  5.52361097e+16  3.84758729e+14  2.97405184e+10  3.11792027e+08  3.23322822e+12  7.65040803e+09
 3.90592500e+03  5.51719076e+16  4.48231859e+14  2.97059503e+10  3.63227939e+08  3.23322822e+12  7.65040803e+09
 3.90595000e+03  5.51077800e+16  5.11519427e+14  2.96714224e+10  4.14513478e+08  3.23322822e+12  7.65040803e+09
 3.90597500e+03  5.50437270e+16  5.74621843e+14  2.96369346e+10  4.65648978e+08  3.23322822e+12  7.65040803e+09
 3.90600000e+03  5.49797484e+16  6.37539518e+14  2.96024869e+10  5.16634773e+08  3.23322822e+12  7.65040803e+09
 3.90600000e+03  5.49797484e+16  6.37539518e+14  2.96024869e+10  5.16634773e+08  3.23322822e+12  7.65040803e+09
 3.90730000e+03  5.81647066e+16  3.85457348e+15  3.13173490e+10  3.12358158e+09  3.23322822e+12  7.65040803e+09
 3.90860000e+03  6.11627600e+16  6.97029482e+15  3.29315768e+10  5.64842897e+09  3.23322822e+12  7.65040803e+09
 3.90990000e+03  6.39848769e+16  9.98303867e+15  3.44510759e+10  8.08982780e+09  3.23322822e+12  7.65040803e+09
 3.91120000e+03  6.66413820e+16  1.28918999e+16  3.58814054e+10  1.04470446e+10  3.23322822e+12  7.65040803e+09
 3.91250000e+03  6.91419938e+16  1.56966311e+16  3.72277980e+10  1.27198789e+10  3.23322822e+12  7.65040803e+09
 3.91380000e+03  7.14958608e+16  1.83975512e+16  3.84951796e+10  1.49085890e+10  3.23322822e+12  7.65040803e+09
 3.91510000e+03  7.37115945e+16  2.09954642e+16  3.96881866e+10  1.70138267e+10  3.23322822e+12  7.65040803e+09
 3.91640000e+03  7.57973010e+16  2.34915872e+16  4.08111837e+10  1.90365781e+10  3.23322822e+12  7.65040803e+09
 3.91770000e+03  7.77606108e+16  2.58874856e+16  4.18682794e+10  2.09781118e+10  3.23322822e+12  7.65040803e+09
 3.91900000e+03  7.96087066e+16  2.81850168e+16  4.28633409e+10  2.28399328e+10  3.23322822e+12  7.65040803e+09
 3.91900000e+03  7.96087066e+16  2.81850168e+16  4.28633409e+10  2.28399328e+10  3.23322822e+12  7.64275763e+09
 3.91902500e+03  7.95161756e+16  2.82281758e+16  4.28135199e+10  2.28749070e+10  3.23322822e+12  7.64275763e+09
 3.91905000e+03  7.94237521e+16  2.82711518e+16  4.27637567e+10  2.29097329e+10  3.23322822e+12  7.64275763e+09
 3.91907500e+03  7.93314361e+16  2.83139453e+16  4.27140514e+10  2.29444110e+10  3.23322822e+12  7.64275763e+09
 3.91910000e+03  7.92392274e+16  2.83565568e+16  4.26644039e+10  2.29789415e+10  3.23322822e+12  7.64275763e+09
 3.91912500e+03  7.91471258e+16  2.83989866e+16  4.26148141e+10  2.30133248e+10  3.23322822e+12  7.64275763e+09
 3.91915000e+03  7.90551314e+16  2.84412354e+16  4.25652820e+10  2.30475614e+10  3.23322822e+12  7.64275763e+09
 3.91917500e+03  7.89632438e+16  2.84833033e+16  4.25158074e+10  2.30816515e+10  3.23322822e+12  7.64275763e+09
 3.91920000e+03  7.88714630e+16  2.85251911e+16  4.24663903e+10  2.31155955e+10  3.23322822e+12  7.64275763e+09
 3.91922500e+03  7.87797889e+16  2.85668989e+16  4.24170307e+10  2.31493938e+10  3.23322822e+12  7.64275763e+09
 3.91925000e+03  7.86882214e+16  2.86084274e+16  4.23677284e+10  2.31830467e+10  3.23322822e+12  7.64275763e+09
 3.91925000e+03  7.86882214e+16  0.00000000e+00  4.23677284e+10  0.00000000e+00  3.24761817e+12  7.63511487e+09
 3.92000000e+03  7.59901344e+16  2.62806979e+15  4.09150101e+10  2.12967542e+09  3.24761817e+12  7.63511487e+09
 3.92075000e+03  7.33845602e+16  5.03158526e+15  3.95121031e+10  4.07738162e+09  3.24761817e+12  7.63511487e+09
 3.92150000e+03  7.08683268e+16  7.22512357e+15  3.81572994e+10  5.85493129e+09  3.24761817e+12  7.63511487e+09
 3.92225000e+03  6.84383709e+16  9.22241020e+15  3.68489496e+10  7.47344700e+09  3.24761817e+12  7.63511487e+09
 3.92300000e+03  6.60917340e+16  1.10363662e+16  3.55854610e+10  8.94339940e+09  3.24761817e+12  7.63511487e+09
 3.92375000e+03  6.38255594e+16  1.26791528e+16  3.43652953e+10  1.02746434e+10  3.24761817e+12  7.63511487e+09
 3.92450000e+03  6.16370881e+16  1.41622137e+16  3.31869670e+10  1.14764526e+10  3.24761817e+12  7.63511487e+09
 3.92525000e+03  5.95236558e+16  1.54963151e+16  3.20490416e+10  1.25575513e+10  3.24761817e+12  7.63511487e+09
 3.92600000e+03  5.74826895e+16  1.66915833e+16  3.09501338e+10  1.35261456e+10  3.24761817e+12  7.63511487e+09
 3.92675000e+03  5.55117046e+16  1.77575409e+16  2.98889056e+10  1.43899521e+10  3.24761817e+12  7.63511487e+09
 3.92675000e+03  5.55117046e+16  0.00000000e+00  2.98889056e+10  0.00000000e+00  3.24761817e+12  7.63511487e+09
 3.92677500e+03  5.54471821e+16  6.44660619e+13  2.98541651e+10  5.22405409e+07  3.24761817e+12  7.63511487e+09
 3.92680000e+03  5.53827346e+16  1.28744453e+14  2.98194649e+10  1.04329001e+08  3.24761817e+12  7.63511487e+09
 3.92682500e+03  5.53183620e+16  1.92835587e+14  2.97848051e+10  1.56265717e+08  3.24761817e+12  7.63511487e+09
 3.92685000e+03  5.52540642e+16  2.56739880e+14  2.97501855e+10  2.08051024e+08  3.24761817e+12  7.63511487e+09
 3.92687500e+03  5.51898411e+16  3.20457746e+14  2.97156062e+10  2.59685259e+08  3.24761817e+12  7.63511487e+09
 3.92690000e+03  5.51256927e+16  3.83989596e+14  2.96810671e+10  3.11168755e+08  3.24761817e+12  7.63511487e+09
 3.92692500e+03  5.50616189e+16  4.47335844e+14  2.96465681e+10  3.62501846e+08  3.24761817e+12  7.63511487e+09
 3.92695000e+03  5.49976195e+16  5.10496900e+14  2.96121092e+10  4.13684866e+08  3.24761817e+12  7.63511487e+09
 3.92697500e+03  5.49336946e+16  5.73473174e+14  2.95776904e+10  4.64718146e+08  3.24761817e+12  7.63511487e+09
 3.92700000e+03  5.48698439e+16  6.36265076e+14  2.95433116e+10  5.15602020e+08  3.24761817e+12  7.63511487e+09
 3.92700000e+03  5.48698439e+16  6.36265076e+14  2.95433116e+10  5.15602020e+08  3.24761817e+12  7.63511487e+09
 3.92830000e+03  5.80484353e+16  3.84686818e+15  3.12547456e+10  3.11733754e+09  3.24761817e+12  7.63511487e+09
 3.92960000e+03  6.10404956e+16  6.95636120e+15  3.28657465e+10  5.63713776e+09  3.24761817e+12  7.63511487e+09
 3.93090000e+03  6.38569712e+16  9.96308257e+15  3.43822082e+10  8.07365623e+09  3.24761817e+12  7.63511487e+09
 3.93220000e+03  6.65081659e+16  1.28661290e+16  3.58096785e+10  1.04261610e+10  3.24761817e+12  7.63511487e+09
 3.93350000e+03  6.90037790e+16  1.56652535e+16  3.71533797e+10  1.26944518e+10  3.24761817e+12  7.63511487e+09
 3.93480000e+03  7.13529406e+16  1.83607745e+16  3.84182277e+10  1.48787868e+10  3.24761817e+12  7.63511487e+09
 3.93610000e+03  7.35642450e+16  2.09534943e+16  3.96088499e+10  1.69798161e+10  3.24761817e+12  7.63511487e+09
 3.93740000e+03  7.56457822e+16  2.34446275e+16  4.07296022e+10  1.89985239e+10  3.24761817e+12  7.63511487e+09
 3.93870000e+03  7.76051674e+16  2.58357366e+16  4.17845847e+10  2.09361765e+10  3.24761817e+12  7.63511487e+09
 3.94000000e+03  7.94495688e+16  2.81286750e+16  4.27776571e+10  2.27942758e+10  3.24761817e+12  7.63511487e+09
 3.94000000e+03  7.94495688e+16  2.81286750e+16  4.27776571e+10  2.27942758e+10  3.24761817e+12  7.62747975e+09
 3.94002500e+03  7.93572228e+16  2.81717476e+16  4.27279356e+10  2.28291801e+10  3.24761817e+12  7.62747975e+09
 3.94005000e+03  7.92649841e+16  2.82146377e+16  4.26782720e+10  2.28639364e+10  3.24761817e+12  7.62747975e+09
 3.94007500e+03  7.91728526e+16  2.82573457e+16  4.26286661e+10  2.28985451e+10  3.24761817e+12  7.62747975e+09
 3.94010000e+03  7.90808282e+16  2.82998720e+16  4.25791178e+10  2.29330066e+10  3.24761817e+12  7.62747975e+09
 3.94012500e+03  7.89889107e+16  2.83422171e+16  4.25296271e+10  2.29673212e+10  3.24761817e+12  7.62747975e+09
 3.94015000e+03  7.88971001e+16  2.83843813e+16  4.24801940e+10  2.30014893e+10  3.24761817e+12  7.62747975e+09
 3.94017500e+03  7.88053963e+16  2.84263652e+16  4.24308183e+10  2.30355113e+10  3.24761817e+12  7.62747975e+09
 3.94020000e+03  7.87137990e+16  2.84681692e+16  4.23815000e+10  2.30693874e+10  3.24761817e+12  7.62747975e+09
 3.94022500e+03  7.86223081e+16  2.85097937e+16  4.23322390e+10  2.31031181e+10  3.24761817e+12  7.62747975e+09
 3.94025000e+03  7.85309237e+16  2.85512391e+16  4.22830353e+10  2.31367037e+10  3.24761817e+12  7.62747975e+09
 3.94025000e+03  7.85309237e+16  0.00000000e+00  4.22830353e+10  0.00000000e+00  3.26197936e+12  7.61985227e+09
 3.94100000e+03  7.58382301e+16  2.62281628e+15  4.08332210e+10  2.12541820e+09  3.26197936e+12  7.61985227e+09
 3.94175000e+03  7.32378645e+16  5.02152712e+15  3.94331184e+10  4.06923093e+09  3.26197936e+12  7.61985227e+09
 3.94250000e+03  7.07266610e+16  7.21068054e+15  3.80810229e+10  5.84322728e+09  3.26197936e+12  7.61985227e+09
 3.94325000e+03  6.83015626e+16  9.20397460e+15  3.67752886e+10  7.45850758e+09  3.26197936e+12  7.61985227e+09
 3.94400000e+03  6.59596166e+16  1.10143045e+16  3.55143257e+10  8.92552154e+09  3.26197936e+12  7.61985227e+09
 3.94475000e+03  6.36979721e+16  1.26538072e+16  3.42965991e+10  1.02541044e+10  3.26197936e+12  7.61985227e+09
 3.94550000e+03  6.15138755e+16  1.41339035e+16  3.31206262e+10  1.14535112e+10  3.26197936e+12  7.61985227e+09
 3.94625000e+03  5.94046680e+16  1.54653380e+16  3.19849756e+10  1.25324488e+10  3.26197936e+12  7.61985227e+09
 3.94700000e+03  5.73677816e+16  1.66582169e+16  3.08882644e+10  1.34991069e+10  3.26197936e+12  7.61985227e+09
 3.94775000e+03  5.54007367e+16  1.77220436e+16  2.98291577e+10  1.43611866e+10  3.26197936e+12  7.61985227e+09
 3.94775000e+03  5.54007367e+16  0.00000000e+00  2.98291577e+10  0.00000000e+00  3.26197936e+12  7.61985227e+09
 3.94777500e+03  5.53363432e+16  6.43371942e+13  2.97944866e+10  5.21361120e+07  3.26197936e+12  7.61985227e+09
 3.94780000e+03  5.52720245e+16  1.28487092e+14  2.97598558e+10  1.04120447e+08  3.26197936e+12  7.61985227e+09
 3.94782500e+03  5.52077806e+16  1.92450109e+14  2.97252652e+10  1.55953342e+08  3.26197936e+12  7.61985227e+09
 3.94785000e+03  5.51436113e+16  2.56226657e+14  2.96907149e+10  2.07635130e+08  3.26197936e+12  7.61985227e+09
 3.94787500e+03  5.50795167e+16  3.19817151e+14  2.96562047e+10  2.59166148e+08  3.26197936e+12  7.61985227e+09
 3.94790000e+03  5.50154965e+16  3.83222001e+14  2.96217346e+10  3.10546728e+08  3.26197936e+12  7.61985227e+09
 3.94792500e+03  5.49515507e+16  4.46441620e+14  2.95873046e+10  3.61777205e+08  3.26197936e+12  7.61985227e+09
 3.94795000e+03  5.48876793e+16  5.09476416e+14  2.95529146e+10  4.12857909e+08  3.26197936e+12  7.61985227e+09
 3.94797500e+03  5.48238821e+16  5.72326801e+14  2.95185646e+10  4.63789175e+08  3.26197936e+12  7.61985227e+09
 3.94800000e+03  5.47601591e+16  6.34993182e+14  2.94842545e+10  5.14571331e+08  3.26197936e+12  7.61985227e+09
 3.94800000e+03  5.47601591e+16  6.34993182e+14  2.94842545e+10  5.14571331e+08  3.26197936e+12  7.61985227e+09
 3.94930000e+03  5.79323965e+16  3.83917830e+15  3.11922673e+10  3.11110598e+09  3.26197936e+12  7.61985227e+09
 3.95060000e+03  6.09184757e+16  6.94245544e+15  3.28000479e+10  5.62586912e+09  3.26197936e+12  7.61985227e+09
 3.95190000e+03  6.37293211e+16  9.94316637e+15  3.43134782e+10  8.05751699e+09  3.26197936e+12  7.61985227e+09
 3.95320000e+03  6.63752160e+16  1.28404096e+16  3.57380949e+10  1.04053191e+10  3.26197936e+12  7.61985227e+09
 3.95450000e+03  6.88658404e+16  1.56339387e+16  3.70791101e+10  1.26690756e+10  3.26197936e+12  7.61985227e+09
 3.95580000e+03  7.12103061e+16  1.83240713e+16  3.83414297e+10  1.48490441e+10  3.26197936e+12  7.61985227e+09
 3.95710000e+03  7.34171901e+16  2.09116082e+16  3.95296718e+10  1.69458734e+10  3.26197936e+12  7.61985227e+09
 3.95840000e+03  7.54945663e+16  2.33977617e+16  4.06481837e+10  1.89605459e+10  3.26197936e+12  7.61985227e+09
 3.95970000e+03  7.74500346e+16  2.57840909e+16  4.17010573e+10  2.08943251e+10  3.26197936e+12  7.61985227e+09
 3.96100000e+03  7.92907491e+16  2.80724458e+16  4.26921445e+10  2.27487100e+10  3.26197936e+12  7.61985227e+09
 3.96100000e+03  7.92907491e+16  2.80724458e+16  4.26921445e+10  2.27487100e+10  3.26197936e+12  7.61223242e+09
 3.96102500e+03  7.91985877e+16  2.81154323e+16  4.26425225e+10  2.27835445e+10  3.26197936e+12  7.61223242e+09
 3.96105000e+03  7.91065334e+16  2.81582367e+16  4.25929581e+10  2.28182314e+10  3.26197936e+12  7.61223242e+09
 3.96107500e+03  7.90145860e+16  2.82008593e+16  4.25434514e+10  2.28527709e+10  3.26197936e+12  7.61223242e+09
 3.96110000e+03  7.89227456e+16  2.82433006e+16  4.24940021e+10  2.28871635e+10  3.26197936e+12  7.61223242e+09
 3.96112500e+03  7.88310119e+16  2.82855610e+16  4.24446104e+10  2.29214095e+10  3.26197936e+12  7.61223242e+09
 3.96115000e+03  7.87393848e+16  2.83276409e+16  4.23952761e+10  2.29555093e+10  3.26197936e+12  7.61223242e+09
 3.96117500e+03  7.86478643e+16  2.83695409e+16  4.23459991e+10  2.29894633e+10  3.26197936e+12  7.61223242e+09
 3.96120000e+03  7.85564501e+16  2.84112613e+16  4.22967794e+10  2.30232717e+10  3.26197936e+12  7.61223242e+09
 3.96122500e+03  7.84651421e+16  2.84528026e+16  4.22476169e+10  2.30569350e+10  3.26197936e+12  7.61223242e+09
 3.96125000e+03  7.83739403e+16  2.84941652e+16  4.21985115e+10  2.30904535e+10  3.26197936e+12  7.61223242e+09
 3.96125000e+03  7.83739403e+16  0.00000000e+00  4.21985115e+10  0.00000000e+00  3.27631184e+12  7.60462019e+09
 3.96200000e+03  7.56866295e+16  2.61757327e+15  4.07515954e+10  2.12116949e+09  3.27631184e+12  7.60462019e+09
 3.96275000e+03  7.30914620e+16  5.01148909e+15  3.93542916e+10  4.06109654e+09  3.27631184e+12  7.60462019e+09
 3.96350000e+03  7.05852785e+16  7.19626639e+15  3.80048990e+10  5.83154667e+09  3.27631184e+12  7.60462019e+09
 3.96425000e+03  6.81650277e+16  9.18557585e+15  3.67017748e+10  7.44359802e+09  3.27631184e+12  7.60462019e+09
 3.96500000e+03  6.58277633e+16  1.09922869e+16  3.54433325e+10  8.90767943e+09  3.27631184e+12  7.60462019e+09
 3.96575000e+03  6.35706398e+16  1.26285122e+16  3.42280402e+10  1.02336065e+10  3.27631184e+12  7.60462019e+09
 3.96650000e+03  6.13909093e+16  1.41056498e+16  3.30544181e+10  1.14306156e+10  3.27631184e+12  7.60462019e+09
 3.96725000e+03  5.92859181e+16  1.54344228e+16  3.19210376e+10  1.25073964e+10  3.27631184e+12  7.60462019e+09
 3.96800000e+03  5.72531035e+16  1.66249171e+16  3.08265188e+10  1.34721222e+10  3.27631184e+12  7.60462019e+09
 3.96875000e+03  5.52899906e+16  1.76866172e+16  2.97695292e+10  1.43324785e+10  3.27631184e+12  7.60462019e+09
 3.96875000e+03  5.52899906e+16  0.00000000e+00  2.97695292e+10  0.00000000e+00  3.27631184e+12  7.60462019e+09
 3.96877500e+03  5.52257258e+16  6.42085842e+13  2.97349274e+10  5.20318919e+07  3.27631184e+12  7.60462019e+09
 3.96880000e+03  5.51615357e+16  1.28230247e+14  2.97003658e+10  1.03912311e+08  3.27631184e+12  7.60462019e+09
 3.96882500e+03  5.50974202e+16  1.92065401e+14  2.96658444e+10  1.55641591e+08  3.27631184e+12  7.60462019e+09
 3.96885000e+03  5.50333792e+16  2.55714460e+14  2.96313631e+10  2.07220068e+08  3.27631184e+12  7.60462019e+09
 3.96887500e+03  5.49694127e+16  3.19177836e+14  2.95969219e+10  2.58648075e+08  3.27631184e+12  7.60462019e+09
 3.96890000e+03  5.49055205e+16  3.82455940e+14  2.95625208e+10  3.09925946e+08  3.27631184e+12  7.60462019e+09
 3.96892500e+03  5.48417026e+16  4.45549183e+14  2.95281596e+10  3.61054012e+08  3.27631184e+12  7.60462019e+09
 3.96895000e+03  5.47779588e+16  5.08457973e+14  2.94938383e+10  4.12032607e+08  3.27631184e+12  7.60462019e+09
 3.96897500e+03  5.47142892e+16  5.71182720e+14  2.94595570e+10  4.62862060e+08  3.27631184e+12  7.60462019e+09
 3.96900000e+03  5.46506935e+16  6.33723831e+14  2.94253155e+10  5.13542703e+08  3.27631184e+12  7.60462019e+09
 3.96900000e+03  5.46506935e+16  6.33723831e+14  2.94253155e+10  5.13542703e+08  3.27631184e+12  7.60462019e+09
 3.97030000e+03  5.78165896e+16  3.83150378e+15  3.11299140e+10  3.10488688e+09  3.27631184e+12  7.60462019e+09
 3.97160000e+03  6.07966997e+16  6.92857747e+15  3.27344806e+10  5.61462301e+09  3.27631184e+12  7.60462019e+09
 3.97290000e+03  6.36019262e+16  9.92328998e+15  3.42448855e+10  8.04141002e+09  3.27631184e+12  7.60462019e+09
 3.97420000e+03  6.62425320e+16  1.28147416e+16  3.56666545e+10  1.03845188e+10  3.27631184e+12  7.60462019e+09
 3.97550000e+03  6.87281776e+16  1.56026865e+16  3.70049889e+10  1.26437502e+10  3.27631184e+12  7.60462019e+09
 3.97680000e+03  7.10679567e+16  1.82874415e+16  3.82647851e+10  1.48193608e+10  3.27631184e+12  7.60462019e+09
 3.97810000e+03  7.32704291e+16  2.08698059e+16  3.94506520e+10  1.69119986e+10  3.27631184e+12  7.60462019e+09
 3.97940000e+03  7.53436527e+16  2.33509895e+16  4.05669280e+10  1.89226438e+10  3.27631184e+12  7.60462019e+09
 3.98070000e+03  7.72952120e+16  2.57325485e+16  4.16176969e+10  2.08525574e+10  3.27631184e+12  7.60462019e+09
 3.98200000e+03  7.91322469e+16  2.80163289e+16  4.26068029e+10  2.27032354e+10  3.27631184e+12  7.60462019e+09
 3.98200000e+03  7.91322469e+16  2.80163289e+16  4.26068029e+10  2.27032354e+10  3.27631184e+12  7.59701557e+09
 3.98202500e+03  7.90402697e+16  2.80592296e+16  4.25572801e+10  2.27380002e+10  3.27631184e+12  7.59701557e+09
 3.98205000e+03  7.89483994e+16  2.81019484e+16  4.25078148e+10  2.27726177e+10  3.27631184e+12  7.59701557e+09
 3.98207500e+03  7.88566359e+16  2.81444858e+16  4.24584070e+10  2.28070882e+10  3.27631184e+12  7.59701557e+09
 3.98210000e+03  7.87649790e+16  2.81868422e+16  4.24090566e+10  2.28414120e+10  3.27631184e+12  7.59701557e+09
 3.98212500e+03  7.86734287e+16  2.82290181e+16  4.23597636e+10  2.28755896e+10  3.27631184e+12  7.59701557e+09
 3.98215000e+03  7.85819848e+16  2.82710140e+16  4.23105279e+10  2.29096213e+10  3.27631184e+12  7.59701557e+09
 3.98217500e+03  7.84906472e+16  2.83128302e+16  4.22613494e+10  2.29435073e+10  3.27631184e+12  7.59701557e+09
 3.98220000e+03  7.83994157e+16  2.83544672e+16  4.22122281e+10  2.29772482e+10  3.27631184e+12  7.59701557e+09
 3.98222500e+03  7.83082903e+16  2.83959255e+16  4.21631639e+10  2.30108442e+10  3.27631184e+12  7.59701557e+09
 3.98225000e+03  7.82172708e+16  2.84372054e+16  4.21141567e+10  2.30442957e+10  3.27631184e+12  7.59701557e+09
 3.98225000e+03  7.82172708e+16  0.00000000e+00  4.21141567e+10  0.00000000e+00  3.29061566e+12  7.58941855e+09
 3.98300000e+03  7.55353319e+16  2.61234074e+15  4.06701329e+10  2.11692927e+09  3.29061566e+12  7.58941855e+09
 3.98375000e+03  7.29453522e+16  5.00147112e+15  3.92756223e+10  4.05297841e+09  3.29061566e+12  7.58941855e+09
 3.98450000e+03  7.04441785e+16  7.18188106e+15  3.79289272e+10  5.81988941e+09  3.29061566e+12  7.58941855e+09
 3.98525000e+03  6.80287658e+16  9.16721389e+15  3.66284079e+10  7.42871827e+09  3.29061566e+12  7.58941855e+09
 3.98600000e+03  6.56961736e+16  1.09703133e+16  3.53724813e+10  8.88987298e+09  3.29061566e+12  7.58941855e+09
 3.98675000e+03  6.34435621e+16  1.26032678e+16  3.41596183e+10  1.02131495e+10  3.29061566e+12  7.58941855e+09
 3.98750000e+03  6.12681889e+16  1.40774526e+16  3.29883423e+10  1.14077658e+10  3.29061566e+12  7.58941855e+09
 3.98825000e+03  5.91674055e+16  1.54035693e+16  3.18572274e+10  1.24823942e+10  3.29061566e+12  7.58941855e+09
 3.98900000e+03  5.71386545e+16  1.65916839e+16  3.07648966e+10  1.34451914e+10  3.29061566e+12  7.58941855e+09
 3.98975000e+03  5.51794659e+16  1.76512617e+16  2.97100199e+10  1.43038279e+10  3.29061566e+12  7.58941855e+09
 3.98975000e+03  5.51794659e+16  0.00000000e+00  2.97100199e+10  0.00000000e+00  3.29061566e+12  7.58941855e+09
 3.98977500e+03  5.51153296e+16  6.40802312e+13  2.96754873e+10  5.19278802e+07  3.29061566e+12  7.58941855e+09
 3.98980000e+03  5.50512678e+16  1.27973914e+14  2.96409948e+10  1.03704590e+08  3.29061566e+12  7.58941855e+09
 3.98982500e+03  5.49872805e+16  1.91681462e+14  2.96065424e+10  1.55330463e+08  3.29061566e+12  7.58941855e+09
 3.98985000e+03  5.49233675e+16  2.55203287e+14  2.95721301e+10  2.06805835e+08  3.29061566e+12  7.58941855e+09
 3.98987500e+03  5.48595288e+16  3.18539800e+14  2.95377577e+10  2.58131037e+08  3.29061566e+12  7.58941855e+09
 3.98990000e+03  5.47957644e+16  3.81691411e+14  2.95034253e+10  3.09306404e+08  3.29061566e+12  7.58941855e+09
 3.98992500e+03  5.47320740e+16  4.44658530e+14  2.94691328e+10  3.60332265e+08  3.29061566e+12  7.58941855e+09
 3.98995000e+03  5.46684577e+16  5.07441565e+14  2.94348802e+10  4.11208953e+08  3.29061566e+12  7.58941855e+09
 3.98997500e+03  5.46049153e+16  5.70040925e+14  2.94006673e+10  4.61936799e+08  3.29061566e+12  7.58941855e+09
 3.99000000e+03  5.45414468e+16  6.32457017e+14  2.93664943e+10  5.12516131e+08  3.29061566e+12  7.58941855e+09
 3.99000000e+03  5.45414468e+16  6.32457017e+14  2.93664943e+10  5.12516131e+08  3.29061566e+12  7.58941855e+09
 3.99130000e+03  5.77010143e+16  3.82384460e+15  3.10676853e+10  3.09868021e+09  3.29061566e+12  7.58941855e+09
 3.99260000e+03  6.06751671e+16  6.91472724e+15  3.26690444e+10  5.60339938e+09  3.29061566e+12  7.58941855e+09
 3.99390000e+03  6.34747859e+16  9.90345333e+15  3.41764300e+10  8.02533524e+09  3.29061566e+12  7.58941855e+09
 3.99520000e+03  6.61101132e+16  1.27891250e+16  3.55953568e+10  1.03637602e+10  3.29061566e+12  7.58941855e+09
 3.99650000e+03  6.85907900e+16  1.55714967e+16  3.69310159e+10  1.26184753e+10  3.29061566e+12  7.58941855e+09
 3.99780000e+03  7.09258918e+16  1.82508849e+16  3.81882938e+10  1.47897369e+10  3.29061566e+12  7.58941855e+09
 3.99910000e+03  7.31239616e+16  2.08280872e+16  3.93717902e+10  1.68781915e+10  3.29061566e+12  7.58941855e+09
 4.00040000e+03  7.51930407e+16  2.33043109e+16  4.04858347e+10  1.88848174e+10  3.29061566e+12  7.58941855e+09
 4.00170000e+03  7.71406989e+16  2.56811092e+16  4.15345031e+10  2.08108731e+10  3.29061566e+12  7.58941855e+09
 4.00300000e+03  7.89740615e+16  2.79603243e+16  4.25216319e+10  2.26578516e+10  3.29061566e+12  7.58941855e+09
 4.00300000e+03  7.89740615e+16  2.79603243e+16  4.25216319e+10  2.26578516e+10  3.29061566e+12  7.58182913e+09
 4.00302500e+03  7.88822682e+16  2.80031392e+16  4.24722081e+10  2.26925470e+10  3.29061566e+12  7.58182913e+09
 4.00305000e+03  7.87905815e+16  2.80457726e+16  4.24228417e+10  2.27270952e+10  3.29061566e+12  7.58182913e+09
 4.00307500e+03  7.86990015e+16  2.80882249e+16  4.23735326e+10  2.27614968e+10  3.29061566e+12  7.58182913e+09
 4.00310000e+03  7.86075278e+16  2.81304967e+16  4.23242809e+10  2.27957521e+10  3.29061566e+12  7.58182913e+09
 4.00312500e+03  7.85161605e+16  2.81725883e+16  4.22750865e+10  2.28298613e+10  3.29061566e+12  7.58182913e+09
 4.00315000e+03  7.84248994e+16  2.82145002e+16  4.22259492e+10  2.28638249e+10  3.29061566e+12  7.58182913e+09
 4.00317500e+03  7.83337444e+16  2.82562329e+16  4.21768690e+10  2.28976433e+10  3.29061566e+12  7.58182913e+09
 4.00320000e+03  7.82426953e+16  2.82977866e+16  4.21278459e+10  2.29313167e+10  3.29061566e+12  7.58182913e+09
 4.00322500e+03  7.81517521e+16  2.83391620e+16  4.20788797e+10  2.29648455e+10  3.29061566e+12  7.58182913e+09
 4.00325000e+03  7.80609145e+16  2.83803594e+16  4.20299705e+10  2.29982301e+10  3.29061566e+12  7.58182913e+09
 4.00325000e+03  7.80609145e+16  0.00000000e+00  4.20299705e+10  0.00000000e+00  3.30489090e+12  7.57424731e+09
 4.00400000e+03  7.53843368e+16  2.60711867e+15  4.05888333e+10  2.11269753e+09  3.30489090e+12  7.57424731e+09
 4.00475000e+03  7.27995344e+16  4.99147318e+15  3.91971104e+10  4.04487650e+09  3.30489090e+12  7.57424731e+09
 4.00550000e+03  7.03033606e+16  7.16752448e+15  3.78531073e+10  5.80825545e+09  3.30489090e+12  7.57424731e+09
 4.00625000e+03  6.78927763e+16  9.14888863e+15  3.65551877e+10  7.41386826e+09  3.30489090e+12  7.57424731e+09
 4.00700000e+03  6.55648470e+16  1.09483837e+16  3.53017717e+10  8.87210212e+09  3.30489090e+12  7.57424731e+09
 4.00775000e+03  6.33167384e+16  1.25780739e+16  3.40913332e+10  1.01927334e+10  3.30489090e+12  7.57424731e+09
 4.00850000e+03  6.11457138e+16  1.40493118e+16  3.29223986e+10  1.13849617e+10  3.30489090e+12  7.57424731e+09
 4.00925000e+03  5.90491299e+16  1.53727776e+16  3.17935448e+10  1.24574418e+10  3.30489090e+12  7.57424731e+09
 4.01000000e+03  5.70244343e+16  1.65585171e+16  3.07033976e+10  1.34183145e+10  3.30489090e+12  7.57424731e+09
 4.01075000e+03  5.50691622e+16  1.76159768e+16  2.96506296e+10  1.42752346e+10  3.30489090e+12  7.57424731e+09
 4.01075000e+03  5.50691622e+16  0.00000000e+00  2.96506296e+10  0.00000000e+00  3.30489090e+12  7.57424731e+09
 4.01077500e+03  5.50051541e+16  6.39521348e+13  2.96161660e+10  5.18240763e+07  3.30489090e+12  7.57424731e+09
 4.01080000e+03  5.49412203e+16  1.27718095e+14  2.95817425e+10  1.03497284e+08  3.30489090e+12  7.57424731e+09
 4.01082500e+03  5.48773609e+16  1.91298291e+14  2.95473589e+10  1.55019958e+08  3.30489090e+12  7.57424731e+09
 4.01085000e+03  5.48135757e+16  2.54693136e+14  2.95130154e+10  2.06392430e+08  3.30489090e+12  7.57424731e+09
 4.01087500e+03  5.47498646e+16  3.17903039e+14  2.94787117e+10  2.57615034e+08  3.30489090e+12  7.57424731e+09
 4.01090000e+03  5.46862276e+16  3.80928410e+14  2.94444479e+10  3.08688100e+08  3.30489090e+12  7.57424731e+09
 4.01092500e+03  5.46226646e+16  4.43769657e+14  2.94102240e+10  3.59611961e+08  3.30489090e+12  7.57424731e+09
 4.01095000e+03  5.45591754e+16  5.06427190e+14  2.93760398e+10  4.10386947e+08  3.30489090e+12  7.57424731e+09
 4.01097500e+03  5.44957601e+16  5.68901414e+14  2.93418954e+10  4.61013387e+08  3.30489090e+12  7.57424731e+09
 4.01100000e+03  5.44324184e+16  6.31192735e+14  2.93077906e+10  5.11491612e+08  3.30489090e+12  7.57424731e+09
 4.01100000e+03  5.44324184e+16  6.31192735e+14  2.93077906e+10  5.11491612e+08  3.30489090e+12  7.57424731e+09
 4.01230000e+03  5.75856699e+16  3.81620074e+15  3.10055810e+10  3.09248595e+09  3.30489090e+12  7.57424731e+09
 4.01360000e+03  6.05538774e+16  6.90090470e+15  3.26037390e+10  5.59219818e+09  3.30489090e+12  7.57424731e+09
 4.01490000e+03  6.33478998e+16  9.88365632e+15  3.41081113e+10  8.00929259e+09  3.30489090e+12  7.57424731e+09
 4.01620000e+03  6.59779590e+16  1.27635595e+16  3.55242017e+10  1.03430430e+10  3.30489090e+12  7.57424731e+09
 4.01750000e+03  6.84536770e+16  1.55403693e+16  3.68571908e+10  1.25932510e+10  3.30489090e+12  7.57424731e+09
 4.01880000e+03  7.07841110e+16  1.82144013e+16  3.81119554e+10  1.47601722e+10  3.30489090e+12  7.57424731e+09
 4.02010000e+03  7.29777868e+16  2.07864518e+16  3.92930860e+10  1.68444520e+10  3.30489090e+12  7.57424731e+09
 4.02140000e+03  7.50427298e+16  2.32577256e+16  4.04049035e+10  1.88470666e+10  3.30489090e+12  7.57424731e+09
 4.02270000e+03  7.69864946e+16  2.56297726e+16  4.14514756e+10  2.07692722e+10  3.30489090e+12  7.57424731e+09
 4.02400000e+03  7.88161924e+16  2.79044316e+16  4.24366312e+10  2.26125586e+10  3.30489090e+12  7.57424731e+09
 4.02400000e+03  7.88161924e+16  2.79044316e+16  4.24366312e+10  2.26125586e+10  3.30489090e+12  7.56667306e+09
 4.02402500e+03  7.87245825e+16  2.79471609e+16  4.23873061e+10  2.26471846e+10  3.30489090e+12  7.56667306e+09
 4.02405000e+03  7.86330792e+16  2.79897091e+16  4.23380384e+10  2.26816638e+10  3.30489090e+12  7.56667306e+09
 4.02407500e+03  7.85416822e+16  2.80320766e+16  4.22888279e+10  2.27159966e+10  3.30489090e+12  7.56667306e+09
 4.02410000e+03  7.84503914e+16  2.80742639e+16  4.22396747e+10  2.27501834e+10  3.30489090e+12  7.56667306e+09
 4.02412500e+03  7.83592067e+16  2.81162713e+16  4.21905786e+10  2.27842244e+10  3.30489090e+12  7.56667306e+09
 4.02415000e+03  7.82681281e+16  2.81580994e+16  4.21415395e+10  2.28181201e+10  3.30489090e+12  7.56667306e+09
 4.02417500e+03  7.81771552e+16  2.81997486e+16  4.20925574e+10  2.28518709e+10  3.30489090e+12  7.56667306e+09
 4.02420000e+03  7.80862882e+16  2.82412194e+16  4.20436323e+10  2.28854770e+10  3.30489090e+12  7.56667306e+09
 4.02422500e+03  7.79955267e+16  2.82825120e+16  4.19947640e+10  2.29189388e+10  3.30489090e+12  7.56667306e+09
 4.02425000e+03  7.79048707e+16  2.83236271e+16  4.19459526e+10  2.29522566e+10  3.30489090e+12  7.56667306e+09
 4.02425000e+03  7.79048707e+16  0.00000000e+00  4.19459526e+10  0.00000000e+00  3.31913760e+12  7.55910639e+09
 4.02500000e+03  7.52336435e+16  2.60190704e+15  4.05076963e+10  2.10847425e+09  3.31913760e+12  7.55910639e+09
 4.02575000e+03  7.26540081e+16  4.98149523e+15  3.91187554e+10  4.03679079e+09  3.31913760e+12  7.55910639e+09
 4.02650000e+03  7.01628241e+16  7.15319660e+15  3.77774389e+10  5.79664475e+09  3.31913760e+12  7.55910639e+09
 4.02725000e+03  6.77570587e+16  9.13060000e+15  3.64821139e+10  7.39904794e+09  3.31913760e+12  7.55910639e+09
 4.02800000e+03  6.54337829e+16  1.09264978e+16  3.52312035e+10  8.85436679e+09  3.31913760e+12  7.55910639e+09
 4.02875000e+03  6.31901683e+16  1.25529303e+16  3.40231846e+10  1.01723581e+10  3.31913760e+12  7.55910639e+09
 4.02950000e+03  6.10234835e+16  1.40212272e+16  3.28565868e+10  1.13622032e+10  3.31913760e+12  7.55910639e+09
 4.03025000e+03  5.89310907e+16  1.53420474e+16  3.17299895e+10  1.24325394e+10  3.31913760e+12  7.55910639e+09
 4.03100000e+03  5.69104425e+16  1.65254166e+16  3.06420215e+10  1.33914912e+10  3.31913760e+12  7.55910639e+09
 4.03175000e+03  5.49590789e+16  1.75807624e+16  2.95913580e+10  1.42466984e+10  3.31913760e+12  7.55910639e+09
 4.03175000e+03  5.49590789e+16  0.00000000e+00  2.95913580e+10  0.00000000e+00  3.31913760e+12  7.55910639e+09
 4.03177500e+03  5.48951988e+16  6.38242945e+13  2.95569633e+10  5.17204800e+07  3.31913760e+12  7.55910639e+09
 4.03180000e+03  5.48313928e+16  1.27462786e+14  2.95226086e+10  1.03290393e+08  3.31913760e+12  7.55910639e+09
 4.03182500e+03  5.47676611e+16  1.90915886e+14  2.94882938e+10  1.54710073e+08  3.31913760e+12  7.55910639e+09
 4.03185000e+03  5.47040034e+16  2.54184004e+14  2.94540188e+10  2.05979852e+08  3.31913760e+12  7.55910639e+09
 4.03187500e+03  5.46404197e+16  3.17267551e+14  2.94197838e+10  2.57100061e+08  3.31913760e+12  7.55910639e+09
 4.03190000e+03  5.45769099e+16  3.80166934e+14  2.93855885e+10  3.08071033e+08  3.31913760e+12  7.55910639e+09
 4.03192500e+03  5.45134739e+16  4.42882562e+14  2.93514330e+10  3.58893097e+08  3.31913760e+12  7.55910639e+09
 4.03195000e+03  5.44501117e+16  5.05414842e+14  2.93173171e+10  4.09566583e+08  3.31913760e+12  7.55910639e+09
 4.03197500e+03  5.43868231e+16  5.67764180e+14  2.92832409e+10  4.60091821e+08  3.31913760e+12  7.55910639e+09
 4.03200000e+03  5.43236080e+16  6.29930981e+14  2.92492044e+10  5.10469140e+08  3.31913760e+12  7.55910639e+09
 4.03200000e+03  5.43236080e+16  6.29930981e+14  2.92492044e+10  5.10469140e+08  3.31913760e+12  7.55910639e+09
 4.03330000e+03  5.74705562e+16  3.80857215e+15  3.09436008e+10  3.08630407e+09  3.31913760e+12  7.55910639e+09
 4.03460000e+03  6.04328302e+16  6.88710979e+15  3.25385641e+10  5.58101938e+09  3.31913760e+12  7.55910639e+09
 4.03590000e+03  6.32212674e+16  9.86389889e+15  3.40399292e+10  7.99328202e+09  3.31913760e+12  7.55910639e+09
 4.03720000e+03  6.58460691e+16  1.27380452e+16  3.54531888e+10  1.03223673e+10  3.31913760e+12  7.55910639e+09
 4.03850000e+03  6.83168381e+16  1.55093041e+16  3.67835133e+10  1.25680771e+10  3.31913760e+12  7.55910639e+09
 4.03980000e+03  7.06426135e+16  1.81779908e+16  3.80357696e+10  1.47306667e+10  3.31913760e+12  7.55910639e+09
 4.04110000e+03  7.28319042e+16  2.07448997e+16  3.92145391e+10  1.68107800e+10  3.31913760e+12  7.55910639e+09
 4.04240000e+03  7.48927194e+16  2.32112334e+16  4.03241341e+10  1.88093914e+10  3.31913760e+12  7.55910639e+09
 4.04370000e+03  7.68325986e+16  2.55785387e+16  4.13686141e+10  2.07277544e+10  3.31913760e+12  7.55910639e+09
 4.04500000e+03  7.86586388e+16  2.78486506e+16  4.23518004e+10  2.25673561e+10  3.31913760e+12  7.55910639e+09
 4.04500000e+03  7.86586388e+16  2.78486506e+16  4.23518004e+10  2.25673561e+10  3.31913760e+12  7.55154728e+09
 4.04502500e+03  7.85672121e+16  2.78912945e+16  4.23025739e+10  2.26019128e+10  3.31913760e+12  7.55154728e+09
 4.04505000e+03  7.84758916e+16  2.79337576e+16  4.22534047e+10  2.26363231e+10  3.31913760e+12  7.55154728e+09
 4.04507500e+03  7.83846773e+16  2.79760405e+16  4.22042926e+10  2.26705873e+10  3.31913760e+12  7.55154728e+09
 4.04510000e+03  7.82935691e+16  2.80181434e+16  4.21552376e+10  2.27047057e+10  3.31913760e+12  7.55154728e+09
 4.04512500e+03  7.82025667e+16  2.80600669e+16  4.21062396e+10  2.27386788e+10  3.31913760e+12  7.55154728e+09
 4.04515000e+03  7.81116701e+16  2.81018114e+16  4.20572986e+10  2.27725067e+10  3.31913760e+12  7.55154728e+09
 4.04517500e+03  7.80208791e+16  2.81433773e+16  4.20084144e+10  2.28061900e+10  3.31913760e+12  7.55154728e+09
 4.04520000e+03  7.79301937e+16  2.81847652e+16  4.19595871e+10  2.28397289e+10  3.31913760e+12  7.55154728e+09
 4.04522500e+03  7.78396136e+16  2.82259753e+16  4.19108165e+10  2.28731238e+10  3.31913760e+12  7.55154728e+09
 4.04525000e+03  7.77491389e+16  2.82670081e+16  4.18621026e+10  2.29063751e+10  3.31913760e+12  7.55154728e+09
 4.04525000e+03  7.77491389e+16  0.00000000e+00  4.18621026e+10  0.00000000e+00  3.33335582e+12  7.54399573e+09
 4.04600000e+03  7.50832514e+16  2.59670583e+15  4.04267214e+10  2.10425940e+09  3.33335582e+12  7.54399573e+09
 4.04675000e+03  7.25087728e+16  4.97153722e+15  3.90405570e+10  4.02872125e+09  3.33335582e+12  7.54399573e+09
 4.04750000e+03  7.00225687e+16  7.13889736e+15  3.77019218e+10  5.78505726e+09  3.33335582e+12  7.54399573e+09
 4.04825000e+03  6.76216123e+16  9.11234793e+15  3.64091862e+10  7.38425724e+09  3.33335582e+12  7.54399573e+09
 4.04900000e+03  6.53029807e+16  1.09046558e+16  3.51607763e+10  8.83666691e+09  3.33335582e+12  7.54399573e+09
 4.04975000e+03  6.30638511e+16  1.25278370e+16  3.39551723e+10  1.01520236e+10  3.33335582e+12  7.54399573e+09
 4.05050000e+03  6.09014975e+16  1.39931988e+16  3.27909064e+10  1.13394901e+10  3.33335582e+12  7.54399573e+09
 4.05125000e+03  5.88132874e+16  1.53113787e+16  3.16665613e+10  1.24076868e+10  3.33335582e+12  7.54399573e+09
 4.05200000e+03  5.67966785e+16  1.64923823e+16  3.05807681e+10  1.33647216e+10  3.33335582e+12  7.54399573e+09
 4.05275000e+03  5.48492157e+16  1.75456185e+16  2.95322049e+10  1.42182192e+10  3.33335582e+12  7.54399573e+09
 4.05275000e+03  5.48492157e+16  0.00000000e+00  2.95322049e+10  0.00000000e+00  3.33335582e+12  7.54399573e+09
 4.05277500e+03  5.47854633e+16  6.36967097e+13  2.94978789e+10  5.16170908e+07  3.33335582e+12  7.54399573e+09
 4.05280000e+03  5.47217849e+16  1.27207988e+14  2.94635929e+10  1.03083916e+08  3.33335582e+12  7.54399573e+09
 4.05282500e+03  5.46581805e+16  1.90534245e+14  2.94293467e+10  1.54400808e+08  3.33335582e+12  7.54399573e+09
 4.05285000e+03  5.45946501e+16  2.53675890e+14  2.93951403e+10  2.05568098e+08  3.33335582e+12  7.54399573e+09
 4.05287500e+03  5.45311935e+16  3.16633333e+14  2.93609736e+10  2.56586118e+08  3.33335582e+12  7.54399573e+09
 4.05290000e+03  5.44678106e+16  3.79406980e+14  2.93268467e+10  3.07455199e+08  3.33335582e+12  7.54399573e+09
 4.05292500e+03  5.44045015e+16  4.41997240e+14  2.92927594e+10  3.58175669e+08  3.33335582e+12  7.54399573e+09
 4.05295000e+03  5.43412659e+16  5.04404517e+14  2.92587118e+10  4.08747860e+08  3.33335582e+12  7.54399573e+09
 4.05297500e+03  5.42781038e+16  5.66629219e+14  2.92247037e+10  4.59172098e+08  3.33335582e+12  7.54399573e+09
 4.05300000e+03  5.42150151e+16  6.28671749e+14  2.91907352e+10  5.09448712e+08  3.33335582e+12  7.54399573e+09
 4.05300000e+03  5.42150151e+16  6.28671749e+14  2.91907352e+10  5.09448712e+08  3.33335582e+12  7.54399573e+09
 4.05430000e+03  5.73556725e+16  3.80095882e+15  3.08817446e+10  3.08013455e+09  3.33335582e+12  7.54399573e+09
 4.05560000e+03  6.03120250e+16  6.87334246e+15  3.24735195e+10  5.56986292e+09  3.33335582e+12  7.54399573e+09
 4.05690000e+03  6.30948881e+16  9.84418096e+15  3.39718834e+10  7.97730345e+09  3.33335582e+12  7.54399573e+09
 4.05820000e+03  6.57144428e+16  1.27125818e+16  3.53823179e+10  1.03017329e+10  3.33335582e+12  7.54399573e+09
 4.05950000e+03  6.81802727e+16  1.54783010e+16  3.67099831e+10  1.25429535e+10  3.33335582e+12  7.54399573e+09
 4.06080000e+03  7.05013989e+16  1.81416529e+16  3.79597361e+10  1.47012201e+10  3.33335582e+12  7.54399573e+09
 4.06210000e+03  7.26863132e+16  2.07034307e+16  3.91361492e+10  1.67771752e+10  3.33335582e+12  7.54399573e+09
 4.06340000e+03  7.47430088e+16  2.31648341e+16  4.02435262e+10  1.87717914e+10  3.33335582e+12  7.54399573e+09
 4.06470000e+03  7.66790103e+16  2.55274072e+16  4.12859183e+10  2.06863196e+10  3.33335582e+12  7.54399573e+09
 4.06600000e+03  7.85014002e+16  2.77929812e+16  4.22671391e+10  2.25222439e+10  3.33335582e+12  7.54399573e+09
 4.06600000e+03  7.85014002e+16  2.77929812e+16  4.22671391e+10  2.25222439e+10  3.33335582e+12  7.53645174e+09
 4.06602500e+03  7.84101562e+16  2.78355398e+16  4.22180111e+10  2.25567316e+10  3.33335582e+12  7.53645174e+09
 4.06605000e+03  7.83190183e+16  2.78779181e+16  4.21689401e+10  2.25910731e+10  3.33335582e+12  7.53645174e+09
 4.06607500e+03  7.82279864e+16  2.79201164e+16  4.21199262e+10  2.26252688e+10  3.33335582e+12  7.53645174e+09
 4.06610000e+03  7.81370602e+16  2.79621351e+16  4.20709693e+10  2.26593190e+10  3.33335582e+12  7.53645174e+09
 4.06612500e+03  7.80462397e+16  2.80039748e+16  4.20220692e+10  2.26932241e+10  3.33335582e+12  7.53645174e+09
 4.06615000e+03  7.79555248e+16  2.80456359e+16  4.19732260e+10  2.27269845e+10  3.33335582e+12  7.53645174e+09
 4.06617500e+03  7.78649154e+16  2.80871187e+16  4.19244396e+10  2.27606004e+10  3.33335582e+12  7.53645174e+09
 4.06620000e+03  7.77744112e+16  2.81284238e+16  4.18757099e+10  2.27940723e+10  3.33335582e+12  7.53645174e+09
 4.06622500e+03  7.76840123e+16  2.81695516e+16  4.18270368e+10  2.28274004e+10  3.33335582e+12  7.53645174e+09
 4.06625000e+03  7.75937184e+16  2.82105024e+16  4.17784203e+10  2.28605852e+10  3.33335582e+12  7.53645174e+09
 4.06625000e+03  7.75937184e+16  0.00000000e+00  4.17784203e+10  0.00000000e+00  3.34754561e+12  7.52891528e+09
 4.06700000e+03  7.49331600e+16  2.59151501e+15  4.03459084e+10  2.10005299e+09  3.34754561e+12  7.52891528e+09
 4.06775000e+03  7.23638277e+16  4.96159912e+15  3.89625149e+10  4.02066783e+09  3.34754561e+12  7.52891528e+09
 4.06850000e+03  6.98825935e+16  7.12462670e+15  3.76265557e+10  5.77349293e+09  3.34754561e+12  7.52891528e+09
 4.06925000e+03  6.74864367e+16  9.09413235e+15  3.63364042e+10  7.36949611e+09  3.34754561e+12  7.52891528e+09
 4.07000000e+03  6.51724401e+16  1.08828574e+16  3.50904899e+10  8.81900241e+09  3.34754561e+12  7.52891528e+09
 4.07075000e+03  6.29377865e+16  1.25027939e+16  3.38872959e+10  1.01317297e+10  3.34754561e+12  7.52891528e+09
 4.07150000e+03  6.07797554e+16  1.39652263e+16  3.27253574e+10  1.13168225e+10  3.34754561e+12  7.52891528e+09
 4.07225000e+03  5.86957197e+16  1.52807712e+16  3.16032598e+10  1.23828838e+10  3.34754561e+12  7.52891528e+09
 4.07300000e+03  5.66831419e+16  1.64594141e+16  3.05196371e+10  1.33380056e+10  3.34754561e+12  7.52891528e+09
 4.07375000e+03  5.47395722e+16  1.75105448e+16  2.94731700e+10  1.41897970e+10  3.34754561e+12  7.52891528e+09
 4.07375000e+03  5.47395722e+16  0.00000000e+00  2.94731700e+10  0.00000000e+00  3.34754561e+12  7.52891528e+09
 4.07377500e+03  5.46759471e+16  6.35693800e+13  2.94389126e+10  5.15139082e+07  3.34754561e+12  7.52891528e+09
 4.07380000e+03  5.46123960e+16  1.26953699e+14  2.94046951e+10  1.02877851e+08  3.34754561e+12  7.52891528e+09
 4.07382500e+03  5.45489188e+16  1.90153367e+14  2.93705174e+10  1.54092160e+08  3.34754561e+12  7.52891528e+09
 4.07385000e+03  5.44855154e+16  2.53168792e+14  2.93363794e+10  2.05157167e+08  3.34754561e+12  7.52891528e+09
 4.07387500e+03  5.44221856e+16  3.16000383e+14  2.93022810e+10  2.56073202e+08  3.34754561e+12  7.52891528e+09
 4.07390000e+03  5.43589295e+16  3.78648546e+14  2.92682223e+10  3.06840596e+08  3.34754561e+12  7.52891528e+09
 4.07392500e+03  5.42957469e+16  4.41113687e+14  2.92342032e+10  3.57459676e+08  3.34754561e+12  7.52891528e+09
 4.07395000e+03  5.42326377e+16  5.03396213e+14  2.92002236e+10  4.07930773e+08  3.34754561e+12  7.52891528e+09
 4.07397500e+03  5.41696019e+16  5.65496527e+14  2.91662836e+10  4.58254213e+08  3.34754561e+12  7.52891528e+09
 4.07400000e+03  5.41066393e+16  6.27415034e+14  2.91323829e+10  5.08430324e+08  3.34754561e+12  7.52891528e+09
 4.07400000e+03  5.41066393e+16  6.27415034e+14  2.91323829e+10  5.08430324e+08  3.34754561e+12  7.52891528e+09
 4.07530000e+03  5.72410186e+16  3.79336070e+15  3.08200120e+10  3.07397736e+09  3.34754561e+12  7.52891528e+09
 4.07660000e+03  6.01914612e+16  6.85960265e+15  3.24086049e+10  5.55872876e+09  3.34754561e+12  7.52891528e+09
 4.07790000e+03  6.29687614e+16  9.82450244e+15  3.39039736e+10  7.96135682e+09  3.34754561e+12  7.52891528e+09
 4.07920000e+03  6.55830796e+16  1.26871694e+16  3.53115886e+10  1.02811397e+10  3.34754561e+12  7.52891528e+09
 4.08050000e+03  6.80439804e+16  1.54473598e+16  3.66365998e+10  1.25178801e+10  3.34754561e+12  7.52891528e+09
 4.08180000e+03  7.03604667e+16  1.81053878e+16  3.78838546e+10  1.46718323e+10  3.34754561e+12  7.52891528e+09
 4.08310000e+03  7.25410132e+16  2.06620445e+16  3.90579160e+10  1.67436376e+10  3.34754561e+12  7.52891528e+09
 4.08440000e+03  7.45935976e+16  2.31185276e+16  4.01630794e+10  1.87342666e+10  3.34754561e+12  7.52891528e+09
 4.08570000e+03  7.65257289e+16  2.54763779e+16  4.12033877e+10  2.06449676e+10  3.34754561e+12  7.52891528e+09
 4.08700000e+03  7.83444759e+16  2.77374230e+16  4.21826471e+10  2.24772219e+10  3.34754561e+12  7.52891528e+09
 4.08700000e+03  7.83444759e+16  2.77374230e+16  4.21826471e+10  2.24772219e+10  3.34754561e+12  7.52138637e+09
 4.08702500e+03  7.82534143e+16  2.77798966e+16  4.21336173e+10  2.25116407e+10  3.34754561e+12  7.52138637e+09
 4.08705000e+03  7.81624586e+16  2.78221901e+16  4.20846444e+10  2.25459136e+10  3.34754561e+12  7.52138637e+09
 4.08707500e+03  7.80716086e+16  2.78643040e+16  4.20357285e+10  2.25800409e+10  3.34754561e+12  7.52138637e+09
 4.08710000e+03  7.79808642e+16  2.79062388e+16  4.19868694e+10  2.26140231e+10  3.34754561e+12  7.52138637e+09
 4.08712500e+03  7.78902253e+16  2.79479949e+16  4.19380671e+10  2.26478604e+10  3.34754561e+12  7.52138637e+09
 4.08715000e+03  7.77996917e+16  2.79895727e+16  4.18893215e+10  2.26815532e+10  3.34754561e+12  7.52138637e+09
 4.08717500e+03  7.77092634e+16  2.80309726e+16  4.18406326e+10  2.27151020e+10  3.34754561e+12  7.52138637e+09
 4.08720000e+03  7.76189402e+16  2.80721951e+16  4.17920003e+10  2.27485069e+10  3.34754561e+12  7.52138637e+09
 4.08722500e+03  7.75287219e+16  2.81132406e+16  4.17434245e+10  2.27817685e+10  3.34754561e+12  7.52138637e+09
 4.08725000e+03  7.74386085e+16  2.81541096e+16  4.16949052e+10  2.28148869e+10  3.34754561e+12  7.52138637e+09
 4.08725000e+03  7.74386085e+16  0.00000000e+00  4.16949052e+10  0.00000000e+00  3.36170705e+12  7.51386498e+09
 4.08800000e+03  7.47833686e+16  2.58633458e+15  4.02652569e+10  2.09585498e+09  3.36170705e+12  7.51386498e+09
 4.08875000e+03  7.22191724e+16  4.95168088e+15  3.88846288e+10  4.01263052e+09  3.36170705e+12  7.51386498e+09
 4.08950000e+03  6.97428982e+16  7.11038457e+15  3.75513402e+10  5.76195171e+09  3.36170705e+12  7.51386498e+09
 4.09025000e+03  6.73515313e+16  9.07595318e+15  3.62637677e+10  7.35476449e+09  3.36170705e+12  7.51386498e+09
 4.09100000e+03  6.50421604e+16  1.08611025e+16  3.50203440e+10  8.80137323e+09  3.36170705e+12  7.51386498e+09
 4.09175000e+03  6.28119739e+16  1.24778008e+16  3.38195552e+10  1.01114764e+10  3.36170705e+12  7.51386498e+09
 4.09250000e+03  6.06582567e+16  1.39373099e+16  3.26599394e+10  1.12942001e+10  3.36170705e+12  7.51386498e+09
 4.09325000e+03  5.85783869e+16  1.52502250e+16  3.15400849e+10  1.23581304e+10  3.36170705e+12  7.51386498e+09
 4.09400000e+03  5.65698323e+16  1.64265117e+16  3.04586284e+10  1.33113429e+10  3.36170705e+12  7.51386498e+09
 4.09475000e+03  5.46301477e+16  1.74755412e+16  2.94142531e+10  1.41614316e+10  3.36170705e+12  7.51386498e+09
 4.09475000e+03  5.46301477e+16  0.00000000e+00  2.94142531e+10  0.00000000e+00  3.36170705e+12  7.51386498e+09
 4.09477500e+03  5.45666499e+16  6.34423048e+13  2.93800643e+10  5.14109319e+07  3.36170705e+12  7.51386498e+09
 4.09480000e+03  5.45032258e+16  1.26699919e+14  2.93459151e+10  1.02672198e+08  3.36170705e+12  7.51386498e+09
 4.09482500e+03  5.44398755e+16  1.89773250e+14  2.93118057e+10  1.53784130e+08  3.36170705e+12  7.51386498e+09
 4.09485000e+03  5.43765988e+16  2.52662708e+14  2.92777360e+10  2.04747058e+08  3.36170705e+12  7.51386498e+09
 4.09487500e+03  5.43133957e+16  3.15368698e+14  2.92437058e+10  2.55561312e+08  3.36170705e+12  7.51386498e+09
 4.09490000e+03  5.42502660e+16  3.77891627e+14  2.92097152e+10  3.06227221e+08  3.36170705e+12  7.51386498e+09
 4.09492500e+03  5.41872097e+16  4.40231901e+14  2.91757640e+10  3.56745114e+08  3.36170705e+12  7.51386498e+09
 4.09495000e+03  5.41242266e+16  5.02389924e+14  2.91418524e+10  4.07115319e+08  3.36170705e+12  7.51386498e+09
 4.09497500e+03  5.40613168e+16  5.64366100e+14  2.91079802e+10  4.57338163e+08  3.36170705e+12  7.51386498e+09
 4.09500000e+03  5.39984801e+16  6.26160831e+14  2.90741473e+10  5.07413972e+08  3.36170705e+12  7.51386498e+09
 4.09500000e+03  5.39984801e+16  6.26160831e+14  2.90741473e+10  5.07413972e+08  3.36170705e+12  7.51386498e+09
 4.09630000e+03  5.71265938e+16  3.78577777e+15  3.07584028e+10  3.06783248e+09  3.36170705e+12  7.51386498e+09
 4.09760000e+03  6.00711385e+16  6.84589030e+15  3.23438201e+10  5.54761687e+09  3.36170705e+12  7.51386498e+09
 4.09890000e+03  6.28428868e+16  9.80486326e+15  3.38361995e+10  7.94544207e+09  3.36170705e+12  7.51386498e+09
 4.10020000e+03  6.54519791e+16  1.26618077e+16  3.52410008e+10  1.02605877e+10  3.36170705e+12  7.51386498e+09
 4.10150000e+03  6.79079605e+16  1.54164806e+16  3.65633633e+10  1.24928569e+10  3.36170705e+12  7.51386498e+09
 4.10280000e+03  7.02198161e+16  1.80691951e+16  3.78081248e+10  1.46425033e+10  3.36170705e+12  7.51386498e+09
 4.10410000e+03  7.23960038e+16  2.06207411e+16  3.89798393e+10  1.67101671e+10  3.36170705e+12  7.51386498e+09
 4.10540000e+03  7.44444850e+16  2.30723137e+16  4.00827934e+10  1.86968168e+10  3.36170705e+12  7.51386498e+09
 4.10670000e+03  7.63727540e+16  2.54254506e+16  4.11210222e+10  2.06036984e+10  3.36170705e+12  7.51386498e+09
 4.10800000e+03  7.81878653e+16  2.76819759e+16  4.20983240e+10  2.24322900e+10  3.36170705e+12  7.51386498e+09
 4.10800000e+03  7.81878653e+16  2.76819759e+16  4.20983240e+10  2.24322900e+10  3.36170705e+12  7.50635112e+09
 4.10802500e+03  7.80969858e+16  2.77243646e+16  4.20493922e+10  2.24666399e+10  3.36170705e+12  7.50635112e+09
 4.10805000e+03  7.80062119e+16  2.77665735e+16  4.20005172e+10  2.25008443e+10  3.36170705e+12  7.50635112e+09
 4.10807500e+03  7.79155435e+16  2.78086033e+16  4.19516990e+10  2.25349034e+10  3.36170705e+12  7.50635112e+09
 4.10810000e+03  7.78249805e+16  2.78504543e+16  4.19029376e+10  2.25688176e+10  3.36170705e+12  7.50635112e+09
 4.10812500e+03  7.77345228e+16  2.78921268e+16  4.18542329e+10  2.26025873e+10  3.36170705e+12  7.50635112e+09
 4.10815000e+03  7.76441702e+16  2.79336215e+16  4.18055848e+10  2.26362128e+10  3.36170705e+12  7.50635112e+09
 4.10817500e+03  7.75539226e+16  2.79749387e+16  4.17569932e+10  2.26696945e+10  3.36170705e+12  7.50635112e+09
 4.10820000e+03  7.74637799e+16  2.80160788e+16  4.17084581e+10  2.27030327e+10  3.36170705e+12  7.50635112e+09
 4.10822500e+03  7.73737420e+16  2.80570423e+16  4.16599794e+10  2.27362277e+10  3.36170705e+12  7.50635112e+09
 4.10825000e+03  7.72838088e+16  2.80978295e+16  4.16115571e+10  2.27692800e+10  3.36170705e+12  7.50635112e+09
 4.10825000e+03  7.72838088e+16  0.00000000e+00  4.16115571e+10  0.00000000e+00  3.37584017e+12  7.49884477e+09
 4.10900000e+03  7.46338767e+16  2.58116449e+15  4.01847666e+10  2.09166537e+09  3.37584017e+12  7.49884477e+09
 4.10975000e+03  7.20748063e+16  4.94178247e+15  3.88068985e+10  4.00460927e+09  3.37584017e+12  7.49884477e+09
 4.11050000e+03  6.96034822e+16  7.09617091e+15  3.74762750e+10  5.75043357e+09  3.37584017e+12  7.49884477e+09
 4.11125000e+03  6.72168956e+16  9.05781034e+15  3.61912765e+10  7.34006232e+09  3.37584017e+12  7.49884477e+09
 4.11200000e+03  6.49121411e+16  1.08393912e+16  3.49503384e+10  8.78377928e+09  3.37584017e+12  7.49884477e+09
 4.11275000e+03  6.26864127e+16  1.24528577e+16  3.37519499e+10  1.00912635e+10  3.37584017e+12  7.49884477e+09
 4.11350000e+03  6.05370009e+16  1.39094492e+16  3.25946522e+10  1.12716230e+10  3.37584017e+12  7.49884477e+09
 4.11425000e+03  5.84612887e+16  1.52197398e+16  3.14770363e+10  1.23334265e+10  3.37584017e+12  7.49884477e+09
 4.11500000e+03  5.64567493e+16  1.63936751e+16  3.03977416e+10  1.32847335e+10  3.37584017e+12  7.49884477e+09
 4.11575000e+03  5.45209421e+16  1.74406076e+16  2.93554540e+10  1.41331229e+10  3.37584017e+12  7.49884477e+09
 4.11575000e+03  5.45209421e+16  0.00000000e+00  2.93554540e+10  0.00000000e+00  3.37584017e+12  7.49884477e+09
 4.11577500e+03  5.44575712e+16  6.33154837e+13  2.93213335e+10  5.13081615e+07  3.37584017e+12  7.49884477e+09
 4.11580000e+03  5.43942739e+16  1.26446646e+14  2.92872527e+10  1.02466956e+08  3.37584017e+12  7.49884477e+09
 4.11582500e+03  5.43310502e+16  1.89393894e+14  2.92532114e+10  1.53476716e+08  3.37584017e+12  7.49884477e+09
 4.11585000e+03  5.42679000e+16  2.52157635e+14  2.92192098e+10  2.04337769e+08  3.37584017e+12  7.49884477e+09
 4.11587500e+03  5.42048232e+16  3.14738276e+14  2.91852476e+10  2.55050445e+08  3.37584017e+12  7.49884477e+09
 4.11590000e+03  5.41418197e+16  3.77136222e+14  2.91513249e+10  3.05615073e+08  3.37584017e+12  7.49884477e+09
 4.11592500e+03  5.40788894e+16  4.39351877e+14  2.91174417e+10  3.56031981e+08  3.37584017e+12  7.49884477e+09
 4.11595000e+03  5.40160323e+16  5.01385646e+14  2.90835978e+10  4.06301495e+08  3.37584017e+12  7.49884477e+09
 4.11597500e+03  5.39532483e+16  5.63237932e+14  2.90497933e+10  4.56423944e+08  3.37584017e+12  7.49884477e+09
 4.11600000e+03  5.38905372e+16  6.24909136e+14  2.90160281e+10  5.06399651e+08  3.37584017e+12  7.49884477e+09
 4.11600000e+03  5.38905372e+16  6.24909136e+14  2.90160281e+10  5.06399651e+08  3.37584017e+12  7.49884477e+09
 4.11730000e+03  5.70123977e+16  3.77821000e+15  3.06969167e+10  3.06169988e+09  3.37584017e+12  7.49884477e+09
 4.11860000e+03  5.99510563e+16  6.83220537e+15  3.22791648e+10  5.53652718e+09  3.37584017e+12  7.49884477e+09
 4.11990000e+03  6.27172639e+16  9.78526334e+15  3.37685610e+10  7.92955913e+09  3.37584017e+12  7.49884477e+09
 4.12120000e+03  6.53211406e+16  1.26364968e+16  3.51705540e+10  1.02400768e+10  3.37584017e+12  7.49884477e+09
 4.12250000e+03  6.77722124e+16  1.53856630e+16  3.64902731e+10  1.24678836e+10  3.37584017e+12  7.49884477e+09
 4.12380000e+03  7.00794467e+16  1.80330748e+16  3.77325464e+10  1.46132330e+10  3.37584017e+12  7.49884477e+09
 4.12510000e+03  7.22512841e+16  2.05795202e+16  3.89019186e+10  1.66767635e+10  3.37584017e+12  7.49884477e+09
 4.12640000e+03  7.42956704e+16  2.30261922e+16  4.00026679e+10  1.86594418e+10  3.37584017e+12  7.49884477e+09
 4.12770000e+03  7.62200848e+16  2.53746252e+16  4.10388212e+10  2.05625116e+10  3.37584017e+12  7.49884477e+09
 4.12900000e+03  7.80315677e+16  2.76266396e+16  4.20141694e+10  2.23874478e+10  3.37584017e+12  7.49884477e+09
 4.12900000e+03  7.80315677e+16  2.76266396e+16  4.20141694e+10  2.23874478e+10  3.37584017e+12  7.49134592e+09
 4.12902500e+03  7.79408699e+16  2.76689436e+16  4.19653354e+10  2.24217291e+10  3.37584017e+12  7.49134592e+09
 4.12905000e+03  7.78502774e+16  2.77110682e+16  4.19165582e+10  2.24558651e+10  3.37584017e+12  7.49134592e+09
 4.12907500e+03  7.77597903e+16  2.77530139e+16  4.18678376e+10  2.24898561e+10  3.37584017e+12  7.49134592e+09
 4.12910000e+03  7.76694083e+16  2.77947812e+16  4.18191737e+10  2.25237026e+10  3.37584017e+12  7.49134592e+09
 4.12912500e+03  7.75791314e+16  2.78363705e+16  4.17705663e+10  2.25574047e+10  3.37584017e+12  7.49134592e+09
 4.12915000e+03  7.74889595e+16  2.78777822e+16  4.17220154e+10  2.25909630e+10  3.37584017e+12  7.49134592e+09
 4.12917500e+03  7.73988923e+16  2.79190168e+16  4.16735210e+10  2.26243778e+10  3.37584017e+12  7.49134592e+09
 4.12920000e+03  7.73089298e+16  2.79600746e+16  4.16250829e+10  2.26576493e+10  3.37584017e+12  7.49134592e+09
 4.12922500e+03  7.72190719e+16  2.80009562e+16  4.15767011e+10  2.26907780e+10  3.37584017e+12  7.49134592e+09
 4.12925000e+03  7.71293184e+16  2.80416620e+16  4.15283756e+10  2.27237642e+10  3.37584017e+12  7.49134592e+09
 4.12925000e+03  7.71293184e+16  0.00000000e+00  4.15283756e+10  0.00000000e+00  3.38994504e+12  7.48385458e+09
 4.13000000e+03  7.44846836e+16  2.57600475e+15  4.01044373e+10  2.08748413e+09  3.38994504e+12  7.48385458e+09
 4.13075000e+03  7.19307288e+16  4.93190385e+15  3.87293235e+10  3.99660406e+09  3.38994504e+12  7.48385458e+09
 4.13150000e+03  6.94643448e+16  7.08198567e+15  3.74013600e+10  5.73893846e+09  3.38994504e+12  7.48385458e+09
 4.13225000e+03  6.70825290e+16  9.03970378e+15  3.61189301e+10  7.32538953e+09  3.38994504e+12  7.48385458e+09
 4.13300000e+03  6.47823817e+16  1.08177233e+16  3.48804726e+10  8.76622051e+09  3.38994504e+12  7.48385458e+09
 4.13375000e+03  6.25611026e+16  1.24279644e+16  3.36844798e+10  1.00710911e+10  3.38994504e+12  7.48385458e+09
 4.13450000e+03  6.04159874e+16  1.38816442e+16  3.25294955e+10  1.12490911e+10  3.38994504e+12  7.48385458e+09
 4.13525000e+03  5.83444246e+16  1.51893155e+16  3.14141137e+10  1.23087720e+10  3.38994504e+12  7.48385458e+09
 4.13600000e+03  5.63438922e+16  1.63609041e+16  3.03369765e+10  1.32581773e+10  3.38994504e+12  7.48385458e+09
 4.13675000e+03  5.44119547e+16  1.74057439e+16  2.92967725e+10  1.41048708e+10  3.38994504e+12  7.48385458e+09
 4.13675000e+03  5.44119547e+16  0.00000000e+00  2.92967725e+10  0.00000000e+00  3.38994504e+12  7.48385458e+09
 4.13677500e+03  5.43487105e+16  6.31889160e+13  2.92627202e+10  5.12055964e+07  3.38994504e+12  7.48385458e+09
 4.13680000e+03  5.42855397e+16  1.26193879e+14  2.92287074e+10  1.02262125e+08  3.38994504e+12  7.48385458e+09
 4.13682500e+03  5.42224424e+16  1.89015295e+14  2.91947343e+10  1.53169916e+08  3.38994504e+12  7.48385458e+09
 4.13685000e+03  5.41594185e+16  2.51653572e+14  2.91608006e+10  2.03929298e+08  3.38994504e+12  7.48385458e+09
 4.13687500e+03  5.40964677e+16  3.14109114e+14  2.91269063e+10  2.54540599e+08  3.38994504e+12  7.48385458e+09
 4.13690000e+03  5.40335902e+16  3.76382327e+14  2.90930514e+10  3.05004149e+08  3.38994504e+12  7.48385458e+09
 4.13692500e+03  5.39707857e+16  4.38473613e+14  2.90592359e+10  3.55320273e+08  3.38994504e+12  7.48385458e+09
 4.13695000e+03  5.39080543e+16  5.00383376e+14  2.90254597e+10  4.05489299e+08  3.38994504e+12  7.48385458e+09
 4.13697500e+03  5.38453957e+16  5.62112019e+14  2.89917228e+10  4.55511552e+08  3.38994504e+12  7.48385458e+09
 4.13700000e+03  5.37828100e+16  6.23659943e+14  2.89580250e+10  5.05387358e+08  3.38994504e+12  7.48385458e+09
 4.13700000e+03  5.37828100e+16  6.23659943e+14  2.89580250e+10  5.05387358e+08  3.38994504e+12  7.48385458e+09
 4.13830000e+03  5.68984299e+16  3.77065736e+15  3.06355536e+10  3.05557954e+09  3.38994504e+12  7.48385458e+09
 4.13960000e+03  5.98312141e+16  6.81854779e+15  3.22146388e+10  5.52545966e+09  3.38994504e+12  7.48385458e+09
 4.14090000e+03  6.25918921e+16  9.76570260e+15  3.37010576e+10  7.91370794e+09  3.38994504e+12  7.48385458e+09
 4.14220000e+03  6.51905636e+16  1.26112364e+16  3.51002481e+10  1.02196069e+10  3.38994504e+12  7.48385458e+09
 4.14350000e+03  6.76367358e+16  1.53549071e+16  3.64173290e+10  1.24429603e+10  3.38994504e+12  7.48385458e+09
 4.14480000e+03  6.99393579e+16  1.79970267e+16  3.76571190e+10  1.45840211e+10  3.38994504e+12  7.48385458e+09
 4.14610000e+03  7.21068538e+16  2.05383818e+16  3.88241536e+10  1.66434266e+10  3.38994504e+12  7.48385458e+09
 4.14740000e+03  7.41471534e+16  2.29801628e+16  3.99227025e+10  1.86221416e+10  3.38994504e+12  7.48385458e+09
 4.14870000e+03  7.60677209e+16  2.53239013e+16  4.09567846e+10  2.05214071e+10  3.38994504e+12  7.48385458e+09
 4.15000000e+03  7.78755826e+16  2.75714140e+16  4.19301831e+10  2.23426953e+10  3.38994504e+12  7.48385458e+09
 4.15000000e+03  7.78755826e+16  2.75714140e+16  4.19301831e+10  2.23426953e+10  3.38994504e+12  7.47637072e+09
 4.15002500e+03  7.77850661e+16  2.76136333e+16  4.18814467e+10  2.23769081e+10  3.38994504e+12  7.47637072e+09
 4.15005000e+03  7.76946547e+16  2.76556737e+16  4.18327670e+10  2.24109758e+10  3.38994504e+12  7.47637072e+09
 4.15007500e+03  7.76043485e+16  2.76975356e+16  4.17841438e+10  2.24448989e+10  3.38994504e+12  7.47637072e+09
 4.15010000e+03  7.75141472e+16  2.77392194e+16  4.17355771e+10  2.24786777e+10  3.38994504e+12  7.47637072e+09
 4.15012500e+03  7.74240508e+16  2.77807256e+16  4.16870669e+10  2.25123125e+10  3.38994504e+12  7.47637072e+09
 4.15015000e+03  7.73340590e+16  2.78220545e+16  4.16386131e+10  2.25458037e+10  3.38994504e+12  7.47637072e+09
 4.15017500e+03  7.72441719e+16  2.78632067e+16  4.15902156e+10  2.25791516e+10  3.38994504e+12  7.47637072e+09
 4.15020000e+03  7.71543893e+16  2.79041824e+16  4.15418744e+10  2.26123567e+10  3.38994504e+12  7.47637072e+09
 4.15022500e+03  7.70647110e+16  2.79449823e+16  4.14935893e+10  2.26454191e+10  3.38994504e+12  7.47637072e+09
 4.15025000e+03  7.69751369e+16  2.79856067e+16  4.14453604e+10  2.26783394e+10  3.38994504e+12  7.47637072e+09
 4.15025000e+03  7.69751369e+16  0.00000000e+00  4.14453604e+10  0.00000000e+00  3.40402171e+12  7.46889435e+09
 4.15100000e+03  7.43357887e+16  2.57085531e+15  4.00242685e+10  2.08331125e+09  3.40402171e+12  7.46889435e+09
 4.15175000e+03  7.17869393e+16  4.92204497e+15  3.86519035e+10  3.98861485e+09  3.40402171e+12  7.46889435e+09
 4.15250000e+03  6.93254856e+16  7.06782878e+15  3.73265946e+10  5.72746632e+09  3.40402171e+12  7.46889435e+09
 4.15325000e+03  6.69484311e+16  9.02163341e+15  3.60467284e+10  7.31074608e+09  3.40402171e+12  7.46889435e+09
 4.15400000e+03  6.46528817e+16  1.07960986e+16  3.48107466e+10  8.74869683e+09  3.40402171e+12  7.46889435e+09
 4.15475000e+03  6.24360429e+16  1.24031209e+16  3.36171445e+10  1.00509590e+10  3.40402171e+12  7.46889435e+09
 4.15550000e+03  6.02952158e+16  1.38538948e+16  3.24644690e+10  1.12266041e+10  3.40402171e+12  7.46889435e+09
 4.15625000e+03  5.82277941e+16  1.51589521e+16  3.13513169e+10  1.22841668e+10  3.40402171e+12  7.46889435e+09
 4.15700000e+03  5.62312608e+16  1.63281987e+16  3.02763329e+10  1.32316742e+10  3.40402171e+12  7.46889435e+09
 4.15775000e+03  5.43031852e+16  1.73709498e+16  2.92382082e+10  1.40766752e+10  3.40402171e+12  7.46889435e+09
 4.15775000e+03  5.43031852e+16  0.00000000e+00  2.92382082e+10  0.00000000e+00  3.40402171e+12  7.46889435e+09
 4.15777500e+03  5.42400674e+16  6.30626014e+13  2.92042240e+10  5.11032365e+07  3.40402171e+12  7.46889435e+09
 4.15780000e+03  5.41770229e+16  1.25941617e+14  2.91702793e+10  1.02057703e+08  3.40402171e+12  7.46889435e+09
 4.15782500e+03  5.41140518e+16  1.88637454e+14  2.91363740e+10  1.52863729e+08  3.40402171e+12  7.46889435e+09
 4.15785000e+03  5.40511538e+16  2.51150517e+14  2.91025081e+10  2.03521643e+08  3.40402171e+12  7.46889435e+09
 4.15787500e+03  5.39883289e+16  3.13481210e+14  2.90686816e+10  2.54031773e+08  3.40402171e+12  7.46889435e+09
 4.15790000e+03  5.39255771e+16  3.75629938e+14  2.90348944e+10  3.04394445e+08  3.40402171e+12  7.46889435e+09
 4.15792500e+03  5.38628981e+16  4.37597104e+14  2.90011465e+10  3.54609988e+08  3.40402171e+12  7.46889435e+09
 4.15795000e+03  5.38002921e+16  4.99383110e+14  2.89674378e+10  4.04678726e+08  3.40402171e+12  7.46889435e+09
 4.15797500e+03  5.37377588e+16  5.60988357e+14  2.89337683e+10  4.54600985e+08  3.40402171e+12  7.46889435e+09
 4.15800000e+03  5.36752982e+16  6.22413246e+14  2.89001379e+10  5.04377089e+08  3.40402171e+12  7.46889435e+09
 4.15800000e+03  5.36752982e+16  6.22413246e+14  2.89001379e+10  5.04377089e+08  3.40402171e+12  7.46889435e+09
 4.15930000e+03  5.67846900e+16  3.76311982e+15  3.05743131e+10  3.04947144e+09  3.40402171e+12  7.46889435e+09
 4.16060000e+03  5.97116115e+16  6.80491751e+15  3.21502417e+10  5.51441427e+09  3.40402171e+12  7.46889435e+09
 4.16190000e+03  6.24667709e+16  9.74618096e+15  3.36336892e+10  7.89788844e+09  3.40402171e+12  7.46889435e+09
 4.16320000e+03  6.50602477e+16  1.25860265e+16  3.50300827e+10  1.01991779e+10  3.40402171e+12  7.46889435e+09
 4.16450000e+03  6.75015300e+16  1.53242126e+16  3.63445308e+10  1.24180869e+10  3.40402171e+12  7.46889435e+09
 4.16580000e+03  6.97995491e+16  1.79610506e+16  3.75818424e+10  1.45548677e+10  3.40402171e+12  7.46889435e+09
 4.16710000e+03  7.19627122e+16  2.04973255e+16  3.87465442e+10  1.66101564e+10  3.40402171e+12  7.46889435e+09
 4.16840000e+03  7.39989332e+16  2.29342254e+16  3.98428970e+10  1.85849160e+10  3.40402171e+12  7.46889435e+09
 4.16970000e+03  7.59156615e+16  2.52732788e+16  4.08749120e+10  2.04803848e+10  3.40402171e+12  7.46889435e+09
 4.17100000e+03  7.77199093e+16  2.75162987e+16  4.18463647e+10  2.22980323e+10  3.40402171e+12  7.46889435e+09
 4.17100000e+03  7.77199093e+16  2.75162987e+16  4.18463647e+10  2.22980323e+10  3.40402171e+12  7.46142546e+09
 4.17102500e+03  7.76295737e+16  2.75584337e+16  4.17977257e+10  2.23321766e+10  3.40402171e+12  7.46142546e+09
 4.17105000e+03  7.75393431e+16  2.76003901e+16  4.17491433e+10  2.23661763e+10  3.40402171e+12  7.46142546e+09
 4.17107500e+03  7.74492174e+16  2.76421683e+16  4.17006173e+10  2.24000316e+10  3.40402171e+12  7.46142546e+09
 4.17110000e+03  7.73591964e+16  2.76837687e+16  4.16521477e+10  2.24337428e+10  3.40402171e+12  7.46142546e+09
 4.17112500e+03  7.72692801e+16  2.77251919e+16  4.16037345e+10  2.24673104e+10  3.40402171e+12  7.46142546e+09
 4.17115000e+03  7.71794682e+16  2.77664382e+16  4.15553775e+10  2.25007346e+10  3.40402171e+12  7.46142546e+09
 4.17117500e+03  7.70897608e+16  2.78075081e+16  4.15070768e+10  2.25340159e+10  3.40402171e+12  7.46142546e+09
 4.17120000e+03  7.70001576e+16  2.78484020e+16  4.14588322e+10  2.25671546e+10  3.40402171e+12  7.46142546e+09
 4.17122500e+03  7.69106586e+16  2.78891203e+16  4.14106436e+10  2.26001509e+10  3.40402171e+12  7.46142546e+09
 4.17125000e+03  7.68212636e+16  2.79296635e+16  4.13625111e+10  2.26330054e+10  3.40402171e+12  7.46142546e+09
 4.17125000e+03  7.68212636e+16  0.00000000e+00  4.13625111e+10  0.00000000e+00  3.41807025e+12  7.45396403e+09
 4.17200000e+03  7.41871914e+16  2.56571617e+15  3.99442600e+10  2.07914671e+09  3.41807025e+12  7.45396403e+09
 4.17275000e+03  7.16434372e+16  4.91220580e+15  3.85746384e+10  3.98064160e+09  3.41807025e+12  7.45396403e+09
 4.17350000e+03  6.91869040e+16  7.05370019e+15  3.72519788e+10  5.71601711e+09  3.41807025e+12  7.45396403e+09
 4.17425000e+03  6.68146012e+16  9.00359917e+15  3.59746710e+10  7.29613190e+09  3.41807025e+12  7.45396403e+09
 4.17500000e+03  6.45236406e+16  1.07745172e+16  3.47411599e+10  8.73120819e+09  3.41807025e+12  7.45396403e+09
 4.17575000e+03  6.23112333e+16  1.23783271e+16  3.35499438e+10  1.00308671e+10  3.41807025e+12  7.45396403e+09
 4.17650000e+03  6.01746857e+16  1.38262008e+16  3.23995726e+10  1.12041621e+10  3.41807025e+12  7.45396403e+09
 4.17725000e+03  5.81113967e+16  1.51286493e+16  3.12886456e+10  1.22596107e+10  3.41807025e+12  7.45396403e+09
 4.17800000e+03  5.61188545e+16  1.62955586e+16  3.02158105e+10  1.32052241e+10  3.41807025e+12  7.45396403e+09
 4.17875000e+03  5.41946332e+16  1.73362252e+16  2.91797610e+10  1.40485359e+10  3.41807025e+12  7.45396403e+09
 4.17875000e+03  5.41946332e+16  0.00000000e+00  2.91797610e+10  0.00000000e+00  3.41807025e+12  7.45396403e+09
 4.17877500e+03  5.41316415e+16  6.29365392e+13  2.91458447e+10  5.10010811e+07  3.41807025e+12  7.45396403e+09
 4.17880000e+03  5.40687231e+16  1.25689860e+14  2.91119679e+10  1.01853690e+08  3.41807025e+12  7.45396403e+09
 4.17882500e+03  5.40058778e+16  1.88260368e+14  2.90781304e+10  1.52558154e+08  3.41807025e+12  7.45396403e+09
 4.17885000e+03  5.39431055e+16  2.50648467e+14  2.90443322e+10  2.03114803e+08  3.41807025e+12  7.45396403e+09
 4.17887500e+03  5.38804062e+16  3.12854561e+14  2.90105733e+10  2.53523963e+08  3.41807025e+12  7.45396403e+09
 4.17890000e+03  5.38177798e+16  3.74879054e+14  2.89768537e+10  3.03785961e+08  3.41807025e+12  7.45396403e+09
 4.17892500e+03  5.37552262e+16  4.36722348e+14  2.89431732e+10  3.53901122e+08  3.41807025e+12  7.45396403e+09
 4.17895000e+03  5.36927453e+16  4.98384843e+14  2.89095319e+10  4.03869773e+08  3.41807025e+12  7.45396403e+09
 4.17897500e+03  5.36303370e+16  5.59866942e+14  2.88759297e+10  4.53692237e+08  3.41807025e+12  7.45396403e+09
 4.17900000e+03  5.35680012e+16  6.21169042e+14  2.88423666e+10  5.03368839e+08  3.41807025e+12  7.45396403e+09
 4.17900000e+03  5.35680012e+16  6.21169042e+14  2.88423666e+10  5.03368839e+08  3.41807025e+12  7.45396403e+09
 4.18030000e+03  5.66711774e+16  3.75559734e+15  3.05131951e+10  3.04337555e+09  3.41807025e+12  7.45396403e+09
 4.18160000e+03  5.95922480e+16  6.79131448e+15  3.20859734e+10  5.50339095e+09  3.41807025e+12  7.45396403e+09
 4.18290000e+03  6.23418998e+16  9.72669834e+15  3.35664555e+10  7.88210056e+09  3.41807025e+12  7.45396403e+09
 4.18420000e+03  6.49301922e+16  1.25608671e+16  3.49600575e+10  1.01787897e+10  3.41807025e+12  7.45396403e+09
 4.18550000e+03  6.73665944e+16  1.52935795e+16  3.62718781e+10  1.23932631e+10  3.41807025e+12  7.45396403e+09
 4.18680000e+03  6.96600198e+16  1.79251465e+16  3.75067163e+10  1.45257725e+10  3.41807025e+12  7.45396403e+09
 4.18810000e+03  7.18188588e+16  2.04563514e+16  3.86690898e+10  1.65769527e+10  3.41807025e+12  7.45396403e+09
 4.18940000e+03  7.38510094e+16  2.28883799e+16  3.97632511e+10  1.85477647e+10  3.41807025e+12  7.45396403e+09
 4.19070000e+03  7.57639061e+16  2.52227575e+16  4.07932031e+10  2.04394445e+10  3.41807025e+12  7.45396403e+09
 4.19200000e+03  7.75645472e+16  2.74612937e+16  4.17627138e+10  2.22534585e+10  3.41807025e+12  7.45396403e+09
 4.19200000e+03  7.75645472e+16  2.74612937e+16  4.17627138e+10  2.22534585e+10  3.41807025e+12  7.44651007e+09
 4.19202500e+03  7.74743922e+16  2.75033444e+16  4.17141721e+10  2.22875346e+10  3.41807025e+12  7.44651007e+09
 4.19205000e+03  7.73843420e+16  2.75452169e+16  4.16656867e+10  2.23214663e+10  3.41807025e+12  7.44651007e+09
 4.19207500e+03  7.72943964e+16  2.75869116e+16  4.16172578e+10  2.23552539e+10  3.41807025e+12  7.44651007e+09
 4.19210000e+03  7.72045554e+16  2.76284289e+16  4.15688851e+10  2.23888977e+10  3.41807025e+12  7.44651007e+09
 4.19212500e+03  7.71148188e+16  2.76697692e+16  4.15205686e+10  2.24223982e+10  3.41807025e+12  7.44651007e+09
 4.19215000e+03  7.70251865e+16  2.77109331e+16  4.14723083e+10  2.24557557e+10  3.41807025e+12  7.44651007e+09
 4.19217500e+03  7.69356584e+16  2.77519209e+16  4.14241041e+10  2.24889704e+10  3.41807025e+12  7.44651007e+09
 4.19220000e+03  7.68462343e+16  2.77927330e+16  4.13759560e+10  2.25220428e+10  3.41807025e+12  7.44651007e+09
 4.19222500e+03  7.67569142e+16  2.78333699e+16  4.13278637e+10  2.25549732e+10  3.41807025e+12  7.44651007e+09
 4.19225000e+03  7.66676979e+16  2.78738321e+16  4.12798274e+10  2.25877620e+10  3.41807025e+12  7.44651007e+09
 4.19225000e+03  7.66676979e+16  0.00000000e+00  4.12798274e+10  0.00000000e+00  3.43209070e+12  7.43906356e+09
 4.19300000e+03  7.40388912e+16  2.56058731e+15  3.98644114e+10  2.07499050e+09  3.43209070e+12  7.43906356e+09
 4.19375000e+03  7.15002219e+16  4.90238630e+15  3.84975277e+10  3.97268430e+09  3.43209070e+12  7.43906356e+09
 4.19450000e+03  6.90485993e+16  7.03959984e+15  3.71775121e+10  5.70459079e+09  3.43209070e+12  7.43906356e+09
 4.19525000e+03  6.66810388e+16  8.98560097e+15  3.59027576e+10  7.28154693e+09  3.43209070e+12  7.43906356e+09
 4.19600000e+03  6.43946579e+16  1.07529790e+16  3.46717123e+10  8.71375450e+09  3.43209070e+12  7.43906356e+09
 4.19675000e+03  6.21866731e+16  1.23535828e+16  3.34828775e+10  1.00108154e+10  3.43209070e+12  7.43906356e+09
 4.19750000e+03  6.00543965e+16  1.37985623e+16  3.23348058e+10  1.11817650e+10  3.43209070e+12  7.43906356e+09
 4.19825000e+03  5.79952320e+16  1.50984072e+16  3.12260996e+10  1.22351038e+10  3.43209070e+12  7.43906356e+09
 4.19900000e+03  5.60066729e+16  1.62629838e+16  3.01554091e+10  1.31788269e+10  3.43209070e+12  7.43906356e+09
 4.19975000e+03  5.40862981e+16  1.73015701e+16  2.91214307e+10  1.40204529e+10  3.43209070e+12  7.43906356e+09
 4.19975000e+03  5.40862981e+16  0.00000000e+00  2.91214307e+10  0.00000000e+00  3.43209070e+12  7.43906356e+09
 4.19977500e+03  5.40234324e+16  6.28107291e+13  2.90875822e+10  5.08991299e+07  3.43209070e+12  7.43906356e+09
 4.19980000e+03  5.39606397e+16  1.25438606e+14  2.90537730e+10  1.01650084e+08  3.43209070e+12  7.43906356e+09
 4.19982500e+03  5.38979200e+16  1.87884035e+14  2.90200032e+10  1.52253191e+08  3.43209070e+12  7.43906356e+09
 4.19985000e+03  5.38352733e+16  2.50147420e+14  2.89862726e+10  2.02708777e+08  3.43209070e+12  7.43906356e+09
 4.19987500e+03  5.37726993e+16  3.12229165e+14  2.89525812e+10  2.53017169e+08  3.43209070e+12  7.43906356e+09
 4.19990000e+03  5.37101981e+16  3.74129671e+14  2.89189289e+10  3.03178693e+08  3.43209070e+12  7.43906356e+09
 4.19992500e+03  5.36477695e+16  4.35849340e+14  2.88853158e+10  3.53193674e+08  3.43209070e+12  7.43906356e+09
 4.19995000e+03  5.35854135e+16  4.97388572e+14  2.88517418e+10  4.03062437e+08  3.43209070e+12  7.43906356e+09
 4.19997500e+03  5.35231300e+16  5.58747767e+14  2.88182067e+10  4.52785306e+08  3.43209070e+12  7.43906356e+09
 4.20000000e+03  5.34609188e+16  6.19927325e+14  2.87847107e+10  5.02362605e+08  3.43209070e+12  7.43906356e+09
