# time Anum Bnum Aact Bact Bcum inventory
# 5476 7
# 5476 7
 0.00000000e+00  0.00000000e+00  0.00000000e+00  0.00000000e+00  0.00000000e+00  0.00000000e+00  1.11000000e+10
 5.50000000e-01  4.00433336e+15  5.07903870e+13  2.15603435e+09  4.11583585e+07  0.00000000e+00  1.11000000e+10
 1.10000000e+00  7.90751156e+15  1.98886229e+14  4.25760420e+09  1.61168899e+08  0.00000000e+00  1.11000000e+10
 1.65000000e+00  1.17120899e+16  4.38105158e+14  6.30608541e+09  3.55021693e+08  0.00000000e+00  1.11000000e+10
 2.20000000e+00  1.54205592e+16  7.62561668e+14  8.30281907e+09  6.17947379e+08  0.00000000e+00  1.11000000e+10
 2.75000000e+00  1.90353473e+16  1.16665431e+15  1.02491124e+10  9.45406781e+08  0.00000000e+00  1.11000000e+10
 3.30000000e+00  2.25588207e+16  1.64505338e+15  1.21462396e+10  1.33308094e+09  0.00000000e+00  1.11000000e+10
 3.85000000e+00  2.59932862e+16  2.19268918e+15  1.39954426e+10  1.77686158e+09  0.00000000e+00  1.11000000e+10
 4.40000000e+00  2.93409922e+16  2.80474066e+15  1.57979322e+10  2.27284194e+09  0.00000000e+00  1.11000000e+10
 4.95000000e+00  3.26041303e+16  3.47662461e+15  1.75548883e+10  2.81730797e+09  0.00000000e+00  1.11000000e+10
 5.50000000e+00  3.57848369e+16  4.20398527e+15  1.92674612e+10  3.40672996e+09  0.00000000e+00  1.11000000e+10
 6.05000000e+00  3.88851944e+16  4.98268436e+15  2.09367721e+10  4.03775441e+09  0.00000000e+00  1.11000000e+10
 6.60000000e+00  4.19072324e+16  5.80879151e+15  2.25639138e+10  4.70719634e+09  0.00000000e+00  1.11000000e+10
 7.15000000e+00  4.48529295e+16  6.67857516e+15  2.41499515e+10  5.41203182e+09  0.00000000e+00  1.11000000e+10
 7.70000000e+00  4.77242140e+16  7.58849368e+15  2.56959238e+10  6.14939090e+09  0.00000000e+00  1.11000000e+10
 8.25000000e+00  5.05229659e+16  8.53518707e+15  2.72028425e+10  6.91655076e+09  0.00000000e+00  1.11000000e+10
 8.80000000e+00  5.32510172e+16  9.51546881e+15  2.86716944e+10  7.71092918e+09  0.00000000e+00  1.11000000e+10
 9.35000000e+00  5.59101541e+16  1.05263182e+16  3.01034409e+10  8.53007828e+09  0.00000000e+00  1.11000000e+10
 9.90000000e+00  5.85021174e+16  1.15648727e+16  3.14990195e+10  9.37167852e+09  0.00000000e+00  1.11000000e+10
 1.04500000e+01  6.10286041e+16  1.26284215e+16  3.28593438e+10  1.02335329e+10  0.00000000e+00  1.11000000e+10
 1.10000000e+01  6.34912681e+16  1.37143977e+16  3.41853044e+10  1.11135616e+10  0.00000000e+00  1.11000000e+10
 1.15500000e+01  6.58917217e+16  1.48203727e+16  3.54777693e+10  1.20097965e+10  0.00000000e+00  1.11000000e+10
 1.21000000e+01  6.82315364e+16  1.59440495e+16  3.67375847e+10  1.29203762e+10  0.00000000e+00  1.11000000e+10
 1.26500000e+01  7.05122441e+16  1.70832568e+16  3.79655754e+10  1.38435411e+10  0.00000000e+00  1.11000000e+10
 1.32000000e+01  7.27353378e+16  1.82359433e+16  3.91625453e+10  1.47776289e+10  0.00000000e+00  1.11000000e+10
 1.37500000e+01  7.49022731e+16  1.94001722e+16  4.03292781e+10  1.57210703e+10  0.00000000e+00  1.11000000e+10
 1.43000000e+01  7.70144685e+16  2.05741159e+16  4.14665375e+10  1.66723840e+10  0.00000000e+00  1.11000000e+10
 1.48500000e+01  7.90733068e+16  2.17560510e+16  4.25750681e+10  1.76301737e+10  0.00000000e+00  1.11000000e+10
 1.54000000e+01  8.10801359e+16  2.29443534e+16  4.36555956e+10  1.85931232e+10  0.00000000e+00  1.11000000e+10
 1.59500000e+01  8.30362697e+16  2.41374939e+16  4.47088275e+10  1.95599933e+10  0.00000000e+00  1.11000000e+10
 1.65000000e+01  8.49429887e+16  2.53340336e+16  4.57354533e+10  2.05296179e+10  0.00000000e+00  1.11000000e+10
 1.70500000e+01  8.68015414e+16  2.65326195e+16  4.67361450e+10  2.15009007e+10  0.00000000e+00  1.11000000e+10
 1.76000000e+01  8.86131443e+16  2.77319809e+16  4.77115579e+10  2.24728119e+10  0.00000000e+00  1.11000000e+10
 1.81500000e+01  9.03789836e+16  2.89309250e+16  4.86623304e+10  2.34443849e+10  0.00000000e+00  1.11000000e+10
 1.87000000e+01  9.21002152e+16  3.01283337e+16  4.95890850e+10  2.44147138e+10  0.00000000e+00  1.11000000e+10
 1.92500000e+01  9.37779661e+16  3.13231596e+16  5.04924285e+10  2.53829496e+10  0.00000000e+00  1.11000000e+10
 1.98000000e+01  9.54133346e+16  3.25144229e+16  5.13729523e+10  2.63482984e+10  0.00000000e+00  1.11000000e+10
 2.03500000e+01  9.70073914e+16  3.37012079e+16  5.22312328e+10  2.73100183e+10  0.00000000e+00  1.11000000e+10
 2.09000000e+01  9.85611801e+16  3.48826602e+16  5.30678319e+10  2.82674167e+10  0.00000000e+00  1.11000000e+10
 2.14500000e+01  1.00075718e+17  3.60579833e+16  5.38832973e+10  2.92198483e+10  0.00000000e+00  1.11000000e+10
 2.20000000e+01  1.01551996e+17  3.72264363e+16  5.46781629e+10  3.01667127e+10  0.00000000e+00  1.11000000e+10
 2.20000000e+01  1.01551996e+17  3.72264363e+16  5.46781629e+10  3.01667127e+10  0.00000000e+00  1.11000000e+10
 2.21000000e+01  1.01080674e+17  3.74363810e+16  5.44243911e+10  3.03368429e+10  0.00000000e+00  1.11000000e+10
 2.22000000e+01  1.00611539e+17  3.76426810e+16  5.41717971e+10  3.05040196e+10  0.00000000e+00  1.11000000e+10
 2.23000000e+01  1.00144582e+17  3.78453720e+16  5.39203755e+10  3.06682717e+10  0.00000000e+00  1.11000000e+10
 2.24000000e+01  9.96797918e+16  3.80444891e+16  5.36701208e+10  3.08296277e+10  0.00000000e+00  1.11000000e+10
 2.25000000e+01  9.92171589e+16  3.82400673e+16  5.34210275e+10  3.09881159e+10  0.00000000e+00  1.11000000e+10
 2.26000000e+01  9.87566731e+16  3.84321413e+16  5.31730903e+10  3.11437645e+10  0.00000000e+00  1.11000000e+10
 2.27000000e+01  9.82983246e+16  3.86207454e+16  5.29263039e+10  3.12966012e+10  0.00000000e+00  1.11000000e+10
 2.28000000e+01  9.78421033e+16  3.88059139e+16  5.26806628e+10  3.14466538e+10  0.00000000e+00  1.11000000e+10
 2.29000000e+01  9.73879994e+16  3.89876803e+16  5.24361618e+10  3.15939496e+10  0.00000000e+00  1.11000000e+10
 2.30000000e+01  9.69360032e+16  3.91660784e+16  5.21927956e+10  3.17385157e+10  0.00000000e+00  1.11000000e+10
 2.30000000e+01  9.69360032e+16  3.91660784e+16  5.21927956e+10  3.17385157e+10  3.30398665e+10  1.10977800e+10
 2.31000000e+01  9.64861047e+16  3.93411413e+16  5.19505588e+10  3.18803792e+10  3.30398665e+10  1.10977800e+10
 2.32000000e+01  9.60382943e+16  3.95129021e+16  5.17094464e+10  3.20195668e+10  3.30398665e+10  1.10977800e+10
 2.33000000e+01  9.55925622e+16  3.96813933e+16  5.14694530e+10  3.21561049e+10  3.30398665e+10  1.10977800e+10
 2.34000000e+01  9.51488989e+16  3.98466475e+16  5.12305734e+10  3.22900198e+10  3.30398665e+10  1.10977800e+10
 2.35000000e+01  9.47072947e+16  4.00086967e+16  5.09928026e+10  3.24213376e+10  3.30398665e+10  1.10977800e+10
 2.36000000e+01  9.42677401e+16  4.01675730e+16  5.07561352e+10  3.25500841e+10  3.30398665e+10  1.10977800e+10
 2.37000000e+01  9.38302255e+16  4.03233078e+16  5.05205663e+10  3.26762850e+10  3.30398665e+10  1.10977800e+10
 2.38000000e+01  9.33947416e+16  4.04759326e+16  5.02860908e+10  3.27999656e+10  3.30398665e+10  1.10977800e+10
 2.39000000e+01  9.29612788e+16  4.06254784e+16  5.00527034e+10  3.29211511e+10  3.30398665e+10  1.10977800e+10
 2.40000000e+01  9.25298277e+16  4.07719760e+16  4.98203993e+10  3.30398665e+10  3.30398665e+10  1.10977800e+10
 2.40000000e+01  9.25298277e+16  0.00000000e+00  4.98203993e+10  0.00000000e+00  3.30398665e+10  1.10977800e+10
 2.41000000e+01  9.21003792e+16  4.27947531e+14  4.95891733e+10  3.46790386e+08  3.30398665e+10  1.10977800e+10
 2.42000000e+01  9.16729237e+16  8.50923071e+14  4.93590205e+10  6.89551683e+08  3.30398665e+10  1.10977800e+10
 2.43000000e+01  9.12474522e+16  1.26897053e+15  4.91299359e+10  1.02831947e+09  3.30398665e+10  1.10977800e+10
 2.44000000e+01  9.08239554e+16  1.68213346e+15  4.89019145e+10  1.36312905e+09  3.30398665e+10  1.10977800e+10
 2.45000000e+01  9.04024241e+16  2.09045509e+15  4.86749513e+10  1.69401544e+09  3.30398665e+10  1.10977800e+10
 2.46000000e+01  8.99828492e+16  2.49397827e+15  4.84490416e+10  2.02101338e+09  3.30398665e+10  1.10977800e+10
 2.47000000e+01  8.95652216e+16  2.89274553e+15  4.82241804e+10  2.34415733e+09  3.30398665e+10  1.10977800e+10
 2.48000000e+01  8.91495323e+16  3.28679907e+15  4.80003627e+10  2.66348147e+09  3.30398665e+10  1.10977800e+10
 2.49000000e+01  8.87357724e+16  3.67618074e+15  4.77775839e+10  2.97901973e+09  3.30398665e+10  1.10977800e+10
 2.50000000e+01  8.83239327e+16  4.06093205e+15  4.75558390e+10  3.29080574e+09  3.30398665e+10  1.10977800e+10
 2.50000000e+01  8.83239327e+16  4.06093205e+15  4.75558390e+10  3.29080574e+09  3.30398665e+10  1.10977800e+10
 2.55500000e+01  9.00962770e+16  6.14690101e+15  4.85101140e+10  4.98118582e+09  3.30398665e+10  1.10977800e+10
 2.61000000e+01  9.18238494e+16  8.19798731e+15  4.94402827e+10  6.64329848e+09  3.30398665e+10  1.10977800e+10
 2.66500000e+01  9.35077808e+16  1.02143993e+16  5.03469539e+10  8.27731255e+09  3.30398665e+10  1.10977800e+10
 2.72000000e+01  9.51491737e+16  1.21963654e+16  5.12307214e+10  9.88341317e+09  3.30398665e+10  1.10977800e+10
 2.77500000e+01  9.67491027e+16  1.41441328e+16  5.20921636e+10  1.14618006e+10  3.30398665e+10  1.10977800e+10
 2.83000000e+01  9.83086152e+16  1.60579660e+16  5.29318446e+10  1.30126892e+10  3.30398665e+10  1.10977800e+10
 2.88500000e+01  9.98287322e+16  1.79381453e+16  5.37503140e+10  1.45363062e+10  3.30398665e+10  1.10977800e+10
 2.94000000e+01  1.01310449e+17  1.97849660e+16  5.45481078e+10  1.60328907e+10  3.30398665e+10  1.10977800e+10
 2.99500000e+01  1.02754735e+17  2.15987366e+16  5.53257481e+10  1.75026929e+10  3.30398665e+10  1.10977800e+10
 3.05000000e+01  1.04162537e+17  2.33797781e+16  5.60837441e+10  1.89459728e+10  3.30398665e+10  1.10977800e+10
 3.10500000e+01  1.05534776e+17  2.51284229e+16  5.68225921e+10  2.03629998e+10  3.30398665e+10  1.10977800e+10
 3.16000000e+01  1.06872350e+17  2.68450136e+16  5.75427757e+10  2.17540515e+10  3.30398665e+10  1.10977800e+10
 3.21500000e+01  1.08176134e+17  2.85299021e+16  5.82447665e+10  2.31194131e+10  3.30398665e+10  1.10977800e+10
 3.27000000e+01  1.09446984e+17  3.01834486e+16  5.89290240e+10  2.44593765e+10  3.30398665e+10  1.10977800e+10
 3.32500000e+01  1.10685730e+17  3.18060211e+16  5.95959961e+10  2.57742399e+10  3.30398665e+10  1.10977800e+10
 3.38000000e+01  1.11893183e+17  3.33979942e+16  6.02461196e+10  2.70643069e+10  3.30398665e+10  1.10977800e+10
 3.43500000e+01  1.13070135e+17  3.49597484e+16  6.08798201e+10  2.83298857e+10  3.30398665e+10  1.10977800e+10
 3.49000000e+01  1.14217355e+17  3.64916694e+16  6.14975124e+10  2.95712890e+10  3.30398665e+10  1.10977800e+10
 3.54500000e+01  1.15335594e+17  3.79941474e+16  6.20996008e+10  3.07888330e+10  3.30398665e+10  1.10977800e+10
 3.60000000e+01  1.16425586e+17  3.94675767e+16  6.26864797e+10  3.19828371e+10  3.30398665e+10  1.10977800e+10
 3.65500000e+01  1.17488042e+17  4.09123546e+16  6.32585332e+10  3.31536233e+10  3.30398665e+10  1.10977800e+10
 3.71000000e+01  1.18523660e+17  4.23288811e+16  6.38161358e+10  3.43015158e+10  3.30398665e+10  1.10977800e+10
 3.76500000e+01  1.19533116e+17  4.37175584e+16  6.43596526e+10  3.54268406e+10  3.30398665e+10  1.10977800e+10
 3.82000000e+01  1.20517072e+17  4.50787903e+16  6.48894393e+10  3.65299247e+10  3.30398665e+10  1.10977800e+10
 3.87500000e+01  1.21476172e+17  4.64129818e+16  6.54058429e+10  3.76110965e+10  3.30398665e+10  1.10977800e+10
 3.93000000e+01  1.22411043e+17  4.77205383e+16  6.59092014e+10  3.86706844e+10  3.30398665e+10  1.10977800e+10
 3.98500000e+01  1.23322299e+17  4.90018657e+16  6.63998443e+10  3.97090173e+10  3.30398665e+10  1.10977800e+10
 4.04000000e+01  1.24210534e+17  5.02573697e+16  6.68780929e+10  4.07264241e+10  3.30398665e+10  1.10977800e+10
 4.09500000e+01  1.25076332e+17  5.14874552e+16  6.73442603e+10  4.17232328e+10  3.30398665e+10  1.10977800e+10
 4.15000000e+01  1.25920259e+17  5.26925267e+16  6.77986516e+10  4.26997712e+10  3.30398665e+10  1.10977800e+10
 4.20500000e+01  1.26742866e+17  5.38729869e+16  6.82415644e+10  4.36563657e+10  3.30398665e+10  1.10977800e+10
 4.26000000e+01  1.27544694e+17  5.50292375e+16  6.86732885e+10  4.45933418e+10  3.30398665e+10  1.10977800e+10
 4.31500000e+01  1.28326266e+17  5.61616779e+16  6.90941067e+10  4.55110231e+10  3.30398665e+10  1.10977800e+10
 4.37000000e+01  1.29088094e+17  5.72707059e+16  6.95042944e+10  4.64097319e+10  3.30398665e+10  1.10977800e+10
 4.42500000e+01  1.29830678e+17  5.83567165e+16  6.99041202e+10  4.72897885e+10  3.30398665e+10  1.10977800e+10
 4.48000000e+01  1.30554502e+17  5.94201024e+16  7.02938458e+10  4.81515110e+10  3.30398665e+10  1.10977800e+10
 4.53500000e+01  1.31260043e+17  6.04612534e+16  7.06737264e+10  4.89952153e+10  3.30398665e+10  1.10977800e+10
 4.59000000e+01  1.31947760e+17  6.14805565e+16  7.10440106e+10  4.98212149e+10  3.30398665e+10  1.10977800e+10
 4.64500000e+01  1.32618104e+17  6.24783953e+16  7.14049410e+10  5.06298208e+10  3.30398665e+10  1.10977800e+10
 4.70000000e+01  1.33271514e+17  6.34551502e+16  7.17567538e+10  5.14213412e+10  3.30398665e+10  1.10977800e+10
 4.70000000e+01  1.33271514e+17  6.34551502e+16  7.17567538e+10  5.14213412e+10  3.30398665e+10  1.10977800e+10
 4.71000000e+01  1.32652976e+17  6.36287980e+16  7.14237170e+10  5.15620580e+10  3.30398665e+10  1.10977800e+10
 4.72000000e+01  1.32037308e+17  6.37983736e+16  7.10922259e+10  5.16994748e+10  3.30398665e+10  1.10977800e+10
 4.73000000e+01  1.31424498e+17  6.39639186e+16  7.07622733e+10  5.18336254e+10  3.30398665e+10  1.10977800e+10
 4.74000000e+01  1.30814532e+17  6.41254743e+16  7.04338521e+10  5.19645433e+10  3.30398665e+10  1.10977800e+10
 4.75000000e+01  1.30207397e+17  6.42830818e+16  7.01069551e+10  5.20922617e+10  3.30398665e+10  1.10977800e+10
 4.76000000e+01  1.29603079e+17  6.44367817e+16  6.97815754e+10  5.22168135e+10  3.30398665e+10  1.10977800e+10
 4.77000000e+01  1.29001567e+17  6.45866143e+16  6.94577058e+10  5.23382314e+10  3.30398665e+10  1.10977800e+10
 4.78000000e+01  1.28402846e+17  6.47326195e+16  6.91353393e+10  5.24565478e+10  3.30398665e+10  1.10977800e+10
 4.79000000e+01  1.27806904e+17  6.48748370e+16  6.88144690e+10  5.25717947e+10  3.30398665e+10  1.10977800e+10
 4.80000000e+01  1.27213727e+17  6.50133060e+16  6.84950880e+10  5.26840041e+10  3.30398665e+10  1.10977800e+10
 4.80000000e+01  1.27213727e+17  6.50133060e+16  6.84950880e+10  5.26840041e+10  8.66857081e+10  1.10955604e+10
 4.81000000e+01  1.26623304e+17  6.51480654e+16  6.81771892e+10  5.27932074e+10  8.66857081e+10  1.10955604e+10
 4.82000000e+01  1.26035621e+17  6.52791540e+16  6.78607659e+10  5.28994359e+10  8.66857081e+10  1.10955604e+10
 4.83000000e+01  1.25450666e+17  6.54066099e+16  6.75458111e+10  5.30027208e+10  8.66857081e+10  1.10955604e+10
 4.84000000e+01  1.24868425e+17  6.55304712e+16  6.72323181e+10  5.31030927e+10  8.66857081e+10  1.10955604e+10
 4.85000000e+01  1.24288887e+17  6.56507754e+16  6.69202801e+10  5.32005821e+10  8.66857081e+10  1.10955604e+10
 4.86000000e+01  1.23712039e+17  6.57675599e+16  6.66096903e+10  5.32952193e+10  8.66857081e+10  1.10955604e+10
 4.87000000e+01  1.23137868e+17  6.58808618e+16  6.63005420e+10  5.33870342e+10  8.66857081e+10  1.10955604e+10
 4.88000000e+01  1.22566361e+17  6.59907175e+16  6.59928286e+10  5.34760566e+10  8.66857081e+10  1.10955604e+10
 4.89000000e+01  1.21997507e+17  6.60971636e+16  6.56865433e+10  5.35623160e+10  8.66857081e+10  1.10955604e+10
 4.90000000e+01  1.21431294e+17  6.62002361e+16  6.53816795e+10  5.36458416e+10  8.66857081e+10  1.10955604e+10
 4.90000000e+01  1.21431294e+17  0.00000000e+00  6.53816795e+10  0.00000000e+00  8.66857081e+10  1.10955604e+10
 4.91000000e+01  1.20867708e+17  5.61615898e+14  6.50782306e+10  4.55109517e+08  8.66857081e+10  1.10955604e+10
 4.92000000e+01  1.20306738e+17  1.11670682e+15  6.47761902e+10  9.04931470e+08  8.66857081e+10  1.10955604e+10
 4.93000000e+01  1.19748371e+17  1.66533038e+15  6.44755515e+10  1.34951255e+09  8.66857081e+10  1.10955604e+10
 4.94000000e+01  1.19192596e+17  2.20754375e+15  6.41763082e+10  1.78889909e+09  8.66857081e+10  1.10955604e+10
 4.95000000e+01  1.18639401e+17  2.74340364e+15  6.38784537e+10  2.22313704e+09  8.66857081e+10  1.10955604e+10
 4.96000000e+01  1.18088773e+17  3.27296630e+15  6.35819816e+10  2.65227198e+09  8.66857081e+10  1.10955604e+10
 4.97000000e+01  1.17540700e+17  3.79628755e+15  6.32868855e+10  3.07634915e+09  8.66857081e+10  1.10955604e+10
 4.98000000e+01  1.16995171e+17  4.31342275e+15  6.29931590e+10  3.49541341e+09  8.66857081e+10  1.10955604e+10
 4.99000000e+01  1.16452174e+17  4.82442683e+15  6.27007957e+10  3.90950927e+09  8.66857081e+10  1.10955604e+10
 5.00000000e+01  1.15911698e+17  5.32935427e+15  6.24097894e+10  4.31868089e+09  8.66857081e+10  1.10955604e+10
 5.00000000e+01  1.15911698e+17  5.32935427e+15  6.24097894e+10  4.31868089e+09  8.66857081e+10  1.10955604e+10
 5.05500000e+01  1.16986335e+17  8.05099931e+15  6.29884013e+10  6.52418569e+09  8.66857081e+10  1.10955604e+10
 5.11000000e+01  1.18033826e+17  1.06964597e+16  6.35523967e+10  8.66795369e+09  8.66857081e+10  1.10955604e+10
 5.16500000e+01  1.19054855e+17  1.32679407e+16  6.41021448e+10  1.07517720e+10  8.66857081e+10  1.10955604e+10
 5.22000000e+01  1.20050092e+17  1.57675813e+16  6.46380054e+10  1.27773739e+10  8.66857081e+10  1.10955604e+10
 5.27500000e+01  1.21020187e+17  1.81974562e+16  6.51603295e+10  1.47464406e+10  8.66857081e+10  1.10955604e+10
 5.33000000e+01  1.21965777e+17  2.05595779e+16  6.56694589e+10  1.66606031e+10  8.66857081e+10  1.10955604e+10
 5.38500000e+01  1.22887480e+17  2.28558987e+16  6.61657269e+10  1.85214433e+10  8.66857081e+10  1.10955604e+10
 5.44000000e+01  1.23785899e+17  2.50883124e+16  6.66494586e+10  2.03304959e+10  8.66857081e+10  1.10955604e+10
 5.49500000e+01  1.24661623e+17  2.72586561e+16  6.71209704e+10  2.20892497e+10  8.66857081e+10  1.10955604e+10
 5.55000000e+01  1.25515225e+17  2.93687123e+16  6.75805713e+10  2.37991490e+10  8.66857081e+10  1.10955604e+10
 5.60500000e+01  1.26347263e+17  3.14202102e+16  6.80285619e+10  2.54615952e+10  8.66857081e+10  1.10955604e+10
 5.66000000e+01  1.27158284e+17  3.34148276e+16  6.84652357e+10  2.70779479e+10  8.66857081e+10  1.10955604e+10
 5.71500000e+01  1.27948816e+17  3.53541925e+16  6.88908784e+10  2.86495263e+10  8.66857081e+10  1.10955604e+10
 5.77000000e+01  1.28719379e+17  3.72398843e+16  6.93057688e+10  3.01776104e+10  8.66857081e+10  1.10955604e+10
 5.82500000e+01  1.29470476e+17  3.90734359e+16  6.97101785e+10  3.16634422e+10  8.66857081e+10  1.10955604e+10
 5.88000000e+01  1.30202599e+17  4.08563345e+16  7.01043723e+10  3.31082270e+10  8.66857081e+10  1.10955604e+10
 5.93500000e+01  1.30916228e+17  4.25900235e+16  7.04886081e+10  3.45131344e+10  8.66857081e+10  1.10955604e+10
 5.99000000e+01  1.31611830e+17  4.42759034e+16  7.08631376e+10  3.58792995e+10  8.66857081e+10  1.10955604e+10
 6.04500000e+01  1.32289860e+17  4.59153338e+16  7.12282060e+10  3.72078238e+10  8.66857081e+10  1.10955604e+10
 6.10000000e+01  1.32950761e+17  4.75096338e+16  7.15840522e+10  3.84997763e+10  8.66857081e+10  1.10955604e+10
 6.15500000e+01  1.33594968e+17  4.90600838e+16  7.19309092e+10  3.97561948e+10  8.66857081e+10  1.10955604e+10
 6.21000000e+01  1.34222901e+17  5.05679267e+16  7.22690041e+10  4.09780862e+10  8.66857081e+10  1.10955604e+10
 6.26500000e+01  1.34834971e+17  5.20343688e+16  7.25985583e+10  4.21664282e+10  8.66857081e+10  1.10955604e+10
 6.32000000e+01  1.35431580e+17  5.34605809e+16  7.29197874e+10  4.33221695e+10  8.66857081e+10  1.10955604e+10
 6.37500000e+01  1.36013117e+17  5.48476996e+16  7.32329019e+10  4.44462313e+10  8.66857081e+10  1.10955604e+10
 6.43000000e+01  1.36579964e+17  5.61968284e+16  7.35381066e+10  4.55395075e+10  8.66857081e+10  1.10955604e+10
 6.48500000e+01  1.37132492e+17  5.75090383e+16  7.38356014e+10  4.66028663e+10  8.66857081e+10  1.10955604e+10
 6.54000000e+01  1.37671061e+17  5.87853690e+16  7.41255811e+10  4.76371502e+10  8.66857081e+10  1.10955604e+10
 6.59500000e+01  1.38196026e+17  6.00268303e+16  7.44082355e+10  4.86431773e+10  8.66857081e+10  1.10955604e+10
 6.65000000e+01  1.38707730e+17  6.12344021e+16  7.46837496e+10  4.96217419e+10  8.66857081e+10  1.10955604e+10
 6.70500000e+01  1.39206507e+17  6.24090360e+16  7.49523039e+10  5.05736150e+10  8.66857081e+10  1.10955604e+10
 6.76000000e+01  1.39692684e+17  6.35516561e+16  7.52140741e+10  5.14995455e+10  8.66857081e+10  1.10955604e+10
 6.81500000e+01  1.40166580e+17  6.46631595e+16  7.54692316e+10  5.24002603e+10  8.66857081e+10  1.10955604e+10
 6.87000000e+01  1.40628505e+17  6.57444173e+16  7.57179434e+10  5.32764654e+10  8.66857081e+10  1.10955604e+10
 6.92500000e+01  1.41078761e+17  6.67962754e+16  7.59603725e+10  5.41288463e+10  8.66857081e+10  1.10955604e+10
 6.98000000e+01  1.41517642e+17  6.78195553e+16  7.61966774e+10  5.49580686e+10  8.66857081e+10  1.10955604e+10
 7.03500000e+01  1.41945437e+17  6.88150548e+16  7.64270130e+10  5.57647788e+10  8.66857081e+10  1.10955604e+10
 7.09000000e+01  1.42362425e+17  6.97835485e+16  7.66515299e+10  5.65496048e+10  8.66857081e+10  1.10955604e+10
 7.14500000e+01  1.42768879e+17  7.07257889e+16  7.68703752e+10  5.73131561e+10  8.66857081e+10  1.10955604e+10
 7.20000000e+01  1.43165066e+17  7.16425067e+16  7.70836922e+10  5.80560250e+10  8.66857081e+10  1.10955604e+10
 7.20000000e+01  1.43165066e+17  7.16425067e+16  7.70836922e+10  5.80560250e+10  8.66857081e+10  1.10955604e+10
 7.21000000e+01  1.42500610e+17  7.18047884e+16  7.67259321e+10  5.81875312e+10  8.66857081e+10  1.10955604e+10
 7.22000000e+01  1.41839237e+17  7.19628649e+16  7.63698324e+10  5.83156295e+10  8.66857081e+10  1.10955604e+10
 7.23000000e+01  1.41180934e+17  7.21167795e+16  7.60153855e+10  5.84403554e+10  8.66857081e+10  1.10955604e+10
 7.24000000e+01  1.40525687e+17  7.22665757e+16  7.56625836e+10  5.85617438e+10  8.66857081e+10  1.10955604e+10
 7.25000000e+01  1.39873480e+17  7.24122963e+16  7.53114191e+10  5.86798295e+10  8.66857081e+10  1.10955604e+10
 7.26000000e+01  1.39224301e+17  7.25539837e+16  7.49618844e+10  5.87946470e+10  8.66857081e+10  1.10955604e+10
 7.27000000e+01  1.38578134e+17  7.26916801e+16  7.46139720e+10  5.89062303e+10  8.66857081e+10  1.10955604e+10
 7.28000000e+01  1.37934967e+17  7.28254273e+16  7.42676743e+10  5.90146133e+10  8.66857081e+10  1.10955604e+10
 7.29000000e+01  1.37294784e+17  7.29552668e+16  7.39229839e+10  5.91198296e+10  8.66857081e+10  1.10955604e+10
 7.30000000e+01  1.36657573e+17  7.30812395e+16  7.35798932e+10  5.92219125e+10  8.66857081e+10  1.10955604e+10
 7.30000000e+01  1.36657573e+17  7.30812395e+16  7.35798932e+10  5.92219125e+10  1.46763233e+11  1.10933413e+10
 7.31000000e+01  1.36023319e+17  7.32033862e+16  7.32383949e+10  5.93208950e+10  1.46763233e+11  1.10933413e+10
 7.32000000e+01  1.35392009e+17  7.33217473e+16  7.28984816e+10  5.94168098e+10  1.46763233e+11  1.10933413e+10
 7.33000000e+01  1.34763629e+17  7.34363628e+16  7.25601458e+10  5.95096893e+10  1.46763233e+11  1.10933413e+10
 7.34000000e+01  1.34138165e+17  7.35472723e+16  7.22233803e+10  5.95995656e+10  1.46763233e+11  1.10933413e+10
 7.35000000e+01  1.33515604e+17  7.36545153e+16  7.18881778e+10  5.96864708e+10  1.46763233e+11  1.10933413e+10
 7.36000000e+01  1.32895933e+17  7.37581308e+16  7.15545311e+10  5.97704363e+10  1.46763233e+11  1.10933413e+10
 7.37000000e+01  1.32279137e+17  7.38581573e+16  7.12224329e+10  5.98514935e+10  1.46763233e+11  1.10933413e+10
 7.38000000e+01  1.31665205e+17  7.39546333e+16  7.08918760e+10  5.99296736e+10  1.46763233e+11  1.10933413e+10
 7.39000000e+01  1.31054121e+17  7.40475968e+16  7.05628533e+10  6.00050072e+10  1.46763233e+11  1.10933413e+10
 7.40000000e+01  1.30445874e+17  7.41370854e+16  7.02353576e+10  6.00775249e+10  1.46763233e+11  1.10933413e+10
 7.40000000e+01  1.30445874e+17  0.00000000e+00  7.02353576e+10  0.00000000e+00  1.46763233e+11  1.10933413e+10
 7.41000000e+01  1.29840450e+17  6.03308048e+14  6.99093819e+10  4.88895053e+08  1.46763233e+11  1.10933413e+10
 7.42000000e+01  1.29237836e+17  1.19960673e+15  6.95849191e+10  9.72110014e+08  1.46763233e+11  1.10933413e+10
 7.43000000e+01  1.28638018e+17  1.78895794e+15  6.92619622e+10  1.44969504e+09  1.46763233e+11  1.10933413e+10
 7.44000000e+01  1.28040985e+17  2.37142309e+15  6.89405043e+10  1.92169991e+09  1.46763233e+11  1.10933413e+10
 7.45000000e+01  1.27446722e+17  2.94706311e+15  6.86205382e+10  2.38817396e+09  1.46763233e+11  1.10933413e+10
 7.46000000e+01  1.26855218e+17  3.51593841e+15  6.83020572e+10  2.84916620e+09  1.46763233e+11  1.10933413e+10
 7.47000000e+01  1.26266458e+17  4.07810897e+15  6.79850544e+10  3.30472518e+09  1.46763233e+11  1.10933413e+10
 7.48000000e+01  1.25680432e+17  4.63363425e+15  6.76695227e+10  3.75489912e+09  1.46763233e+11  1.10933413e+10
 7.49000000e+01  1.25097125e+17  5.18257325e+15  6.73554556e+10  4.19973583e+09  1.46763233e+11  1.10933413e+10
 7.50000000e+01  1.24516525e+17  5.72498452e+15  6.70428461e+10  4.63928273e+09  1.46763233e+11  1.10933413e+10
 7.50000000e+01  1.24516525e+17  5.72498452e+15  6.70428461e+10  4.63928273e+09  1.46763233e+11  1.10933413e+10
 7.55500000e+01  1.25372992e+17  8.64489463e+15  6.75039894e+10  7.00545307e+09  1.46763233e+11  1.10933413e+10
 7.61000000e+01  1.26207823e+17  1.14757243e+16  6.79534836e+10  9.29943642e+09  1.46763233e+11  1.10933413e+10
 7.66500000e+01  1.27021565e+17  1.42203025e+16  6.83916229e+10  1.15235253e+10  1.46763233e+11  1.10933413e+10
 7.72000000e+01  1.27814751e+17  1.68813649e+16  6.88186942e+10  1.36799365e+10  1.46763233e+11  1.10933413e+10
 7.77500000e+01  1.28587900e+17  1.94615572e+16  6.92349770e+10  1.57708140e+10  1.46763233e+11  1.10933413e+10
 7.83000000e+01  1.29341518e+17  2.19634376e+16  6.96407440e+10  1.77982310e+10  1.46763233e+11  1.10933413e+10
 7.88500000e+01  1.30076098e+17  2.43894807e+16  7.00362607e+10  1.97641926e+10  1.46763233e+11  1.10933413e+10
 7.94000000e+01  1.30792122e+17  2.67420794e+16  7.04217861e+10  2.16706380e+10  1.46763233e+11  1.10933413e+10
 7.99500000e+01  1.31490058e+17  2.90235485e+16  7.07975726e+10  2.35194431e+10  1.46763233e+11  1.10933413e+10
 8.05000000e+01  1.32170363e+17  3.12361267e+16  7.11638662e+10  2.53124219e+10  1.46763233e+11  1.10933413e+10
 8.10500000e+01  1.32833483e+17  3.33819797e+16  7.15209067e+10  2.70513294e+10  1.46763233e+11  1.10933413e+10
 8.16000000e+01  1.33479852e+17  3.54632021e+16  7.18689278e+10  2.87378630e+10  1.46763233e+11  1.10933413e+10
 8.21500000e+01  1.34109892e+17  3.74818204e+16  7.22081574e+10  3.03736650e+10  1.46763233e+11  1.10933413e+10
 8.27000000e+01  1.34724017e+17  3.94397949e+16  7.25388176e+10  3.19603239e+10  1.46763233e+11  1.10933413e+10
 8.32500000e+01  1.35322627e+17  4.13390222e+16  7.28611249e+10  3.34993765e+10  1.46763233e+11  1.10933413e+10
 8.38000000e+01  1.35906117e+17  4.31813370e+16  7.31752902e+10  3.49923097e+10  1.46763233e+11  1.10933413e+10
 8.43500000e+01  1.36474866e+17  4.49685146e+16  7.34815192e+10  3.64405620e+10  1.46763233e+11  1.10933413e+10
 8.49000000e+01  1.37029248e+17  4.67022727e+16  7.37800125e+10  3.78455255e+10  1.46763233e+11  1.10933413e+10
 8.54500000e+01  1.37569625e+17  4.83842732e+16  7.40709654e+10  3.92085467e+10  1.46763233e+11  1.10933413e+10
 8.60000000e+01  1.38096352e+17  5.00161243e+16  7.43545684e+10  4.05309291e+10  1.46763233e+11  1.10933413e+10
 8.65500000e+01  1.38609773e+17  5.15993821e+16  7.46310072e+10  4.18139336e+10  1.46763233e+11  1.10933413e+10
 8.71000000e+01  1.39110224e+17  5.31355527e+16  7.49004628e+10  4.30587806e+10  1.46763233e+11  1.10933413e+10
 8.76500000e+01  1.39598033e+17  5.46260935e+16  7.51631115e+10  4.42666511e+10  1.46763233e+11  1.10933413e+10
 8.82000000e+01  1.40073520e+17  5.60724148e+16  7.54191254e+10  4.54386881e+10  1.46763233e+11  1.10933413e+10
 8.87500000e+01  1.40536995e+17  5.74758819e+16  7.56686720e+10  4.65759978e+10  1.46763233e+11  1.10933413e+10
 8.93000000e+01  1.40988761e+17  5.88378158e+16  7.59119147e+10  4.76796508e+10  1.46763233e+11  1.10933413e+10
 8.98500000e+01  1.41429116e+17  6.01594956e+16  7.61490127e+10  4.87506836e+10  1.46763233e+11  1.10933413e+10
 9.04000000e+01  1.41858347e+17  6.14421589e+16  7.63801213e+10  4.97900992e+10  1.46763233e+11  1.10933413e+10
 9.09500000e+01  1.42276734e+17  6.26870042e+16  7.66053917e+10  5.07988686e+10  1.46763233e+11  1.10933413e+10
 9.15000000e+01  1.42684553e+17  6.38951913e+16  7.68249715e+10  5.17779317e+10  1.46763233e+11  1.10933413e+10
 9.20500000e+01  1.43082069e+17  6.50678431e+16  7.70390044e+10  5.27281987e+10  1.46763233e+11  1.10933413e+10
 9.26000000e+01  1.43469544e+17  6.62060468e+16  7.72476306e+10  5.36505503e+10  1.46763233e+11  1.10933413e+10
 9.31500000e+01  1.43847230e+17  6.73108548e+16  7.74509865e+10  5.45458395e+10  1.46763233e+11  1.10933413e+10
 9.37000000e+01  1.44215376e+17  6.83832862e+16  7.76492054e+10  5.54148920e+10  1.46763233e+11  1.10933413e+10
 9.42500000e+01  1.44574221e+17  6.94243276e+16  7.78424170e+10  5.62585074e+10  1.46763233e+11  1.10933413e+10
 9.48000000e+01  1.44924002e+17  7.04349343e+16  7.80307478e+10  5.70774599e+10  1.46763233e+11  1.10933413e+10
 9.53500000e+01  1.45264947e+17  7.14160315e+16  7.82143211e+10  5.78724991e+10  1.46763233e+11  1.10933413e+10
 9.59000000e+01  1.45597279e+17  7.23685149e+16  7.83932570e+10  5.86443510e+10  1.46763233e+11  1.10933413e+10
 9.64500000e+01  1.45921216e+17  7.32932520e+16  7.85676728e+10  5.93937184e+10  1.46763233e+11  1.10933413e+10
 9.70000000e+01  1.46236969e+17  7.41910831e+16  7.87376826e+10  6.01212823e+10  1.46763233e+11  1.10933413e+10
 9.70000000e+01  1.46236969e+17  7.41910831e+16  7.87376826e+10  6.01212823e+10  1.46763233e+11  1.10933413e+10
 9.71000000e+01  1.45558256e+17  7.43497908e+16  7.83722460e+10  6.02498923e+10  1.46763233e+11  1.10933413e+10
 9.72000000e+01  1.44882692e+17  7.45042521e+16  7.80085055e+10  6.03750611e+10  1.46763233e+11  1.10933413e+10
 9.73000000e+01  1.44210264e+17  7.46545113e+16  7.76464531e+10  6.04968248e+10  1.46763233e+11  1.10933413e+10
 9.74000000e+01  1.43540957e+17  7.48006122e+16  7.72860811e+10  6.06152187e+10  1.46763233e+11  1.10933413e+10
 9.75000000e+01  1.42874756e+17  7.49425983e+16  7.69273817e+10  6.07302781e+10  1.46763233e+11  1.10933413e+10
 9.76000000e+01  1.42211647e+17  7.50805125e+16  7.65703470e+10  6.08420379e+10  1.46763233e+11  1.10933413e+10
 9.77000000e+01  1.41551615e+17  7.52143976e+16  7.62149694e+10  6.09505327e+10  1.46763233e+11  1.10933413e+10
 9.78000000e+01  1.40894647e+17  7.53442960e+16  7.58612412e+10  6.10557968e+10  1.46763233e+11  1.10933413e+10
 9.79000000e+01  1.40240728e+17  7.54702496e+16  7.55091547e+10  6.11578642e+10  1.46763233e+11  1.10933413e+10
 9.80000000e+01  1.39589844e+17  7.55923001e+16  7.51587023e+10  6.12567687e+10  1.46763233e+11  1.10933413e+10
 9.80000000e+01  1.39589844e+17  7.55923001e+16  7.51587023e+10  6.12567687e+10  2.08842303e+11  1.10911227e+10
 9.81000000e+01  1.38941981e+17  7.57104887e+16  7.48098765e+10  6.13525437e+10  2.08842303e+11  1.10911227e+10
 9.82000000e+01  1.38297125e+17  7.58248564e+16  7.44626696e+10  6.14452224e+10  2.08842303e+11  1.10911227e+10
 9.83000000e+01  1.37655262e+17  7.59354437e+16  7.41170741e+10  6.15348376e+10  2.08842303e+11  1.10911227e+10
 9.84000000e+01  1.37016377e+17  7.60422908e+16  7.37730826e+10  6.16214220e+10  2.08842303e+11  1.10911227e+10
 9.85000000e+01  1.36380458e+17  7.61454376e+16  7.34306877e+10  6.17050077e+10  2.08842303e+11  1.10911227e+10
 9.86000000e+01  1.35747490e+17  7.62449237e+16  7.30898819e+10  6.17856270e+10  2.08842303e+11  1.10911227e+10
 9.87000000e+01  1.35117460e+17  7.63407882e+16  7.27506578e+10  6.18633114e+10  2.08842303e+11  1.10911227e+10
 9.88000000e+01  1.34490355e+17  7.64330699e+16  7.24130081e+10  6.19380926e+10  2.08842303e+11  1.10911227e+10
 9.89000000e+01  1.33866159e+17  7.65218075e+16  7.20769255e+10  6.20100018e+10  2.08842303e+11  1.10911227e+10
 9.90000000e+01  1.33244861e+17  7.66070390e+16  7.17424027e+10  6.20790698e+10  2.08842303e+11  1.10911227e+10
 9.90000000e+01  1.33244861e+17  0.00000000e+00  7.17424027e+10  0.00000000e+00  2.08842303e+11  1.10911227e+10
 9.91000000e+01  1.32626446e+17  6.16253273e+14  7.14094326e+10  4.99385310e+08  2.08842303e+11  1.10911227e+10
 9.92000000e+01  1.32010901e+17  1.22534678e+15  7.10780078e+10  9.92968649e+08  2.08842303e+11  1.10911227e+10
 9.93000000e+01  1.31398214e+17  1.82734374e+15  7.07481212e+10  1.48080126e+09  2.08842303e+11  1.10911227e+10
 9.94000000e+01  1.30788369e+17  2.42230689e+15  7.04197657e+10  1.96293396e+09  2.08842303e+11  1.10911227e+10
 9.95000000e+01  1.30181356e+17  3.01029845e+15  7.00929341e+10  2.43941719e+09  2.08842303e+11  1.10911227e+10
 9.96000000e+01  1.29577159e+17  3.59138016e+15  6.97676194e+10  2.91030096e+09  2.08842303e+11  1.10911227e+10
 9.97000000e+01  1.28975767e+17  4.16561325e+15  6.94438146e+10  3.37563491e+09  2.08842303e+11  1.10911227e+10
 9.98000000e+01  1.28377166e+17  4.73305847e+15  6.91215126e+10  3.83546827e+09  2.08842303e+11  1.10911227e+10
 9.99000000e+01  1.27781343e+17  5.29377610e+15  6.88007065e+10  4.28984986e+09  2.08842303e+11  1.10911227e+10
 1.00000000e+02  1.27188285e+17  5.84782592e+15  6.84813893e+10  4.73882816e+09  2.08842303e+11  1.10911227e+10
 1.00000000e+02  1.27188285e+17  5.84782592e+15  6.84813893e+10  4.73882816e+09  2.08842303e+11  1.10911227e+10
 1.00550000e+02  1.27976459e+17  8.82928945e+15  6.89057620e+10  7.15487875e+09  2.08842303e+11  1.10911227e+10
 1.01100000e+02  1.28744722e+17  1.17176550e+16  6.93194145e+10  9.49548675e+09  2.08842303e+11  1.10911227e+10
 1.01650000e+02  1.29493578e+17  1.45159462e+16  6.97226175e+10  1.17631023e+10  2.08842303e+11  1.10911227e+10
 1.02200000e+02  1.30223517e+17  1.72270847e+16  7.01156350e+10  1.39600930e+10  2.08842303e+11  1.10911227e+10
 1.02750000e+02  1.30935017e+17  1.98538940e+16  7.04987243e+10  1.60887471e+10  2.08842303e+11  1.10911227e+10
 1.03300000e+02  1.31628543e+17  2.23991030e+16  7.08721363e+10  1.81512756e+10  2.08842303e+11  1.10911227e+10
 1.03850000e+02  1.32304549e+17  2.48653488e+16  7.12361153e+10  2.01498157e+10  2.08842303e+11  1.10911227e+10
 1.04400000e+02  1.32963479e+17  2.72551801e+16  7.15908998e+10  2.20864329e+10  2.08842303e+11  1.10911227e+10
 1.04950000e+02  1.33605763e+17  2.95710605e+16  7.19367218e+10  2.39631234e+10  2.08842303e+11  1.10911227e+10
 1.05500000e+02  1.34231823e+17  3.18153712e+16  7.22738079e+10  2.57818168e+10  2.08842303e+11  1.10911227e+10
 1.06050000e+02  1.34842067e+17  3.39904136e+16  7.26023788e+10  2.75443782e+10  2.08842303e+11  1.10911227e+10
 1.06600000e+02  1.35436895e+17  3.60984126e+16  7.29226494e+10  2.92526105e+10  2.08842303e+11  1.10911227e+10
 1.07150000e+02  1.36016697e+17  3.81415189e+16  7.32348296e+10  3.09082565e+10  2.08842303e+11  1.10911227e+10
 1.07700000e+02  1.36581853e+17  4.01218115e+16  7.35391236e+10  3.25130009e+10  2.08842303e+11  1.10911227e+10
 1.08250000e+02  1.37132732e+17  4.20413003e+16  7.38357308e+10  3.40684726e+10  2.08842303e+11  1.10911227e+10
 1.08800000e+02  1.37669695e+17  4.39019285e+16  7.41248452e+10  3.55762462e+10  2.08842303e+11  1.10911227e+10
 1.09350000e+02  1.38193093e+17  4.57055748e+16  7.44066562e+10  3.70378441e+10  2.08842303e+11  1.10911227e+10
 1.09900000e+02  1.38703270e+17  4.74540557e+16  7.46813483e+10  3.84547383e+10  2.08842303e+11  1.10911227e+10
 1.10450000e+02  1.39200559e+17  4.91491275e+16  7.49491012e+10  3.98283520e+10  2.08842303e+11  1.10911227e+10
 1.11000000e+02  1.39685286e+17  5.07924883e+16  7.52100903e+10  4.11600614e+10  2.08842303e+11  1.10911227e+10
 1.11550000e+02  1.40157767e+17  5.23857805e+16  7.54644865e+10  4.24511972e+10  2.08842303e+11  1.10911227e+10
 1.12100000e+02  1.40618314e+17  5.39305918e+16  7.57124562e+10  4.37030463e+10  2.08842303e+11  1.10911227e+10
 1.12650000e+02  1.41067226e+17  5.54284581e+16  7.59541619e+10  4.49168531e+10  2.08842303e+11  1.10911227e+10
 1.13200000e+02  1.41504798e+17  5.68808645e+16  7.61897617e+10  4.60938211e+10  2.08842303e+11  1.10911227e+10
 1.13750000e+02  1.41931316e+17  5.82892471e+16  7.64194100e+10  4.72351142e+10  2.08842303e+11  1.10911227e+10
 1.14300000e+02  1.42347060e+17  5.96549953e+16  7.66432570e+10  4.83418581e+10  2.08842303e+11  1.10911227e+10
 1.14850000e+02  1.42752302e+17  6.09794525e+16  7.68614493e+10  4.94151417e+10  2.08842303e+11  1.10911227e+10
 1.15400000e+02  1.43147306e+17  6.22639184e+16  7.70741298e+10  5.04560179e+10  2.08842303e+11  1.10911227e+10
 1.15950000e+02  1.43532333e+17  6.35096499e+16  7.72814377e+10  5.14655055e+10  2.08842303e+11  1.10911227e+10
 1.16500000e+02  1.43907632e+17  6.47178632e+16  7.74835087e+10  5.24445899e+10  2.08842303e+11  1.10911227e+10
 1.17050000e+02  1.44273452e+17  6.58897344e+16  7.76804750e+10  5.33942242e+10  2.08842303e+11  1.10911227e+10
 1.17600000e+02  1.44630030e+17  6.70264015e+16  7.78724658e+10  5.43153307e+10  2.08842303e+11  1.10911227e+10
 1.18150000e+02  1.44977601e+17  6.81289654e+16  7.80596065e+10  5.52088013e+10  2.08842303e+11  1.10911227e+10
 1.18700000e+02  1.45316391e+17  6.91984912e+16  7.82420199e+10  5.60754993e+10  2.08842303e+11  1.10911227e+10
 1.19250000e+02  1.45646623e+17  7.02360094e+16  7.84198252e+10  5.69162597e+10  2.08842303e+11  1.10911227e+10
 1.19800000e+02  1.45968513e+17  7.12425170e+16  7.85931388e+10  5.77318904e+10  2.08842303e+11  1.10911227e+10
 1.20350000e+02  1.46282272e+17  7.22189787e+16  7.87620744e+10  5.85231733e+10  2.08842303e+11  1.10911227e+10
 1.20900000e+02  1.46588104e+17  7.31663282e+16  7.89267424e+10  5.92908648e+10  2.08842303e+11  1.10911227e+10
 1.21450000e+02  1.46886211e+17  7.40854687e+16  7.90872506e+10  6.00356970e+10  2.08842303e+11  1.10911227e+10
 1.22000000e+02  1.47176787e+17  7.49772745e+16  7.92437042e+10  6.07583783e+10  2.08842303e+11  1.10911227e+10
 1.22000000e+02  1.47176787e+17  7.49772745e+16  7.92437042e+10  6.07583783e+10  2.08842303e+11  1.10911227e+10
 1.22100000e+02  1.46493712e+17  7.51348436e+16  7.88759190e+10  6.08860655e+10  2.08842303e+11  1.10911227e+10
 1.22200000e+02  1.45813806e+17  7.52881540e+16  7.85098409e+10  6.10103017e+10  2.08842303e+11  1.10911227e+10
 1.22300000e+02  1.45137057e+17  7.54372503e+16  7.81454617e+10  6.11311230e+10  2.08842303e+11  1.10911227e+10
 1.22400000e+02  1.44463448e+17  7.55821764e+16  7.77827737e+10  6.12485649e+10  2.08842303e+11  1.10911227e+10
 1.22500000e+02  1.43792965e+17  7.57229759e+16  7.74217690e+10  6.13626628e+10  2.08842303e+11  1.10911227e+10
 1.22600000e+02  1.43125595e+17  7.58596921e+16  7.70624398e+10  6.14734518e+10  2.08842303e+11  1.10911227e+10
 1.22700000e+02  1.42461322e+17  7.59923679e+16  7.67047783e+10  6.15809665e+10  2.08842303e+11  1.10911227e+10
 1.22800000e+02  1.41800131e+17  7.61210457e+16  7.63487768e+10  6.16852415e+10  2.08842303e+11  1.10911227e+10
 1.22900000e+02  1.41142010e+17  7.62457678e+16  7.59944276e+10  6.17863110e+10  2.08842303e+11  1.10911227e+10
 1.23000000e+02  1.40486943e+17  7.63665758e+16  7.56417230e+10  6.18842087e+10  2.08842303e+11  1.10911227e+10
 1.23000000e+02  1.40486943e+17  7.63665758e+16  7.56417230e+10  6.18842087e+10  2.71538290e+11  1.10889044e+10
 1.23100000e+02  1.39834916e+17  7.64835113e+16  7.52906553e+10  6.19789682e+10  2.71538290e+11  1.10889044e+10
 1.23200000e+02  1.39185916e+17  7.65966154e+16  7.49412170e+10  6.20706229e+10  2.71538290e+11  1.10889044e+10
 1.23300000e+02  1.38539927e+17  7.67059287e+16  7.45934005e+10  6.21592058e+10  2.71538290e+11  1.10889044e+10
 1.23400000e+02  1.37896937e+17  7.68114917e+16  7.42471983e+10  6.22447495e+10  2.71538290e+11  1.10889044e+10
 1.23500000e+02  1.37256931e+17  7.69133443e+16  7.39026029e+10  6.23272865e+10  2.71538290e+11  1.10889044e+10
 1.23600000e+02  1.36619896e+17  7.70115263e+16  7.35596068e+10  6.24068490e+10  2.71538290e+11  1.10889044e+10
 1.23700000e+02  1.35985817e+17  7.71060771e+16  7.32182027e+10  6.24834688e+10  2.71538290e+11  1.10889044e+10
 1.23800000e+02  1.35354681e+17  7.71970355e+16  7.28783830e+10  6.25571777e+10  2.71538290e+11  1.10889044e+10
 1.23900000e+02  1.34726474e+17  7.72844403e+16  7.25401406e+10  6.26280068e+10  2.71538290e+11  1.10889044e+10
 1.24000000e+02  1.34101182e+17  7.73683299e+16  7.22034679e+10  6.26959873e+10  2.71538290e+11  1.10889044e+10
 1.24000000e+02  1.34101182e+17  0.00000000e+00  7.22034679e+10  0.00000000e+00  2.71538290e+11  1.10889044e+10
 1.24100000e+02  1.33478793e+17  6.20213733e+14  7.18683579e+10  5.02594697e+08  2.71538290e+11  1.10889044e+10
 1.24200000e+02  1.32859293e+17  1.23322168e+15  7.15348031e+10  9.99350137e+08  2.71538290e+11  1.10889044e+10
 1.24300000e+02  1.32242667e+17  1.83908749e+15  7.12027964e+10  1.49031789e+09  2.71538290e+11  1.10889044e+10
 1.24400000e+02  1.31628904e+17  2.43787427e+15  7.08723307e+10  1.97554910e+09  2.71538290e+11  1.10889044e+10
 1.24500000e+02  1.31017989e+17  3.02964467e+15  7.05433987e+10  2.45509453e+09  2.71538290e+11  1.10889044e+10
 1.24600000e+02  1.30409910e+17  3.61446079e+15  7.02159933e+10  2.92900452e+09  2.71538290e+11  1.10889044e+10
 1.24700000e+02  1.29804652e+17  4.19238429e+15  6.98901075e+10  3.39732902e+09  2.71538290e+11  1.10889044e+10
 1.24800000e+02  1.29202204e+17  4.76347631e+15  6.95657342e+10  3.86011758e+09  2.71538290e+11  1.10889044e+10
 1.24900000e+02  1.28602552e+17  5.32779749e+15  6.92428663e+10  4.31741934e+09  2.71538290e+11  1.10889044e+10
 1.25000000e+02  1.28005683e+17  5.88540801e+15  6.89214970e+10  4.76928307e+09  2.71538290e+11  1.10889044e+10
 1.25000000e+02  1.28005683e+17  5.88540801e+15  6.89214970e+10  4.76928307e+09  2.71538290e+11  1.10889044e+10
 1.25550000e+02  1.28772408e+17  8.88569613e+15  6.93343211e+10  7.20058831e+09  2.71538290e+11  1.10889044e+10
 1.26100000e+02  1.29519764e+17  1.17916437e+16  6.97367167e+10  9.55544401e+09  2.71538290e+11  1.10889044e+10
 1.26650000e+02  1.30248242e+17  1.46063346e+16  7.01289472e+10  1.18363492e+10  2.71538290e+11  1.10889044e+10
 1.27200000e+02  1.30958316e+17  1.73327484e+16  7.05112694e+10  1.40457184e+10  2.71538290e+11  1.10889044e+10
 1.27750000e+02  1.31650454e+17  1.99737637e+16  7.08839336e+10  1.61858843e+10  2.71538290e+11  1.10889044e+10
 1.28300000e+02  1.32325106e+17  2.25321623e+16  7.12471837e+10  1.82591011e+10  2.71538290e+11  1.10889044e+10
 1.28850000e+02  1.32982717e+17  2.50106317e+16  7.16012577e+10  2.02675468e+10  2.71538290e+11  1.10889044e+10
 1.29400000e+02  1.33623715e+17  2.74117691e+16  7.19463872e+10  2.22133259e+10  2.71538290e+11  1.10889044e+10
 1.29950000e+02  1.34248520e+17  2.97380841e+16  7.22827983e+10  2.40984722e+10  2.71538290e+11  1.10889044e+10
 1.30500000e+02  1.34857542e+17  3.19920021e+16  7.26107112e+10  2.59249510e+10  2.71538290e+11  1.10889044e+10
 1.31050000e+02  1.35451179e+17  3.41758667e+16  7.29303405e+10  2.76946615e+10  2.71538290e+11  1.10889044e+10
 1.31600000e+02  1.36029821e+17  3.62919432e+16  7.32418955e+10  2.94094394e+10  2.71538290e+11  1.10889044e+10
 1.32150000e+02  1.36593844e+17  3.83424207e+16  7.35455802e+10  3.10710587e+10  2.71538290e+11  1.10889044e+10
 1.32700000e+02  1.37143620e+17  4.03294151e+16  7.38415934e+10  3.26812340e+10  2.71538290e+11  1.10889044e+10
 1.33250000e+02  1.37679508e+17  4.22549714e+16  7.41301289e+10  3.42416226e+10  2.71538290e+11  1.10889044e+10
 1.33800000e+02  1.38201858e+17  4.41210665e+16  7.44113755e+10  3.57538263e+10  2.71538290e+11  1.10889044e+10
 1.34350000e+02  1.38711013e+17  4.59296110e+16  7.46855175e+10  3.72193935e+10  2.71538290e+11  1.10889044e+10
 1.34900000e+02  1.39207306e+17  4.76824522e+16  7.49527342e+10  3.86398210e+10  2.71538290e+11  1.10889044e+10
 1.35450000e+02  1.39691062e+17  4.93813755e+16  7.52132007e+10  4.00165558e+10  2.71538290e+11  1.10889044e+10
 1.36000000e+02  1.40162598e+17  5.10281070e+16  7.54670874e+10  4.13509967e+10  2.71538290e+11  1.10889044e+10
 1.36550000e+02  1.40622222e+17  5.26243156e+16  7.57145606e+10  4.26444959e+10  2.71538290e+11  1.10889044e+10
 1.37100000e+02  1.41070235e+17  5.41716147e+16  7.59557823e+10  4.38983609e+10  2.71538290e+11  1.10889044e+10
 1.37650000e+02  1.41506931e+17  5.56715642e+16  7.61909103e+10  4.51138559e+10  2.71538290e+11  1.10889044e+10
 1.38200000e+02  1.41932595e+17  5.71256723e+16  7.64200987e+10  4.62922029e+10  2.71538290e+11  1.10889044e+10
 1.38750000e+02  1.42347507e+17  5.85353974e+16  7.66434975e+10  4.74345839e+10  2.71538290e+11  1.10889044e+10
 1.39300000e+02  1.42751937e+17  5.99021496e+16  7.68612529e+10  4.85421415e+10  2.71538290e+11  1.10889044e+10
 1.39850000e+02  1.43146150e+17  6.12272927e+16  7.70735074e+10  4.96159808e+10  2.71538290e+11  1.10889044e+10
 1.40400000e+02  1.43530406e+17  6.25121452e+16  7.72804002e+10  5.06571703e+10  2.71538290e+11  1.10889044e+10
 1.40950000e+02  1.43904954e+17  6.37579825e+16  7.74820665e+10  5.16667436e+10  2.71538290e+11  1.10889044e+10
 1.41500000e+02  1.44270041e+17  6.49660378e+16  7.76786384e+10  5.26456999e+10  2.71538290e+11  1.10889044e+10
 1.42050000e+02  1.44625905e+17  6.61375039e+16  7.78702447e+10  5.35950060e+10  2.71538290e+11  1.10889044e+10
 1.42600000e+02  1.44972779e+17  6.72735346e+16  7.80570107e+10  5.45155967e+10  2.71538290e+11  1.10889044e+10
 1.43150000e+02  1.45310891e+17  6.83752457e+16  7.82390587e+10  5.54083763e+10  2.71538290e+11  1.10889044e+10
 1.43700000e+02  1.45640462e+17  6.94437165e+16  7.84165080e+10  5.62742194e+10  2.71538290e+11  1.10889044e+10
 1.44250000e+02  1.45961708e+17  7.04799910e+16  7.85894746e+10  5.71139720e+10  2.71538290e+11  1.10889044e+10
 1.44800000e+02  1.46274838e+17  7.14850793e+16  7.87580718e+10  5.79284526e+10  2.71538290e+11  1.10889044e+10
 1.45350000e+02  1.46580058e+17  7.24599584e+16  7.89224101e+10  5.87184529e+10  2.71538290e+11  1.10889044e+10
 1.45900000e+02  1.46877568e+17  7.34055733e+16  7.90825969e+10  5.94847388e+10  2.71538290e+11  1.10889044e+10
 1.46450000e+02  1.47167562e+17  7.43228386e+16  7.92387372e+10  6.02280514e+10  2.71538290e+11  1.10889044e+10
 1.47000000e+02  1.47450231e+17  7.52126389e+16  7.93909331e+10  6.09491075e+10  2.71538290e+11  1.10889044e+10
 1.47000000e+02  1.47450231e+17  7.52126389e+16  7.93909331e+10  6.09491075e+10  2.71538290e+11  1.10889044e+10
 1.47100000e+02  1.46765886e+17  7.53698305e+16  7.90224646e+10  6.10764888e+10  2.71538290e+11  1.10889044e+10
 1.47200000e+02  1.46084718e+17  7.55227603e+16  7.86557063e+10  6.12004166e+10  2.71538290e+11  1.10889044e+10
 1.47300000e+02  1.45406710e+17  7.56714726e+16  7.82906502e+10  6.13209268e+10  2.71538290e+11  1.10889044e+10
 1.47400000e+02  1.44731850e+17  7.58160117e+16  7.79272883e+10  6.14380550e+10  2.71538290e+11  1.10889044e+10
 1.47500000e+02  1.44060122e+17  7.59564211e+16  7.75656129e+10  6.15518368e+10  2.71538290e+11  1.10889044e+10
 1.47600000e+02  1.43391512e+17  7.60927441e+16  7.72056161e+10  6.16623072e+10  2.71538290e+11  1.10889044e+10
 1.47700000e+02  1.42726004e+17  7.62250237e+16  7.68472901e+10  6.17695009e+10  2.71538290e+11  1.10889044e+10
 1.47800000e+02  1.42063586e+17  7.63533024e+16  7.64906272e+10  6.18734525e+10  2.71538290e+11  1.10889044e+10
 1.47900000e+02  1.41404241e+17  7.64776225e+16  7.61356196e+10  6.19741961e+10  2.71538290e+11  1.10889044e+10
 1.48000000e+02  1.40747957e+17  7.65980257e+16  7.57822597e+10  6.20717658e+10  2.71538290e+11  1.10889044e+10
 1.48000000e+02  1.40747957e+17  7.65980257e+16  7.57822597e+10  6.20717658e+10  3.34418435e+11  1.10866867e+10
 1.48100000e+02  1.40094719e+17  7.67145536e+16  7.54305398e+10  6.21661950e+10  3.34418435e+11  1.10866867e+10
 1.48200000e+02  1.39444513e+17  7.68272473e+16  7.50804522e+10  6.22575171e+10  3.34418435e+11  1.10866867e+10
 1.48300000e+02  1.38797324e+17  7.69361475e+16  7.47319895e+10  6.23457652e+10  3.34418435e+11  1.10866867e+10
 1.48400000e+02  1.38153140e+17  7.70412946e+16  7.43851441e+10  6.24309719e+10  3.34418435e+11  1.10866867e+10
 1.48500000e+02  1.37511944e+17  7.71427289e+16  7.40399085e+10  6.25131699e+10  3.34418435e+11  1.10866867e+10
 1.48600000e+02  1.36873725e+17  7.72404899e+16  7.36962751e+10  6.25923912e+10  3.34418435e+11  1.10866867e+10
 1.48700000e+02  1.36238468e+17  7.73346170e+16  7.33542367e+10  6.26686679e+10  3.34418435e+11  1.10866867e+10
 1.48800000e+02  1.35606159e+17  7.74251494e+16  7.30137857e+10  6.27420315e+10  3.34418435e+11  1.10866867e+10
 1.48900000e+02  1.34976785e+17  7.75121258e+16  7.26749148e+10  6.28125134e+10  3.34418435e+11  1.10866867e+10
 1.49000000e+02  1.34350332e+17  7.75955845e+16  7.23376166e+10  6.28801447e+10  3.34418435e+11  1.10866867e+10
 1.49000000e+02  1.34350332e+17  0.00000000e+00  7.23376166e+10  0.00000000e+00  3.34418435e+11  1.10866867e+10
 1.49100000e+02  1.33726787e+17  6.21366044e+14  7.20018839e+10  5.03528481e+08  3.34418435e+11  1.10866867e+10
 1.49200000e+02  1.33106135e+17  1.23551292e+15  7.16677095e+10  1.00120686e+09  3.34418435e+11  1.10866867e+10
 1.49300000e+02  1.32488364e+17  1.84250438e+15  7.13350860e+10  1.49308679e+09  3.34418435e+11  1.10866867e+10
 1.49400000e+02  1.31873461e+17  2.44240366e+15  7.10040062e+10  1.97921952e+09  3.34418435e+11  1.10866867e+10
 1.49500000e+02  1.31261411e+17  3.03527352e+15  7.06744631e+10  2.45965591e+09  3.34418435e+11  1.10866867e+10
 1.49600000e+02  1.30652202e+17  3.62117619e+15  7.03464494e+10  2.93444640e+09  3.34418435e+11  1.10866867e+10
 1.49700000e+02  1.30045820e+17  4.20017343e+15  7.00199581e+10  3.40364101e+09  3.34418435e+11  1.10866867e+10
 1.49800000e+02  1.29442252e+17  4.77232649e+15  6.96949822e+10  3.86728939e+09  3.34418435e+11  1.10866867e+10
 1.49900000e+02  1.28841486e+17  5.33769614e+15  6.93715144e+10  4.32544078e+09  3.34418435e+11  1.10866867e+10
 1.50000000e+02  1.28243508e+17  5.89634266e+15  6.90495480e+10  4.77814404e+09  3.34418435e+11  1.10866867e+10
 1.50000000e+02  1.28243508e+17  5.89634266e+15  6.90495480e+10  4.77814404e+09  3.34418435e+11  1.10866867e+10
 1.50550000e+02  1.29003425e+17  8.90210068e+15  6.94587066e+10  7.21388186e+09  3.34418435e+11  1.10866867e+10
 1.51100000e+02  1.29744146e+17  1.18131428e+16  6.98575293e+10  9.57286597e+09  3.34418435e+11  1.10866867e+10
 1.51650000e+02  1.30466155e+17  1.46325714e+16  7.02462771e+10  1.18576104e+10  3.34418435e+11  1.10866867e+10
 1.52200000e+02  1.31169925e+17  1.73633836e+16  7.06252046e+10  1.40705438e+10  3.34418435e+11  1.10866867e+10
 1.52750000e+02  1.31855916e+17  2.00084750e+16  7.09945598e+10  1.62140129e+10  3.34418435e+11  1.10866867e+10
 1.53300000e+02  1.32524579e+17  2.25706434e+16  7.13545847e+10  1.82902846e+10  3.34418435e+11  1.10866867e+10
 1.53850000e+02  1.33176350e+17  2.50525917e+16  7.17055147e+10  2.03015494e+10  3.34418435e+11  1.10866867e+10
 1.54400000e+02  1.33811656e+17  2.74569319e+16  7.20475798e+10  2.22499240e+10  3.34418435e+11  1.10866867e+10
 1.54950000e+02  1.34430914e+17  2.97861878e+16  7.23810038e+10  2.41374533e+10  3.34418435e+11  1.10866867e+10
 1.55500000e+02  1.35034529e+17  3.20427980e+16  7.27060051e+10  2.59661138e+10  3.34418435e+11  1.10866867e+10
 1.56050000e+02  1.35622895e+17  3.42291192e+16  7.30227964e+10  2.77378151e+10  3.34418435e+11  1.10866867e+10
 1.56600000e+02  1.36196398e+17  3.63474289e+16  7.33315851e+10  2.94544026e+10  3.34418435e+11  1.10866867e+10
 1.57150000e+02  1.36755414e+17  3.83999278e+16  7.36325733e+10  3.11176600e+10  3.34418435e+11  1.10866867e+10
 1.57700000e+02  1.37300308e+17  4.03887432e+16  7.39259581e+10  3.27293110e+10  3.34418435e+11  1.10866867e+10
 1.58250000e+02  1.37831438e+17  4.23159308e+16  7.42119317e+10  3.42910215e+10  3.34418435e+11  1.10866867e+10
 1.58800000e+02  1.38349150e+17  4.41834776e+16  7.44906811e+10  3.58044016e+10  3.34418435e+11  1.10866867e+10
 1.59350000e+02  1.38853784e+17  4.59933041e+16  7.47623889e+10  3.72710076e+10  3.34418435e+11  1.10866867e+10
 1.59900000e+02  1.39345671e+17  4.77472668e+16  7.50272330e+10  3.86923440e+10  3.34418435e+11  1.10866867e+10
 1.60450000e+02  1.39825131e+17  4.94471600e+16  7.52853868e+10  4.00698648e+10  3.34418435e+11  1.10866867e+10
 1.61000000e+02  1.40292480e+17  5.10947185e+16  7.55370192e+10  4.14049757e+10  3.34418435e+11  1.10866867e+10
 1.61550000e+02  1.40748023e+17  5.26916190e+16  7.57822950e+10  4.26990356e+10  3.34418435e+11  1.10866867e+10
 1.62100000e+02  1.41192058e+17  5.42394827e+16  7.60213748e+10  4.39533582e+10  3.34418435e+11  1.10866867e+10
 1.62650000e+02  1.41624877e+17  5.57398769e+16  7.62544151e+10  4.51692136e+10  3.34418435e+11  1.10866867e+10
 1.63200000e+02  1.42046761e+17  5.71943169e+16  7.64815685e+10  4.63478295e+10  3.34418435e+11  1.10866867e+10
 1.63750000e+02  1.42457989e+17  5.86042676e+16  7.67029837e+10  4.74903934e+10  3.34418435e+11  1.10866867e+10
 1.64300000e+02  1.42858828e+17  5.99711457e+16  7.69188056e+10  4.85980529e+10  3.34418435e+11  1.10866867e+10
 1.64850000e+02  1.43249541e+17  6.12963209e+16  7.71291756e+10  4.96719182e+10  3.34418435e+11  1.10866867e+10
 1.65400000e+02  1.43630384e+17  6.25811176e+16  7.73342312e+10  5.07130626e+10  3.34418435e+11  1.10866867e+10
 1.65950000e+02  1.44001607e+17  6.38268165e+16  7.75341069e+10  5.17225238e+10  3.34418435e+11  1.10866867e+10
 1.66500000e+02  1.44363452e+17  6.50346564e+16  7.77289335e+10  5.27013055e+10  3.34418435e+11  1.10866867e+10
 1.67050000e+02  1.44716157e+17  6.62058349e+16  7.79188385e+10  5.36503786e+10  3.34418435e+11  1.10866867e+10
 1.67600000e+02  1.45059951e+17  6.73415105e+16  7.81039461e+10  5.45706815e+10  3.34418435e+11  1.10866867e+10
 1.68150000e+02  1.45395061e+17  6.84428036e+16  7.82843777e+10  5.54631224e+10  3.34418435e+11  1.10866867e+10
 1.68700000e+02  1.45721705e+17  6.95107979e+16  7.84602514e+10  5.63285793e+10  3.34418435e+11  1.10866867e+10
 1.69250000e+02  1.46040098e+17  7.05465413e+16  7.86316822e+10  5.71679015e+10  3.34418435e+11  1.10866867e+10
 1.69800000e+02  1.46350448e+17  7.15510479e+16  7.87987825e+10  5.79819107e+10  3.34418435e+11  1.10866867e+10
 1.70350000e+02  1.46652958e+17  7.25252983e+16  7.89616615e+10  5.87714016e+10  3.34418435e+11  1.10866867e+10
 1.70900000e+02  1.46947826e+17  7.34702412e+16  7.91204260e+10  5.95371429e+10  3.34418435e+11  1.10866867e+10
 1.71450000e+02  1.47235246e+17  7.43867944e+16  7.92751799e+10  6.02798784e+10  3.34418435e+11  1.10866867e+10
 1.72000000e+02  1.47515405e+17  7.52758458e+16  7.94260244e+10  6.10003276e+10  3.34418435e+11  1.10866867e+10
 1.72000000e+02  1.47515405e+17  7.52758458e+16  7.94260244e+10  6.10003276e+10  3.34418435e+11  1.10866867e+10
 1.72100000e+02  1.46830758e+17  7.54328978e+16  7.90573931e+10  6.11275959e+10  3.34418435e+11  1.10866867e+10
 1.72200000e+02  1.46149288e+17  7.55856875e+16  7.86904727e+10  6.12514102e+10  3.34418435e+11  1.10866867e+10
 1.72300000e+02  1.45470981e+17  7.57342595e+16  7.83252552e+10  6.13718065e+10  3.34418435e+11  1.10866867e+10
 1.72400000e+02  1.44795823e+17  7.58786577e+16  7.79617327e+10  6.14888207e+10  3.34418435e+11  1.10866867e+10
 1.72500000e+02  1.44123798e+17  7.60189259e+16  7.75998975e+10  6.16024880e+10  3.34418435e+11  1.10866867e+10
 1.72600000e+02  1.43454892e+17  7.61551074e+16  7.72397415e+10  6.17128437e+10  3.34418435e+11  1.10866867e+10
 1.72700000e+02  1.42789090e+17  7.62872450e+16  7.68812572e+10  6.18199223e+10  3.34418435e+11  1.10866867e+10
 1.72800000e+02  1.42126379e+17  7.64153814e+16  7.65244366e+10  6.19237586e+10  3.34418435e+11  1.10866867e+10
 1.72900000e+02  1.41466743e+17  7.65395587e+16  7.61692721e+10  6.20243866e+10  3.34418435e+11  1.10866867e+10
 1.73000000e+02  1.40810169e+17  7.66598189e+16  7.58157560e+10  6.21218403e+10  3.34418435e+11  1.10866867e+10
 1.73000000e+02  1.40810169e+17  7.66598189e+16  7.58157560e+10  6.21218403e+10  3.97347481e+11  1.10844693e+10
 1.73100000e+02  1.40156642e+17  7.67762033e+16  7.54638806e+10  6.22161533e+10  3.97347481e+11  1.10844693e+10
 1.73200000e+02  1.39506148e+17  7.68887532e+16  7.51136383e+10  6.23073589e+10  3.97347481e+11  1.10844693e+10
 1.73300000e+02  1.38858674e+17  7.69975094e+16  7.47650216e+10  6.23954902e+10  3.97347481e+11  1.10844693e+10
 1.73400000e+02  1.38214204e+17  7.71025122e+16  7.44180229e+10  6.24805800e+10  3.97347481e+11  1.10844693e+10
 1.73500000e+02  1.37572726e+17  7.72038017e+16  7.40726346e+10  6.25626607e+10  3.97347481e+11  1.10844693e+10
 1.73600000e+02  1.36934224e+17  7.73014177e+16  7.37288494e+10  6.26417646e+10  3.97347481e+11  1.10844693e+10
 1.73700000e+02  1.36298687e+17  7.73953996e+16  7.33866598e+10  6.27179235e+10  3.97347481e+11  1.10844693e+10
 1.73800000e+02  1.35666098e+17  7.74857864e+16  7.30460583e+10  6.27911691e+10  3.97347481e+11  1.10844693e+10
 1.73900000e+02  1.35036446e+17  7.75726169e+16  7.27070376e+10  6.28615328e+10  3.97347481e+11  1.10844693e+10
 1.74000000e+02  1.34409716e+17  7.76559295e+16  7.23695903e+10  6.29290458e+10  3.97347481e+11  1.10844693e+10
 1.74000000e+02  1.34409716e+17  0.00000000e+00  7.23695903e+10  0.00000000e+00  3.97347481e+11  1.10844693e+10
 1.74100000e+02  1.33785895e+17  6.21640692e+14  7.20337093e+10  5.03751044e+08  3.97347481e+11  1.10844693e+10
 1.74200000e+02  1.33164969e+17  1.23605902e+15  7.16993871e+10  1.00164940e+09  3.97347481e+11  1.10844693e+10
 1.74300000e+02  1.32546925e+17  1.84331878e+15  7.13666166e+10  1.49374674e+09  3.97347481e+11  1.10844693e+10
 1.74400000e+02  1.31931750e+17  2.44348322e+15  7.10353905e+10  1.98009435e+09  3.97347481e+11  1.10844693e+10
 1.74500000e+02  1.31319429e+17  3.03661513e+15  7.07057017e+10  2.46074310e+09  3.97347481e+11  1.10844693e+10
 1.74600000e+02  1.30709951e+17  3.62277678e+15  7.03775430e+10  2.93574344e+09  3.97347481e+11  1.10844693e+10
 1.74700000e+02  1.30103301e+17  4.20202994e+15  7.00509074e+10  3.40514544e+09  3.97347481e+11  1.10844693e+10
 1.74800000e+02  1.29499467e+17  4.77443589e+15  6.97257878e+10  3.86899876e+09  3.97347481e+11  1.10844693e+10
 1.74900000e+02  1.28898435e+17  5.34005544e+15  6.94021771e+10  4.32735266e+09  3.97347481e+11  1.10844693e+10
 1.75000000e+02  1.28300193e+17  5.89894888e+15  6.90800684e+10  4.78025602e+09  3.97347481e+11  1.10844693e+10
 1.75000000e+02  1.28300193e+17  5.89894888e+15  6.90800684e+10  4.78025602e+09  3.97347481e+11  1.10844693e+10
 1.75550000e+02  1.29057878e+17  8.90600290e+15  6.94880253e+10  7.21704405e+09  3.97347481e+11  1.10844693e+10
 1.76100000e+02  1.29796423e+17  1.18182368e+16  6.98856766e+10  9.57699390e+09  3.97347481e+11  1.10844693e+10
 1.76650000e+02  1.30516311e+17  1.46387582e+16  7.02732827e+10  1.18626239e+10  3.97347481e+11  1.10844693e+10
 1.77200000e+02  1.31218014e+17  1.73705693e+16  7.06510973e+10  1.40763669e+10  3.97347481e+11  1.10844693e+10
 1.77750000e+02  1.31901991e+17  2.00165708e+16  7.10193678e+10  1.62205733e+10  3.97347481e+11  1.10844693e+10
 1.78300000e+02  1.32568690e+17  2.25795649e+16  7.13783353e+10  1.82975142e+10  3.97347481e+11  1.10844693e+10
 1.78850000e+02  1.33218547e+17  2.50622591e+16  7.17282347e+10  2.03093835e+10  3.97347481e+11  1.10844693e+10
 1.79400000e+02  1.33851988e+17  2.74672696e+16  7.20692951e+10  2.22583012e+10  3.97347481e+11  1.10844693e+10
 1.79950000e+02  1.34469427e+17  2.97971242e+16  7.24017399e+10  2.41463157e+10  3.97347481e+11  1.10844693e+10
 1.80500000e+02  1.35071268e+17  3.20542654e+16  7.27257867e+10  2.59754065e+10  3.97347481e+11  1.10844693e+10
 1.81050000e+02  1.35657906e+17  3.42410537e+16  7.30416475e+10  2.77474862e+10  3.97347481e+11  1.10844693e+10
 1.81600000e+02  1.36229725e+17  3.63597699e+16  7.33495293e+10  2.94644032e+10  3.97347481e+11  1.10844693e+10
 1.82150000e+02  1.36787099e+17  3.84126183e+16  7.36496336e+10  3.11279439e+10  3.97347481e+11  1.10844693e+10
 1.82700000e+02  1.37330393e+17  4.04017293e+16  7.39421568e+10  3.27398344e+10  3.97347481e+11  1.10844693e+10
 1.83250000e+02  1.37859963e+17  4.23291616e+16  7.42272904e+10  3.43017432e+10  3.97347481e+11  1.10844693e+10
 1.83800000e+02  1.38376155e+17  4.41969053e+16  7.45052211e+10  3.58152828e+10  3.97347481e+11  1.10844693e+10
 1.84350000e+02  1.38879307e+17  4.60068836e+16  7.47761310e+10  3.72820119e+10  3.97347481e+11  1.10844693e+10
 1.84900000e+02  1.39369749e+17  4.77609556e+16  7.50401972e+10  3.87034368e+10  3.97347481e+11  1.10844693e+10
 1.85450000e+02  1.39847801e+17  4.94609182e+16  7.52975928e+10  4.00810138e+10  3.97347481e+11  1.10844693e+10
 1.86000000e+02  1.40313777e+17  5.11085085e+16  7.55484862e+10  4.14161506e+10  3.97347481e+11  1.10844693e+10
 1.86550000e+02  1.40767982e+17  5.27054057e+16  7.57930417e+10  4.27102078e+10  3.97347481e+11  1.10844693e+10
 1.87100000e+02  1.41210714e+17  5.42532330e+16  7.60314193e+10  4.39645009e+10  3.97347481e+11  1.10844693e+10
 1.87650000e+02  1.41642261e+17  5.57535599e+16  7.62637752e+10  4.51803017e+10  3.97347481e+11  1.10844693e+10
 1.88200000e+02  1.42062906e+17  5.72079036e+16  7.64902614e+10  4.63588396e+10  3.97347481e+11  1.10844693e+10
 1.88750000e+02  1.42472926e+17  5.86177310e+16  7.67110263e+10  4.75013035e+10  3.97347481e+11  1.10844693e+10
 1.89300000e+02  1.42872588e+17  5.99844605e+16  7.69262144e+10  4.86088427e+10  3.97347481e+11  1.10844693e+10
 1.89850000e+02  1.43262154e+17  6.13094635e+16  7.71359665e+10  4.96825685e+10  3.97347481e+11  1.10844693e+10
 1.90400000e+02  1.43641878e+17  6.25940661e+16  7.73404199e+10  5.07235555e+10  3.97347481e+11  1.10844693e+10
 1.90950000e+02  1.44012011e+17  6.38395506e+16  7.75397086e+10  5.17328429e+10  3.97347481e+11  1.10844693e+10
 1.91500000e+02  1.44372793e+17  6.50471570e+16  7.77339630e+10  5.27114355e+10  3.97347481e+11  1.10844693e+10
 1.92050000e+02  1.44724462e+17  6.62180846e+16  7.79233102e+10  5.36603052e+10  3.97347481e+11  1.10844693e+10
 1.92600000e+02  1.45067247e+17  6.73534932e+16  7.81078742e+10  5.45803918e+10  3.97347481e+11  1.10844693e+10
 1.93150000e+02  1.45401372e+17  6.84545042e+16  7.82877759e+10  5.54726041e+10  3.97347481e+11  1.10844693e+10
 1.93700000e+02  1.45727057e+17  6.95222027e+16  7.84631330e+10  5.63378213e+10  3.97347481e+11  1.10844693e+10
 1.94250000e+02  1.46044515e+17  7.05576378e+16  7.86340604e+10  5.71768936e+10  3.97347481e+11  1.10844693e+10
 1.94800000e+02  1.46353954e+17  7.15618245e+16  7.88006698e+10  5.79906436e+10  3.97347481e+11  1.10844693e+10
 1.95350000e+02  1.46655575e+17  7.25357445e+16  7.89630705e+10  5.87798667e+10  3.97347481e+11  1.10844693e+10
 1.95900000e+02  1.46949577e+17  7.34803475e+16  7.91213687e+10  5.95453326e+10  3.97347481e+11  1.10844693e+10
 1.96450000e+02  1.47236153e+17  7.43965522e+16  7.92756681e+10  6.02877857e+10  3.97347481e+11  1.10844693e+10
 1.97000000e+02  1.47515489e+17  7.52852472e+16  7.94260696e+10  6.10079462e+10  3.97347481e+11  1.10844693e+10
 1.97000000e+02  1.47515489e+17  7.52852472e+16  7.94260696e+10  6.10079462e+10  3.97347481e+11  1.10844693e+10
 1.97100000e+02  1.46830841e+17  7.54422340e+16  7.90574381e+10  6.11351616e+10  3.97347481e+11  1.10844693e+10
 1.97200000e+02  1.46149371e+17  7.55949591e+16  7.86905175e+10  6.12589234e+10  3.97347481e+11  1.10844693e+10
 1.97300000e+02  1.45471064e+17  7.57434667e+16  7.83252998e+10  6.13792677e+10  3.97347481e+11  1.10844693e+10
 1.97400000e+02  1.44795905e+17  7.58878011e+16  7.79617771e+10  6.14962301e+10  3.97347481e+11  1.10844693e+10
 1.97500000e+02  1.44123880e+17  7.60280059e+16  7.75999416e+10  6.16098460e+10  3.97347481e+11  1.10844693e+10
 1.97600000e+02  1.43454973e+17  7.61641243e+16  7.72397855e+10  6.17201506e+10  3.97347481e+11  1.10844693e+10
 1.97700000e+02  1.42789171e+17  7.62961994e+16  7.68813009e+10  6.18271786e+10  3.97347481e+11  1.10844693e+10
 1.97800000e+02  1.42126460e+17  7.64242737e+16  7.65244801e+10  6.19309645e+10  3.97347481e+11  1.10844693e+10
 1.97900000e+02  1.41466824e+17  7.65483894e+16  7.61693154e+10  6.20315426e+10  3.97347481e+11  1.10844693e+10
 1.98000000e+02  1.40810249e+17  7.66685883e+16  7.58157991e+10  6.21289467e+10  3.97347481e+11  1.10844693e+10
 1.98000000e+02  1.40810249e+17  7.66685883e+16  7.58157991e+10  6.21289467e+10  4.60283155e+11  1.10822524e+10
 1.98100000e+02  1.40156722e+17  7.67849120e+16  7.54639235e+10  6.22232104e+10  4.60283155e+11  1.10822524e+10
 1.98200000e+02  1.39506228e+17  7.68974015e+16  7.51136811e+10  6.23143671e+10  4.60283155e+11  1.10822524e+10
 1.98300000e+02  1.38858753e+17  7.70060976e+16  7.47650641e+10  6.24024498e+10  4.60283155e+11  1.10822524e+10
 1.98400000e+02  1.38214283e+17  7.71110409e+16  7.44180652e+10  6.24874913e+10  4.60283155e+11  1.10822524e+10
 1.98500000e+02  1.37572804e+17  7.72122713e+16  7.40726768e+10  6.25695241e+10  4.60283155e+11  1.10822524e+10
 1.98600000e+02  1.36934302e+17  7.73098285e+16  7.37288914e+10  6.26485803e+10  4.60283155e+11  1.10822524e+10
 1.98700000e+02  1.36298764e+17  7.74037521e+16  7.33867015e+10  6.27246920e+10  4.60283155e+11  1.10822524e+10
 1.98800000e+02  1.35666176e+17  7.74940810e+16  7.30460998e+10  6.27978907e+10  4.60283155e+11  1.10822524e+10
 1.98900000e+02  1.35036523e+17  7.75808540e+16  7.27070790e+10  6.28682078e+10  4.60283155e+11  1.10822524e+10
 1.99000000e+02  1.34409793e+17  7.76641095e+16  7.23696315e+10  6.29356745e+10  4.60283155e+11  1.10822524e+10
 1.99000000e+02  1.34409793e+17  0.00000000e+00  7.23696315e+10  0.00000000e+00  4.60283155e+11  1.10822524e+10
 1.99100000e+02  1.33785971e+17  6.21641046e+14  7.20337503e+10  5.03751331e+08  4.60283155e+11  1.10822524e+10
 1.99200000e+02  1.33165045e+17  1.23605973e+15  7.16994279e+10  1.00164997e+09  4.60283155e+11  1.10822524e+10
 1.99300000e+02  1.32547001e+17  1.84331982e+15  7.13666572e+10  1.49374759e+09  4.60283155e+11  1.10822524e+10
 1.99400000e+02  1.31931825e+17  2.44348461e+15  7.10354309e+10  1.98009548e+09  4.60283155e+11  1.10822524e+10
 1.99500000e+02  1.31319504e+17  3.03661686e+15  7.07057419e+10  2.46074450e+09  4.60283155e+11  1.10822524e+10
 1.99600000e+02  1.30710025e+17  3.62277884e+15  7.03775831e+10  2.93574511e+09  4.60283155e+11  1.10822524e+10
 1.99700000e+02  1.30103375e+17  4.20203233e+15  7.00509473e+10  3.40514738e+09  4.60283155e+11  1.10822524e+10
 1.99800000e+02  1.29499540e+17  4.77443861e+15  6.97258275e+10  3.86900096e+09  4.60283155e+11  1.10822524e+10
 1.99900000e+02  1.28898508e+17  5.34005848e+15  6.94022166e+10  4.32735512e+09  4.60283155e+11  1.10822524e+10
 2.00000000e+02  1.28300266e+17  5.89895224e+15  6.90801077e+10  4.78025874e+09  4.60283155e+11  1.10822524e+10
 2.00000000e+02  1.28300266e+17  5.89895224e+15  6.90801077e+10  4.78025874e+09  4.60283155e+11  1.10822524e+10
 2.00550000e+02  1.29057149e+17  8.90599779e+15  6.94876330e+10  7.21703991e+09  4.60283155e+11  1.10822524e+10
 2.01100000e+02  1.29794913e+17  1.18182037e+16  6.98848636e+10  9.57696707e+09  4.60283155e+11  1.10822524e+10
 2.01650000e+02  1.30514040e+17  1.46386788e+16  7.02720597e+10  1.18625595e+10  4.60283155e+11  1.10822524e+10
 2.02200000e+02  1.31215000e+17  1.73704265e+16  7.06494746e+10  1.40762511e+10  4.60283155e+11  1.10822524e+10
 2.02750000e+02  1.31898254e+17  2.00163485e+16  7.10173554e+10  1.62203932e+10  4.60283155e+11  1.10822524e+10
 2.03300000e+02  1.32564247e+17  2.25792482e+16  7.13759431e+10  1.82972576e+10  4.60283155e+11  1.10822524e+10
 2.03850000e+02  1.33213417e+17  2.50618342e+16  7.17254724e+10  2.03090391e+10  4.60283155e+11  1.10822524e+10
 2.04400000e+02  1.33846187e+17  2.74667235e+16  7.20661720e+10  2.22578586e+10  4.60283155e+11  1.10822524e+10
 2.04950000e+02  1.34462973e+17  2.97964448e+16  7.23982651e+10  2.41457652e+10  4.60283155e+11  1.10822524e+10
 2.05500000e+02  1.35064178e+17  3.20534416e+16  7.27219690e+10  2.59747389e+10  4.60283155e+11  1.10822524e+10
 2.06050000e+02  1.35650195e+17  3.42400752e+16  7.30374957e+10  2.77466933e+10  4.60283155e+11  1.10822524e+10
 2.06600000e+02  1.36221409e+17  3.63586271e+16  7.33450518e+10  2.94634772e+10  4.60283155e+11  1.10822524e+10
 2.07150000e+02  1.36778194e+17  3.84113025e+16  7.36448385e+10  3.11268776e+10  4.60283155e+11  1.10822524e+10
 2.07700000e+02  1.37320913e+17  4.04002324e+16  7.39370522e+10  3.27386214e+10  4.60283155e+11  1.10822524e+10
 2.08250000e+02  1.37849922e+17  4.23274762e+16  7.42218842e+10  3.43003774e+10  4.60283155e+11  1.10822524e+10
 2.08800000e+02  1.38365568e+17  4.41950246e+16  7.44995209e+10  3.58137588e+10  4.60283155e+11  1.10822524e+10
 2.09350000e+02  1.38868188e+17  4.60048015e+16  7.47701441e+10  3.72803246e+10  4.60283155e+11  1.10822524e+10
 2.09900000e+02  1.39358111e+17  4.77586665e+16  7.50339310e+10  3.87015818e+10  4.60283155e+11  1.10822524e+10
 2.10450000e+02  1.39835657e+17  4.94584170e+16  7.52910543e+10  4.00789870e+10  4.60283155e+11  1.10822524e+10
 2.11000000e+02  1.40301141e+17  5.11057907e+16  7.55416823e+10  4.14139482e+10  4.60283155e+11  1.10822524e+10
 2.11550000e+02  1.40754865e+17  5.27024673e+16  7.57859790e+10  4.27078267e+10  4.60283155e+11  1.10822524e+10
 2.12100000e+02  1.41197128e+17  5.42500705e+16  7.60241045e+10  4.39619381e+10  4.60283155e+11  1.10822524e+10
 2.12650000e+02  1.41628218e+17  5.57501700e+16  7.62562145e+10  4.51775547e+10  4.60283155e+11  1.10822524e+10
 2.13200000e+02  1.42048419e+17  5.72042837e+16  7.64824612e+10  4.63559062e+10  4.60283155e+11  1.10822524e+10
 2.13750000e+02  1.42458005e+17  5.86138787e+16  7.67029925e+10  4.74981818e+10  4.60283155e+11  1.10822524e+10
 2.14300000e+02  1.42857244e+17  5.99803739e+16  7.69179529e+10  4.86055310e+10  4.60283155e+11  1.10822524e+10
 2.14850000e+02  1.43246398e+17  6.13051409e+16  7.71274831e+10  4.96790656e+10  4.60283155e+11  1.10822524e+10
 2.15400000e+02  1.43625721e+17  6.25895062e+16  7.73317202e+10  5.07198604e+10  4.60283155e+11  1.10822524e+10
 2.15950000e+02  1.43995462e+17  6.38347524e+16  7.75307981e+10  5.17289547e+10  4.60283155e+11  1.10822524e+10
 2.16500000e+02  1.44355862e+17  6.50421199e+16  7.77248469e+10  5.27073537e+10  4.60283155e+11  1.10822524e+10
 2.17050000e+02  1.44707159e+17  6.62128082e+16  7.79139938e+10  5.36560294e+10  4.60283155e+11  1.10822524e+10
 2.17600000e+02  1.45049581e+17  6.73479771e+16  7.80983626e+10  5.45759218e+10  4.60283155e+11  1.10822524e+10
 2.18150000e+02  1.45383353e+17  6.84487487e+16  7.82780739e+10  5.54679400e+10  4.60283155e+11  1.10822524e+10
 2.18700000e+02  1.45708694e+17  6.95162079e+16  7.84532455e+10  5.63329633e+10  4.60283155e+11  1.10822524e+10
 2.19250000e+02  1.46025816e+17  7.05514043e+16  7.86239921e+10  5.71718422e+10  4.60283155e+11  1.10822524e+10
 2.19800000e+02  1.46334927e+17  7.15553530e+16  7.87904253e+10  5.79853993e+10  4.60283155e+11  1.10822524e+10
 2.20350000e+02  1.46636229e+17  7.25290359e+16  7.89526541e+10  5.87744303e+10  4.60283155e+11  1.10822524e+10
 2.20900000e+02  1.46929920e+17  7.34734028e+16  7.91107849e+10  5.95397049e+10  4.60283155e+11  1.10822524e+10
 2.21450000e+02  1.47216192e+17  7.43893725e+16  7.92649210e+10  6.02819676e+10  4.60283155e+11  1.10822524e+10
 2.22000000e+02  1.47495233e+17  7.52778341e+16  7.94151634e+10  6.10019389e+10  4.60283155e+11  1.10822524e+10
 2.22000000e+02  1.47495233e+17  7.52778341e+16  7.94151634e+10  6.10019389e+10  4.60283155e+11  1.10822524e+10
 2.22100000e+02  1.46810679e+17  7.54347789e+16  7.90465825e+10  6.11291203e+10  4.60283155e+11  1.10822524e+10
 2.22200000e+02  1.46129303e+17  7.55874627e+16  7.86797123e+10  6.12528487e+10  4.60283155e+11  1.10822524e+10
 2.22300000e+02  1.45451089e+17  7.57359298e+16  7.83145447e+10  6.13731601e+10  4.60283155e+11  1.10822524e+10
 2.22400000e+02  1.44776023e+17  7.58802244e+16  7.79510720e+10  6.14900903e+10  4.60283155e+11  1.10822524e+10
 2.22500000e+02  1.44104090e+17  7.60203901e+16  7.75892862e+10  6.16036745e+10  4.60283155e+11  1.10822524e+10
 2.22600000e+02  1.43435275e+17  7.61564702e+16  7.72291795e+10  6.17139480e+10  4.60283155e+11  1.10822524e+10
 2.22700000e+02  1.42769565e+17  7.62885075e+16  7.68707441e+10  6.18209455e+10  4.60283155e+11  1.10822524e+10
 2.22800000e+02  1.42106944e+17  7.64165448e+16  7.65139724e+10  6.19247014e+10  4.60283155e+11  1.10822524e+10
 2.22900000e+02  1.41447398e+17  7.65406242e+16  7.61588564e+10  6.20252500e+10  4.60283155e+11  1.10822524e+10
 2.23000000e+02  1.40790914e+17  7.66607874e+16  7.58053886e+10  6.21226252e+10  4.60283155e+11  1.10822524e+10
 2.23000000e+02  1.40790914e+17  7.66607874e+16  7.58053886e+10  6.21226252e+10  5.23212248e+11  1.10800360e+10
 2.23100000e+02  1.40137477e+17  7.67770761e+16  7.54535614e+10  6.22168605e+10  5.23212248e+11  1.10800360e+10
 2.23200000e+02  1.39487072e+17  7.68895313e+16  7.51033670e+10  6.23079894e+10  5.23212248e+11  1.10800360e+10
 2.23300000e+02  1.38839686e+17  7.69981937e+16  7.47547979e+10  6.23960448e+10  5.23212248e+11  1.10800360e+10
 2.23400000e+02  1.38195304e+17  7.71031039e+16  7.44078467e+10  6.24810595e+10  5.23212248e+11  1.10800360e+10
 2.23500000e+02  1.37553913e+17  7.72043019e+16  7.40625057e+10  6.25630661e+10  5.23212248e+11  1.10800360e+10
 2.23600000e+02  1.36915500e+17  7.73018274e+16  7.37187674e+10  6.26420966e+10  5.23212248e+11  1.10800360e+10
 2.23700000e+02  1.36280049e+17  7.73957199e+16  7.33766246e+10  6.27181830e+10  5.23212248e+11  1.10800360e+10
 2.23800000e+02  1.35647547e+17  7.74860183e+16  7.30360697e+10  6.27913570e+10  5.23212248e+11  1.10800360e+10
 2.23900000e+02  1.35017981e+17  7.75727613e+16  7.26970953e+10  6.28616498e+10  5.23212248e+11  1.10800360e+10
 2.24000000e+02  1.34391337e+17  7.76559875e+16  7.23596943e+10  6.29290928e+10  5.23212248e+11  1.10800360e+10
 2.24000000e+02  1.34391337e+17  0.00000000e+00  7.23596943e+10  0.00000000e+00  5.23212248e+11  1.10800360e+10
 2.24100000e+02  1.33767601e+17  6.21555687e+14  7.20238591e+10  5.03682159e+08  5.23212248e+11  1.10800360e+10
 2.24200000e+02  1.33146760e+17  1.23589000e+15  7.16895827e+10  1.00151243e+09  5.23212248e+11  1.10800360e+10
 2.24300000e+02  1.32528800e+17  1.84306671e+15  7.13568576e+10  1.49354248e+09  5.23212248e+11  1.10800360e+10
 2.24400000e+02  1.31913709e+17  2.44314909e+15  7.10256768e+10  1.97982359e+09  5.23212248e+11  1.10800360e+10
 2.24500000e+02  1.31301472e+17  3.03619989e+15  7.06960331e+10  2.46040661e+09  5.23212248e+11  1.10800360e+10
 2.24600000e+02  1.30692077e+17  3.62228139e+15  7.03679194e+10  2.93534200e+09  5.23212248e+11  1.10800360e+10
 2.24700000e+02  1.30085510e+17  4.20145534e+15  7.00413284e+10  3.40467981e+09  5.23212248e+11  1.10800360e+10
 2.24800000e+02  1.29481758e+17  4.77378302e+15  6.97162533e+10  3.86846970e+09  5.23212248e+11  1.10800360e+10
 2.24900000e+02  1.28880809e+17  5.33932522e+15  6.93926868e+10  4.32676092e+09  5.23212248e+11  1.10800360e+10
 2.25000000e+02  1.28282648e+17  5.89814224e+15  6.90706221e+10  4.77960235e+09  5.23212248e+11  1.10800360e+10
 2.25000000e+02  1.28282648e+17  5.89814224e+15  6.90706221e+10  4.77960235e+09  5.23212248e+11  1.10800360e+10
 2.25550000e+02  1.29039178e+17  8.90477171e+15  6.94779565e+10  7.21604635e+09  5.23212248e+11  1.10800360e+10
 2.26100000e+02  1.29776596e+17  1.18165684e+16  6.98750011e+10  9.57564194e+09  5.23212248e+11  1.10800360e+10
 2.26650000e+02  1.30495386e+17  1.46366413e+16  7.02620158e+10  1.18609084e+10  5.23212248e+11  1.10800360e+10
 2.27200000e+02  1.31196018e+17  1.73679936e+16  7.06392539e+10  1.40742796e+10  5.23212248e+11  1.10800360e+10
 2.27750000e+02  1.31878951e+17  2.00135270e+16  7.10069624e+10  1.62181068e+10  5.23212248e+11  1.10800360e+10
 2.28300000e+02  1.32544632e+17  2.25760448e+16  7.13653821e+10  1.82946617e+10  5.23212248e+11  1.10800360e+10
 2.28850000e+02  1.33193498e+17  2.50582556e+16  7.17147476e+10  2.03061392e+10  5.23212248e+11  1.10800360e+10
 2.29400000e+02  1.33825972e+17  2.74627764e+16  7.20552876e+10  2.22546601e+10  5.23212248e+11  1.10800360e+10
 2.29950000e+02  1.34442469e+17  2.97921358e+16  7.23872252e+10  2.41422733e+10  5.23212248e+11  1.10800360e+10
 2.30500000e+02  1.35043392e+17  3.20487772e+16  7.27107775e+10  2.59709591e+10  5.23212248e+11  1.10800360e+10
 2.31050000e+02  1.35629135e+17  3.42350617e+16  7.30261564e+10  2.77426306e+10  5.23212248e+11  1.10800360e+10
 2.31600000e+02  1.36200082e+17  3.63532711e+16  7.33335684e+10  2.94591369e+10  5.23212248e+11  1.10800360e+10
 2.32150000e+02  1.36756605e+17  3.84056102e+16  7.36332147e+10  3.11222648e+10  5.23212248e+11  1.10800360e+10
 2.32700000e+02  1.37299070e+17  4.03942100e+16  7.39252915e+10  3.27337411e+10  5.23212248e+11  1.10800360e+10
 2.33250000e+02  1.37827831e+17  4.23211299e+16  7.42099901e+10  3.42952346e+10  5.23212248e+11  1.10800360e+10
 2.33800000e+02  1.38343236e+17  4.41883606e+16  7.44874967e+10  3.58083585e+10  5.23212248e+11  1.10800360e+10
 2.34350000e+02  1.38845620e+17  4.59978257e+16  7.47579932e+10  3.72746717e+10  5.23212248e+11  1.10800360e+10
 2.34900000e+02  1.39335314e+17  4.77513848e+16  7.50216565e+10  3.86956810e+10  5.23212248e+11  1.10800360e+10
 2.35450000e+02  1.39812637e+17  4.94508354e+16  7.52786593e+10  4.00728431e+10  5.23212248e+11  1.10800360e+10
 2.36000000e+02  1.40277902e+17  5.10979149e+16  7.55291699e+10  4.14075660e+10  5.23212248e+11  1.10800360e+10
 2.36550000e+02  1.40731414e+17  5.26943030e+16  7.57733522e+10  4.27012107e+10  5.23212248e+11  1.10800360e+10
 2.37100000e+02  1.41173469e+17  5.42416234e+16  7.60113661e+10  4.39550929e+10  5.23212248e+11  1.10800360e+10
 2.37650000e+02  1.41604358e+17  5.57414456e+16  7.62433674e+10  4.51704848e+10  5.23212248e+11  1.10800360e+10
 2.38200000e+02  1.42024362e+17  5.71952875e+16  7.64695081e+10  4.63486161e+10  5.23212248e+11  1.10800360e+10
 2.38750000e+02  1.42433756e+17  5.86046161e+16  7.66899361e+10  4.74906758e+10  5.23212248e+11  1.10800360e+10
 2.39300000e+02  1.42832808e+17  5.99708501e+16  7.69047958e+10  4.85978134e+10  5.23212248e+11  1.10800360e+10
 2.39850000e+02  1.43221779e+17  6.12953613e+16  7.71142278e+10  4.96711406e+10  5.23212248e+11  1.10800360e+10
 2.40400000e+02  1.43600924e+17  6.25794758e+16  7.73183693e+10  5.07117322e+10  5.23212248e+11  1.10800360e+10
 2.40950000e+02  1.43970492e+17  6.38244764e+16  7.75173539e+10  5.17206274e+10  5.23212248e+11  1.10800360e+10
 2.41500000e+02  1.44330724e+17  6.50316032e+16  7.77113119e+10  5.26988314e+10  5.23212248e+11  1.10800360e+10
 2.42050000e+02  1.44681856e+17  6.62020557e+16  7.79003702e+10  5.36473160e+10  5.23212248e+11  1.10800360e+10
 2.42600000e+02  1.45024118e+17  6.73369937e+16  7.80846526e+10  5.45670213e+10  5.23212248e+11  1.10800360e+10
 2.43150000e+02  1.45357734e+17  6.84375391e+16  7.82642797e+10  5.54588562e+10  5.23212248e+11  1.10800360e+10
 2.43700000e+02  1.45682922e+17  6.95047768e+16  7.84393693e+10  5.63237001e+10  5.23212248e+11  1.10800360e+10
 2.44250000e+02  1.45999895e+17  7.05397563e+16  7.86100358e+10  5.71624032e+10  5.23212248e+11  1.10800360e+10
 2.44800000e+02  1.46308861e+17  7.15434925e+16  7.87763911e+10  5.79757881e+10  5.23212248e+11  1.10800360e+10
 2.45350000e+02  1.46610023e+17  7.25169674e+16  7.89385439e+10  5.87646506e+10  5.23212248e+11  1.10800360e+10
 2.45900000e+02  1.46903576e+17  7.34611307e+16  7.90966006e+10  5.95297601e+10  5.23212248e+11  1.10800360e+10
 2.46450000e+02  1.47189714e+17  7.43769012e+16  7.92506645e+10  6.02718614e+10  5.23212248e+11  1.10800360e+10
 2.47000000e+02  1.47468624e+17  7.52651676e+16  7.94008366e+10  6.09916745e+10  5.23212248e+11  1.10800360e+10
 2.47000000e+02  1.47468624e+17  7.52651676e+16  7.94008366e+10  6.09916745e+10  5.23212248e+11  1.10800360e+10
 2.47100000e+02  1.46784194e+17  7.54220777e+16  7.90323222e+10  6.11188278e+10  5.23212248e+11  1.10800360e+10
 2.47200000e+02  1.46102941e+17  7.55747276e+16  7.86655181e+10  6.12425287e+10  5.23212248e+11  1.10800360e+10
 2.47300000e+02  1.45424849e+17  7.57231617e+16  7.83004164e+10  6.13628134e+10  5.23212248e+11  1.10800360e+10
 2.47400000e+02  1.44749905e+17  7.58674240e+16  7.79370092e+10  6.14797174e+10  5.23212248e+11  1.10800360e+10
 2.47500000e+02  1.44078093e+17  7.60075582e+16  7.75752887e+10  6.15932761e+10  5.23212248e+11  1.10800360e+10
 2.47600000e+02  1.43409399e+17  7.61436076e+16  7.72152470e+10  6.17035247e+10  5.23212248e+11  1.10800360e+10
 2.47700000e+02  1.42743808e+17  7.62756150e+16  7.68568763e+10  6.18104979e+10  5.23212248e+11  1.10800360e+10
 2.47800000e+02  1.42081307e+17  7.64036231e+16  7.65001689e+10  6.19142302e+10  5.23212248e+11  1.10800360e+10
 2.47900000e+02  1.41421881e+17  7.65276740e+16  7.61451170e+10  6.20147558e+10  5.23212248e+11  1.10800360e+10
 2.48000000e+02  1.40765515e+17  7.66478096e+16  7.57917130e+10  6.21121085e+10  5.23212248e+11  1.10800360e+10
 2.48000000e+02  1.40765515e+17  7.66478096e+16  7.57917130e+10  6.21121085e+10  5.86130632e+11  1.10778200e+10
 2.48100000e+02  1.40112195e+17  7.67640714e+16  7.54399492e+10  6.22063221e+10  5.86130632e+11  1.10778200e+10
 2.48200000e+02  1.39461908e+17  7.68765003e+16  7.50898180e+10  6.22974297e+10  5.86130632e+11  1.10778200e+10
 2.48300000e+02  1.38814638e+17  7.69851374e+16  7.47413118e+10  6.23854645e+10  5.86130632e+11  1.10778200e+10
 2.48400000e+02  1.38170373e+17  7.70900228e+16  7.43944232e+10  6.24704592e+10  5.86130632e+11  1.10778200e+10
 2.48500000e+02  1.37529098e+17  7.71911968e+16  7.40491445e+10  6.25524462e+10  5.86130632e+11  1.10778200e+10
 2.48600000e+02  1.36890799e+17  7.72886989e+16  7.37054682e+10  6.26314578e+10  5.86130632e+11  1.10778200e+10
 2.48700000e+02  1.36255463e+17  7.73825687e+16  7.33633871e+10  6.27075259e+10  5.86130632e+11  1.10778200e+10
 2.48800000e+02  1.35623075e+17  7.74728452e+16  7.30228936e+10  6.27806821e+10  5.86130632e+11  1.10778200e+10
 2.48900000e+02  1.34993623e+17  7.75595670e+16  7.26839805e+10  6.28509577e+10  5.86130632e+11  1.10778200e+10
 2.49000000e+02  1.34367092e+17  7.76427725e+16  7.23466402e+10  6.29183839e+10  5.86130632e+11  1.10778200e+10
 2.49000000e+02  1.34367092e+17  0.00000000e+00  7.23466402e+10  0.00000000e+00  5.86130632e+11  1.10778200e+10
 2.49100000e+02  1.33743468e+17  6.21443555e+14  7.20108657e+10  5.03591293e+08  5.86130632e+11  1.10778200e+10
 2.49200000e+02  1.33122739e+17  1.23566704e+15  7.16766495e+10  1.00133175e+09  5.86130632e+11  1.10778200e+10
 2.49300000e+02  1.32504891e+17  1.84273422e+15  7.13439845e+10  1.49327304e+09  5.86130632e+11  1.10778200e+10
 2.49400000e+02  1.31889911e+17  2.44270834e+15  7.10128635e+10  1.97946642e+09  5.86130632e+11  1.10778200e+10
 2.49500000e+02  1.31277785e+17  3.03565215e+15  7.06832792e+10  2.45996274e+09  5.86130632e+11  1.10778200e+10
 2.49600000e+02  1.30668500e+17  3.62162791e+15  7.03552247e+10  2.93481245e+09  5.86130632e+11  1.10778200e+10
 2.49700000e+02  1.30062042e+17  4.20069738e+15  7.00286926e+10  3.40406559e+09  5.86130632e+11  1.10778200e+10
 2.49800000e+02  1.29458399e+17  4.77292181e+15  6.97036761e+10  3.86777181e+09  5.86130632e+11  1.10778200e+10
 2.49900000e+02  1.28857558e+17  5.33836198e+15  6.93801681e+10  4.32598035e+09  5.86130632e+11  1.10778200e+10
 2.50000000e+02  1.28259506e+17  5.89707819e+15  6.90581615e+10  4.77874009e+09  5.86130632e+11  1.10778200e+10
 2.50000000e+02  1.28259506e+17  5.89707819e+15  6.90581615e+10  4.77874009e+09  5.86130632e+11  1.10778200e+10
 2.50550000e+02  1.29015820e+17  8.90316425e+15  6.94653802e+10  7.21474373e+09  5.86130632e+11  1.10778200e+10
 2.51100000e+02  1.29753029e+17  1.18144328e+16  6.98623121e+10  9.57391130e+09  5.86130632e+11  1.10778200e+10
 2.51650000e+02  1.30471615e+17  1.46339922e+16  7.02492168e+10  1.18587617e+10  5.86130632e+11  1.10778200e+10
 2.52200000e+02  1.31172048e+17  1.73648454e+16  7.06263478e+10  1.40717284e+10  5.86130632e+11  1.10778200e+10
 2.52750000e+02  1.31854787e+17  2.00098937e+16  7.09939519e+10  1.62151625e+10  5.86130632e+11  1.10778200e+10
 2.53300000e+02  1.32520280e+17  2.25719399e+16  7.13522699e+10  1.82913352e+10  5.86130632e+11  1.10778200e+10
 2.53850000e+02  1.33168961e+17  2.50536921e+16  7.17015362e+10  2.03024412e+10  5.86130632e+11  1.10778200e+10
 2.54400000e+02  1.33801255e+17  2.74577671e+16  7.20419795e+10  2.22506008e+10  5.86130632e+11  1.10778200e+10
 2.54950000e+02  1.34417577e+17  2.97866931e+16  7.23738228e+10  2.41378628e+10  5.86130632e+11  1.10778200e+10
 2.55500000e+02  1.35018330e+17  3.20429132e+16  7.26972832e+10  2.59662071e+10  5.86130632e+11  1.10778200e+10
 2.56050000e+02  1.35603906e+17  3.42287881e+16  7.30125726e+10  2.77375467e+10  5.86130632e+11  1.10778200e+10
 2.56600000e+02  1.36174691e+17  3.63465991e+16  7.33198973e+10  2.94537303e+10  5.86130632e+11  1.10778200e+10
 2.57150000e+02  1.36731056e+17  3.83985510e+16  7.36194585e+10  3.11165443e+10  5.86130632e+11  1.10778200e+10
 2.57700000e+02  1.37273367e+17  4.03867742e+16  7.39114524e+10  3.27277155e+10  5.86130632e+11  1.10778200e+10
 2.58250000e+02  1.37801978e+17  4.23133281e+16  7.41960701e+10  3.42889123e+10  5.86130632e+11  1.10778200e+10
 2.58800000e+02  1.38317236e+17  4.41802026e+16  7.44734980e+10  3.58017477e+10  5.86130632e+11  1.10778200e+10
 2.59350000e+02  1.38819478e+17  4.59893215e+16  7.47439177e+10  3.72677803e+10  5.86130632e+11  1.10778200e+10
 2.59900000e+02  1.39309032e+17  4.77425440e+16  7.50075061e+10  3.86885168e+10  5.86130632e+11  1.10778200e+10
 2.60450000e+02  1.39786220e+17  4.94416672e+16  7.52644360e+10  4.00654137e+10  5.86130632e+11  1.10778200e+10
 2.61000000e+02  1.40251353e+17  5.10884284e+16  7.55148754e+10  4.13998785e+10  5.86130632e+11  1.10778200e+10
 2.61550000e+02  1.40704736e+17  5.26845068e+16  7.57589884e+10  4.26932723e+10  5.86130632e+11  1.10778200e+10
 2.62100000e+02  1.41146666e+17  5.42315261e+16  7.59969347e+10  4.39469105e+10  5.86130632e+11  1.10778200e+10
 2.62650000e+02  1.41577433e+17  5.57310555e+16  7.62288702e+10  4.51620651e+10  5.86130632e+11  1.10778200e+10
 2.63200000e+02  1.41997317e+17  5.71846125e+16  7.64549466e+10  4.63399655e+10  5.86130632e+11  1.10778200e+10
 2.63750000e+02  1.42406595e+17  5.85936641e+16  7.66753120e+10  4.74818007e+10  5.86130632e+11  1.10778200e+10
 2.64300000e+02  1.42805534e+17  5.99596287e+16  7.68901107e+10  4.85887200e+10  5.86130632e+11  1.10778200e+10
 2.64850000e+02  1.43194395e+17  6.12838778e+16  7.70994833e+10  4.96618349e+10  5.86130632e+11  1.10778200e+10
 2.65400000e+02  1.43573432e+17  6.25677374e+16  7.73035668e+10  5.07022199e+10  5.86130632e+11  1.10778200e+10
 2.65950000e+02  1.43942895e+17  6.38124901e+16  7.75024949e+10  5.17109142e+10  5.86130632e+11  1.10778200e+10
 2.66500000e+02  1.44303025e+17  6.50193757e+16  7.76963978e+10  5.26889227e+10  5.86130632e+11  1.10778200e+10
 2.67050000e+02  1.44654057e+17  6.61895936e+16  7.78854024e+10  5.36372173e+10  5.86130632e+11  1.10778200e+10
 2.67600000e+02  1.44996221e+17  6.73243034e+16  7.80696325e+10  5.45567376e+10  5.86130632e+11  1.10778200e+10
 2.68150000e+02  1.45329742e+17  6.84246267e+16  7.82492087e+10  5.54483926e+10  5.86130632e+11  1.10778200e+10
 2.68700000e+02  1.45654838e+17  6.94916485e+16  7.84242485e+10  5.63130614e+10  5.86130632e+11  1.10778200e+10
 2.69250000e+02  1.45971722e+17  7.05264179e+16  7.85948666e+10  5.71515943e+10  5.86130632e+11  1.10778200e+10
 2.69800000e+02  1.46280600e+17  7.15299498e+16  7.87611746e+10  5.79648137e+10  5.86130632e+11  1.10778200e+10
 2.70350000e+02  1.46581676e+17  7.25032258e+16  7.89232814e+10  5.87535150e+10  5.86130632e+11  1.10778200e+10
 2.70900000e+02  1.46875146e+17  7.34471957e+16  7.90812932e+10  5.95184678e+10  5.86130632e+11  1.10778200e+10
 2.71450000e+02  1.47161203e+17  7.43627779e+16  7.92353134e+10  6.02604165e+10  5.86130632e+11  1.10778200e+10
 2.72000000e+02  1.47440034e+17  7.52508612e+16  7.93854428e+10  6.09800812e+10  5.86130632e+11  1.10778200e+10
 2.72000000e+02  1.47440034e+17  7.52508612e+16  7.93854428e+10  6.09800812e+10  5.86130632e+11  1.10778200e+10
 2.72100000e+02  1.46755736e+17  7.54077390e+16  7.90169998e+10  6.11072082e+10  5.86130632e+11  1.10778200e+10
 2.72200000e+02  1.46074615e+17  7.55603573e+16  7.86502668e+10  6.12308836e+10  5.86130632e+11  1.10778200e+10
 2.72300000e+02  1.45396655e+17  7.57087606e+16  7.82852360e+10  6.13511434e+10  5.86130632e+11  1.10778200e+10
 2.72400000e+02  1.44721841e+17  7.58529930e+16  7.79218992e+10  6.14680231e+10  5.86130632e+11  1.10778200e+10
 2.72500000e+02  1.44050160e+17  7.59930981e+16  7.75602488e+10  6.15815583e+10  5.86130632e+11  1.10778200e+10
 2.72600000e+02  1.43381595e+17  7.61291192e+16  7.72002769e+10  6.16917839e+10  5.86130632e+11  1.10778200e+10
 2.72700000e+02  1.42716134e+17  7.62610991e+16  7.68419757e+10  6.17987348e+10  5.86130632e+11  1.10778200e+10
 2.72800000e+02  1.42053761e+17  7.63890805e+16  7.64853375e+10  6.19024455e+10  5.86130632e+11  1.10778200e+10
 2.72900000e+02  1.41394463e+17  7.65131055e+16  7.61303544e+10  6.20029500e+10  5.86130632e+11  1.10778200e+10
 2.73000000e+02  1.40738224e+17  7.66332159e+16  7.57770189e+10  6.21002824e+10  5.86130632e+11  1.10778200e+10
 2.73000000e+02  1.40738224e+17  7.66332159e+16  7.57770189e+10  6.21002824e+10  6.49037019e+11  1.10756044e+10
 2.73100000e+02  1.40085031e+17  7.67494532e+16  7.54253233e+10  6.21944762e+10  6.49037019e+11  1.10756044e+10
 2.73200000e+02  1.39434870e+17  7.68618586e+16  7.50752600e+10  6.22855646e+10  6.49037019e+11  1.10756044e+10
 2.73300000e+02  1.38787726e+17  7.69704727e+16  7.47268214e+10  6.23735809e+10  6.49037019e+11  1.10756044e+10
 2.73400000e+02  1.38143585e+17  7.70753360e+16  7.43800000e+10  6.24585576e+10  6.49037019e+11  1.10756044e+10
 2.73500000e+02  1.37502435e+17  7.71764885e+16  7.40347882e+10  6.25405273e+10  6.49037019e+11  1.10756044e+10
 2.73600000e+02  1.36864260e+17  7.72739700e+16  7.36911786e+10  6.26195221e+10  6.49037019e+11  1.10756044e+10
 2.73700000e+02  1.36229047e+17  7.73678198e+16  7.33491638e+10  6.26955740e+10  6.49037019e+11  1.10756044e+10
 2.73800000e+02  1.35596782e+17  7.74580770e+16  7.30087364e+10  6.27687146e+10  6.49037019e+11  1.10756044e+10
 2.73900000e+02  1.34967451e+17  7.75447802e+16  7.26698889e+10  6.28389752e+10  6.49037019e+11  1.10756044e+10
 2.74000000e+02  1.34341041e+17  7.76279679e+16  7.23326141e+10  6.29063869e+10  6.49037019e+11  1.10756044e+10
 2.74000000e+02  1.34341041e+17  0.00000000e+00  7.23326141e+10  0.00000000e+00  6.49037019e+11  1.10756044e+10
 2.74100000e+02  1.33717539e+17  6.21323073e+14  7.19969046e+10  5.03493659e+08  6.49037019e+11  1.10756044e+10
 2.74200000e+02  1.33096930e+17  1.23542748e+15  7.16627533e+10  1.00113762e+09  6.49037019e+11  1.10756044e+10
 2.74300000e+02  1.32479202e+17  1.84237696e+15  7.13301528e+10  1.49298353e+09  6.49037019e+11  1.10756044e+10
 2.74400000e+02  1.31864341e+17  2.44223476e+15  7.09990959e+10  1.97908265e+09  6.49037019e+11  1.10756044e+10
 2.74500000e+02  1.31252333e+17  3.03506361e+15  7.06695756e+10  2.45948582e+09  6.49037019e+11  1.10756044e+10
 2.74600000e+02  1.30643166e+17  3.62092577e+15  7.03415846e+10  2.93424346e+09  6.49037019e+11  1.10756044e+10
 2.74700000e+02  1.30036826e+17  4.19988297e+15  7.00151159e+10  3.40340563e+09  6.49037019e+11  1.10756044e+10
 2.74800000e+02  1.29433301e+17  4.77199646e+15  6.96901624e+10  3.86702195e+09  6.49037019e+11  1.10756044e+10
 2.74900000e+02  1.28832576e+17  5.33732701e+15  6.93667170e+10  4.32514166e+09  6.49037019e+11  1.10756044e+10
 2.75000000e+02  1.28234639e+17  5.89593490e+15  6.90447729e+10  4.77781361e+09  6.49037019e+11  1.10756044e+10
 2.75000000e+02  1.28234639e+17  5.89593490e+15  6.90447729e+10  4.77781361e+09  6.49037019e+11  1.10756044e+10
 2.75550000e+02  1.28990783e+17  8.90143785e+15  6.94518995e+10  7.21334473e+09  6.49037019e+11  1.10756044e+10
 2.76100000e+02  1.29727825e+17  1.18121410e+16  6.98487415e+10  9.57205418e+09  6.49037019e+11  1.10756044e+10
 2.76650000e+02  1.30446248e+17  1.46311523e+16  7.02355587e+10  1.18564604e+10  6.49037019e+11  1.10756044e+10
 2.77200000e+02  1.31146523e+17  1.73614741e+16  7.06126044e+10  1.40689965e+10  6.49037019e+11  1.10756044e+10
 2.77750000e+02  1.31829108e+17  2.00060071e+16  7.09801254e+10  1.62120130e+10  6.49037019e+11  1.10756044e+10
 2.78300000e+02  1.32494449e+17  2.25675537e+16  7.13383622e+10  1.82877808e+10  6.49037019e+11  1.10756044e+10
 2.78850000e+02  1.33142984e+17  2.50488215e+16  7.16875495e+10  2.02984942e+10  6.49037019e+11  1.10756044e+10
 2.79400000e+02  1.33775135e+17  2.74524266e+16  7.20279159e+10  2.22462730e+10  6.49037019e+11  1.10756044e+10
 2.79950000e+02  1.34391318e+17  2.97808970e+16  7.23596840e+10  2.41331659e+10  6.49037019e+11  1.10756044e+10
 2.80500000e+02  1.34991934e+17  3.20366752e+16  7.26830713e+10  2.59611521e+10  6.49037019e+11  1.10756044e+10
 2.81050000e+02  1.35577379e+17  3.42221215e+16  7.29982893e+10  2.77321444e+10  6.49037019e+11  1.10756044e+10
 2.81600000e+02  1.36148034e+17  3.63395170e+16  7.33055445e+10  2.94479912e+10  6.49037019e+11  1.10756044e+10
 2.82150000e+02  1.36704273e+17  3.83910657e+16  7.36050380e+10  3.11104785e+10  6.49037019e+11  1.10756044e+10
 2.82700000e+02  1.37246462e+17  4.03788979e+16  7.38969658e+10  3.27213328e+10  6.49037019e+11  1.10756044e+10
 2.83250000e+02  1.37774953e+17  4.23050724e+16  7.41815191e+10  3.42822223e+10  6.49037019e+11  1.10756044e+10
 2.83800000e+02  1.38290095e+17  4.41715791e+16  7.44588842e+10  3.57947595e+10  6.49037019e+11  1.10756044e+10
 2.84350000e+02  1.38792223e+17  4.59803410e+16  7.47292427e+10  3.72605029e+10  6.49037019e+11  1.10756044e+10
 2.84900000e+02  1.39281666e+17  4.77332172e+16  7.49927715e+10  3.86809588e+10  6.49037019e+11  1.10756044e+10
 2.85450000e+02  1.39758746e+17  4.94320045e+16  7.52496432e+10  4.00575834e+10  6.49037019e+11  1.10756044e+10
 2.86000000e+02  1.40223774e+17  5.10784398e+16  7.55000260e+10  4.13917842e+10  6.49037019e+11  1.10756044e+10
 2.86550000e+02  1.40677054e+17  5.26742021e+16  7.57440837e+10  4.26849217e+10  6.49037019e+11  1.10756044e+10
 2.87100000e+02  1.41118885e+17  5.42209145e+16  7.59819762e+10  4.39383114e+10  6.49037019e+11  1.10756044e+10
 2.87650000e+02  1.41549553e+17  5.57201462e+16  7.62138592e+10  4.51532247e+10  6.49037019e+11  1.10756044e+10
 2.88200000e+02  1.41969343e+17  5.71734144e+16  7.64398845e+10  4.63308911e+10  6.49037019e+11  1.10756044e+10
 2.88750000e+02  1.42378528e+17  5.85821857e+16  7.66602001e+10  4.74724991e+10  6.49037019e+11  1.10756044e+10
 2.89300000e+02  1.42777376e+17  5.99478783e+16  7.68749502e+10  4.85791980e+10  6.49037019e+11  1.10756044e+10
 2.89850000e+02  1.43166149e+17  6.12718634e+16  7.70842754e+10  4.96520989e+10  6.49037019e+11  1.10756044e+10
 2.90400000e+02  1.43545101e+17  6.25554669e+16  7.72883128e+10  5.06922763e+10  6.49037019e+11  1.10756044e+10
 2.90950000e+02  1.43914481e+17  6.37999709e+16  7.74871958e+10  5.17007692e+10  6.49037019e+11  1.10756044e+10
 2.91500000e+02  1.44274529e+17  6.50066152e+16  7.76810548e+10  5.26785822e+10  6.49037019e+11  1.10756044e+10
 2.92050000e+02  1.44625481e+17  6.61765989e+16  7.78700167e+10  5.36266869e+10  6.49037019e+11  1.10756044e+10
 2.92600000e+02  1.44967569e+17  6.73110814e+16  7.80542051e+10  5.45460230e+10  6.49037019e+11  1.10756044e+10
 2.93150000e+02  1.45301014e+17  6.84111841e+16  7.82337407e+10  5.54374993e+10  6.49037019e+11  1.10756044e+10
 2.93700000e+02  1.45626037e+17  6.94779917e+16  7.84087409e+10  5.63019945e+10  6.49037019e+11  1.10756044e+10
 2.94250000e+02  1.45942848e+17  7.05125531e+16  7.85793203e+10  5.71403589e+10  6.49037019e+11  1.10756044e+10
 2.94800000e+02  1.46251657e+17  7.15158832e+16  7.87455907e+10  5.79534147e+10  6.49037019e+11  1.10756044e+10
 2.95350000e+02  1.46552665e+17  7.24889633e+16  7.89076609e+10  5.87419572e+10  6.49037019e+11  1.10756044e+10
 2.95900000e+02  1.46846069e+17  7.34327429e+16  7.90656369e+10  5.95067559e+10  6.49037019e+11  1.10756044e+10
 2.96450000e+02  1.47132061e+17  7.43481404e+16  7.92196223e+10  6.02485549e+10  6.49037019e+11  1.10756044e+10
 2.97000000e+02  1.47410828e+17  7.52360444e+16  7.93697177e+10  6.09680743e+10  6.49037019e+11  1.10756044e+10
 2.97000000e+02  1.47410828e+17  7.52360444e+16  7.93697177e+10  6.09680743e+10  6.49037019e+11  1.10756044e+10
 2.97100000e+02  1.46726666e+17  7.53928905e+16  7.90013477e+10  6.10951757e+10  6.49037019e+11  1.10756044e+10
 2.97200000e+02  1.46045680e+17  7.55454779e+16  7.86346874e+10  6.12188260e+10  6.49037019e+11  1.10756044e+10
 2.97300000e+02  1.45367854e+17  7.56938513e+16  7.82697288e+10  6.13390615e+10  6.49037019e+11  1.10756044e+10
 2.97400000e+02  1.44693174e+17  7.58380545e+16  7.79064641e+10  6.14559176e+10  6.49037019e+11  1.10756044e+10
 2.97500000e+02  1.44021625e+17  7.59781312e+16  7.75448853e+10  6.15694298e+10  6.49037019e+11  1.10756044e+10
 2.97600000e+02  1.43353194e+17  7.61141247e+16  7.71849847e+10  6.16796331e+10  6.49037019e+11  1.10756044e+10
 2.97700000e+02  1.42687864e+17  7.62460779e+16  7.68267545e+10  6.17865623e+10  6.49037019e+11  1.10756044e+10
 2.97800000e+02  1.42025622e+17  7.63740334e+16  7.64701869e+10  6.18902519e+10  6.49037019e+11  1.10756044e+10
 2.97900000e+02  1.41366454e+17  7.64980332e+16  7.61152741e+10  6.19907361e+10  6.49037019e+11  1.10756044e+10
 2.98000000e+02  1.40710346e+17  7.66181193e+16  7.57620086e+10  6.20880487e+10  6.49037019e+11  1.10756044e+10
 2.98000000e+02  1.40710346e+17  7.66181193e+16  7.57620086e+10  6.20880487e+10  7.11931008e+11  1.10733893e+10
 2.98100000e+02  1.40057282e+17  7.67343330e+16  7.54103827e+10  6.21822233e+10  7.11931008e+11  1.10733893e+10
 2.98200000e+02  1.39407250e+17  7.68467155e+16  7.50603887e+10  6.22732933e+10  7.11931008e+11  1.10733893e+10
 2.98300000e+02  1.38760234e+17  7.69553075e+16  7.47120191e+10  6.23612917e+10  7.11931008e+11  1.10733893e+10
 2.98400000e+02  1.38116221e+17  7.70601495e+16  7.43652664e+10  6.24462511e+10  7.11931008e+11  1.10733893e+10
 2.98500000e+02  1.37475198e+17  7.71612814e+16  7.40201230e+10  6.25282041e+10  7.11931008e+11  1.10733893e+10
 2.98600000e+02  1.36837149e+17  7.72587430e+16  7.36765815e+10  6.26071828e+10  7.11931008e+11  1.10733893e+10
 2.98700000e+02  1.36202062e+17  7.73525737e+16  7.33346345e+10  6.26832192e+10  7.11931008e+11  1.10733893e+10
 2.98800000e+02  1.35569922e+17  7.74428124e+16  7.29942744e+10  6.27563448e+10  7.11931008e+11  1.10733893e+10
 2.98900000e+02  1.34940716e+17  7.75294979e+16  7.26554941e+10  6.28265910e+10  7.11931008e+11  1.10733893e+10
 2.99000000e+02  1.34314430e+17  7.76126686e+16  7.23182861e+10  6.28939890e+10  7.11931008e+11  1.10733893e+10
 2.99000000e+02  1.34314430e+17  0.00000000e+00  7.23182861e+10  0.00000000e+00  7.11931008e+11  1.10733893e+10
 2.99100000e+02  1.33691052e+17  6.21199998e+14  7.19826431e+10  5.03393925e+08  7.11931008e+11  1.10733893e+10
 2.99200000e+02  1.33070566e+17  1.23518276e+15  7.16485579e+10  1.00093931e+09  7.11931008e+11  1.10733893e+10
 2.99300000e+02  1.32452960e+17  1.84201201e+15  7.13160233e+10  1.49268779e+09  7.11931008e+11  1.10733893e+10
 2.99400000e+02  1.31838221e+17  2.44175099e+15  7.09850320e+10  1.97869062e+09  7.11931008e+11  1.10733893e+10
 2.99500000e+02  1.31226334e+17  3.03446241e+15  7.06555770e+10  2.45899863e+09  7.11931008e+11  1.10733893e+10
 2.99600000e+02  1.30617288e+17  3.62020852e+15  7.03276510e+10  2.93366223e+09  7.11931008e+11  1.10733893e+10
 2.99700000e+02  1.30011068e+17  4.19905103e+15  7.00012469e+10  3.40273146e+09  7.11931008e+11  1.10733893e+10
 2.99800000e+02  1.29407662e+17  4.77105120e+15  6.96763578e+10  3.86625595e+09  7.11931008e+11  1.10733893e+10
 2.99900000e+02  1.28807056e+17  5.33626976e+15  6.93529765e+10  4.32428491e+09  7.11931008e+11  1.10733893e+10
 3.00000000e+02  1.28209238e+17  5.89476700e+15  6.90310961e+10  4.77686720e+09  7.11931008e+11  1.10733893e+10
 3.00000000e+02  1.28209238e+17  5.89476700e+15  6.90310961e+10  4.77686720e+09  7.11931008e+11  1.10733893e+10
 3.00550000e+02  1.28965224e+17  8.89967451e+15  6.94381380e+10  7.21191579e+09  7.11931008e+11  1.10733893e+10
 3.01100000e+02  1.29702112e+17  1.18098009e+16  6.98348974e+10  9.57015779e+09  7.11931008e+11  1.10733893e+10
 3.01650000e+02  1.30420386e+17  1.46282533e+16  7.02216341e+10  1.18541112e+10  7.11931008e+11  1.10733893e+10
 3.02200000e+02  1.31120515e+17  1.73580336e+16  7.05986013e+10  1.40662085e+10  7.11931008e+11  1.10733893e+10
 3.02750000e+02  1.31802958e+17  2.00020420e+16  7.09660457e+10  1.62087998e+10  7.11931008e+11  1.10733893e+10
 3.03300000e+02  1.32468161e+17  2.25630802e+16  7.13242080e+10  1.82841557e+10  7.11931008e+11  1.10733893e+10
 3.03850000e+02  1.33116560e+17  2.50438555e+16  7.16733226e+10  2.02944699e+10  7.11931008e+11  1.10733893e+10
 3.04400000e+02  1.33748580e+17  2.74469833e+16  7.20136180e+10  2.22418620e+10  7.11931008e+11  1.10733893e+10
 3.04950000e+02  1.34364634e+17  2.97749912e+16  7.23453171e+10  2.41283801e+10  7.11931008e+11  1.10733893e+10
 3.05500000e+02  1.34965126e+17  3.20303212e+16  7.26686371e+10  2.59560031e+10  7.11931008e+11  1.10733893e+10
 3.06050000e+02  1.35550448e+17  3.42153331e+16  7.29837894e+10  2.77266434e+10  7.11931008e+11  1.10733893e+10
 3.06600000e+02  1.36120985e+17  3.63323075e+16  7.32909806e+10  2.94421490e+10  7.11931008e+11  1.10733893e+10
 3.07150000e+02  1.36677109e+17  3.83834482e+16  7.35904118e+10  3.11043057e+10  7.11931008e+11  1.10733893e+10
 3.07700000e+02  1.37219184e+17  4.03708849e+16  7.38822788e+10  3.27148394e+10  7.11931008e+11  1.10733893e+10
 3.08250000e+02  1.37747566e+17  4.22966761e+16  7.41667729e+10  3.42754183e+10  7.11931008e+11  1.10733893e+10
 3.08800000e+02  1.38262600e+17  4.41628112e+16  7.44440803e+10  3.57876544e+10  7.11931008e+11  1.10733893e+10
 3.09350000e+02  1.38764623e+17  4.59712129e+16  7.47143824e+10  3.72531058e+10  7.11931008e+11  1.10733893e+10
 3.09900000e+02  1.39253965e+17  4.77237399e+16  7.49778564e+10  3.86732788e+10  7.11931008e+11  1.10733893e+10
 3.10450000e+02  1.39730945e+17  4.94221887e+16  7.52346746e+10  4.00496291e+10  7.11931008e+11  1.10733893e+10
 3.11000000e+02  1.40195876e+17  5.10682957e+16  7.54850053e+10  4.13835639e+10  7.11931008e+11  1.10733893e+10
 3.11550000e+02  1.40649063e+17  5.26637398e+16  7.57290122e+10  4.26764435e+10  7.11931008e+11  1.10733893e+10
 3.12100000e+02  1.41090801e+17  5.42101437e+16  7.59668552e+10  4.39295831e+10  7.11931008e+11  1.10733893e+10
 3.12650000e+02  1.41521380e+17  5.57090763e+16  7.61986899e+10  4.51442540e+10  7.11931008e+11  1.10733893e+10
 3.13200000e+02  1.41941082e+17  5.71620543e+16  7.64246681e+10  4.63216854e+10  7.11931008e+11  1.10733893e+10
 3.13750000e+02  1.42350182e+17  5.85705443e+16  7.66449378e+10  4.74630655e+10  7.11931008e+11  1.10733893e+10
 3.14300000e+02  1.42748947e+17  5.99359642e+16  7.68596432e+10  4.85695433e+10  7.11931008e+11  1.10733893e+10
 3.14850000e+02  1.43137639e+17  6.12596848e+16  7.70689248e+10  4.96422299e+10  7.11931008e+11  1.10733893e+10
 3.15400000e+02  1.43516512e+17  6.25430317e+16  7.72729197e+10  5.06821994e+10  7.11931008e+11  1.10733893e+10
 3.15950000e+02  1.43885815e+17  6.37872870e+16  7.74717614e+10  5.16904907e+10  7.11931008e+11  1.10733893e+10
 3.16500000e+02  1.44245788e+17  6.49936900e+16  7.76655800e+10  5.26681081e+10  7.11931008e+11  1.10733893e+10
 3.17050000e+02  1.44596667e+17  6.61634396e+16  7.78545025e+10  5.36160232e+10  7.11931008e+11  1.10733893e+10
 3.17600000e+02  1.44938683e+17  6.72976951e+16  7.80386526e+10  5.45351754e+10  7.11931008e+11  1.10733893e+10
 3.18150000e+02  1.45272060e+17  6.83975776e+16  7.82181507e+10  5.54264731e+10  7.11931008e+11  1.10733893e+10
 3.18700000e+02  1.45597014e+17  6.94641716e+16  7.83931145e+10  5.62907953e+10  7.11931008e+11  1.10733893e+10
 3.19250000e+02  1.45913760e+17  7.04985258e+16  7.85636585e+10  5.71289918e+10  7.11931008e+11  1.10733893e+10
 3.19800000e+02  1.46222504e+17  7.15016548e+16  7.87298942e+10  5.79418847e+10  7.11931008e+11  1.10733893e+10
 3.20350000e+02  1.46523449e+17  7.24745399e+16  7.88919307e+10  5.87302691e+10  7.11931008e+11  1.10733893e+10
 3.20900000e+02  1.46816792e+17  7.34181303e+16  7.90498738e+10  5.94949145e+10  7.11931008e+11  1.10733893e+10
 3.21450000e+02  1.47102725e+17  7.43333443e+16  7.92038271e+10  6.02365647e+10  7.11931008e+11  1.10733893e+10
 3.22000000e+02  1.47381434e+17  7.52210702e+16  7.93538913e+10  6.09559398e+10  7.11931008e+11  1.10733893e+10
 3.22000000e+02  1.47381434e+17  7.52210702e+16  7.93538913e+10  6.09559398e+10  7.11931008e+11  1.10733893e+10
 3.22100000e+02  1.46697409e+17  7.53778847e+16  7.89855947e+10  6.10830157e+10  7.11931008e+11  1.10733893e+10
 3.22200000e+02  1.46016558e+17  7.55304416e+16  7.86190075e+10  6.12066412e+10  7.11931008e+11  1.10733893e+10
 3.22300000e+02  1.45338867e+17  7.56787851e+16  7.82541217e+10  6.13268525e+10  7.11931008e+11  1.10733893e+10
 3.22400000e+02  1.44664322e+17  7.58229594e+16  7.78909294e+10  6.14436852e+10  7.11931008e+11  1.10733893e+10
 3.22500000e+02  1.43992907e+17  7.59630080e+16  7.75294228e+10  6.15571746e+10  7.11931008e+11  1.10733893e+10
 3.22600000e+02  1.43324609e+17  7.60989742e+16  7.71695939e+10  6.16673558e+10  7.11931008e+11  1.10733893e+10
 3.22700000e+02  1.42659412e+17  7.62309009e+16  7.68114351e+10  6.17742635e+10  7.11931008e+11  1.10733893e+10
 3.22800000e+02  1.41997302e+17  7.63588307e+16  7.64549386e+10  6.18779323e+10  7.11931008e+11  1.10733893e+10
 3.22900000e+02  1.41338266e+17  7.64828056e+16  7.61000966e+10  6.19783963e+10  7.11931008e+11  1.10733893e+10
 3.23000000e+02  1.40682288e+17  7.66028675e+16  7.57469016e+10  6.20756894e+10  7.11931008e+11  1.10733893e+10
 3.23000000e+02  1.40682288e+17  7.66028675e+16  7.57469016e+10  6.20756894e+10  7.74812475e+11  1.10711746e+10
 3.23100000e+02  1.40029355e+17  7.67190579e+16  7.53953458e+10  6.21698451e+10  7.74812475e+11  1.10711746e+10
 3.23200000e+02  1.39379452e+17  7.68314178e+16  7.50454216e+10  6.22608967e+10  7.74812475e+11  1.10711746e+10
 3.23300000e+02  1.38732565e+17  7.69399880e+16  7.46971215e+10  6.23488774e+10  7.74812475e+11  1.10711746e+10
 3.23400000e+02  1.38088681e+17  7.70448089e+16  7.43504379e+10  6.24338197e+10  7.74812475e+11  1.10711746e+10
 3.23500000e+02  1.37447785e+17  7.71459205e+16  7.40053633e+10  6.25157562e+10  7.74812475e+11  1.10711746e+10
 3.23600000e+02  1.36809863e+17  7.72433625e+16  7.36618903e+10  6.25947191e+10  7.74812475e+11  1.10711746e+10
 3.23700000e+02  1.36174903e+17  7.73371742e+16  7.33200114e+10  6.26707401e+10  7.74812475e+11  1.10711746e+10
 3.23800000e+02  1.35542889e+17  7.74273948e+16  7.29797193e+10  6.27438510e+10  7.74812475e+11  1.10711746e+10
 3.23900000e+02  1.34913809e+17  7.75140629e+16  7.26410065e+10  6.28140831e+10  7.74812475e+11  1.10711746e+10
 3.24000000e+02  1.34287648e+17  7.75972168e+16  7.23038657e+10  6.28814675e+10  7.74812475e+11  1.10711746e+10
 3.24000000e+02  1.34287648e+17  0.00000000e+00  7.23038657e+10  0.00000000e+00  7.74812475e+11  1.10711746e+10
 3.24100000e+02  1.33664393e+17  6.21076130e+14  7.19682897e+10  5.03293547e+08  7.74812475e+11  1.10711746e+10
 3.24200000e+02  1.33044031e+17  1.23493646e+15  7.16342711e+10  1.00073972e+09  7.74812475e+11  1.10711746e+10
 3.24300000e+02  1.32426549e+17  1.84164471e+15  7.13018028e+10  1.49239015e+09  7.74812475e+11  1.10711746e+10
 3.24400000e+02  1.31811932e+17  2.44126410e+15  7.09708775e+10  1.97829607e+09  7.74812475e+11  1.10711746e+10
 3.24500000e+02  1.31200168e+17  3.03385734e+15  7.06414882e+10  2.45850830e+09  7.74812475e+11  1.10711746e+10
 3.24600000e+02  1.30591242e+17  3.61948665e+15  7.03136275e+10  2.93307726e+09  7.74812475e+11  1.10711746e+10
 3.24700000e+02  1.29985144e+17  4.19821374e+15  6.99872886e+10  3.40205296e+09  7.74812475e+11  1.10711746e+10
 3.24800000e+02  1.29381858e+17  4.77009984e+15  6.96624642e+10  3.86548501e+09  7.74812475e+11  1.10711746e+10
 3.24900000e+02  1.28781372e+17  5.33520570e+15  6.93391474e+10  4.32342264e+09  7.74812475e+11  1.10711746e+10
 3.25000000e+02  1.28183673e+17  5.89359157e+15  6.90173312e+10  4.77591468e+09  7.74812475e+11  1.10711746e+10
 3.25000000e+02  1.28183673e+17  5.89359157e+15  6.90173312e+10  4.77591468e+09  7.74812475e+11  1.10711746e+10
 3.25550000e+02  1.28939506e+17  8.89789987e+15  6.94242906e+10  7.21047770e+09  7.74812475e+11  1.10711746e+10
 3.26100000e+02  1.29676245e+17  1.18074458e+16  6.98209697e+10  9.56824939e+09  7.74812475e+11  1.10711746e+10
 3.26650000e+02  1.30394373e+17  1.46253361e+16  7.02076280e+10  1.18517472e+10  7.74812475e+11  1.10711746e+10
 3.27200000e+02  1.31094360e+17  1.73545720e+16  7.05845188e+10  1.40634033e+10  7.74812475e+11  1.10711746e+10
 3.27750000e+02  1.31776665e+17  1.99980529e+16  7.09518888e+10  1.62055672e+10  7.74812475e+11  1.10711746e+10
 3.28300000e+02  1.32441733e+17  2.25585801e+16  7.13099786e+10  1.82805091e+10  7.74812475e+11  1.10711746e+10
 3.28850000e+02  1.33090001e+17  2.50388604e+16  7.16590224e+10  2.02904221e+10  7.74812475e+11  1.10711746e+10
 3.29400000e+02  1.33721893e+17  2.74415087e+16  7.19992490e+10  2.22374256e+10  7.74812475e+11  1.10711746e+10
 3.29950000e+02  1.34337822e+17  2.97690520e+16  7.23308809e+10  2.41235672e+10  7.74812475e+11  1.10711746e+10
 3.30500000e+02  1.34938192e+17  3.20239318e+16  7.26541353e+10  2.59508254e+10  7.74812475e+11  1.10711746e+10
 3.31050000e+02  1.35523396e+17  3.42085076e+16  7.29692239e+10  2.77211123e+10  7.74812475e+11  1.10711746e+10
 3.31600000e+02  1.36093817e+17  3.63250594e+16  7.32763529e+10  2.94362753e+10  7.74812475e+11  1.10711746e+10
 3.32150000e+02  1.36649828e+17  3.83757905e+16  7.35757233e+10  3.10981002e+10  7.74812475e+11  1.10711746e+10
 3.32700000e+02  1.37191794e+17  4.03628304e+16  7.38675312e+10  3.27083124e+10  7.74812475e+11  1.10711746e+10
 3.33250000e+02  1.37720068e+17  4.22882370e+16  7.41519677e+10  3.42685796e+10  7.74812475e+11  1.10711746e+10
 3.33800000e+02  1.38234998e+17  4.41539993e+16  7.44292189e+10  3.57805137e+10  7.74812475e+11  1.10711746e+10
 3.34350000e+02  1.38736920e+17  4.59620399e+16  7.46994663e+10  3.72456724e+10  7.74812475e+11  1.10711746e+10
 3.34900000e+02  1.39226163e+17  4.77142168e+16  7.49628869e+10  3.86655617e+10  7.74812475e+11  1.10711746e+10
 3.35450000e+02  1.39703046e+17  4.94123263e+16  7.52196531e+10  4.00416370e+10  7.74812475e+11  1.10711746e+10
 3.36000000e+02  1.40167883e+17  5.10581044e+16  7.54699330e+10  4.13753053e+10  7.74812475e+11  1.10711746e+10
 3.36550000e+02  1.40620978e+17  5.26532297e+16  7.57138905e+10  4.26679266e+10  7.74812475e+11  1.10711746e+10
 3.37100000e+02  1.41062626e+17  5.41993246e+16  7.59516853e+10  4.39208158e+10  7.74812475e+11  1.10711746e+10
 3.37650000e+02  1.41493118e+17  5.56979576e+16  7.61834731e+10  4.51352439e+10  7.74812475e+11  1.10711746e+10
 3.38200000e+02  1.41912735e+17  5.71506452e+16  7.64094055e+10  4.63124399e+10  7.74812475e+11  1.10711746e+10
 3.38750000e+02  1.42321752e+17  5.85588537e+16  7.66296306e+10  4.74535919e+10  7.74812475e+11  1.10711746e+10
 3.39300000e+02  1.42720437e+17  5.99240006e+16  7.68442925e+10  4.85598485e+10  7.74812475e+11  1.10711746e+10
 3.39850000e+02  1.43109050e+17  6.12474565e+16  7.70535317e+10  4.96323207e+10  7.74812475e+11  1.10711746e+10
 3.40400000e+02  1.43487847e+17  6.25305469e+16  7.72574853e+10  5.06720822e+10  7.74812475e+11  1.10711746e+10
 3.40950000e+02  1.43857074e+17  6.37745533e+16  7.74562867e+10  5.16801718e+10  7.74812475e+11  1.10711746e+10
 3.41500000e+02  1.44216974e+17  6.49807150e+16  7.76500661e+10  5.26575938e+10  7.74812475e+11  1.10711746e+10
 3.42050000e+02  1.44567783e+17  6.61502307e+16  7.78389503e+10  5.36053193e+10  7.74812475e+11  1.10711746e+10
 3.42600000e+02  1.44909730e+17  6.72842592e+16  7.80230631e+10  5.45242875e+10  7.74812475e+11  1.10711746e+10
 3.43150000e+02  1.45243038e+17  6.83839217e+16  7.82025249e+10  5.54154070e+10  7.74812475e+11  1.10711746e+10
 3.43700000e+02  1.45567927e+17  6.94503023e+16  7.83774532e+10  5.62795563e+10  7.74812475e+11  1.10711746e+10
 3.44250000e+02  1.45884609e+17  7.04844496e+16  7.85479626e+10  5.71175850e+10  7.74812475e+11  1.10711746e+10
 3.44800000e+02  1.46193290e+17  7.14873779e+16  7.87141647e+10  5.79303152e+10  7.74812475e+11  1.10711746e+10
 3.45350000e+02  1.46494175e+17  7.24600683e+16  7.88761683e+10  5.87185419e+10  7.74812475e+11  1.10711746e+10
 3.45900000e+02  1.46787458e+17  7.34034698e+16  7.90340795e+10  5.94830342e+10  7.74812475e+11  1.10711746e+10
 3.46450000e+02  1.47073332e+17  7.43185006e+16  7.91880016e+10  6.02245360e+10  7.74812475e+11  1.10711746e+10
 3.47000000e+02  1.47351985e+17  7.52060487e+16  7.93380354e+10  6.09437671e+10  7.74812475e+11  1.10711746e+10
 3.47000000e+02  1.47351985e+17  7.52060487e+16  7.93380354e+10  6.09437671e+10  7.74812475e+11  1.10711746e+10
 3.47100000e+02  1.46668097e+17  7.53628319e+16  7.89698124e+10  6.10708175e+10  7.74812475e+11  1.10711746e+10
 3.47200000e+02  1.45987382e+17  7.55153582e+16  7.86032984e+10  6.11944183e+10  7.74812475e+11  1.10711746e+10
 3.47300000e+02  1.45309827e+17  7.56636721e+16  7.82384855e+10  6.13146055e+10  7.74812475e+11  1.10711746e+10
 3.47400000e+02  1.44635416e+17  7.58078175e+16  7.78753658e+10  6.14314148e+10  7.74812475e+11  1.10711746e+10
 3.47500000e+02  1.43964136e+17  7.59478380e+16  7.75139314e+10  6.15448815e+10  7.74812475e+11  1.10711746e+10
 3.47600000e+02  1.43295971e+17  7.60837770e+16  7.71541744e+10  6.16550406e+10  7.74812475e+11  1.10711746e+10
 3.47700000e+02  1.42630907e+17  7.62156773e+16  7.67960872e+10  6.17619270e+10  7.74812475e+11  1.10711746e+10
 3.47800000e+02  1.41968929e+17  7.63435814e+16  7.64396619e+10  6.18655750e+10  7.74812475e+11  1.10711746e+10
 3.47900000e+02  1.41310025e+17  7.64675315e+16  7.60848909e+10  6.19660189e+10  7.74812475e+11  1.10711746e+10
 3.48000000e+02  1.40654178e+17  7.65875694e+16  7.57317664e+10  6.20632924e+10  7.74812475e+11  1.10711746e+10
 3.48000000e+02  1.40654178e+17  7.65875694e+16  7.57317664e+10  6.20632924e+10  8.37681384e+11  1.10689604e+10
 3.48100000e+02  1.40001375e+17  7.67037365e+16  7.53802808e+10  6.21574293e+10  8.37681384e+11  1.10689604e+10
 3.48200000e+02  1.39351602e+17  7.68160739e+16  7.50304265e+10  6.22484627e+10  8.37681384e+11  1.10689604e+10
 3.48300000e+02  1.38704844e+17  7.69246224e+16  7.46821960e+10  6.23364257e+10  8.37681384e+11  1.10689604e+10
 3.48400000e+02  1.38061089e+17  7.70294222e+16  7.43355817e+10  6.24213511e+10  8.37681384e+11  1.10689604e+10
 3.48500000e+02  1.37420321e+17  7.71305136e+16  7.39905761e+10  6.25032711e+10  8.37681384e+11  1.10689604e+10
 3.48600000e+02  1.36782527e+17  7.72279360e+16  7.36471717e+10  6.25822182e+10  8.37681384e+11  1.10689604e+10
 3.48700000e+02  1.36147693e+17  7.73217290e+16  7.33053611e+10  6.26582240e+10  8.37681384e+11  1.10689604e+10
 3.48800000e+02  1.35515806e+17  7.74119315e+16  7.29651370e+10  6.27313202e+10  8.37681384e+11  1.10689604e+10
 3.48900000e+02  1.34886851e+17  7.74985822e+16  7.26264919e+10  6.28015382e+10  8.37681384e+11  1.10689604e+10
 3.49000000e+02  1.34260816e+17  7.75817194e+16  7.22894185e+10  6.28689091e+10  8.37681384e+11  1.10689604e+10
 3.49000000e+02  1.34260816e+17  0.00000000e+00  7.22894185e+10  0.00000000e+00  8.37681384e+11  1.10689604e+10
 3.49100000e+02  1.33637685e+17  6.20952031e+14  7.19539095e+10  5.03192983e+08  8.37681384e+11  1.10689604e+10
 3.49200000e+02  1.33017448e+17  1.23468970e+15  7.16199577e+10  1.00053976e+09  8.37681384e+11  1.10689604e+10
 3.49300000e+02  1.32400088e+17  1.84127673e+15  7.12875558e+10  1.49209195e+09  8.37681384e+11  1.10689604e+10
 3.49400000e+02  1.31785594e+17  2.44077630e+15  7.09566966e+10  1.97790078e+09  8.37681384e+11  1.10689604e+10
 3.49500000e+02  1.31173952e+17  3.03325113e+15  7.06273731e+10  2.45801706e+09  8.37681384e+11  1.10689604e+10
 3.49600000e+02  1.30565149e+17  3.61876343e+15  7.02995780e+10  2.93249119e+09  8.37681384e+11  1.10689604e+10
 3.49700000e+02  1.29959171e+17  4.19737488e+15  6.99733042e+10  3.40137318e+09  8.37681384e+11  1.10689604e+10
 3.49800000e+02  1.29356006e+17  4.76914672e+15  6.96485448e+10  3.86471264e+09  8.37681384e+11  1.10689604e+10
 3.49900000e+02  1.28755640e+17  5.33413966e+15  6.93252926e+10  4.32255877e+09  8.37681384e+11  1.10689604e+10
 3.50000000e+02  1.28158060e+17  5.89241396e+15  6.90035407e+10  4.77496039e+09  8.37681384e+11  1.10689604e+10
 3.50000000e+02  1.28158060e+17  5.89241396e+15  6.90035407e+10  4.77496039e+09  8.37681384e+11  1.10689604e+10
 3.50550000e+02  1.28913741e+17  8.89612195e+15  6.94104184e+10  7.20903695e+09  8.37681384e+11  1.10689604e+10
 3.51100000e+02  1.29650332e+17  1.18050865e+16  6.98070177e+10  9.56633750e+09  8.37681384e+11  1.10689604e+10
 3.51650000e+02  1.30368316e+17  1.46224137e+16  7.01935985e+10  1.18493790e+10  8.37681384e+11  1.10689604e+10
 3.52200000e+02  1.31068163e+17  1.73511042e+16  7.05704136e+10  1.40605931e+10  8.37681384e+11  1.10689604e+10
 3.52750000e+02  1.31750331e+17  1.99940568e+16  7.09377098e+10  1.62023289e+10  8.37681384e+11  1.10689604e+10
 3.53300000e+02  1.32415266e+17  2.25540723e+16  7.12957277e+10  1.82768561e+10  8.37681384e+11  1.10689604e+10
 3.53850000e+02  1.33063403e+17  2.50338569e+16  7.16447014e+10  2.02863675e+10  8.37681384e+11  1.10689604e+10
 3.54400000e+02  1.33695168e+17  2.74360250e+16  7.19848596e+10  2.22329819e+10  8.37681384e+11  1.10689604e+10
 3.54950000e+02  1.34310974e+17  2.97631031e+16  7.23164250e+10  2.41187465e+10  8.37681384e+11  1.10689604e+10
 3.55500000e+02  1.34911223e+17  3.20175322e+16  7.26396145e+10  2.59456395e+10  8.37681384e+11  1.10689604e+10
 3.56050000e+02  1.35496310e+17  3.42016713e+16  7.29546398e+10  2.77155725e+10  8.37681384e+11  1.10689604e+10
 3.56600000e+02  1.36066616e+17  3.63178001e+16  7.32617071e+10  2.94303927e+10  8.37681384e+11  1.10689604e+10
 3.57150000e+02  1.36622515e+17  3.83681213e+16  7.35610174e+10  3.10918854e+10  8.37681384e+11  1.10689604e+10
 3.57700000e+02  1.37164372e+17  4.03547640e+16  7.38527668e+10  3.27017757e+10  8.37681384e+11  1.10689604e+10
 3.58250000e+02  1.37692541e+17  4.22797857e+16  7.41371461e+10  3.42617310e+10  8.37681384e+11  1.10689604e+10
 3.58800000e+02  1.38207367e+17  4.41451750e+16  7.44143416e+10  3.57733628e+10  8.37681384e+11  1.10689604e+10
 3.59350000e+02  1.38709188e+17  4.59528541e+16  7.46845348e+10  3.72382287e+10  8.37681384e+11  1.10689604e+10
 3.59900000e+02  1.39198333e+17  4.77046807e+16  7.49479025e+10  3.86578341e+10  8.37681384e+11  1.10689604e+10
 3.60450000e+02  1.39675120e+17  4.94024507e+16  7.52046171e+10  4.00336343e+10  8.37681384e+11  1.10689604e+10
 3.61000000e+02  1.40139864e+17  5.10478998e+16  7.54548468e+10  4.13670359e+10  8.37681384e+11  1.10689604e+10
 3.61550000e+02  1.40592867e+17  5.26427061e+16  7.56987553e+10  4.26593988e+10  8.37681384e+11  1.10689604e+10
 3.62100000e+02  1.41034427e+17  5.41884919e+16  7.59365023e+10  4.39120375e+10  8.37681384e+11  1.10689604e+10
 3.62650000e+02  1.41464833e+17  5.56868252e+16  7.61682436e+10  4.51262228e+10  8.37681384e+11  1.10689604e+10
 3.63200000e+02  1.41884366e+17  5.71392224e+16  7.63941306e+10  4.63031834e+10  8.37681384e+11  1.10689604e+10
 3.63750000e+02  1.42293301e+17  5.85471493e+16  7.66143115e+10  4.74441071e+10  8.37681384e+11  1.10689604e+10
 3.64300000e+02  1.42691905e+17  5.99120231e+16  7.68289303e+10  4.85501425e+10  8.37681384e+11  1.10689604e+10
 3.64850000e+02  1.43080440e+17  6.12352144e+16  7.70381275e+10  4.96224002e+10  8.37681384e+11  1.10689604e+10
 3.65400000e+02  1.43459161e+17  6.25180482e+16  7.72420401e+10  5.06619538e+10  8.37681384e+11  1.10689604e+10
 3.65950000e+02  1.43828314e+17  6.37618058e+16  7.74408016e+10  5.16698418e+10  8.37681384e+11  1.10689604e+10
 3.66500000e+02  1.44188142e+17  6.49677263e+16  7.76345420e+10  5.26470683e+10  8.37681384e+11  1.10689604e+10
 3.67050000e+02  1.44538880e+17  6.61370081e+16  7.78233884e+10  5.35946042e+10  8.37681384e+11  1.10689604e+10
 3.67600000e+02  1.44880758e+17  6.72708098e+16  7.80074641e+10  5.45133887e+10  8.37681384e+11  1.10689604e+10
 3.68150000e+02  1.45214000e+17  6.83702524e+16  7.81868899e+10  5.54043299e+10  8.37681384e+11  1.10689604e+10
 3.68700000e+02  1.45538823e+17  6.94364196e+16  7.83617831e+10  5.62683063e+10  8.37681384e+11  1.10689604e+10
 3.69250000e+02  1.45855442e+17  7.04703601e+16  7.85322583e+10  5.71061674e+10  8.37681384e+11  1.10689604e+10
 3.69800000e+02  1.46164061e+17  7.14730877e+16  7.86984270e+10  5.79187351e+10  8.37681384e+11  1.10689604e+10
 3.70350000e+02  1.46464885e+17  7.24455835e+16  7.88603981e+10  5.87068041e+10  8.37681384e+11  1.10689604e+10
 3.70900000e+02  1.46758109e+17  7.33887964e+16  7.90182775e+10  5.94711435e+10  8.37681384e+11  1.10689604e+10
 3.71450000e+02  1.47043927e+17  7.43036441e+16  7.91721687e+10  6.02124969e+10  8.37681384e+11  1.10689604e+10
 3.72000000e+02  1.47322524e+17  7.51910147e+16  7.93221724e+10  6.09315841e+10  8.37681384e+11  1.10689604e+10
 3.72000000e+02  1.47322524e+17  7.51910147e+16  7.93221724e+10  6.09315841e+10  8.37681384e+11  1.10689604e+10
 3.72100000e+02  1.46638772e+17  7.53477665e+16  7.89540231e+10  6.10586091e+10  8.37681384e+11  1.10689604e+10
 3.72200000e+02  1.45958193e+17  7.55002623e+16  7.85875824e+10  6.11821852e+10  8.37681384e+11  1.10689604e+10
 3.72300000e+02  1.45280773e+17  7.56485465e+16  7.82228424e+10  6.13023484e+10  8.37681384e+11  1.10689604e+10
 3.72400000e+02  1.44606498e+17  7.57926630e+16  7.78597953e+10  6.14191343e+10  8.37681384e+11  1.10689604e+10
 3.72500000e+02  1.43935351e+17  7.59326556e+16  7.74984331e+10  6.15325782e+10  8.37681384e+11  1.10689604e+10
 3.72600000e+02  1.43267320e+17  7.60685673e+16  7.71387481e+10  6.16427153e+10  8.37681384e+11  1.10689604e+10
 3.72700000e+02  1.42602389e+17  7.62004412e+16  7.67807325e+10  6.17495803e+10  8.37681384e+11  1.10689604e+10
 3.72800000e+02  1.41940544e+17  7.63283198e+16  7.64243785e+10  6.18532076e+10  8.37681384e+11  1.10689604e+10
 3.72900000e+02  1.41281771e+17  7.64522451e+16  7.60696783e+10  6.19536313e+10  8.37681384e+11  1.10689604e+10
 3.73000000e+02  1.40626055e+17  7.65722589e+16  7.57166245e+10  6.20508855e+10  8.37681384e+11  1.10689604e+10
 3.73000000e+02  1.40626055e+17  7.65722589e+16  7.57166245e+10  6.20508855e+10  9.00537725e+11  1.10667466e+10
 3.73100000e+02  1.39973383e+17  7.66884028e+16  7.53652092e+10  6.21450035e+10  9.00537725e+11  1.10667466e+10
 3.73200000e+02  1.39323740e+17  7.68007177e+16  7.50154248e+10  6.22360187e+10  9.00537725e+11  1.10667466e+10
 3.73300000e+02  1.38677112e+17  7.69092444e+16  7.46672640e+10  6.23239641e+10  9.00537725e+11  1.10667466e+10
 3.73400000e+02  1.38033485e+17  7.70140233e+16  7.43207189e+10  6.24088724e+10  9.00537725e+11  1.10667466e+10
 3.73500000e+02  1.37392845e+17  7.71150944e+16  7.39757823e+10  6.24907761e+10  9.00537725e+11  1.10667466e+10
 3.73600000e+02  1.36755179e+17  7.72124974e+16  7.36324466e+10  6.25697074e+10  9.00537725e+11  1.10667466e+10
 3.73700000e+02  1.36120472e+17  7.73062716e+16  7.32907044e+10  6.26456980e+10  9.00537725e+11  1.10667466e+10
 3.73800000e+02  1.35488711e+17  7.73964561e+16  7.29505482e+10  6.27187796e+10  9.00537725e+11  1.10667466e+10
 3.73900000e+02  1.34859882e+17  7.74830894e+16  7.26119708e+10  6.27889835e+10  9.00537725e+11  1.10667466e+10
 3.74000000e+02  1.34233971e+17  7.75662100e+16  7.22749648e+10  6.28563409e+10  9.00537725e+11  1.10667466e+10
 3.74000000e+02  1.34233971e+17  0.00000000e+00  7.22749648e+10  0.00000000e+00  9.00537725e+11  1.10667466e+10
 3.74100000e+02  1.33610966e+17  6.20827877e+14  7.19395229e+10  5.03092374e+08  9.00537725e+11  1.10667466e+10
 3.74200000e+02  1.32990852e+17  1.23444284e+15  7.16056379e+10  1.00033971e+09  9.00537725e+11  1.10667466e+10
 3.74300000e+02  1.32373616e+17  1.84090858e+15  7.12733024e+10  1.49179362e+09  9.00537725e+11  1.10667466e+10
 3.74400000e+02  1.31759245e+17  2.44028829e+15  7.09425095e+10  1.97750532e+09  9.00537725e+11  1.10667466e+10
 3.74500000e+02  1.31147725e+17  3.03264466e+15  7.06132517e+10  2.45752560e+09  9.00537725e+11  1.10667466e+10
 3.74600000e+02  1.30539043e+17  3.61803988e+15  7.02855222e+10  2.93190486e+09  9.00537725e+11  1.10667466e+10
 3.74700000e+02  1.29933187e+17  4.19653565e+15  6.99593137e+10  3.40069311e+09  9.00537725e+11  1.10667466e+10
 3.74800000e+02  1.29330142e+17  4.76819317e+15  6.96346191e+10  3.86393992e+09  9.00537725e+11  1.10667466e+10
 3.74900000e+02  1.28729896e+17  5.33307315e+15  6.93114316e+10  4.32169451e+09  9.00537725e+11  1.10667466e+10
 3.75000000e+02  1.28132436e+17  5.89123582e+15  6.89897440e+10  4.77400568e+09  9.00537725e+11  1.10667466e+10
 3.75000000e+02  1.28132436e+17  5.89123582e+15  6.89897440e+10  4.77400568e+09  9.00537725e+11  1.10667466e+10
 3.75550000e+02  1.28887966e+17  8.89434324e+15  6.93965402e+10  7.20759556e+09  9.00537725e+11  1.10667466e+10
 3.76100000e+02  1.29624409e+17  1.18027262e+16  6.97930602e+10  9.56442478e+09  9.00537725e+11  1.10667466e+10
 3.76650000e+02  1.30342250e+17  1.46194901e+16  7.01795635e+10  1.18470098e+10  9.00537725e+11  1.10667466e+10
 3.77200000e+02  1.31041956e+17  1.73476349e+16  7.05563032e+10  1.40577818e+10  9.00537725e+11  1.10667466e+10
 3.77750000e+02  1.31723987e+17  1.99900591e+16  7.09235258e+10  1.61990894e+10  9.00537725e+11  1.10667466e+10
 3.78300000e+02  1.32388789e+17  2.25495627e+16  7.12814720e+10  1.82732017e+10  9.00537725e+11  1.10667466e+10
 3.78850000e+02  1.33036797e+17  2.50288515e+16  7.16303759e+10  2.02823113e+10  9.00537725e+11  1.10667466e+10
 3.79400000e+02  1.33668435e+17  2.74305392e+16  7.19704660e+10  2.22285365e+10  9.00537725e+11  1.10667466e+10
 3.79950000e+02  1.34284118e+17  2.97571520e+16  7.23019649e+10  2.41139240e+10  9.00537725e+11  1.10667466e+10
 3.80500000e+02  1.34884247e+17  3.20111303e+16  7.26250897e+10  2.59404517e+10  9.00537725e+11  1.10667466e+10
 3.81050000e+02  1.35469216e+17  3.41948327e+16  7.29400519e+10  2.77100307e+10  9.00537725e+11  1.10667466e+10
 3.81600000e+02  1.36039408e+17  3.63105383e+16  7.32470577e+10  2.94245081e+10  9.00537725e+11  1.10667466e+10
 3.82150000e+02  1.36595196e+17  3.83604495e+16  7.35463081e+10  3.10856685e+10  9.00537725e+11  1.10667466e+10
 3.82700000e+02  1.37136945e+17  4.03466949e+16  7.38379990e+10  3.26952369e+10  9.00537725e+11  1.10667466e+10
 3.83250000e+02  1.37665007e+17  4.22713317e+16  7.41223214e+10  3.42548803e+10  9.00537725e+11  1.10667466e+10
 3.83800000e+02  1.38179731e+17  4.41363480e+16  7.43994614e+10  3.57662098e+10  9.00537725e+11  1.10667466e+10
 3.84350000e+02  1.38681451e+17  4.59436656e+16  7.46696005e+10  3.72307827e+10  9.00537725e+11  1.10667466e+10
 3.84900000e+02  1.39170498e+17  4.76951419e+16  7.49329154e+10  3.86501042e+10  9.00537725e+11  1.10667466e+10
 3.85450000e+02  1.39647190e+17  4.93925724e+16  7.51895787e+10  4.00256293e+10  9.00537725e+11  1.10667466e+10
 3.86000000e+02  1.40111840e+17  5.10376924e+16  7.54397582e+10  4.13587643e+10  9.00537725e+11  1.10667466e+10
 3.86550000e+02  1.40564753e+17  5.26321798e+16  7.56836179e+10  4.26508687e+10  9.00537725e+11  1.10667466e+10
 3.87100000e+02  1.41006225e+17  5.41776564e+16  7.59213173e+10  4.39032569e+10  9.00537725e+11  1.10667466e+10
 3.87650000e+02  1.41436544e+17  5.56756901e+16  7.61530121e+10  4.51171994e+10  9.00537725e+11  1.10667466e+10
 3.88200000e+02  1.41855993e+17  5.71277968e+16  7.63788540e+10  4.62939246e+10  9.00537725e+11  1.10667466e+10
 3.88750000e+02  1.42264846e+17  5.85354421e+16  7.65989908e+10  4.74346201e+10  9.00537725e+11  1.10667466e+10
 3.89300000e+02  1.42663371e+17  5.99000430e+16  7.68135666e+10  4.85404344e+10  9.00537725e+11  1.10667466e+10
 3.89850000e+02  1.43051828e+17  6.12229697e+16  7.70227219e+10  4.96124776e+10  9.00537725e+11  1.10667466e+10
 3.90400000e+02  1.43430473e+17  6.25055469e+16  7.72265937e+10  5.06518233e+10  9.00537725e+11  1.10667466e+10
 3.90950000e+02  1.43799552e+17  6.37490557e+16  7.74253153e+10  5.16595097e+10  9.00537725e+11  1.10667466e+10
 3.91500000e+02  1.44159308e+17  6.49547351e+16  7.76190170e+10  5.26365408e+10  9.00537725e+11  1.10667466e+10
 3.92050000e+02  1.44509976e+17  6.61237830e+16  7.78078255e+10  5.35838872e+10  9.00537725e+11  1.10667466e+10
 3.92600000e+02  1.44851785e+17  6.72573580e+16  7.79918644e+10  5.45024879e+10  9.00537725e+11  1.10667466e+10
 3.93150000e+02  1.45184960e+17  6.83565806e+16  7.81712543e+10  5.53932509e+10  9.00537725e+11  1.10667466e+10
 3.93700000e+02  1.45509719e+17  6.94225346e+16  7.83461125e+10  5.62570545e+10  9.00537725e+11  1.10667466e+10
 3.94250000e+02  1.45826273e+17  7.04562683e+16  7.85165535e+10  5.70947481e+10  9.00537725e+11  1.10667466e+10
 3.94800000e+02  1.46134832e+17  7.14587954e+16  7.86826889e+10  5.79071532e+10  9.00537725e+11  1.10667466e+10
 3.95350000e+02  1.46435595e+17  7.24310967e+16  7.88446276e+10  5.86950646e+10  9.00537725e+11  1.10667466e+10
 3.95900000e+02  1.46728761e+17  7.33741208e+16  7.90024754e+10  5.94592511e+10  9.00537725e+11  1.10667466e+10
 3.96450000e+02  1.47014521e+17  7.42887856e+16  7.91563358e+10  6.02004563e+10  9.00537725e+11  1.10667466e+10
 3.97000000e+02  1.47293062e+17  7.51759787e+16  7.93063094e+10  6.09193996e+10  9.00537725e+11  1.10667466e+10
 3.97000000e+02  1.47293062e+17  7.51759787e+16  7.93063094e+10  6.09193996e+10  9.00537725e+11  1.10667466e+10
 3.97100000e+02  1.46609447e+17  7.53326991e+16  7.89382337e+10  6.10463992e+10  9.00537725e+11  1.10667466e+10
 3.97200000e+02  1.45929004e+17  7.54851644e+16  7.85718663e+10  6.11699506e+10  9.00537725e+11  1.10667466e+10
 3.97300000e+02  1.45251720e+17  7.56334190e+16  7.82071993e+10  6.12900897e+10  9.00537725e+11  1.10667466e+10
 3.97400000e+02  1.44577579e+17  7.57775067e+16  7.78442248e+10  6.14068522e+10  9.00537725e+11  1.10667466e+10
 3.97500000e+02  1.43906567e+17  7.59174712e+16  7.74829349e+10  6.15202735e+10  9.00537725e+11  1.10667466e+10
 3.97600000e+02  1.43238669e+17  7.60533558e+16  7.71233218e+10  6.16303886e+10  9.00537725e+11  1.10667466e+10
 3.97700000e+02  1.42573871e+17  7.61852034e+16  7.67653777e+10  6.17372322e+10  9.00537725e+11  1.10667466e+10
 3.97800000e+02  1.41912158e+17  7.63130563e+16  7.64090950e+10  6.18408387e+10  9.00537725e+11  1.10667466e+10
 3.97900000e+02  1.41253517e+17  7.64369568e+16  7.60544658e+10  6.19412424e+10  9.00537725e+11  1.10667466e+10
 3.98000000e+02  1.40597933e+17  7.65569467e+16  7.57014825e+10  6.20384771e+10  9.00537725e+11  1.10667466e+10
 3.98000000e+02  1.40597933e+17  7.65569467e+16  7.57014825e+10  6.20384771e+10  9.63381497e+11  1.10645332e+10
 3.98100000e+02  1.39945391e+17  7.66730673e+16  7.53501375e+10  6.21325762e+10  9.63381497e+11  1.10645332e+10
 3.98200000e+02  1.39295877e+17  7.67853598e+16  7.50004231e+10  6.22235733e+10  9.63381497e+11  1.10645332e+10
 3.98300000e+02  1.38649379e+17  7.68938648e+16  7.46523319e+10  6.23115011e+10  9.63381497e+11  1.10645332e+10
 3.98400000e+02  1.38005881e+17  7.69986227e+16  7.43058562e+10  6.23963924e+10  9.63381497e+11  1.10645332e+10
 3.98500000e+02  1.37365369e+17  7.70996736e+16  7.39609885e+10  6.24782797e+10  9.63381497e+11  1.10645332e+10
 3.98600000e+02  1.36727830e+17  7.71970571e+16  7.36177214e+10  6.25571952e+10  9.63381497e+11  1.10645332e+10
 3.98700000e+02  1.36093250e+17  7.72908125e+16  7.32760476e+10  6.26331706e+10  9.63381497e+11  1.10645332e+10
 3.98800000e+02  1.35461615e+17  7.73809789e+16  7.29359594e+10  6.27062376e+10  9.63381497e+11  1.10645332e+10
 3.98900000e+02  1.34832912e+17  7.74675950e+16  7.25974498e+10  6.27764275e+10  9.63381497e+11  1.10645332e+10
 3.99000000e+02  1.34207127e+17  7.75506989e+16  7.22605111e+10  6.28437714e+10  9.63381497e+11  1.10645332e+10
 3.99000000e+02  1.34207127e+17  0.00000000e+00  7.22605111e+10  0.00000000e+00  9.63381497e+11  1.10645332e+10
 3.99100000e+02  1.33584246e+17  6.20703723e+14  7.19251363e+10  5.02991764e+08  9.63381497e+11  1.10645332e+10
 3.99200000e+02  1.32964256e+17  1.23419597e+15  7.15913180e+10  1.00013966e+09  9.63381497e+11  1.10645332e+10
 3.99300000e+02  1.32347144e+17  1.84054043e+15  7.12590491e+10  1.49149529e+09  9.63381497e+11  1.10645332e+10
 3.99400000e+02  1.31732895e+17  2.43980028e+15  7.09283222e+10  1.97710985e+09  9.63381497e+11  1.10645332e+10
 3.99500000e+02  1.31121498e+17  3.03203819e+15  7.05991304e+10  2.45703414e+09  9.63381497e+11  1.10645332e+10
 3.99600000e+02  1.30512938e+17  3.61731634e+15  7.02714663e+10  2.93131854e+09  9.63381497e+11  1.10645332e+10
 3.99700000e+02  1.29907202e+17  4.19569642e+15  6.99453231e+10  3.40001303e+09  9.63381497e+11  1.10645332e+10
 3.99800000e+02  1.29304278e+17  4.76723962e+15  6.96206935e+10  3.86316720e+09  9.63381497e+11  1.10645332e+10
 3.99900000e+02  1.28704153e+17  5.33200663e+15  6.92975706e+10  4.32083025e+09  9.63381497e+11  1.10645332e+10
 4.00000000e+02  1.28106812e+17  5.89005768e+15  6.89759473e+10  4.77305097e+09  9.63381497e+11  1.10645332e+10
 4.00000000e+02  1.28106812e+17  5.89005768e+15  6.89759473e+10  4.77305097e+09  9.63381497e+11  1.10645332e+10
 4.00550000e+02  1.28862190e+17  8.89256453e+15  6.93826621e+10  7.20615417e+09  9.63381497e+11  1.10645332e+10
 4.01100000e+02  1.29598487e+17  1.18003659e+16  6.97791028e+10  9.56251207e+09  9.63381497e+11  1.10645332e+10
 4.01650000e+02  1.30316183e+17  1.46165664e+16  7.01655287e+10  1.18446406e+10  9.63381497e+11  1.10645332e+10
 4.02200000e+02  1.31015750e+17  1.73441657e+16  7.05421930e+10  1.40549705e+10  9.63381497e+11  1.10645332e+10
 4.02750000e+02  1.31697644e+17  1.99860614e+16  7.09093423e+10  1.61958498e+10  9.63381497e+11  1.10645332e+10
 4.03300000e+02  1.32362313e+17  2.25450532e+16  7.12672168e+10  1.82695474e+10  9.63381497e+11  1.10645332e+10
 4.03850000e+02  1.33010192e+17  2.50238461e+16  7.16160509e+10  2.02782552e+10  9.63381497e+11  1.10645332e+10
 4.04400000e+02  1.33641704e+17  2.74250536e+16  7.19560729e+10  2.22240911e+10  9.63381497e+11  1.10645332e+10
 4.04950000e+02  1.34257263e+17  2.97512010e+16  7.22875055e+10  2.41091016e+10  9.63381497e+11  1.10645332e+10
 4.05500000e+02  1.34857272e+17  3.20047286e+16  7.26105657e+10  2.59352640e+10  9.63381497e+11  1.10645332e+10
 4.06050000e+02  1.35442124e+17  3.41879943e+16  7.29254648e+10  2.77044892e+10  9.63381497e+11  1.10645332e+10
 4.06600000e+02  1.36012202e+17  3.63032767e+16  7.32324092e+10  2.94186236e+10  9.63381497e+11  1.10645332e+10
 4.07150000e+02  1.36567879e+17  3.83527780e+16  7.35315998e+10  3.10794518e+10  9.63381497e+11  1.10645332e+10
 4.07700000e+02  1.37109519e+17  4.03386262e+16  7.38232323e+10  3.26886983e+10  9.63381497e+11  1.10645332e+10
 4.08250000e+02  1.37637476e+17  4.22628780e+16  7.41074978e+10  3.42480298e+10  9.63381497e+11  1.10645332e+10
 4.08800000e+02  1.38152096e+17  4.41275214e+16  7.43845824e+10  3.57590570e+10  9.63381497e+11  1.10645332e+10
 4.09350000e+02  1.38653716e+17  4.59344775e+16  7.46546674e+10  3.72233371e+10  9.63381497e+11  1.10645332e+10
 4.09900000e+02  1.39142665e+17  4.76856036e+16  7.49179296e+10  3.86423747e+10  9.63381497e+11  1.10645332e+10
 4.10450000e+02  1.39619262e+17  4.93826945e+16  7.51745415e+10  4.00176247e+10  9.63381497e+11  1.10645332e+10
 4.11000000e+02  1.40083819e+17  5.10274856e+16  7.54246710e+10  4.13504931e+10  9.63381497e+11  1.10645332e+10
 4.11550000e+02  1.40536642e+17  5.26216541e+16  7.56684819e+10  4.26423391e+10  9.63381497e+11  1.10645332e+10
 4.12100000e+02  1.40978025e+17  5.41668216e+16  7.59061338e+10  4.38944768e+10  9.63381497e+11  1.10645332e+10
 4.12650000e+02  1.41408258e+17  5.56645557e+16  7.61377822e+10  4.51081765e+10  9.63381497e+11  1.10645332e+10
 4.13200000e+02  1.41827623e+17  5.71163720e+16  7.63635789e+10  4.62846664e+10  9.63381497e+11  1.10645332e+10
 4.13750000e+02  1.42236394e+17  5.85237358e+16  7.65836717e+10  4.74251338e+10  9.63381497e+11  1.10645332e+10
 4.14300000e+02  1.42634839e+17  5.98880638e+16  7.67982045e+10  4.85307269e+10  9.63381497e+11  1.10645332e+10
 4.14850000e+02  1.43023219e+17  6.12107258e+16  7.70073180e+10  4.96025557e+10  9.63381497e+11  1.10645332e+10
 4.15400000e+02  1.43401788e+17  6.24930465e+16  7.72111490e+10  5.06416935e+10  9.63381497e+11  1.10645332e+10
 4.15950000e+02  1.43770793e+17  6.37363067e+16  7.74098309e+10  5.16491784e+10  9.63381497e+11  1.10645332e+10
 4.16500000e+02  1.44130477e+17  6.49417449e+16  7.76034938e+10  5.26260140e+10  9.63381497e+11  1.10645332e+10
 4.17050000e+02  1.44481075e+17  6.61105589e+16  7.77922645e+10  5.35731710e+10  9.63381497e+11  1.10645332e+10
 4.17600000e+02  1.44822816e+17  6.72439072e+16  7.79762666e+10  5.44915880e+10  9.63381497e+11  1.10645332e+10
 4.18150000e+02  1.45155924e+17  6.83429100e+16  7.81556206e+10  5.53821729e+10  9.63381497e+11  1.10645332e+10
 4.18700000e+02  1.45480618e+17  6.94086509e+16  7.83304438e+10  5.62458037e+10  9.63381497e+11  1.10645332e+10
 4.19250000e+02  1.45797109e+17  7.04421777e+16  7.85008507e+10  5.70833297e+10  9.63381497e+11  1.10645332e+10
 4.19800000e+02  1.46105605e+17  7.14445043e+16  7.86669529e+10  5.78955723e+10  9.63381497e+11  1.10645332e+10
 4.20350000e+02  1.46406309e+17  7.24166112e+16  7.88288591e+10  5.86833262e+10  9.63381497e+11  1.10645332e+10
 4.20900000e+02  1.46699416e+17  7.33594467e+16  7.89866754e+10  5.94473598e+10  9.63381497e+11  1.10645332e+10
 4.21450000e+02  1.46985119e+17  7.42739285e+16  7.91405050e+10  6.01884167e+10  9.63381497e+11  1.10645332e+10
 4.22000000e+02  1.47263604e+17  7.51609442e+16  7.92904486e+10  6.09072163e+10  9.63381497e+11  1.10645332e+10
 4.22000000e+02  1.47263604e+17  7.51609442e+16  7.92904486e+10  6.09072163e+10  9.63381497e+11  1.10645332e+10
 4.22100000e+02  1.46580126e+17  7.53176333e+16  7.89224465e+10  6.10341905e+10  9.63381497e+11  1.10645332e+10
 4.22200000e+02  1.45899819e+17  7.54700681e+16  7.85561524e+10  6.11577171e+10  9.63381497e+11  1.10645332e+10
 4.22300000e+02  1.45222670e+17  7.56182930e+16  7.81915583e+10  6.12778322e+10  9.63381497e+11  1.10645332e+10
 4.22400000e+02  1.44548664e+17  7.57623519e+16  7.78286564e+10  6.13945714e+10  9.63381497e+11  1.10645332e+10
 4.22500000e+02  1.43877786e+17  7.59022884e+16  7.74674387e+10  6.15079700e+10  9.63381497e+11  1.10645332e+10
 4.22600000e+02  1.43210022e+17  7.60381459e+16  7.71078976e+10  6.16180631e+10  9.63381497e+11  1.10645332e+10
 4.22700000e+02  1.42545357e+17  7.61699670e+16  7.67500251e+10  6.17248853e+10  9.63381497e+11  1.10645332e+10
 4.22800000e+02  1.41883777e+17  7.62977944e+16  7.63938136e+10  6.18284711e+10  9.63381497e+11  1.10645332e+10
 4.22900000e+02  1.41225267e+17  7.64216701e+16  7.60392553e+10  6.19288547e+10  9.63381497e+11  1.10645332e+10
 4.23000000e+02  1.40569814e+17  7.65416360e+16  7.56863426e+10  6.20260699e+10  9.63381497e+11  1.10645332e+10
 4.23000000e+02  1.40569814e+17  7.65416360e+16  7.56863426e+10  6.20260699e+10  1.02621270e+12  1.10623203e+10
 4.23100000e+02  1.39917402e+17  7.66577334e+16  7.53350679e+10  6.21201503e+10  1.02621270e+12  1.10623203e+10
 4.23200000e+02  1.39268019e+17  7.67700034e+16  7.49854235e+10  6.22111291e+10  1.02621270e+12  1.10623203e+10
 4.23300000e+02  1.38621650e+17  7.68784867e+16  7.46374018e+10  6.22990393e+10  1.02621270e+12  1.10623203e+10
 4.23400000e+02  1.37978280e+17  7.69832237e+16  7.42909954e+10  6.23839137e+10  1.02621270e+12  1.10623203e+10
 4.23500000e+02  1.37337897e+17  7.70842543e+16  7.39461967e+10  6.24657846e+10  1.02621270e+12  1.10623203e+10
 4.23600000e+02  1.36700485e+17  7.71816183e+16  7.36029983e+10  6.25446843e+10  1.02621270e+12  1.10623203e+10
 4.23700000e+02  1.36066032e+17  7.72753550e+16  7.32613928e+10  6.26206445e+10  1.02621270e+12  1.10623203e+10
 4.23800000e+02  1.35434524e+17  7.73655034e+16  7.29213727e+10  6.26936969e+10  1.02621270e+12  1.10623203e+10
 4.23900000e+02  1.34805946e+17  7.74521021e+16  7.25829307e+10  6.27638728e+10  1.02621270e+12  1.10623203e+10
 4.24000000e+02  1.34180286e+17  7.75351895e+16  7.22460594e+10  6.28312032e+10  1.02621270e+12  1.10623203e+10
 4.24000000e+02  1.34180286e+17  0.00000000e+00  7.22460594e+10  0.00000000e+00  1.02621270e+12  1.10623203e+10
 4.24100000e+02  1.33557530e+17  6.20579586e+14  7.19107517e+10  5.02891169e+08  1.02621270e+12  1.10623203e+10
 4.24200000e+02  1.32937664e+17  1.23394914e+15  7.15770002e+10  9.99939636e+08  1.02621270e+12  1.10623203e+10
 4.24300000e+02  1.32320675e+17  1.84017233e+15  7.12447977e+10  1.49119700e+09  1.02621270e+12  1.10623203e+10
 4.24400000e+02  1.31706549e+17  2.43931233e+15  7.09141370e+10  1.97671444e+09  1.02621270e+12  1.10623203e+10
 4.24500000e+02  1.31095274e+17  3.03143180e+15  7.05850110e+10  2.45654275e+09  1.02621270e+12  1.10623203e+10
 4.24600000e+02  1.30486836e+17  3.61659290e+15  7.02574125e+10  2.93073229e+09  1.02621270e+12  1.10623203e+10
 4.24700000e+02  1.29881222e+17  4.19485731e+15  6.99313344e+10  3.39933305e+09  1.02621270e+12  1.10623203e+10
 4.24800000e+02  1.29278418e+17  4.76628619e+15  6.96067697e+10  3.86239459e+09  1.02621270e+12  1.10623203e+10
 4.24900000e+02  1.28678412e+17  5.33094026e+15  6.92837114e+10  4.31996611e+09  1.02621270e+12  1.10623203e+10
 4.25000000e+02  1.28081191e+17  5.88887970e+15  6.89621525e+10  4.77209638e+09  1.02621270e+12  1.10623203e+10
 4.25000000e+02  1.28081191e+17  5.88887970e+15  6.89621525e+10  4.77209638e+09  1.02621270e+12  1.10623203e+10
 4.25550000e+02  1.28836419e+17  8.89078607e+15  6.93687860e+10  7.20471298e+09  1.02621270e+12  1.10623203e+10
 4.26100000e+02  1.29572568e+17  1.17980059e+16  6.97651473e+10  9.56059962e+09  1.02621270e+12  1.10623203e+10
 4.26650000e+02  1.30290121e+17  1.46136432e+16  7.01514960e+10  1.18422718e+10  1.02621270e+12  1.10623203e+10
 4.27200000e+02  1.30989547e+17  1.73406970e+16  7.05280849e+10  1.40521596e+10  1.02621270e+12  1.10623203e+10
 4.27750000e+02  1.31671305e+17  1.99820643e+16  7.08951607e+10  1.61926107e+10  1.02621270e+12  1.10623203e+10
 4.28300000e+02  1.32335841e+17  2.25405443e+16  7.12529637e+10  1.82658936e+10  1.02621270e+12  1.10623203e+10
 4.28850000e+02  1.32983590e+17  2.50188415e+16  7.16017280e+10  2.02741997e+10  1.02621270e+12  1.10623203e+10
 4.29400000e+02  1.33614976e+17  2.74195687e+16  7.19416820e+10  2.22196464e+10  1.02621270e+12  1.10623203e+10
 4.29950000e+02  1.34230412e+17  2.97452509e+16  7.22730483e+10  2.41042799e+10  1.02621270e+12  1.10623203e+10
 4.30500000e+02  1.34830301e+17  3.19983278e+16  7.25960438e+10  2.59300771e+10  1.02621270e+12  1.10623203e+10
 4.31050000e+02  1.35415036e+17  3.41811569e+16  7.29108800e+10  2.76989484e+10  1.02621270e+12  1.10623203e+10
 4.31600000e+02  1.35985000e+17  3.62960163e+16  7.32177630e+10  2.94127401e+10  1.02621270e+12  1.10623203e+10
 4.32150000e+02  1.36540566e+17  3.83451076e+16  7.35168937e+10  3.10732361e+10  1.02621270e+12  1.10623203e+10
 4.32700000e+02  1.37082097e+17  4.03305586e+16  7.38084679e+10  3.26821607e+10  1.02621270e+12  1.10623203e+10
 4.33250000e+02  1.37609949e+17  4.22544257e+16  7.40926766e+10  3.42411803e+10  1.02621270e+12  1.10623203e+10
 4.33800000e+02  1.38124466e+17  4.41186961e+16  7.43697057e+10  3.57519054e+10  1.02621270e+12  1.10623203e+10
 4.34350000e+02  1.38625986e+17  4.59252908e+16  7.46397367e+10  3.72158926e+10  1.02621270e+12  1.10623203e+10
 4.34900000e+02  1.39114837e+17  4.76760666e+16  7.49029463e+10  3.86346464e+10  1.02621270e+12  1.10623203e+10
 4.35450000e+02  1.39591339e+17  4.93728182e+16  7.51595069e+10  4.00096214e+10  1.02621270e+12  1.10623203e+10
 4.36000000e+02  1.40055803e+17  5.10172803e+16  7.54095863e+10  4.13422231e+10  1.02621270e+12  1.10623203e+10
 4.36550000e+02  1.40508535e+17  5.26111300e+16  7.56533485e+10  4.26338108e+10  1.02621270e+12  1.10623203e+10
 4.37100000e+02  1.40949830e+17  5.41559884e+16  7.58909528e+10  4.38856981e+10  1.02621270e+12  1.10623203e+10
 4.37650000e+02  1.41379977e+17  5.56534230e+16  7.61225549e+10  4.50991550e+10  1.02621270e+12  1.10623203e+10
 4.38200000e+02  1.41799258e+17  5.71049489e+16  7.63483064e+10  4.62754096e+10  1.02621270e+12  1.10623203e+10
 4.38750000e+02  1.42207947e+17  5.85120312e+16  7.65683551e+10  4.74156490e+10  1.02621270e+12  1.10623203e+10
 4.39300000e+02  1.42606313e+17  5.98760864e+16  7.67828451e+10  4.85210209e+10  1.02621270e+12  1.10623203e+10
 4.39850000e+02  1.42994615e+17  6.11984839e+16  7.69919167e+10  4.95926353e+10  1.02621270e+12  1.10623203e+10
 4.40400000e+02  1.43373108e+17  6.24805481e+16  7.71957069e+10  5.06315654e+10  1.02621270e+12  1.10623203e+10
 4.40950000e+02  1.43742039e+17  6.37235596e+16  7.73943491e+10  5.16388488e+10  1.02621270e+12  1.10623203e+10
 4.41500000e+02  1.44101651e+17  6.49287568e+16  7.75879733e+10  5.26154890e+10  1.02621270e+12  1.10623203e+10
 4.42050000e+02  1.44452179e+17  6.60973371e+16  7.77767062e+10  5.35624565e+10  1.02621270e+12  1.10623203e+10
 4.42600000e+02  1.44793852e+17  6.72304587e+16  7.79606715e+10  5.44806899e+10  1.02621270e+12  1.10623203e+10
 4.43150000e+02  1.45126893e+17  6.83292417e+16  7.81399896e+10  5.53710966e+10  1.02621270e+12  1.10623203e+10
 4.43700000e+02  1.45451522e+17  6.93947694e+16  7.83147779e+10  5.62345547e+10  1.02621270e+12  1.10623203e+10
 4.44250000e+02  1.45767950e+17  7.04280895e+16  7.84851507e+10  5.70719132e+10  1.02621270e+12  1.10623203e+10
 4.44800000e+02  1.46076385e+17  7.14302157e+16  7.86512197e+10  5.78839934e+10  1.02621270e+12  1.10623203e+10
 4.45350000e+02  1.46377028e+17  7.24021281e+16  7.88130935e+10  5.86715897e+10  1.02621270e+12  1.10623203e+10
 4.45900000e+02  1.46670076e+17  7.33447751e+16  7.89708782e+10  5.94354705e+10  1.02621270e+12  1.10623203e+10
 4.46450000e+02  1.46955722e+17  7.42590740e+16  7.91246770e+10  6.01763792e+10  1.02621270e+12  1.10623203e+10
 4.47000000e+02  1.47234152e+17  7.51459122e+16  7.92745907e+10  6.08950351e+10  1.02621270e+12  1.10623203e+10
 4.47000000e+02  1.47234152e+17  7.51459122e+16  7.92745907e+10  6.08950351e+10  1.02621270e+12  1.10623203e+10
 4.47100000e+02  1.46550810e+17  7.53025700e+16  7.89066622e+10  6.10219838e+10  1.02621270e+12  1.10623203e+10
 4.47200000e+02  1.45870640e+17  7.54549743e+16  7.85404413e+10  6.11454858e+10  1.02621270e+12  1.10623203e+10
 4.47300000e+02  1.45193626e+17  7.56031695e+16  7.81759201e+10  6.12655768e+10  1.02621270e+12  1.10623203e+10
 4.47400000e+02  1.44519755e+17  7.57471996e+16  7.78130908e+10  6.13822927e+10  1.02621270e+12  1.10623203e+10
 4.47500000e+02  1.43849011e+17  7.58871082e+16  7.74519454e+10  6.14956686e+10  1.02621270e+12  1.10623203e+10
 4.47600000e+02  1.43181380e+17  7.60229384e+16  7.70924761e+10  6.16057396e+10  1.02621270e+12  1.10623203e+10
 4.47700000e+02  1.42516848e+17  7.61547332e+16  7.67346752e+10  6.17125405e+10  1.02621270e+12  1.10623203e+10
 4.47800000e+02  1.41855400e+17  7.62825350e+16  7.63785350e+10  6.18161056e+10  1.02621270e+12  1.10623203e+10
 4.47900000e+02  1.41197022e+17  7.64063860e+16  7.60240476e+10  6.19164691e+10  1.02621270e+12  1.10623203e+10
 4.48000000e+02  1.40541700e+17  7.65263278e+16  7.56712055e+10  6.20136649e+10  1.02621270e+12  1.10623203e+10
 4.48000000e+02  1.40541700e+17  7.65263278e+16  7.56712055e+10  6.20136649e+10  1.08903134e+12  1.10601079e+10
 4.48100000e+02  1.39889419e+17  7.66424020e+16  7.53200010e+10  6.21077264e+10  1.08903134e+12  1.10601079e+10
 4.48200000e+02  1.39240166e+17  7.67546496e+16  7.49704265e+10  6.21986870e+10  1.08903134e+12  1.10601079e+10
 4.48300000e+02  1.38593926e+17  7.68631112e+16  7.46224745e+10  6.22865797e+10  1.08903134e+12  1.10601079e+10
 4.48400000e+02  1.37950685e+17  7.69678272e+16  7.42761373e+10  6.23714371e+10  1.08903134e+12  1.10601079e+10
 4.48500000e+02  1.37310429e+17  7.70688377e+16  7.39314076e+10  6.24532917e+10  1.08903134e+12  1.10601079e+10
 4.48600000e+02  1.36673145e+17  7.71661822e+16  7.35882779e+10  6.25321755e+10  1.08903134e+12  1.10601079e+10
 4.48700000e+02  1.36038819e+17  7.72599002e+16  7.32467406e+10  6.26081205e+10  1.08903134e+12  1.10601079e+10
 4.48800000e+02  1.35407437e+17  7.73500305e+16  7.29067885e+10  6.26811583e+10  1.08903134e+12  1.10601079e+10
 4.48900000e+02  1.34778985e+17  7.74366119e+16  7.25684142e+10  6.27513202e+10  1.08903134e+12  1.10601079e+10
 4.49000000e+02  1.34153450e+17  7.75196826e+16  7.22316104e+10  6.28186371e+10  1.08903134e+12  1.10601079e+10
 4.49000000e+02  1.34153450e+17  0.00000000e+00  7.22316104e+10  0.00000000e+00  1.08903134e+12  1.10601079e+10
 4.49100000e+02  1.33530819e+17  6.20455471e+14  7.18963697e+10  5.02790592e+08  1.08903134e+12  1.10601079e+10
 4.49200000e+02  1.32911077e+17  1.23370235e+15  7.15626849e+10  9.99739649e+08  1.08903134e+12  1.10601079e+10
 4.49300000e+02  1.32294211e+17  1.83980430e+15  7.12305489e+10  1.49089876e+09  1.08903134e+12  1.10601079e+10
 4.49400000e+02  1.31680208e+17  2.43882447e+15  7.08999543e+10  1.97631910e+09  1.08903134e+12  1.10601079e+10
 4.49500000e+02  1.31069055e+17  3.03082552e+15  7.05708941e+10  2.45605144e+09  1.08903134e+12  1.10601079e+10
 4.49600000e+02  1.30460739e+17  3.61586959e+15  7.02433611e+10  2.93014615e+09  1.08903134e+12  1.10601079e+10
 4.49700000e+02  1.29855246e+17  4.19401834e+15  6.99173483e+10  3.39865319e+09  1.08903134e+12  1.10601079e+10
 4.49800000e+02  1.29252563e+17  4.76533295e+15  6.95928485e+10  3.86162212e+09  1.08903134e+12  1.10601079e+10
 4.49900000e+02  1.28652677e+17  5.32987408e+15  6.92698548e+10  4.31910212e+09  1.08903134e+12  1.10601079e+10
 4.50000000e+02  1.28055575e+17  5.88770194e+15  6.89483602e+10  4.77114197e+09  1.08903134e+12  1.10601079e+10
 4.50000000e+02  1.28055575e+17  5.88770194e+15  6.89483602e+10  4.77114197e+09  1.08903134e+12  1.10601079e+10
 4.50550000e+02  1.28810652e+17  8.88900793e+15  6.93549124e+10  7.20327205e+09  1.08903134e+12  1.10601079e+10
 4.51100000e+02  1.29546654e+17  1.17956463e+16  6.97511944e+10  9.55868752e+09  1.08903134e+12  1.10601079e+10
 4.51650000e+02  1.30264063e+17  1.46107205e+16  7.01374658e+10  1.18399033e+10  1.08903134e+12  1.10601079e+10
 4.52200000e+02  1.30963350e+17  1.73372288e+16  7.05139794e+10  1.40493492e+10  1.08903134e+12  1.10601079e+10
 4.52750000e+02  1.31644971e+17  1.99780679e+16  7.08809818e+10  1.61893723e+10  1.08903134e+12  1.10601079e+10
 4.53300000e+02  1.32309374e+17  2.25360363e+16  7.12387132e+10  1.82622405e+10  1.08903134e+12  1.10601079e+10
 4.53850000e+02  1.32956994e+17  2.50138377e+16  7.15874077e+10  2.02701448e+10  1.08903134e+12  1.10601079e+10
 4.54400000e+02  1.33588253e+17  2.74140849e+16  7.19272938e+10  2.22152025e+10  1.08903134e+12  1.10601079e+10
 4.54950000e+02  1.34203566e+17  2.97393019e+16  7.22585938e+10  2.40994590e+10  1.08903134e+12  1.10601079e+10
 4.55500000e+02  1.34803335e+17  3.19919282e+16  7.25815247e+10  2.59248911e+10  1.08903134e+12  1.10601079e+10
 4.56050000e+02  1.35387953e+17  3.41743207e+16  7.28962980e+10  2.76934087e+10  1.08903134e+12  1.10601079e+10
 4.56600000e+02  1.35957803e+17  3.62887571e+16  7.32031196e+10  2.94068575e+10  1.08903134e+12  1.10601079e+10
 4.57150000e+02  1.36513258e+17  3.83374387e+16  7.35021904e+10  3.10670215e+10  1.08903134e+12  1.10601079e+10
 4.57700000e+02  1.37054681e+17  4.03224926e+16  7.37937063e+10  3.26756244e+10  1.08903134e+12  1.10601079e+10
 4.58250000e+02  1.37582427e+17  4.22459748e+16  7.40778581e+10  3.42343321e+10  1.08903134e+12  1.10601079e+10
 4.58800000e+02  1.38096842e+17  4.41098724e+16  7.43548319e+10  3.57447551e+10  1.08903134e+12  1.10601079e+10
 4.59350000e+02  1.38598261e+17  4.59161059e+16  7.46248088e+10  3.72084494e+10  1.08903134e+12  1.10601079e+10
 4.59900000e+02  1.39087014e+17  4.76665315e+16  7.48879658e+10  3.86269196e+10  1.08903134e+12  1.10601079e+10
 4.60450000e+02  1.39563420e+17  4.93629437e+16  7.51444750e+10  4.00016195e+10  1.08903134e+12  1.10601079e+10
 4.61000000e+02  1.40027792e+17  5.10070769e+16  7.53945045e+10  4.13339547e+10  1.08903134e+12  1.10601079e+10
 4.61550000e+02  1.40480433e+17  5.26006078e+16  7.56382179e+10  4.26252841e+10  1.08903134e+12  1.10601079e+10
 4.62100000e+02  1.40921640e+17  5.41451573e+16  7.58757747e+10  4.38769210e+10  1.08903134e+12  1.10601079e+10
 4.62650000e+02  1.41351701e+17  5.56422924e+16  7.61073305e+10  4.50901353e+10  1.08903134e+12  1.10601079e+10
 4.63200000e+02  1.41770898e+17  5.70935280e+16  7.63330368e+10  4.62661546e+10  1.08903134e+12  1.10601079e+10
 4.63750000e+02  1.42179506e+17  5.85003289e+16  7.65530415e+10  4.74061659e+10  1.08903134e+12  1.10601079e+10
 4.64300000e+02  1.42577791e+17  5.98641112e+16  7.67674886e+10  4.85113168e+10  1.08903134e+12  1.10601079e+10
 4.64850000e+02  1.42966016e+17  6.11862443e+16  7.69765184e+10  4.95827169e+10  1.08903134e+12  1.10601079e+10
 4.65400000e+02  1.43344433e+17  6.24680521e+16  7.71802679e+10  5.06214391e+10  1.08903134e+12  1.10601079e+10
 4.65950000e+02  1.43713291e+17  6.37108150e+16  7.73788703e+10  5.16285211e+10  1.08903134e+12  1.10601079e+10
 4.66500000e+02  1.44072831e+17  6.49157711e+16  7.75724557e+10  5.26049660e+10  1.08903134e+12  1.10601079e+10
 4.67050000e+02  1.44423289e+17  6.60841177e+16  7.77611510e+10  5.35517441e+10  1.08903134e+12  1.10601079e+10
 4.67600000e+02  1.44764893e+17  6.72170126e+16  7.79450795e+10  5.44697938e+10  1.08903134e+12  1.10601079e+10
 4.68150000e+02  1.45097868e+17  6.83155759e+16  7.81243617e+10  5.53600225e+10  1.08903134e+12  1.10601079e+10
 4.68700000e+02  1.45422432e+17  6.93808905e+16  7.82991149e+10  5.62233079e+10  1.08903134e+12  1.10601079e+10
 4.69250000e+02  1.45738797e+17  7.04140040e+16  7.84694537e+10  5.70604989e+10  1.08903134e+12  1.10601079e+10
 4.69800000e+02  1.46047169e+17  7.14159297e+16  7.86354895e+10  5.78724167e+10  1.08903134e+12  1.10601079e+10
 4.70350000e+02  1.46347752e+17  7.23876477e+16  7.87973310e+10  5.86598554e+10  1.08903134e+12  1.10601079e+10
 4.70900000e+02  1.46640742e+17  7.33301062e+16  7.89550841e+10  5.94235835e+10  1.08903134e+12  1.10601079e+10
 4.71450000e+02  1.46926331e+17  7.42442222e+16  7.91088521e+10  6.01643440e+10  1.08903134e+12  1.10601079e+10
 4.72000000e+02  1.47204705e+17  7.51308831e+16  7.92587358e+10  6.08828561e+10  1.08903134e+12  1.10601079e+10
 4.72000000e+02  1.47204705e+17  7.51308831e+16  7.92587358e+10  6.08828561e+10  1.08903134e+12  1.10601079e+10
 4.72100000e+02  1.46521500e+17  7.52875095e+16  7.88908809e+10  6.10097795e+10  1.08903134e+12  1.10601079e+10
 4.72200000e+02  1.45841465e+17  7.54398834e+16  7.85247332e+10  6.11332567e+10  1.08903134e+12  1.10601079e+10
 4.72300000e+02  1.45164587e+17  7.55880490e+16  7.81602850e+10  6.12533238e+10  1.08903134e+12  1.10601079e+10
 4.72400000e+02  1.44490851e+17  7.57320503e+16  7.77975282e+10  6.13700163e+10  1.08903134e+12  1.10601079e+10
 4.72500000e+02  1.43820241e+17  7.58719308e+16  7.74364550e+10  6.14833695e+10  1.08903134e+12  1.10601079e+10
 4.72600000e+02  1.43152744e+17  7.60077339e+16  7.70770577e+10  6.15934185e+10  1.08903134e+12  1.10601079e+10
 4.72700000e+02  1.42488345e+17  7.61395023e+16  7.67193283e+10  6.17001980e+10  1.08903134e+12  1.10601079e+10
 4.72800000e+02  1.41827029e+17  7.62672786e+16  7.63632593e+10  6.18037424e+10  1.08903134e+12  1.10601079e+10
 4.72900000e+02  1.41168783e+17  7.63911048e+16  7.60088429e+10  6.19040859e+10  1.08903134e+12  1.10601079e+10
 4.73000000e+02  1.40513592e+17  7.65110226e+16  7.56560713e+10  6.20012622e+10  1.08903134e+12  1.10601079e+10
 4.73000000e+02  1.40513592e+17  7.65110226e+16  7.56560713e+10  6.20012622e+10  1.15183741e+12  1.10578958e+10
 4.73100000e+02  1.39861441e+17  7.66270736e+16  7.53049371e+10  6.20953049e+10  1.15183741e+12  1.10578958e+10
 4.73200000e+02  1.39212318e+17  7.67392987e+16  7.49554325e+10  6.21862474e+10  1.15183741e+12  1.10578958e+10
 4.73300000e+02  1.38566207e+17  7.68477386e+16  7.46075500e+10  6.22741224e+10  1.15183741e+12  1.10578958e+10
 4.73400000e+02  1.37923095e+17  7.69524337e+16  7.42612822e+10  6.23589629e+10  1.15183741e+12  1.10578958e+10
 4.73500000e+02  1.37282967e+17  7.70534240e+16  7.39166214e+10  6.24408011e+10  1.15183741e+12  1.10578958e+10
 4.73600000e+02  1.36645811e+17  7.71507491e+16  7.35735602e+10  6.25196691e+10  1.15183741e+12  1.10578958e+10
 4.73700000e+02  1.36011612e+17  7.72444483e+16  7.32320913e+10  6.25955990e+10  1.15183741e+12  1.10578958e+10
 4.73800000e+02  1.35380356e+17  7.73345606e+16  7.28922072e+10  6.26686221e+10  1.15183741e+12  1.10578958e+10
 4.73900000e+02  1.34752030e+17  7.74211246e+16  7.25539006e+10  6.27387700e+10  1.15183741e+12  1.10578958e+10
 4.74000000e+02  1.34126620e+17  7.75041788e+16  7.22171641e+10  6.28060735e+10  1.15183741e+12  1.10578958e+10
 4.74000000e+02  1.34126620e+17  0.00000000e+00  7.22171641e+10  0.00000000e+00  1.15183741e+12  1.10578958e+10
 4.74100000e+02  1.33504113e+17  6.20331380e+14  7.18819905e+10  5.02690034e+08  1.15183741e+12  1.10578958e+10
 4.74200000e+02  1.32884495e+17  1.23345561e+15  7.15483724e+10  9.99539702e+08  1.15183741e+12  1.10578958e+10
 4.74300000e+02  1.32267752e+17  1.83943634e+15  7.12163028e+10  1.49060058e+09  1.15183741e+12  1.10578958e+10
 4.74400000e+02  1.31653872e+17  2.43833671e+15  7.08857743e+10  1.97592384e+09  1.15183741e+12  1.10578958e+10
 4.74500000e+02  1.31042842e+17  3.03021935e+15  7.05567799e+10  2.45556023e+09  1.15183741e+12  1.10578958e+10
 4.74600000e+02  1.30434647e+17  3.61514642e+15  7.02293125e+10  2.92956012e+09  1.15183741e+12  1.10578958e+10
 4.74700000e+02  1.29829275e+17  4.19317954e+15  6.99033648e+10  3.39797346e+09  1.15183741e+12  1.10578958e+10
 4.74800000e+02  1.29226712e+17  4.76437988e+15  6.95789300e+10  3.86084980e+09  1.15183741e+12  1.10578958e+10
 4.74900000e+02  1.28626947e+17  5.32880811e+15  6.92560009e+10  4.31823830e+09  1.15183741e+12  1.10578958e+10
 4.75000000e+02  1.28029964e+17  5.88652440e+15  6.89345706e+10  4.77018775e+09  1.15183741e+12  1.10578958e+10
 4.75000000e+02  1.28029964e+17  5.88652440e+15  6.89345706e+10  4.77018775e+09  1.15183741e+12  1.10578958e+10
 4.75550000e+02  1.28784890e+17  8.88723013e+15  6.93410414e+10  7.20183140e+09  1.15183741e+12  1.10578958e+10
 4.76100000e+02  1.29520744e+17  1.17932871e+16  6.97372442e+10  9.55677579e+09  1.15183741e+12  1.10578958e+10
 4.76650000e+02  1.30238010e+17  1.46077984e+16  7.01234383e+10  1.18375354e+10  1.15183741e+12  1.10578958e+10
 4.77200000e+02  1.30937157e+17  1.73337614e+16  7.04998767e+10  1.40465393e+10  1.15183741e+12  1.10578958e+10
 4.77750000e+02  1.31618642e+17  1.99740723e+16  7.08668056e+10  1.61861344e+10  1.15183741e+12  1.10578958e+10
 4.78300000e+02  1.32282913e+17  2.25315291e+16  7.12244655e+10  1.82585880e+10  1.15183741e+12  1.10578958e+10
 4.78850000e+02  1.32930402e+17  2.50088350e+16  7.15730903e+10  2.02660908e+10  1.15183741e+12  1.10578958e+10
 4.79400000e+02  1.33561535e+17  2.74086020e+16  7.19129083e+10  2.22107595e+10  1.15183741e+12  1.10578958e+10
 4.79950000e+02  1.34176725e+17  2.97333541e+16  7.22441421e+10  2.40946392e+10  1.15183741e+12  1.10578958e+10
 4.80500000e+02  1.34776375e+17  3.19855298e+16  7.25670085e+10  2.59197061e+10  1.15183741e+12  1.10578958e+10
 4.81050000e+02  1.35360876e+17  3.41674858e+16  7.28817187e+10  2.76878700e+10  1.15183741e+12  1.10578958e+10
 4.81600000e+02  1.35930612e+17  3.62814994e+16  7.31884790e+10  2.94009762e+10  1.15183741e+12  1.10578958e+10
 4.82150000e+02  1.36485955e+17  3.83297712e+16  7.34874900e+10  3.10608081e+10  1.15183741e+12  1.10578958e+10
 4.82700000e+02  1.37027270e+17  4.03144281e+16  7.37789476e+10  3.26690892e+10  1.15183741e+12  1.10578958e+10
 4.83250000e+02  1.37554911e+17  4.22375257e+16  7.40630426e+10  3.42274853e+10  1.15183741e+12  1.10578958e+10
 4.83800000e+02  1.38069222e+17  4.41010504e+16  7.43399609e+10  3.57376061e+10  1.15183741e+12  1.10578958e+10
 4.84350000e+02  1.38570541e+17  4.59069227e+16  7.46098839e+10  3.72010078e+10  1.15183741e+12  1.10578958e+10
 4.84900000e+02  1.39059197e+17  4.76569982e+16  7.48729882e+10  3.86191942e+10  1.15183741e+12  1.10578958e+10
 4.85450000e+02  1.39535508e+17  4.93530711e+16  7.51294462e+10  3.99936192e+10  1.15183741e+12  1.10578958e+10
 4.86000000e+02  1.39999787e+17  5.09968755e+16  7.53794256e+10  4.13256880e+10  1.15183741e+12  1.10578958e+10
 4.86550000e+02  1.40452337e+17  5.25900877e+16  7.56230902e+10  4.26167590e+10  1.15183741e+12  1.10578958e+10
 4.87100000e+02  1.40893455e+17  5.41343283e+16  7.58605995e+10  4.38681456e+10  1.15183741e+12  1.10578958e+10
 4.87650000e+02  1.41323431e+17  5.56311640e+16  7.60921090e+10  4.50811172e+10  1.15183741e+12  1.10578958e+10
 4.88200000e+02  1.41742544e+17  5.70821093e+16  7.63177702e+10  4.62569014e+10  1.15183741e+12  1.10578958e+10
 4.88750000e+02  1.42151070e+17  5.84886289e+16  7.65377309e+10  4.73966847e+10  1.15183741e+12  1.10578958e+10
 4.89300000e+02  1.42549276e+17  5.98521384e+16  7.67521351e+10  4.85016145e+10  1.15183741e+12  1.10578958e+10
 4.89850000e+02  1.42937423e+17  6.11740070e+16  7.69611231e+10  4.95728003e+10  1.15183741e+12  1.10578958e+10
 4.90400000e+02  1.43315764e+17  6.24555585e+16  7.71648318e+10  5.06113149e+10  1.15183741e+12  1.10578958e+10
 4.90950000e+02  1.43684548e+17  6.36980728e+16  7.73633945e+10  5.16181954e+10  1.15183741e+12  1.10578958e+10
 4.91500000e+02  1.44044017e+17  6.49027879e+16  7.75569413e+10  5.25944450e+10  1.15183741e+12  1.10578958e+10
 4.92050000e+02  1.44394404e+17  6.60709009e+16  7.77455987e+10  5.35410338e+10  1.15183741e+12  1.10578958e+10
 4.92600000e+02  1.44735940e+17  6.72035693e+16  7.79294905e+10  5.44588998e+10  1.15183741e+12  1.10578958e+10
 4.93150000e+02  1.45068849e+17  6.83019128e+16  7.81087368e+10  5.53489505e+10  1.15183741e+12  1.10578958e+10
 4.93700000e+02  1.45393347e+17  6.93670143e+16  7.82834551e+10  5.62120632e+10  1.15183741e+12  1.10578958e+10
 4.94250000e+02  1.45709649e+17  7.03999212e+16  7.84537598e+10  5.70490868e+10  1.15183741e+12  1.10578958e+10
 4.94800000e+02  1.46017960e+17  7.14016465e+16  7.86197624e+10  5.78608422e+10  1.15183741e+12  1.10578958e+10
 4.95350000e+02  1.46318483e+17  7.23731702e+16  7.87815715e+10  5.86481235e+10  1.15183741e+12  1.10578958e+10
 4.95900000e+02  1.46611414e+17  7.33154402e+16  7.89392931e+10  5.94116988e+10  1.15183741e+12  1.10578958e+10
 4.96450000e+02  1.46896945e+17  7.42293734e+16  7.90930304e+10  6.01523112e+10  1.15183741e+12  1.10578958e+10
 4.97000000e+02  1.47175264e+17  7.51158569e+16  7.92428840e+10  6.08706795e+10  1.15183741e+12  1.10578958e+10
 4.97000000e+02  1.47175264e+17  7.51158569e+16  7.92428840e+10  6.08706795e+10  1.15183741e+12  1.10578958e+10
 4.97100000e+02  1.46492195e+17  7.52724521e+16  7.88751027e+10  6.09975775e+10  1.15183741e+12  1.10578958e+10
 4.97200000e+02  1.45812297e+17  7.54247954e+16  7.85090283e+10  6.11210301e+10  1.15183741e+12  1.10578958e+10
 4.97300000e+02  1.45135555e+17  7.55729314e+16  7.81446529e+10  6.12410731e+10  1.15183741e+12  1.10578958e+10
 4.97400000e+02  1.44461953e+17  7.57169039e+16  7.77819687e+10  6.13577423e+10  1.15183741e+12  1.10578958e+10
 4.97500000e+02  1.43791477e+17  7.58567565e+16  7.74209677e+10  6.14710729e+10  1.15183741e+12  1.10578958e+10
 4.97600000e+02  1.43124114e+17  7.59925324e+16  7.70616423e+10  6.15810999e+10  1.15183741e+12  1.10578958e+10
 4.97700000e+02  1.42459847e+17  7.61242745e+16  7.67039845e+10  6.16878580e+10  1.15183741e+12  1.10578958e+10
 4.97800000e+02  1.41798664e+17  7.62520252e+16  7.63479867e+10  6.17913817e+10  1.15183741e+12  1.10578958e+10
 4.97900000e+02  1.41140549e+17  7.63758266e+16  7.59936411e+10  6.18917051e+10  1.15183741e+12  1.10578958e+10
 4.98000000e+02  1.40485489e+17  7.64957205e+16  7.56409401e+10  6.19888620e+10  1.15183741e+12  1.10578958e+10
 4.98000000e+02  1.40485489e+17  7.64957205e+16  7.56409401e+10  6.19888620e+10  1.21463092e+12  1.10556843e+10
 4.98100000e+02  1.39833469e+17  7.66117482e+16  7.52898761e+10  6.20828859e+10  1.21463092e+12  1.10556843e+10
 4.98200000e+02  1.39184475e+17  7.67239509e+16  7.49404414e+10  6.21738101e+10  1.21463092e+12  1.10556843e+10
 4.98300000e+02  1.38538494e+17  7.68323691e+16  7.45926285e+10  6.22616676e+10  1.21463092e+12  1.10556843e+10
 4.98400000e+02  1.37895510e+17  7.69370433e+16  7.42464299e+10  6.23464911e+10  1.21463092e+12  1.10556843e+10
 4.98500000e+02  1.37255511e+17  7.70380133e+16  7.39018381e+10  6.24283129e+10  1.21463092e+12  1.10556843e+10
 4.98600000e+02  1.36618482e+17  7.71353189e+16  7.35588455e+10  6.25071652e+10  1.21463092e+12  1.10556843e+10
 4.98700000e+02  1.35984409e+17  7.72289994e+16  7.32174449e+10  6.25830799e+10  1.21463092e+12  1.10556843e+10
 4.98800000e+02  1.35353280e+17  7.73190937e+16  7.28776288e+10  6.26560884e+10  1.21463092e+12  1.10556843e+10
 4.98900000e+02  1.34725079e+17  7.74056404e+16  7.25393898e+10  6.27262222e+10  1.21463092e+12  1.10556843e+10
 4.99000000e+02  1.34099795e+17  7.74886779e+16  7.22027207e+10  6.27935123e+10  1.21463092e+12  1.10556843e+10
 4.99000000e+02  1.34099795e+17  0.00000000e+00  7.22027207e+10  0.00000000e+00  1.21463092e+12  1.10556843e+10
 4.99100000e+02  1.33477412e+17  6.20207314e+14  7.18676141e+10  5.02589496e+08  1.21463092e+12  1.10556843e+10
 4.99200000e+02  1.32857918e+17  1.23320892e+15  7.15340628e+10  9.99339794e+08  1.21463092e+12  1.10556843e+10
 4.99300000e+02  1.32241299e+17  1.83906845e+15  7.12020595e+10  1.49030246e+09  1.21463092e+12  1.10556843e+10
 4.99400000e+02  1.31627542e+17  2.43784904e+15  7.08715972e+10  1.97552865e+09  1.21463092e+12  1.10556843e+10
 4.99500000e+02  1.31016633e+17  3.02961331e+15  7.05426686e+10  2.45506912e+09  1.21463092e+12  1.10556843e+10
 4.99600000e+02  1.30408560e+17  3.61442339e+15  7.02152666e+10  2.92897421e+09  1.21463092e+12  1.10556843e+10
 4.99700000e+02  1.29803309e+17  4.19234091e+15  6.98893842e+10  3.39729386e+09  1.21463092e+12  1.10556843e+10
 4.99800000e+02  1.29200867e+17  4.76342701e+15  6.95650142e+10  3.86007763e+09  1.21463092e+12  1.10556843e+10
 4.99900000e+02  1.28601221e+17  5.32774235e+15  6.92421497e+10  4.31737466e+09  1.21463092e+12  1.10556843e+10
 5.00000000e+02  1.28004358e+17  5.88534710e+15  6.89207837e+10  4.76923371e+09  1.21463092e+12  1.10556843e+10
 5.00000000e+02  1.28004358e+17  5.88534710e+15  6.89207837e+10  4.76923371e+09  1.21463092e+12  1.10556843e+10
 5.00550000e+02  1.28759133e+17  8.88545269e+15  6.93271732e+10  7.20039104e+09  1.21463092e+12  1.10556843e+10
 5.01100000e+02  1.29494840e+17  1.17909285e+16  6.97232968e+10  9.55486443e+09  1.21463092e+12  1.10556843e+10
 5.01650000e+02  1.30211963e+17  1.46048768e+16  7.01094137e+10  1.18351679e+10  1.21463092e+12  1.10556843e+10
 5.02200000e+02  1.30910970e+17  1.73302947e+16  7.04857767e+10  1.40437300e+10  1.21463092e+12  1.10556843e+10
 5.02750000e+02  1.31592319e+17  1.99700775e+16  7.08526323e+10  1.61828972e+10  1.21463092e+12  1.10556843e+10
 5.03300000e+02  1.32256456e+17  2.25270228e+16  7.12102206e+10  1.82549363e+10  1.21463092e+12  1.10556843e+10
 5.03850000e+02  1.32903816e+17  2.50038332e+16  7.15587757e+10  2.02620376e+10  1.21463092e+12  1.10556843e+10
 5.04400000e+02  1.33534823e+17  2.74031203e+16  7.18985258e+10  2.22063173e+10  1.21463092e+12  1.10556843e+10
 5.04950000e+02  1.34149890e+17  2.97274074e+16  7.22296933e+10  2.40898202e+10  1.21463092e+12  1.10556843e+10
 5.05500000e+02  1.34749419e+17  3.19791327e+16  7.25524951e+10  2.59145222e+10  1.21463092e+12  1.10556843e+10
 5.06050000e+02  1.35333804e+17  3.41606523e+16  7.28671424e+10  2.76823324e+10  1.21463092e+12  1.10556843e+10
 5.06600000e+02  1.35903426e+17  3.62742431e+16  7.31738413e+10  2.93950960e+10  1.21463092e+12  1.10556843e+10
 5.07150000e+02  1.36458658e+17  3.83221052e+16  7.34727925e+10  3.10545960e+10  1.21463092e+12  1.10556843e+10
 5.07700000e+02  1.36999865e+17  4.03063652e+16  7.37641918e+10  3.26625554e+10  1.21463092e+12  1.10556843e+10
 5.08250000e+02  1.37527400e+17  4.22290782e+16  7.40482300e+10  3.42206398e+10  1.21463092e+12  1.10556843e+10
 5.08800000e+02  1.38041608e+17  4.40922302e+16  7.43250929e+10  3.57304586e+10  1.21463092e+12  1.10556843e+10
 5.09350000e+02  1.38542827e+17  4.58977413e+16  7.45949619e+10  3.71935676e+10  1.21463092e+12  1.10556843e+10
 5.09900000e+02  1.39031385e+17  4.76474668e+16  7.48580136e+10  3.86114704e+10  1.21463092e+12  1.10556843e+10
 5.10450000e+02  1.39507601e+17  4.93432005e+16  7.51144203e+10  3.99856205e+10  1.21463092e+12  1.10556843e+10
 5.11000000e+02  1.39971787e+17  5.09866761e+16  7.53643497e+10  4.13174228e+10  1.21463092e+12  1.10556843e+10
 5.11550000e+02  1.40424247e+17  5.25795697e+16  7.56079656e+10  4.26082357e+10  1.21463092e+12  1.10556843e+10
 5.12100000e+02  1.40865277e+17  5.41235014e+16  7.58454274e+10  4.38593720e+10  1.21463092e+12  1.10556843e+10
 5.12650000e+02  1.41295166e+17  5.56200377e+16  7.60768906e+10  4.50721010e+10  1.21463092e+12  1.10556843e+10
 5.13200000e+02  1.41714195e+17  5.70706929e+16  7.63025067e+10  4.62476500e+10  1.21463092e+12  1.10556843e+10
 5.13750000e+02  1.42122640e+17  5.84769311e+16  7.65224234e+10  4.73872053e+10  1.21463092e+12  1.10556843e+10
 5.14300000e+02  1.42520766e+17  5.98401680e+16  7.67367847e+10  4.84919142e+10  1.21463092e+12  1.10556843e+10
 5.14850000e+02  1.42908835e+17  6.11617722e+16  7.69457309e+10  4.95628858e+10  1.21463092e+12  1.10556843e+10
 5.15400000e+02  1.43287101e+17  6.24430674e+16  7.71493989e+10  5.06011926e+10  1.21463092e+12  1.10556843e+10
 5.15950000e+02  1.43655811e+17  6.36853332e+16  7.73479219e+10  5.16078717e+10  1.21463092e+12  1.10556843e+10
 5.16500000e+02  1.44015208e+17  6.48898074e+16  7.75414299e+10  5.25839261e+10  1.21463092e+12  1.10556843e+10
 5.17050000e+02  1.44365525e+17  6.60576867e+16  7.77300496e+10  5.35303256e+10  1.21463092e+12  1.10556843e+10
 5.17600000e+02  1.44706993e+17  6.71901286e+16  7.79139046e+10  5.44480081e+10  1.21463092e+12  1.10556843e+10
 5.18150000e+02  1.45039835e+17  6.82882524e+16  7.80931151e+10  5.53378807e+10  1.21463092e+12  1.10556843e+10
 5.18700000e+02  1.45364269e+17  6.93531409e+16  7.82677985e+10  5.62008208e+10  1.21463092e+12  1.10556843e+10
 5.19250000e+02  1.45680507e+17  7.03858412e+16  7.84380691e+10  5.70376770e+10  1.21463092e+12  1.10556843e+10
 5.19800000e+02  1.45988756e+17  7.13873662e+16  7.86040385e+10  5.78492700e+10  1.21463092e+12  1.10556843e+10
 5.20350000e+02  1.46289219e+17  7.23586956e+16  7.87658152e+10  5.86363938e+10  1.21463092e+12  1.10556843e+10
 5.20900000e+02  1.46582092e+17  7.33007771e+16  7.89235052e+10  5.93998164e+10  1.21463092e+12  1.10556843e+10
 5.21450000e+02  1.46867566e+17  7.42145275e+16  7.90772118e+10  6.01402807e+10  1.21463092e+12  1.10556843e+10
 5.22000000e+02  1.47145829e+17  7.51008338e+16  7.92270355e+10  6.08585054e+10  1.21463092e+12  1.10556843e+10
 5.22000000e+02  1.47145829e+17  7.51008338e+16  7.92270355e+10  6.08585054e+10  1.21463092e+12  1.10556843e+10
 5.22100000e+02  1.46462897e+17  7.52573976e+16  7.88593277e+10  6.09853780e+10  1.21463092e+12  1.10556843e+10
 5.22200000e+02  1.45783135e+17  7.54097105e+16  7.84933265e+10  6.11088059e+10  1.21463092e+12  1.10556843e+10
 5.22300000e+02  1.45106527e+17  7.55578168e+16  7.81290240e+10  6.12288249e+10  1.21463092e+12  1.10556843e+10
 5.22400000e+02  1.44433060e+17  7.57017605e+16  7.77664123e+10  6.13454707e+10  1.21463092e+12  1.10556843e+10
 5.22500000e+02  1.43762719e+17  7.58415851e+16  7.74054836e+10  6.14587786e+10  1.21463092e+12  1.10556843e+10
 5.22600000e+02  1.43095489e+17  7.59773339e+16  7.70462299e+10  6.15687836e+10  1.21463092e+12  1.10556843e+10
 5.22700000e+02  1.42431355e+17  7.61090496e+16  7.66886437e+10  6.16755204e+10  1.21463092e+12  1.10556843e+10
 5.22800000e+02  1.41770304e+17  7.62367748e+16  7.63327171e+10  6.17790234e+10  1.21463092e+12  1.10556843e+10
 5.22900000e+02  1.41112321e+17  7.63605514e+16  7.59784424e+10  6.18793267e+10  1.21463092e+12  1.10556843e+10
 5.23000000e+02  1.40457392e+17  7.64804213e+16  7.56258119e+10  6.19764642e+10  1.21463092e+12  1.10556843e+10
 5.23000000e+02  1.40457392e+17  7.64804213e+16  7.56258119e+10  6.19764642e+10  1.27741188e+12  1.10534731e+10
 5.23100000e+02  1.39805502e+17  7.65964259e+16  7.52748181e+10  6.20704693e+10  1.27741188e+12  1.10534731e+10
 5.23200000e+02  1.39156638e+17  7.67086061e+16  7.49254533e+10  6.21613754e+10  1.27741188e+12  1.10534731e+10
 5.23300000e+02  1.38510786e+17  7.68170026e+16  7.45777100e+10  6.22492153e+10  1.27741188e+12  1.10534731e+10
 5.23400000e+02  1.37867931e+17  7.69216559e+16  7.42315806e+10  6.23340218e+10  1.27741188e+12  1.10534731e+10
 5.23500000e+02  1.37228060e+17  7.70226057e+16  7.38870577e+10  6.24158273e+10  1.27741188e+12  1.10534731e+10
 5.23600000e+02  1.36591158e+17  7.71198919e+16  7.35441338e+10  6.24946638e+10  1.27741188e+12  1.10534731e+10
 5.23700000e+02  1.35957212e+17  7.72135536e+16  7.32028014e+10  6.25705633e+10  1.27741188e+12  1.10534731e+10
 5.23800000e+02  1.35326209e+17  7.73036299e+16  7.28630533e+10  6.26435572e+10  1.27741188e+12  1.10534731e+10
 5.23900000e+02  1.34698134e+17  7.73901593e+16  7.25248819e+10  6.27136770e+10  1.27741188e+12  1.10534731e+10
 5.24000000e+02  1.34072975e+17  7.74731802e+16  7.21882801e+10  6.27809536e+10  1.27741188e+12  1.10534731e+10
 5.24000000e+02  1.34072975e+17  0.00000000e+00  7.21882801e+10  0.00000000e+00  1.27741188e+12  1.10534731e+10
 5.24100000e+02  1.33450716e+17  6.20083273e+14  7.18532405e+10  5.02488978e+08  1.27741188e+12  1.10534731e+10
 5.24200000e+02  1.32831346e+17  1.23296228e+15  7.15197560e+10  9.99139926e+08  1.27741188e+12  1.10534731e+10
 5.24300000e+02  1.32214850e+17  1.83870064e+15  7.11878191e+10  1.49000440e+09  1.27741188e+12  1.10534731e+10
 5.24400000e+02  1.31601216e+17  2.43736147e+15  7.08574229e+10  1.97513355e+09  1.27741188e+12  1.10534731e+10
 5.24500000e+02  1.30990430e+17  3.02900739e+15  7.05285601e+10  2.45457811e+09  1.27741188e+12  1.10534731e+10
 5.24600000e+02  1.30382478e+17  3.61370050e+15  7.02012236e+10  2.92838842e+09  1.27741188e+12  1.10534731e+10
 5.24700000e+02  1.29777348e+17  4.19150244e+15  6.98754063e+10  3.39661440e+09  1.27741188e+12  1.10534731e+10
 5.24800000e+02  1.29175027e+17  4.76247432e+15  6.95511012e+10  3.85930561e+09  1.27741188e+12  1.10534731e+10
 5.24900000e+02  1.28575501e+17  5.32667680e+15  6.92283013e+10  4.31651118e+09  1.27741188e+12  1.10534731e+10
 5.25000000e+02  1.27978757e+17  5.88417003e+15  6.89069995e+10  4.76827986e+09  1.27741188e+12  1.10534731e+10
 5.25000000e+02  1.27978757e+17  5.88417003e+15  6.89069995e+10  4.76827986e+09  1.27741188e+12  1.10534731e+10
 5.25550000e+02  1.28733381e+17  8.88367560e+15  6.93133078e+10  7.19895096e+09  1.27741188e+12  1.10534731e+10
 5.26100000e+02  1.29468941e+17  1.17885703e+16  6.97093521e+10  9.55295346e+09  1.27741188e+12  1.10534731e+10
 5.26650000e+02  1.30185920e+17  1.46019558e+16  7.00953918e+10  1.18328008e+10  1.27741188e+12  1.10534731e+10
 5.27200000e+02  1.30884787e+17  1.73268286e+16  7.04716796e+10  1.40409212e+10  1.27741188e+12  1.10534731e+10
 5.27750000e+02  1.31566000e+17  1.99660835e+16  7.08384618e+10  1.61796606e+10  1.27741188e+12  1.10534731e+10
 5.28300000e+02  1.32230005e+17  2.25225174e+16  7.11959785e+10  1.82512853e+10  1.27741188e+12  1.10534731e+10
 5.28850000e+02  1.32877235e+17  2.49988324e+16  7.15444639e+10  2.02579852e+10  1.27741188e+12  1.10534731e+10
 5.29400000e+02  1.33508116e+17  2.73976397e+16  7.18841461e+10  2.22018761e+10  1.27741188e+12  1.10534731e+10
 5.29950000e+02  1.34123060e+17  2.97214619e+16  7.22152474e+10  2.40850023e+10  1.27741188e+12  1.10534731e+10
 5.30500000e+02  1.34722469e+17  3.19727369e+16  7.25379846e+10  2.59093393e+10  1.27741188e+12  1.10534731e+10
 5.31050000e+02  1.35306737e+17  3.41538202e+16  7.28525690e+10  2.76767959e+10  1.27741188e+12  1.10534731e+10
 5.31600000e+02  1.35876245e+17  3.62669882e+16  7.31592065e+10  2.93892170e+10  1.27741188e+12  1.10534731e+10
 5.32150000e+02  1.36431366e+17  3.83144408e+16  7.34580980e+10  3.10483850e+10  1.27741188e+12  1.10534731e+10
 5.32700000e+02  1.36972465e+17  4.02983040e+16  7.37494390e+10  3.26560229e+10  1.27741188e+12  1.10534731e+10
 5.33250000e+02  1.37499894e+17  4.22206323e+16  7.40334203e+10  3.42137957e+10  1.27741188e+12  1.10534731e+10
 5.33800000e+02  1.38014000e+17  4.40834118e+16  7.43102279e+10  3.57233125e+10  1.27741188e+12  1.10534731e+10
 5.34350000e+02  1.38515119e+17  4.58885617e+16  7.45800429e+10  3.71861289e+10  1.27741188e+12  1.10534731e+10
 5.34900000e+02  1.39003579e+17  4.76379373e+16  7.48430420e+10  3.86037481e+10  1.27741188e+12  1.10534731e+10
 5.35450000e+02  1.39479699e+17  4.93333319e+16  7.50993974e+10  3.99776233e+10  1.27741188e+12  1.10534731e+10
 5.36000000e+02  1.39943792e+17  5.09764788e+16  7.53492769e+10  4.13091594e+10  1.27741188e+12  1.10534731e+10
 5.36550000e+02  1.40396162e+17  5.25690538e+16  7.55928440e+10  4.25997140e+10  1.27741188e+12  1.10534731e+10
 5.37100000e+02  1.40837104e+17  5.41126767e+16  7.58302583e+10  4.38506001e+10  1.27741188e+12  1.10534731e+10
 5.37650000e+02  1.41266907e+17  5.56089137e+16  7.60616752e+10  4.50630866e+10  1.27741188e+12  1.10534731e+10
 5.38200000e+02  1.41685853e+17  5.70592788e+16  7.62872462e+10  4.62384005e+10  1.27741188e+12  1.10534731e+10
 5.38750000e+02  1.42094215e+17  5.84652358e+16  7.65071189e+10  4.73777279e+10  1.27741188e+12  1.10534731e+10
 5.39300000e+02  1.42492262e+17  5.98282000e+16  7.67214373e+10  4.84822158e+10  1.27741188e+12  1.10534731e+10
 5.39850000e+02  1.42880253e+17  6.11495399e+16  7.69303418e+10  4.95529732e+10  1.27741188e+12  1.10534731e+10
 5.40400000e+02  1.43258444e+17  6.24305788e+16  7.71339690e+10  5.05910724e+10  1.27741188e+12  1.10534731e+10
 5.40950000e+02  1.43627080e+17  6.36725962e+16  7.73324523e+10  5.15975502e+10  1.27741188e+12  1.10534731e+10
 5.41500000e+02  1.43986405e+17  6.48768294e+16  7.75259216e+10  5.25734093e+10  1.27741188e+12  1.10534731e+10
 5.42050000e+02  1.44336652e+17  6.60444752e+16  7.77145036e+10  5.35196195e+10  1.27741188e+12  1.10534731e+10
 5.42600000e+02  1.44678052e+17  6.71766905e+16  7.78983218e+10  5.44371185e+10  1.27741188e+12  1.10534731e+10
 5.43150000e+02  1.45010827e+17  6.82745948e+16  7.80774964e+10  5.53268131e+10  1.27741188e+12  1.10534731e+10
 5.43700000e+02  1.45335196e+17  6.93392703e+16  7.82521449e+10  5.61895807e+10  1.27741188e+12  1.10534731e+10
 5.44250000e+02  1.45651371e+17  7.03717641e+16  7.84223815e+10  5.70262695e+10  1.27741188e+12  1.10534731e+10
 5.44800000e+02  1.45959559e+17  7.13730887e+16  7.85883176e+10  5.78377002e+10  1.27741188e+12  1.10534731e+10
 5.45350000e+02  1.46259961e+17  7.23442239e+16  7.87500620e+10  5.86246666e+10  1.27741188e+12  1.10534731e+10
 5.45900000e+02  1.46552775e+17  7.32861169e+16  7.89077205e+10  5.93879365e+10  1.27741188e+12  1.10534731e+10
 5.46450000e+02  1.46838193e+17  7.41996846e+16  7.90613963e+10  6.01282527e+10  1.27741188e+12  1.10534731e+10
 5.47000000e+02  1.47116400e+17  7.50858136e+16  7.92111901e+10  6.08463337e+10  1.27741188e+12  1.10534731e+10
 5.47000000e+02  1.47116400e+17  7.50858136e+16  7.92111901e+10  6.08463337e+10  1.27741188e+12  1.10534731e+10
 5.47100000e+02  1.46433604e+17  7.52423461e+16  7.88435558e+10  6.09731809e+10  1.27741188e+12  1.10534731e+10
 5.47200000e+02  1.45753978e+17  7.53946285e+16  7.84776278e+10  6.10965841e+10  1.27741188e+12  1.10534731e+10
 5.47300000e+02  1.45077506e+17  7.55427052e+16  7.81133982e+10  6.12165792e+10  1.27741188e+12  1.10534731e+10
 5.47400000e+02  1.44404174e+17  7.56866201e+16  7.77508590e+10  6.13332016e+10  1.27741188e+12  1.10534731e+10
 5.47500000e+02  1.43733966e+17  7.58264168e+16  7.73900025e+10  6.14464869e+10  1.27741188e+12  1.10534731e+10
 5.47600000e+02  1.43066870e+17  7.59621384e+16  7.70308207e+10  6.15564699e+10  1.27741188e+12  1.10534731e+10
 5.47700000e+02  1.42402869e+17  7.60938278e+16  7.66733060e+10  6.16631853e+10  1.27741188e+12  1.10534731e+10
 5.47800000e+02  1.41741950e+17  7.62215274e+16  7.63174505e+10  6.17666676e+10  1.27741188e+12  1.10534731e+10
 5.47900000e+02  1.41084099e+17  7.63452793e+16  7.59632467e+10  6.18669509e+10  1.27741188e+12  1.10534731e+10
 5.48000000e+02  1.40429301e+17  7.64651252e+16  7.56106868e+10  6.19640689e+10  1.27741188e+12  1.10534731e+10
 5.48000000e+02  1.40429301e+17  7.64651252e+16  7.56106868e+10  6.19640689e+10  1.34018027e+12  1.10512624e+10
 5.48100000e+02  1.39777541e+17  7.65811066e+16  7.52597632e+10  6.20580552e+10  1.34018027e+12  1.10512624e+10
 5.48200000e+02  1.39128807e+17  7.66932644e+16  7.49104682e+10  6.21489431e+10  1.34018027e+12  1.10512624e+10
 5.48300000e+02  1.38483084e+17  7.68016392e+16  7.45627945e+10  6.22367655e+10  1.34018027e+12  1.10512624e+10
 5.48400000e+02  1.37840357e+17  7.69062715e+16  7.42167343e+10  6.23215550e+10  1.34018027e+12  1.10512624e+10
 5.48500000e+02  1.37200614e+17  7.70072012e+16  7.38722803e+10  6.24033441e+10  1.34018027e+12  1.10512624e+10
 5.48600000e+02  1.36563840e+17  7.71044679e+16  7.35294250e+10  6.24821649e+10  1.34018027e+12  1.10512624e+10
 5.48700000e+02  1.35930021e+17  7.71981109e+16  7.31881609e+10  6.25580491e+10  1.34018027e+12  1.10512624e+10
 5.48800000e+02  1.35299144e+17  7.72881692e+16  7.28484807e+10  6.26310285e+10  1.34018027e+12  1.10512624e+10
 5.48900000e+02  1.34671195e+17  7.73746813e+16  7.25103770e+10  6.27011342e+10  1.34018027e+12  1.10512624e+10
 5.49000000e+02  1.34046160e+17  7.74576856e+16  7.21738425e+10  6.27683974e+10  1.34018027e+12  1.10512624e+10
 5.49000000e+02  1.34046160e+17  0.00000000e+00  7.21738425e+10  0.00000000e+00  1.34018027e+12  1.10512624e+10
 5.49100000e+02  1.33424026e+17  6.19959256e+14  7.18388699e+10  5.02388480e+08  1.34018027e+12  1.10512624e+10
 5.49200000e+02  1.32804780e+17  1.23271569e+15  7.15054520e+10  9.98940098e+08  1.34018027e+12  1.10512624e+10
 5.49300000e+02  1.32188407e+17  1.83833290e+15  7.11735816e+10  1.48970640e+09  1.34018027e+12  1.10512624e+10
 5.49400000e+02  1.31574896e+17  2.43687400e+15  7.08432514e+10  1.97473852e+09  1.34018027e+12  1.10512624e+10
 5.49500000e+02  1.30964232e+17  3.02840159e+15  7.05144544e+10  2.45408719e+09  1.34018027e+12  1.10512624e+10
 5.49600000e+02  1.30356402e+17  3.61297776e+15  7.01871833e+10  2.92780274e+09  1.34018027e+12  1.10512624e+10
 5.49700000e+02  1.29751393e+17  4.19066414e+15  6.98614312e+10  3.39593508e+09  1.34018027e+12  1.10512624e+10
 5.49800000e+02  1.29149192e+17  4.76152183e+15  6.95371910e+10  3.85853375e+09  1.34018027e+12  1.10512624e+10
 5.49900000e+02  1.28549786e+17  5.32561146e+15  6.92144556e+10  4.31564788e+09  1.34018027e+12  1.10512624e+10
 5.50000000e+02  1.27953162e+17  5.88299319e+15  6.88932181e+10  4.76732621e+09  1.34018027e+12  1.10512624e+10
 5.50000000e+02  1.27953162e+17  5.88299319e+15  6.88932181e+10  4.76732621e+09  1.34018027e+12  1.10512624e+10
 5.50550000e+02  1.28707634e+17  8.88189886e+15  6.92994451e+10  7.19751117e+09  1.34018027e+12  1.10512624e+10
 5.51100000e+02  1.29443047e+17  1.17862126e+16  6.96954102e+10  9.55104287e+09  1.34018027e+12  1.10512624e+10
 5.51650000e+02  1.30159883e+17  1.45990354e+16  7.00813727e+10  1.18304343e+10  1.34018027e+12  1.10512624e+10
 5.52200000e+02  1.30858610e+17  1.73233632e+16  7.04575852e+10  1.40381131e+10  1.34018027e+12  1.10512624e+10
 5.52750000e+02  1.31539687e+17  1.99620903e+16  7.08242941e+10  1.61764247e+10  1.34018027e+12  1.10512624e+10
 5.53300000e+02  1.32203559e+17  2.25180129e+16  7.11817393e+10  1.82476351e+10  1.34018027e+12  1.10512624e+10
 5.53850000e+02  1.32850660e+17  2.49938327e+16  7.15301550e+10  2.02539336e+10  1.34018027e+12  1.10512624e+10
 5.54400000e+02  1.33481415e+17  2.73921602e+16  7.18697692e+10  2.21974357e+10  1.34018027e+12  1.10512624e+10
 5.54950000e+02  1.34096235e+17  2.97155177e+16  7.22008043e+10  2.40801853e+10  1.34018027e+12  1.10512624e+10
 5.55500000e+02  1.34695525e+17  3.19663424e+16  7.25234770e+10  2.59041574e+10  1.34018027e+12  1.10512624e+10
 5.56050000e+02  1.35279676e+17  3.41469894e+16  7.28379985e+10  2.76712606e+10  1.34018027e+12  1.10512624e+10
 5.56600000e+02  1.35849070e+17  3.62597348e+16  7.31445747e+10  2.93833391e+10  1.34018027e+12  1.10512624e+10
 5.57150000e+02  1.36404080e+17  3.83067779e+16  7.34434064e+10  3.10421754e+10  1.34018027e+12  1.10512624e+10
 5.57700000e+02  1.36945070e+17  4.02902443e+16  7.37346891e+10  3.26494917e+10  1.34018027e+12  1.10512624e+10
 5.58250000e+02  1.37472394e+17  4.22121882e+16  7.40186137e+10  3.42069529e+10  1.34018027e+12  1.10512624e+10
 5.58800000e+02  1.37986397e+17  4.40745951e+16  7.42953659e+10  3.57161679e+10  1.34018027e+12  1.10512624e+10
 5.59350000e+02  1.38487416e+17  4.58793840e+16  7.45651269e+10  3.71786916e+10  1.34018027e+12  1.10512624e+10
 5.59900000e+02  1.38975778e+17  4.76284097e+16  7.48280734e+10  3.85960273e+10  1.34018027e+12  1.10512624e+10
 5.60450000e+02  1.39451803e+17  4.93234652e+16  7.50843775e+10  3.99696278e+10  1.34018027e+12  1.10512624e+10
 5.61000000e+02  1.39915804e+17  5.09662835e+16  7.53342070e+10  4.13008975e+10  1.34018027e+12  1.10512624e+10
 5.61550000e+02  1.40368083e+17  5.25585400e+16  7.55777255e+10  4.25911941e+10  1.34018027e+12  1.10512624e+10
 5.62100000e+02  1.40808936e+17  5.41018542e+16  7.58150923e+10  4.38418300e+10  1.34018027e+12  1.10512624e+10
 5.62650000e+02  1.41238654e+17  5.55977919e+16  7.60464629e+10  4.50540740e+10  1.34018027e+12  1.10512624e+10
 5.63200000e+02  1.41657515e+17  5.70478669e+16  7.62719887e+10  4.62291528e+10  1.34018027e+12  1.10512624e+10
 5.63750000e+02  1.42065796e+17  5.84535427e+16  7.64918175e+10  4.73682523e+10  1.34018027e+12  1.10512624e+10
 5.64300000e+02  1.42463763e+17  5.98162343e+16  7.67060930e+10  4.84725194e+10  1.34018027e+12  1.10512624e+10
 5.64850000e+02  1.42851677e+17  6.11373100e+16  7.69149557e+10  4.95430626e+10  1.34018027e+12  1.10512624e+10
 5.65400000e+02  1.43229792e+17  6.24180927e+16  7.71185422e+10  5.05809542e+10  1.34018027e+12  1.10512624e+10
 5.65950000e+02  1.43598355e+17  6.36598617e+16  7.73169858e+10  5.15872307e+10  1.34018027e+12  1.10512624e+10
 5.66500000e+02  1.43957607e+17  6.48638541e+16  7.75104164e+10  5.25628947e+10  1.34018027e+12  1.10512624e+10
 5.67050000e+02  1.44307785e+17  6.60312663e+16  7.76989607e+10  5.35089156e+10  1.34018027e+12  1.10512624e+10
 5.67600000e+02  1.44649116e+17  6.71632552e+16  7.78827421e+10  5.44262310e+10  1.34018027e+12  1.10512624e+10
 5.68150000e+02  1.44981825e+17  6.82609398e+16  7.80618809e+10  5.53157478e+10  1.34018027e+12  1.10512624e+10
 5.68700000e+02  1.45306129e+17  6.93254024e+16  7.82364945e+10  5.61783427e+10  1.34018027e+12  1.10512624e+10
 5.69250000e+02  1.45622241e+17  7.03576897e+16  7.84066970e+10  5.70148642e+10  1.34018027e+12  1.10512624e+10
 5.69800000e+02  1.45930367e+17  7.13588141e+16  7.85726000e+10  5.78261326e+10  1.34018027e+12  1.10512624e+10
 5.70350000e+02  1.46230709e+17  7.23297550e+16  7.87343120e+10  5.86129416e+10  1.34018027e+12  1.10512624e+10
 5.70900000e+02  1.46523465e+17  7.32714597e+16  7.88919390e+10  5.93760589e+10  1.34018027e+12  1.10512624e+10
 5.71450000e+02  1.46808825e+17  7.41848447e+16  7.90455841e+10  6.01162270e+10  1.34018027e+12  1.10512624e+10
 5.72000000e+02  1.47086976e+17  7.50707965e+16  7.91953478e+10  6.08341645e+10  1.34018027e+12  1.10512624e+10
 5.72000000e+02  1.47086976e+17  7.50707965e+16  7.91953478e+10  6.08341645e+10  1.34018027e+12  1.10512624e+10
 5.72100000e+02  1.46404318e+17  7.52272976e+16  7.88277871e+10  6.09609863e+10  1.34018027e+12  1.10512624e+10
 5.72200000e+02  1.45724827e+17  7.53795496e+16  7.84619323e+10  6.10843648e+10  1.34018027e+12  1.10512624e+10
 5.72300000e+02  1.45048491e+17  7.55275967e+16  7.80977755e+10  6.12043358e+10  1.34018027e+12  1.10512624e+10
 5.72400000e+02  1.44375293e+17  7.56714828e+16  7.77353089e+10  6.13209350e+10  1.34018027e+12  1.10512624e+10
 5.72500000e+02  1.43705220e+17  7.58112515e+16  7.73745245e+10  6.14341976e+10  1.34018027e+12  1.10512624e+10
 5.72600000e+02  1.43038256e+17  7.59469460e+16  7.70154145e+10  6.15441586e+10  1.34018027e+12  1.10512624e+10
 5.72700000e+02  1.42374388e+17  7.60786090e+16  7.66579713e+10  6.16508527e+10  1.34018027e+12  1.10512624e+10
 5.72800000e+02  1.41713602e+17  7.62062831e+16  7.63021870e+10  6.17543143e+10  1.34018027e+12  1.10512624e+10
 5.72900000e+02  1.41055882e+17  7.63300102e+16  7.59480540e+10  6.18545775e+10  1.34018027e+12  1.10512624e+10
 5.73000000e+02  1.40401215e+17  7.64498322e+16  7.55955646e+10  6.19516761e+10  1.34018027e+12  1.10512624e+10
 5.73000000e+02  1.40401215e+17  7.64498322e+16  7.55955646e+10  6.19516761e+10  1.40293612e+12  1.10490522e+10
 5.73100000e+02  1.39749586e+17  7.65657904e+16  7.52447112e+10  6.20456436e+10  1.40293612e+12  1.10490522e+10
 5.73200000e+02  1.39100981e+17  7.66779257e+16  7.48954861e+10  6.21365133e+10  1.40293612e+12  1.10490522e+10
 5.73300000e+02  1.38455387e+17  7.67862789e+16  7.45478819e+10  6.22243181e+10  1.40293612e+12  1.10490522e+10
 5.73400000e+02  1.37812789e+17  7.68908903e+16  7.42018910e+10  6.23090907e+10  1.40293612e+12  1.10490522e+10
 5.73500000e+02  1.37173174e+17  7.69917998e+16  7.38575058e+10  6.23908634e+10  1.40293612e+12  1.10490522e+10
 5.73600000e+02  1.36536527e+17  7.70890470e+16  7.35147191e+10  6.24696684e+10  1.40293612e+12  1.10490522e+10
 5.73700000e+02  1.35902835e+17  7.71826713e+16  7.31735232e+10  6.25455375e+10  1.40293612e+12  1.10490522e+10
 5.73800000e+02  1.35272084e+17  7.72727115e+16  7.28339110e+10  6.26185023e+10  1.40293612e+12  1.10490522e+10
 5.73900000e+02  1.34644260e+17  7.73592064e+16  7.24958749e+10  6.26885940e+10  1.40293612e+12  1.10490522e+10
 5.74000000e+02  1.34019351e+17  7.74421940e+16  7.21594077e+10  6.27558437e+10  1.40293612e+12  1.10490522e+10
 5.74000000e+02  1.34019351e+17  0.00000000e+00  7.21594077e+10  0.00000000e+00  1.40293612e+12  1.10490522e+10
 5.74100000e+02  1.33397341e+17  6.19835264e+14  7.18245021e+10  5.02288002e+08  1.40293612e+12  1.10490522e+10
 5.74200000e+02  1.32778219e+17  1.23246914e+15  7.14911509e+10  9.98740310e+08  1.40293612e+12  1.10490522e+10
 5.74300000e+02  1.32161970e+17  1.83796523e+15  7.11593468e+10  1.48940846e+09  1.40293612e+12  1.10490522e+10
 5.74400000e+02  1.31548581e+17  2.43638662e+15  7.08290827e+10  1.97434357e+09  1.40293612e+12  1.10490522e+10
 5.74500000e+02  1.30938039e+17  3.02779591e+15  7.05003515e+10  2.45359638e+09  1.40293612e+12  1.10490522e+10
 5.74600000e+02  1.30330330e+17  3.61225517e+15  7.01731459e+10  2.92721718e+09  1.40293612e+12  1.10490522e+10
 5.74700000e+02  1.29725443e+17  4.18982600e+15  6.98474589e+10  3.39525589e+09  1.40293612e+12  1.10490522e+10
 5.74800000e+02  1.29123362e+17  4.76056952e+15  6.95232836e+10  3.85776204e+09  1.40293612e+12  1.10490522e+10
 5.74900000e+02  1.28524076e+17  5.32454634e+15  6.92006127e+10  4.31478475e+09  1.40293612e+12  1.10490522e+10
 5.75000000e+02  1.27927571e+17  5.88181660e+15  6.88794395e+10  4.76637274e+09  1.40293612e+12  1.10490522e+10
 5.75000000e+02  1.27927571e+17  5.88181660e+15  6.88794395e+10  4.76637274e+09  1.40293612e+12  1.10490522e+10
 5.75550000e+02  1.28681893e+17  8.88012248e+15  6.92855852e+10  7.19607167e+09  1.40293612e+12  1.10490522e+10
 5.76100000e+02  1.29417159e+17  1.17838554e+16  6.96814712e+10  9.54913266e+09  1.40293612e+12  1.10490522e+10
 5.76650000e+02  1.30133851e+17  1.45961156e+16  7.00673564e+10  1.18280682e+10  1.40293612e+12  1.10490522e+10
 5.77200000e+02  1.30832439e+17  1.73198986e+16  7.04434937e+10  1.40353054e+10  1.40293612e+12  1.10490522e+10
 5.77750000e+02  1.31513379e+17  1.99580979e+16  7.08101292e+10  1.61731894e+10  1.40293612e+12  1.10490522e+10
 5.78300000e+02  1.32177118e+17  2.25135092e+16  7.11675030e+10  1.82439855e+10  1.40293612e+12  1.10490522e+10
 5.78850000e+02  1.32824090e+17  2.49888339e+16  7.15158490e+10  2.02498828e+10  1.40293612e+12  1.10490522e+10
 5.79400000e+02  1.33454718e+17  2.73866817e+16  7.18553953e+10  2.21929962e+10  1.40293612e+12  1.10490522e+10
 5.79950000e+02  1.34069416e+17  2.97095746e+16  7.21863642e+10  2.40753692e+10  1.40293612e+12  1.10490522e+10
 5.80500000e+02  1.34668586e+17  3.19599491e+16  7.25089723e+10  2.58989766e+10  1.40293612e+12  1.10490522e+10
 5.81050000e+02  1.35252620e+17  3.41401600e+16  7.28234309e+10  2.76657263e+10  1.40293612e+12  1.10490522e+10
 5.81600000e+02  1.35821900e+17  3.62524829e+16  7.31299458e+10  2.93774625e+10  1.40293612e+12  1.10490522e+10
 5.82150000e+02  1.36376799e+17  3.82991166e+16  7.34287177e+10  3.10359669e+10  1.40293612e+12  1.10490522e+10
 5.82700000e+02  1.36917681e+17  4.02821862e+16  7.37199422e+10  3.26429618e+10  1.40293612e+12  1.10490522e+10
 5.83250000e+02  1.37444900e+17  4.22037458e+16  7.40038099e+10  3.42001115e+10  1.40293612e+12  1.10490522e+10
 5.83800000e+02  1.37958800e+17  4.40657802e+16  7.42805068e+10  3.57090246e+10  1.40293612e+12  1.10490522e+10
 5.84350000e+02  1.38459718e+17  4.58702081e+16  7.45502139e+10  3.71712559e+10  1.40293612e+12  1.10490522e+10
 5.84900000e+02  1.38947983e+17  4.76188841e+16  7.48131078e+10  3.85883081e+10  1.40293612e+12  1.10490522e+10
 5.85450000e+02  1.39423913e+17  4.93136005e+16  7.50693606e+10  3.99616339e+10  1.40293612e+12  1.10490522e+10
 5.86000000e+02  1.39887820e+17  5.09560902e+16  7.53191402e+10  4.12926373e+10  1.40293612e+12  1.10490522e+10
 5.86550000e+02  1.40340009e+17  5.25480283e+16  7.55626099e+10  4.25826759e+10  1.40293612e+12  1.10490522e+10
 5.87100000e+02  1.40780775e+17  5.40910338e+16  7.57999293e+10  4.38330616e+10  1.40293612e+12  1.10490522e+10
 5.87650000e+02  1.41210406e+17  5.55866724e+16  7.60312536e+10  4.50450632e+10  1.40293612e+12  1.10490522e+10
 5.88200000e+02  1.41629184e+17  5.70364574e+16  7.62567343e+10  4.62199070e+10  1.40293612e+12  1.10490522e+10
 5.88750000e+02  1.42037383e+17  5.84418520e+16  7.64765191e+10  4.73587787e+10  1.40293612e+12  1.10490522e+10
 5.89300000e+02  1.42435271e+17  5.98042711e+16  7.66907518e+10  4.84628249e+10  1.40293612e+12  1.10490522e+10
 5.89850000e+02  1.42823107e+17  6.11250825e+16  7.68995727e+10  4.95331540e+10  1.40293612e+12  1.10490522e+10
 5.90400000e+02  1.43201146e+17  6.24056090e+16  7.71031185e+10  5.05708380e+10  1.40293612e+12  1.10490522e+10
 5.90950000e+02  1.43569635e+17  6.36471297e+16  7.73015224e+10  5.15769132e+10  1.40293612e+12  1.10490522e+10
 5.91500000e+02  1.43928816e+17  6.48508813e+16  7.74949143e+10  5.25523821e+10  1.40293612e+12  1.10490522e+10
 5.92050000e+02  1.44278923e+17  6.60180600e+16  7.76834209e+10  5.34982138e+10  1.40293612e+12  1.10490522e+10
 5.92600000e+02  1.44620186e+17  6.71498225e+16  7.78671656e+10  5.44153458e+10  1.40293612e+12  1.10490522e+10
 5.93150000e+02  1.44952828e+17  6.82472877e+16  7.80462686e+10  5.53046846e+10  1.40293612e+12  1.10490522e+10
 5.93700000e+02  1.45277068e+17  6.93115374e+16  7.82208472e+10  5.61671071e+10  1.40293612e+12  1.10490522e+10
 5.94250000e+02  1.45593116e+17  7.03436182e+16  7.83910157e+10  5.70034612e+10  1.40293612e+12  1.10490522e+10
 5.94800000e+02  1.45901181e+17  7.13445424e+16  7.85568855e+10  5.78145674e+10  1.40293612e+12  1.10490522e+10
 5.95350000e+02  1.46201463e+17  7.23152891e+16  7.87185652e+10  5.86012190e+10  1.40293612e+12  1.10490522e+10
 5.95900000e+02  1.46494160e+17  7.32568054e+16  7.88761606e+10  5.93641837e+10  1.40293612e+12  1.10490522e+10
 5.96450000e+02  1.46779463e+17  7.41700077e+16  7.90297749e+10  6.01042038e+10  1.40293612e+12  1.10490522e+10
 5.97000000e+02  1.47057559e+17  7.50557823e+16  7.91795088e+10  6.08219976e+10  1.40293612e+12  1.10490522e+10
 5.97000000e+02  1.47057559e+17  7.50557823e+16  7.91795088e+10  6.08219976e+10  1.40293612e+12  1.10490522e+10
 5.97100000e+02  1.46375037e+17  7.52122522e+16  7.88120216e+10  6.09487941e+10  1.40293612e+12  1.10490522e+10
 5.97200000e+02  1.45695682e+17  7.53644737e+16  7.84462399e+10  6.10721479e+10  1.40293612e+12  1.10490522e+10
 5.97300000e+02  1.45019481e+17  7.55124912e+16  7.80821560e+10  6.11920950e+10  1.40293612e+12  1.10490522e+10
 5.97400000e+02  1.44346418e+17  7.56563485e+16  7.77197618e+10  6.13086708e+10  1.40293612e+12  1.10490522e+10
 5.97500000e+02  1.43676479e+17  7.57960893e+16  7.73590496e+10  6.14219108e+10  1.40293612e+12  1.10490522e+10
 5.97600000e+02  1.43009649e+17  7.59317566e+16  7.70000115e+10  6.15318498e+10  1.40293612e+12  1.10490522e+10
 5.97700000e+02  1.42345914e+17  7.60633933e+16  7.66426397e+10  6.16385225e+10  1.40293612e+12  1.10490522e+10
 5.97800000e+02  1.41685259e+17  7.61910418e+16  7.62869266e+10  6.17419634e+10  1.40293612e+12  1.10490522e+10
 5.97900000e+02  1.41027671e+17  7.63147442e+16  7.59328644e+10  6.18422066e+10  1.40293612e+12  1.10490522e+10
 5.98000000e+02  1.40373134e+17  7.64345423e+16  7.55804455e+10  6.19392858e+10  1.40293612e+12  1.10490522e+10
 5.98000000e+02  1.40373134e+17  7.64345423e+16  7.55804455e+10  6.19392858e+10  1.46567941e+12  1.10468424e+10
 5.98100000e+02  1.39721636e+17  7.65504772e+16  7.52296623e+10  6.20332345e+10  1.46567941e+12  1.10468424e+10
 5.98200000e+02  1.39073161e+17  7.66625901e+16  7.48805070e+10  6.21240860e+10  1.46567941e+12  1.10468424e+10
 5.98300000e+02  1.38427696e+17  7.67709217e+16  7.45329723e+10  6.22118732e+10  1.46567941e+12  1.10468424e+10
 5.98400000e+02  1.37785227e+17  7.68755121e+16  7.41870506e+10  6.22966289e+10  1.46567941e+12  1.10468424e+10
 5.98500000e+02  1.37145739e+17  7.69764014e+16  7.38427343e+10  6.23783853e+10  1.46567941e+12  1.10468424e+10
 5.98600000e+02  1.36509220e+17  7.70736292e+16  7.35000161e+10  6.24571745e+10  1.46567941e+12  1.10468424e+10
 5.98700000e+02  1.35875654e+17  7.71672347e+16  7.31588885e+10  6.25330284e+10  1.46567941e+12  1.10468424e+10
 5.98800000e+02  1.35245030e+17  7.72572570e+16  7.28193442e+10  6.26059786e+10  1.46567941e+12  1.10468424e+10
 5.98900000e+02  1.34617332e+17  7.73437345e+16  7.24813757e+10  6.26760563e+10  1.46567941e+12  1.10468424e+10
 5.99000000e+02  1.33992547e+17  7.74267056e+16  7.21449758e+10  6.27432925e+10  1.46567941e+12  1.10468424e+10
 5.99000000e+02  1.33992547e+17  0.00000000e+00  7.21449758e+10  0.00000000e+00  1.46567941e+12  1.10468424e+10
 5.99100000e+02  1.33370662e+17  6.19711297e+14  7.18101372e+10  5.02187545e+08  1.46567941e+12  1.10468424e+10
 5.99200000e+02  1.32751663e+17  1.23222265e+15  7.14768527e+10  9.98540562e+08  1.46567941e+12  1.10468424e+10
 5.99300000e+02  1.32135537e+17  1.83759764e+15  7.11451150e+10  1.48911058e+09  1.46567941e+12  1.10468424e+10
 5.99400000e+02  1.31522271e+17  2.43589935e+15  7.08149169e+10  1.97394871e+09  1.46567941e+12  1.10468424e+10
 5.99500000e+02  1.30911851e+17  3.02719035e+15  7.04862514e+10  2.45310566e+09  1.46567941e+12  1.10468424e+10
 5.99600000e+02  1.30304264e+17  3.61153272e+15  7.01591113e+10  2.92663173e+09  1.46567941e+12  1.10468424e+10
 5.99700000e+02  1.29699497e+17  4.18898804e+15  6.98334894e+10  3.39457684e+09  1.46567941e+12  1.10468424e+10
 5.99800000e+02  1.29097537e+17  4.75961741e+15  6.95093789e+10  3.85699049e+09  1.46567941e+12  1.10468424e+10
 5.99900000e+02  1.28498371e+17  5.32348143e+15  6.91867726e+10  4.31392179e+09  1.46567941e+12  1.10468424e+10
 6.00000000e+02  1.27901986e+17  5.88064023e+15  6.88656636e+10  4.76541947e+09  1.46567941e+12  1.10468424e+10
 6.00000000e+02  1.27901986e+17  5.88064023e+15  6.88656636e+10  4.76541947e+09  1.46567941e+12  1.10468424e+10
 6.00550000e+02  1.28656156e+17  8.87834646e+15  6.92717281e+10  7.19463245e+09  1.46567941e+12  1.10468424e+10
 6.01100000e+02  1.29391275e+17  1.17814986e+16  6.96675349e+10  9.54722283e+09  1.46567941e+12  1.10468424e+10
 6.01650000e+02  1.30107824e+17  1.45931964e+16  7.00533430e+10  1.18257026e+10  1.46567941e+12  1.10468424e+10
 6.02200000e+02  1.30806272e+17  1.73164346e+16  7.04294050e+10  1.40324984e+10  1.46567941e+12  1.10468424e+10
 6.02750000e+02  1.31487076e+17  1.99541062e+16  7.07959672e+10  1.61699547e+10  1.46567941e+12  1.10468424e+10
 6.03300000e+02  1.32150683e+17  2.25090065e+16  7.11532695e+10  1.82403367e+10  1.46567941e+12  1.10468424e+10
 6.03850000e+02  1.32797525e+17  2.49838361e+16  7.15015458e+10  2.02458328e+10  1.46567941e+12  1.10468424e+10
 6.04400000e+02  1.33428027e+17  2.73812044e+16  7.18410242e+10  2.21885576e+10  1.46567941e+12  1.10468424e+10
 6.04950000e+02  1.34042602e+17  2.97036326e+16  7.21719269e+10  2.40705542e+10  1.46567941e+12  1.10468424e+10
 6.05500000e+02  1.34641652e+17  3.19535571e+16  7.24944705e+10  2.58937968e+10  1.46567941e+12  1.10468424e+10
 6.06050000e+02  1.35225569e+17  3.41333320e+16  7.28088662e+10  2.76601932e+10  1.46567941e+12  1.10468424e+10
 6.06600000e+02  1.35794736e+17  3.62452324e+16  7.31153198e+10  2.93715870e+10  1.46567941e+12  1.10468424e+10
 6.07150000e+02  1.36349524e+17  3.82914567e+16  7.34140319e+10  3.10297597e+10  1.46567941e+12  1.10468424e+10
 6.07700000e+02  1.36890298e+17  4.02741298e+16  7.37051982e+10  3.26364332e+10  1.46567941e+12  1.10468424e+10
 6.08250000e+02  1.37417411e+17  4.21953050e+16  7.39890092e+10  3.41932715e+10  1.46567941e+12  1.10468424e+10
 6.08800000e+02  1.37931208e+17  4.40569670e+16  7.42656507e+10  3.57018828e+10  1.46567941e+12  1.10468424e+10
 6.09350000e+02  1.38432026e+17  4.58610341e+16  7.45353039e+10  3.71638216e+10  1.46567941e+12  1.10468424e+10
 6.09900000e+02  1.38920193e+17  4.76093603e+16  7.47981452e+10  3.85805905e+10  1.46567941e+12  1.10468424e+10
 6.10450000e+02  1.39396028e+17  4.93037378e+16  7.50543468e+10  3.99536416e+10  1.46567941e+12  1.10468424e+10
 6.11000000e+02  1.39859843e+17  5.09458990e+16  7.53040764e+10  4.12843788e+10  1.46567941e+12  1.10468424e+10
 6.11550000e+02  1.40311941e+17  5.25375186e+16  7.55474974e+10  4.25741593e+10  1.46567941e+12  1.10468424e+10
 6.12100000e+02  1.40752618e+17  5.40802156e+16  7.57847693e+10  4.38242950e+10  1.46567941e+12  1.10468424e+10
 6.12650000e+02  1.41182164e+17  5.55755550e+16  7.60160473e+10  4.50360542e+10  1.46567941e+12  1.10468424e+10
 6.13200000e+02  1.41600858e+17  5.70250501e+16  7.62414830e+10  4.62106630e+10  1.46567941e+12  1.10468424e+10
 6.13750000e+02  1.42008976e+17  5.84301636e+16  7.64612238e+10  4.73493069e+10  1.46567941e+12  1.10468424e+10
 6.14300000e+02  1.42406784e+17  5.97923102e+16  7.66754137e+10  4.84531323e+10  1.46567941e+12  1.10468424e+10
 6.14850000e+02  1.42794542e+17  6.11128575e+16  7.68841928e+10  4.95232474e+10  1.46567941e+12  1.10468424e+10
 6.15400000e+02  1.43172506e+17  6.23931279e+16  7.70876979e+10  5.05607238e+10  1.46567941e+12  1.10468424e+10
 6.15950000e+02  1.43540921e+17  6.36344003e+16  7.72860621e+10  5.15665978e+10  1.46567941e+12  1.10468424e+10
 6.16500000e+02  1.43900030e+17  6.48379111e+16  7.74794154e+10  5.25418716e+10  1.46567941e+12  1.10468424e+10
 6.17050000e+02  1.44250067e+17  6.60048564e+16  7.76678842e+10  5.34875142e+10  1.46567941e+12  1.10468424e+10
 6.17600000e+02  1.44591262e+17  6.71363926e+16  7.78515921e+10  5.44044627e+10  1.46567941e+12  1.10468424e+10
 6.18150000e+02  1.44923838e+17  6.82336382e+16  7.80306593e+10  5.52936237e+10  1.46567941e+12  1.10468424e+10
 6.18700000e+02  1.45248012e+17  6.92976751e+16  7.82052030e+10  5.61558736e+10  1.46567941e+12  1.10468424e+10
 6.19250000e+02  1.45563997e+17  7.03295494e+16  7.83753375e+10  5.69920605e+10  1.46567941e+12  1.10468424e+10
 6.19800000e+02  1.45872001e+17  7.13302734e+16  7.85411741e+10  5.78030045e+10  1.46567941e+12  1.10468424e+10
 6.20350000e+02  1.46172223e+17  7.23008260e+16  7.87028214e+10  5.85894988e+10  1.46567941e+12  1.10468424e+10
 6.20900000e+02  1.46464861e+17  7.32421541e+16  7.88603854e+10  5.93523108e+10  1.46567941e+12  1.10468424e+10
 6.21450000e+02  1.46750107e+17  7.41551737e+16  7.90139690e+10  6.00921829e+10  1.46567941e+12  1.10468424e+10
 6.22000000e+02  1.47028147e+17  7.50407711e+16  7.91636729e+10  6.08098332e+10  1.46567941e+12  1.10468424e+10
 6.22000000e+02  1.47028147e+17  7.50407711e+16  7.91636729e+10  6.08098332e+10  1.46567941e+12  1.10468424e+10
 6.22100000e+02  1.46345762e+17  7.51972097e+16  7.87962592e+10  6.09366044e+10  1.46567941e+12  1.10468424e+10
 6.22200000e+02  1.45666543e+17  7.53494008e+16  7.84305507e+10  6.10599335e+10  1.46567941e+12  1.10468424e+10
 6.22300000e+02  1.44990477e+17  7.54973887e+16  7.80665395e+10  6.11798566e+10  1.46567941e+12  1.10468424e+10
 6.22400000e+02  1.44317549e+17  7.56412173e+16  7.77042178e+10  6.12964091e+10  1.46567941e+12  1.10468424e+10
 6.22500000e+02  1.43647743e+17  7.57809301e+16  7.73435777e+10  6.14096264e+10  1.46567941e+12  1.10468424e+10
 6.22600000e+02  1.42981047e+17  7.59165703e+16  7.69846115e+10  6.15195434e+10  1.46567941e+12  1.10468424e+10
 6.22700000e+02  1.42317444e+17  7.60481806e+16  7.66273112e+10  6.16261948e+10  1.46567941e+12  1.10468424e+10
 6.22800000e+02  1.41656922e+17  7.61758036e+16  7.62716692e+10  6.17296150e+10  1.46567941e+12  1.10468424e+10
 6.22900000e+02  1.40999465e+17  7.62994813e+16  7.59176779e+10  6.18298381e+10  1.46567941e+12  1.10468424e+10
 6.23000000e+02  1.40345060e+17  7.64192553e+16  7.55653294e+10  6.19268979e+10  1.46567941e+12  1.10468424e+10
 6.23000000e+02  1.40345060e+17  7.64192553e+16  7.55653294e+10  6.19268979e+10  1.52841015e+12  1.10446330e+10
 6.23100000e+02  1.39693692e+17  7.65351671e+16  7.52146163e+10  6.20208278e+10  1.52841015e+12  1.10446330e+10
 6.23200000e+02  1.39045347e+17  7.66472576e+16  7.48655309e+10  6.21116612e+10  1.52841015e+12  1.10446330e+10
 6.23300000e+02  1.38400011e+17  7.67555675e+16  7.45180657e+10  6.21994309e+10  1.52841015e+12  1.10446330e+10
 6.23400000e+02  1.37757670e+17  7.68601370e+16  7.41722132e+10  6.22841695e+10  1.52841015e+12  1.10446330e+10
 6.23500000e+02  1.37118310e+17  7.69610061e+16  7.38279658e+10  6.23659096e+10  1.52841015e+12  1.10446330e+10
 6.23600000e+02  1.36481918e+17  7.70582145e+16  7.34853161e+10  6.24446831e+10  1.52841015e+12  1.10446330e+10
 6.23700000e+02  1.35848479e+17  7.71518013e+16  7.31442568e+10  6.25205218e+10  1.52841015e+12  1.10446330e+10
 6.23800000e+02  1.35217981e+17  7.72418055e+16  7.28047803e+10  6.25934574e+10  1.52841015e+12  1.10446330e+10
 6.23900000e+02  1.34590408e+17  7.73282658e+16  7.24668794e+10  6.26635211e+10  1.52841015e+12  1.10446330e+10
 6.24000000e+02  1.33965748e+17  7.74112203e+16  7.21305468e+10  6.27307439e+10  1.52841015e+12  1.10446330e+10
 6.24000000e+02  1.33965748e+17  0.00000000e+00  7.21305468e+10  0.00000000e+00  1.52841015e+12  1.10446330e+10
 6.24100000e+02  1.33343988e+17  6.19587355e+14  7.17957752e+10  5.02087107e+08  1.52841015e+12  1.10446330e+10
 6.24200000e+02  1.32725113e+17  1.23197621e+15  7.14625573e+10  9.98340854e+08  1.52841015e+12  1.10446330e+10
 6.24300000e+02  1.32109110e+17  1.83723012e+15  7.11308860e+10  1.48881276e+09  1.52841015e+12  1.10446330e+10
 6.24400000e+02  1.31495967e+17  2.43541217e+15  7.08007539e+10  1.97355392e+09  1.52841015e+12  1.10446330e+10
 6.24500000e+02  1.30885669e+17  3.02658491e+15  7.04721541e+10  2.45261503e+09  1.52841015e+12  1.10446330e+10
 6.24600000e+02  1.30278204e+17  3.61081041e+15  7.01450794e+10  2.92604641e+09  1.52841015e+12  1.10446330e+10
 6.24700000e+02  1.29673558e+17  4.18815024e+15  6.98195227e+10  3.39389793e+09  1.52841015e+12  1.10446330e+10
 6.24800000e+02  1.29071718e+17  4.75866549e+15  6.94954770e+10  3.85621909e+09  1.52841015e+12  1.10446330e+10
 6.24900000e+02  1.28472671e+17  5.32241674e+15  6.91729353e+10  4.31305901e+09  1.52841015e+12  1.10446330e+10
 6.25000000e+02  1.27876405e+17  5.87946410e+15  6.88518905e+10  4.76446638e+09  1.52841015e+12  1.10446330e+10
 6.25000000e+02  1.27876405e+17  5.87946410e+15  6.88518905e+10  4.76446638e+09  1.52841015e+12  1.10446330e+10
 6.25550000e+02  1.28630425e+17  8.87657079e+15  6.92578738e+10  7.19319353e+09  1.52841015e+12  1.10446330e+10
 6.26100000e+02  1.29365397e+17  1.17791423e+16  6.96536014e+10  9.54531339e+09  1.52841015e+12  1.10446330e+10
 6.26650000e+02  1.30081803e+17  1.45902778e+16  7.00393323e+10  1.18233374e+10  1.52841015e+12  1.10446330e+10
 6.27200000e+02  1.30780111e+17  1.73129713e+16  7.04153191e+10  1.40296919e+10  1.52841015e+12  1.10446330e+10
 6.27750000e+02  1.31460779e+17  1.99501154e+16  7.07818080e+10  1.61667207e+10  1.52841015e+12  1.10446330e+10
 6.28300000e+02  1.32124252e+17  2.25045047e+16  7.11390388e+10  1.82366887e+10  1.52841015e+12  1.10446330e+10
 6.28850000e+02  1.32770965e+17  2.49788394e+16  7.14872455e+10  2.02417837e+10  1.52841015e+12  1.10446330e+10
 6.29400000e+02  1.33401342e+17  2.73757282e+16  7.18266560e+10  2.21841199e+10  1.52841015e+12  1.10446330e+10
 6.29950000e+02  1.34015794e+17  2.96976919e+16  7.21574925e+10  2.40657401e+10  1.52841015e+12  1.10446330e+10
 6.30500000e+02  1.34614724e+17  3.19471664e+16  7.24799716e+10  2.58886180e+10  1.52841015e+12  1.10446330e+10
 6.31050000e+02  1.35198524e+17  3.41265053e+16  7.27943044e+10  2.76546612e+10  1.52841015e+12  1.10446330e+10
 6.31600000e+02  1.35767577e+17  3.62379833e+16  7.31006967e+10  2.93657127e+10  1.52841015e+12  1.10446330e+10
 6.32150000e+02  1.36322254e+17  3.82837985e+16  7.33993491e+10  3.10235538e+10  1.52841015e+12  1.10446330e+10
 6.32700000e+02  1.36862920e+17  4.02660750e+16  7.36904572e+10  3.26299059e+10  1.52841015e+12  1.10446330e+10
 6.33250000e+02  1.37389927e+17  4.21868660e+16  7.39742114e+10  3.41864328e+10  1.52841015e+12  1.10446330e+10
 6.33800000e+02  1.37903622e+17  4.40481557e+16  7.42507976e+10  3.56947424e+10  1.52841015e+12  1.10446330e+10
 6.34350000e+02  1.38404340e+17  4.58518619e+16  7.45203968e+10  3.71563889e+10  1.52841015e+12  1.10446330e+10
 6.34900000e+02  1.38892409e+17  4.75998384e+16  7.47831856e+10  3.85728743e+10  1.52841015e+12  1.10446330e+10
 6.35450000e+02  1.39368149e+17  4.92938770e+16  7.50393359e+10  3.99456508e+10  1.52841015e+12  1.10446330e+10
 6.36000000e+02  1.39831871e+17  5.09357098e+16  7.52890155e+10  4.12761219e+10  1.52841015e+12  1.10446330e+10
 6.36550000e+02  1.40283879e+17  5.25270111e+16  7.55323879e+10  4.25656445e+10  1.52841015e+12  1.10446330e+10
 6.37100000e+02  1.40724468e+17  5.40693996e+16  7.57696123e+10  4.38155302e+10  1.52841015e+12  1.10446330e+10
 6.37650000e+02  1.41153927e+17  5.55644399e+16  7.60008441e+10  4.50270470e+10  1.52841015e+12  1.10446330e+10
 6.38200000e+02  1.41572538e+17  5.70136451e+16  7.62262347e+10  4.62014208e+10  1.52841015e+12  1.10446330e+10
 6.38750000e+02  1.41980574e+17  5.84184776e+16  7.64459316e+10  4.73398371e+10  1.52841015e+12  1.10446330e+10
 6.39300000e+02  1.42378302e+17  5.97803518e+16  7.66600786e+10  4.84434417e+10  1.52841015e+12  1.10446330e+10
 6.39850000e+02  1.42765983e+17  6.11006349e+16  7.68688160e+10  4.95133427e+10  1.52841015e+12  1.10446330e+10
 6.40400000e+02  1.43143871e+17  6.23806493e+16  7.70722803e+10  5.05506117e+10  1.52841015e+12  1.10446330e+10
 6.40950000e+02  1.43512213e+17  6.36216734e+16  7.72706049e+10  5.15562845e+10  1.52841015e+12  1.10446330e+10
 6.41500000e+02  1.43871250e+17  6.48249435e+16  7.74639195e+10  5.25313632e+10  1.52841015e+12  1.10446330e+10
 6.42050000e+02  1.44221217e+17  6.59916554e+16  7.76523507e+10  5.34768167e+10  1.52841015e+12  1.10446330e+10
 6.42600000e+02  1.44562344e+17  6.71229653e+16  7.78360218e+10  5.43935818e+10  1.52841015e+12  1.10446330e+10
 6.43150000e+02  1.44894853e+17  6.82199915e+16  7.80150532e+10  5.52825649e+10  1.52841015e+12  1.10446330e+10
 6.43700000e+02  1.45218963e+17  6.92838155e+16  7.81895620e+10  5.61446425e+10  1.52841015e+12  1.10446330e+10
 6.44250000e+02  1.45534885e+17  7.03154835e+16  7.83596624e+10  5.69806621e+10  1.52841015e+12  1.10446330e+10
 6.44800000e+02  1.45842826e+17  7.13160074e+16  7.85254659e+10  5.77914439e+10  1.52841015e+12  1.10446330e+10
 6.45350000e+02  1.46142989e+17  7.22863658e+16  7.86870809e+10  5.85777809e+10  1.52841015e+12  1.10446330e+10
 6.45900000e+02  1.46435568e+17  7.32275056e+16  7.88446133e+10  5.93404404e+10  1.52841015e+12  1.10446330e+10
 6.46450000e+02  1.46720757e+17  7.41403427e+16  7.89981662e+10  6.00801645e+10  1.52841015e+12  1.10446330e+10
 6.47000000e+02  1.46998742e+17  7.50257630e+16  7.91478401e+10  6.07976713e+10  1.52841015e+12  1.10446330e+10
 6.47000000e+02  1.46998742e+17  7.50257630e+16  7.91478401e+10  6.07976713e+10  1.52841015e+12  1.10446330e+10
 6.47100000e+02  1.46316493e+17  7.51821703e+16  7.87804999e+10  6.09244170e+10  1.52841015e+12  1.10446330e+10
 6.47200000e+02  1.45637410e+17  7.53343309e+16  7.84148646e+10  6.10477215e+10  1.52841015e+12  1.10446330e+10
 6.47300000e+02  1.44961479e+17  7.54822892e+16  7.80509262e+10  6.11676206e+10  1.52841015e+12  1.10446330e+10
 6.47400000e+02  1.44288685e+17  7.56260890e+16  7.76886770e+10  6.12841498e+10  1.52841015e+12  1.10446330e+10
 6.47500000e+02  1.43619014e+17  7.57657739e+16  7.73281090e+10  6.13973444e+10  1.52841015e+12  1.10446330e+10
 6.47600000e+02  1.42952450e+17  7.59013869e+16  7.69692145e+10  6.15072395e+10  1.52841015e+12  1.10446330e+10
 6.47700000e+02  1.42288981e+17  7.60329710e+16  7.66119857e+10  6.16138696e+10  1.52841015e+12  1.10446330e+10
 6.47800000e+02  1.41628591e+17  7.61605685e+16  7.62564149e+10  6.17172691e+10  1.52841015e+12  1.10446330e+10
 6.47900000e+02  1.40971265e+17  7.62842214e+16  7.59024943e+10  6.18174722e+10  1.52841015e+12  1.10446330e+10
 6.48000000e+02  1.40316991e+17  7.64039715e+16  7.55502164e+10  6.19145125e+10  1.52841015e+12  1.10446330e+10
 6.48000000e+02  1.40316991e+17  7.64039715e+16  7.55502164e+10  6.19145125e+10  1.59112835e+12  1.10424241e+10
 6.48100000e+02  1.39665753e+17  7.65198601e+16  7.51995734e+10  6.20084237e+10  1.59112835e+12  1.10424241e+10
 6.48200000e+02  1.39017537e+17  7.66319282e+16  7.48505578e+10  6.20992389e+10  1.59112835e+12  1.10424241e+10
 6.48300000e+02  1.38372331e+17  7.67402164e+16  7.45031621e+10  6.21869910e+10  1.59112835e+12  1.10424241e+10
 6.48400000e+02  1.37730118e+17  7.68447650e+16  7.41573787e+10  6.22717127e+10  1.59112835e+12  1.10424241e+10
 6.48500000e+02  1.37090886e+17  7.69456139e+16  7.38132002e+10  6.23534364e+10  1.59112835e+12  1.10424241e+10
 6.48600000e+02  1.36454621e+17  7.70428028e+16  7.34706191e+10  6.24321941e+10  1.59112835e+12  1.10424241e+10
 6.48700000e+02  1.35821310e+17  7.71363709e+16  7.31296279e+10  6.25080177e+10  1.59112835e+12  1.10424241e+10
 6.48800000e+02  1.35190937e+17  7.72263572e+16  7.27902194e+10  6.25809387e+10  1.59112835e+12  1.10424241e+10
 6.48900000e+02  1.34563490e+17  7.73128001e+16  7.24523861e+10  6.26509884e+10  1.59112835e+12  1.10424241e+10
 6.49000000e+02  1.33938955e+17  7.73957380e+16  7.21161207e+10  6.27181977e+10  1.59112835e+12  1.10424241e+10
 6.49000000e+02  1.33938955e+17  0.00000000e+00  7.21161207e+10  0.00000000e+00  1.59112835e+12  1.10424241e+10
 6.49100000e+02  1.33317319e+17  6.19463437e+14  7.17814160e+10  5.01986690e+08  1.59112835e+12  1.10424241e+10
 6.49200000e+02  1.32698568e+17  1.23172981e+15  7.14482648e+10  9.98141186e+08  1.59112835e+12  1.10424241e+10
 6.49300000e+02  1.32082688e+17  1.83686267e+15  7.11166598e+10  1.48851499e+09  1.59112835e+12  1.10424241e+10
 6.49400000e+02  1.31469668e+17  2.43492509e+15  7.07865938e+10  1.97315921e+09  1.59112835e+12  1.10424241e+10
 6.49500000e+02  1.30859492e+17  3.02597959e+15  7.04580597e+10  2.45212451e+09  1.59112835e+12  1.10424241e+10
 6.49600000e+02  1.30252148e+17  3.61008825e+15  7.01310504e+10  2.92546120e+09  1.59112835e+12  1.10424241e+10
 6.49700000e+02  1.29647623e+17  4.18731261e+15  6.98055588e+10  3.39321915e+09  1.59112835e+12  1.10424241e+10
 6.49800000e+02  1.29045903e+17  4.75771375e+15  6.94815779e+10  3.85544785e+09  1.59112835e+12  1.10424241e+10
 6.49900000e+02  1.28446977e+17  5.32135225e+15  6.91591007e+10  4.31219640e+09  1.59112835e+12  1.10424241e+10
 6.50000000e+02  1.27850830e+17  5.87828821e+15  6.88381201e+10  4.76351349e+09  1.59112835e+12  1.10424241e+10
 6.50000000e+02  1.27850830e+17  5.87828821e+15  6.88381201e+10  4.76351349e+09  1.59112835e+12  1.10424241e+10
 6.50550000e+02  1.28604699e+17  8.87479548e+15  6.92440222e+10  7.19175489e+09  1.59112835e+12  1.10424241e+10
 6.51100000e+02  1.29339524e+17  1.17767865e+16  6.96396706e+10  9.54340433e+09  1.59112835e+12  1.10424241e+10
 6.51650000e+02  1.30055786e+17  1.45873597e+16  7.00253244e+10  1.18209728e+10  1.59112835e+12  1.10424241e+10
 6.52200000e+02  1.30753955e+17  1.73095087e+16  7.04012361e+10  1.40268859e+10  1.59112835e+12  1.10424241e+10
 6.52750000e+02  1.31434487e+17  1.99461254e+16  7.07676516e+10  1.61634874e+10  1.59112835e+12  1.10424241e+10
 6.53300000e+02  1.32097828e+17  2.25000038e+16  7.11248110e+10  1.82330413e+10  1.59112835e+12  1.10424241e+10
 6.53850000e+02  1.32744411e+17  2.49738436e+16  7.14729481e+10  2.02377353e+10  1.59112835e+12  1.10424241e+10
 6.54400000e+02  1.33374661e+17  2.73702530e+16  7.18122907e+10  2.21796831e+10  1.59112835e+12  1.10424241e+10
 6.54950000e+02  1.33988991e+17  2.96917524e+16  7.21430610e+10  2.40609269e+10  1.59112835e+12  1.10424241e+10
 6.55500000e+02  1.34587801e+17  3.19407770e+16  7.24654756e+10  2.58834403e+10  1.59112835e+12  1.10424241e+10
 6.56050000e+02  1.35171484e+17  3.41196800e+16  7.27797455e+10  2.76491302e+10  1.59112835e+12  1.10424241e+10
 6.56600000e+02  1.35740423e+17  3.62307357e+16  7.30860766e+10  2.93598395e+10  1.59112835e+12  1.10424241e+10
 6.57150000e+02  1.36294990e+17  3.82761417e+16  7.33846693e+10  3.10173491e+10  1.59112835e+12  1.10424241e+10
 6.57700000e+02  1.36835547e+17  4.02580218e+16  7.36757191e+10  3.26233800e+10  1.59112835e+12  1.10424241e+10
 6.58250000e+02  1.37362449e+17  4.21784286e+16  7.39594165e+10  3.41795956e+10  1.59112835e+12  1.10424241e+10
 6.58800000e+02  1.37876041e+17  4.40393460e+16  7.42359474e+10  3.56876035e+10  1.59112835e+12  1.10424241e+10
 6.59350000e+02  1.38376659e+17  4.58426915e+16  7.45054927e+10  3.71489576e+10  1.59112835e+12  1.10424241e+10
 6.59900000e+02  1.38864631e+17  4.75903184e+16  7.47682289e+10  3.85651598e+10  1.59112835e+12  1.10424241e+10
 6.60450000e+02  1.39340275e+17  4.92840183e+16  7.50243280e+10  3.99376617e+10  1.59112835e+12  1.10424241e+10
 6.61000000e+02  1.39803904e+17  5.09255227e+16  7.52739577e+10  4.12678667e+10  1.59112835e+12  1.10424241e+10
 6.61550000e+02  1.40255822e+17  5.25165057e+16  7.55172814e+10  4.25571314e+10  1.59112835e+12  1.10424241e+10
 6.62100000e+02  1.40696323e+17  5.40585857e+16  7.57544584e+10  4.38067670e+10  1.59112835e+12  1.10424241e+10
 6.62650000e+02  1.41125696e+17  5.55533270e+16  7.59856440e+10  4.50180415e+10  1.59112835e+12  1.10424241e+10
 6.63200000e+02  1.41544223e+17  5.70022423e+16  7.62109895e+10  4.61921806e+10  1.59112835e+12  1.10424241e+10
 6.63750000e+02  1.41952178e+17  5.84067939e+16  7.64306424e+10  4.73303691e+10  1.59112835e+12  1.10424241e+10
 6.64300000e+02  1.42349827e+17  5.97683957e+16  7.66447466e+10  4.84337530e+10  1.59112835e+12  1.10424241e+10
 6.64850000e+02  1.42737430e+17  6.10884148e+16  7.68534422e+10  4.95034401e+10  1.59112835e+12  1.10424241e+10
 6.65400000e+02  1.43115242e+17  6.23681732e+16  7.70568659e+10  5.05405015e+10  1.59112835e+12  1.10424241e+10
 6.65950000e+02  1.43483511e+17  6.36089490e+16  7.72551508e+10  5.15459733e+10  1.59112835e+12  1.10424241e+10
 6.66500000e+02  1.43842476e+17  6.48119786e+16  7.74484267e+10  5.25208569e+10  1.59112835e+12  1.10424241e+10
 6.67050000e+02  1.44192373e+17  6.59784571e+16  7.76368202e+10  5.34661213e+10  1.59112835e+12  1.10424241e+10
 6.67600000e+02  1.44533431e+17  6.71095407e+16  7.78204546e+10  5.43827031e+10  1.59112835e+12  1.10424241e+10
 6.68150000e+02  1.44865874e+17  6.82063475e+16  7.79994502e+10  5.52715084e+10  1.59112835e+12  1.10424241e+10
 6.68700000e+02  1.45189919e+17  6.92699588e+16  7.81739240e+10  5.61334135e+10  1.59112835e+12  1.10424241e+10
 6.69250000e+02  1.45505778e+17  7.03014204e+16  7.83439905e+10  5.69692660e+10  1.59112835e+12  1.10424241e+10
 6.69800000e+02  1.45813658e+17  7.13017442e+16  7.85097608e+10  5.77798856e+10  1.59112835e+12  1.10424241e+10
 6.70350000e+02  1.46113760e+17  7.22719086e+16  7.86713435e+10  5.85660653e+10  1.59112835e+12  1.10424241e+10
 6.70900000e+02  1.46406281e+17  7.32128601e+16  7.88288444e+10  5.93285723e+10  1.59112835e+12  1.10424241e+10
 6.71450000e+02  1.46691413e+17  7.41255146e+16  7.89823666e+10  6.00681485e+10  1.59112835e+12  1.10424241e+10
 6.72000000e+02  1.46969342e+17  7.50107578e+16  7.91320106e+10  6.07855117e+10  1.59112835e+12  1.10424241e+10
 6.72000000e+02  1.46969342e+17  7.50107578e+16  7.91320106e+10  6.07855117e+10  1.59112835e+12  1.10424241e+10
 6.72100000e+02  1.46287229e+17  7.51671338e+16  7.87647438e+10  6.09122321e+10  1.59112835e+12  1.10424241e+10
 6.72200000e+02  1.45608282e+17  7.53192641e+16  7.83991816e+10  6.10355120e+10  1.59112835e+12  1.10424241e+10
 6.72300000e+02  1.44932487e+17  7.54671927e+16  7.80353161e+10  6.11553871e+10  1.59112835e+12  1.10424241e+10
 6.72400000e+02  1.44259827e+17  7.56109638e+16  7.76731393e+10  6.12718930e+10  1.59112835e+12  1.10424241e+10
 6.72500000e+02  1.43590290e+17  7.57506207e+16  7.73126434e+10  6.13850650e+10  1.59112835e+12  1.10424241e+10
 6.72600000e+02  1.42923860e+17  7.58862067e+16  7.69538207e+10  6.14949380e+10  1.59112835e+12  1.10424241e+10
 6.72700000e+02  1.42260523e+17  7.60177644e+16  7.65966633e+10  6.16015468e+10  1.59112835e+12  1.10424241e+10
 6.72800000e+02  1.41600265e+17  7.61453364e+16  7.62411636e+10  6.17049257e+10  1.59112835e+12  1.10424241e+10
 6.72900000e+02  1.40943071e+17  7.62689646e+16  7.58873138e+10  6.18051087e+10  1.59112835e+12  1.10424241e+10
 6.73000000e+02  1.40288927e+17  7.63886907e+16  7.55351063e+10  6.19021296e+10  1.59112835e+12  1.10424241e+10
 6.73000000e+02  1.40288927e+17  7.63886907e+16  7.55351063e+10  6.19021296e+10  1.65383401e+12  1.10402156e+10
 6.73100000e+02  1.39637820e+17  7.65045561e+16  7.51845335e+10  6.19960220e+10  1.65383401e+12  1.10402156e+10
 6.73200000e+02  1.38989734e+17  7.66166018e+16  7.48355877e+10  6.20868190e+10  1.65383401e+12  1.10402156e+10
 6.73300000e+02  1.38344656e+17  7.67248683e+16  7.44882615e+10  6.21745536e+10  1.65383401e+12  1.10402156e+10
 6.73400000e+02  1.37702572e+17  7.68293960e+16  7.41425473e+10  6.22592584e+10  1.65383401e+12  1.10402156e+10
 6.73500000e+02  1.37063468e+17  7.69302248e+16  7.37984376e+10  6.23409657e+10  1.65383401e+12  1.10402156e+10
 6.73600000e+02  1.36427331e+17  7.70273943e+16  7.34559249e+10  6.24197077e+10  1.65383401e+12  1.10402156e+10
 6.73700000e+02  1.35794145e+17  7.71209437e+16  7.31150020e+10  6.24955161e+10  1.65383401e+12  1.10402156e+10
 6.73800000e+02  1.35163899e+17  7.72109119e+16  7.27756613e+10  6.25684225e+10  1.65383401e+12  1.10402156e+10
 6.73900000e+02  1.34536577e+17  7.72973376e+16  7.24378956e+10  6.26384582e+10  1.65383401e+12  1.10402156e+10
 6.74000000e+02  1.33912167e+17  7.73802589e+16  7.21016975e+10  6.27056541e+10  1.65383401e+12  1.10402156e+10
 6.74000000e+02  1.33912167e+17  0.00000000e+00  7.21016975e+10  0.00000000e+00  1.65383401e+12  1.10402156e+10
 6.74100000e+02  1.33290656e+17  6.19339545e+14  7.17670598e+10  5.01886293e+08  1.65383401e+12  1.10402156e+10
 6.74200000e+02  1.32672028e+17  1.23148346e+15  7.14339751e+10  9.97941558e+08  1.65383401e+12  1.10402156e+10
 6.74300000e+02  1.32056272e+17  1.83649530e+15  7.11024364e+10  1.48821729e+09  1.65383401e+12  1.10402156e+10
 6.74400000e+02  1.31443374e+17  2.43443810e+15  7.07724365e+10  1.97276457e+09  1.65383401e+12  1.10402156e+10
 6.74500000e+02  1.30833320e+17  3.02537440e+15  7.04439681e+10  2.45163409e+09  1.65383401e+12  1.10402156e+10
 6.74600000e+02  1.30226097e+17  3.60936623e+15  7.01170242e+10  2.92487611e+09  1.65383401e+12  1.10402156e+10
 6.74700000e+02  1.29621693e+17  4.18647515e+15  6.97915977e+10  3.39254050e+09  1.65383401e+12  1.10402156e+10
 6.74800000e+02  1.29020094e+17  4.75676221e+15  6.94676816e+10  3.85467676e+09  1.65383401e+12  1.10402156e+10
 6.74900000e+02  1.28421287e+17  5.32028798e+15  6.91452688e+10  4.31133396e+09  1.65383401e+12  1.10402156e+10
 6.75000000e+02  1.27825260e+17  5.87711255e+15  6.88243525e+10  4.76256079e+09  1.65383401e+12  1.10402156e+10
 6.75000000e+02  1.27825260e+17  5.87711255e+15  6.88243525e+10  4.76256079e+09  1.65383401e+12  1.10402156e+10
 6.75550000e+02  1.28578978e+17  8.87302052e+15  6.92301734e+10  7.19031654e+09  1.65383401e+12  1.10402156e+10
 6.76100000e+02  1.29313656e+17  1.17744311e+16  6.96257427e+10  9.54149565e+09  1.65383401e+12  1.10402156e+10
 6.76650000e+02  1.30029775e+17  1.45844422e+16  7.00113194e+10  1.18186086e+10  1.65383401e+12  1.10402156e+10
 6.77200000e+02  1.30727804e+17  1.73060468e+16  7.03871558e+10  1.40240806e+10  1.65383401e+12  1.10402156e+10
 6.77750000e+02  1.31408200e+17  1.99421362e+16  7.07534981e+10  1.61602547e+10  1.65383401e+12  1.10402156e+10
 6.78300000e+02  1.32071408e+17  2.24955038e+16  7.11105861e+10  1.82293947e+10  1.65383401e+12  1.10402156e+10
 6.78850000e+02  1.32717862e+17  2.49688488e+16  7.14586535e+10  2.02336878e+10  1.65383401e+12  1.10402156e+10
 6.79400000e+02  1.33347986e+17  2.73647790e+16  7.17979282e+10  2.21752471e+10  1.65383401e+12  1.10402156e+10
 6.79950000e+02  1.33962193e+17  2.96858140e+16  7.21286324e+10  2.40561147e+10  1.65383401e+12  1.10402156e+10
 6.80500000e+02  1.34560883e+17  3.19343888e+16  7.24509825e+10  2.58782636e+10  1.65383401e+12  1.10402156e+10
 6.81050000e+02  1.35144450e+17  3.41128561e+16  7.27651896e+10  2.76436004e+10  1.65383401e+12  1.10402156e+10
 6.81600000e+02  1.35713275e+17  3.62234896e+16  7.30714594e+10  2.93539676e+10  1.65383401e+12  1.10402156e+10
 6.82150000e+02  1.36267731e+17  3.82684865e+16  7.33699923e+10  3.10111456e+10  1.65383401e+12  1.10402156e+10
 6.82700000e+02  1.36808180e+17  4.02499702e+16  7.36609839e+10  3.26168553e+10  1.65383401e+12  1.10402156e+10
 6.83250000e+02  1.37334977e+17  4.21699929e+16  7.39446247e+10  3.41727596e+10  1.65383401e+12  1.10402156e+10
 6.83800000e+02  1.37848466e+17  4.40305382e+16  7.42211002e+10  3.56804660e+10  1.65383401e+12  1.10402156e+10
 6.84350000e+02  1.38348984e+17  4.58335230e+16  7.44905916e+10  3.71415278e+10  1.65383401e+12  1.10402156e+10
 6.84900000e+02  1.38836858e+17  4.75808004e+16  7.47532753e+10  3.85574467e+10  1.65383401e+12  1.10402156e+10
 6.85450000e+02  1.39312407e+17  4.92741615e+16  7.50093232e+10  3.99296742e+10  1.65383401e+12  1.10402156e+10
 6.86000000e+02  1.39775944e+17  5.09153376e+16  7.52589029e+10  4.12596131e+10  1.65383401e+12  1.10402156e+10
 6.86550000e+02  1.40227771e+17  5.25060024e+16  7.55021780e+10  4.25486199e+10  1.65383401e+12  1.10402156e+10
 6.87100000e+02  1.40668184e+17  5.40477740e+16  7.57393075e+10  4.37980057e+10  1.65383401e+12  1.10402156e+10
 6.87650000e+02  1.41097471e+17  5.55422164e+16  7.59704468e+10  4.50090379e+10  1.65383401e+12  1.10402156e+10
 6.88200000e+02  1.41515915e+17  5.69908419e+16  7.61957473e+10  4.61829421e+10  1.65383401e+12  1.10402156e+10
 6.88750000e+02  1.41923787e+17  5.83951126e+16  7.64153563e+10  4.73209030e+10  1.65383401e+12  1.10402156e+10
 6.89300000e+02  1.42321357e+17  5.97564420e+16  7.66294176e+10  4.84240662e+10  1.65383401e+12  1.10402156e+10
 6.89850000e+02  1.42708883e+17  6.10761971e+16  7.68380715e+10  4.94935394e+10  1.65383401e+12  1.10402156e+10
 6.90400000e+02  1.43086619e+17  6.23556995e+16  7.70414545e+10  5.05303934e+10  1.65383401e+12  1.10402156e+10
 6.90950000e+02  1.43454814e+17  6.35962273e+16  7.72396997e+10  5.15356641e+10  1.65383401e+12  1.10402156e+10
 6.91500000e+02  1.43813707e+17  6.47990162e+16  7.74329370e+10  5.25103528e+10  1.65383401e+12  1.10402156e+10
 6.92050000e+02  1.44163535e+17  6.59652614e+16  7.76212928e+10  5.34554281e+10  1.65383401e+12  1.10402156e+10
 6.92600000e+02  1.44504525e+17  6.70961188e+16  7.78048905e+10  5.43718266e+10  1.65383401e+12  1.10402156e+10
 6.93150000e+02  1.44836901e+17  6.81927062e+16  7.79838503e+10  5.52604541e+10  1.65383401e+12  1.10402156e+10
 6.93700000e+02  1.45160881e+17  6.92561048e+16  7.81582893e+10  5.61221869e+10  1.65383401e+12  1.10402156e+10
 6.94250000e+02  1.45476677e+17  7.02873602e+16  7.83283217e+10  5.69578722e+10  1.65383401e+12  1.10402156e+10
 6.94800000e+02  1.45784495e+17  7.12874838e+16  7.84940588e+10  5.77683296e+10  1.65383401e+12  1.10402156e+10
 6.95350000e+02  1.46084537e+17  7.22574542e+16  7.86556092e+10  5.85543521e+10  1.65383401e+12  1.10402156e+10
 6.95900000e+02  1.46377000e+17  7.31982176e+16  7.88130786e+10  5.93167066e+10  1.65383401e+12  1.10402156e+10
 6.96450000e+02  1.46662075e+17  7.41106895e+16  7.89665701e+10  6.00561348e+10  1.65383401e+12  1.10402156e+10
 6.97000000e+02  1.46939948e+17  7.49957557e+16  7.91161842e+10  6.07733546e+10  1.65383401e+12  1.10402156e+10
 6.97000000e+02  1.46939948e+17  7.49957557e+16  7.91161842e+10  6.07733546e+10  1.65383401e+12  1.10402156e+10
 6.97100000e+02  1.46257972e+17  7.51521004e+16  7.87489909e+10  6.09000497e+10  1.65383401e+12  1.10402156e+10
 6.97200000e+02  1.45579161e+17  7.53042002e+16  7.83835018e+10  6.10233049e+10  1.65383401e+12  1.10402156e+10
 6.97300000e+02  1.44903500e+17  7.54520993e+16  7.80197090e+10  6.11431560e+10  1.65383401e+12  1.10402156e+10
 6.97400000e+02  1.44230975e+17  7.55958416e+16  7.76576046e+10  6.12596386e+10  1.65383401e+12  1.10402156e+10
 6.97500000e+02  1.43561572e+17  7.57354706e+16  7.72971809e+10  6.13727880e+10  1.65383401e+12  1.10402156e+10
 6.97600000e+02  1.42895275e+17  7.58710294e+16  7.69384299e+10  6.14826390e+10  1.65383401e+12  1.10402156e+10
 6.97700000e+02  1.42232071e+17  7.60025609e+16  7.65813440e+10  6.15892265e+10  1.65383401e+12  1.10402156e+10
 6.97800000e+02  1.41571945e+17  7.61301073e+16  7.62259154e+10  6.16925847e+10  1.65383401e+12  1.10402156e+10
 6.97900000e+02  1.40914882e+17  7.62537108e+16  7.58721364e+10  6.17927476e+10  1.65383401e+12  1.10402156e+10
 6.98000000e+02  1.40260870e+17  7.63734130e+16  7.55199993e+10  6.18897492e+10  1.65383401e+12  1.10402156e+10
 6.98000000e+02  1.40260870e+17  7.63734130e+16  7.55199993e+10  6.18897492e+10  1.71652712e+12  1.10380075e+10
 6.98100000e+02  1.39609892e+17  7.64892552e+16  7.51694966e+10  6.19836228e+10  1.71652712e+12  1.10380075e+10
 6.98200000e+02  1.38961936e+17  7.66012785e+16  7.48206206e+10  6.20744016e+10  1.71652712e+12  1.10380075e+10
 6.98300000e+02  1.38316987e+17  7.67095233e+16  7.44733638e+10  6.21621187e+10  1.71652712e+12  1.10380075e+10
 6.98400000e+02  1.37675032e+17  7.68140301e+16  7.41277188e+10  6.22468065e+10  1.71652712e+12  1.10380075e+10
 6.98500000e+02  1.37036056e+17  7.69148388e+16  7.37836779e+10  6.23284975e+10  1.71652712e+12  1.10380075e+10
 6.98600000e+02  1.36400045e+17  7.70119888e+16  7.34412337e+10  6.24072237e+10  1.71652712e+12  1.10380075e+10
 6.98700000e+02  1.35766986e+17  7.71055195e+16  7.31003790e+10  6.24830170e+10  1.71652712e+12  1.10380075e+10
 6.98800000e+02  1.35136866e+17  7.71954697e+16  7.27611062e+10  6.25559088e+10  1.71652712e+12  1.10380075e+10
 6.98900000e+02  1.34509670e+17  7.72818781e+16  7.24234080e+10  6.26259305e+10  1.71652712e+12  1.10380075e+10
 6.99000000e+02  1.33885385e+17  7.73647828e+16  7.20872772e+10  6.26931129e+10  1.71652712e+12  1.10380075e+10
 6.99000000e+02  1.33885385e+17  0.00000000e+00  7.20872772e+10  0.00000000e+00  1.71652712e+12  1.10380075e+10
 6.99100000e+02  1.33263997e+17  6.19215677e+14  7.17527063e+10  5.01785915e+08  1.71652712e+12  1.10380075e+10
 6.99200000e+02  1.32645494e+17  1.23123717e+15  7.14196884e+10  9.97741969e+08  1.71652712e+12  1.10380075e+10
 6.99300000e+02  1.32029861e+17  1.83612800e+15  7.10882160e+10  1.48791965e+09  1.71652712e+12  1.10380075e+10
 6.99400000e+02  1.31417085e+17  2.43395121e+15  7.07582820e+10  1.97237002e+09  1.71652712e+12  1.10380075e+10
 6.99500000e+02  1.30807153e+17  3.02476932e+15  7.04298793e+10  2.45114376e+09  1.71652712e+12  1.10380075e+10
 6.99600000e+02  1.30200052e+17  3.60864436e+15  7.01030008e+10  2.92429113e+09  1.71652712e+12  1.10380075e+10
 6.99700000e+02  1.29595769e+17  4.18563785e+15  6.97776394e+10  3.39186200e+09  1.71652712e+12  1.10380075e+10
 6.99800000e+02  1.28994290e+17  4.75581086e+15  6.94537881e+10  3.85390583e+09  1.71652712e+12  1.10380075e+10
 6.99900000e+02  1.28395603e+17  5.31922392e+15  6.91314398e+10  4.31047169e+09  1.71652712e+12  1.10380075e+10
 7.00000000e+02  1.27799695e+17  5.87593713e+15  6.88105876e+10  4.76160828e+09  1.71652712e+12  1.10380075e+10
 7.00000000e+02  1.27799695e+17  5.87593713e+15  6.88105876e+10  4.76160828e+09  1.71652712e+12  1.10380075e+10
 7.00550000e+02  1.28553262e+17  8.87124591e+15  6.92163274e+10  7.18887847e+09  1.71652712e+12  1.10380075e+10
 7.01100000e+02  1.29287793e+17  1.17720762e+16  6.96118176e+10  9.53958735e+09  1.71652712e+12  1.10380075e+10
 7.01650000e+02  1.30003769e+17  1.45815254e+16  6.99973171e+10  1.18162448e+10  1.71652712e+12  1.10380075e+10
 7.02200000e+02  1.30701659e+17  1.73025856e+16  7.03730784e+10  1.40212757e+10  1.71652712e+12  1.10380075e+10
 7.02750000e+02  1.31381918e+17  1.99381477e+16  7.07393474e+10  1.61570226e+10  1.71652712e+12  1.10380075e+10
 7.03300000e+02  1.32044994e+17  2.24910047e+16  7.10963640e+10  1.82257488e+10  1.71652712e+12  1.10380075e+10
 7.03850000e+02  1.32691319e+17  2.49638551e+16  7.14443618e+10  2.02296410e+10  1.71652712e+12  1.10380075e+10
 7.04400000e+02  1.33321317e+17  2.73593060e+16  7.17835686e+10  2.21708121e+10  1.71652712e+12  1.10380075e+10
 7.04950000e+02  1.33935400e+17  2.96798769e+16  7.21142067e+10  2.40513035e+10  1.71652712e+12  1.10380075e+10
 7.05500000e+02  1.34533971e+17  3.19280019e+16  7.24364923e+10  2.58730880e+10  1.71652712e+12  1.10380075e+10
 7.06050000e+02  1.35117421e+17  3.41060335e+16  7.27506366e+10  2.76380717e+10  1.71652712e+12  1.10380075e+10
 7.06600000e+02  1.35686132e+17  3.62162449e+16  7.30568451e+10  2.93480968e+10  1.71652712e+12  1.10380075e+10
 7.07150000e+02  1.36240477e+17  3.82608328e+16  7.33553183e+10  3.10049434e+10  1.71652712e+12  1.10380075e+10
 7.07700000e+02  1.36780818e+17  4.02419202e+16  7.36462517e+10  3.26103319e+10  1.71652712e+12  1.10380075e+10
 7.08250000e+02  1.37307510e+17  4.21615589e+16  7.39298357e+10  3.41659251e+10  1.71652712e+12  1.10380075e+10
 7.08800000e+02  1.37820896e+17  4.40217320e+16  7.42062560e+10  3.56733299e+10  1.71652712e+12  1.10380075e+10
 7.09350000e+02  1.38321314e+17  4.58243563e+16  7.44756935e+10  3.71340995e+10  1.71652712e+12  1.10380075e+10
 7.09900000e+02  1.38809090e+17  4.75712842e+16  7.47383246e+10  3.85497352e+10  1.71652712e+12  1.10380075e+10
 7.10450000e+02  1.39284545e+17  4.92643066e+16  7.49943213e+10  3.99216882e+10  1.71652712e+12  1.10380075e+10
 7.11000000e+02  1.39747989e+17  5.09051545e+16  7.52438512e+10  4.12513612e+10  1.71652712e+12  1.10380075e+10
 7.11550000e+02  1.40199725e+17  5.24955012e+16  7.54870775e+10  4.25401102e+10  1.71652712e+12  1.10380075e+10
 7.12100000e+02  1.40640050e+17  5.40369644e+16  7.57241597e+10  4.37892461e+10  1.71652712e+12  1.10380075e+10
 7.12650000e+02  1.41069252e+17  5.55311079e+16  7.59552528e+10  4.50000361e+10  1.71652712e+12  1.10380075e+10
 7.13200000e+02  1.41487611e+17  5.69794437e+16  7.61805081e+10  4.61737055e+10  1.71652712e+12  1.10380075e+10
 7.13750000e+02  1.41895403e+17  5.83834335e+16  7.64000732e+10  4.73114389e+10  1.71652712e+12  1.10380075e+10
 7.14300000e+02  1.42292892e+17  5.97444907e+16  7.66140917e+10  4.84143814e+10  1.71652712e+12  1.10380075e+10
 7.14850000e+02  1.42680341e+17  6.10639819e+16  7.68227039e+10  4.94836407e+10  1.71652712e+12  1.10380075e+10
 7.15400000e+02  1.43058002e+17  6.23432284e+16  7.70260462e+10  5.05202873e+10  1.71652712e+12  1.10380075e+10
 7.15950000e+02  1.43426123e+17  6.35835080e+16  7.72242518e+10  5.15253569e+10  1.71652712e+12  1.10380075e+10
 7.16500000e+02  1.43784945e+17  6.47860564e+16  7.74174504e+10  5.24998507e+10  1.71652712e+12  1.10380075e+10
 7.17050000e+02  1.44134702e+17  6.59520683e+16  7.76057686e+10  5.34447370e+10  1.71652712e+12  1.10380075e+10
 7.17600000e+02  1.44475624e+17  6.70826996e+16  7.77893296e+10  5.43609522e+10  1.71652712e+12  1.10380075e+10
 7.18150000e+02  1.44807934e+17  6.81790677e+16  7.79682535e+10  5.52494020e+10  1.71652712e+12  1.10380075e+10
 7.18700000e+02  1.45131849e+17  6.92422535e+16  7.81426576e+10  5.61109624e+10  1.71652712e+12  1.10380075e+10
 7.19250000e+02  1.45447581e+17  7.02733027e+16  7.83126560e+10  5.69464806e+10  1.71652712e+12  1.10380075e+10
 7.19800000e+02  1.45755338e+17  7.12732263e+16  7.84783600e+10  5.77567760e+10  1.71652712e+12  1.10380075e+10
 7.20350000e+02  1.46055320e+17  7.22430027e+16  7.86398781e+10  5.85426413e+10  1.71652712e+12  1.10380075e+10
 7.20900000e+02  1.46347725e+17  7.31835779e+16  7.87973160e+10  5.93048432e+10  1.71652712e+12  1.10380075e+10
 7.21450000e+02  1.46632742e+17  7.40958674e+16  7.89507768e+10  6.00441236e+10  1.71652712e+12  1.10380075e+10
 7.22000000e+02  1.46910560e+17  7.49807565e+16  7.91003609e+10  6.07611999e+10  1.71652712e+12  1.10380075e+10
 7.22000000e+02  1.46910560e+17  7.49807565e+16  7.91003609e+10  6.07611999e+10  1.71652712e+12  1.10380075e+10
 7.22100000e+02  1.46228720e+17  7.51370700e+16  7.87332411e+10  6.08878697e+10  1.71652712e+12  1.10380075e+10
 7.22200000e+02  1.45550045e+17  7.52891394e+16  7.83678251e+10  6.10111002e+10  1.71652712e+12  1.10380075e+10
 7.22300000e+02  1.44874519e+17  7.54370089e+16  7.80041050e+10  6.11309273e+10  1.71652712e+12  1.10380075e+10
 7.22400000e+02  1.44202129e+17  7.55807224e+16  7.76420731e+10  6.12473867e+10  1.71652712e+12  1.10380075e+10
 7.22500000e+02  1.43532860e+17  7.57203235e+16  7.72817214e+10  6.13605134e+10  1.71652712e+12  1.10380075e+10
 7.22600000e+02  1.42866696e+17  7.58558552e+16  7.69230422e+10  6.14703425e+10  1.71652712e+12  1.10380075e+10
 7.22700000e+02  1.42203625e+17  7.59873603e+16  7.65660277e+10  6.15769086e+10  1.71652712e+12  1.10380075e+10
 7.22800000e+02  1.41543630e+17  7.61148813e+16  7.62106702e+10  6.16802462e+10  1.71652712e+12  1.10380075e+10
 7.22900000e+02  1.40886699e+17  7.62384600e+16  7.58569619e+10  6.17803891e+10  1.71652712e+12  1.10380075e+10
 7.23000000e+02  1.40232817e+17  7.63581383e+16  7.55048953e+10  6.18773712e+10  1.71652712e+12  1.10380075e+10
 7.23000000e+02  1.40232817e+17  7.63581383e+16  7.55048953e+10  6.18773712e+10  1.77920769e+12  1.10357999e+10
 7.23100000e+02  1.39581970e+17  7.64739574e+16  7.51544627e+10  6.19712261e+10  1.77920769e+12  1.10357999e+10
 7.23200000e+02  1.38934144e+17  7.65859582e+16  7.48056565e+10  6.20619868e+10  1.77920769e+12  1.10357999e+10
 7.23300000e+02  1.38289324e+17  7.66941814e+16  7.44584692e+10  6.21496863e+10  1.77920769e+12  1.10357999e+10
 7.23400000e+02  1.37647497e+17  7.67986673e+16  7.41128932e+10  6.22343572e+10  1.77920769e+12  1.10357999e+10
 7.23500000e+02  1.37008648e+17  7.68994558e+16  7.37689211e+10  6.23160318e+10  1.77920769e+12  1.10357999e+10
 7.23600000e+02  1.36372765e+17  7.69965864e+16  7.34265455e+10  6.23947423e+10  1.77920769e+12  1.10357999e+10
 7.23700000e+02  1.35739833e+17  7.70900984e+16  7.30857589e+10  6.24705204e+10  1.77920769e+12  1.10357999e+10
 7.23800000e+02  1.35109839e+17  7.71800306e+16  7.27465540e+10  6.25433977e+10  1.77920769e+12  1.10357999e+10
 7.23900000e+02  1.34482768e+17  7.72664217e+16  7.24089233e+10  6.26134053e+10  1.77920769e+12  1.10357999e+10
 7.24000000e+02  1.33858608e+17  7.73493099e+16  7.20728597e+10  6.26805743e+10  1.77920769e+12  1.10357999e+10
 7.24000000e+02  1.33858608e+17  0.00000000e+00  7.20728597e+10  0.00000000e+00  1.77920769e+12  1.10357999e+10
 7.24100000e+02  1.33237345e+17  6.19091834e+14  7.17383558e+10  5.01685558e+08  1.77920769e+12  1.10357999e+10
 7.24200000e+02  1.32618965e+17  1.23099092e+15  7.14054044e+10  9.97542421e+08  1.77920769e+12  1.10357999e+10
 7.24300000e+02  1.32003455e+17  1.83576078e+15  7.10739983e+10  1.48762206e+09  1.77920769e+12  1.10357999e+10
 7.24400000e+02  1.31390802e+17  2.43346442e+15  7.07441303e+10  1.97197555e+09  1.77920769e+12  1.10357999e+10
 7.24500000e+02  1.30780992e+17  3.02416437e+15  7.04157933e+10  2.45065353e+09  1.77920769e+12  1.10357999e+10
 7.24600000e+02  1.30174012e+17  3.60792263e+15  7.00889802e+10  2.92370627e+09  1.77920769e+12  1.10357999e+10
 7.24700000e+02  1.29569850e+17  4.18480073e+15  6.97636839e+10  3.39118362e+09  1.77920769e+12  1.10357999e+10
 7.24800000e+02  1.28968491e+17  4.75485969e+15  6.94398973e+10  3.85313504e+09  1.77920769e+12  1.10357999e+10
 7.24900000e+02  1.28369924e+17  5.31816008e+15  6.91176135e+10  4.30960960e+09  1.77920769e+12  1.10357999e+10
 7.25000000e+02  1.27774135e+17  5.87476194e+15  6.87968255e+10  4.76065595e+09  1.77920769e+12  1.10357999e+10
 7.25000000e+02  1.27774135e+17  5.87476194e+15  6.87968255e+10  4.76065595e+09  1.77920769e+12  1.10357999e+10
 7.25550000e+02  1.28527551e+17  8.86947166e+15  6.92024841e+10  7.18744070e+09  1.77920769e+12  1.10357999e+10
 7.26100000e+02  1.29261936e+17  1.17697218e+16  6.95978952e+10  9.53767943e+09  1.77920769e+12  1.10357999e+10
 7.26650000e+02  1.29977769e+17  1.45786090e+16  6.99833176e+10  1.18138816e+10  1.77920769e+12  1.10357999e+10
 7.27200000e+02  1.30675518e+17  1.72991251e+16  7.03590038e+10  1.40184715e+10  1.77920769e+12  1.10357999e+10
 7.27750000e+02  1.31355642e+17  1.99341601e+16  7.07251995e+10  1.61537912e+10  1.77920769e+12  1.10357999e+10
 7.28300000e+02  1.32018585e+17  2.24865065e+16  7.10821447e+10  1.82221037e+10  1.77920769e+12  1.10357999e+10
 7.28850000e+02  1.32664781e+17  2.49588623e+16  7.14300729e+10  2.02255951e+10  1.77920769e+12  1.10357999e+10
 7.29400000e+02  1.33294653e+17  2.73538342e+16  7.17692119e+10  2.21663779e+10  1.77920769e+12  1.10357999e+10
 7.29950000e+02  1.33908613e+17  2.96739409e+16  7.20997838e+10  2.40464932e+10  1.77920769e+12  1.10357999e+10
 7.30500000e+02  1.34507064e+17  3.19216163e+16  7.24220050e+10  2.58679133e+10  1.77920769e+12  1.10357999e+10
 7.31050000e+02  1.35090398e+17  3.40992123e+16  7.27360864e+10  2.76325441e+10  1.77920769e+12  1.10357999e+10
 7.31600000e+02  1.35658995e+17  3.62090017e+16  7.30422337e+10  2.93422271e+10  1.77920769e+12  1.10357999e+10
 7.32150000e+02  1.36213229e+17  3.82531806e+16  7.33406473e+10  3.09987424e+10  1.77920769e+12  1.10357999e+10
 7.32700000e+02  1.36753462e+17  4.02338718e+16  7.36315225e+10  3.26038098e+10  1.77920769e+12  1.10357999e+10
 7.33250000e+02  1.37280048e+17  4.21531266e+16  7.39150498e+10  3.41590919e+10  1.77920769e+12  1.10357999e+10
 7.33800000e+02  1.37793332e+17  4.40129277e+16  7.41914147e+10  3.56661952e+10  1.77920769e+12  1.10357999e+10
 7.34350000e+02  1.38293650e+17  4.58151914e+16  7.44607984e+10  3.71266727e+10  1.77920769e+12  1.10357999e+10
 7.34900000e+02  1.38781328e+17  4.75617700e+16  7.47233770e+10  3.85420253e+10  1.77920769e+12  1.10357999e+10
 7.35450000e+02  1.39256688e+17  4.92544538e+16  7.49793224e+10  3.99137039e+10  1.77920769e+12  1.10357999e+10
 7.36000000e+02  1.39720039e+17  5.08949735e+16  7.52288024e+10  4.12431110e+10  1.77920769e+12  1.10357999e+10
 7.36550000e+02  1.40171685e+17  5.24850021e+16  7.54719801e+10  4.25316022e+10  1.77920769e+12  1.10357999e+10
 7.37100000e+02  1.40611922e+17  5.40261570e+16  7.57090148e+10  4.37804882e+10  1.77920769e+12  1.10357999e+10
 7.37650000e+02  1.41041038e+17  5.55200017e+16  7.59400617e+10  4.49910361e+10  1.77920769e+12  1.10357999e+10
 7.38200000e+02  1.41459314e+17  5.69680478e+16  7.61652720e+10  4.61644708e+10  1.77920769e+12  1.10357999e+10
 7.38750000e+02  1.41867023e+17  5.83717568e+16  7.63847932e+10  4.73019766e+10  1.77920769e+12  1.10357999e+10
 7.39300000e+02  1.42264434e+17  5.97325418e+16  7.65987689e+10  4.84046986e+10  1.77920769e+12  1.10357999e+10
 7.39850000e+02  1.42651805e+17  6.10517691e+16  7.68073393e+10  4.94737439e+10  1.77920769e+12  1.10357999e+10
 7.40400000e+02  1.43029391e+17  6.23307597e+16  7.70106410e+10  5.05101833e+10  1.77920769e+12  1.10357999e+10
 7.40950000e+02  1.43397438e+17  6.35707913e+16  7.72088069e+10  5.15150519e+10  1.77920769e+12  1.10357999e+10
 7.41500000e+02  1.43756188e+17  6.47730991e+16  7.74019669e+10  5.24893507e+10  1.77920769e+12  1.10357999e+10
 7.42050000e+02  1.44105875e+17  6.59388779e+16  7.75902474e+10  5.34340480e+10  1.77920769e+12  1.10357999e+10
 7.42600000e+02  1.44446729e+17  6.70692830e+16  7.77737717e+10  5.43500800e+10  1.77920769e+12  1.10357999e+10
 7.43150000e+02  1.44778972e+17  6.81654319e+16  7.79526599e+10  5.52383522e+10  1.77920769e+12  1.10357999e+10
 7.43700000e+02  1.45102822e+17  6.92284051e+16  7.81270291e+10  5.60997402e+10  1.77920769e+12  1.10357999e+10
 7.44250000e+02  1.45418492e+17  7.02592480e+16  7.82969935e+10  5.69350913e+10  1.77920769e+12  1.10357999e+10
 7.44800000e+02  1.45726187e+17  7.12589717e+16  7.84626643e+10  5.77452246e+10  1.77920769e+12  1.10357999e+10
 7.45350000e+02  1.46026109e+17  7.22285541e+16  7.86241501e+10  5.85309327e+10  1.77920769e+12  1.10357999e+10
 7.45900000e+02  1.46318455e+17  7.31689412e+16  7.87815565e+10  5.92929823e+10  1.77920769e+12  1.10357999e+10
 7.46450000e+02  1.46603416e+17  7.40810482e+16  7.89349866e+10  6.00321148e+10  1.77920769e+12  1.10357999e+10
 7.47000000e+02  1.46881178e+17  7.49657604e+16  7.90845408e+10  6.07490477e+10  1.77920769e+12  1.10357999e+10
 7.47000000e+02  1.46881178e+17  7.49657604e+16  7.90845408e+10  6.07490477e+10  1.77920769e+12  1.10357999e+10
 7.47100000e+02  1.46199475e+17  7.51220426e+16  7.87174944e+10  6.08756921e+10  1.77920769e+12  1.10357999e+10
 7.47200000e+02  1.45520935e+17  7.52740815e+16  7.83521515e+10  6.09988980e+10  1.77920769e+12  1.10357999e+10
 7.47300000e+02  1.44845545e+17  7.54219215e+16  7.79885042e+10  6.11187012e+10  1.77920769e+12  1.10357999e+10
 7.47400000e+02  1.44173289e+17  7.55656063e+16  7.76265447e+10  6.12351372e+10  1.77920769e+12  1.10357999e+10
 7.47500000e+02  1.43504153e+17  7.57051794e+16  7.72662651e+10  6.13482413e+10  1.77920769e+12  1.10357999e+10
 7.47600000e+02  1.42838123e+17  7.58406840e+16  7.69076576e+10  6.14580484e+10  1.77920769e+12  1.10357999e+10
 7.47700000e+02  1.42175184e+17  7.59721629e+16  7.65507145e+10  6.15645933e+10  1.77920769e+12  1.10357999e+10
 7.47800000e+02  1.41515322e+17  7.60996583e+16  7.61954281e+10  6.16679101e+10  1.77920769e+12  1.10357999e+10
 7.47900000e+02  1.40858522e+17  7.62232123e+16  7.58417905e+10  6.17680330e+10  1.77920769e+12  1.10357999e+10
 7.48000000e+02  1.40204771e+17  7.63428667e+16  7.54897943e+10  6.18649958e+10  1.77920769e+12  1.10357999e+10
 7.48000000e+02  1.40204771e+17  7.63428667e+16  7.54897943e+10  6.18649958e+10  1.84187573e+12  1.10335928e+10
 7.48100000e+02  1.39554054e+17  7.64586626e+16  7.51394318e+10  6.19588318e+10  1.84187573e+12  1.10335928e+10
 7.48200000e+02  1.38906357e+17  7.65706410e+16  7.47906954e+10  6.20495744e+10  1.84187573e+12  1.10335928e+10
 7.48300000e+02  1.38261666e+17  7.66788426e+16  7.44435775e+10  6.21372563e+10  1.84187573e+12  1.10335928e+10
 7.48400000e+02  1.37619967e+17  7.67833076e+16  7.40980706e+10  6.22219103e+10  1.84187573e+12  1.10335928e+10
 7.48500000e+02  1.36981247e+17  7.68840759e+16  7.37541674e+10  6.23035686e+10  1.84187573e+12  1.10335928e+10
 7.48600000e+02  1.36345491e+17  7.69811871e+16  7.34118602e+10  6.23822634e+10  1.84187573e+12  1.10335928e+10
 7.48700000e+02  1.35712685e+17  7.70746804e+16  7.30711417e+10  6.24580263e+10  1.84187573e+12  1.10335928e+10
 7.48800000e+02  1.35082817e+17  7.71645946e+16  7.27320046e+10  6.25308890e+10  1.84187573e+12  1.10335928e+10
 7.48900000e+02  1.34455872e+17  7.72509684e+16  7.23944415e+10  6.26008826e+10  1.84187573e+12  1.10335928e+10
 7.49000000e+02  1.33831836e+17  7.73338400e+16  7.20584451e+10  6.26680382e+10  1.84187573e+12  1.10335928e+10
 7.49000000e+02  1.33831836e+17  0.00000000e+00  7.20584451e+10  0.00000000e+00  1.84187573e+12  1.10335928e+10
 7.49100000e+02  1.33210697e+17  6.18968015e+14  7.17240081e+10  5.01585221e+08  1.84187573e+12  1.10335928e+10
 7.49200000e+02  1.32592441e+17  1.23074472e+15  7.13911233e+10  9.97342913e+08  1.84187573e+12  1.10335928e+10
 7.49300000e+02  1.31977054e+17  1.83539363e+15  7.10597835e+10  1.48732454e+09  1.84187573e+12  1.10335928e+10
 7.49400000e+02  1.31364523e+17  2.43297773e+15  7.07299815e+10  1.97158115e+09  1.84187573e+12  1.10335928e+10
 7.49500000e+02  1.30754836e+17  3.02355953e+15  7.04017102e+10  2.45016340e+09  1.84187573e+12  1.10335928e+10
 7.49600000e+02  1.30147977e+17  3.60720104e+15  7.00749624e+10  2.92312153e+09  1.84187573e+12  1.10335928e+10
 7.49700000e+02  1.29543936e+17  4.18396377e+15  6.97497311e+10  3.39050539e+09  1.84187573e+12  1.10335928e+10
 7.49800000e+02  1.28942698e+17  4.75390872e+15  6.94260093e+10  3.85236442e+09  1.84187573e+12  1.10335928e+10
 7.49900000e+02  1.28344250e+17  5.31709645e+15  6.91037900e+10  4.30874767e+09  1.84187573e+12  1.10335928e+10
 7.50000000e+02  1.27748580e+17  5.87358699e+15  6.87830661e+10  4.75970382e+09  1.84187573e+12  1.10335928e+10
 7.50000000e+02  1.27748580e+17  5.87358699e+15  6.87830661e+10  4.75970382e+09  1.84187573e+12  1.10335928e+10
 7.50550000e+02  1.28501846e+17  8.86769777e+15  6.91886436e+10  7.18600321e+09  1.84187573e+12  1.10335928e+10
 7.51100000e+02  1.29236083e+17  1.17673678e+16  6.95839756e+10  9.53577189e+09  1.84187573e+12  1.10335928e+10
 7.51650000e+02  1.29951773e+17  1.45756933e+16  6.99693210e+10  1.18115188e+10  1.84187573e+12  1.10335928e+10
 7.52200000e+02  1.30649383e+17  1.72956652e+16  7.03449320e+10  1.40156678e+10  1.84187573e+12  1.10335928e+10
 7.52750000e+02  1.31329371e+17  1.99301733e+16  7.07110545e+10  1.61505605e+10  1.84187573e+12  1.10335928e+10
 7.53300000e+02  1.31992181e+17  2.24820092e+16  7.10679283e+10  1.82184593e+10  1.84187573e+12  1.10335928e+10
 7.53850000e+02  1.32638248e+17  2.49538705e+16  7.14157869e+10  2.02215500e+10  1.84187573e+12  1.10335928e+10
 7.54400000e+02  1.33267994e+17  2.73483634e+16  7.17548581e+10  2.21619447e+10  1.84187573e+12  1.10335928e+10
 7.54950000e+02  1.33881831e+17  2.96680061e+16  7.20853639e+10  2.40416839e+10  1.84187573e+12  1.10335928e+10
 7.55500000e+02  1.34480163e+17  3.19152320e+16  7.24075206e+10  2.58627398e+10  1.84187573e+12  1.10335928e+10
 7.56050000e+02  1.35063380e+17  3.40923925e+16  7.27215392e+10  2.76270176e+10  1.84187573e+12  1.10335928e+10
 7.56600000e+02  1.35631863e+17  3.62017599e+16  7.30276253e+10  2.93363587e+10  1.84187573e+12  1.10335928e+10
 7.57150000e+02  1.36185986e+17  3.82455300e+16  7.33259791e+10  3.09925426e+10  1.84187573e+12  1.10335928e+10
 7.57700000e+02  1.36726112e+17  4.02258250e+16  7.36167962e+10  3.25972891e+10  1.84187573e+12  1.10335928e+10
 7.58250000e+02  1.37252592e+17  4.21446960e+16  7.39002667e+10  3.41522601e+10  1.84187573e+12  1.10335928e+10
 7.58800000e+02  1.37765773e+17  4.40041251e+16  7.41765765e+10  3.56590620e+10  1.84187573e+12  1.10335928e+10
 7.59350000e+02  1.38265991e+17  4.58060284e+16  7.44459062e+10  3.71192474e+10  1.84187573e+12  1.10335928e+10
 7.59900000e+02  1.38753572e+17  4.75522576e+16  7.47084323e+10  3.85343169e+10  1.84187573e+12  1.10335928e+10
 7.60450000e+02  1.39228836e+17  4.92446029e+16  7.49643266e+10  3.99057212e+10  1.84187573e+12  1.10335928e+10
 7.61000000e+02  1.39692095e+17  5.08847945e+16  7.52137566e+10  4.12348623e+10  1.84187573e+12  1.10335928e+10
 7.61550000e+02  1.40143651e+17  5.24745051e+16  7.54568857e+10  4.25230959e+10  1.84187573e+12  1.10335928e+10
 7.62100000e+02  1.40583800e+17  5.40153518e+16  7.56938730e+10  4.37717321e+10  1.84187573e+12  1.10335928e+10
 7.62650000e+02  1.41012830e+17  5.55088977e+16  7.59248737e+10  4.49820379e+10  1.84187573e+12  1.10335928e+10
 7.63200000e+02  1.41431022e+17  5.69566542e+16  7.61500389e+10  4.61552379e+10  1.84187573e+12  1.10335928e+10
 7.63750000e+02  1.41838650e+17  5.83600825e+16  7.63695162e+10  4.72925162e+10  1.84187573e+12  1.10335928e+10
 7.64300000e+02  1.42235981e+17  5.97205953e+16  7.65834492e+10  4.83950176e+10  1.84187573e+12  1.10335928e+10
 7.64850000e+02  1.42623275e+17  6.10395587e+16  7.67919779e+10  4.94638492e+10  1.84187573e+12  1.10335928e+10
 7.65400000e+02  1.43000785e+17  6.23182936e+16  7.69952389e+10  5.05000813e+10  1.84187573e+12  1.10335928e+10
 7.65950000e+02  1.43368758e+17  6.35580771e+16  7.71933652e+10  5.15047489e+10  1.84187573e+12  1.10335928e+10
 7.66500000e+02  1.43727436e+17  6.47601445e+16  7.73864865e+10  5.24788529e+10  1.84187573e+12  1.10335928e+10
 7.67050000e+02  1.44077054e+17  6.59256902e+16  7.75747294e+10  5.34233612e+10  1.84187573e+12  1.10335928e+10
 7.67600000e+02  1.44417839e+17  6.70558692e+16  7.77582169e+10  5.43392100e+10  1.84187573e+12  1.10335928e+10
 7.68150000e+02  1.44750016e+17  6.81517988e+16  7.79370693e+10  5.52273045e+10  1.84187573e+12  1.10335928e+10
 7.68700000e+02  1.45073802e+17  6.92145594e+16  7.81114037e+10  5.60885203e+10  1.84187573e+12  1.10335928e+10
 7.69250000e+02  1.45389408e+17  7.02451962e+16  7.82813341e+10  5.69237043e+10  1.84187573e+12  1.10335928e+10
 7.69800000e+02  1.45697042e+17  7.12447199e+16  7.84469718e+10  5.77336756e+10  1.84187573e+12  1.10335928e+10
 7.70350000e+02  1.45996904e+17  7.22141084e+16  7.86084253e+10  5.85192265e+10  1.84187573e+12  1.10335928e+10
 7.70900000e+02  1.46289191e+17  7.31543074e+16  7.87658002e+10  5.92811237e+10  1.84187573e+12  1.10335928e+10
 7.71450000e+02  1.46574095e+17  7.40662320e+16  7.89191996e+10  6.00201083e+10  1.84187573e+12  1.10335928e+10
 7.72000000e+02  1.46851802e+17  7.49507672e+16  7.90687239e+10  6.07368979e+10  1.84187573e+12  1.10335928e+10
 7.72000000e+02  1.46851802e+17  7.49507672e+16  7.90687239e+10  6.07368979e+10  1.84187573e+12  1.10335928e+10
 7.72100000e+02  1.46170235e+17  7.51070182e+16  7.87017509e+10  6.08635170e+10  1.84187573e+12  1.10335928e+10
 7.72200000e+02  1.45491831e+17  7.52590267e+16  7.83364811e+10  6.09866982e+10  1.84187573e+12  1.10335928e+10
 7.72300000e+02  1.44816575e+17  7.54068371e+16  7.79729065e+10  6.11064774e+10  1.84187573e+12  1.10335928e+10
 7.72400000e+02  1.44144454e+17  7.55504932e+16  7.76110194e+10  6.12228902e+10  1.84187573e+12  1.10335928e+10
 7.72500000e+02  1.43475452e+17  7.56900384e+16  7.72508118e+10  6.13359717e+10  1.84187573e+12  1.10335928e+10
 7.72600000e+02  1.42809555e+17  7.58255159e+16  7.68922761e+10  6.14457568e+10  1.84187573e+12  1.10335928e+10
 7.72700000e+02  1.42146749e+17  7.59569684e+16  7.65354044e+10  6.15522803e+10  1.84187573e+12  1.10335928e+10
 7.72800000e+02  1.41487019e+17  7.60844384e+16  7.61801890e+10  6.16555765e+10  1.84187573e+12  1.10335928e+10
 7.72900000e+02  1.40830350e+17  7.62079677e+16  7.58266222e+10  6.17556794e+10  1.84187573e+12  1.10335928e+10
 7.73000000e+02  1.40176730e+17  7.63275981e+16  7.54746964e+10  6.18526228e+10  1.84187573e+12  1.10335928e+10
 7.73000000e+02  1.40176730e+17  7.63275981e+16  7.54746964e+10  6.18526228e+10  1.90453124e+12  1.10313861e+10
 7.73100000e+02  1.39526143e+17  7.64433708e+16  7.51244039e+10  6.19464401e+10  1.90453124e+12  1.10313861e+10
 7.73200000e+02  1.38878576e+17  7.65553269e+16  7.47757372e+10  6.20371645e+10  1.90453124e+12  1.10313861e+10
 7.73300000e+02  1.38234014e+17  7.66635068e+16  7.44286888e+10  6.21248289e+10  1.90453124e+12  1.10313861e+10
 7.73400000e+02  1.37592443e+17  7.67679509e+16  7.40832510e+10  6.22094659e+10  1.90453124e+12  1.10313861e+10
 7.73500000e+02  1.36953850e+17  7.68686991e+16  7.37394165e+10  6.22911079e+10  1.90453124e+12  1.10313861e+10
 7.73600000e+02  1.36318221e+17  7.69657908e+16  7.33971778e+10  6.23697869e+10  1.90453124e+12  1.10313861e+10
 7.73700000e+02  1.35685543e+17  7.70592654e+16  7.30565275e+10  6.24455347e+10  1.90453124e+12  1.10313861e+10
 7.73800000e+02  1.35055800e+17  7.71491617e+16  7.27174582e+10  6.25183828e+10  1.90453124e+12  1.10313861e+10
 7.73900000e+02  1.34428980e+17  7.72355182e+16  7.23799626e+10  6.25883624e+10  1.90453124e+12  1.10313861e+10
 7.74000000e+02  1.33805070e+17  7.73183732e+16  7.20440334e+10  6.26555046e+10  1.90453124e+12  1.10313861e+10
 7.74000000e+02  1.33805070e+17  0.00000000e+00  7.20440334e+10  0.00000000e+00  1.90453124e+12  1.10313861e+10
 7.74100000e+02  1.33184055e+17  6.18844222e+14  7.17096633e+10  5.01484904e+08  1.90453124e+12  1.10313861e+10
 7.74200000e+02  1.32565922e+17  1.23049857e+15  7.13768451e+10  9.97143444e+08  1.90453124e+12  1.10313861e+10
 7.74300000e+02  1.31950659e+17  1.83502655e+15  7.10455716e+10  1.48702707e+09  1.90453124e+12  1.10313861e+10
 7.74400000e+02  1.31338250e+17  2.43249113e+15  7.07158355e+10  1.97118684e+09  1.90453124e+12  1.10313861e+10
 7.74500000e+02  1.30728685e+17  3.02295482e+15  7.03876298e+10  2.44967337e+09  1.90453124e+12  1.10313861e+10
 7.74600000e+02  1.30121948e+17  3.60647960e+15  7.00609474e+10  2.92253691e+09  1.90453124e+12  1.10313861e+10
 7.74700000e+02  1.29518027e+17  4.18312697e+15  6.97357812e+10  3.38982729e+09  1.90453124e+12  1.10313861e+10
 7.74800000e+02  1.28916909e+17  4.75295794e+15  6.94121241e+10  3.85159394e+09  1.90453124e+12  1.10313861e+10
 7.74900000e+02  1.28318581e+17  5.31603303e+15  6.90899692e+10  4.30788593e+09  1.90453124e+12  1.10313861e+10
 7.75000000e+02  1.27723030e+17  5.87241227e+15  6.87693095e+10  4.75875188e+09  1.90453124e+12  1.10313861e+10
 7.75000000e+02  1.27723030e+17  5.87241227e+15  6.87693095e+10  4.75875188e+09  1.90453124e+12  1.10313861e+10
 7.75550000e+02  1.28476146e+17  8.86592423e+15  6.91748059e+10  7.18456601e+09  1.90453124e+12  1.10313861e+10
 7.76100000e+02  1.29210236e+17  1.17650144e+16  6.95700588e+10  9.53386474e+09  1.90453124e+12  1.10313861e+10
 7.76650000e+02  1.29925783e+17  1.45727782e+16  6.99553271e+10  1.18091565e+10  1.90453124e+12  1.10313861e+10
 7.77200000e+02  1.30623253e+17  1.72922061e+16  7.03308630e+10  1.40128647e+10  1.90453124e+12  1.10313861e+10
 7.77750000e+02  1.31303105e+17  1.99261872e+16  7.06969123e+10  1.61473304e+10  1.90453124e+12  1.10313861e+10
 7.78300000e+02  1.31965783e+17  2.24775128e+16  7.10537147e+10  1.82148156e+10  1.90453124e+12  1.10313861e+10
 7.78850000e+02  1.32611720e+17  2.49488798e+16  7.14015037e+10  2.02175057e+10  1.90453124e+12  1.10313861e+10
 7.79400000e+02  1.33241340e+17  2.73428937e+16  7.17405071e+10  2.21575123e+10  1.90453124e+12  1.10313861e+10
 7.79950000e+02  1.33855055e+17  2.96620725e+16  7.20709468e+10  2.40368756e+10  1.90453124e+12  1.10313861e+10
 7.80500000e+02  1.34453267e+17  3.19088490e+16  7.23930391e+10  2.58575672e+10  1.90453124e+12  1.10313861e+10
 7.81050000e+02  1.35036367e+17  3.40855740e+16  7.27069949e+10  2.76214921e+10  1.90453124e+12  1.10313861e+10
 7.81600000e+02  1.35604737e+17  3.61945195e+16  7.30130197e+10  2.93304914e+10  1.90453124e+12  1.10313861e+10
 7.82150000e+02  1.36158749e+17  3.82378809e+16  7.33113139e+10  3.09863441e+10  1.90453124e+12  1.10313861e+10
 7.82700000e+02  1.36698766e+17  4.02177798e+16  7.36020728e+10  3.25907696e+10  1.90453124e+12  1.10313861e+10
 7.83250000e+02  1.37225142e+17  4.21362670e+16  7.38854867e+10  3.41454296e+10  1.90453124e+12  1.10313861e+10
 7.83800000e+02  1.37738220e+17  4.39953243e+16  7.41617411e+10  3.56519302e+10  1.90453124e+12  1.10313861e+10
 7.84350000e+02  1.38238338e+17  4.57968672e+16  7.44310170e+10  3.71118235e+10  1.90453124e+12  1.10313861e+10
 7.84900000e+02  1.38725822e+17  4.75427472e+16  7.46934906e+10  3.85266100e+10  1.90453124e+12  1.10313861e+10
 7.85450000e+02  1.39200991e+17  4.92347540e+16  7.49493337e+10  3.98977400e+10  1.90453124e+12  1.10313861e+10
 7.86000000e+02  1.39664156e+17  5.08746175e+16  7.51987139e+10  4.12266154e+10  1.90453124e+12  1.10313861e+10
 7.86550000e+02  1.40115622e+17  5.24640102e+16  7.54417943e+10  4.25145913e+10  1.90453124e+12  1.10313861e+10
 7.87100000e+02  1.40555683e+17  5.40045487e+16  7.56787342e+10  4.37629778e+10  1.90453124e+12  1.10313861e+10
 7.87650000e+02  1.40984627e+17  5.54977959e+16  7.59096887e+10  4.49730415e+10  1.90453124e+12  1.10313861e+10
 7.88200000e+02  1.41402736e+17  5.69452629e+16  7.61348089e+10  4.61460068e+10  1.90453124e+12  1.10313861e+10
 7.88750000e+02  1.41810282e+17  5.83484105e+16  7.63542423e+10  4.72830577e+10  1.90453124e+12  1.10313861e+10
 7.89300000e+02  1.42207534e+17  5.97086512e+16  7.65681325e+10  4.83853386e+10  1.90453124e+12  1.10313861e+10
 7.89850000e+02  1.42594750e+17  6.10273508e+16  7.67766195e+10  4.94539564e+10  1.90453124e+12  1.10313861e+10
 7.90400000e+02  1.42972184e+17  6.23058299e+16  7.69798398e+10  5.04899812e+10  1.90453124e+12  1.10313861e+10
 7.90950000e+02  1.43340085e+17  6.35453655e+16  7.71779265e+10  5.14944479e+10  1.90453124e+12  1.10313861e+10
 7.91500000e+02  1.43698691e+17  6.47471925e+16  7.73710092e+10  5.24683571e+10  1.90453124e+12  1.10313861e+10
 7.92050000e+02  1.44048238e+17  6.59125050e+16  7.75592144e+10  5.34126766e+10  1.90453124e+12  1.10313861e+10
 7.92600000e+02  1.44388956e+17  6.70424580e+16  7.77426653e+10  5.43283422e+10  1.90453124e+12  1.10313861e+10
 7.93150000e+02  1.44721066e+17  6.81381684e+16  7.79214819e+10  5.52162590e+10  1.90453124e+12  1.10313861e+10
 7.93700000e+02  1.45044787e+17  6.92007165e+16  7.80957814e+10  5.60773026e+10  1.90453124e+12  1.10313861e+10
 7.94250000e+02  1.45360330e+17  7.02311471e+16  7.82656778e+10  5.69123195e+10  1.90453124e+12  1.10313861e+10
 7.94800000e+02  1.45667902e+17  7.12304710e+16  7.84312824e+10  5.77221288e+10  1.90453124e+12  1.10313861e+10
 7.95350000e+02  1.45967705e+17  7.21996656e+16  7.85927036e+10  5.85075227e+10  1.90453124e+12  1.10313861e+10
 7.95900000e+02  1.46259934e+17  7.31396766e+16  7.87500470e+10  5.92692674e+10  1.90453124e+12  1.10313861e+10
 7.96450000e+02  1.46544780e+17  7.40514187e+16  7.89034158e+10  6.00081043e+10  1.90453124e+12  1.10313861e+10
 7.97000000e+02  1.46822432e+17  7.49357771e+16  7.90529102e+10  6.07247505e+10  1.90453124e+12  1.10313861e+10
 7.97000000e+02  1.46822432e+17  7.49357771e+16  7.90529102e+10  6.07247505e+10  1.90453124e+12  1.10313861e+10
 7.97100000e+02  1.46141001e+17  7.50919968e+16  7.86860106e+10  6.08513443e+10  1.90453124e+12  1.10313861e+10
 7.97200000e+02  1.45462732e+17  7.52439749e+16  7.83208138e+10  6.09745009e+10  1.90453124e+12  1.10313861e+10
 7.97300000e+02  1.44787612e+17  7.53917557e+16  7.79573119e+10  6.10942561e+10  1.90453124e+12  1.10313861e+10
 7.97400000e+02  1.44115625e+17  7.55353831e+16  7.75954972e+10  6.12106456e+10  1.90453124e+12  1.10313861e+10
 7.97500000e+02  1.43446757e+17  7.56749004e+16  7.72353617e+10  6.13237045e+10  1.90453124e+12  1.10313861e+10
 7.97600000e+02  1.42780993e+17  7.58103508e+16  7.68768976e+10  6.14334677e+10  1.90453124e+12  1.10313861e+10
 7.97700000e+02  1.42118319e+17  7.59417770e+16  7.65200973e+10  6.15399699e+10  1.90453124e+12  1.10313861e+10
 7.97800000e+02  1.41458721e+17  7.60692215e+16  7.61649529e+10  6.16432454e+10  1.90453124e+12  1.10313861e+10
 7.97900000e+02  1.40802184e+17  7.61927261e+16  7.58114569e+10  6.17433283e+10  1.90453124e+12  1.10313861e+10
 7.98000000e+02  1.40148695e+17  7.63123326e+16  7.54596014e+10  6.18402522e+10  1.90453124e+12  1.10313861e+10
 7.98000000e+02  1.40148695e+17  7.63123326e+16  7.54596014e+10  6.18402522e+10  1.96717421e+12  1.10291798e+10
 7.98100000e+02  1.39498238e+17  7.64280822e+16  7.51093790e+10  6.19340508e+10  1.96717421e+12  1.10291798e+10
 7.98200000e+02  1.38850800e+17  7.65400158e+16  7.47607821e+10  6.20247570e+10  1.96717421e+12  1.10291798e+10
 7.98300000e+02  1.38206367e+17  7.66481741e+16  7.44138030e+10  6.21124039e+10  1.96717421e+12  1.10291798e+10
 7.98400000e+02  1.37564925e+17  7.67525973e+16  7.40684344e+10  6.21970240e+10  1.96717421e+12  1.10291798e+10
 7.98500000e+02  1.36926460e+17  7.68533253e+16  7.37246686e+10  6.22786497e+10  1.96717421e+12  1.10291798e+10
 7.98600000e+02  1.36290958e+17  7.69503977e+16  7.33824984e+10  6.23573129e+10  1.96717421e+12  1.10291798e+10
 7.98700000e+02  1.35658405e+17  7.70438536e+16  7.30419162e+10  6.24330456e+10  1.96717421e+12  1.10291798e+10
 7.98800000e+02  1.35028789e+17  7.71337319e+16  7.27029147e+10  6.25058791e+10  1.96717421e+12  1.10291798e+10
 7.98900000e+02  1.34402095e+17  7.72200711e+16  7.23654867e+10  6.25758448e+10  1.96717421e+12  1.10291798e+10
 7.99000000e+02  1.33778309e+17  7.73029096e+16  7.20296246e+10  6.26429735e+10  1.96717421e+12  1.10291798e+10
 7.99000000e+02  1.33778309e+17  0.00000000e+00  7.20296246e+10  0.00000000e+00  1.96717421e+12  1.10291798e+10
 7.99100000e+02  1.33157418e+17  6.18720453e+14  7.16953214e+10  5.01384607e+08  1.96717421e+12  1.10291798e+10
 7.99200000e+02  1.32539409e+17  1.23025247e+15  7.13625697e+10  9.96944015e+08  1.96717421e+12  1.10291798e+10
 7.99300000e+02  1.31924268e+17  1.83465954e+15  7.10313624e+10  1.48672967e+09  1.96717421e+12  1.10291798e+10
 7.99400000e+02  1.31311983e+17  2.43200464e+15  7.07016923e+10  1.97079260e+09  1.96717421e+12  1.10291798e+10
 7.99500000e+02  1.30702539e+17  3.02235023e+15  7.03735523e+10  2.44918343e+09  1.96717421e+12  1.10291798e+10
 7.99600000e+02  1.30095923e+17  3.60575831e+15  7.00469352e+10  2.92195240e+09  1.96717421e+12  1.10291798e+10
 7.99700000e+02  1.29492123e+17  4.18229035e+15  6.97218340e+10  3.38914932e+09  1.96717421e+12  1.10291798e+10
 7.99800000e+02  1.28891126e+17  4.75200735e+15  6.93982417e+10  3.85082363e+09  1.96717421e+12  1.10291798e+10
 7.99900000e+02  1.28292917e+17  5.31496982e+15  6.90761512e+10  4.30702435e+09  1.96717421e+12  1.10291798e+10
 8.00000000e+02  1.27697486e+17  5.87123779e+15  6.87555556e+10  4.75780013e+09  1.96717421e+12  1.10291798e+10
 8.00000000e+02  1.27697486e+17  5.87123779e+15  6.87555556e+10  4.75780013e+09  1.96717421e+12  1.10291798e+10
 8.00550000e+02  1.28450450e+17  8.86415104e+15  6.91609709e+10  7.18312910e+09  1.96717421e+12  1.10291798e+10
 8.01100000e+02  1.29184394e+17  1.17626614e+16  6.95561448e+10  9.53195797e+09  1.96717421e+12  1.10291798e+10
 8.01650000e+02  1.29899797e+17  1.45698636e+16  6.99413360e+10  1.18067947e+10  1.96717421e+12  1.10291798e+10
 8.02200000e+02  1.30597129e+17  1.72887477e+16  7.03167968e+10  1.40100621e+10  1.96717421e+12  1.10291798e+10
 8.02750000e+02  1.31276844e+17  1.99222020e+16  7.06827729e+10  1.61441009e+10  1.96717421e+12  1.10291798e+10
 8.03300000e+02  1.31939389e+17  2.24730173e+16  7.10395039e+10  1.82111726e+10  1.96717421e+12  1.10291798e+10
 8.03850000e+02  1.32585198e+17  2.49438900e+16  7.13872234e+10  2.02134622e+10  1.96717421e+12  1.10291798e+10
 8.04400000e+02  1.33214692e+17  2.73374251e+16  7.17261590e+10  2.21530808e+10  1.96717421e+12  1.10291798e+10
 8.04950000e+02  1.33828284e+17  2.96561401e+16  7.20565326e+10  2.40320682e+10  1.96717421e+12  1.10291798e+10
 8.05500000e+02  1.34426376e+17  3.19024672e+16  7.23785605e+10  2.58523957e+10  1.96717421e+12  1.10291798e+10
 8.06050000e+02  1.35009360e+17  3.40787569e+16  7.26924535e+10  2.76159679e+10  1.96717421e+12  1.10291798e+10
 8.06600000e+02  1.35577616e+17  3.61872806e+16  7.29984171e+10  2.93246253e+10  1.96717421e+12  1.10291798e+10
 8.07150000e+02  1.36131517e+17  3.82302333e+16  7.32966517e+10  3.09801469e+10  1.96717421e+12  1.10291798e+10
 8.07700000e+02  1.36671427e+17  4.02097363e+16  7.35873524e+10  3.25842515e+10  1.96717421e+12  1.10291798e+10
 8.08250000e+02  1.37197697e+17  4.21278398e+16  7.38707096e+10  3.41386005e+10  1.96717421e+12  1.10291798e+10
 8.08800000e+02  1.37710673e+17  4.39865252e+16  7.41469088e+10  3.56447998e+10  1.96717421e+12  1.10291798e+10
 8.09350000e+02  1.38210690e+17  4.57877078e+16  7.44161308e+10  3.71044011e+10  1.96717421e+12  1.10291798e+10
 8.09900000e+02  1.38698076e+17  4.75332386e+16  7.46785519e+10  3.85189047e+10  1.96717421e+12  1.10291798e+10
 8.10450000e+02  1.39173151e+17  4.92249070e+16  7.49343439e+10  3.98897605e+10  1.96717421e+12  1.10291798e+10
 8.11000000e+02  1.39636224e+17  5.08644426e+16  7.51836741e+10  4.12183700e+10  1.96717421e+12  1.10291798e+10
 8.11550000e+02  1.40087599e+17  5.24535174e+16  7.54267060e+10  4.25060883e+10  1.96717421e+12  1.10291798e+10
 8.12100000e+02  1.40527572e+17  5.39937478e+16  7.56635985e+10  4.37542252e+10  1.96717421e+12  1.10291798e+10
 8.12650000e+02  1.40956430e+17  5.54866964e+16  7.58945068e+10  4.49640469e+10  1.96717421e+12  1.10291798e+10
 8.13200000e+02  1.41374455e+17  5.69338738e+16  7.61195820e+10  4.61367776e+10  1.96717421e+12  1.10291798e+10
 8.13750000e+02  1.41781920e+17  5.83367408e+16  7.63389715e+10  4.72736011e+10  1.96717421e+12  1.10291798e+10
 8.14300000e+02  1.42179092e+17  5.96967095e+16  7.65528189e+10  4.83756615e+10  1.96717421e+12  1.10291798e+10
 8.14850000e+02  1.42566231e+17  6.10151454e+16  7.67612642e+10  4.94440656e+10  1.96717421e+12  1.10291798e+10
 8.15400000e+02  1.42943590e+17  6.22933688e+16  7.69644438e+10  5.04798832e+10  1.96717421e+12  1.10291798e+10
 8.15950000e+02  1.43311417e+17  6.35326565e+16  7.71624909e+10  5.14841490e+10  1.96717421e+12  1.10291798e+10
 8.16500000e+02  1.43669951e+17  6.47342431e+16  7.73555350e+10  5.24578634e+10  1.96717421e+12  1.10291798e+10
 8.17050000e+02  1.44019429e+17  6.58993225e+16  7.75437026e+10  5.34019940e+10  1.96717421e+12  1.10291798e+10
 8.17600000e+02  1.44360078e+17  6.70290495e+16  7.77271168e+10  5.43174765e+10  1.96717421e+12  1.10291798e+10
 8.18150000e+02  1.44692122e+17  6.81245408e+16  7.79058976e+10  5.52052158e+10  1.96717421e+12  1.10291798e+10
 8.18700000e+02  1.45015778e+17  6.91868764e+16  7.80801622e+10  5.60660871e+10  1.96717421e+12  1.10291798e+10
 8.19250000e+02  1.45331258e+17  7.02171009e+16  7.82500247e+10  5.69009371e+10  1.96717421e+12  1.10291798e+10
 8.19800000e+02  1.45638769e+17  7.12162249e+16  7.84155961e+10  5.77105844e+10  1.96717421e+12  1.10291798e+10
 8.20350000e+02  1.45938511e+17  7.21852256e+16  7.85769850e+10  5.84958212e+10  1.96717421e+12  1.10291798e+10
 8.20900000e+02  1.46230682e+17  7.31250486e+16  7.87342970e+10  5.92574136e+10  1.96717421e+12  1.10291798e+10
 8.21450000e+02  1.46515471e+17  7.40366085e+16  7.88876351e+10  5.99961027e+10  1.96717421e+12  1.10291798e+10
 8.22000000e+02  1.46793067e+17  7.49207899e+16  7.90370996e+10  6.07126056e+10  1.96717421e+12  1.10291798e+10
 8.22000000e+02  1.46793067e+17  7.49207899e+16  7.90370996e+10  6.07126056e+10  1.96717421e+12  1.10291798e+10
 8.22100000e+02  1.46111772e+17  7.50769784e+16  7.86702734e+10  6.08391740e+10  1.96717421e+12  1.10291798e+10
 8.22200000e+02  1.45433640e+17  7.52289261e+16  7.83051496e+10  6.09623060e+10  1.96717421e+12  1.10291798e+10
 8.22300000e+02  1.44758655e+17  7.53766774e+16  7.79417205e+10  6.10820373e+10  1.96717421e+12  1.10291798e+10
 8.22400000e+02  1.44086802e+17  7.55202760e+16  7.75799781e+10  6.11984035e+10  1.96717421e+12  1.10291798e+10
 8.22500000e+02  1.43418068e+17  7.56597654e+16  7.72199146e+10  6.13114397e+10  1.96717421e+12  1.10291798e+10
 8.22600000e+02  1.42752437e+17  7.57951887e+16  7.68615223e+10  6.14211810e+10  1.96717421e+12  1.10291798e+10
 8.22700000e+02  1.42089896e+17  7.59265887e+16  7.65047933e+10  6.15276619e+10  1.96717421e+12  1.10291798e+10
 8.22800000e+02  1.41430430e+17  7.60540076e+16  7.61497199e+10  6.16309168e+10  1.96717421e+12  1.10291798e+10
 8.22900000e+02  1.40774024e+17  7.61774875e+16  7.57962946e+10  6.17309796e+10  1.96717421e+12  1.10291798e+10
 8.23000000e+02  1.40120665e+17  7.62970701e+16  7.54445095e+10  6.18278842e+10  1.96717421e+12  1.10291798e+10
 8.23000000e+02  1.40120665e+17  7.62970701e+16  7.54445095e+10  6.18278842e+10  2.02980465e+12  1.10269739e+10
 8.23100000e+02  1.39470338e+17  7.64127965e+16  7.50943571e+10  6.19216640e+10  2.02980465e+12  1.10269739e+10
 8.23200000e+02  1.38823030e+17  7.65247078e+16  7.47458299e+10  6.20123521e+10  2.02980465e+12  1.10269739e+10
 8.23300000e+02  1.38178725e+17  7.66328445e+16  7.43989203e+10  6.20999814e+10  2.02980465e+12  1.10269739e+10
 8.23400000e+02  1.37537412e+17  7.67372468e+16  7.40536207e+10  6.21845846e+10  2.02980465e+12  1.10269739e+10
 8.23500000e+02  1.36899074e+17  7.68379547e+16  7.37099237e+10  6.22661939e+10  2.02980465e+12  1.10269739e+10
 8.23600000e+02  1.36263700e+17  7.69350076e+16  7.33678219e+10  6.23448415e+10  2.02980465e+12  1.10269739e+10
 8.23700000e+02  1.35631274e+17  7.70284448e+16  7.30273078e+10  6.24205590e+10  2.02980465e+12  1.10269739e+10
 8.23800000e+02  1.35001783e+17  7.71183051e+16  7.26883742e+10  6.24933780e+10  2.02980465e+12  1.10269739e+10
 8.23900000e+02  1.34375214e+17  7.72046271e+16  7.23510136e+10  6.25633296e+10  2.02980465e+12  1.10269739e+10
 8.24000000e+02  1.33751553e+17  7.72874490e+16  7.20152187e+10  6.26304449e+10  2.02980465e+12  1.10269739e+10
 8.24000000e+02  1.33751553e+17  0.00000000e+00  7.20152187e+10  0.00000000e+00  2.02980465e+12  1.10269739e+10
 8.24100000e+02  1.33130787e+17  6.18596709e+14  7.16809823e+10  5.01284330e+08  2.02980465e+12  1.10269739e+10
 8.24200000e+02  1.32512901e+17  1.23000642e+15  7.13482972e+10  9.96744627e+08  2.02980465e+12  1.10269739e+10
 8.24300000e+02  1.31897884e+17  1.83429261e+15  7.10171562e+10  1.48643232e+09  2.02980465e+12  1.10269739e+10
 8.24400000e+02  1.31285720e+17  2.43151823e+15  7.06875520e+10  1.97039844e+09  2.02980465e+12  1.10269739e+10
 8.24500000e+02  1.30676398e+17  3.02174576e+15  7.03594776e+10  2.44869360e+09  2.02980465e+12  1.10269739e+10
 8.24600000e+02  1.30069904e+17  3.60503716e+15  7.00329258e+10  2.92136801e+09  2.02980465e+12  1.10269739e+10
 8.24700000e+02  1.29466225e+17  4.18145389e+15  6.97078897e+10  3.38847149e+09  2.02980465e+12  1.10269739e+10
 8.24800000e+02  1.28865348e+17  4.75105695e+15  6.93843621e+10  3.85005346e+09  2.02980465e+12  1.10269739e+10
 8.24900000e+02  1.28267259e+17  5.31390683e+15  6.90623360e+10  4.30616294e+09  2.02980465e+12  1.10269739e+10
 8.25000000e+02  1.27671946e+17  5.87006354e+15  6.87418045e+10  4.75684857e+09  2.02980465e+12  1.10269739e+10
 8.25000000e+02  1.27671946e+17  5.87006354e+15  6.87418045e+10  4.75684857e+09  2.02980465e+12  1.10269739e+10
 8.25550000e+02  1.28424760e+17  8.86237821e+15  6.91471387e+10  7.18169247e+09  2.02980465e+12  1.10269739e+10
 8.26100000e+02  1.29158557e+17  1.17603088e+16  6.95422336e+10  9.53005157e+09  2.02980465e+12  1.10269739e+10
 8.26650000e+02  1.29873818e+17  1.45669497e+16  6.99273478e+10  1.18044333e+10  2.02980465e+12  1.10269739e+10
 8.27200000e+02  1.30571009e+17  1.72852899e+16  7.03027335e+10  1.40072601e+10  2.02980465e+12  1.10269739e+10
 8.27750000e+02  1.31250589e+17  1.99182176e+16  7.06686364e+10  1.61408721e+10  2.02980465e+12  1.10269739e+10
 8.28300000e+02  1.31913002e+17  2.24685227e+16  7.10252960e+10  1.82075304e+10  2.02980465e+12  1.10269739e+10
 8.28850000e+02  1.32558681e+17  2.49389012e+16  7.13729460e+10  2.02094195e+10  2.02980465e+12  1.10269739e+10
 8.29400000e+02  1.33188049e+17  2.73319577e+16  7.17118138e+10  2.21486501e+10  2.02980465e+12  1.10269739e+10
 8.29950000e+02  1.33801518e+17  2.96502089e+16  7.20421213e+10  2.40272618e+10  2.02980465e+12  1.10269739e+10
 8.30500000e+02  1.34399491e+17  3.18960867e+16  7.23640848e+10  2.58472252e+10  2.02980465e+12  1.10269739e+10
 8.31050000e+02  1.34982358e+17  3.40719411e+16  7.26779150e+10  2.76104447e+10  2.02980465e+12  1.10269739e+10
 8.31600000e+02  1.35550500e+17  3.61800431e+16  7.29838174e+10  2.93187604e+10  2.02980465e+12  1.10269739e+10
 8.32150000e+02  1.36104291e+17  3.82225872e+16  7.32819923e+10  3.09739508e+10  2.02980465e+12  1.10269739e+10
 8.32700000e+02  1.36644092e+17  4.02016943e+16  7.35726349e+10  3.25777346e+10  2.02980465e+12  1.10269739e+10
 8.33250000e+02  1.37170257e+17  4.21194142e+16  7.38559355e+10  3.41317728e+10  2.02980465e+12  1.10269739e+10
 8.33800000e+02  1.37683131e+17  4.39777279e+16  7.41320794e+10  3.56376708e+10  2.02980465e+12  1.10269739e+10
 8.34350000e+02  1.38183048e+17  4.57785502e+16  7.44012476e+10  3.70969803e+10  2.02980465e+12  1.10269739e+10
 8.34900000e+02  1.38670337e+17  4.75237320e+16  7.46636162e+10  3.85112009e+10  2.02980465e+12  1.10269739e+10
 8.35450000e+02  1.39145316e+17  4.92150620e+16  7.49193570e+10  3.98817825e+10  2.02980465e+12  1.10269739e+10
 8.36000000e+02  1.39608296e+17  5.08542697e+16  7.51686374e+10  4.12101264e+10  2.02980465e+12  1.10269739e+10
 8.36550000e+02  1.40059581e+17  5.24430267e+16  7.54116206e+10  4.24975871e+10  2.02980465e+12  1.10269739e+10
 8.37100000e+02  1.40499466e+17  5.39829491e+16  7.56484658e+10  4.37454744e+10  2.02980465e+12  1.10269739e+10
 8.37650000e+02  1.40928239e+17  5.54755990e+16  7.58793279e+10  4.49550541e+10  2.02980465e+12  1.10269739e+10
 8.38200000e+02  1.41346180e+17  5.69224871e+16  7.61043581e+10  4.61275503e+10  2.02980465e+12  1.10269739e+10
 8.38750000e+02  1.41753564e+17  5.83250734e+16  7.63237037e+10  4.72641463e+10  2.02980465e+12  1.10269739e+10
 8.39300000e+02  1.42150656e+17  5.96847701e+16  7.65375083e+10  4.83659864e+10  2.02980465e+12  1.10269739e+10
 8.39850000e+02  1.42537718e+17  6.10029423e+16  7.67459119e+10  4.94341768e+10  2.02980465e+12  1.10269739e+10
 8.40400000e+02  1.42915001e+17  6.22809101e+16  7.69490510e+10  5.04697873e+10  2.02980465e+12  1.10269739e+10
 8.40950000e+02  1.43282754e+17  6.35199499e+16  7.71470584e+10  5.14738522e+10  2.02980465e+12  1.10269739e+10
 8.41500000e+02  1.43641217e+17  6.47212962e+16  7.73400639e+10  5.24473719e+10  2.02980465e+12  1.10269739e+10
 8.42050000e+02  1.43990625e+17  6.58861427e+16  7.75281938e+10  5.33913136e+10  2.02980465e+12  1.10269739e+10
 8.42600000e+02  1.44331206e+17  6.70156437e+16  7.77115713e+10  5.43066130e+10  2.02980465e+12  1.10269739e+10
 8.43150000e+02  1.44663184e+17  6.81109159e+16  7.78903164e+10  5.51941747e+10  2.02980465e+12  1.10269739e+10
 8.43700000e+02  1.44986775e+17  6.91730390e+16  7.80645462e+10  5.60548739e+10  2.02980465e+12  1.10269739e+10
 8.44250000e+02  1.45302192e+17  7.02030575e+16  7.82343747e+10  5.68895569e+10  2.02980465e+12  1.10269739e+10
 8.44800000e+02  1.45609641e+17  7.12019816e+16  7.83999130e+10  5.76990423e+10  2.02980465e+12  1.10269739e+10
 8.45350000e+02  1.45909323e+17  7.21707886e+16  7.85612696e+10  5.84841220e+10  2.02980465e+12  1.10269739e+10
 8.45900000e+02  1.46201435e+17  7.31104236e+16  7.87185502e+10  5.92455621e+10  2.02980465e+12  1.10269739e+10
 8.46450000e+02  1.46486168e+17  7.40218011e+16  7.88718576e+10  5.99841035e+10  2.02980465e+12  1.10269739e+10
 8.47000000e+02  1.46763708e+17  7.49058058e+16  7.90212922e+10  6.07004630e+10  2.02980465e+12  1.10269739e+10
 8.47000000e+02  1.46763708e+17  7.49058058e+16  7.90212922e+10  6.07004630e+10  2.02980465e+12  1.10269739e+10
 8.47100000e+02  1.46082550e+17  7.50619630e+16  7.86545393e+10  6.08270062e+10  2.02980465e+12  1.10269739e+10
 8.47200000e+02  1.45404553e+17  7.52138803e+16  7.82894886e+10  6.09501135e+10  2.02980465e+12  1.10269739e+10
 8.47300000e+02  1.44729703e+17  7.53616020e+16  7.79261321e+10  6.10698209e+10  2.02980465e+12  1.10269739e+10
 8.47400000e+02  1.44057985e+17  7.55051719e+16  7.75644621e+10  6.11861638e+10  2.02980465e+12  1.10269739e+10
 8.47500000e+02  1.43389384e+17  7.56446335e+16  7.72044706e+10  6.12991774e+10  2.02980465e+12  1.10269739e+10
 8.47600000e+02  1.42723887e+17  7.57800297e+16  7.68461500e+10  6.14088968e+10  2.02980465e+12  1.10269739e+10
 8.47700000e+02  1.42061478e+17  7.59114034e+16  7.64894923e+10  6.15153564e+10  2.02980465e+12  1.10269739e+10
 8.47800000e+02  1.41402143e+17  7.60387968e+16  7.61344900e+10  6.16185906e+10  2.02980465e+12  1.10269739e+10
 8.47900000e+02  1.40745869e+17  7.61622521e+16  7.57811353e+10  6.17186334e+10  2.02980465e+12  1.10269739e+10
 8.48000000e+02  1.40092641e+17  7.62818107e+16  7.54294206e+10  6.18155186e+10  2.02980465e+12  1.10269739e+10
 8.48000000e+02  1.40092641e+17  7.62818107e+16  7.54294206e+10  6.18155186e+10  2.09242257e+12  1.10247686e+10
 8.48100000e+02  1.39442444e+17  7.63975140e+16  7.50793383e+10  6.19092796e+10  2.09242257e+12  1.10247686e+10
 8.48200000e+02  1.38795265e+17  7.65094029e+16  7.47308807e+10  6.19999496e+10  2.09242257e+12  1.10247686e+10
 8.48300000e+02  1.38151090e+17  7.66175179e+16  7.43840405e+10  6.20875614e+10  2.09242257e+12  1.10247686e+10
 8.48400000e+02  1.37509904e+17  7.67218994e+16  7.40388100e+10  6.21721477e+10  2.09242257e+12  1.10247686e+10
 8.48500000e+02  1.36871694e+17  7.68225871e+16  7.36951817e+10  6.22537407e+10  2.09242257e+12  1.10247686e+10
 8.48600000e+02  1.36236447e+17  7.69196206e+16  7.33531483e+10  6.23323725e+10  2.09242257e+12  1.10247686e+10
 8.48700000e+02  1.35604148e+17  7.70130391e+16  7.30127024e+10  6.24080749e+10  2.09242257e+12  1.10247686e+10
 8.48800000e+02  1.34974783e+17  7.71028815e+16  7.26738365e+10  6.24808793e+10  2.09242257e+12  1.10247686e+10
 8.48900000e+02  1.34348339e+17  7.71891862e+16  7.23365434e+10  6.25508169e+10  2.09242257e+12  1.10247686e+10
 8.49000000e+02  1.33724803e+17  7.72719915e+16  7.20008157e+10  6.26179188e+10  2.09242257e+12  1.10247686e+10
 8.49000000e+02  1.33724803e+17  0.00000000e+00  7.20008157e+10  0.00000000e+00  2.09242257e+12  1.10247686e+10
 8.49100000e+02  1.33104161e+17  6.18472989e+14  7.16666461e+10  5.01184073e+08  2.09242257e+12  1.10247686e+10
 8.49200000e+02  1.32486399e+17  1.22976042e+15  7.13340276e+10  9.96545278e+08  2.09242257e+12  1.10247686e+10
 8.49300000e+02  1.31871504e+17  1.83392575e+15  7.10029527e+10  1.48613504e+09  2.09242257e+12  1.10247686e+10
 8.49400000e+02  1.31259463e+17  2.43103193e+15  7.06734145e+10  1.97000436e+09  2.09242257e+12  1.10247686e+10
 8.49500000e+02  1.30650263e+17  3.02114141e+15  7.03454057e+10  2.44820386e+09  2.09242257e+12  1.10247686e+10
 8.49600000e+02  1.30043890e+17  3.60431615e+15  7.00189193e+10  2.92078374e+09  2.09242257e+12  1.10247686e+10
 8.49700000e+02  1.29440332e+17  4.18061760e+15  6.96939481e+10  3.38779380e+09  2.09242257e+12  1.10247686e+10
 8.49800000e+02  1.28839575e+17  4.75010674e+15  6.93704852e+10  3.84928345e+09  2.09242257e+12  1.10247686e+10
 8.49900000e+02  1.28241605e+17  5.31284405e+15  6.90485235e+10  4.30530171e+09  2.09242257e+12  1.10247686e+10
 8.50000000e+02  1.27646412e+17  5.86888953e+15  6.87280562e+10  4.75589720e+09  2.09242257e+12  1.10247686e+10
 8.50000000e+02  1.27646412e+17  5.86888953e+15  6.87280562e+10  4.75589720e+09  2.09242257e+12  1.10247686e+10
 8.50550000e+02  1.28399075e+17  8.86060574e+15  6.91333093e+10  7.18025613e+09  2.09242257e+12  1.10247686e+10
 8.51100000e+02  1.29132726e+17  1.17579568e+16  6.95283251e+10  9.52814556e+09  2.09242257e+12  1.10247686e+10
 8.51650000e+02  1.29847843e+17  1.45640363e+16  6.99133623e+10  1.18020724e+10  2.09242257e+12  1.10247686e+10
 8.52200000e+02  1.30544895e+17  1.72818329e+16  7.02886729e+10  1.40044586e+10  2.09242257e+12  1.10247686e+10
 8.52750000e+02  1.31224339e+17  1.99142339e+16  7.06545026e+10  1.61376439e+10  2.09242257e+12  1.10247686e+10
 8.53300000e+02  1.31886619e+17  2.24640290e+16  7.10110910e+10  1.82038889e+10  2.09242257e+12  1.10247686e+10
 8.53850000e+02  1.32532169e+17  2.49339134e+16  7.13586714e+10  2.02053776e+10  2.09242257e+12  1.10247686e+10
 8.54400000e+02  1.33161411e+17  2.73264913e+16  7.16974714e+10  2.21442204e+10  2.09242257e+12  1.10247686e+10
 8.54950000e+02  1.33774758e+17  2.96442788e+16  7.20277129e+10  2.40224564e+10  2.09242257e+12  1.10247686e+10
 8.55500000e+02  1.34372611e+17  3.18897075e+16  7.23496120e+10  2.58420558e+10  2.09242257e+12  1.10247686e+10
 8.56050000e+02  1.34955361e+17  3.40651268e+16  7.26633794e+10  2.76049226e+10  2.09242257e+12  1.10247686e+10
 8.56600000e+02  1.35523390e+17  3.61728071e+16  7.29692207e+10  2.93128966e+10  2.09242257e+12  1.10247686e+10
 8.57150000e+02  1.36077070e+17  3.82149427e+16  7.32673359e+10  3.09677560e+10  2.09242257e+12  1.10247686e+10
 8.57700000e+02  1.36616763e+17  4.01936540e+16  7.35579204e+10  3.25712191e+10  2.09242257e+12  1.10247686e+10
 8.58250000e+02  1.37142823e+17  4.21109903e+16  7.38411643e+10  3.41249465e+10  2.09242257e+12  1.10247686e+10
 8.58800000e+02  1.37655594e+17  4.39689324e+16  7.41172530e+10  3.56305433e+10  2.09242257e+12  1.10247686e+10
 8.59350000e+02  1.38155411e+17  4.57693945e+16  7.43863673e+10  3.70895609e+10  2.09242257e+12  1.10247686e+10
 8.59900000e+02  1.38642603e+17  4.75142272e+16  7.46486835e+10  3.85034987e+10  2.09242257e+12  1.10247686e+10
 8.60450000e+02  1.39117487e+17  4.92052190e+16  7.49043731e+10  3.98738061e+10  2.09242257e+12  1.10247686e+10
 8.61000000e+02  1.39580375e+17  5.08440989e+16  7.51536037e+10  4.12018843e+10  2.09242257e+12  1.10247686e+10
 8.61550000e+02  1.40031569e+17  5.24325381e+16  7.53965383e+10  4.24890876e+10  2.09242257e+12  1.10247686e+10
 8.62100000e+02  1.40471366e+17  5.39721525e+16  7.56333361e+10  4.37367253e+10  2.09242257e+12  1.10247686e+10
 8.62650000e+02  1.40900053e+17  5.54645039e+16  7.58641520e+10  4.49460631e+10  2.09242257e+12  1.10247686e+10
 8.63200000e+02  1.41317911e+17  5.69111026e+16  7.60891372e+10  4.61183248e+10  2.09242257e+12  1.10247686e+10
 8.63750000e+02  1.41725213e+17  5.83134084e+16  7.63084389e+10  4.72546935e+10  2.09242257e+12  1.10247686e+10
 8.64300000e+02  1.42122226e+17  5.96728332e+16  7.65222008e+10  4.83563132e+10  2.09242257e+12  1.10247686e+10
 8.64850000e+02  1.42509210e+17  6.09907417e+16  7.67305627e+10  4.94242900e+10  2.09242257e+12  1.10247686e+10
 8.65400000e+02  1.42886418e+17  6.22684539e+16  7.69336611e+10  5.04596933e+10  2.09242257e+12  1.10247686e+10
 8.65950000e+02  1.43254098e+17  6.35072459e+16  7.71316290e+10  5.14635574e+10  2.09242257e+12  1.10247686e+10
 8.66500000e+02  1.43612489e+17  6.47083519e+16  7.73245959e+10  5.24368824e+10  2.09242257e+12  1.10247686e+10
 8.67050000e+02  1.43961827e+17  6.58729654e+16  7.75126882e+10  5.33806354e+10  2.09242257e+12  1.10247686e+10
 8.67600000e+02  1.44302340e+17  6.70022406e+16  7.76960290e+10  5.42957517e+10  2.09242257e+12  1.10247686e+10
 8.68150000e+02  1.44634251e+17  6.80972937e+16  7.78747384e+10  5.51831359e+10  2.09242257e+12  1.10247686e+10
 8.68700000e+02  1.44957777e+17  6.91592044e+16  7.80489333e+10  5.60436629e+10  2.09242257e+12  1.10247686e+10
 8.69250000e+02  1.45273131e+17  7.01890169e+16  7.82187278e+10  5.68781790e+10  2.09242257e+12  1.10247686e+10
 8.69800000e+02  1.45580519e+17  7.11877412e+16  7.83842330e+10  5.76875025e+10  2.09242257e+12  1.10247686e+10
 8.70350000e+02  1.45880141e+17  7.21563544e+16  7.85455574e+10  5.84724252e+10  2.09242257e+12  1.10247686e+10
 8.70900000e+02  1.46172195e+17  7.30958015e+16  7.87028065e+10  5.92337130e+10  2.09242257e+12  1.10247686e+10
 8.71450000e+02  1.46456871e+17  7.40069968e+16  7.88560832e+10  5.99721067e+10  2.09242257e+12  1.10247686e+10
 8.72000000e+02  1.46734356e+17  7.48908246e+16  7.90054879e+10  6.06883230e+10  2.09242257e+12  1.10247686e+10
 8.72000000e+02  1.46734356e+17  7.48908246e+16  7.90054879e+10  6.06883230e+10  2.09242257e+12  1.10247686e+10
 8.72100000e+02  1.46053334e+17  7.50469506e+16  7.86388084e+10  6.08148408e+10  2.09242257e+12  1.10247686e+10
 8.72200000e+02  1.45375472e+17  7.51988376e+16  7.82738307e+10  6.09379235e+10  2.09242257e+12  1.10247686e+10
 8.72300000e+02  1.44700757e+17  7.53465297e+16  7.79105469e+10  6.10576069e+10  2.09242257e+12  1.10247686e+10
 8.72400000e+02  1.44029173e+17  7.54900709e+16  7.75489492e+10  6.11739265e+10  2.09242257e+12  1.10247686e+10
 8.72500000e+02  1.43360706e+17  7.56295045e+16  7.71890297e+10  6.12869176e+10  2.09242257e+12  1.10247686e+10
 8.72600000e+02  1.42695342e+17  7.57648737e+16  7.68307807e+10  6.13966150e+10  2.09242257e+12  1.10247686e+10
 8.72700000e+02  1.42033066e+17  7.58962211e+16  7.64741944e+10  6.15030533e+10  2.09242257e+12  1.10247686e+10
 8.72800000e+02  1.41373863e+17  7.60235891e+16  7.61192631e+10  6.16062669e+10  2.09242257e+12  1.10247686e+10
 8.72900000e+02  1.40717720e+17  7.61470196e+16  7.57659791e+10  6.17062897e+10  2.09242257e+12  1.10247686e+10
 8.73000000e+02  1.40064622e+17  7.62665543e+16  7.54143347e+10  6.18031555e+10  2.09242257e+12  1.10247686e+10
 8.73000000e+02  1.40064622e+17  7.62665543e+16  7.54143347e+10  6.18031555e+10  2.15502797e+12  1.10225636e+10
 8.73100000e+02  1.39414556e+17  7.63822345e+16  7.50643224e+10  6.18968978e+10  2.15502797e+12  1.10225636e+10
 8.73200000e+02  1.38767506e+17  7.64941010e+16  7.47159346e+10  6.19875496e+10  2.15502797e+12  1.10225636e+10
 8.73300000e+02  1.38123460e+17  7.66021944e+16  7.43691637e+10  6.20751439e+10  2.15502797e+12  1.10225636e+10
 8.73400000e+02  1.37482402e+17  7.67065550e+16  7.40240022e+10  6.21597133e+10  2.15502797e+12  1.10225636e+10
 8.73500000e+02  1.36844320e+17  7.68072226e+16  7.36804427e+10  6.22412900e+10  2.15502797e+12  1.10225636e+10
 8.73600000e+02  1.36209200e+17  7.69042367e+16  7.33384777e+10  6.23199060e+10  2.15502797e+12  1.10225636e+10
 8.73700000e+02  1.35577027e+17  7.69976365e+16  7.29980998e+10  6.23955933e+10  2.15502797e+12  1.10225636e+10
 8.73800000e+02  1.34947788e+17  7.70874609e+16  7.26593017e+10  6.24683831e+10  2.15502797e+12  1.10225636e+10
 8.73900000e+02  1.34321469e+17  7.71737484e+16  7.23220760e+10  6.25383068e+10  2.15502797e+12  1.10225636e+10
 8.74000000e+02  1.33698058e+17  7.72565371e+16  7.19864155e+10  6.26053952e+10  2.15502797e+12  1.10225636e+10
 8.74000000e+02  1.33698058e+17  0.00000000e+00  7.19864155e+10  0.00000000e+00  2.15502797e+12  1.10225636e+10
 8.74100000e+02  1.33077540e+17  6.18349295e+14  7.16523128e+10  5.01083836e+08  2.15502797e+12  1.10225636e+10
 8.74200000e+02  1.32459901e+17  1.22951447e+15  7.13197608e+10  9.96345969e+08  2.15502797e+12  1.10225636e+10
 8.74300000e+02  1.31845130e+17  1.83355897e+15  7.09887522e+10  1.48583781e+09  2.15502797e+12  1.10225636e+10
 8.74400000e+02  1.31233211e+17  2.43054572e+15  7.06592798e+10  1.96961036e+09  2.15502797e+12  1.10225636e+10
 8.74500000e+02  1.30624133e+17  3.02053718e+15  7.03313366e+10  2.44771422e+09  2.15502797e+12  1.10225636e+10
 8.74600000e+02  1.30017881e+17  3.60359528e+15  7.00049155e+10  2.92019958e+09  2.15502797e+12  1.10225636e+10
 8.74700000e+02  1.29414444e+17  4.17978148e+15  6.96800093e+10  3.38711624e+09  2.15502797e+12  1.10225636e+10
 8.74800000e+02  1.28813807e+17  4.74915672e+15  6.93566111e+10  3.84851359e+09  2.15502797e+12  1.10225636e+10
 8.74900000e+02  1.28215957e+17  5.31178148e+15  6.90347138e+10  4.30444065e+09  2.15502797e+12  1.10225636e+10
 8.75000000e+02  1.27620882e+17  5.86771575e+15  6.87143106e+10  4.75494602e+09  2.15502797e+12  1.10225636e+10
 8.75000000e+02  1.27620882e+17  5.86771575e+15  6.87143106e+10  4.75494602e+09  2.15502797e+12  1.10225636e+10
 8.75550000e+02  1.28373395e+17  8.85883362e+15  6.91194826e+10  7.17882008e+09  2.15502797e+12  1.10225636e+10
 8.76100000e+02  1.29106899e+17  1.17556052e+16  6.95144195e+10  9.52623993e+09  2.15502797e+12  1.10225636e+10
 8.76650000e+02  1.29821873e+17  1.45611235e+16  6.98993796e+10  1.17997120e+10  2.15502797e+12  1.10225636e+10
 8.77200000e+02  1.30518786e+17  1.72783765e+16  7.02746152e+10  1.40016577e+10  2.15502797e+12  1.10225636e+10
 8.77750000e+02  1.31198094e+17  1.99102511e+16  7.06403717e+10  1.61344164e+10  2.15502797e+12  1.10225636e+10
 8.78300000e+02  1.31860242e+17  2.24595362e+16  7.09968887e+10  1.82002481e+10  2.15502797e+12  1.10225636e+10
 8.78850000e+02  1.32505662e+17  2.49289266e+16  7.13443996e+10  2.02013365e+10  2.15502797e+12  1.10225636e+10
 8.79400000e+02  1.33134779e+17  2.73210260e+16  7.16831319e+10  2.21397916e+10  2.15502797e+12  1.10225636e+10
 8.79950000e+02  1.33748003e+17  2.96383500e+16  7.20133073e+10  2.40176519e+10  2.15502797e+12  1.10225636e+10
 8.80500000e+02  1.34345736e+17  3.18833295e+16  7.23351420e+10  2.58368874e+10  2.15502797e+12  1.10225636e+10
 8.81050000e+02  1.34928370e+17  3.40583137e+16  7.26488467e+10  2.75994016e+10  2.15502797e+12  1.10225636e+10
 8.81600000e+02  1.35496286e+17  3.61655726e+16  7.29546268e+10  2.93070341e+10  2.15502797e+12  1.10225636e+10
 8.82150000e+02  1.36049855e+17  3.82072997e+16  7.32526825e+10  3.09615625e+10  2.15502797e+12  1.10225636e+10
 8.82700000e+02  1.36589440e+17  4.01856153e+16  7.35432088e+10  3.25647048e+10  2.15502797e+12  1.10225636e+10
 8.83250000e+02  1.37115395e+17  4.21025681e+16  7.38263960e+10  3.41181215e+10  2.15502797e+12  1.10225636e+10
 8.83800000e+02  1.37628063e+17  4.39601386e+16  7.41024295e+10  3.56234172e+10  2.15502797e+12  1.10225636e+10
 8.84350000e+02  1.38127780e+17  4.57602407e+16  7.43714901e+10  3.70821429e+10  2.15502797e+12  1.10225636e+10
 8.84900000e+02  1.38614874e+17  4.75047244e+16  7.46337537e+10  3.84957980e+10  2.15502797e+12  1.10225636e+10
 8.85450000e+02  1.39089663e+17  4.91953780e+16  7.48893922e+10  3.98658314e+10  2.15502797e+12  1.10225636e+10
 8.86000000e+02  1.39552459e+17  5.08339301e+16  7.51385730e+10  4.11936440e+10  2.15502797e+12  1.10225636e+10
 8.86550000e+02  1.40003563e+17  5.24220516e+16  7.53814590e+10  4.24805898e+10  2.15502797e+12  1.10225636e+10
 8.87100000e+02  1.40443272e+17  5.39613581e+16  7.56182094e+10  4.37279779e+10  2.15502797e+12  1.10225636e+10
 8.87650000e+02  1.40871873e+17  5.54534110e+16  7.58489792e+10  4.49370739e+10  2.15502797e+12  1.10225636e+10
 8.88200000e+02  1.41289648e+17  5.68997203e+16  7.60739194e+10  4.61091011e+10  2.15502797e+12  1.10225636e+10
 8.88750000e+02  1.41696868e+17  5.83017457e+16  7.62931772e+10  4.72452426e+10  2.15502797e+12  1.10225636e+10
 8.89300000e+02  1.42093802e+17  5.96608986e+16  7.65068964e+10  4.83466420e+10  2.15502797e+12  1.10225636e+10
 8.89850000e+02  1.42480708e+17  6.09785436e+16  7.67152166e+10  4.94144051e+10  2.15502797e+12  1.10225636e+10
 8.90400000e+02  1.42857841e+17  6.22560002e+16  7.69182744e+10  5.04496014e+10  2.15502797e+12  1.10225636e+10
 8.90950000e+02  1.43225447e+17  6.34945445e+16  7.71162027e+10  5.14532647e+10  2.15502797e+12  1.10225636e+10
 8.91500000e+02  1.43583766e+17  6.46954103e+16  7.73091310e+10  5.24263950e+10  2.15502797e+12  1.10225636e+10
 8.92050000e+02  1.43933034e+17  6.58597908e+16  7.74971857e+10  5.33699592e+10  2.15502797e+12  1.10225636e+10
 8.92600000e+02  1.44273479e+17  6.69888401e+16  7.76804898e+10  5.42848925e+10  2.15502797e+12  1.10225636e+10
 8.93150000e+02  1.44605324e+17  6.80836742e+16  7.78591634e+10  5.51720993e+10  2.15502797e+12  1.10225636e+10
 8.93700000e+02  1.44928786e+17  6.91453725e+16  7.80333235e+10  5.60324542e+10  2.15502797e+12  1.10225636e+10
 8.94250000e+02  1.45244077e+17  7.01749791e+16  7.82030840e+10  5.68668033e+10  2.15502797e+12  1.10225636e+10
 8.94800000e+02  1.45551403e+17  7.11735037e+16  7.83685562e+10  5.76759650e+10  2.15502797e+12  1.10225636e+10
 8.95350000e+02  1.45850965e+17  7.21419231e+16  7.85298483e+10  5.84607307e+10  2.15502797e+12  1.10225636e+10
 8.95900000e+02  1.46142961e+17  7.30811824e+16  7.86870659e+10  5.92218662e+10  2.15502797e+12  1.10225636e+10
 8.96450000e+02  1.46427580e+17  7.39921954e+16  7.88403120e+10  5.99601122e+10  2.15502797e+12  1.10225636e+10
 8.97000000e+02  1.46705009e+17  7.48758464e+16  7.89896868e+10  6.06761853e+10  2.15502797e+12  1.10225636e+10
 8.97000000e+02  1.46705009e+17  7.48758464e+16  7.89896868e+10  6.06761853e+10  2.15502797e+12  1.10225636e+10
 8.97100000e+02  1.46024123e+17  7.50319412e+16  7.86230806e+10  6.08026778e+10  2.15502797e+12  1.10225636e+10
 8.97200000e+02  1.45346397e+17  7.51837978e+16  7.82581759e+10  6.09257359e+10  2.15502797e+12  1.10225636e+10
 8.97300000e+02  1.44671817e+17  7.53314604e+16  7.78949648e+10  6.10453954e+10  2.15502797e+12  1.10225636e+10
 8.97400000e+02  1.44000367e+17  7.54749729e+16  7.75334394e+10  6.11616918e+10  2.15502797e+12  1.10225636e+10
 8.97500000e+02  1.43332034e+17  7.56143786e+16  7.71735919e+10  6.12746602e+10  2.15502797e+12  1.10225636e+10
 8.97600000e+02  1.42666803e+17  7.57497207e+16  7.68154146e+10  6.13843357e+10  2.15502797e+12  1.10225636e+10
 8.97700000e+02  1.42004659e+17  7.58810418e+16  7.64588996e+10  6.14907527e+10  2.15502797e+12  1.10225636e+10
 8.97800000e+02  1.41345588e+17  7.60083844e+16  7.61040392e+10  6.15939456e+10  2.15502797e+12  1.10225636e+10
 8.97900000e+02  1.40689576e+17  7.61317902e+16  7.57508259e+10  6.16939484e+10  2.15502797e+12  1.10225636e+10
 8.98000000e+02  1.40036609e+17  7.62513010e+16  7.53992519e+10  6.17907949e+10  2.15502797e+12  1.10225636e+10
 8.98000000e+02  1.40036609e+17  7.62513010e+16  7.53992519e+10  6.17907949e+10  2.21762084e+12  1.10203591e+10
 8.98100000e+02  1.39386673e+17  7.63669580e+16  7.50493095e+10  6.18845184e+10  2.21762084e+12  1.10203591e+10
 8.98200000e+02  1.38739752e+17  7.64788022e+16  7.47009914e+10  6.19751521e+10  2.21762084e+12  1.10203591e+10
 8.98300000e+02  1.38095835e+17  7.65868740e+16  7.43542898e+10  6.20627289e+10  2.21762084e+12  1.10203591e+10
 8.98400000e+02  1.37454906e+17  7.66912137e+16  7.40091974e+10  6.21472813e+10  2.21762084e+12  1.10203591e+10
 8.98500000e+02  1.36816951e+17  7.67918611e+16  7.36657066e+10  6.22288417e+10  2.21762084e+12  1.10203591e+10
 8.98600000e+02  1.36181958e+17  7.68888558e+16  7.33238100e+10  6.23074421e+10  2.21762084e+12  1.10203591e+10
 8.98700000e+02  1.35549911e+17  7.69822370e+16  7.29835002e+10  6.23831141e+10  2.21762084e+12  1.10203591e+10
 8.98800000e+02  1.34920798e+17  7.70720434e+16  7.26447699e+10  6.24558894e+10  2.21762084e+12  1.10203591e+10
 8.98900000e+02  1.34294605e+17  7.71583136e+16  7.23076116e+10  6.25257991e+10  2.21762084e+12  1.10203591e+10
 8.99000000e+02  1.33671318e+17  7.72410858e+16  7.19720182e+10  6.25928742e+10  2.21762084e+12  1.10203591e+10
 8.99000000e+02  1.33671318e+17  0.00000000e+00  7.19720182e+10  0.00000000e+00  2.21762084e+12  1.10203591e+10
 8.99100000e+02  1.33050924e+17  6.18225625e+14  7.16379824e+10  5.00983620e+08  2.21762084e+12  1.10203591e+10
 8.99200000e+02  1.32433409e+17  1.22926857e+15  7.13054968e+10  9.96146699e+08  2.21762084e+12  1.10203591e+10
 8.99300000e+02  1.31818761e+17  1.83319225e+15  7.09745544e+10  1.48554064e+09  2.21762084e+12  1.10203591e+10
 8.99400000e+02  1.31206965e+17  2.43005962e+15  7.06451480e+10  1.96921644e+09  2.21762084e+12  1.10203591e+10
 8.99500000e+02  1.30598008e+17  3.01993308e+15  7.03172703e+10  2.44722467e+09  2.21762084e+12  1.10203591e+10
 8.99600000e+02  1.29991878e+17  3.60287457e+15  6.99909145e+10  2.91961554e+09  2.21762084e+12  1.10203591e+10
 8.99700000e+02  1.29388561e+17  4.17894552e+15  6.96660733e+10  3.38643881e+09  2.21762084e+12  1.10203591e+10
 8.99800000e+02  1.28788044e+17  4.74820688e+15  6.93427398e+10  3.84774389e+09  2.21762084e+12  1.10203591e+10
 8.99900000e+02  1.28190314e+17  5.31071912e+15  6.90209069e+10  4.30357976e+09  2.21762084e+12  1.10203591e+10
 9.00000000e+02  1.27595358e+17  5.86654221e+15  6.87005677e+10  4.75399503e+09  2.21762084e+12  1.10203591e+10
 9.00000000e+02  1.27595358e+17  5.86654221e+15  6.87005677e+10  4.75399503e+09  2.21762084e+12  1.10203591e+10
 9.00550000e+02  1.28347721e+17  8.85706185e+15  6.91056587e+10  7.17738432e+09  2.21762084e+12  1.10203591e+10
 9.01100000e+02  1.29081078e+17  1.17532541e+16  6.95005166e+10  9.52433469e+09  2.21762084e+12  1.10203591e+10
 9.01650000e+02  1.29795909e+17  1.45582112e+16  6.98853998e+10  1.17973521e+10  2.21762084e+12  1.10203591e+10
 9.02200000e+02  1.30492682e+17  1.72749208e+16  7.02605603e+10  1.39988574e+10  2.21762084e+12  1.10203591e+10
 9.02750000e+02  1.31171854e+17  1.99062690e+16  7.06262437e+10  1.61311895e+10  2.21762084e+12  1.10203591e+10
 9.03300000e+02  1.31833870e+17  2.24550443e+16  7.09826894e+10  1.81966080e+10  2.21762084e+12  1.10203591e+10
 9.03850000e+02  1.32479161e+17  2.49239409e+16  7.13301308e+10  2.01972963e+10  2.21762084e+12  1.10203591e+10
 9.04400000e+02  1.33108152e+17  2.73155618e+16  7.16687953e+10  2.21353636e+10  2.21762084e+12  1.10203591e+10
 9.04950000e+02  1.33721254e+17  2.96324223e+16  7.19989047e+10  2.40128483e+10  2.21762084e+12  1.10203591e+10
 9.05500000e+02  1.34318867e+17  3.18769529e+16  7.23206750e+10  2.58317200e+10  2.21762084e+12  1.10203591e+10
 9.06050000e+02  1.34901384e+17  3.40515021e+16  7.26343170e+10  2.75938817e+10  2.21762084e+12  1.10203591e+10
 9.06600000e+02  1.35469186e+17  3.61583395e+16  7.29400359e+10  2.93011727e+10  2.21762084e+12  1.10203591e+10
 9.07150000e+02  1.36022645e+17  3.81996583e+16  7.32380319e+10  3.09553702e+10  2.21762084e+12  1.10203591e+10
 9.07700000e+02  1.36562122e+17  4.01775782e+16  7.35285002e+10  3.25581919e+10  2.21762084e+12  1.10203591e+10
 9.08250000e+02  1.37087972e+17  4.20941476e+16  7.38116308e+10  3.41112979e+10  2.21762084e+12  1.10203591e+10
 9.08800000e+02  1.37600537e+17  4.39513466e+16  7.40876091e+10  3.56162925e+10  2.21762084e+12  1.10203591e+10
 9.09350000e+02  1.38100155e+17  4.57510886e+16  7.43566158e+10  3.70747265e+10  2.21762084e+12  1.10203591e+10
 9.09900000e+02  1.38587151e+17  4.74952234e+16  7.46188270e+10  3.84880988e+10  2.21762084e+12  1.10203591e+10
 9.10450000e+02  1.39061845e+17  4.91855389e+16  7.48744144e+10  3.98578582e+10  2.21762084e+12  1.10203591e+10
 9.11000000e+02  1.39524548e+17  5.08237633e+16  7.51235452e+10  4.11854052e+10  2.21762084e+12  1.10203591e+10
 9.11550000e+02  1.39975562e+17  5.24115672e+16  7.53663827e+10  4.24720937e+10  2.21762084e+12  1.10203591e+10
 9.12100000e+02  1.40415183e+17  5.39505658e+16  7.56030858e+10  4.37192323e+10  2.21762084e+12  1.10203591e+10
 9.12650000e+02  1.40843699e+17  5.54423203e+16  7.58338094e+10  4.49280864e+10  2.21762084e+12  1.10203591e+10
 9.13200000e+02  1.41261390e+17  5.68883404e+16  7.60587046e+10  4.60998793e+10  2.21762084e+12  1.10203591e+10
 9.13750000e+02  1.41668529e+17  5.82900854e+16  7.62779186e+10  4.72357935e+10  2.21762084e+12  1.10203591e+10
 9.14300000e+02  1.42065383e+17  5.96489664e+16  7.64915950e+10  4.83369726e+10  2.21762084e+12  1.10203591e+10
 9.14850000e+02  1.42452212e+17  6.09663479e+16  7.66998736e+10  4.94045222e+10  2.21762084e+12  1.10203591e+10
 9.15400000e+02  1.42829269e+17  6.22435490e+16  7.69028908e+10  5.04395114e+10  2.21762084e+12  1.10203591e+10
 9.15950000e+02  1.43196802e+17  6.34818456e+16  7.71007794e+10  5.14429740e+10  2.21762084e+12  1.10203591e+10
 9.16500000e+02  1.43555050e+17  6.46824712e+16  7.72936692e+10  5.24159097e+10  2.21762084e+12  1.10203591e+10
 9.17050000e+02  1.43904248e+17  6.58466189e+16  7.74816862e+10  5.33592852e+10  2.21762084e+12  1.10203591e+10
 9.17600000e+02  1.44244625e+17  6.69754424e+16  7.76649537e+10  5.42740355e+10  2.21762084e+12  1.10203591e+10
 9.18150000e+02  1.44576403e+17  6.80700575e+16  7.78435916e+10  5.51610648e+10  2.21762084e+12  1.10203591e+10
 9.18700000e+02  1.44899800e+17  6.91315435e+16  7.80177168e+10  5.60212477e+10  2.21762084e+12  1.10203591e+10
 9.19250000e+02  1.45215028e+17  7.01609441e+16  7.81874434e+10  5.68554300e+10  2.21762084e+12  1.10203591e+10
 9.19800000e+02  1.45522293e+17  7.11592690e+16  7.83528825e+10  5.76644298e+10  2.21762084e+12  1.10203591e+10
 9.20350000e+02  1.45821795e+17  7.21274948e+16  7.85141423e+10  5.84490386e+10  2.21762084e+12  1.10203591e+10
 9.20900000e+02  1.46113732e+17  7.30665661e+16  7.86713285e+10  5.92100219e+10  2.21762084e+12  1.10203591e+10
 9.21450000e+02  1.46398294e+17  7.39773969e+16  7.88245439e+10  5.99481202e+10  2.21762084e+12  1.10203591e+10
 9.22000000e+02  1.46675668e+17  7.48608713e+16  7.89738889e+10  6.06640501e+10  2.21762084e+12  1.10203591e+10
 9.22000000e+02  1.46675668e+17  7.48608713e+16  7.89738889e+10  6.06640501e+10  2.21762084e+12  1.10203591e+10
 9.22100000e+02  1.45994918e+17  7.50169348e+16  7.86073560e+10  6.07905173e+10  2.21762084e+12  1.10203591e+10
 9.22200000e+02  1.45317328e+17  7.51687610e+16  7.82425243e+10  6.09135508e+10  2.21762084e+12  1.10203591e+10
 9.22300000e+02  1.44642882e+17  7.53163941e+16  7.78793858e+10  6.10331863e+10  2.21762084e+12  1.10203591e+10
 9.22400000e+02  1.43971567e+17  7.54598779e+16  7.75179327e+10  6.11494594e+10  2.21762084e+12  1.10203591e+10
 9.22500000e+02  1.43303368e+17  7.55992558e+16  7.71581572e+10  6.12624053e+10  2.21762084e+12  1.10203591e+10
 9.22600000e+02  1.42638269e+17  7.57345708e+16  7.68000515e+10  6.13720588e+10  2.21762084e+12  1.10203591e+10
 9.22700000e+02  1.41976258e+17  7.58658656e+16  7.64436078e+10  6.14784545e+10  2.21762084e+12  1.10203591e+10
 9.22800000e+02  1.41317319e+17  7.59931827e+16  7.60888184e+10  6.15816268e+10  2.21762084e+12  1.10203591e+10
 9.22900000e+02  1.40661438e+17  7.61165638e+16  7.57356757e+10  6.16816096e+10  2.21762084e+12  1.10203591e+10
 9.23000000e+02  1.40008602e+17  7.62360507e+16  7.53841720e+10  6.17784367e+10  2.21762084e+12  1.10203591e+10
 9.23000000e+02  1.40008602e+17  7.62360507e+16  7.53841720e+10  6.17784367e+10  2.28020120e+12  1.10181550e+10
 9.23100000e+02  1.39358795e+17  7.63516846e+16  7.50342997e+10  6.18721415e+10  2.28020120e+12  1.10181550e+10
 9.23200000e+02  1.38712005e+17  7.64635064e+16  7.46860512e+10  6.19627571e+10  2.28020120e+12  1.10181550e+10
 9.23300000e+02  1.38068216e+17  7.65715566e+16  7.43394190e+10  6.20503163e+10  2.28020120e+12  1.10181550e+10
 9.23400000e+02  1.37427415e+17  7.66758754e+16  7.39943956e+10  6.21348519e+10  2.28020120e+12  1.10181550e+10
 9.23500000e+02  1.36789588e+17  7.67765028e+16  7.36509735e+10  6.22163959e+10  2.28020120e+12  1.10181550e+10
 9.23600000e+02  1.36154721e+17  7.68734781e+16  7.33091452e+10  6.22949806e+10  2.28020120e+12  1.10181550e+10
 9.23700000e+02  1.35522801e+17  7.69668405e+16  7.29689035e+10  6.23706375e+10  2.28020120e+12  1.10181550e+10
 9.23800000e+02  1.34893814e+17  7.70566290e+16  7.26302409e+10  6.24433982e+10  2.28020120e+12  1.10181550e+10
 9.23900000e+02  1.34267746e+17  7.71428819e+16  7.22931501e+10  6.25132940e+10  2.28020120e+12  1.10181550e+10
 9.24000000e+02  1.33644584e+17  7.72256376e+16  7.19576238e+10  6.25803556e+10  2.28020120e+12  1.10181550e+10
 9.24000000e+02  1.33644584e+17  0.00000000e+00  7.19576238e+10  0.00000000e+00  2.28020120e+12  1.10181550e+10
 9.24100000e+02  1.33024314e+17  6.18101980e+14  7.16236548e+10  5.00883423e+08  2.28020120e+12  1.10181550e+10
 9.24200000e+02  1.32406923e+17  1.22902271e+15  7.12912357e+10  9.95947470e+08  2.28020120e+12  1.10181550e+10
 9.24300000e+02  1.31792397e+17  1.83282562e+15  7.09603595e+10  1.48524353e+09  2.28020120e+12  1.10181550e+10
 9.24400000e+02  1.31180723e+17  2.42957360e+15  7.06310189e+10  1.96882259e+09  2.28020120e+12  1.10181550e+10
 9.24500000e+02  1.30571889e+17  3.01932909e+15  7.03032069e+10  2.44673523e+09  2.28020120e+12  1.10181550e+10
 9.24600000e+02  1.29965880e+17  3.60215399e+15  6.99769163e+10  2.91903162e+09  2.28020120e+12  1.10181550e+10
 9.24700000e+02  1.29362683e+17  4.17810973e+15  6.96521401e+10  3.38576153e+09  2.28020120e+12  1.10181550e+10
 9.24800000e+02  1.28762286e+17  4.74725724e+15  6.93288712e+10  3.84697434e+09  2.28020120e+12  1.10181550e+10
 9.24900000e+02  1.28164676e+17  5.30965698e+15  6.90071027e+10  4.30271905e+09  2.28020120e+12  1.10181550e+10
 9.25000000e+02  1.27569839e+17  5.86536890e+15  6.86868276e+10  4.75304424e+09  2.28020120e+12  1.10181550e+10
 9.25000000e+02  1.27569839e+17  5.86536890e+15  6.86868276e+10  4.75304424e+09  2.28020120e+12  1.10181550e+10
 9.25550000e+02  1.28322051e+17  8.85529044e+15  6.90918376e+10  7.17594884e+09  2.28020120e+12  1.10181550e+10
 9.26100000e+02  1.29055261e+17  1.17509034e+16  6.94866165e+10  9.52242982e+09  2.28020120e+12  1.10181550e+10
 9.26650000e+02  1.29769950e+17  1.45552996e+16  6.98714227e+10  1.17949926e+10  2.28020120e+12  1.10181550e+10
 9.27200000e+02  1.30466584e+17  1.72714658e+16  7.02465081e+10  1.39960576e+10  2.28020120e+12  1.10181550e+10
 9.27750000e+02  1.31145620e+17  1.99022878e+16  7.06121184e+10  1.61279633e+10  2.28020120e+12  1.10181550e+10
 9.28300000e+02  1.31807503e+17  2.24505533e+16  7.09684928e+10  1.81929687e+10  2.28020120e+12  1.10181550e+10
 9.28850000e+02  1.32452665e+17  2.49189561e+16  7.13158647e+10  2.01932568e+10  2.28020120e+12  1.10181550e+10
 9.29400000e+02  1.33081530e+17  2.73100986e+16  7.16544615e+10  2.21309365e+10  2.28020120e+12  1.10181550e+10
 9.29950000e+02  1.33694509e+17  2.96264958e+16  7.19845049e+10  2.40080458e+10  2.28020120e+12  1.10181550e+10
 9.30500000e+02  1.34292004e+17  3.18705775e+16  7.23062109e+10  2.58265536e+10  2.28020120e+12  1.10181550e+10
 9.31050000e+02  1.34874404e+17  3.40446918e+16  7.26197901e+10  2.75883629e+10  2.28020120e+12  1.10181550e+10
 9.31600000e+02  1.35442093e+17  3.61511078e+16  7.29254479e+10  2.92953124e+10  2.28020120e+12  1.10181550e+10
 9.32150000e+02  1.35995440e+17  3.81920183e+16  7.32233843e+10  3.09491791e+10  2.28020120e+12  1.10181550e+10
 9.32700000e+02  1.36534810e+17  4.01695426e+16  7.35137945e+10  3.25516803e+10  2.28020120e+12  1.10181550e+10
 9.33250000e+02  1.37060554e+17  4.20857288e+16  7.37968684e+10  3.41044756e+10  2.28020120e+12  1.10181550e+10
 9.33800000e+02  1.37573017e+17  4.39425563e+16  7.40727915e+10  3.56091692e+10  2.28020120e+12  1.10181550e+10
 9.34350000e+02  1.38072535e+17  4.57419384e+16  7.43417444e+10  3.70673116e+10  2.28020120e+12  1.10181550e+10
 9.34900000e+02  1.38559434e+17  4.74857244e+16  7.46039032e+10  3.84804012e+10  2.28020120e+12  1.10181550e+10
 9.35450000e+02  1.39034033e+17  4.91757018e+16  7.48594395e+10  3.98498867e+10  2.28020120e+12  1.10181550e+10
 9.36000000e+02  1.39496643e+17  5.08135985e+16  7.51085205e+10  4.11771681e+10  2.28020120e+12  1.10181550e+10
 9.36550000e+02  1.39947567e+17  5.24010849e+16  7.53513094e+10  4.24635993e+10  2.28020120e+12  1.10181550e+10
 9.37100000e+02  1.40387100e+17  5.39397757e+16  7.55879652e+10  4.37104885e+10  2.28020120e+12  1.10181550e+10
 9.37650000e+02  1.40815530e+17  5.54312319e+16  7.58186426e+10  4.49191008e+10  2.28020120e+12  1.10181550e+10
 9.38200000e+02  1.41233137e+17  5.68769627e+16  7.60434928e+10  4.60906593e+10  2.28020120e+12  1.10181550e+10
 9.38750000e+02  1.41640195e+17  5.82784274e+16  7.62626630e+10  4.72263464e+10  2.28020120e+12  1.10181550e+10
 9.39300000e+02  1.42036970e+17  5.96370366e+16  7.64762967e+10  4.83273052e+10  2.28020120e+12  1.10181550e+10
 9.39850000e+02  1.42423722e+17  6.09541546e+16  7.66845336e+10  4.93946413e+10  2.28020120e+12  1.10181550e+10
 9.40400000e+02  1.42800704e+17  6.22311003e+16  7.68875102e+10  5.04294235e+10  2.28020120e+12  1.10181550e+10
 9.40950000e+02  1.43168162e+17  6.34691492e+16  7.70853593e+10  5.14326855e+10  2.28020120e+12  1.10181550e+10
 9.41500000e+02  1.43526339e+17  6.46695347e+16  7.72782104e+10  5.24054265e+10  2.28020120e+12  1.10181550e+10
 9.42050000e+02  1.43875467e+17  6.58334495e+16  7.74661899e+10  5.33486134e+10  2.28020120e+12  1.10181550e+10
 9.42600000e+02  1.44215776e+17  6.69620473e+16  7.76494207e+10  5.42631807e+10  2.28020120e+12  1.10181550e+10
 9.43150000e+02  1.44547488e+17  6.80564435e+16  7.78280229e+10  5.51500326e+10  2.28020120e+12  1.10181550e+10
 9.43700000e+02  1.44870820e+17  6.91177171e+16  7.80021133e+10  5.60100435e+10  2.28020120e+12  1.10181550e+10
 9.44250000e+02  1.45185985e+17  7.01469119e+16  7.81718059e+10  5.68440589e+10  2.28020120e+12  1.10181550e+10
 9.44800000e+02  1.45493188e+17  7.11450371e+16  7.83372119e+10  5.76528969e+10  2.28020120e+12  1.10181550e+10
 9.45350000e+02  1.45792631e+17  7.21130693e+16  7.84984395e+10  5.84373488e+10  2.28020120e+12  1.10181550e+10
 9.45900000e+02  1.46084509e+17  7.30519528e+16  7.86555942e+10  5.91981799e+10  2.28020120e+12  1.10181550e+10
 9.46450000e+02  1.46369015e+17  7.39626015e+16  7.88087790e+10  5.99361306e+10  2.28020120e+12  1.10181550e+10
 9.47000000e+02  1.46646333e+17  7.48458991e+16  7.89580941e+10  6.06519172e+10  2.28020120e+12  1.10181550e+10
 9.47000000e+02  1.46646333e+17  7.48458991e+16  7.89580941e+10  6.06519172e+10  2.28020120e+12  1.10181550e+10
 9.47100000e+02  1.45965719e+17  7.50019314e+16  7.85916345e+10  6.07783592e+10  2.28020120e+12  1.10181550e+10
 9.47200000e+02  1.45288264e+17  7.51537273e+16  7.82268758e+10  6.09013680e+10  2.28020120e+12  1.10181550e+10
 9.47300000e+02  1.44613954e+17  7.53013308e+16  7.78638099e+10  6.10209797e+10  2.28020120e+12  1.10181550e+10
 9.47400000e+02  1.43942773e+17  7.54447859e+16  7.75024291e+10  6.11372295e+10  2.28020120e+12  1.10181550e+10
 9.47500000e+02  1.43274707e+17  7.55841359e+16  7.71427256e+10  6.12501528e+10  2.28020120e+12  1.10181550e+10
 9.47600000e+02  1.42609742e+17  7.57194239e+16  7.67846915e+10  6.13597844e+10  2.28020120e+12  1.10181550e+10
 9.47700000e+02  1.41947863e+17  7.58506925e+16  7.64283191e+10  6.14661588e+10  2.28020120e+12  1.10181550e+10
 9.47800000e+02  1.41289056e+17  7.59779840e+16  7.60736007e+10  6.15693105e+10  2.28020120e+12  1.10181550e+10
 9.47900000e+02  1.40633306e+17  7.61013405e+16  7.57205286e+10  6.16692733e+10  2.28020120e+12  1.10181550e+10
 9.48000000e+02  1.39980600e+17  7.62208035e+16  7.53690952e+10  6.17660810e+10  2.28020120e+12  1.10181550e+10
 9.48000000e+02  1.39980600e+17  7.62208035e+16  7.53690952e+10  6.17660810e+10  2.34276904e+12  1.10159514e+10
 9.48100000e+02  1.39330924e+17  7.63364143e+16  7.50192928e+10  6.18597671e+10  2.34276904e+12  1.10159514e+10
 9.48200000e+02  1.38684262e+17  7.64482137e+16  7.46711140e+10  6.19503645e+10  2.34276904e+12  1.10159514e+10
 9.48300000e+02  1.38040602e+17  7.65562423e+16  7.43245511e+10  6.20379063e+10  2.34276904e+12  1.10159514e+10
 9.48400000e+02  1.37399929e+17  7.66605403e+16  7.39795967e+10  6.21224249e+10  2.34276904e+12  1.10159514e+10
 9.48500000e+02  1.36762230e+17  7.67611475e+16  7.36362433e+10  6.22039526e+10  2.34276904e+12  1.10159514e+10
 9.48600000e+02  1.36127490e+17  7.68581034e+16  7.32944834e+10  6.22825216e+10  2.34276904e+12  1.10159514e+10
 9.48700000e+02  1.35495697e+17  7.69514472e+16  7.29543097e+10  6.23581634e+10  2.34276904e+12  1.10159514e+10
 9.48800000e+02  1.34866835e+17  7.70412177e+16  7.26157149e+10  6.24309096e+10  2.34276904e+12  1.10159514e+10
 9.48900000e+02  1.34240893e+17  7.71274534e+16  7.22786915e+10  6.25007913e+10  2.34276904e+12  1.10159514e+10
 9.49000000e+02  1.33617855e+17  7.72101924e+16  7.19432323e+10  6.25678395e+10  2.34276904e+12  1.10159514e+10
 9.49000000e+02  1.33617855e+17  0.00000000e+00  7.19432323e+10  0.00000000e+00  2.34276904e+12  1.10159514e+10
 9.49100000e+02  1.32997709e+17  6.17978359e+14  7.16093300e+10  5.00783246e+08  2.34276904e+12  1.10159514e+10
 9.49200000e+02  1.32380441e+17  1.22877691e+15  7.12769775e+10  9.95748281e+08  2.34276904e+12  1.10159514e+10
 9.49300000e+02  1.31766039e+17  1.83245905e+15  7.09461674e+10  1.48494648e+09  2.34276904e+12  1.10159514e+10
 9.49400000e+02  1.31154487e+17  2.42908769e+15  7.06168927e+10  1.96842883e+09  2.34276904e+12  1.10159514e+10
 9.49500000e+02  1.30545774e+17  3.01872522e+15  7.02891463e+10  2.44624588e+09  2.34276904e+12  1.10159514e+10
 9.49600000e+02  1.29939886e+17  3.60143356e+15  6.99629209e+10  2.91844781e+09  2.34276904e+12  1.10159514e+10
 9.49700000e+02  1.29336811e+17  4.17727411e+15  6.96382097e+10  3.38508437e+09  2.34276904e+12  1.10159514e+10
 9.49800000e+02  1.28736534e+17  4.74630779e+15  6.93150054e+10  3.84620495e+09  2.34276904e+12  1.10159514e+10
 9.49900000e+02  1.28139043e+17  5.30859505e+15  6.89933013e+10  4.30185850e+09  2.34276904e+12  1.10159514e+10
 9.50000000e+02  1.27544325e+17  5.86419583e+15  6.86730902e+10  4.75209363e+09  2.34276904e+12  1.10159514e+10
 9.50000000e+02  1.27544325e+17  5.86419583e+15  6.86730902e+10  4.75209363e+09  2.34276904e+12  1.10159514e+10
 9.50550000e+02  1.28296387e+17  8.85351938e+15  6.90780192e+10  7.17451365e+09  2.34276904e+12  1.10159514e+10
 9.51100000e+02  1.29029450e+17  1.17485532e+16  6.94727192e+10  9.52052533e+09  2.34276904e+12  1.10159514e+10
 9.51650000e+02  1.29743996e+17  1.45523885e+16  6.98574484e+10  1.17926336e+10  2.34276904e+12  1.10159514e+10
 9.52200000e+02  1.30440490e+17  1.72680115e+16  7.02324588e+10  1.39932584e+10  2.34276904e+12  1.10159514e+10
 9.52750000e+02  1.31119391e+17  1.98983073e+16  7.05979960e+10  1.61247377e+10  2.34276904e+12  1.10159514e+10
 9.53300000e+02  1.31781141e+17  2.24460632e+16  7.09542991e+10  1.81893301e+10  2.34276904e+12  1.10159514e+10
 9.53850000e+02  1.32426175e+17  2.49139723e+16  7.13016016e+10  2.01892182e+10  2.34276904e+12  1.10159514e+10
 9.54400000e+02  1.33054914e+17  2.73046366e+16  7.16401306e+10  2.21265104e+10  2.34276904e+12  1.10159514e+10
 9.54950000e+02  1.33667770e+17  2.96205705e+16  7.19701080e+10  2.40032442e+10  2.34276904e+12  1.10159514e+10
 9.55500000e+02  1.34265145e+17  3.18642034e+16  7.22917496e+10  2.58213883e+10  2.34276904e+12  1.10159514e+10
 9.56050000e+02  1.34847429e+17  3.40378828e+16  7.26052662e+10  2.75828453e+10  2.34276904e+12  1.10159514e+10
 9.56600000e+02  1.35415004e+17  3.61438776e+16  7.29108628e+10  2.92894534e+10  2.34276904e+12  1.10159514e+10
 9.57150000e+02  1.35968241e+17  3.81843799e+16  7.32087397e+10  3.09429893e+10  2.34276904e+12  1.10159514e+10
 9.57700000e+02  1.36507503e+17  4.01615087e+16  7.34990917e+10  3.25451699e+10  2.34276904e+12  1.10159514e+10
 9.58250000e+02  1.37033142e+17  4.20773116e+16  7.37821091e+10  3.40976547e+10  2.34276904e+12  1.10159514e+10
 9.58800000e+02  1.37545502e+17  4.39337678e+16  7.40579770e+10  3.56020474e+10  2.34276904e+12  1.10159514e+10
 9.59350000e+02  1.38044920e+17  4.57327900e+16  7.43268761e+10  3.70598981e+10  2.34276904e+12  1.10159514e+10
 9.59900000e+02  1.38531722e+17  4.74762272e+16  7.45889824e+10  3.84727051e+10  2.34276904e+12  1.10159514e+10
 9.60450000e+02  1.39006226e+17  4.91658666e+16  7.48444676e+10  3.98419167e+10  2.34276904e+12  1.10159514e+10
 9.61000000e+02  1.39468744e+17  5.08034358e+16  7.50934988e+10  4.11689327e+10  2.34276904e+12  1.10159514e+10
 9.61550000e+02  1.39919578e+17  5.23906047e+16  7.53362392e+10  4.24551065e+10  2.34276904e+12  1.10159514e+10
 9.62100000e+02  1.40359023e+17  5.39289877e+16  7.55728476e+10  4.37017464e+10  2.34276904e+12  1.10159514e+10
 9.62650000e+02  1.40787367e+17  5.54201456e+16  7.58034789e+10  4.49101170e+10  2.34276904e+12  1.10159514e+10
 9.63200000e+02  1.41204891e+17  5.68655873e+16  7.60282841e+10  4.60814412e+10  2.34276904e+12  1.10159514e+10
 9.63750000e+02  1.41611867e+17  5.82667717e+16  7.62474105e+10  4.72169011e+10  2.34276904e+12  1.10159514e+10
 9.64300000e+02  1.42008563e+17  5.96251092e+16  7.64610014e+10  4.83176398e+10  2.34276904e+12  1.10159514e+10
 9.64850000e+02  1.42395237e+17  6.09419638e+16  7.66691967e+10  4.93847624e+10  2.34276904e+12  1.10159514e+10
 9.65400000e+02  1.42772143e+17  6.22186541e+16  7.68721327e+10  5.04193377e+10  2.34276904e+12  1.10159514e+10
 9.65950000e+02  1.43139529e+17  6.34564554e+16  7.70699422e+10  5.14223989e+10  2.34276904e+12  1.10159514e+10
 9.66500000e+02  1.43497633e+17  6.46566008e+16  7.72627548e+10  5.23949455e+10  2.34276904e+12  1.10159514e+10
 9.67050000e+02  1.43846692e+17  6.58202829e+16  7.74506967e+10  5.33379437e+10  2.34276904e+12  1.10159514e+10
 9.67600000e+02  1.44186932e+17  6.69486549e+16  7.76338908e+10  5.42523281e+10  2.34276904e+12  1.10159514e+10
 9.68150000e+02  1.44518578e+17  6.80428322e+16  7.78124573e+10  5.51390026e+10  2.34276904e+12  1.10159514e+10
 9.68700000e+02  1.44841846e+17  6.91038936e+16  7.79865129e+10  5.59988414e+10  2.34276904e+12  1.10159514e+10
 9.69250000e+02  1.45156948e+17  7.01328825e+16  7.81561716e+10  5.68326901e+10  2.34276904e+12  1.10159514e+10
 9.69800000e+02  1.45464089e+17  7.11308081e+16  7.83215445e+10  5.76413663e+10  2.34276904e+12  1.10159514e+10
 9.70350000e+02  1.45763472e+17  7.20986467e+16  7.84827398e+10  5.84256613e+10  2.34276904e+12  1.10159514e+10
 9.70900000e+02  1.46055292e+17  7.30373424e+16  7.86398631e+10  5.91863402e+10  2.34276904e+12  1.10159514e+10
 9.71450000e+02  1.46339741e+17  7.39478089e+16  7.87930172e+10  5.99241434e+10  2.34276904e+12  1.10159514e+10
 9.72000000e+02  1.46617003e+17  7.48309299e+16  7.89423025e+10  6.06397869e+10  2.34276904e+12  1.10159514e+10
 9.72000000e+02  1.46617003e+17  7.48309299e+16  7.89423025e+10  6.06397869e+10  2.34276904e+12  1.10159514e+10
 9.72100000e+02  1.45936526e+17  7.49869310e+16  7.85759162e+10  6.07662035e+10  2.34276904e+12  1.10159514e+10
 9.72200000e+02  1.45259207e+17  7.51386965e+16  7.82112304e+10  6.08891878e+10  2.34276904e+12  1.10159514e+10
 9.72300000e+02  1.44585031e+17  7.52862706e+16  7.78482372e+10  6.10087755e+10  2.34276904e+12  1.10159514e+10
 9.72400000e+02  1.43913984e+17  7.54296970e+16  7.74869287e+10  6.11250021e+10  2.34276904e+12  1.10159514e+10
 9.72500000e+02  1.43246052e+17  7.55690191e+16  7.71272970e+10  6.12379028e+10  2.34276904e+12  1.10159514e+10
 9.72600000e+02  1.42581220e+17  7.57042800e+16  7.67693345e+10  6.13475124e+10  2.34276904e+12  1.10159514e+10
 9.72700000e+02  1.41919473e+17  7.58355223e+16  7.64130334e+10  6.14538656e+10  2.34276904e+12  1.10159514e+10
 9.72800000e+02  1.41260798e+17  7.59627884e+16  7.60583860e+10  6.15569966e+10  2.34276904e+12  1.10159514e+10
 9.72900000e+02  1.40605180e+17  7.60861203e+16  7.57053845e+10  6.16569395e+10  2.34276904e+12  1.10159514e+10
 9.73000000e+02  1.39952604e+17  7.62055594e+16  7.53540213e+10  6.17537278e+10  2.34276904e+12  1.10159514e+10
 9.73000000e+02  1.39952604e+17  7.62055594e+16  7.53540213e+10  6.17537278e+10  2.40532436e+12  1.10137482e+10
 9.73100000e+02  1.39303057e+17  7.63211470e+16  7.50042890e+10  6.18473951e+10  2.40532436e+12  1.10137482e+10
 9.73200000e+02  1.38656525e+17  7.64329241e+16  7.46561798e+10  6.19379744e+10  2.40532436e+12  1.10137482e+10
 9.73300000e+02  1.38012994e+17  7.65409311e+16  7.43096862e+10  6.20254987e+10  2.40532436e+12  1.10137482e+10
 9.73400000e+02  1.37372449e+17  7.66452082e+16  7.39648008e+10  6.21100004e+10  2.40532436e+12  1.10137482e+10
 9.73500000e+02  1.36734878e+17  7.67457952e+16  7.36215160e+10  6.21915119e+10  2.40532436e+12  1.10137482e+10
 9.73600000e+02  1.36100265e+17  7.68427317e+16  7.32798245e+10  6.22700651e+10  2.40532436e+12  1.10137482e+10
 9.73700000e+02  1.35468598e+17  7.69360569e+16  7.29397189e+10  6.23456918e+10  2.40532436e+12  1.10137482e+10
 9.73800000e+02  1.34839862e+17  7.70258094e+16  7.26011917e+10  6.24184234e+10  2.40532436e+12  1.10137482e+10
 9.73900000e+02  1.34214044e+17  7.71120279e+16  7.22642357e+10  6.24882911e+10  2.40532436e+12  1.10137482e+10
 9.74000000e+02  1.33591132e+17  7.71947504e+16  7.19288436e+10  6.25553259e+10  2.40532436e+12  1.10137482e+10
 9.74000000e+02  1.33591132e+17  0.00000000e+00  7.19288436e+10  0.00000000e+00  2.40532436e+12  1.10137482e+10
 9.74100000e+02  1.32971110e+17  6.17854764e+14  7.15950082e+10  5.00683090e+08  2.40532436e+12  1.10137482e+10
 9.74200000e+02  1.32353965e+17  1.22853115e+15  7.12627221e+10  9.95549131e+08  2.40532436e+12  1.10137482e+10
 9.74300000e+02  1.31739685e+17  1.83209256e+15  7.09319782e+10  1.48464949e+09  2.40532436e+12  1.10137482e+10
 9.74400000e+02  1.31128256e+17  2.42860187e+15  7.06027693e+10  1.96803514e+09  2.40532436e+12  1.10137482e+10
 9.74500000e+02  1.30519665e+17  3.01812148e+15  7.02750884e+10  2.44575663e+09  2.40532436e+12  1.10137482e+10
 9.74600000e+02  1.29913898e+17  3.60071327e+15  6.99489283e+10  2.91786412e+09  2.40532436e+12  1.10137482e+10
 9.74700000e+02  1.29310943e+17  4.17643865e+15  6.96242820e+10  3.38440736e+09  2.40532436e+12  1.10137482e+10
 9.74800000e+02  1.28710786e+17  4.74535853e+15  6.93011424e+10  3.84543571e+09  2.40532436e+12  1.10137482e+10
 9.74900000e+02  1.28113415e+17  5.30753333e+15  6.89795026e+10  4.30099813e+09  2.40532436e+12  1.10137482e+10
 9.75000000e+02  1.27518816e+17  5.86302299e+15  6.86593556e+10  4.75114321e+09  2.40532436e+12  1.10137482e+10
 9.75000000e+02  1.27518816e+17  5.86302299e+15  6.86593556e+10  4.75114321e+09  2.40532436e+12  1.10137482e+10
 9.75550000e+02  1.28270728e+17  8.85174868e+15  6.90642036e+10  7.17307875e+09  2.40532436e+12  1.10137482e+10
 9.76100000e+02  1.29003644e+17  1.17462035e+16  6.94588246e+10  9.51862123e+09  2.40532436e+12  1.10137482e+10
 9.76650000e+02  1.29718047e+17  1.45494781e+16  6.98434769e+10  1.17902751e+10  2.40532436e+12  1.10137482e+10
 9.77200000e+02  1.30414402e+17  1.72645579e+16  7.02184123e+10  1.39904598e+10  2.40532436e+12  1.10137482e+10
 9.77750000e+02  1.31093167e+17  1.98943277e+16  7.05838764e+10  1.61215127e+10  2.40532436e+12  1.10137482e+10
 9.78300000e+02  1.31754785e+17  2.24415740e+16  7.09401083e+10  1.81856923e+10  2.40532436e+12  1.10137482e+10
 9.78850000e+02  1.32399690e+17  2.49089895e+16  7.12873412e+10  2.01851803e+10  2.40532436e+12  1.10137482e+10
 9.79400000e+02  1.33028303e+17  2.72991757e+16  7.16258026e+10  2.21220851e+10  2.40532436e+12  1.10137482e+10
 9.79950000e+02  1.33641037e+17  2.96146464e+16  7.19557140e+10  2.39984435e+10  2.40532436e+12  1.10137482e+10
 9.80500000e+02  1.34238292e+17  3.18578305e+16  7.22772913e+10  2.58162240e+10  2.40532436e+12  1.10137482e+10
 9.81050000e+02  1.34820460e+17  3.40310753e+16  7.25907451e+10  2.75773287e+10  2.40532436e+12  1.10137482e+10
 9.81600000e+02  1.35387921e+17  3.61366488e+16  7.28962806e+10  2.92835955e+10  2.40532436e+12  1.10137482e+10
 9.82150000e+02  1.35941048e+17  3.81767431e+16  7.31940979e+10  3.09368007e+10  2.40532436e+12  1.10137482e+10
 9.82700000e+02  1.36480201e+17  4.01534764e+16  7.34843919e+10  3.25386609e+10  2.40532436e+12  1.10137482e+10
 9.83250000e+02  1.37005735e+17  4.20688962e+16  7.37673526e+10  3.40908352e+10  2.40532436e+12  1.10137482e+10
 9.83800000e+02  1.37517993e+17  4.39249810e+16  7.40431654e+10  3.55949270e+10  2.40532436e+12  1.10137482e+10
 9.84350000e+02  1.38017311e+17  4.57236434e+16  7.43120107e+10  3.70524861e+10  2.40532436e+12  1.10137482e+10
 9.84900000e+02  1.38504016e+17  4.74667320e+16  7.45740646e+10  3.84650106e+10  2.40532436e+12  1.10137482e+10
 9.85450000e+02  1.38978425e+17  4.91560335e+16  7.48294987e+10  3.98339483e+10  2.40532436e+12  1.10137482e+10
 9.86000000e+02  1.39440850e+17  5.07932751e+16  7.50784801e+10  4.11606989e+10  2.40532436e+12  1.10137482e+10
 9.86550000e+02  1.39891594e+17  5.23801266e+16  7.53211719e+10  4.24466155e+10  2.40532436e+12  1.10137482e+10
 9.87100000e+02  1.40330951e+17  5.39182019e+16  7.55577330e+10  4.36930060e+10  2.40532436e+12  1.10137482e+10
 9.87650000e+02  1.40759210e+17  5.54090616e+16  7.57883182e+10  4.49011350e+10  2.40532436e+12  1.10137482e+10
 9.88200000e+02  1.41176650e+17  5.68542142e+16  7.60130785e+10  4.60722249e+10  2.40532436e+12  1.10137482e+10
 9.88750000e+02  1.41583545e+17  5.82551183e+16  7.62321610e+10  4.72074577e+10  2.40532436e+12  1.10137482e+10
 9.89300000e+02  1.41980161e+17  5.96131842e+16  7.64457092e+10  4.83079762e+10  2.40532436e+12  1.10137482e+10
 9.89850000e+02  1.42366758e+17  6.09297754e+16  7.66538628e+10  4.93748855e+10  2.40532436e+12  1.10137482e+10
 9.90400000e+02  1.42743589e+17  6.22062104e+16  7.68567582e+10  5.04092538e+10  2.40532436e+12  1.10137482e+10
 9.90950000e+02  1.43110901e+17  6.34437641e+16  7.70545282e+10  5.14121144e+10  2.40532436e+12  1.10137482e+10
 9.91500000e+02  1.43468934e+17  6.46436695e+16  7.72473022e+10  5.23844665e+10  2.40532436e+12  1.10137482e+10
 9.92050000e+02  1.43817922e+17  6.58071188e+16  7.74352065e+10  5.33272761e+10  2.40532436e+12  1.10137482e+10
 9.92600000e+02  1.44158095e+17  6.69352651e+16  7.76183641e+10  5.42414776e+10  2.40532436e+12  1.10137482e+10
 9.93150000e+02  1.44489674e+17  6.80292236e+16  7.77968948e+10  5.51279748e+10  2.40532436e+12  1.10137482e+10
 9.93700000e+02  1.44812878e+17  6.90900728e+16  7.79709156e+10  5.59876417e+10  2.40532436e+12  1.10137482e+10
 9.94250000e+02  1.45127916e+17  7.01188559e+16  7.81405403e+10  5.68213235e+10  2.40532436e+12  1.10137482e+10
 9.94800000e+02  1.45434997e+17  7.11165820e+16  7.83058802e+10  5.76298380e+10  2.40532436e+12  1.10137482e+10
 9.95350000e+02  1.45734320e+17  7.20842269e+16  7.84670432e+10  5.84139762e+10  2.40532436e+12  1.10137482e+10
 9.95900000e+02  1.46026081e+17  7.30227350e+16  7.86241351e+10  5.91745030e+10  2.40532436e+12  1.10137482e+10
 9.96450000e+02  1.46310473e+17  7.39330194e+16  7.87772586e+10  5.99121585e+10  2.40532436e+12  1.10137482e+10
 9.97000000e+02  1.46587680e+17  7.48159637e+16  7.89265140e+10  6.06276589e+10  2.40532436e+12  1.10137482e+10
 9.97000000e+02  1.46587680e+17  7.48159637e+16  7.89265140e+10  6.06276589e+10  2.40532436e+12  1.10137482e+10
 9.97100000e+02  1.45907339e+17  7.49719336e+16  7.85602010e+10  6.07540503e+10  2.40532436e+12  1.10137482e+10
 9.97200000e+02  1.45230155e+17  7.51236688e+16  7.81955882e+10  6.08770099e+10  2.40532436e+12  1.10137482e+10
 9.97300000e+02  1.44556114e+17  7.52712133e+16  7.78326675e+10  6.09965737e+10  2.40532436e+12  1.10137482e+10
 9.97400000e+02  1.43885202e+17  7.54146110e+16  7.74714313e+10  6.11127771e+10  2.40532436e+12  1.10137482e+10
 9.97500000e+02  1.43217403e+17  7.55539053e+16  7.71118716e+10  6.12256552e+10  2.40532436e+12  1.10137482e+10
 9.97600000e+02  1.42552704e+17  7.56891391e+16  7.67539807e+10  6.13352429e+10  2.40532436e+12  1.10137482e+10
 9.97700000e+02  1.41891089e+17  7.58203552e+16  7.63977508e+10  6.14415748e+10  2.40532436e+12  1.10137482e+10
 9.97800000e+02  1.41232546e+17  7.59475959e+16  7.60431743e+10  6.15446852e+10  2.40532436e+12  1.10137482e+10
 9.97900000e+02  1.40577058e+17  7.60709030e+16  7.56902434e+10  6.16446081e+10  2.40532436e+12  1.10137482e+10
 9.98000000e+02  1.39924614e+17  7.61903183e+16  7.53389505e+10  6.17413771e+10  2.40532436e+12  1.10137482e+10
 9.98000000e+02  1.39924614e+17  7.61903183e+16  7.53389505e+10  6.17413771e+10  2.46786718e+12  1.10115454e+10
 9.98100000e+02  1.39275197e+17  7.63058828e+16  7.49892881e+10  6.18350256e+10  2.46786718e+12  1.10115454e+10
 9.98200000e+02  1.38628794e+17  7.64176375e+16  7.46412485e+10  6.19255868e+10  2.46786718e+12  1.10115454e+10
 9.98300000e+02  1.37985391e+17  7.65256229e+16  7.42948242e+10  6.20130936e+10  2.46786718e+12  1.10115454e+10
 9.98400000e+02  1.37344975e+17  7.66298791e+16  7.39500078e+10  6.20975784e+10  2.46786718e+12  1.10115454e+10
 9.98500000e+02  1.36707531e+17  7.67304461e+16  7.36067917e+10  6.21790736e+10  2.46786718e+12  1.10115454e+10
 9.98600000e+02  1.36073045e+17  7.68273632e+16  7.32651685e+10  6.22576111e+10  2.46786718e+12  1.10115454e+10
 9.98700000e+02  1.35441504e+17  7.69206697e+16  7.29251309e+10  6.23332226e+10  2.46786718e+12  1.10115454e+10
 9.98800000e+02  1.34812894e+17  7.70104043e+16  7.25866715e+10  6.24059397e+10  2.46786718e+12  1.10115454e+10
 9.98900000e+02  1.34187202e+17  7.70966055e+16  7.22497829e+10  6.24757935e+10  2.46786718e+12  1.10115454e+10
 9.99000000e+02  1.33564413e+17  7.71793115e+16  7.19144579e+10  6.25428149e+10  2.46786718e+12  1.10115454e+10
 9.99000000e+02  1.33564413e+17  0.00000000e+00  7.19144579e+10  0.00000000e+00  2.46786718e+12  1.10115454e+10
 9.99100000e+02  1.32944515e+17  6.17731193e+14  7.15806892e+10  5.00582953e+08  2.46786718e+12  1.10115454e+10
 9.99200000e+02  1.32327495e+17  1.22828545e+15  7.12484695e+10  9.95350021e+08  2.46786718e+12  1.10115454e+10
 9.99300000e+02  1.31713337e+17  1.83172614e+15  7.09177918e+10  1.48435256e+09  2.46786718e+12  1.10115454e+10
 9.99400000e+02  1.31102031e+17  2.42811615e+15  7.05886488e+10  1.96764154e+09  2.46786718e+12  1.10115454e+10
 9.99500000e+02  1.30493561e+17  3.01751785e+15  7.02610334e+10  2.44526748e+09  2.46786718e+12  1.10115454e+10
 9.99600000e+02  1.29887916e+17  3.59999313e+15  6.99349385e+10  2.91728055e+09  2.46786718e+12  1.10115454e+10
 9.99700000e+02  1.29285081e+17  4.17560337e+15  6.96103572e+10  3.38373048e+09  2.46786718e+12  1.10115454e+10
 9.99800000e+02  1.28685044e+17  4.74440946e+15  6.92872822e+10  3.84466662e+09  2.46786718e+12  1.10115454e+10
 9.99900000e+02  1.28087792e+17  5.30647182e+15  6.89657067e+10  4.30013793e+09  2.46786718e+12  1.10115454e+10
 1.00000000e+03  1.27493313e+17  5.86185038e+15  6.86456237e+10  4.75019298e+09  2.46786718e+12  1.10115454e+10
 1.00000000e+03  1.27493313e+17  5.86185038e+15  6.86456237e+10  4.75019298e+09  2.46786718e+12  1.10115454e+10
 1.00055000e+03  1.28245073e+17  8.84997833e+15  6.90503908e+10  7.17164413e+09  2.46786718e+12  1.10115454e+10
 1.00110000e+03  1.28977844e+17  1.17438543e+16  6.94449328e+10  9.51671750e+09  2.46786718e+12  1.10115454e+10
 1.00165000e+03  1.29692103e+17  1.45465682e+16  6.98295082e+10  1.17879170e+10  2.46786718e+12  1.10115454e+10
 1.00220000e+03  1.30388320e+17  1.72611050e+16  7.02043687e+10  1.39876617e+10  2.46786718e+12  1.10115454e+10
 1.00275000e+03  1.31066948e+17  1.98903488e+16  7.05697596e+10  1.61182884e+10  2.46786718e+12  1.10115454e+10
 1.00330000e+03  1.31728434e+17  2.24370857e+16  7.09259202e+10  1.81820551e+10  2.46786718e+12  1.10115454e+10
 1.00385000e+03  1.32373210e+17  2.49040077e+16  7.12730838e+10  2.01811433e+10  2.46786718e+12  1.10115454e+10
 1.00440000e+03  1.33001697e+17  2.72937159e+16  7.16114774e+10  2.21176606e+10  2.46786718e+12  1.10115454e+10
 1.00495000e+03  1.33614309e+17  2.96087235e+16  7.19413228e+10  2.39936438e+10  2.46786718e+12  1.10115454e+10
 1.00550000e+03  1.34211444e+17  3.18514590e+16  7.22628358e+10  2.58110608e+10  2.46786718e+12  1.10115454e+10
 1.00605000e+03  1.34793496e+17  3.40242690e+16  7.25762270e+10  2.75718132e+10  2.46786718e+12  1.10115454e+10
 1.00660000e+03  1.35360844e+17  3.61294215e+16  7.28817014e+10  2.92777388e+10  2.46786718e+12  1.10115454e+10
 1.00715000e+03  1.35913859e+17  3.81691077e+16  7.31794591e+10  3.09306133e+10  2.46786718e+12  1.10115454e+10
 1.00770000e+03  1.36452905e+17  4.01454457e+16  7.34696950e+10  3.25321532e+10  2.46786718e+12  1.10115454e+10
 1.00825000e+03  1.36978334e+17  4.20604824e+16  7.37525992e+10  3.40840170e+10  2.46786718e+12  1.10115454e+10
 1.00880000e+03  1.37490490e+17  4.39161960e+16  7.40283568e+10  3.55878080e+10  2.46786718e+12  1.10115454e+10
 1.00935000e+03  1.37989708e+17  4.57144987e+16  7.42971483e+10  3.70450756e+10  2.46786718e+12  1.10115454e+10
 1.00990000e+03  1.38476315e+17  4.74572386e+16  7.45591498e+10  3.84573176e+10  2.46786718e+12  1.10115454e+10
 1.01045000e+03  1.38950629e+17  4.91462023e+16  7.48145328e+10  3.98259815e+10  2.46786718e+12  1.10115454e+10
 1.01100000e+03  1.39412962e+17  5.07831165e+16  7.50634644e+10  4.11524668e+10  2.46786718e+12  1.10115454e+10
 1.01155000e+03  1.39863616e+17  5.23696505e+16  7.53061077e+10  4.24381262e+10  2.46786718e+12  1.10115454e+10
 1.01210000e+03  1.40302885e+17  5.39074183e+16  7.55426215e+10  4.36842674e+10  2.46786718e+12  1.10115454e+10
 1.01265000e+03  1.40731058e+17  5.53979798e+16  7.57731605e+10  4.48921548e+10  2.46786718e+12  1.10115454e+10
 1.01320000e+03  1.41148414e+17  5.68428434e+16  7.59978759e+10  4.60630105e+10  2.46786718e+12  1.10115454e+10
 1.01375000e+03  1.41555228e+17  5.82434673e+16  7.62169146e+10  4.71980162e+10  2.46786718e+12  1.10115454e+10
 1.01430000e+03  1.41951765e+17  5.96012616e+16  7.64304201e+10  4.82983146e+10  2.46786718e+12  1.10115454e+10
 1.01485000e+03  1.42338285e+17  6.09175894e+16  7.66385321e+10  4.93650105e+10  2.46786718e+12  1.10115454e+10
 1.01540000e+03  1.42715040e+17  6.21937691e+16  7.68413869e+10  5.03991719e+10  2.46786718e+12  1.10115454e+10
 1.01595000e+03  1.43082279e+17  6.34310753e+16  7.70391173e+10  5.14018320e+10  2.46786718e+12  1.10115454e+10
 1.01650000e+03  1.43440240e+17  6.46307407e+16  7.72318528e+10  5.23739896e+10  2.46786718e+12  1.10115454e+10
 1.01705000e+03  1.43789159e+17  6.57939574e+16  7.74197195e+10  5.33166106e+10  2.46786718e+12  1.10115454e+10
 1.01760000e+03  1.44129263e+17  6.69218781e+16  7.76028404e+10  5.42306293e+10  2.46786718e+12  1.10115454e+10
 1.01815000e+03  1.44460777e+17  6.80156178e+16  7.77813354e+10  5.51169492e+10  2.46786718e+12  1.10115454e+10
 1.01870000e+03  1.44783915e+17  6.90762548e+16  7.79553214e+10  5.59764441e+10  2.46786718e+12  1.10115454e+10
 1.01925000e+03  1.45098891e+17  7.01048322e+16  7.81249122e+10  5.68099593e+10  2.46786718e+12  1.10115454e+10
 1.01980000e+03  1.45405910e+17  7.11023586e+16  7.82902190e+10  5.76183121e+10  2.46786718e+12  1.10115454e+10
 1.02035000e+03  1.45705173e+17  7.20698101e+16  7.84513498e+10  5.84022934e+10  2.46786718e+12  1.10115454e+10
 1.02090000e+03  1.45996876e+17  7.30081304e+16  7.86084103e+10  5.91626681e+10  2.46786718e+12  1.10115454e+10
 1.02145000e+03  1.46281211e+17  7.39182328e+16  7.87615032e+10  5.99001761e+10  2.46786718e+12  1.10115454e+10
 1.02200000e+03  1.46558362e+17  7.48010005e+16  7.89107287e+10  6.06155334e+10  2.46786718e+12  1.10115454e+10
 1.02200000e+03  1.46558362e+17  7.48010005e+16  7.89107287e+10  6.06155334e+10  2.46786718e+12  1.10115454e+10
 1.02210000e+03  1.45878157e+17  7.49569393e+16  7.85444890e+10  6.07418994e+10  2.46786718e+12  1.10115454e+10
 1.02220000e+03  1.45201109e+17  7.51086441e+16  7.81799490e+10  6.08648345e+10  2.46786718e+12  1.10115454e+10
 1.02230000e+03  1.44527203e+17  7.52561591e+16  7.78171010e+10  6.09843744e+10  2.46786718e+12  1.10115454e+10
 1.02240000e+03  1.43856424e+17  7.53995281e+16  7.74559370e+10  6.11005545e+10  2.46786718e+12  1.10115454e+10
 1.02250000e+03  1.43188759e+17  7.55387945e+16  7.70964492e+10  6.12134101e+10  2.46786718e+12  1.10115454e+10
 1.02260000e+03  1.42524193e+17  7.56740013e+16  7.67386299e+10  6.13229759e+10  2.46786718e+12  1.10115454e+10
 1.02270000e+03  1.41862711e+17  7.58051912e+16  7.63824713e+10  6.14292865e+10  2.46786718e+12  1.10115454e+10
 1.02280000e+03  1.41204299e+17  7.59324064e+16  7.60279656e+10  6.15323763e+10  2.46786718e+12  1.10115454e+10
 1.02290000e+03  1.40548943e+17  7.60556889e+16  7.56751054e+10  6.16322792e+10  2.46786718e+12  1.10115454e+10
 1.02300000e+03  1.39896629e+17  7.61750802e+16  7.53238828e+10  6.17290288e+10  2.46786718e+12  1.10115454e+10
 1.02300000e+03  1.39896629e+17  7.61750802e+16  7.53238828e+10  6.17290288e+10  2.53039748e+12  1.10093431e+10
 1.02310000e+03  1.39247342e+17  7.62906216e+16  7.49742902e+10  6.18226586e+10  2.53039748e+12  1.10093431e+10
 1.02320000e+03  1.38601068e+17  7.64023540e+16  7.46263203e+10  6.19132017e+10  2.53039748e+12  1.10093431e+10
 1.02330000e+03  1.37957794e+17  7.65103177e+16  7.42799653e+10  6.20006910e+10  2.53039748e+12  1.10093431e+10
 1.02340000e+03  1.37317506e+17  7.66145531e+16  7.39352178e+10  6.20851589e+10  2.53039748e+12  1.10093431e+10
 1.02350000e+03  1.36680189e+17  7.67151000e+16  7.35920703e+10  6.21666377e+10  2.53039748e+12  1.10093431e+10
 1.02360000e+03  1.36045830e+17  7.68119977e+16  7.32505155e+10  6.22451595e+10  2.53039748e+12  1.10093431e+10
 1.02370000e+03  1.35414416e+17  7.69052855e+16  7.29105459e+10  6.23207560e+10  2.53039748e+12  1.10093431e+10
 1.02380000e+03  1.34785931e+17  7.69950022e+16  7.25721541e+10  6.23934585e+10  2.53039748e+12  1.10093431e+10
 1.02390000e+03  1.34160364e+17  7.70811861e+16  7.22353329e+10  6.24632983e+10  2.53039748e+12  1.10093431e+10
 1.02400000e+03  1.33537700e+17  7.71638756e+16  7.19000750e+10  6.25303063e+10  2.53039748e+12  1.10093431e+10
 1.02400000e+03  1.33537700e+17  0.00000000e+00  7.19000750e+10  0.00000000e+00  2.53039748e+12  1.10093431e+10
 1.02410000e+03  1.32917926e+17  6.17607647e+14  7.15663730e+10  5.00482836e+08  2.53039748e+12  1.10093431e+10
 1.02420000e+03  1.32301029e+17  1.22803979e+15  7.12342198e+10  9.95150951e+08  2.53039748e+12  1.10093431e+10
 1.02430000e+03  1.31686995e+17  1.83135980e+15  7.09036082e+10  1.48405569e+09  2.53039748e+12  1.10093431e+10
 1.02440000e+03  1.31075810e+17  2.42763053e+15  7.05745311e+10  1.96724801e+09  2.53039748e+12  1.10093431e+10
 1.02450000e+03  1.30467462e+17  3.01691435e+15  7.02469812e+10  2.44477843e+09  2.53039748e+12  1.10093431e+10
 1.02460000e+03  1.29861938e+17  3.59927313e+15  6.99209516e+10  2.91669709e+09  2.53039748e+12  1.10093431e+10
 1.02470000e+03  1.29259224e+17  4.17476824e+15  6.95964351e+10  3.38305373e+09  2.53039748e+12  1.10093431e+10
 1.02480000e+03  1.28659307e+17  4.74346058e+15  6.92734248e+10  3.84389769e+09  2.53039748e+12  1.10093431e+10
 1.02490000e+03  1.28062175e+17  5.30541053e+15  6.89519136e+10  4.29927790e+09  2.53039748e+12  1.10093431e+10
 1.02500000e+03  1.27467814e+17  5.86067801e+15  6.86318946e+10  4.74924294e+09  2.53039748e+12  1.10093431e+10
 1.02500000e+03  1.27467814e+17  5.86067801e+15  6.86318946e+10  4.74924294e+09  2.53039748e+12  1.10093431e+10
 1.02555000e+03  1.28219424e+17  8.84820833e+15  6.90365807e+10  7.17020980e+09  2.53039748e+12  1.10093431e+10
 1.02610000e+03  1.28952048e+17  1.17415055e+16  6.94310439e+10  9.51481416e+09  2.53039748e+12  1.10093431e+10
 1.02665000e+03  1.29666165e+17  1.45436588e+16  6.98155423e+10  1.17855594e+10  2.53039748e+12  1.10093431e+10
 1.02720000e+03  1.30362242e+17  1.72576528e+16  7.01903278e+10  1.39848641e+10  2.53039748e+12  1.10093431e+10
 1.02775000e+03  1.31040735e+17  1.98863707e+16  7.05556457e+10  1.61150648e+10  2.53039748e+12  1.10093431e+10
 1.02830000e+03  1.31702088e+17  2.24325983e+16  7.09117351e+10  1.81784187e+10  2.53039748e+12  1.10093431e+10
 1.02885000e+03  1.32346735e+17  2.48990269e+16  7.12588292e+10  2.01771070e+10  2.53039748e+12  1.10093431e+10
 1.02940000e+03  1.32975097e+17  2.72882571e+16  7.15971552e+10  2.21132371e+10  2.53039748e+12  1.10093431e+10
 1.02995000e+03  1.33587586e+17  2.96028017e+16  7.19269346e+10  2.39888451e+10  2.53039748e+12  1.10093431e+10
 1.03050000e+03  1.34184602e+17  3.18450887e+16  7.22483833e+10  2.58058986e+10  2.53039748e+12  1.10093431e+10
 1.03105000e+03  1.34766537e+17  3.40174642e+16  7.25617117e+10  2.75662989e+10  2.53039748e+12  1.10093431e+10
 1.03160000e+03  1.35333771e+17  3.61221956e+16  7.28671250e+10  2.92718832e+10  2.53039748e+12  1.10093431e+10
 1.03215000e+03  1.35886677e+17  3.81614739e+16  7.31648232e+10  3.09244272e+10  2.53039748e+12  1.10093431e+10
 1.03270000e+03  1.36425615e+17  4.01374166e+16  7.34550011e+10  3.25256467e+10  2.53039748e+12  1.10093431e+10
 1.03325000e+03  1.36950938e+17  4.20520703e+16  7.37378486e+10  3.40772002e+10  2.53039748e+12  1.10093431e+10
 1.03380000e+03  1.37462992e+17  4.39074128e+16  7.40135511e+10  3.55806904e+10  2.53039748e+12  1.10093431e+10
 1.03435000e+03  1.37962110e+17  4.57053558e+16  7.42822889e+10  3.70376666e+10  2.53039748e+12  1.10093431e+10
 1.03490000e+03  1.38448619e+17  4.74477472e+16  7.45442380e+10  3.84496261e+10  2.53039748e+12  1.10093431e+10
 1.03545000e+03  1.38922839e+17  4.91363730e+16  7.47995699e+10  3.98180163e+10  2.53039748e+12  1.10093431e+10
 1.03600000e+03  1.39385079e+17  5.07729598e+16  7.50484517e+10  4.11442363e+10  2.53039748e+12  1.10093431e+10
 1.03655000e+03  1.39835643e+17  5.23591766e+16  7.52910465e+10  4.24296386e+10  2.53039748e+12  1.10093431e+10
 1.03710000e+03  1.40274824e+17  5.38966368e+16  7.55275129e+10  4.36755306e+10  2.53039748e+12  1.10093431e+10
 1.03765000e+03  1.40702912e+17  5.53869002e+16  7.57580059e+10  4.48831763e+10  2.53039748e+12  1.10093431e+10
 1.03820000e+03  1.41120185e+17  5.68314748e+16  7.59826763e+10  4.60537979e+10  2.53039748e+12  1.10093431e+10
 1.03875000e+03  1.41526917e+17  5.82318186e+16  7.62016712e+10  4.71885766e+10  2.53039748e+12  1.10093431e+10
 1.03930000e+03  1.41923374e+17  5.95893413e+16  7.64151340e+10  4.82886550e+10  2.53039748e+12  1.10093431e+10
 1.03985000e+03  1.42309817e+17  6.09054059e+16  7.66232044e+10  4.93551375e+10  2.53039748e+12  1.10093431e+10
 1.04040000e+03  1.42686497e+17  6.21813304e+16  7.68260186e+10  5.03890921e+10  2.53039748e+12  1.10093431e+10
 1.04095000e+03  1.43053662e+17  6.34183891e+16  7.70237095e+10  5.13915516e+10  2.53039748e+12  1.10093431e+10
 1.04150000e+03  1.43411552e+17  6.46178146e+16  7.72164064e+10  5.23635148e+10  2.53039748e+12  1.10093431e+10
 1.04205000e+03  1.43760401e+17  6.57807986e+16  7.74042355e+10  5.33059473e+10  2.53039748e+12  1.10093431e+10
 1.04260000e+03  1.44100438e+17  6.69084937e+16  7.75873198e+10  5.42197832e+10  2.53039748e+12  1.10093431e+10
 1.04315000e+03  1.44431884e+17  6.80020147e+16  7.77657791e+10  5.51059258e+10  2.53039748e+12  1.10093431e+10
 1.04370000e+03  1.44754958e+17  6.90624396e+16  7.79397303e+10  5.59652489e+10  2.53039748e+12  1.10093431e+10
 1.04425000e+03  1.45069871e+17  7.00908112e+16  7.81092873e+10  5.67985973e+10  2.53039748e+12  1.10093431e+10
 1.04480000e+03  1.45376828e+17  7.10881382e+16  7.82745609e+10  5.76067884e+10  2.53039748e+12  1.10093431e+10
 1.04535000e+03  1.45676032e+17  7.20553961e+16  7.84356596e+10  5.83906129e+10  2.53039748e+12  1.10093431e+10
 1.04590000e+03  1.45967677e+17  7.29935288e+16  7.85926886e+10  5.91508355e+10  2.53039748e+12  1.10093431e+10
 1.04645000e+03  1.46251954e+17  7.39034491e+16  7.87457509e+10  5.98881961e+10  2.53039748e+12  1.10093431e+10
 1.04700000e+03  1.46529051e+17  7.47860403e+16  7.88949466e+10  6.06034103e+10  2.53039748e+12  1.10093431e+10
 1.04700000e+03  1.46529051e+17  7.47860403e+16  7.88949466e+10  6.06034103e+10  2.53039748e+12  1.10093431e+10
 1.04710000e+03  1.45848982e+17  7.49419479e+16  7.85287801e+10  6.07297511e+10  2.53039748e+12  1.10093431e+10
 1.04720000e+03  1.45172069e+17  7.50936223e+16  7.81643131e+10  6.08526616e+10  2.53039748e+12  1.10093431e+10
 1.04730000e+03  1.44498297e+17  7.52411079e+16  7.78015376e+10  6.09721775e+10  2.53039748e+12  1.10093431e+10
 1.04740000e+03  1.43827653e+17  7.53844482e+16  7.74404458e+10  6.10883344e+10  2.53039748e+12  1.10093431e+10
 1.04750000e+03  1.43160122e+17  7.55236867e+16  7.70810299e+10  6.12011674e+10  2.53039748e+12  1.10093431e+10
 1.04760000e+03  1.42495688e+17  7.56588665e+16  7.67232822e+10  6.13107113e+10  2.53039748e+12  1.10093431e+10
 1.04770000e+03  1.41834339e+17  7.57900301e+16  7.63671948e+10  6.14170007e+10  2.53039748e+12  1.10093431e+10
 1.04780000e+03  1.41176058e+17  7.59172199e+16  7.60127600e+10  6.15200698e+10  2.53039748e+12  1.10093431e+10
 1.04790000e+03  1.40520833e+17  7.60404777e+16  7.56599703e+10  6.16199527e+10  2.53039748e+12  1.10093431e+10
 1.04800000e+03  1.39868649e+17  7.61598452e+16  7.53088180e+10  6.17166830e+10  2.53039748e+12  1.10093431e+10
 1.04800000e+03  1.39868649e+17  7.61598452e+16  7.53088180e+10  6.17166830e+10  2.59291528e+12  1.10071413e+10
 1.04810000e+03  1.39219492e+17  7.62753635e+16  7.49592954e+10  6.18102941e+10  2.59291528e+12  1.10071413e+10
 1.04820000e+03  1.38573348e+17  7.63870735e+16  7.46113950e+10  6.19008191e+10  2.59291528e+12  1.10071413e+10
 1.04830000e+03  1.37930203e+17  7.64950157e+16  7.42651093e+10  6.19882908e+10  2.59291528e+12  1.10071413e+10
 1.04840000e+03  1.37290042e+17  7.65992302e+16  7.39204307e+10  6.20727419e+10  2.59291528e+12  1.10071413e+10
 1.04850000e+03  1.36652853e+17  7.66997570e+16  7.35773519e+10  6.21542044e+10  2.59291528e+12  1.10071413e+10
 1.04860000e+03  1.36018621e+17  7.67966353e+16  7.32358654e+10  6.22327105e+10  2.59291528e+12  1.10071413e+10
 1.04870000e+03  1.35387333e+17  7.68899045e+16  7.28959638e+10  6.23082918e+10  2.59291528e+12  1.10071413e+10
 1.04880000e+03  1.34758974e+17  7.69796032e+16  7.25576397e+10  6.23809798e+10  2.59291528e+12  1.10071413e+10
 1.04890000e+03  1.34133532e+17  7.70657699e+16  7.22208859e+10  6.24508057e+10  2.59291528e+12  1.10071413e+10
 1.04900000e+03  1.33510993e+17  7.71484428e+16  7.18856950e+10  6.25178002e+10  2.59291528e+12  1.10071413e+10
 1.04900000e+03  1.33510993e+17  0.00000000e+00  7.18856950e+10  0.00000000e+00  2.59291528e+12  1.10071413e+10
 1.04910000e+03  1.32891343e+17  6.17484125e+14  7.15520597e+10  5.00382740e+08  2.59291528e+12  1.10071413e+10
 1.04920000e+03  1.32274569e+17  1.22779418e+15  7.12199730e+10  9.94951921e+08  2.59291528e+12  1.10071413e+10
 1.04930000e+03  1.31660657e+17  1.83099352e+15  7.08894275e+10  1.48375888e+09  2.59291528e+12  1.10071413e+10
 1.04940000e+03  1.31049595e+17  2.42714500e+15  7.05604162e+10  1.96685456e+09  2.59291528e+12  1.10071413e+10
 1.04950000e+03  1.30441369e+17  3.01631097e+15  7.02329318e+10  2.44428947e+09  2.59291528e+12  1.10071413e+10
 1.04960000e+03  1.29835966e+17  3.59855328e+15  6.99069674e+10  2.91611375e+09  2.59291528e+12  1.10071413e+10
 1.04970000e+03  1.29233372e+17  4.17393329e+15  6.95825158e+10  3.38237712e+09  2.59291528e+12  1.10071413e+10
 1.04980000e+03  1.28633575e+17  4.74251188e+15  6.92595701e+10  3.84312891e+09  2.59291528e+12  1.10071413e+10
 1.04990000e+03  1.28036562e+17  5.30434944e+15  6.89381232e+10  4.29841805e+09  2.59291528e+12  1.10071413e+10
 1.05000000e+03  1.27442320e+17  5.85950588e+15  6.86181682e+10  4.74829309e+09  2.59291528e+12  1.10071413e+10
 1.05000000e+03  1.27442320e+17  5.85950588e+15  6.86181682e+10  4.74829309e+09  2.59291528e+12  1.10071413e+10
 1.05055000e+03  1.28193781e+17  8.84643869e+15  6.90227734e+10  7.16877576e+09  2.59291528e+12  1.10071413e+10
 1.05110000e+03  1.28926258e+17  1.17391572e+16  6.94171576e+10  9.51291120e+09  2.59291528e+12  1.10071413e+10
 1.05165000e+03  1.29640232e+17  1.45407501e+16  6.98015792e+10  1.17832023e+10  2.59291528e+12  1.10071413e+10
 1.05220000e+03  1.30336169e+17  1.72542013e+16  7.01762897e+10  1.39820672e+10  2.59291528e+12  1.10071413e+10
 1.05275000e+03  1.31014527e+17  1.98823934e+16  7.05415345e+10  1.61118417e+10  2.59291528e+12  1.10071413e+10
 1.05330000e+03  1.31675748e+17  2.24281117e+16  7.08975527e+10  1.81747830e+10  2.59291528e+12  1.10071413e+10
 1.05385000e+03  1.32320266e+17  2.48940471e+16  7.12445774e+10  2.01730716e+10  2.59291528e+12  1.10071413e+10
 1.05440000e+03  1.32948502e+17  2.72827995e+16  7.15828357e+10  2.21088145e+10  2.59291528e+12  1.10071413e+10
 1.05495000e+03  1.33560868e+17  2.95968812e+16  7.19125492e+10  2.39840473e+10  2.59291528e+12  1.10071413e+10
 1.05550000e+03  1.34157765e+17  3.18387196e+16  7.22339336e+10  2.58007374e+10  2.59291528e+12  1.10071413e+10
 1.05605000e+03  1.34739584e+17  3.40106607e+16  7.25471994e+10  2.75607856e+10  2.59291528e+12  1.10071413e+10
 1.05660000e+03  1.35306705e+17  3.61149711e+16  7.28525516e+10  2.92660288e+10  2.59291528e+12  1.10071413e+10
 1.05715000e+03  1.35859499e+17  3.81538416e+16  7.31501902e+10  3.09182423e+10  2.59291528e+12  1.10071413e+10
 1.05770000e+03  1.36398330e+17  4.01293892e+16  7.34403101e+10  3.25191416e+10  2.59291528e+12  1.10071413e+10
 1.05825000e+03  1.36923548e+17  4.20436599e+16  7.37231011e+10  3.40703848e+10  2.59291528e+12  1.10071413e+10
 1.05880000e+03  1.37435499e+17  4.38986313e+16  7.39987484e+10  3.55735743e+10  2.59291528e+12  1.10071413e+10
 1.05935000e+03  1.37934517e+17  4.56962147e+16  7.42674324e+10  3.70302591e+10  2.59291528e+12  1.10071413e+10
 1.05990000e+03  1.38420930e+17  4.74382576e+16  7.45293291e+10  3.84419362e+10  2.59291528e+12  1.10071413e+10
 1.06045000e+03  1.38895055e+17  4.91265458e+16  7.47846100e+10  3.98100527e+10  2.59291528e+12  1.10071413e+10
 1.06100000e+03  1.39357202e+17  5.07628052e+16  7.50334420e+10  4.11360074e+10  2.59291528e+12  1.10071413e+10
 1.06155000e+03  1.39807676e+17  5.23487048e+16  7.52759883e+10  4.24211526e+10  2.59291528e+12  1.10071413e+10
 1.06210000e+03  1.40246769e+17  5.38858575e+16  7.55124074e+10  4.36667955e+10  2.59291528e+12  1.10071413e+10
 1.06265000e+03  1.40674771e+17  5.53758228e+16  7.57428543e+10  4.48741997e+10  2.59291528e+12  1.10071413e+10
 1.06320000e+03  1.41091961e+17  5.68201085e+16  7.59674798e+10  4.60445871e+10  2.59291528e+12  1.10071413e+10
 1.06375000e+03  1.41498612e+17  5.82201723e+16  7.61864309e+10  4.71791389e+10  2.59291528e+12  1.10071413e+10
 1.06430000e+03  1.41894990e+17  5.95774235e+16  7.63998509e+10  4.82789973e+10  2.59291528e+12  1.10071413e+10
 1.06485000e+03  1.42281355e+17  6.08932248e+16  7.66078797e+10  4.93452664e+10  2.59291528e+12  1.10071413e+10
 1.06540000e+03  1.42657960e+17  6.21688941e+16  7.68106534e+10  5.03790143e+10  2.59291528e+12  1.10071413e+10
 1.06595000e+03  1.43025052e+17  6.34057054e+16  7.70083047e+10  5.13812733e+10  2.59291528e+12  1.10071413e+10
 1.06650000e+03  1.43382870e+17  6.46048910e+16  7.72009631e+10  5.23530421e+10  2.59291528e+12  1.10071413e+10
 1.06705000e+03  1.43731649e+17  6.57676424e+16  7.73887547e+10  5.32952861e+10  2.59291528e+12  1.10071413e+10
 1.06760000e+03  1.44071618e+17  6.68951120e+16  7.75718024e+10  5.42089393e+10  2.59291528e+12  1.10071413e+10
 1.06815000e+03  1.44402998e+17  6.79884143e+16  7.77502260e+10  5.50949047e+10  2.59291528e+12  1.10071413e+10
 1.06870000e+03  1.44726007e+17  6.90486271e+16  7.79241424e+10  5.59540558e+10  2.59291528e+12  1.10071413e+10
 1.06925000e+03  1.45040857e+17  7.00767930e+16  7.80936654e+10  5.67872376e+10  2.59291528e+12  1.10071413e+10
 1.06980000e+03  1.45347753e+17  7.10739205e+16  7.82589060e+10  5.75952671e+10  2.59291528e+12  1.10071413e+10
 1.07035000e+03  1.45646897e+17  7.20409850e+16  7.84199724e+10  5.83789348e+10  2.59291528e+12  1.10071413e+10
 1.07090000e+03  1.45938483e+17  7.29789301e+16  7.85769701e+10  5.91390054e+10  2.59291528e+12  1.10071413e+10
 1.07145000e+03  1.46222704e+17  7.38886684e+16  7.87300017e+10  5.98762184e+10  2.59291528e+12  1.10071413e+10
 1.07200000e+03  1.46499745e+17  7.47710831e+16  7.88791676e+10  6.05912896e+10  2.59291528e+12  1.10071413e+10
 1.07200000e+03  1.46499745e+17  7.47710831e+16  7.88791676e+10  6.05912896e+10  2.59291528e+12  1.10071413e+10
 1.07210000e+03  1.45819812e+17  7.49269595e+16  7.85130743e+10  6.07176051e+10  2.59291528e+12  1.10071413e+10
 1.07220000e+03  1.45143034e+17  7.50786036e+16  7.81486802e+10  6.08404910e+10  2.59291528e+12  1.10071413e+10
 1.07230000e+03  1.44469398e+17  7.52260596e+16  7.77859773e+10  6.09599831e+10  2.59291528e+12  1.10071413e+10
 1.07240000e+03  1.43798888e+17  7.53693713e+16  7.74249577e+10  6.10761167e+10  2.59291528e+12  1.10071413e+10
 1.07250000e+03  1.43131490e+17  7.55085820e+16  7.70656137e+10  6.11889271e+10  2.59291528e+12  1.10071413e+10
 1.07260000e+03  1.42467189e+17  7.56437347e+16  7.67079375e+10  6.12984491e+10  2.59291528e+12  1.10071413e+10
 1.07270000e+03  1.41805972e+17  7.57748721e+16  7.63519213e+10  6.14047173e+10  2.59291528e+12  1.10071413e+10
 1.07280000e+03  1.41147823e+17  7.59020364e+16  7.59975575e+10  6.15077658e+10  2.59291528e+12  1.10071413e+10
 1.07290000e+03  1.40492729e+17  7.60252696e+16  7.56448383e+10  6.16076287e+10  2.59291528e+12  1.10071413e+10
 1.07300000e+03  1.39840676e+17  7.61446132e+16  7.52937562e+10  6.17043397e+10  2.59291528e+12  1.10071413e+10
 1.07300000e+03  1.39840676e+17  7.61446132e+16  7.52937562e+10  6.17043397e+10  2.65542058e+12  1.10049398e+10
 1.07310000e+03  1.39191648e+17  7.62601084e+16  7.49443035e+10  6.17979320e+10  2.65542058e+12  1.10049398e+10
 1.07320000e+03  1.38545633e+17  7.63717961e+16  7.45964727e+10  6.18884389e+10  2.65542058e+12  1.10049398e+10
 1.07330000e+03  1.37902617e+17  7.64797167e+16  7.42502563e+10  6.19758932e+10  2.65542058e+12  1.10049398e+10
 1.07340000e+03  1.37262584e+17  7.65839104e+16  7.39056467e+10  6.20603273e+10  2.65542058e+12  1.10049398e+10
 1.07350000e+03  1.36625522e+17  7.66844170e+16  7.35626365e+10  6.21417736e+10  2.65542058e+12  1.10049398e+10
 1.07360000e+03  1.35991417e+17  7.67812760e+16  7.32212182e+10  6.22202640e+10  2.65542058e+12  1.10049398e+10
 1.07370000e+03  1.35360255e+17  7.68745265e+16  7.28813846e+10  6.22958302e+10  2.65542058e+12  1.10049398e+10
 1.07380000e+03  1.34732022e+17  7.69642073e+16  7.25431282e+10  6.23685036e+10  2.65542058e+12  1.10049398e+10
 1.07390000e+03  1.34106705e+17  7.70503568e+16  7.22064417e+10  6.24383155e+10  2.65542058e+12  1.10049398e+10
 1.07400000e+03  1.33484291e+17  7.71330131e+16  7.18713178e+10  6.25052967e+10  2.65542058e+12  1.10049398e+10
 1.07400000e+03  1.33484291e+17  0.00000000e+00  7.18713178e+10  0.00000000e+00  2.65542058e+12  1.10049398e+10
 1.07410000e+03  1.32864765e+17  6.17360628e+14  7.15377493e+10  5.00282663e+08  2.65542058e+12  1.10049398e+10
 1.07420000e+03  1.32248114e+17  1.22754862e+15  7.12057290e+10  9.94752930e+08  2.65542058e+12  1.10049398e+10
 1.07430000e+03  1.31634325e+17  1.83062732e+15  7.08752496e+10  1.48346213e+09  2.65542058e+12  1.10049398e+10
 1.07440000e+03  1.31023385e+17  2.42665957e+15  7.05463041e+10  1.96646119e+09  2.65542058e+12  1.10049398e+10
 1.07450000e+03  1.30415281e+17  3.01570771e+15  7.02188852e+10  2.44380061e+09  2.65542058e+12  1.10049398e+10
 1.07460000e+03  1.29809998e+17  3.59783357e+15  6.98929860e+10  2.91553053e+09  2.65542058e+12  1.10049398e+10
 1.07470000e+03  1.29207525e+17  4.17309850e+15  6.95685993e+10  3.38170064e+09  2.65542058e+12  1.10049398e+10
 1.07480000e+03  1.28607849e+17  4.74156338e+15  6.92457182e+10  3.84236028e+09  2.65542058e+12  1.10049398e+10
 1.07490000e+03  1.28010955e+17  5.30328857e+15  6.89243356e+10  4.29755836e+09  2.65542058e+12  1.10049398e+10
 1.07500000e+03  1.27416832e+17  5.85833398e+15  6.86044446e+10  4.74734343e+09  2.65542058e+12  1.10049398e+10
 1.07500000e+03  1.27416832e+17  5.85833398e+15  6.86044446e+10  4.74734343e+09  2.65542058e+12  1.10049398e+10
 1.07555000e+03  1.28168142e+17  8.84466940e+15  6.90089688e+10  7.16734201e+09  2.65542058e+12  1.10049398e+10
 1.07610000e+03  1.28900473e+17  1.17368094e+16  6.94032742e+10  9.51100862e+09  2.65542058e+12  1.10049398e+10
 1.07665000e+03  1.29614304e+17  1.45378420e+16  6.97876189e+10  1.17808457e+10  2.65542058e+12  1.10049398e+10
 1.07720000e+03  1.30310102e+17  1.72507504e+16  7.01622545e+10  1.39792708e+10  2.65542058e+12  1.10049398e+10
 1.07775000e+03  1.30988324e+17  1.98784170e+16  7.05274262e+10  1.61086194e+10  2.65542058e+12  1.10049398e+10
 1.07830000e+03  1.31649413e+17  2.24236261e+16  7.08833732e+10  1.81711481e+10  2.65542058e+12  1.10049398e+10
 1.07885000e+03  1.32293802e+17  2.48890683e+16  7.12303285e+10  2.01690370e+10  2.65542058e+12  1.10049398e+10
 1.07940000e+03  1.32921912e+17  2.72773429e+16  7.15685192e+10  2.21043927e+10  2.65542058e+12  1.10049398e+10
 1.07995000e+03  1.33534156e+17  2.95909618e+16  7.18981667e+10  2.39792505e+10  2.65542058e+12  1.10049398e+10
 1.08050000e+03  1.34130934e+17  3.18323519e+16  7.22194868e+10  2.57955773e+10  2.65542058e+12  1.10049398e+10
 1.08105000e+03  1.34712636e+17  3.40038586e+16  7.25326899e+10  2.75552734e+10  2.65542058e+12  1.10049398e+10
 1.08160000e+03  1.35279643e+17  3.61077481e+16  7.28379811e+10  2.92601756e+10  2.65542058e+12  1.10049398e+10
 1.08215000e+03  1.35832327e+17  3.81462108e+16  7.31355602e+10  3.09120586e+10  2.65542058e+12  1.10049398e+10
 1.08270000e+03  1.36371050e+17  4.01213633e+16  7.34256220e+10  3.25126378e+10  2.65542058e+12  1.10049398e+10
 1.08325000e+03  1.36896164e+17  4.20352512e+16  7.37083565e+10  3.40635707e+10  2.65542058e+12  1.10049398e+10
 1.08380000e+03  1.37408012e+17  4.38898516e+16  7.39839486e+10  3.55664596e+10  2.65542058e+12  1.10049398e+10
 1.08435000e+03  1.37906930e+17  4.56870755e+16  7.42525789e+10  3.70228530e+10  2.65542058e+12  1.10049398e+10
 1.08490000e+03  1.38393246e+17  4.74287700e+16  7.45144233e+10  3.84342478e+10  2.65542058e+12  1.10049398e+10
 1.08545000e+03  1.38867276e+17  4.91167204e+16  7.47696531e+10  3.98020907e+10  2.65542058e+12  1.10049398e+10
 1.08600000e+03  1.39329331e+17  5.07526527e+16  7.50184354e+10  4.11277802e+10  2.65542058e+12  1.10049398e+10
 1.08655000e+03  1.39779714e+17  5.23382350e+16  7.52609331e+10  4.24126684e+10  2.65542058e+12  1.10049398e+10
 1.08710000e+03  1.40218720e+17  5.38750803e+16  7.54973049e+10  4.36580621e+10  2.65542058e+12  1.10049398e+10
 1.08765000e+03  1.40646636e+17  5.53647476e+16  7.57277057e+10  4.48652249e+10  2.65542058e+12  1.10049398e+10
 1.08820000e+03  1.41063742e+17  5.68087445e+16  7.59522863e+10  4.60353782e+10  2.65542058e+12  1.10049398e+10
 1.08875000e+03  1.41470312e+17  5.82085282e+16  7.61711936e+10  4.71697031e+10  2.65542058e+12  1.10049398e+10
 1.08930000e+03  1.41866611e+17  5.95655080e+16  7.63845710e+10  4.82693415e+10  2.65542058e+12  1.10049398e+10
 1.08985000e+03  1.42252899e+17  6.08810462e+16  7.65925582e+10  4.93353974e+10  2.65542058e+12  1.10049398e+10
 1.09040000e+03  1.42629428e+17  6.21564603e+16  7.67952913e+10  5.03689385e+10  2.65542058e+12  1.10049398e+10
 1.09095000e+03  1.42996446e+17  6.33930243e+16  7.69929031e+10  5.13709971e+10  2.65542058e+12  1.10049398e+10
 1.09150000e+03  1.43354193e+17  6.45919701e+16  7.71855229e+10  5.23425715e+10  2.65542058e+12  1.10049398e+10
 1.09205000e+03  1.43702903e+17  6.57544889e+16  7.73732769e+10  5.32846270e+10  2.65542058e+12  1.10049398e+10
 1.09260000e+03  1.44042803e+17  6.68817330e+16  7.75562880e+10  5.41980975e+10  2.65542058e+12  1.10049398e+10
 1.09315000e+03  1.44374117e+17  6.79748166e+16  7.77346759e+10  5.50838857e+10  2.65542058e+12  1.10049398e+10
 1.09370000e+03  1.44697062e+17  6.90348173e+16  7.79085575e+10  5.59428650e+10  2.65542058e+12  1.10049398e+10
 1.09425000e+03  1.45011849e+17  7.00627777e+16  7.80780467e+10  5.67758801e+10  2.65542058e+12  1.10049398e+10
 1.09480000e+03  1.45318684e+17  7.10597058e+16  7.82432542e+10  5.75837480e+10  2.65542058e+12  1.10049398e+10
 1.09535000e+03  1.45617767e+17  7.20265768e+16  7.84042884e+10  5.83672590e+10  2.65542058e+12  1.10049398e+10
 1.09590000e+03  1.45909296e+17  7.29643343e+16  7.85612547e+10  5.91271776e+10  2.65542058e+12  1.10049398e+10
 1.09645000e+03  1.46193460e+17  7.38738907e+16  7.87142557e+10  5.98642432e+10  2.65542058e+12  1.10049398e+10
 1.09700000e+03  1.46470445e+17  7.47561289e+16  7.88633918e+10  6.05791713e+10  2.65542058e+12  1.10049398e+10
 1.09700000e+03  1.46470445e+17  7.47561289e+16  7.88633918e+10  6.05791713e+10  2.65542058e+12  1.10049398e+10
 1.09710000e+03  1.45790648e+17  7.49119741e+16  7.84973717e+10  6.07054616e+10  2.65542058e+12  1.10049398e+10
 1.09720000e+03  1.45114006e+17  7.50635879e+16  7.81330505e+10  6.08283229e+10  2.65542058e+12  1.10049398e+10
 1.09730000e+03  1.44440504e+17  7.52110144e+16  7.77704201e+10  6.09477911e+10  2.65542058e+12  1.10049398e+10
 1.09740000e+03  1.43770128e+17  7.53542974e+16  7.74094727e+10  6.10639015e+10  2.65542058e+12  1.10049398e+10
 1.09750000e+03  1.43102863e+17  7.54934803e+16  7.70502006e+10  6.11766894e+10  2.65542058e+12  1.10049398e+10
 1.09760000e+03  1.42438696e+17  7.56286060e+16  7.66925959e+10  6.12861894e+10  2.65542058e+12  1.10049398e+10
 1.09770000e+03  1.41777610e+17  7.57597171e+16  7.63366509e+10  6.13924363e+10  2.65542058e+12  1.10049398e+10
 1.09780000e+03  1.41119594e+17  7.58868560e+16  7.59823580e+10  6.14954642e+10  2.65542058e+12  1.10049398e+10
 1.09790000e+03  1.40464631e+17  7.60100646e+16  7.56297094e+10  6.15953072e+10  2.65542058e+12  1.10049398e+10
 1.09800000e+03  1.39812707e+17  7.61293843e+16  7.52786975e+10  6.16919988e+10  2.65542058e+12  1.10049398e+10
 1.09800000e+03  1.39812707e+17  7.61293843e+16  7.52786975e+10  6.16919988e+10  2.71791338e+12  1.10027389e+10
 1.09810000e+03  1.39163810e+17  7.62448564e+16  7.49293147e+10  6.17855724e+10  2.71791338e+12  1.10027389e+10
 1.09820000e+03  1.38517924e+17  7.63565217e+16  7.45815534e+10  6.18760612e+10  2.71791338e+12  1.10027389e+10
 1.09830000e+03  1.37875036e+17  7.64644207e+16  7.42354062e+10  6.19634980e+10  2.71791338e+12  1.10027389e+10
 1.09840000e+03  1.37235132e+17  7.65685936e+16  7.38908655e+10  6.20479152e+10  2.71791338e+12  1.10027389e+10
 1.09850000e+03  1.36598197e+17  7.66690801e+16  7.35479239e+10  6.21293452e+10  2.71791338e+12  1.10027389e+10
 1.09860000e+03  1.35964219e+17  7.67659197e+16  7.32065740e+10  6.22078199e+10  2.71791338e+12  1.10027389e+10
 1.09870000e+03  1.35333183e+17  7.68591516e+16  7.28668083e+10  6.22833710e+10  2.71791338e+12  1.10027389e+10
 1.09880000e+03  1.34705076e+17  7.69488144e+16  7.25286196e+10  6.23560299e+10  2.71791338e+12  1.10027389e+10
 1.09890000e+03  1.34079884e+17  7.70349467e+16  7.21920004e+10  6.24258278e+10  2.71791338e+12  1.10027389e+10
 1.09900000e+03  1.33457594e+17  7.71175865e+16  7.18569436e+10  6.24927956e+10  2.71791338e+12  1.10027389e+10
 1.09900000e+03  1.33457594e+17  0.00000000e+00  7.18569436e+10  0.00000000e+00  2.71791338e+12  1.10027389e+10
 1.09910000e+03  1.32838192e+17  6.17237156e+14  7.15234418e+10  5.00182607e+08  2.71791338e+12  1.10027389e+10
 1.09920000e+03  1.32221664e+17  1.22730311e+15  7.11914878e+10  9.94553980e+08  2.71791338e+12  1.10027389e+10
 1.09930000e+03  1.31607998e+17  1.83026120e+15  7.08610746e+10  1.48316544e+09  2.71791338e+12  1.10027389e+10
 1.09940000e+03  1.30997180e+17  2.42617424e+15  7.05321948e+10  1.96606789e+09  2.71791338e+12  1.10027389e+10
 1.09950000e+03  1.30389198e+17  3.01510456e+15  7.02048414e+10  2.44331185e+09  2.71791338e+12  1.10027389e+10
 1.09960000e+03  1.29784036e+17  3.59711400e+15  6.98790074e+10  2.91494742e+09  2.71791338e+12  1.10027389e+10
 1.09970000e+03  1.29181684e+17  4.17226388e+15  6.95546856e+10  3.38102430e+09  2.71791338e+12  1.10027389e+10
 1.09980000e+03  1.28582127e+17  4.74061507e+15  6.92318690e+10  3.84159181e+09  2.71791338e+12  1.10027389e+10
 1.09990000e+03  1.27985353e+17  5.30222792e+15  6.89105507e+10  4.29669885e+09  2.71791338e+12  1.10027389e+10
 1.10000000e+03  1.27391349e+17  5.85716231e+15  6.85907237e+10  4.74639396e+09  2.71791338e+12  1.10027389e+10
 1.10000000e+03  1.27391349e+17  5.85716231e+15  6.85907237e+10  4.74639396e+09  2.71791338e+12  1.10027389e+10
 1.10055000e+03  1.28142508e+17  8.84290047e+15  6.89951670e+10  7.16590854e+09  2.71791338e+12  1.10027389e+10
 1.10110000e+03  1.28874692e+17  1.17344620e+16  6.93893936e+10  9.50910641e+09  2.71791338e+12  1.10027389e+10
 1.10165000e+03  1.29588381e+17  1.45349344e+16  6.97736614e+10  1.17784895e+10  2.71791338e+12  1.10027389e+10
 1.10220000e+03  1.30284040e+17  1.72473003e+16  7.01482220e+10  1.39764749e+10  2.71791338e+12  1.10027389e+10
 1.10275000e+03  1.30962126e+17  1.98744413e+16  7.05133207e+10  1.61053977e+10  2.71791338e+12  1.10027389e+10
 1.10330000e+03  1.31623083e+17  2.24191414e+16  7.08691965e+10  1.81675138e+10  2.71791338e+12  1.10027389e+10
 1.10385000e+03  1.32267343e+17  2.48840905e+16  7.12160824e+10  2.01650032e+10  2.71791338e+12  1.10027389e+10
 1.10440000e+03  1.32895328e+17  2.72718874e+16  7.15542054e+10  2.20999718e+10  2.71791338e+12  1.10027389e+10
 1.10495000e+03  1.33507449e+17  2.95850436e+16  7.18837870e+10  2.39744547e+10  2.71791338e+12  1.10027389e+10
 1.10550000e+03  1.34104108e+17  3.18259854e+16  7.22050429e+10  2.57904181e+10  2.71791338e+12  1.10027389e+10
 1.10605000e+03  1.34685693e+17  3.39970578e+16  7.25181834e+10  2.75497624e+10  2.71791338e+12  1.10027389e+10
 1.10660000e+03  1.35252587e+17  3.61005266e+16  7.28234135e+10  2.92543236e+10  2.71791338e+12  1.10027389e+10
 1.10715000e+03  1.35805161e+17  3.81385816e+16  7.31209331e+10  3.09058762e+10  2.71791338e+12  1.10027389e+10
 1.10770000e+03  1.36343776e+17  4.01133390e+16  7.34109369e+10  3.25061352e+10  2.71791338e+12  1.10027389e+10
 1.10825000e+03  1.36868784e+17  4.20268441e+16  7.36936148e+10  3.40567580e+10  2.71791338e+12  1.10027389e+10
 1.10880000e+03  1.37380530e+17  4.38810736e+16  7.39691518e+10  3.55593463e+10  2.71791338e+12  1.10027389e+10
 1.10935000e+03  1.37879349e+17  4.56779381e+16  7.42377284e+10  3.70154485e+10  2.71791338e+12  1.10027389e+10
 1.10990000e+03  1.38365567e+17  4.74192842e+16  7.44995204e+10  3.84265610e+10  2.71791338e+12  1.10027389e+10
 1.11045000e+03  1.38839502e+17  4.91068971e+16  7.47546991e+10  3.97941303e+10  2.71791338e+12  1.10027389e+10
 1.11100000e+03  1.39301465e+17  5.07425021e+16  7.50034317e+10  4.11195547e+10  2.71791338e+12  1.10027389e+10
 1.11155000e+03  1.39751758e+17  5.23277674e+16  7.52458809e+10  4.24041859e+10  2.71791338e+12  1.10027389e+10
 1.11210000e+03  1.40190676e+17  5.38643053e+16  7.54822055e+10  4.36493305e+10  2.71791338e+12  1.10027389e+10
 1.11265000e+03  1.40618507e+17  5.53536747e+16  7.57125602e+10  4.48562518e+10  2.71791338e+12  1.10027389e+10
 1.11320000e+03  1.41035530e+17  5.67973827e+16  7.59370958e+10  4.60261711e+10  2.71791338e+12  1.10027389e+10
 1.11375000e+03  1.41442018e+17  5.81968865e+16  7.61559593e+10  4.71602691e+10  2.71791338e+12  1.10027389e+10
 1.11430000e+03  1.41838237e+17  5.95535949e+16  7.63692941e+10  4.82596876e+10  2.71791338e+12  1.10027389e+10
 1.11485000e+03  1.42224448e+17  6.08688700e+16  7.65772396e+10  4.93255303e+10  2.71791338e+12  1.10027389e+10
 1.11540000e+03  1.42600903e+17  6.21440290e+16  7.67799322e+10  5.03588647e+10  2.71791338e+12  1.10027389e+10
 1.11595000e+03  1.42967847e+17  6.33803457e+16  7.69775045e+10  5.13607229e+10  2.71791338e+12  1.10027389e+10
 1.11650000e+03  1.43325522e+17  6.45790517e+16  7.71700858e+10  5.23321029e+10  2.71791338e+12  1.10027389e+10
 1.11705000e+03  1.43674162e+17  6.57413380e+16  7.73578023e+10  5.32739701e+10  2.71791338e+12  1.10027389e+10
 1.11760000e+03  1.44013995e+17  6.68683566e+16  7.75407767e+10  5.41872578e+10  2.71791338e+12  1.10027389e+10
 1.11815000e+03  1.44345243e+17  6.79612216e+16  7.77191290e+10  5.50728689e+10  2.71791338e+12  1.10027389e+10
 1.11870000e+03  1.44668123e+17  6.90210104e+16  7.78929758e+10  5.59316764e+10  2.71791338e+12  1.10027389e+10
 1.11925000e+03  1.44982846e+17  7.00487651e+16  7.80624311e+10  5.67645249e+10  2.71791338e+12  1.10027389e+10
 1.11980000e+03  1.45289620e+17  7.10454938e+16  7.82276056e+10  5.75722313e+10  2.71791338e+12  1.10027389e+10
 1.12035000e+03  1.45588644e+17  7.20121715e+16  7.83886076e+10  5.83555856e+10  2.71791338e+12  1.10027389e+10
 1.12090000e+03  1.45880114e+17  7.29497414e+16  7.85455424e+10  5.91153521e+10  2.71791338e+12  1.10027389e+10
 1.12145000e+03  1.46164221e+17  7.38591159e+16  7.86985129e+10  5.98522703e+10  2.71791338e+12  1.10027389e+10
 1.12200000e+03  1.46441151e+17  7.47411777e+16  7.88476191e+10  6.05670555e+10  2.71791338e+12  1.10027389e+10
 1.12200000e+03  1.46441151e+17  7.47411777e+16  7.88476191e+10  6.05670555e+10  2.71791338e+12  1.10027389e+10
 1.12210000e+03  1.45761490e+17  7.48969917e+16  7.84816723e+10  6.06933205e+10  2.71791338e+12  1.10027389e+10
 1.12220000e+03  1.45084983e+17  7.50485752e+16  7.81174238e+10  6.08161573e+10  2.71791338e+12  1.10027389e+10
 1.12230000e+03  1.44411616e+17  7.51959722e+16  7.77548660e+10  6.09356015e+10  2.71791338e+12  1.10027389e+10
 1.12240000e+03  1.43741374e+17  7.53392266e+16  7.73939908e+10  6.10516887e+10  2.71791338e+12  1.10027389e+10
 1.12250000e+03  1.43074243e+17  7.54783816e+16  7.70347905e+10  6.11644540e+10  2.71791338e+12  1.10027389e+10
 1.12260000e+03  1.42410208e+17  7.56134803e+16  7.66772574e+10  6.12739322e+10  2.71791338e+12  1.10027389e+10
 1.12270000e+03  1.41749255e+17  7.57445652e+16  7.63213836e+10  6.13801578e+10  2.71791338e+12  1.10027389e+10
 1.12280000e+03  1.41091370e+17  7.58716787e+16  7.59671615e+10  6.14831652e+10  2.71791338e+12  1.10027389e+10
 1.12290000e+03  1.40436538e+17  7.59948626e+16  7.56145834e+10  6.15829881e+10  2.71791338e+12  1.10027389e+10
 1.12300000e+03  1.39784745e+17  7.61141584e+16  7.52636417e+10  6.16796604e+10  2.71791338e+12  1.10027389e+10
 1.12300000e+03  1.39784745e+17  7.61141584e+16  7.52636417e+10  6.16796604e+10  2.78039367e+12  1.10005383e+10
 1.12310000e+03  1.39135977e+17  7.62296074e+16  7.49143288e+10  6.17732153e+10  2.78039367e+12  1.10005383e+10
 1.12320000e+03  1.38490221e+17  7.63412504e+16  7.45666371e+10  6.18636860e+10  2.78039367e+12  1.10005383e+10
 1.12330000e+03  1.37847461e+17  7.64491279e+16  7.42205591e+10  6.19511053e+10  2.78039367e+12  1.10005383e+10
 1.12340000e+03  1.37207685e+17  7.65532799e+16  7.38760874e+10  6.20355057e+10  2.78039367e+12  1.10005383e+10
 1.12350000e+03  1.36570878e+17  7.66537463e+16  7.35332143e+10  6.21169193e+10  2.78039367e+12  1.10005383e+10
 1.12360000e+03  1.35937026e+17  7.67505666e+16  7.31919327e+10  6.21953783e+10  2.78039367e+12  1.10005383e+10
 1.12370000e+03  1.35306117e+17  7.68437797e+16  7.28522350e+10  6.22709143e+10  2.78039367e+12  1.10005383e+10
 1.12380000e+03  1.34678135e+17  7.69334246e+16  7.25141138e+10  6.23435587e+10  2.78039367e+12  1.10005383e+10
 1.12390000e+03  1.34053068e+17  7.70195397e+16  7.21775620e+10  6.24133427e+10  2.78039367e+12  1.10005383e+10
 1.12400000e+03  1.33430902e+17  7.71021630e+16  7.18425722e+10  6.24802971e+10  2.78039367e+12  1.10005383e+10
 1.12400000e+03  1.33430902e+17  0.00000000e+00  7.18425722e+10  0.00000000e+00  2.78039367e+12  1.10005383e+10
 1.12410000e+03  1.32811624e+17  6.17113709e+14  7.15091371e+10  5.00082570e+08  2.78039367e+12  1.10005383e+10
 1.12420000e+03  1.32195220e+17  1.22705765e+15  7.11772495e+10  9.94355069e+08  2.78039367e+12  1.10005383e+10
 1.12430000e+03  1.31581677e+17  1.82989515e+15  7.08469024e+10  1.48286881e+09  2.78039367e+12  1.10005383e+10
 1.12440000e+03  1.30970981e+17  2.42568901e+15  7.05180884e+10  1.96567468e+09  2.78039367e+12  1.10005383e+10
 1.12450000e+03  1.30363120e+17  3.01450154e+15  7.01908005e+10  2.44282319e+09  2.78039367e+12  1.10005383e+10
 1.12460000e+03  1.29758080e+17  3.59639458e+15  6.98650316e+10  2.91436443e+09  2.78039367e+12  1.10005383e+10
 1.12470000e+03  1.29155848e+17  4.17142943e+15  6.95407746e+10  3.38034810e+09  2.78039367e+12  1.10005383e+10
 1.12480000e+03  1.28556411e+17  4.73966695e+15  6.92180226e+10  3.84082349e+09  2.78039367e+12  1.10005383e+10
 1.12490000e+03  1.27959756e+17  5.30116747e+15  6.88967686e+10  4.29583951e+09  2.78039367e+12  1.10005383e+10
 1.12500000e+03  1.27365870e+17  5.85599088e+15  6.85770056e+10  4.74544469e+09  2.78039367e+12  1.10005383e+10
 1.12500000e+03  1.27365870e+17  5.85599088e+15  6.85770056e+10  4.74544469e+09  2.78039367e+12  1.10005383e+10
 1.12555000e+03  1.28116880e+17  8.84113189e+15  6.89813680e+10  7.16447536e+09  2.78039367e+12  1.10005383e+10
 1.12610000e+03  1.28848917e+17  1.17321151e+16  6.93755157e+10  9.50720459e+09  2.78039367e+12  1.10005383e+10
 1.12665000e+03  1.29562463e+17  1.45320274e+16  6.97597066e+10  1.17761338e+10  2.78039367e+12  1.10005383e+10
 1.12720000e+03  1.30257983e+17  1.72438508e+16  7.01341924e+10  1.39736796e+10  2.78039367e+12  1.10005383e+10
 1.12775000e+03  1.30935934e+17  1.98704664e+16  7.04992181e+10  1.61021766e+10  2.78039367e+12  1.10005383e+10
 1.12830000e+03  1.31596758e+17  2.24146576e+16  7.08550227e+10  1.81638803e+10  2.78039367e+12  1.10005383e+10
 1.12885000e+03  1.32240889e+17  2.48791136e+16  7.12018392e+10  2.01609702e+10  2.78039367e+12  1.10005383e+10
 1.12940000e+03  1.32868749e+17  2.72664331e+16  7.15398946e+10  2.20955518e+10  2.78039367e+12  1.10005383e+10
 1.12995000e+03  1.33480748e+17  2.95791266e+16  7.18694103e+10  2.39696598e+10  2.78039367e+12  1.10005383e+10
 1.13050000e+03  1.34077287e+17  3.18196202e+16  7.21906019e+10  2.57852601e+10  2.78039367e+12  1.10005383e+10
 1.13105000e+03  1.34658756e+17  3.39902584e+16  7.25036798e+10  2.75442524e+10  2.78039367e+12  1.10005383e+10
 1.13160000e+03  1.35225537e+17  3.60933065e+16  7.28088488e+10  2.92484727e+10  2.78039367e+12  1.10005383e+10
 1.13215000e+03  1.35778000e+17  3.81309539e+16  7.31063089e+10  3.08996951e+10  2.78039367e+12  1.10005383e+10
 1.13270000e+03  1.36316507e+17  4.01053163e+16  7.33962547e+10  3.24996340e+10  2.78039367e+12  1.10005383e+10
 1.13325000e+03  1.36841411e+17  4.20184387e+16  7.36788761e+10  3.40499466e+10  2.78039367e+12  1.10005383e+10
 1.13380000e+03  1.37353054e+17  4.38722974e+16  7.39543580e+10  3.55522344e+10  2.78039367e+12  1.10005383e+10
 1.13435000e+03  1.37851773e+17  4.56688025e+16  7.42228809e+10  3.70080454e+10  2.78039367e+12  1.10005383e+10
 1.13490000e+03  1.38337894e+17  4.74098004e+16  7.44846205e+10  3.84188756e+10  2.78039367e+12  1.10005383e+10
 1.13545000e+03  1.38811734e+17  4.90970757e+16  7.47397482e+10  3.97861714e+10  2.78039367e+12  1.10005383e+10
 1.13600000e+03  1.39273605e+17  5.07323536e+16  7.49884310e+10  4.11113308e+10  2.78039367e+12  1.10005383e+10
 1.13655000e+03  1.39723808e+17  5.23173018e+16  7.52308317e+10  4.23957050e+10  2.78039367e+12  1.10005383e+10
 1.13710000e+03  1.40162638e+17  5.38535324e+16  7.54671090e+10  4.36406006e+10  2.78039367e+12  1.10005383e+10
 1.13765000e+03  1.40590383e+17  5.53426040e+16  7.56974177e+10  4.48472806e+10  2.78039367e+12  1.10005383e+10
 1.13820000e+03  1.41007322e+17  5.67860233e+16  7.59219084e+10  4.60169659e+10  2.78039367e+12  1.10005383e+10
 1.13875000e+03  1.41413729e+17  5.81852471e+16  7.61407281e+10  4.71508371e+10  2.78039367e+12  1.10005383e+10
 1.13930000e+03  1.41809870e+17  5.95416841e+16  7.63540202e+10  4.82500356e+10  2.78039367e+12  1.10005383e+10
 1.13985000e+03  1.42196003e+17  6.08566962e+16  7.65619242e+10  4.93156652e+10  2.78039367e+12  1.10005383e+10
 1.14040000e+03  1.42572382e+17  6.21316002e+16  7.67645762e+10  5.03487929e+10  2.78039367e+12  1.10005383e+10
 1.14095000e+03  1.42939254e+17  6.33676696e+16  7.69621090e+10  5.13504507e+10  2.78039367e+12  1.10005383e+10
 1.14150000e+03  1.43296857e+17  6.45661358e+16  7.71546518e+10  5.23216365e+10  2.78039367e+12  1.10005383e+10
 1.14205000e+03  1.43645427e+17  6.57281897e+16  7.73423307e+10  5.32633153e+10  2.78039367e+12  1.10005383e+10
 1.14260000e+03  1.43985192e+17  6.68549830e+16  7.75252686e+10  5.41764204e+10  2.78039367e+12  1.10005383e+10
 1.14315000e+03  1.44316374e+17  6.79476294e+16  7.77035852e+10  5.50618543e+10  2.78039367e+12  1.10005383e+10
 1.14370000e+03  1.44639189e+17  6.90072062e+16  7.78773972e+10  5.59204901e+10  2.78039367e+12  1.10005383e+10
 1.14425000e+03  1.44953850e+17  7.00347554e+16  7.80468186e+10  5.67531720e+10  2.78039367e+12  1.10005383e+10
 1.14480000e+03  1.45260562e+17  7.10312847e+16  7.82119601e+10  5.75607168e+10  2.78039367e+12  1.10005383e+10
 1.14535000e+03  1.45559526e+17  7.19977691e+16  7.83729299e+10  5.83439144e+10  2.78039367e+12  1.10005383e+10
 1.14590000e+03  1.45850938e+17  7.29351515e+16  7.85298333e+10  5.91035291e+10  2.78039367e+12  1.10005383e+10
 1.14645000e+03  1.46134988e+17  7.38443441e+16  7.86827732e+10  5.98402999e+10  2.78039367e+12  1.10005383e+10
 1.14700000e+03  1.46411863e+17  7.47262294e+16  7.88318496e+10  6.05549421e+10  2.78039367e+12  1.10005383e+10
 1.14700000e+03  1.46411863e+17  7.47262294e+16  7.88318496e+10  6.05549421e+10  2.78039367e+12  1.10005383e+10
 1.14710000e+03  1.45732337e+17  7.48820123e+16  7.84659759e+10  6.06811818e+10  2.78039367e+12  1.10005383e+10
 1.14720000e+03  1.45055966e+17  7.50335655e+16  7.81018004e+10  6.08039940e+10  2.78039367e+12  1.10005383e+10
 1.14730000e+03  1.44382733e+17  7.51809330e+16  7.77393150e+10  6.09234144e+10  2.78039367e+12  1.10005383e+10
 1.14740000e+03  1.43712626e+17  7.53241587e+16  7.73785120e+10  6.10394784e+10  2.78039367e+12  1.10005383e+10
 1.14750000e+03  1.43045628e+17  7.54632859e+16  7.70193836e+10  6.11522211e+10  2.78039367e+12  1.10005383e+10
 1.14760000e+03  1.42381726e+17  7.55983576e+16  7.66619219e+10  6.12616774e+10  2.78039367e+12  1.10005383e+10
 1.14770000e+03  1.41720905e+17  7.57294163e+16  7.63061193e+10  6.13678818e+10  2.78039367e+12  1.10005383e+10
 1.14780000e+03  1.41063151e+17  7.58565043e+16  7.59519681e+10  6.14708685e+10  2.78039367e+12  1.10005383e+10
 1.14790000e+03  1.40408450e+17  7.59796636e+16  7.55994605e+10  6.15706715e+10  2.78039367e+12  1.10005383e+10
 1.14800000e+03  1.39756788e+17  7.60989356e+16  7.52485890e+10  6.16673245e+10  2.78039367e+12  1.10005383e+10
 1.14800000e+03  1.39756788e+17  7.60989356e+16  7.52485890e+10  6.16673245e+10  2.84286147e+12  1.09983382e+10
 1.14810000e+03  1.39108150e+17  7.62143615e+16  7.48993459e+10  6.17608607e+10  2.84286147e+12  1.09983382e+10
 1.14820000e+03  1.38462523e+17  7.63259822e+16  7.45517238e+10  6.18513133e+10  2.84286147e+12  1.09983382e+10
 1.14830000e+03  1.37819892e+17  7.64338380e+16  7.42057150e+10  6.19387151e+10  2.84286147e+12  1.09983382e+10
 1.14840000e+03  1.37180243e+17  7.65379692e+16  7.38613121e+10  6.20230986e+10  2.84286147e+12  1.09983382e+10
 1.14850000e+03  1.36543564e+17  7.66384156e+16  7.35185077e+10  6.21044960e+10  2.84286147e+12  1.09983382e+10
 1.14860000e+03  1.35909839e+17  7.67352164e+16  7.31772943e+10  6.21829393e+10  2.84286147e+12  1.09983382e+10
 1.14870000e+03  1.35279055e+17  7.68284110e+16  7.28376645e+10  6.22584601e+10  2.84286147e+12  1.09983382e+10
 1.14880000e+03  1.34651199e+17  7.69180380e+16  7.24996110e+10  6.23310900e+10  2.84286147e+12  1.09983382e+10
 1.14890000e+03  1.34026258e+17  7.70041358e+16  7.21631265e+10  6.24008600e+10  2.84286147e+12  1.09983382e+10
 1.14900000e+03  1.33404216e+17  7.70867426e+16  7.18282037e+10  6.24678010e+10  2.84286147e+12  1.09983382e+10
 1.14900000e+03  1.33404216e+17  0.00000000e+00  7.18282037e+10  0.00000000e+00  2.84286147e+12  1.09983382e+10
 1.14910000e+03  1.32785062e+17  6.16990286e+14  7.14948353e+10  4.99982554e+08  2.84286147e+12  1.09983382e+10
 1.14920000e+03  1.32168781e+17  1.22681224e+15  7.11630141e+10  9.94156198e+08  2.84286147e+12  1.09983382e+10
 1.14930000e+03  1.31555360e+17  1.82952917e+15  7.08327330e+10  1.48257223e+09  2.84286147e+12  1.09983382e+10
 1.14940000e+03  1.30944787e+17  2.42520387e+15  7.05039848e+10  1.96528155e+09  2.84286147e+12  1.09983382e+10
 1.14950000e+03  1.30337047e+17  3.01389864e+15  7.01767623e+10  2.44233463e+09  2.84286147e+12  1.09983382e+10
 1.14960000e+03  1.29732128e+17  3.59567530e+15  6.98510586e+10  2.91378156e+09  2.84286147e+12  1.09983382e+10
 1.14970000e+03  1.29130016e+17  4.17059515e+15  6.95268665e+10  3.37967203e+09  2.84286147e+12  1.09983382e+10
 1.14980000e+03  1.28530699e+17  4.73871901e+15  6.92041790e+10  3.84005533e+09  2.84286147e+12  1.09983382e+10
 1.14990000e+03  1.27934164e+17  5.30010724e+15  6.88829892e+10  4.29498035e+09  2.84286147e+12  1.09983382e+10
 1.15000000e+03  1.27340397e+17  5.85481968e+15  6.85632902e+10  4.74449560e+09  2.84286147e+12  1.09983382e+10
 1.15000000e+03  1.27340397e+17  5.85481968e+15  6.85632902e+10  4.74449560e+09  2.84286147e+12  1.09983382e+10
 1.15055000e+03  1.28091256e+17  8.83936366e+15  6.89675717e+10  7.16304246e+09  2.84286147e+12  1.09983382e+10
 1.15110000e+03  1.28823148e+17  1.17297687e+16  6.93616406e+10  9.50530315e+09  2.84286147e+12  1.09983382e+10
 1.15165000e+03  1.29536551e+17  1.45291210e+16  6.97457547e+10  1.17737786e+10  2.84286147e+12  1.09983382e+10
 1.15220000e+03  1.30231932e+17  1.72404021e+16  7.01201655e+10  1.39708849e+10  2.84286147e+12  1.09983382e+10
 1.15275000e+03  1.30909747e+17  1.98664923e+16  7.04851182e+10  1.60989561e+10  2.84286147e+12  1.09983382e+10
 1.15330000e+03  1.31570439e+17  2.24101746e+16  7.08408517e+10  1.81602476e+10  2.84286147e+12  1.09983382e+10
 1.15385000e+03  1.32214441e+17  2.48741378e+16  7.11875988e+10  2.01569380e+10  2.84286147e+12  1.09983382e+10
 1.15440000e+03  1.32842175e+17  2.72609798e+16  7.15255866e+10  2.20911327e+10  2.84286147e+12  1.09983382e+10
 1.15495000e+03  1.33454052e+17  2.95732107e+16  7.18550364e+10  2.39648658e+10  2.84286147e+12  1.09983382e+10
 1.15550000e+03  1.34050471e+17  3.18132563e+16  7.21761638e+10  2.57801030e+10  2.84286147e+12  1.09983382e+10
 1.15605000e+03  1.34631824e+17  3.39834603e+16  7.24891790e+10  2.75387436e+10  2.84286147e+12  1.09983382e+10
 1.15660000e+03  1.35198492e+17  3.60860878e+16  7.27942871e+10  2.92426230e+10  2.84286147e+12  1.09983382e+10
 1.15715000e+03  1.35750844e+17  3.81233277e+16  7.30916876e+10  3.08935151e+10  2.84286147e+12  1.09983382e+10
 1.15770000e+03  1.36289244e+17  4.00972953e+16  7.33815754e+10  3.24931341e+10  2.84286147e+12  1.09983382e+10
 1.15825000e+03  1.36814042e+17  4.20100350e+16  7.36641403e+10  3.40431366e+10  2.84286147e+12  1.09983382e+10
 1.15880000e+03  1.37325584e+17  4.38635229e+16  7.39395671e+10  3.55451240e+10  2.84286147e+12  1.09983382e+10
 1.15935000e+03  1.37824203e+17  4.56596687e+16  7.42080363e+10  3.70006438e+10  2.84286147e+12  1.09983382e+10
 1.15990000e+03  1.38310226e+17  4.74003184e+16  7.44697236e+10  3.84111919e+10  2.84286147e+12  1.09983382e+10
 1.16045000e+03  1.38783972e+17  4.90872563e+16  7.47248002e+10  3.97782142e+10  2.84286147e+12  1.09983382e+10
 1.16100000e+03  1.39245750e+17  5.07222072e+16  7.49734333e+10  4.11031085e+10  2.84286147e+12  1.09983382e+10
 1.16155000e+03  1.39695863e+17  5.23068384e+16  7.52157855e+10  4.23872259e+10  2.84286147e+12  1.09983382e+10
 1.16210000e+03  1.40134606e+17  5.38427617e+16  7.54520156e+10  4.36318725e+10  2.84286147e+12  1.09983382e+10
 1.16265000e+03  1.40562265e+17  5.53315354e+16  7.56822782e+10  4.48383111e+10  2.84286147e+12  1.09983382e+10
 1.16320000e+03  1.40979121e+17  5.67746661e+16  7.59067240e+10  4.60077625e+10  2.84286147e+12  1.09983382e+10
 1.16375000e+03  1.41385447e+17  5.81736101e+16  7.61255000e+10  4.71414069e+10  2.84286147e+12  1.09983382e+10
 1.16430000e+03  1.41781508e+17  5.95297758e+16  7.63387494e+10  4.82403856e+10  2.84286147e+12  1.09983382e+10
 1.16485000e+03  1.42167564e+17  6.08445249e+16  7.65466118e+10  4.93058021e+10  2.84286147e+12  1.09983382e+10
 1.16540000e+03  1.42543868e+17  6.21191739e+16  7.67492233e+10  5.03387232e+10  2.84286147e+12  1.09983382e+10
 1.16595000e+03  1.42910666e+17  6.33549961e+16  7.69467166e+10  5.13401806e+10  2.84286147e+12  1.09983382e+10
 1.16650000e+03  1.43268198e+17  6.45532226e+16  7.71392209e+10  5.23111722e+10  2.84286147e+12  1.09983382e+10
 1.16705000e+03  1.43616698e+17  6.57150441e+16  7.73268622e+10  5.32526627e+10  2.84286147e+12  1.09983382e+10
 1.16760000e+03  1.43956395e+17  6.68416120e+16  7.75097635e+10  5.41655851e+10  2.84286147e+12  1.09983382e+10
 1.16815000e+03  1.44287510e+17  6.79340398e+16  7.76880445e+10  5.50508420e+10  2.84286147e+12  1.09983382e+10
 1.16870000e+03  1.44610261e+17  6.89934047e+16  7.78618218e+10  5.59093060e+10  2.84286147e+12  1.09983382e+10
 1.16925000e+03  1.44924859e+17  7.00207484e+16  7.80312092e+10  5.67418214e+10  2.84286147e+12  1.09983382e+10
 1.16980000e+03  1.45231510e+17  7.10170785e+16  7.81963177e+10  5.75492047e+10  2.84286147e+12  1.09983382e+10
 1.17035000e+03  1.45530414e+17  7.19833695e+16  7.83572553e+10  5.83322457e+10  2.84286147e+12  1.09983382e+10
 1.17090000e+03  1.45821767e+17  7.29205644e+16  7.85141274e+10  5.90917083e+10  2.84286147e+12  1.09983382e+10
 1.17145000e+03  1.46105761e+17  7.38295752e+16  7.86670366e+10  5.98283318e+10  2.84286147e+12  1.09983382e+10
 1.17200000e+03  1.46382580e+17  7.47112842e+16  7.88160832e+10  6.05428311e+10  2.84286147e+12  1.09983382e+10
 1.17200000e+03  1.46382580e+17  7.47112842e+16  7.88160832e+10  6.05428311e+10  2.84286147e+12  1.09983382e+10
 1.17210000e+03  1.45703191e+17  7.48670359e+16  7.84502827e+10  6.06690456e+10  2.84286147e+12  1.09983382e+10
 1.17220000e+03  1.45026955e+17  7.50185587e+16  7.80861800e+10  6.07918332e+10  2.84286147e+12  1.09983382e+10
 1.17230000e+03  1.44353857e+17  7.51658968e+16  7.77237671e+10  6.09112297e+10  2.84286147e+12  1.09983382e+10
 1.17240000e+03  1.43683883e+17  7.53090939e+16  7.73630363e+10  6.10272705e+10  2.84286147e+12  1.09983382e+10
 1.17250000e+03  1.43017019e+17  7.54481933e+16  7.70039797e+10  6.11399907e+10  2.84286147e+12  1.09983382e+10
 1.17260000e+03  1.42353249e+17  7.55832379e+16  7.66465896e+10  6.12494251e+10  2.84286147e+12  1.09983382e+10
 1.17270000e+03  1.41692561e+17  7.57142704e+16  7.62908581e+10  6.13556082e+10  2.84286147e+12  1.09983382e+10
 1.17280000e+03  1.41034939e+17  7.58413330e+16  7.59367777e+10  6.14585743e+10  2.84286147e+12  1.09983382e+10
 1.17290000e+03  1.40380369e+17  7.59644676e+16  7.55843406e+10  6.15583574e+10  2.84286147e+12  1.09983382e+10
 1.17300000e+03  1.39728837e+17  7.60837158e+16  7.52335393e+10  6.16549910e+10  2.84286147e+12  1.09983382e+10
 1.17300000e+03  1.39728837e+17  7.60837158e+16  7.52335393e+10  6.16549910e+10  2.90531678e+12  1.09961385e+10
 1.17310000e+03  1.39080328e+17  7.61991186e+16  7.48843661e+10  6.17485085e+10  2.90531678e+12  1.09961385e+10
 1.17320000e+03  1.38434830e+17  7.63107170e+16  7.45368134e+10  6.18389430e+10  2.90531678e+12  1.09961385e+10
 1.17330000e+03  1.37792328e+17  7.64185513e+16  7.41908739e+10  6.19263273e+10  2.90531678e+12  1.09961385e+10
 1.17340000e+03  1.37152807e+17  7.65226616e+16  7.38465399e+10  6.20106939e+10  2.90531678e+12  1.09961385e+10
 1.17350000e+03  1.36516255e+17  7.66230879e+16  7.35038040e+10  6.20920751e+10  2.90531678e+12  1.09961385e+10
 1.17360000e+03  1.35882657e+17  7.67198694e+16  7.31626588e+10  6.21705027e+10  2.90531678e+12  1.09961385e+10
 1.17370000e+03  1.35252000e+17  7.68130453e+16  7.28230970e+10  6.22460084e+10  2.90531678e+12  1.09961385e+10
 1.17380000e+03  1.34624269e+17  7.69026544e+16  7.24851111e+10  6.23186238e+10  2.90531678e+12  1.09961385e+10
 1.17390000e+03  1.33999452e+17  7.69887350e+16  7.21486939e+10  6.23883798e+10  2.90531678e+12  1.09961385e+10
 1.17400000e+03  1.33377535e+17  7.70713252e+16  7.18138380e+10  6.24553075e+10  2.90531678e+12  1.09961385e+10
 1.17400000e+03  1.33377535e+17  0.00000000e+00  7.18138380e+10  0.00000000e+00  2.90531678e+12  1.09961385e+10
 1.17410000e+03  1.32758505e+17  6.16866888e+14  7.14805363e+10  4.99882557e+08  2.90531678e+12  1.09961385e+10
 1.17420000e+03  1.32142347e+17  1.22656688e+15  7.11487815e+10  9.93957367e+08  2.90531678e+12  1.09961385e+10
 1.17430000e+03  1.31529049e+17  1.82916326e+15  7.08185664e+10  1.48227572e+09  2.90531678e+12  1.09961385e+10
 1.17440000e+03  1.30918598e+17  2.42471883e+15  7.04898840e+10  1.96488849e+09  2.90531678e+12  1.09961385e+10
 1.17450000e+03  1.30310980e+17  3.01329586e+15  7.01627270e+10  2.44184616e+09  2.90531678e+12  1.09961385e+10
 1.17460000e+03  1.29706182e+17  3.59495616e+15  6.98370884e+10  2.91319880e+09  2.90531678e+12  1.09961385e+10
 1.17470000e+03  1.29104190e+17  4.16976103e+15  6.95129611e+10  3.37899609e+09  2.90531678e+12  1.09961385e+10
 1.17480000e+03  1.28504993e+17  4.73777127e+15  6.91903382e+10  3.83928731e+09  2.90531678e+12  1.09961385e+10
 1.17490000e+03  1.27908577e+17  5.29904722e+15  6.88692126e+10  4.29412135e+09  2.90531678e+12  1.09961385e+10
 1.17500000e+03  1.27314929e+17  5.85364872e+15  6.85495775e+10  4.74354670e+09  2.90531678e+12  1.09961385e+10
 1.17500000e+03  1.27314929e+17  5.85364872e+15  6.85495775e+10  4.74354670e+09  2.90531678e+12  1.09961385e+10
 1.17555000e+03  1.28065638e+17  8.83759579e+15  6.89537782e+10  7.16160985e+09  2.90531678e+12  1.09961385e+10
 1.17610000e+03  1.28797383e+17  1.17274227e+16  6.93477683e+10  9.50340209e+09  2.90531678e+12  1.09961385e+10
 1.17665000e+03  1.29510643e+17  1.45262152e+16  6.97318055e+10  1.17714238e+10  2.90531678e+12  1.09961385e+10
 1.17720000e+03  1.30205885e+17  1.72369540e+16  7.01061415e+10  1.39680907e+10  2.90531678e+12  1.09961385e+10
 1.17775000e+03  1.30883565e+17  1.98625190e+16  7.04710212e+10  1.60957363e+10  2.90531678e+12  1.09961385e+10
 1.17830000e+03  1.31544125e+17  2.24056926e+16  7.08266835e+10  1.81566155e+10  2.90531678e+12  1.09961385e+10
 1.17885000e+03  1.32187998e+17  2.48691630e+16  7.11733613e+10  2.01529066e+10  2.90531678e+12  1.09961385e+10
 1.17940000e+03  1.32815607e+17  2.72555276e+16  7.15112815e+10  2.20867145e+10  2.90531678e+12  1.09961385e+10
 1.17995000e+03  1.33427361e+17  2.95672961e+16  7.18406654e+10  2.39600729e+10  2.90531678e+12  1.09961385e+10
 1.18050000e+03  1.34023661e+17  3.18068937e+16  7.21617285e+10  2.57749470e+10  2.90531678e+12  1.09961385e+10
 1.18105000e+03  1.34604898e+17  3.39766636e+16  7.24746812e+10  2.75332358e+10  2.90531678e+12  1.09961385e+10
 1.18160000e+03  1.35171452e+17  3.60788706e+16  7.27797282e+10  2.92367745e+10  2.90531678e+12  1.09961385e+10
 1.18215000e+03  1.35723694e+17  3.81157030e+16  7.30770693e+10  3.08873364e+10  2.90531678e+12  1.09961385e+10
 1.18270000e+03  1.36261986e+17  4.00892758e+16  7.33668991e+10  3.24866355e+10  2.90531678e+12  1.09961385e+10
 1.18325000e+03  1.36786679e+17  4.20016330e+16  7.36494075e+10  3.40363280e+10  2.90531678e+12  1.09961385e+10
 1.18380000e+03  1.37298119e+17  4.38547502e+16  7.39247792e+10  3.55380150e+10  2.90531678e+12  1.09961385e+10
 1.18435000e+03  1.37796638e+17  4.56505368e+16  7.41931947e+10  3.69932436e+10  2.90531678e+12  1.09961385e+10
 1.18490000e+03  1.38282564e+17  4.73908384e+16  7.44548296e+10  3.84035096e+10  2.90531678e+12  1.09961385e+10
 1.18545000e+03  1.38756215e+17  4.90774389e+16  7.47098553e+10  3.97702586e+10  2.90531678e+12  1.09961385e+10
 1.18600000e+03  1.39217901e+17  5.07120627e+16  7.49584386e+10  4.10948879e+10  2.90531678e+12  1.09961385e+10
 1.18655000e+03  1.39667924e+17  5.22963770e+16  7.52007424e+10  4.23787484e+10  2.90531678e+12  1.09961385e+10
 1.18710000e+03  1.40106579e+17  5.38319932e+16  7.54369252e+10  4.36231461e+10  2.90531678e+12  1.09961385e+10
 1.18765000e+03  1.40534153e+17  5.53204691e+16  7.56671417e+10  4.48293434e+10  2.90531678e+12  1.09961385e+10
 1.18820000e+03  1.40950925e+17  5.67633111e+16  7.58915427e+10  4.59985609e+10  2.90531678e+12  1.09961385e+10
 1.18875000e+03  1.41357169e+17  5.81619754e+16  7.61102749e+10  4.71319786e+10  2.90531678e+12  1.09961385e+10
 1.18930000e+03  1.41753152e+17  5.95178699e+16  7.63234816e+10  4.82307376e+10  2.90531678e+12  1.09961385e+10
 1.18985000e+03  1.42139131e+17  6.08323560e+16  7.65313025e+10  4.92959409e+10  2.90531678e+12  1.09961385e+10
 1.19040000e+03  1.42515359e+17  6.21067501e+16  7.67338735e+10  5.03286554e+10  2.90531678e+12  1.09961385e+10
 1.19095000e+03  1.42882084e+17  6.33423251e+16  7.69313272e+10  5.13299126e+10  2.90531678e+12  1.09961385e+10
 1.19150000e+03  1.43239544e+17  6.45403120e+16  7.71237930e+10  5.23007100e+10  2.90531678e+12  1.09961385e+10
 1.19205000e+03  1.43587975e+17  6.57019011e+16  7.73113969e+10  5.32420121e+10  2.90531678e+12  1.09961385e+10
 1.19260000e+03  1.43927604e+17  6.68282436e+16  7.74942616e+10  5.41547520e+10  2.90531678e+12  1.09961385e+10
 1.19315000e+03  1.44258653e+17  6.79204530e+16  7.76725069e+10  5.50398318e+10  2.90531678e+12  1.09961385e+10
 1.19370000e+03  1.44581339e+17  6.89796061e+16  7.78462494e+10  5.58981241e+10  2.90531678e+12  1.09961385e+10
 1.19425000e+03  1.44895874e+17  7.00067443e+16  7.80156030e+10  5.67304730e+10  2.90531678e+12  1.09961385e+10
 1.19480000e+03  1.45202463e+17  7.10028750e+16  7.81806784e+10  5.75376948e+10  2.90531678e+12  1.09961385e+10
 1.19535000e+03  1.45501308e+17  7.19689729e+16  7.83415838e+10  5.83205792e+10  2.90531678e+12  1.09961385e+10
 1.19590000e+03  1.45792603e+17  7.29059803e+16  7.84984245e+10  5.90798900e+10  2.90531678e+12  1.09961385e+10
 1.19645000e+03  1.46076540e+17  7.38148093e+16  7.86513032e+10  5.98163662e+10  2.90531678e+12  1.09961385e+10
 1.19700000e+03  1.46353304e+17  7.46963419e+16  7.88003200e+10  6.05307225e+10  2.90531678e+12  1.09961385e+10
 1.19700000e+03  1.46353304e+17  7.46963419e+16  7.88003200e+10  6.05307225e+10  2.90531678e+12  1.09961385e+10
 1.19710000e+03  1.45674050e+17  7.48520625e+16  7.84345927e+10  6.06569118e+10  2.90531678e+12  1.09961385e+10
 1.19720000e+03  1.44997949e+17  7.50035550e+16  7.80705628e+10  6.07796749e+10  2.90531678e+12  1.09961385e+10
 1.19730000e+03  1.44324986e+17  7.51508637e+16  7.77082224e+10  6.08990475e+10  2.90531678e+12  1.09961385e+10
 1.19740000e+03  1.43655146e+17  7.52940321e+16  7.73475637e+10  6.10150651e+10  2.90531678e+12  1.09961385e+10
 1.19750000e+03  1.42988415e+17  7.54331036e+16  7.69885789e+10  6.11277627e+10  2.90531678e+12  1.09961385e+10
 1.19760000e+03  1.42324779e+17  7.55681212e+16  7.66312602e+10  6.12371752e+10  2.90531678e+12  1.09961385e+10
 1.19770000e+03  1.41664222e+17  7.56991275e+16  7.62755999e+10  6.13433371e+10  2.90531678e+12  1.09961385e+10
 1.19780000e+03  1.41006732e+17  7.58261648e+16  7.59215903e+10  6.14462826e+10  2.90531678e+12  1.09961385e+10
 1.19790000e+03  1.40352293e+17  7.59492748e+16  7.55692237e+10  6.15460457e+10  2.90531678e+12  1.09961385e+10
 1.19800000e+03  1.39700891e+17  7.60684991e+16  7.52184926e+10  6.16426600e+10  2.90531678e+12  1.09961385e+10
 1.19800000e+03  1.39700891e+17  7.60684991e+16  7.52184926e+10  6.16426600e+10  2.96775960e+12  1.09939393e+10
 1.19810000e+03  1.39052512e+17  7.61838788e+16  7.48693892e+10  6.17361588e+10  2.96775960e+12  1.09939393e+10
 1.19820000e+03  1.38407143e+17  7.62954548e+16  7.45219061e+10  6.18265752e+10  2.96775960e+12  1.09939393e+10
 1.19830000e+03  1.37764769e+17  7.64032675e+16  7.41760357e+10  6.19139421e+10  2.96775960e+12  1.09939393e+10
 1.19840000e+03  1.37125377e+17  7.65073571e+16  7.38317706e+10  6.19982918e+10  2.96775960e+12  1.09939393e+10
 1.19850000e+03  1.36488952e+17  7.66077633e+16  7.34891032e+10  6.20796566e+10  2.96775960e+12  1.09939393e+10
 1.19860000e+03  1.35855480e+17  7.67045254e+16  7.31480263e+10  6.21580686e+10  2.96775960e+12  1.09939393e+10
 1.19870000e+03  1.35224949e+17  7.67976827e+16  7.28085324e+10  6.22335592e+10  2.96775960e+12  1.09939393e+10
 1.19880000e+03  1.34597344e+17  7.68872738e+16  7.24706141e+10  6.23061601e+10  2.96775960e+12  1.09939393e+10
 1.19890000e+03  1.33972652e+17  7.69733372e+16  7.21342641e+10  6.23759022e+10  2.96775960e+12  1.09939393e+10
 1.19900000e+03  1.33350860e+17  7.70559110e+16  7.17994753e+10  6.24428164e+10  2.96775960e+12  1.09939393e+10
 1.19900000e+03  1.33350860e+17  0.00000000e+00  7.17994753e+10  0.00000000e+00  2.96775960e+12  1.09939393e+10
 1.19910000e+03  1.32731953e+17  6.16743515e+14  7.14662402e+10  4.99782581e+08  2.96775960e+12  1.09939393e+10
 1.19920000e+03  1.32115919e+17  1.22632156e+15  7.11345517e+10  9.93758575e+08  2.96775960e+12  1.09939393e+10
 1.19930000e+03  1.31502743e+17  1.82879743e+15  7.08044027e+10  1.48197926e+09  2.96775960e+12  1.09939393e+10
 1.19940000e+03  1.30892414e+17  2.42423388e+15  7.04757860e+10  1.96449551e+09  2.96775960e+12  1.09939393e+10
 1.19950000e+03  1.30284918e+17  3.01269320e+15  7.01486944e+10  2.44135779e+09  2.96775960e+12  1.09939393e+10
 1.19960000e+03  1.29680240e+17  3.59423717e+15  6.98231209e+10  2.91261616e+09  2.96775960e+12  1.09939393e+10
 1.19970000e+03  1.29078370e+17  4.16892707e+15  6.94990585e+10  3.37832030e+09  2.96775960e+12  1.09939393e+10
 1.19980000e+03  1.28479292e+17  4.73682371e+15  6.91765001e+10  3.83851946e+09  2.96775960e+12  1.09939393e+10
 1.19990000e+03  1.27882995e+17  5.29798741e+15  6.88554388e+10  4.29326252e+09  2.96775960e+12  1.09939393e+10
 1.20000000e+03  1.27289466e+17  5.85247799e+15  6.85358676e+10  4.74259799e+09  2.96775960e+12  1.09939393e+10
 1.20000000e+03  1.27289466e+17  5.85247799e+15  6.85358676e+10  4.74259799e+09  2.96775960e+12  1.09939393e+10
 1.20055000e+03  1.28040025e+17  8.83582827e+15  6.89399875e+10  7.16017753e+09  2.96775960e+12  1.09939393e+10
 1.20110000e+03  1.28771624e+17  1.17250773e+16  6.93338987e+10  9.50150141e+09  2.96775960e+12  1.09939393e+10
 1.20165000e+03  1.29484741e+17  1.45233099e+16  6.97178592e+10  1.17690696e+10  2.96775960e+12  1.09939393e+10
 1.20220000e+03  1.30179844e+17  1.72335066e+16  7.00921203e+10  1.39652971e+10  2.96775960e+12  1.09939393e+10
 1.20275000e+03  1.30857388e+17  1.98585465e+16  7.04569270e+10  1.60925172e+10  2.96775960e+12  1.09939393e+10
 1.20330000e+03  1.31517816e+17  2.24012115e+16  7.08125182e+10  1.81529842e+10  2.96775960e+12  1.09939393e+10
 1.20385000e+03  1.32161561e+17  2.48641892e+16  7.11591266e+10  2.01488760e+10  2.96775960e+12  1.09939393e+10
 1.20440000e+03  1.32789044e+17  2.72500765e+16  7.14969793e+10  2.20822971e+10  2.96775960e+12  1.09939393e+10
 1.20495000e+03  1.33400675e+17  2.95613826e+16  7.18262972e+10  2.39552809e+10  2.96775960e+12  1.09939393e+10
 1.20550000e+03  1.33996856e+17  3.18005323e+16  7.21472962e+10  2.57697920e+10  2.96775960e+12  1.09939393e+10
 1.20605000e+03  1.34577977e+17  3.39698683e+16  7.24601862e+10  2.75277292e+10  2.96775960e+12  1.09939393e+10
 1.20660000e+03  1.35144418e+17  3.60716548e+16  7.27651723e+10  2.92309271e+10  2.96775960e+12  1.09939393e+10
 1.20715000e+03  1.35696549e+17  3.81080799e+16  7.30624539e+10  3.08811590e+10  2.96775960e+12  1.09939393e+10
 1.20770000e+03  1.36234733e+17  4.00812580e+16  7.33522258e+10  3.24801381e+10  2.96775960e+12  1.09939393e+10
 1.20825000e+03  1.36759322e+17  4.19932327e+16  7.36346776e+10  3.40295207e+10  2.96775960e+12  1.09939393e+10
 1.20880000e+03  1.37270659e+17  4.38459793e+16  7.39099943e+10  3.55309074e+10  2.96775960e+12  1.09939393e+10
 1.20935000e+03  1.37769079e+17  4.56414067e+16  7.41783561e+10  3.69858450e+10  2.96775960e+12  1.09939393e+10
 1.20990000e+03  1.38254908e+17  4.73813602e+16  7.44399387e+10  3.83958289e+10  2.96775960e+12  1.09939393e+10
 1.21045000e+03  1.38728464e+17  4.90676234e+16  7.46949133e+10  3.97623045e+10  2.96775960e+12  1.09939393e+10
 1.21100000e+03  1.39190057e+17  5.07019203e+16  7.49434469e+10  4.10866689e+10  2.96775960e+12  1.09939393e+10
 1.21155000e+03  1.39639990e+17  5.22859177e+16  7.51857022e+10  4.23702727e+10  2.96775960e+12  1.09939393e+10
 1.21210000e+03  1.40078557e+17  5.38212268e+16  7.54218378e+10  4.36144215e+10  2.96775960e+12  1.09939393e+10
 1.21265000e+03  1.40506046e+17  5.53094050e+16  7.56520083e+10  4.48203776e+10  2.96775960e+12  1.09939393e+10
 1.21320000e+03  1.40922735e+17  5.67519585e+16  7.58763644e+10  4.59893612e+10  2.96775960e+12  1.09939393e+10
 1.21375000e+03  1.41328898e+17  5.81503430e+16  7.60950528e+10  4.71225522e+10  2.96775960e+12  1.09939393e+10
 1.21430000e+03  1.41724801e+17  5.95059663e+16  7.63082169e+10  4.82210914e+10  2.96775960e+12  1.09939393e+10
 1.21485000e+03  1.42110703e+17  6.08201895e+16  7.65159962e+10  4.92860817e+10  2.96775960e+12  1.09939393e+10
 1.21540000e+03  1.42486856e+17  6.20943287e+16  7.67185267e+10  5.03185897e+10  2.96775960e+12  1.09939393e+10
 1.21595000e+03  1.42853507e+17  6.33296566e+16  7.69159410e+10  5.13196466e+10  2.96775960e+12  1.09939393e+10
 1.21650000e+03  1.43210896e+17  6.45274039e+16  7.71083683e+10  5.22902498e+10  2.96775960e+12  1.09939393e+10
 1.21705000e+03  1.43559257e+17  6.56887607e+16  7.72959346e+10  5.32313637e+10  2.96775960e+12  1.09939393e+10
 1.21760000e+03  1.43898818e+17  6.68148780e+16  7.74787627e+10  5.41439210e+10  2.96775960e+12  1.09939393e+10
 1.21815000e+03  1.44229801e+17  6.79068689e+16  7.76569724e+10  5.50288238e+10  2.96775960e+12  1.09939393e+10
 1.21870000e+03  1.44552423e+17  6.89658101e+16  7.78306801e+10  5.58869445e+10  2.96775960e+12  1.09939393e+10
 1.21925000e+03  1.44866895e+17  6.99927429e+16  7.79999998e+10  5.67191269e+10  2.96775960e+12  1.09939393e+10
 1.21980000e+03  1.45173423e+17  7.09886745e+16  7.81650423e+10  5.75261873e+10  2.96775960e+12  1.09939393e+10
 1.22035000e+03  1.45472208e+17  7.19545791e+16  7.83259155e+10  5.83089151e+10  2.96775960e+12  1.09939393e+10
 1.22090000e+03  1.45763445e+17  7.28913991e+16  7.84827248e+10  5.90680740e+10  2.96775960e+12  1.09939393e+10
 1.22145000e+03  1.46047325e+17  7.38000464e+16  7.86355730e+10  5.98044029e+10  2.96775960e+12  1.09939393e+10
 1.22200000e+03  1.46324033e+17  7.46814027e+16  7.87845599e+10  6.05186164e+10  2.96775960e+12  1.09939393e+10
 1.22200000e+03  1.46324033e+17  7.46814027e+16  7.87845599e+10  6.05186164e+10  2.96775960e+12  1.09939393e+10
 1.22210000e+03  1.45644915e+17  7.48370921e+16  7.84189057e+10  6.06447804e+10  2.96775960e+12  1.09939393e+10
 1.22220000e+03  1.44968950e+17  7.49885543e+16  7.80549487e+10  6.07675189e+10  2.96775960e+12  1.09939393e+10
 1.22230000e+03  1.44296121e+17  7.51358335e+16  7.76926807e+10  6.08868677e+10  2.96775960e+12  1.09939393e+10
 1.22240000e+03  1.43626415e+17  7.52789733e+16  7.73320942e+10  6.10028620e+10  2.96775960e+12  1.09939393e+10
 1.22250000e+03  1.42959818e+17  7.54180170e+16  7.69731812e+10  6.11155371e+10  2.96775960e+12  1.09939393e+10
 1.22260000e+03  1.42296314e+17  7.55530076e+16  7.66159340e+10  6.12249278e+10  2.96775960e+12  1.09939393e+10
 1.22270000e+03  1.41635890e+17  7.56839877e+16  7.62603448e+10  6.13310684e+10  2.96775960e+12  1.09939393e+10
 1.22280000e+03  1.40978530e+17  7.58109995e+16  7.59064060e+10  6.14339934e+10  2.96775960e+12  1.09939393e+10
 1.22290000e+03  1.40324222e+17  7.59340849e+16  7.55541099e+10  6.15337365e+10  2.96775960e+12  1.09939393e+10
 1.22300000e+03  1.39672951e+17  7.60532854e+16  7.52034489e+10  6.16303315e+10  2.96775960e+12  1.09939393e+10
 1.22300000e+03  1.39672951e+17  7.60532854e+16  7.52034489e+10  6.16303315e+10  3.03018993e+12  1.09917405e+10
 1.22310000e+03  1.39024702e+17  7.61686420e+16  7.48544153e+10  6.17238116e+10  3.03018993e+12  1.09917405e+10
 1.22320000e+03  1.38379462e+17  7.62801957e+16  7.45070017e+10  6.18142099e+10  3.03018993e+12  1.09917405e+10
 1.22330000e+03  1.37737216e+17  7.63879869e+16  7.41612005e+10  6.19015593e+10  3.03018993e+12  1.09917405e+10
 1.22340000e+03  1.37097952e+17  7.64920556e+16  7.38170042e+10  6.19858921e+10  3.03018993e+12  1.09917405e+10
 1.22350000e+03  1.36461654e+17  7.65924417e+16  7.34744054e+10  6.20672407e+10  3.03018993e+12  1.09917405e+10
 1.22360000e+03  1.35828309e+17  7.66891845e+16  7.31333967e+10  6.21456370e+10  3.03018993e+12  1.09917405e+10
 1.22370000e+03  1.35197904e+17  7.67823232e+16  7.27939707e+10  6.22211125e+10  3.03018993e+12  1.09917405e+10
 1.22380000e+03  1.34570425e+17  7.68718964e+16  7.24561199e+10  6.22936988e+10  3.03018993e+12  1.09917405e+10
 1.22390000e+03  1.33945858e+17  7.69579425e+16  7.21198373e+10  6.23634270e+10  3.03018993e+12  1.09917405e+10
 1.22400000e+03  1.33324190e+17  7.70404998e+16  7.17851154e+10  6.24303278e+10  3.03018993e+12  1.09917405e+10
 1.22400000e+03  1.33324190e+17  0.00000000e+00  7.17851154e+10  0.00000000e+00  3.03018993e+12  1.09917405e+10
 1.22410000e+03  1.32705407e+17  6.16620166e+14  7.14519469e+10  4.99682624e+08  3.03018993e+12  1.09917405e+10
 1.22420000e+03  1.32089495e+17  1.22607630e+15  7.11203248e+10  9.93559824e+08  3.03018993e+12  1.09917405e+10
 1.22430000e+03  1.31476443e+17  1.82843167e+15  7.07902418e+10  1.48168287e+09  3.03018993e+12  1.09917405e+10
 1.22440000e+03  1.30866236e+17  2.42374904e+15  7.04616908e+10  1.96410261e+09  3.03018993e+12  1.09917405e+10
 1.22450000e+03  1.30258861e+17  3.01209067e+15  7.01346647e+10  2.44086952e+09  3.03018993e+12  1.09917405e+10
 1.22460000e+03  1.29654304e+17  3.59351832e+15  6.98091563e+10  2.91203364e+09  3.03018993e+12  1.09917405e+10
 1.22470000e+03  1.29052554e+17  4.16809329e+15  6.94851587e+10  3.37764463e+09  3.03018993e+12  1.09917405e+10
 1.22480000e+03  1.28453596e+17  4.73587635e+15  6.91626648e+10  3.83775175e+09  3.03018993e+12  1.09917405e+10
 1.22490000e+03  1.27857419e+17  5.29692781e+15  6.88416677e+10  4.29240387e+09  3.03018993e+12  1.09917405e+10
 1.22500000e+03  1.27264008e+17  5.85130749e+15  6.85221604e+10  4.74164947e+09  3.03018993e+12  1.09917405e+10
 1.22500000e+03  1.27264008e+17  5.85130749e+15  6.85221604e+10  4.74164947e+09  3.03018993e+12  1.09917405e+10
 1.22555000e+03  1.28014417e+17  8.83406110e+15  6.89261995e+10  7.15874550e+09  3.03018993e+12  1.09917405e+10
 1.22610000e+03  1.28745869e+17  1.17227322e+16  6.93200319e+10  9.49960111e+09  3.03018993e+12  1.09917405e+10
 1.22665000e+03  1.29458844e+17  1.45204053e+16  6.97039156e+10  1.17667157e+10  3.03018993e+12  1.09917405e+10
 1.22720000e+03  1.30153808e+17  1.72300599e+16  7.00781018e+10  1.39625040e+10  3.03018993e+12  1.09917405e+10
 1.22775000e+03  1.30831217e+17  1.98545748e+16  7.04428356e+10  1.60892987e+10  3.03018993e+12  1.09917405e+10
 1.22830000e+03  1.31491513e+17  2.23967312e+16  7.07983557e+10  1.81493536e+10  3.03018993e+12  1.09917405e+10
 1.22885000e+03  1.32135129e+17  2.48592163e+16  7.11448948e+10  2.01448463e+10  3.03018993e+12  1.09917405e+10
 1.22940000e+03  1.32762486e+17  2.72446265e+16  7.14826799e+10  2.20778807e+10  3.03018993e+12  1.09917405e+10
 1.22995000e+03  1.33373995e+17  2.95554704e+16  7.18119320e+10  2.39504898e+10  3.03018993e+12  1.09917405e+10
 1.23050000e+03  1.33970057e+17  3.17941722e+16  7.21328667e+10  2.57646380e+10  3.03018993e+12  1.09917405e+10
 1.23105000e+03  1.34551061e+17  3.39630743e+16  7.24456942e+10  2.75222236e+10  3.03018993e+12  1.09917405e+10
 1.23160000e+03  1.35117389e+17  3.60644405e+16  7.27506192e+10  2.92250810e+10  3.03018993e+12  1.09917405e+10
 1.23215000e+03  1.35669410e+17  3.81004583e+16  7.30478414e+10  3.08749827e+10  3.03018993e+12  1.09917405e+10
 1.23270000e+03  1.36207486e+17  4.00732417e+16  7.33375553e+10  3.24736421e+10  3.03018993e+12  1.09917405e+10
 1.23325000e+03  1.36731970e+17  4.19848341e+16  7.36199506e+10  3.40227148e+10  3.03018993e+12  1.09917405e+10
 1.23380000e+03  1.37243205e+17  4.38372101e+16  7.38952123e+10  3.55238012e+10  3.03018993e+12  1.09917405e+10
 1.23435000e+03  1.37741525e+17  4.56322784e+16  7.41635204e+10  3.69784478e+10  3.03018993e+12  1.09917405e+10
 1.23490000e+03  1.38227257e+17  4.73718839e+16  7.44250507e+10  3.83881498e+10  3.03018993e+12  1.09917405e+10
 1.23545000e+03  1.38700718e+17  4.90578098e+16  7.46799743e+10  3.97543521e+10  3.03018993e+12  1.09917405e+10
 1.23600000e+03  1.39162219e+17  5.06917799e+16  7.49284582e+10  4.10784516e+10  3.03018993e+12  1.09917405e+10
 1.23655000e+03  1.39612062e+17  5.22754605e+16  7.51706651e+10  4.23617986e+10  3.03018993e+12  1.09917405e+10
 1.23710000e+03  1.40050542e+17  5.38104625e+16  7.54067535e+10  4.36056986e+10  3.03018993e+12  1.09917405e+10
 1.23765000e+03  1.40477944e+17  5.52983432e+16  7.56368779e+10  4.48114135e+10  3.03018993e+12  1.09917405e+10
 1.23820000e+03  1.40894550e+17  5.67406081e+16  7.58611891e+10  4.59801633e+10  3.03018993e+12  1.09917405e+10
 1.23875000e+03  1.41300632e+17  5.81387129e+16  7.60798338e+10  4.71131277e+10  3.03018993e+12  1.09917405e+10
 1.23930000e+03  1.41696456e+17  5.94940651e+16  7.62929553e+10  4.82114472e+10  3.03018993e+12  1.09917405e+10
 1.23985000e+03  1.42082281e+17  6.08080255e+16  7.65006930e+10  4.92762245e+10  3.03018993e+12  1.09917405e+10
 1.24040000e+03  1.42458359e+17  6.20819099e+16  7.67031830e+10  5.03085260e+10  3.03018993e+12  1.09917405e+10
 1.24095000e+03  1.42824937e+17  6.33169907e+16  7.69005578e+10  5.13093827e+10  3.03018993e+12  1.09917405e+10
 1.24150000e+03  1.43182254e+17  6.45144984e+16  7.70929466e+10  5.22797918e+10  3.03018993e+12  1.09917405e+10
 1.24205000e+03  1.43530545e+17  6.56756230e+16  7.72804754e+10  5.32207175e+10  3.03018993e+12  1.09917405e+10
 1.24260000e+03  1.43870038e+17  6.68015150e+16  7.74632670e+10  5.41330923e+10  3.03018993e+12  1.09917405e+10
 1.24315000e+03  1.44200955e+17  6.78932876e+16  7.76414410e+10  5.50178181e+10  3.03018993e+12  1.09917405e+10
 1.24370000e+03  1.44523512e+17  6.89520170e+16  7.78151140e+10  5.58757671e+10  3.03018993e+12  1.09917405e+10
 1.24425000e+03  1.44837922e+17  6.99787444e+16  7.79843998e+10  5.67077831e+10  3.03018993e+12  1.09917405e+10
 1.24480000e+03  1.45144388e+17  7.09744767e+16  7.81494093e+10  5.75146821e+10  3.03018993e+12  1.09917405e+10
 1.24535000e+03  1.45443113e+17  7.19401882e+16  7.83102503e+10  5.82972533e+10  3.03018993e+12  1.09917405e+10
 1.24590000e+03  1.45734292e+17  7.28768209e+16  7.84670283e+10  5.90562604e+10  3.03018993e+12  1.09917405e+10
 1.24645000e+03  1.46018115e+17  7.37852863e+16  7.86198458e+10  5.97924420e+10  3.03018993e+12  1.09917405e+10
 1.24700000e+03  1.46294768e+17  7.46664664e+16  7.87688030e+10  6.05065127e+10  3.03018993e+12  1.09917405e+10
 1.24700000e+03  1.46294768e+17  7.46664664e+16  7.87688030e+10  6.05065127e+10  3.03018993e+12  1.09917405e+10
 1.24710000e+03  1.45615786e+17  7.48221247e+16  7.84032220e+10  6.06326515e+10  3.03018993e+12  1.09917405e+10
 1.24720000e+03  1.44939956e+17  7.49735566e+16  7.80393377e+10  6.07553654e+10  3.03018993e+12  1.09917405e+10
 1.24730000e+03  1.44267262e+17  7.51208063e+16  7.76771422e+10  6.08746903e+10  3.03018993e+12  1.09917405e+10
 1.24740000e+03  1.43597690e+17  7.52639175e+16  7.73166278e+10  6.09906615e+10  3.03018993e+12  1.09917405e+10
 1.24750000e+03  1.42931226e+17  7.54029334e+16  7.69577866e+10  6.11033140e+10  3.03018993e+12  1.09917405e+10
 1.24760000e+03  1.42267855e+17  7.55378970e+16  7.66006108e+10  6.12126828e+10  3.03018993e+12  1.09917405e+10
 1.24770000e+03  1.41607562e+17  7.56688509e+16  7.62450927e+10  6.13188022e+10  3.03018993e+12  1.09917405e+10
 1.24780000e+03  1.40950335e+17  7.57958373e+16  7.58912247e+10  6.14217066e+10  3.03018993e+12  1.09917405e+10
 1.24790000e+03  1.40296157e+17  7.59188981e+16  7.55389991e+10  6.15214298e+10  3.03018993e+12  1.09917405e+10
 1.24800000e+03  1.39645016e+17  7.60380747e+16  7.51884082e+10  6.16180054e+10  3.03018993e+12  1.09917405e+10
 1.24800000e+03  1.39645016e+17  7.60380747e+16  7.51884082e+10  6.16180054e+10  3.09260777e+12  1.09895422e+10
 1.24810000e+03  1.38996897e+17  7.61534083e+16  7.48394444e+10  6.17114668e+10  3.09260777e+12  1.09895422e+10
 1.24820000e+03  1.38351786e+17  7.62649397e+16  7.44921003e+10  6.18018471e+10  3.09260777e+12  1.09895422e+10
 1.24830000e+03  1.37709669e+17  7.63727093e+16  7.41463683e+10  6.18891790e+10  3.09260777e+12  1.09895422e+10
 1.24840000e+03  1.37070532e+17  7.64767572e+16  7.38022408e+10  6.19734950e+10  3.09260777e+12  1.09895422e+10
 1.24850000e+03  1.36434361e+17  7.65771232e+16  7.34597105e+10  6.20548273e+10  3.09260777e+12  1.09895422e+10
 1.24860000e+03  1.35801144e+17  7.66738467e+16  7.31187700e+10  6.21332078e+10  3.09260777e+12  1.09895422e+10
 1.24870000e+03  1.35170865e+17  7.67669667e+16  7.27794119e+10  6.22086683e+10  3.09260777e+12  1.09895422e+10
 1.24880000e+03  1.34543511e+17  7.68565220e+16  7.24416287e+10  6.22812401e+10  3.09260777e+12  1.09895422e+10
 1.24890000e+03  1.33919069e+17  7.69425510e+16  7.21054133e+10  6.23509543e+10  3.09260777e+12  1.09895422e+10
 1.24900000e+03  1.33297525e+17  7.70250917e+16  7.17707583e+10  6.24178418e+10  3.09260777e+12  1.09895422e+10
 1.24900000e+03  1.33297525e+17  0.00000000e+00  7.17707583e+10  0.00000000e+00  3.09260777e+12  1.09895422e+10
 1.24910000e+03  1.32678865e+17  6.16496842e+14  7.14376566e+10  4.99582688e+08  3.09260777e+12  1.09895422e+10
 1.24920000e+03  1.32063078e+17  1.22583109e+15  7.11061008e+10  9.93361112e+08  3.09260777e+12  1.09895422e+10
 1.24930000e+03  1.31450148e+17  1.82806598e+15  7.07760838e+10  1.48138653e+09  3.09260777e+12  1.09895422e+10
 1.24940000e+03  1.30840062e+17  2.42326429e+15  7.04475985e+10  1.96370979e+09  3.09260777e+12  1.09895422e+10
 1.24950000e+03  1.30232809e+17  3.01148825e+15  7.01206377e+10  2.44038135e+09  3.09260777e+12  1.09895422e+10
 1.24960000e+03  1.29628373e+17  3.59279962e+15  6.97951945e+10  2.91145123e+09  3.09260777e+12  1.09895422e+10
 1.24970000e+03  1.29026743e+17  4.16725967e+15  6.94712617e+10  3.37696910e+09  3.09260777e+12  1.09895422e+10
 1.24980000e+03  1.28427906e+17  4.73492917e+15  6.91488323e+10  3.83698420e+09  3.09260777e+12  1.09895422e+10
 1.24990000e+03  1.27831847e+17  5.29586842e+15  6.88278994e+10  4.29154539e+09  3.09260777e+12  1.09895422e+10
 1.25000000e+03  1.27238555e+17  5.85013723e+15  6.85084560e+10  4.74070114e+09  3.09260777e+12  1.09895422e+10
 1.25000000e+03  1.27238555e+17  5.85013723e+15  6.85084560e+10  4.74070114e+09  3.09260777e+12  1.09895422e+10
 1.25055000e+03  1.27988814e+17  8.83229429e+15  6.89124142e+10  7.15731375e+09  3.09260777e+12  1.09895422e+10
 1.25110000e+03  1.28720120e+17  1.17203877e+16  6.93061679e+10  9.49770119e+09  3.09260777e+12  1.09895422e+10
 1.25165000e+03  1.29432952e+17  1.45175012e+16  6.96899748e+10  1.17643624e+10  3.09260777e+12  1.09895422e+10
 1.25220000e+03  1.30127777e+17  1.72266139e+16  7.00640862e+10  1.39597115e+10  3.09260777e+12  1.09895422e+10
 1.25275000e+03  1.30805050e+17  1.98506039e+16  7.04287470e+10  1.60860808e+10  3.09260777e+12  1.09895422e+10
 1.25330000e+03  1.31465214e+17  2.23922519e+16  7.07841960e+10  1.81457237e+10  3.09260777e+12  1.09895422e+10
 1.25385000e+03  1.32108701e+17  2.48542445e+16  7.11306658e+10  2.01408173e+10  3.09260777e+12  1.09895422e+10
 1.25440000e+03  1.32735933e+17  2.72391775e+16  7.14683833e+10  2.20734651e+10  3.09260777e+12  1.09895422e+10
 1.25495000e+03  1.33347320e+17  2.95495593e+16  7.17975696e+10  2.39456997e+10  3.09260777e+12  1.09895422e+10
 1.25550000e+03  1.33943263e+17  3.17878133e+16  7.21184402e+10  2.57594851e+10  3.09260777e+12  1.09895422e+10
 1.25605000e+03  1.34524151e+17  3.39562817e+16  7.24312051e+10  2.75167192e+10  3.09260777e+12  1.09895422e+10
 1.25660000e+03  1.35090365e+17  3.60572276e+16  7.27360691e+10  2.92192359e+10  3.09260777e+12  1.09895422e+10
 1.25715000e+03  1.35642276e+17  3.80928382e+16  7.30332318e+10  3.08688077e+10  3.09260777e+12  1.09895422e+10
 1.25770000e+03  1.36180245e+17  4.00652271e+16  7.33228878e+10  3.24671474e+10  3.09260777e+12  1.09895422e+10
 1.25825000e+03  1.36704624e+17  4.19764371e+16  7.36052267e+10  3.40159103e+10  3.09260777e+12  1.09895422e+10
 1.25880000e+03  1.37215756e+17  4.38284426e+16  7.38804332e+10  3.55166964e+10  3.09260777e+12  1.09895422e+10
 1.25935000e+03  1.37713977e+17  4.56231520e+16  7.41486877e+10  3.69710521e+10  3.09260777e+12  1.09895422e+10
 1.25990000e+03  1.38199611e+17  4.73624095e+16  7.44101657e+10  3.83804721e+10  3.09260777e+12  1.09895422e+10
 1.26045000e+03  1.38672978e+17  4.90479983e+16  7.46650383e+10  3.97464012e+10  3.09260777e+12  1.09895422e+10
 1.26100000e+03  1.39134387e+17  5.06816416e+16  7.49134725e+10  4.10702359e+10  3.09260777e+12  1.09895422e+10
 1.26155000e+03  1.39584140e+17  5.22650054e+16  7.51556310e+10  4.23533263e+10  3.09260777e+12  1.09895422e+10
 1.26210000e+03  1.40022532e+17  5.37997004e+16  7.53916721e+10  4.35969775e+10  3.09260777e+12  1.09895422e+10
 1.26265000e+03  1.40449849e+17  5.52872835e+16  7.56217505e+10  4.48024512e+10  3.09260777e+12  1.09895422e+10
 1.26320000e+03  1.40866371e+17  5.67292600e+16  7.58460168e+10  4.59709673e+10  3.09260777e+12  1.09895422e+10
 1.26375000e+03  1.41272372e+17  5.81270852e+16  7.60646179e+10  4.71037051e+10  3.09260777e+12  1.09895422e+10
 1.26430000e+03  1.41668117e+17  5.94821663e+16  7.62776967e+10  4.82018049e+10  3.09260777e+12  1.09895422e+10
 1.26485000e+03  1.42053864e+17  6.07958638e+16  7.64853929e+10  4.92663693e+10  3.09260777e+12  1.09895422e+10
 1.26540000e+03  1.42429867e+17  6.20694935e+16  7.66878424e+10  5.02984643e+10  3.09260777e+12  1.09895422e+10
 1.26595000e+03  1.42796372e+17  6.33043273e+16  7.68851777e+10  5.12991208e+10  3.09260777e+12  1.09895422e+10
 1.26650000e+03  1.43153618e+17  6.45015955e+16  7.70775280e+10  5.22693358e+10  3.09260777e+12  1.09895422e+10
 1.26705000e+03  1.43501839e+17  6.56624878e+16  7.72650193e+10  5.32100733e+10  3.09260777e+12  1.09895422e+10
 1.26760000e+03  1.43841264e+17  6.67881547e+16  7.74477743e+10  5.41222656e+10  3.09260777e+12  1.09895422e+10
 1.26815000e+03  1.44172115e+17  6.78797089e+16  7.76259127e+10  5.50068145e+10  3.09260777e+12  1.09895422e+10
 1.26870000e+03  1.44494608e+17  6.89382266e+16  7.77995510e+10  5.58645920e+10  3.09260777e+12  1.09895422e+10
 1.26925000e+03  1.44808954e+17  6.99647486e+16  7.79688030e+10  5.66964415e+10  3.09260777e+12  1.09895422e+10
 1.26980000e+03  1.45115359e+17  7.09602818e+16  7.81337794e+10  5.75031791e+10  3.09260777e+12  1.09895422e+10
 1.27035000e+03  1.45414025e+17  7.19258001e+16  7.82945883e+10  5.82855939e+10  3.09260777e+12  1.09895422e+10
 1.27090000e+03  1.45705145e+17  7.28622455e+16  7.84513349e+10  5.90444492e+10  3.09260777e+12  1.09895422e+10
 1.27145000e+03  1.45988911e+17  7.37705293e+16  7.86041219e+10  5.97804835e+10  3.09260777e+12  1.09895422e+10
 1.27200000e+03  1.46265509e+17  7.46515331e+16  7.87530492e+10  6.04944114e+10  3.09260777e+12  1.09895422e+10
 1.27200000e+03  1.46265509e+17  7.46515331e+16  7.87530492e+10  6.04944114e+10  3.09260777e+12  1.09895422e+10
 1.27210000e+03  1.45586663e+17  7.48071602e+16  7.83875413e+10  6.06205249e+10  3.09260777e+12  1.09895422e+10
 1.27220000e+03  1.44910968e+17  7.49585619e+16  7.80237298e+10  6.07432144e+10  3.09260777e+12  1.09895422e+10
 1.27230000e+03  1.44238408e+17  7.51057822e+16  7.76616068e+10  6.08625154e+10  3.09260777e+12  1.09895422e+10
 1.27240000e+03  1.43568970e+17  7.52488647e+16  7.73011645e+10  6.09784633e+10  3.09260777e+12  1.09895422e+10
 1.27250000e+03  1.42902639e+17  7.53878528e+16  7.69423950e+10  6.10910934e+10  3.09260777e+12  1.09895422e+10
 1.27260000e+03  1.42239401e+17  7.55227894e+16  7.65852907e+10  6.12004402e+10  3.09260777e+12  1.09895422e+10
 1.27270000e+03  1.41579241e+17  7.56537171e+16  7.62298437e+10  6.13065385e+10  3.09260777e+12  1.09895422e+10
 1.27280000e+03  1.40922145e+17  7.57806782e+16  7.58760465e+10  6.14094222e+10  3.09260777e+12  1.09895422e+10
 1.27290000e+03  1.40268098e+17  7.59037143e+16  7.55238913e+10  6.15091255e+10  3.09260777e+12  1.09895422e+10
 1.27300000e+03  1.39617087e+17  7.60228671e+16  7.51733705e+10  6.16056818e+10  3.09260777e+12  1.09895422e+10
 1.27300000e+03  1.39617087e+17  7.60228671e+16  7.51733705e+10  6.16056818e+10  3.15501313e+12  1.09873443e+10
 1.27310000e+03  1.38969098e+17  7.61381776e+16  7.48244765e+10  6.16991245e+10  3.15501313e+12  1.09873443e+10
 1.27320000e+03  1.38324115e+17  7.62496867e+16  7.44772019e+10  6.17894867e+10  3.15501313e+12  1.09873443e+10
 1.27330000e+03  1.37682127e+17  7.63574348e+16  7.41315390e+10  6.18768011e+10  3.15501313e+12  1.09873443e+10
 1.27340000e+03  1.37043118e+17  7.64614619e+16  7.37874804e+10  6.19611003e+10  3.15501313e+12  1.09873443e+10
 1.27350000e+03  1.36407075e+17  7.65618078e+16  7.34450186e+10  6.20424163e+10  3.15501313e+12  1.09873443e+10
 1.27360000e+03  1.35773983e+17  7.66585119e+16  7.31041463e+10  6.21207812e+10  3.15501313e+12  1.09873443e+10
 1.27370000e+03  1.35143830e+17  7.67516133e+16  7.27648560e+10  6.21962266e+10  3.15501313e+12  1.09873443e+10
 1.27380000e+03  1.34516602e+17  7.68411507e+16  7.24271404e+10  6.22687838e+10  3.15501313e+12  1.09873443e+10
 1.27390000e+03  1.33892285e+17  7.69271624e+16  7.20909922e+10  6.23384841e+10  3.15501313e+12  1.09873443e+10
 1.27400000e+03  1.33270865e+17  7.70096867e+16  7.17564042e+10  6.24053582e+10  3.15501313e+12  1.09873443e+10
 1.27400000e+03  1.33270865e+17  0.00000000e+00  7.17564042e+10  0.00000000e+00  3.15501313e+12  1.09873443e+10
 1.27410000e+03  1.32652330e+17  6.16373542e+14  7.14233690e+10  4.99482771e+08  3.15501313e+12  1.09873443e+10
 1.27420000e+03  1.32036665e+17  1.22558592e+15  7.10918795e+10  9.93162439e+08  3.15501313e+12  1.09873443e+10
 1.27430000e+03  1.31423858e+17  1.82770037e+15  7.07619286e+10  1.48109025e+09  3.15501313e+12  1.09873443e+10
 1.27440000e+03  1.30813894e+17  2.42277963e+15  7.04335090e+10  1.96331705e+09  3.15501313e+12  1.09873443e+10
 1.27450000e+03  1.30206762e+17  3.01088595e+15  7.01066136e+10  2.43989327e+09  3.15501313e+12  1.09873443e+10
 1.27460000e+03  1.29602448e+17  3.59208106e+15  6.97812354e+10  2.91086894e+09  3.15501313e+12  1.09873443e+10
 1.27470000e+03  1.29000938e+17  4.16642622e+15  6.94573674e+10  3.37629371e+09  3.15501313e+12  1.09873443e+10
 1.27480000e+03  1.28402220e+17  4.73398219e+15  6.91350025e+10  3.83621681e+09  3.15501313e+12  1.09873443e+10
 1.27490000e+03  1.27806281e+17  5.29480925e+15  6.88141338e+10  4.29068708e+09  3.15501313e+12  1.09873443e+10
 1.27500000e+03  1.27213108e+17  5.84896720e+15  6.84947543e+10  4.73975300e+09  3.15501313e+12  1.09873443e+10
 1.27500000e+03  1.27213108e+17  5.84896720e+15  6.84947543e+10  4.73975300e+09  3.15501313e+12  1.09873443e+10
 1.27555000e+03  1.27963216e+17  8.83052783e+15  6.88986317e+10  7.15588228e+09  3.15501313e+12  1.09873443e+10
 1.27610000e+03  1.28694376e+17  1.17180436e+16  6.92923067e+10  9.49580165e+09  3.15501313e+12  1.09873443e+10
 1.27665000e+03  1.29407066e+17  1.45145977e+16  6.96760368e+10  1.17620095e+10  3.15501313e+12  1.09873443e+10
 1.27720000e+03  1.30101752e+17  1.72231686e+16  7.00500734e+10  1.39569196e+10  3.15501313e+12  1.09873443e+10
 1.27775000e+03  1.30778889e+17  1.98466338e+16  7.04146613e+10  1.60828636e+10  3.15501313e+12  1.09873443e+10
 1.27830000e+03  1.31438921e+17  2.23877734e+16  7.07700392e+10  1.81420946e+10  3.15501313e+12  1.09873443e+10
 1.27885000e+03  1.32082280e+17  2.48492736e+16  7.11164397e+10  2.01367891e+10  3.15501313e+12  1.09873443e+10
 1.27940000e+03  1.32709386e+17  2.72337297e+16  7.14540896e+10  2.20690504e+10  3.15501313e+12  1.09873443e+10
 1.27995000e+03  1.33320651e+17  2.95436494e+16  7.17832101e+10  2.39409106e+10  3.15501313e+12  1.09873443e+10
 1.28050000e+03  1.33916474e+17  3.17814558e+16  7.21040165e+10  2.57543332e+10  3.15501313e+12  1.09873443e+10
 1.28105000e+03  1.34497246e+17  3.39494905e+16  7.24167188e+10  2.75112159e+10  3.15501313e+12  1.09873443e+10
 1.28160000e+03  1.35063347e+17  3.60500162e+16  7.27215219e+10  2.92133921e+10  3.15501313e+12  1.09873443e+10
 1.28215000e+03  1.35615148e+17  3.80852196e+16  7.30186252e+10  3.08626340e+10  3.15501313e+12  1.09873443e+10
 1.28270000e+03  1.36153009e+17  4.00572140e+16  7.33082232e+10  3.24606539e+10  3.15501313e+12  1.09873443e+10
 1.28325000e+03  1.36677283e+17  4.19680418e+16  7.35905056e+10  3.40091071e+10  3.15501313e+12  1.09873443e+10
 1.28380000e+03  1.37188313e+17  4.38196770e+16  7.38656571e+10  3.55095931e+10  3.15501313e+12  1.09873443e+10
 1.28435000e+03  1.37686434e+17  4.56140273e+16  7.41338579e+10  3.69636579e+10  3.15501313e+12  1.09873443e+10
 1.28490000e+03  1.38171971e+17  4.73529371e+16  7.43952836e+10  3.83727960e+10  3.15501313e+12  1.09873443e+10
 1.28545000e+03  1.38645243e+17  4.90381887e+16  7.46501053e+10  3.97384519e+10  3.15501313e+12  1.09873443e+10
 1.28600000e+03  1.39106560e+17  5.06715053e+16  7.48984898e+10  4.10620218e+10  3.15501313e+12  1.09873443e+10
 1.28655000e+03  1.39556223e+17  5.22545524e+16  7.51405998e+10  4.23448556e+10  3.15501313e+12  1.09873443e+10
 1.28710000e+03  1.39994527e+17  5.37889405e+16  7.53765938e+10  4.35882581e+10  3.15501313e+12  1.09873443e+10
 1.28765000e+03  1.40421759e+17  5.52762260e+16  7.56066262e+10  4.47934907e+10  3.15501313e+12  1.09873443e+10
 1.28820000e+03  1.40838198e+17  5.67179141e+16  7.58308476e+10  4.59617731e+10  3.15501313e+12  1.09873443e+10
 1.28875000e+03  1.41244118e+17  5.81154598e+16  7.60494049e+10  4.70942844e+10  3.15501313e+12  1.09873443e+10
 1.28930000e+03  1.41639783e+17  5.94702698e+16  7.62624412e+10  4.81921645e+10  3.15501313e+12  1.09873443e+10
 1.28985000e+03  1.42025453e+17  6.07837047e+16  7.64700958e+10  4.92565160e+10  3.15501313e+12  1.09873443e+10
 1.29040000e+03  1.42401381e+17  6.20570796e+16  7.66725048e+10  5.02884046e+10  3.15501313e+12  1.09873443e+10
 1.29095000e+03  1.42767812e+17  6.32916664e+16  7.68698006e+10  5.12888610e+10  3.15501313e+12  1.09873443e+10
 1.29150000e+03  1.43124987e+17  6.44886952e+16  7.70621125e+10  5.22588819e+10  3.15501313e+12  1.09873443e+10
 1.29205000e+03  1.43473139e+17  6.56493553e+16  7.72495663e+10  5.31994313e+10  3.15501313e+12  1.09873443e+10
 1.29260000e+03  1.43812496e+17  6.67747971e+16  7.74322848e+10  5.41114412e+10  3.15501313e+12  1.09873443e+10
 1.29315000e+03  1.44143280e+17  6.78661330e+16  7.76103875e+10  5.49958131e+10  3.15501313e+12  1.09873443e+10
 1.29370000e+03  1.44465709e+17  6.89244389e+16  7.77839911e+10  5.58534190e+10  3.15501313e+12  1.09873443e+10
 1.29425000e+03  1.44779992e+17  6.99507557e+16  7.79532092e+10  5.66851023e+10  3.15501313e+12  1.09873443e+10
 1.29480000e+03  1.45086336e+17  7.09460898e+16  7.81181526e+10  5.74916785e+10  3.15501313e+12  1.09873443e+10
 1.29535000e+03  1.45384942e+17  7.19114150e+16  7.82789294e+10  5.82739367e+10  3.15501313e+12  1.09873443e+10
 1.29590000e+03  1.45676004e+17  7.28476730e+16  7.84356446e+10  5.90326403e+10  3.15501313e+12  1.09873443e+10
 1.29645000e+03  1.45959714e+17  7.37557752e+16  7.85884011e+10  5.97685274e+10  3.15501313e+12  1.09873443e+10
 1.29700000e+03  1.46236256e+17  7.46366028e+16  7.87372986e+10  6.04823125e+10  3.15501313e+12  1.09873443e+10
 1.29700000e+03  1.46236256e+17  7.46366028e+16  7.87372986e+10  6.04823125e+10  3.15501313e+12  1.09873443e+10
 1.29710000e+03  1.45557546e+17  7.47921988e+16  7.83718638e+10  6.06084008e+10  3.15501313e+12  1.09873443e+10
 1.29720000e+03  1.44881986e+17  7.49435702e+16  7.80081250e+10  6.07310657e+10  3.15501313e+12  1.09873443e+10
 1.29730000e+03  1.44209561e+17  7.50907610e+16  7.76460745e+10  6.08503429e+10  3.15501313e+12  1.09873443e+10
 1.29740000e+03  1.43540257e+17  7.52338149e+16  7.72857042e+10  6.09662676e+10  3.15501313e+12  1.09873443e+10
 1.29750000e+03  1.42874059e+17  7.53727752e+16  7.69270065e+10  6.10788751e+10  3.15501313e+12  1.09873443e+10
 1.29760000e+03  1.42210953e+17  7.55076849e+16  7.65699736e+10  6.11882002e+10  3.15501313e+12  1.09873443e+10
 1.29770000e+03  1.41550925e+17  7.56385864e+16  7.62145978e+10  6.12942772e+10  3.15501313e+12  1.09873443e+10
 1.29780000e+03  1.40893960e+17  7.57655220e+16  7.58608713e+10  6.13971404e+10  3.15501313e+12  1.09873443e+10
 1.29790000e+03  1.40240044e+17  7.58885336e+16  7.55087865e+10  6.14968236e+10  3.15501313e+12  1.09873443e+10
 1.29800000e+03  1.39589164e+17  7.60076625e+16  7.51583358e+10  6.15933607e+10  3.15501313e+12  1.09873443e+10
 1.29800000e+03  1.39589164e+17  7.60076625e+16  7.51583358e+10  6.15933607e+10  3.21740600e+12  1.09851468e+10
 1.29810000e+03  1.38941304e+17  7.61229500e+16  7.48095117e+10  6.16867847e+10  3.21740600e+12  1.09851468e+10
 1.29820000e+03  1.38296451e+17  7.62344368e+16  7.44623064e+10  6.17771288e+10  3.21740600e+12  1.09851468e+10
 1.29830000e+03  1.37654590e+17  7.63421633e+16  7.41167127e+10  6.18644258e+10  3.21740600e+12  1.09851468e+10
 1.29840000e+03  1.37015709e+17  7.64461696e+16  7.37727229e+10  6.19487080e+10  3.21740600e+12  1.09851468e+10
 1.29850000e+03  1.36379793e+17  7.65464954e+16  7.34303296e+10  6.20300078e+10  3.21740600e+12  1.09851468e+10
 1.29860000e+03  1.35746829e+17  7.66431802e+16  7.30895254e+10  6.21083570e+10  3.21740600e+12  1.09851468e+10
 1.29870000e+03  1.35116802e+17  7.67362630e+16  7.27503030e+10  6.21837873e+10  3.21740600e+12  1.09851468e+10
 1.29880000e+03  1.34489699e+17  7.68257825e+16  7.24126550e+10  6.22563301e+10  3.21740600e+12  1.09851468e+10
 1.29890000e+03  1.33865506e+17  7.69117770e+16  7.20765740e+10  6.23260164e+10  3.21740600e+12  1.09851468e+10
 1.29900000e+03  1.33244211e+17  7.69942847e+16  7.17420529e+10  6.23928771e+10  3.21740600e+12  1.09851468e+10
 1.29900000e+03  1.33244211e+17  0.00000000e+00  7.17420529e+10  0.00000000e+00  3.21740600e+12  1.09851468e+10
 1.29910000e+03  1.32625799e+17  6.16250268e+14  7.14090843e+10  4.99382875e+08  3.21740600e+12  1.09851468e+10
 1.29920000e+03  1.32010258e+17  1.22534080e+15  7.10776612e+10  9.92963807e+08  3.21740600e+12  1.09851468e+10
 1.29930000e+03  1.31397573e+17  1.82733483e+15  7.07477762e+10  1.48079403e+09  3.21740600e+12  1.09851468e+10
 1.29940000e+03  1.30787732e+17  2.42229508e+15  7.04194223e+10  1.96292439e+09  3.21740600e+12  1.09851468e+10
 1.29950000e+03  1.30180721e+17  3.01028377e+15  7.00925923e+10  2.43940529e+09  3.21740600e+12  1.09851468e+10
 1.29960000e+03  1.29576527e+17  3.59136264e+15  6.97672792e+10  2.91028677e+09  3.21740600e+12  1.09851468e+10
 1.29970000e+03  1.28975138e+17  4.16559293e+15  6.94434760e+10  3.37561845e+09  3.21740600e+12  1.09851468e+10
 1.29980000e+03  1.28376540e+17  4.73303539e+15  6.91211755e+10  3.83544956e+09  3.21740600e+12  1.09851468e+10
 1.29990000e+03  1.27780720e+17  5.29375029e+15  6.88003710e+10  4.28982894e+09  3.21740600e+12  1.09851468e+10
 1.30000000e+03  1.27187665e+17  5.84779741e+15  6.84810553e+10  4.73880505e+09  3.21740600e+12  1.09851468e+10
 1.30000000e+03  1.27187665e+17  5.84779741e+15  6.84810553e+10  4.73880505e+09  3.21740600e+12  1.09851468e+10
 1.30055000e+03  1.27937624e+17  8.82876173e+15  6.88848520e+10  7.15445111e+09  3.21740600e+12  1.09851468e+10
 1.30110000e+03  1.28668637e+17  1.17157000e+16  6.92784482e+10  9.49390249e+09  3.21740600e+12  1.09851468e+10
 1.30165000e+03  1.29381184e+17  1.45116948e+16  6.96621016e+10  1.17596571e+10  3.21740600e+12  1.09851468e+10
 1.30220000e+03  1.30075732e+17  1.72197239e+16  7.00360634e+10  1.39541282e+10  3.21740600e+12  1.09851468e+10
 1.30275000e+03  1.30752733e+17  1.98426644e+16  7.04005784e+10  1.60796470e+10  3.21740600e+12  1.09851468e+10
 1.30330000e+03  1.31412633e+17  2.23832959e+16  7.07558852e+10  1.81384662e+10  3.21740600e+12  1.09851468e+10
 1.30385000e+03  1.32055863e+17  2.48443038e+16  7.11022164e+10  2.01327618e+10  3.21740600e+12  1.09851468e+10
 1.30440000e+03  1.32682844e+17  2.72282830e+16  7.14397988e+10  2.20646366e+10  3.21740600e+12  1.09851468e+10
 1.30495000e+03  1.33293987e+17  2.95377406e+16  7.17688534e+10  2.39361224e+10  3.21740600e+12  1.09851468e+10
 1.30550000e+03  1.33889691e+17  3.17750995e+16  7.20895957e+10  2.57491824e+10  3.21740600e+12  1.09851468e+10
 1.30605000e+03  1.34470347e+17  3.39427006e+16  7.24022355e+10  2.75057136e+10  3.21740600e+12  1.09851468e+10
 1.30660000e+03  1.35036335e+17  3.60428062e+16  7.27069776e+10  2.92075494e+10  3.21740600e+12  1.09851468e+10
 1.30715000e+03  1.35588025e+17  3.80776026e+16  7.30040215e+10  3.08564614e+10  3.21740600e+12  1.09851468e+10
 1.30770000e+03  1.36125778e+17  4.00492026e+16  7.32935616e+10  3.24541618e+10  3.21740600e+12  1.09851468e+10
 1.30825000e+03  1.36649947e+17  4.19596482e+16  7.35757875e+10  3.40023053e+10  3.21740600e+12  1.09851468e+10
 1.30880000e+03  1.37160875e+17  4.38109130e+16  7.38508840e+10  3.55024912e+10  3.21740600e+12  1.09851468e+10
 1.30935000e+03  1.37658896e+17  4.56049045e+16  7.41190312e+10  3.69562652e+10  3.21740600e+12  1.09851468e+10
 1.30990000e+03  1.38144337e+17  4.73434665e+16  7.43804046e+10  3.83651215e+10  3.21740600e+12  1.09851468e+10
 1.31045000e+03  1.38617514e+17  4.90283810e+16  7.46351753e+10  3.97305042e+10  3.21740600e+12  1.09851468e+10
 1.31100000e+03  1.39078739e+17  5.06613710e+16  7.48835101e+10  4.10538094e+10  3.21740600e+12  1.09851468e+10
 1.31155000e+03  1.39528312e+17  5.22441015e+16  7.51255717e+10  4.23363866e+10  3.21740600e+12  1.09851468e+10
 1.31210000e+03  1.39966528e+17  5.37781827e+16  7.53615185e+10  4.35795404e+10  3.21740600e+12  1.09851468e+10
 1.31265000e+03  1.40393675e+17  5.52651708e+16  7.55915049e+10  4.47845320e+10  3.21740600e+12  1.09851468e+10
 1.31320000e+03  1.40810031e+17  5.67065705e+16  7.58156815e+10  4.59525808e+10  3.21740600e+12  1.09851468e+10
 1.31375000e+03  1.41215869e+17  5.81038367e+16  7.60341951e+10  4.70848655e+10  3.21740600e+12  1.09851468e+10
 1.31430000e+03  1.41611455e+17  5.94583758e+16  7.62471887e+10  4.81825261e+10  3.21740600e+12  1.09851468e+10
 1.31485000e+03  1.41997048e+17  6.07715479e+16  7.64548018e+10  4.92466647e+10  3.21740600e+12  1.09851468e+10
 1.31540000e+03  1.42372901e+17  6.20446682e+16  7.66571703e+10  5.02783469e+10  3.21740600e+12  1.09851468e+10
 1.31595000e+03  1.42739259e+17  6.32790081e+16  7.68544267e+10  5.12786032e+10  3.21740600e+12  1.09851468e+10
 1.31650000e+03  1.43096362e+17  6.44757975e+16  7.70467001e+10  5.22484302e+10  3.21740600e+12  1.09851468e+10
 1.31705000e+03  1.43444444e+17  6.56362255e+16  7.72341164e+10  5.31887914e+10  3.21740600e+12  1.09851468e+10
 1.31760000e+03  1.43783733e+17  6.67614421e+16  7.74167983e+10  5.41006189e+10  3.21740600e+12  1.09851468e+10
 1.31815000e+03  1.44114452e+17  6.78525597e+16  7.75948654e+10  5.49848140e+10  3.21740600e+12  1.09851468e+10
 1.31870000e+03  1.44436816e+17  6.89106540e+16  7.77684343e+10  5.58422484e+10  3.21740600e+12  1.09851468e+10
 1.31925000e+03  1.44751036e+17  6.99367655e+16  7.79376186e+10  5.66737652e+10  3.21740600e+12  1.09851468e+10
 1.31980000e+03  1.45057319e+17  7.09319006e+16  7.81025290e+10  5.74801801e+10  3.21740600e+12  1.09851468e+10
 1.32035000e+03  1.45355865e+17  7.18970327e+16  7.82632736e+10  5.82622819e+10  3.21740600e+12  1.09851468e+10
 1.32090000e+03  1.45646869e+17  7.28331035e+16  7.84199575e+10  5.90208337e+10  3.21740600e+12  1.09851468e+10
 1.32145000e+03  1.45930522e+17  7.37410240e+16  7.85726834e+10  5.97565737e+10  3.21740600e+12  1.09851468e+10
 1.32200000e+03  1.46207009e+17  7.46216755e+16  7.87215512e+10  6.04702160e+10  3.21740600e+12  1.09851468e+10
 1.32200000e+03  1.46207009e+17  7.46216755e+16  7.87215512e+10  6.04702160e+10  3.21740600e+12  1.09851468e+10
 1.32210000e+03  1.45528434e+17  7.47772404e+16  7.83561894e+10  6.05962791e+10  3.21740600e+12  1.09851468e+10
 1.32220000e+03  1.44853009e+17  7.49285815e+16  7.79925234e+10  6.07189195e+10  3.21740600e+12  1.09851468e+10
 1.32230000e+03  1.44180719e+17  7.50757428e+16  7.76305452e+10  6.08381728e+10  3.21740600e+12  1.09851468e+10
 1.32240000e+03  1.43511549e+17  7.52187682e+16  7.72702471e+10  6.09540744e+10  3.21740600e+12  1.09851468e+10
 1.32250000e+03  1.42845484e+17  7.53577007e+16  7.69116211e+10  6.10666594e+10  3.21740600e+12  1.09851468e+10
 1.32260000e+03  1.42182511e+17  7.54925833e+16  7.65546596e+10  6.11759625e+10  3.21740600e+12  1.09851468e+10
 1.32270000e+03  1.41522615e+17  7.56234587e+16  7.61993548e+10  6.12820183e+10  3.21740600e+12  1.09851468e+10
 1.32280000e+03  1.40865781e+17  7.57503689e+16  7.58456991e+10  6.13848609e+10  3.21740600e+12  1.09851468e+10
 1.32290000e+03  1.40211996e+17  7.58733559e+16  7.54936847e+10  6.14845243e+10  3.21740600e+12  1.09851468e+10
 1.32300000e+03  1.39561246e+17  7.59924610e+16  7.51433042e+10  6.15810420e+10  3.21740600e+12  1.09851468e+10
 1.32300000e+03  1.39561246e+17  7.59924610e+16  7.51433042e+10  6.15810420e+10  3.27978640e+12  1.09829498e+10
 1.32310000e+03  1.38913515e+17  7.61077254e+16  7.47945498e+10  6.16744473e+10  3.27978640e+12  1.09829498e+10
 1.32320000e+03  1.38268791e+17  7.62191899e+16  7.44474140e+10  6.17647734e+10  3.27978640e+12  1.09829498e+10
 1.32330000e+03  1.37627059e+17  7.63268948e+16  7.41018893e+10  6.18520529e+10  3.27978640e+12  1.09829498e+10
 1.32340000e+03  1.36988306e+17  7.64308803e+16  7.37579683e+10  6.19363183e+10  3.27978640e+12  1.09829498e+10
 1.32350000e+03  1.36352517e+17  7.65311861e+16  7.34156435e+10  6.20176018e+10  3.27978640e+12  1.09829498e+10
 1.32360000e+03  1.35719679e+17  7.66278516e+16  7.30749075e+10  6.20959354e+10  3.27978640e+12  1.09829498e+10
 1.32370000e+03  1.35089778e+17  7.67209157e+16  7.27357529e+10  6.21713506e+10  3.27978640e+12  1.09829498e+10
 1.32380000e+03  1.34462801e+17  7.68104173e+16  7.23981724e+10  6.22438788e+10  3.27978640e+12  1.09829498e+10
 1.32390000e+03  1.33838733e+17  7.68963947e+16  7.20621587e+10  6.23135512e+10  3.27978640e+12  1.09829498e+10
 1.32400000e+03  1.33217562e+17  7.69788859e+16  7.17277045e+10  6.23803985e+10  3.27978640e+12  1.09829498e+10
 1.32400000e+03  1.33217562e+17  0.00000000e+00  7.17277045e+10  0.00000000e+00  3.27978640e+12  1.09829498e+10
 1.32410000e+03  1.32599274e+17  6.16127018e+14  7.13948025e+10  4.99282998e+08  3.27978640e+12  1.09829498e+10
 1.32420000e+03  1.31983856e+17  1.22509573e+15  7.10634456e+10  9.92765214e+08  3.27978640e+12  1.09829498e+10
 1.32430000e+03  1.31371293e+17  1.82696936e+15  7.07336266e+10  1.48049788e+09  3.27978640e+12  1.09829498e+10
 1.32440000e+03  1.30761574e+17  2.42181062e+15  7.04053384e+10  1.96253180e+09  3.27978640e+12  1.09829498e+10
 1.32450000e+03  1.30154685e+17  3.00968172e+15  7.00785738e+10  2.43891741e+09  3.27978640e+12  1.09829498e+10
 1.32460000e+03  1.29550612e+17  3.59064437e+15  6.97533257e+10  2.90970471e+09  3.27978640e+12  1.09829498e+10
 1.32470000e+03  1.28949343e+17  4.16475982e+15  6.94295873e+10  3.37494333e+09  3.27978640e+12  1.09829498e+10
 1.32480000e+03  1.28350864e+17  4.73208878e+15  6.91073513e+10  3.83468247e+09  3.27978640e+12  1.09829498e+10
 1.32490000e+03  1.27755164e+17  5.29269154e+15  6.87866109e+10  4.28897098e+09  3.27978640e+12  1.09829498e+10
 1.32500000e+03  1.27162227e+17  5.84662785e+15  6.84673591e+10  4.73785729e+09  3.27978640e+12  1.09829498e+10
 1.32500000e+03  1.27162227e+17  5.84662785e+15  6.84673591e+10  4.73785729e+09  3.27978640e+12  1.09829498e+10
 1.32555000e+03  1.27912036e+17  8.82699597e+15  6.88710750e+10  7.15302022e+09  3.27978640e+12  1.09829498e+10
 1.32610000e+03  1.28642903e+17  1.17133569e+16  6.92645925e+10  9.49200371e+09  3.27978640e+12  1.09829498e+10
 1.32665000e+03  1.29355308e+17  1.45087924e+16  6.96481692e+10  1.17573052e+10  3.27978640e+12  1.09829498e+10
 1.32720000e+03  1.30049716e+17  1.72162800e+16  7.00220562e+10  1.39513374e+10  3.27978640e+12  1.09829498e+10
 1.32775000e+03  1.30726583e+17  1.98386959e+16  7.03864982e+10  1.60764311e+10  3.27978640e+12  1.09829498e+10
 1.32830000e+03  1.31386351e+17  2.23788192e+16  7.07417340e+10  1.81348385e+10  3.27978640e+12  1.09829498e+10
 1.32885000e+03  1.32029452e+17  2.48393349e+16  7.10879960e+10  2.01287352e+10  3.27978640e+12  1.09829498e+10
 1.32940000e+03  1.32656308e+17  2.72228373e+16  7.14255109e+10  2.20602237e+10  3.27978640e+12  1.09829498e+10
 1.32995000e+03  1.33267328e+17  2.95318331e+16  7.17544997e+10  2.39313352e+10  3.27978640e+12  1.09829498e+10
 1.33050000e+03  1.33862913e+17  3.17687445e+16  7.20751777e+10  2.57440325e+10  3.27978640e+12  1.09829498e+10
 1.33105000e+03  1.34443453e+17  3.39359120e+16  7.23877550e+10  2.75002125e+10  3.27978640e+12  1.09829498e+10
 1.33160000e+03  1.35009327e+17  3.60355976e+16  7.26924362e+10  2.92017079e+10  3.27978640e+12  1.09829498e+10
 1.33215000e+03  1.35560907e+17  3.80699870e+16  7.29894206e+10  3.08502901e+10  3.27978640e+12  1.09829498e+10
 1.33270000e+03  1.36098553e+17  4.00411927e+16  7.32789029e+10  3.24476710e+10  3.27978640e+12  1.09829498e+10
 1.33325000e+03  1.36622617e+17  4.19512563e+16  7.35610723e+10  3.39955048e+10  3.27978640e+12  1.09829498e+10
 1.33380000e+03  1.37133443e+17  4.38021508e+16  7.38361138e+10  3.54953907e+10  3.27978640e+12  1.09829498e+10
 1.33435000e+03  1.37631365e+17  4.55957835e+16  7.41042074e+10  3.69488739e+10  3.27978640e+12  1.09829498e+10
 1.33490000e+03  1.38116708e+17  4.73339978e+16  7.43655285e+10  3.83574484e+10  3.27978640e+12  1.09829498e+10
 1.33545000e+03  1.38589791e+17  4.90185754e+16  7.46202483e+10  3.97225581e+10  3.27978640e+12  1.09829498e+10
 1.33600000e+03  1.39050923e+17  5.06512387e+16  7.48685334e+10  4.10455987e+10  3.27978640e+12  1.09829498e+10
 1.33655000e+03  1.39500406e+17  5.22336527e+16  7.51105466e+10  4.23279194e+10  3.27978640e+12  1.09829498e+10
 1.33710000e+03  1.39938535e+17  5.37674271e+16  7.53464462e+10  4.35708245e+10  3.27978640e+12  1.09829498e+10
 1.33765000e+03  1.40365596e+17  5.52541178e+16  7.55763866e+10  4.47755751e+10  3.27978640e+12  1.09829498e+10
 1.33820000e+03  1.40781869e+17  5.66952292e+16  7.58005183e+10  4.59433902e+10  3.27978640e+12  1.09829498e+10
 1.33875000e+03  1.41187626e+17  5.80922159e+16  7.60189882e+10  4.70754485e+10  3.27978640e+12  1.09829498e+10
 1.33930000e+03  1.41583133e+17  5.94464841e+16  7.62319392e+10  4.81728896e+10  3.27978640e+12  1.09829498e+10
 1.33985000e+03  1.41968649e+17  6.07593936e+16  7.64395108e+10  4.92368154e+10  3.27978640e+12  1.09829498e+10
 1.34040000e+03  1.42344426e+17  6.20322592e+16  7.66418389e+10  5.02682912e+10  3.27978640e+12  1.09829498e+10
 1.34095000e+03  1.42710711e+17  6.32663523e+16  7.68390558e+10  5.12683475e+10  3.27978640e+12  1.09829498e+10
 1.34150000e+03  1.43067743e+17  6.44629023e+16  7.70312907e+10  5.22379805e+10  3.27978640e+12  1.09829498e+10
 1.34205000e+03  1.43415755e+17  6.56230982e+16  7.72186696e+10  5.31781537e+10  3.27978640e+12  1.09829498e+10
 1.34260000e+03  1.43754977e+17  6.67480898e+16  7.74013149e+10  5.40897988e+10  3.27978640e+12  1.09829498e+10
 1.34315000e+03  1.44085629e+17  6.78389892e+16  7.75793464e+10  5.49738170e+10  3.27978640e+12  1.09829498e+10
 1.34370000e+03  1.44407928e+17  6.88968719e+16  7.77528806e+10  5.58310799e+10  3.27978640e+12  1.09829498e+10
 1.34425000e+03  1.44722086e+17  6.99227782e+16  7.79220310e+10  5.66624305e+10  3.27978640e+12  1.09829498e+10
 1.34480000e+03  1.45028308e+17  7.09177142e+16  7.80869085e+10  5.74686841e+10  3.27978640e+12  1.09829498e+10
 1.34535000e+03  1.45326794e+17  7.18826533e+16  7.82476209e+10  5.82506295e+10  3.27978640e+12  1.09829498e+10
 1.34590000e+03  1.45617739e+17  7.28185369e+16  7.84042735e+10  5.90090296e+10  3.27978640e+12  1.09829498e+10
 1.34645000e+03  1.45901336e+17  7.37262758e+16  7.85569688e+10  5.97446224e+10  3.27978640e+12  1.09829498e+10
 1.34700000e+03  1.46177768e+17  7.46067511e+16  7.87058069e+10  6.04581220e+10  3.27978640e+12  1.09829498e+10
 1.34700000e+03  1.46177768e+17  7.46067511e+16  7.87058069e+10  6.04581220e+10  3.27978640e+12  1.09829498e+10
 1.34710000e+03  1.45499329e+17  7.47622849e+16  7.83405182e+10  6.05841599e+10  3.27978640e+12  1.09829498e+10
 1.34720000e+03  1.44824039e+17  7.49135957e+16  7.79769249e+10  6.07067757e+10  3.27978640e+12  1.09829498e+10
 1.34730000e+03  1.44151883e+17  7.50607277e+16  7.76150191e+10  6.08260052e+10  3.27978640e+12  1.09829498e+10
 1.34740000e+03  1.43482846e+17  7.52037244e+16  7.72547930e+10  6.09418836e+10  3.27978640e+12  1.09829498e+10
 1.34750000e+03  1.42816915e+17  7.53426291e+16  7.68962388e+10  6.10544460e+10  3.27978640e+12  1.09829498e+10
 1.34760000e+03  1.42154074e+17  7.54774848e+16  7.65393487e+10  6.11637273e+10  3.27978640e+12  1.09829498e+10
 1.34770000e+03  1.41494310e+17  7.56083340e+16  7.61841150e+10  6.12697619e+10  3.27978640e+12  1.09829498e+10
 1.34780000e+03  1.40837608e+17  7.57352188e+16  7.58305300e+10  6.13725840e+10  3.27978640e+12  1.09829498e+10
 1.34790000e+03  1.40183954e+17  7.58581812e+16  7.54785860e+10  6.14722274e+10  3.27978640e+12  1.09829498e+10
 1.34800000e+03  1.39533334e+17  7.59772625e+16  7.51282755e+10  6.15687258e+10  3.27978640e+12  1.09829498e+10
 1.34800000e+03  1.39533334e+17  7.59772625e+16  7.51282755e+10  6.15687258e+10  3.34215432e+12  1.09807532e+10
 1.34810000e+03  1.38885733e+17  7.60925038e+16  7.47795908e+10  6.16621124e+10  3.34215432e+12  1.09807532e+10
 1.34820000e+03  1.38241138e+17  7.62039460e+16  7.44325245e+10  6.17524204e+10  3.34215432e+12  1.09807532e+10
 1.34830000e+03  1.37599534e+17  7.63116295e+16  7.40870690e+10  6.18396825e+10  3.34215432e+12  1.09807532e+10
 1.34840000e+03  1.36960908e+17  7.64155942e+16  7.37432167e+10  6.19239310e+10  3.34215432e+12  1.09807532e+10
 1.34850000e+03  1.36325247e+17  7.65158799e+16  7.34009604e+10  6.20051983e+10  3.34215432e+12  1.09807532e+10
 1.34860000e+03  1.35692535e+17  7.66125260e+16  7.30602925e+10  6.20835162e+10  3.34215432e+12  1.09807532e+10
 1.34870000e+03  1.35062760e+17  7.67055715e+16  7.27212058e+10  6.21589163e+10  3.34215432e+12  1.09807532e+10
 1.34880000e+03  1.34435908e+17  7.67950552e+16  7.23836928e+10  6.22314300e+10  3.34215432e+12  1.09807532e+10
 1.34890000e+03  1.33811966e+17  7.68810154e+16  7.20477463e+10  6.23010885e+10  3.34215432e+12  1.09807532e+10
 1.34900000e+03  1.33190919e+17  7.69634901e+16  7.17133589e+10  6.23679225e+10  3.34215432e+12  1.09807532e+10
 1.34900000e+03  1.33190919e+17  0.00000000e+00  7.17133589e+10  0.00000000e+00  3.34215432e+12  1.09807532e+10
 1.34910000e+03  1.32572754e+17  6.16003792e+14  7.13805236e+10  4.99183141e+08  3.34215432e+12  1.09807532e+10
 1.34920000e+03  1.31957459e+17  1.22485071e+15  7.10492329e+10  9.92566661e+08  3.34215432e+12  1.09807532e+10
 1.34930000e+03  1.31345019e+17  1.82660397e+15  7.07194799e+10  1.48020178e+09  3.34215432e+12  1.09807532e+10
 1.34940000e+03  1.30735422e+17  2.42132626e+15  7.03912573e+10  1.96213930e+09  3.34215432e+12  1.09807532e+10
 1.34950000e+03  1.30128654e+17  3.00907978e+15  7.00645581e+10  2.43842963e+09  3.34215432e+12  1.09807532e+10
 1.34960000e+03  1.29524702e+17  3.58992624e+15  6.97393751e+10  2.90912277e+09  3.34215432e+12  1.09807532e+10
 1.34970000e+03  1.28923553e+17  4.16392686e+15  6.94157013e+10  3.37426834e+09  3.34215432e+12  1.09807532e+10
 1.34980000e+03  1.28325194e+17  4.73114237e+15  6.90935298e+10  3.83391554e+09  3.34215432e+12  1.09807532e+10
 1.34990000e+03  1.27729613e+17  5.29163300e+15  6.87728536e+10  4.28811319e+09  3.34215432e+12  1.09807532e+10
 1.35000000e+03  1.27136795e+17  5.84545852e+15  6.84536656e+10  4.73690972e+09  3.34215432e+12  1.09807532e+10
 1.35000000e+03  1.27136795e+17  5.84545852e+15  6.84536656e+10  4.73690972e+09  3.34215432e+12  1.09807532e+10
 1.35055000e+03  1.27886454e+17  8.82523058e+15  6.88573008e+10  7.15158961e+09  3.34215432e+12  1.09807532e+10
 1.35110000e+03  1.28617175e+17  1.17110142e+16  6.92507396e+10  9.49010531e+09  3.34215432e+12  1.09807532e+10
 1.35165000e+03  1.29329437e+17  1.45058907e+16  6.96342396e+10  1.17549537e+10  3.34215432e+12  1.09807532e+10
 1.35220000e+03  1.30023706e+17  1.72128367e+16  7.00080518e+10  1.39485471e+10  3.34215432e+12  1.09807532e+10
 1.35275000e+03  1.30700438e+17  1.98347282e+16  7.03724209e+10  1.60732158e+10  3.34215432e+12  1.09807532e+10
 1.35330000e+03  1.31360074e+17  2.23743434e+16  7.07275856e+10  1.81312115e+10  3.34215432e+12  1.09807532e+10
 1.35385000e+03  1.32003046e+17  2.48343670e+16  7.10737784e+10  2.01247095e+10  3.34215432e+12  1.09807532e+10
 1.35440000e+03  1.32629776e+17  2.72173927e+16  7.14112258e+10  2.20558116e+10  3.34215432e+12  1.09807532e+10
 1.35495000e+03  1.33240675e+17  2.95259267e+16  7.17401488e+10  2.39265489e+10  3.34215432e+12  1.09807532e+10
 1.35550000e+03  1.33836141e+17  3.17623907e+16  7.20607627e+10  2.57388837e+10  3.34215432e+12  1.09807532e+10
 1.35605000e+03  1.34416564e+17  3.39291248e+16  7.23732775e+10  2.74947124e+10  3.34215432e+12  1.09807532e+10
 1.35660000e+03  1.34982326e+17  3.60283905e+16  7.26778977e+10  2.91958676e+10  3.34215432e+12  1.09807532e+10
 1.35715000e+03  1.35533795e+17  3.80623730e+16  7.29748228e+10  3.08441201e+10  3.34215432e+12  1.09807532e+10
 1.35770000e+03  1.36071333e+17  4.00331845e+16  7.32642471e+10  3.24411814e+10  3.34215432e+12  1.09807532e+10
 1.35825000e+03  1.36595293e+17  4.19428660e+16  7.35463601e+10  3.39887057e+10  3.34215432e+12  1.09807532e+10
 1.35880000e+03  1.37106016e+17  4.37933904e+16  7.38213466e+10  3.54882916e+10  3.34215432e+12  1.09807532e+10
 1.35935000e+03  1.37603838e+17  4.55866644e+16  7.40893865e+10  3.69414842e+10  3.34215432e+12  1.09807532e+10
 1.35990000e+03  1.38089085e+17  4.73245310e+16  7.43506554e+10  3.83497770e+10  3.34215432e+12  1.09807532e+10
 1.36045000e+03  1.38562073e+17  4.90087716e+16  7.46053242e+10  3.97146136e+10  3.34215432e+12  1.09807532e+10
 1.36100000e+03  1.39023113e+17  5.06411084e+16  7.48535597e+10  4.10373896e+10  3.34215432e+12  1.09807532e+10
 1.36155000e+03  1.39472506e+17  5.22232060e+16  7.50955245e+10  4.23194538e+10  3.34215432e+12  1.09807532e+10
 1.36210000e+03  1.39910547e+17  5.37566736e+16  7.53313769e+10  4.35621104e+10  3.34215432e+12  1.09807532e+10
 1.36265000e+03  1.40337523e+17  5.52430669e+16  7.55612713e+10  4.47666200e+10  3.34215432e+12  1.09807532e+10
 1.36320000e+03  1.40753712e+17  5.66838902e+16  7.57853582e+10  4.59342016e+10  3.34215432e+12  1.09807532e+10
 1.36375000e+03  1.41159388e+17  5.80805974e+16  7.60037844e+10  4.70660334e+10  3.34215432e+12  1.09807532e+10
 1.36430000e+03  1.41554816e+17  5.94345948e+16  7.62166929e+10  4.81632550e+10  3.34215432e+12  1.09807532e+10
 1.36485000e+03  1.41940255e+17  6.07472417e+16  7.64242229e+10  4.92269680e+10  3.34215432e+12  1.09807532e+10
 1.36540000e+03  1.42315957e+17  6.20198528e+16  7.66265105e+10  5.02582376e+10  3.34215432e+12  1.09807532e+10
 1.36595000e+03  1.42682169e+17  6.32536990e+16  7.68236880e+10  5.12580938e+10  3.34215432e+12  1.09807532e+10
 1.36650000e+03  1.43039129e+17  6.44500097e+16  7.70158845e+10  5.22275329e+10  3.34215432e+12  1.09807532e+10
 1.36705000e+03  1.43387072e+17  6.56099736e+16  7.72032258e+10  5.31675180e+10  3.34215432e+12  1.09807532e+10
 1.36760000e+03  1.43726226e+17  6.67347402e+16  7.73858347e+10  5.40789808e+10  3.34215432e+12  1.09807532e+10
 1.36815000e+03  1.44056812e+17  6.78254214e+16  7.75638306e+10  5.49628222e+10  3.34215432e+12  1.09807532e+10
 1.36870000e+03  1.44379047e+17  6.88830925e+16  7.77373300e+10  5.58199137e+10  3.34215432e+12  1.09807532e+10
 1.36925000e+03  1.44693142e+17  6.99087936e+16  7.79064466e+10  5.66510980e+10  3.34215432e+12  1.09807532e+10
 1.36980000e+03  1.44999302e+17  7.09035306e+16  7.80712911e+10  5.74571904e+10  3.34215432e+12  1.09807532e+10
 1.37035000e+03  1.45297728e+17  7.18682767e+16  7.82319714e+10  5.82389794e+10  3.34215432e+12  1.09807532e+10
 1.37090000e+03  1.45588616e+17  7.28039732e+16  7.83885927e+10  5.89972278e+10  3.34215432e+12  1.09807532e+10
 1.37145000e+03  1.45872155e+17  7.37115306e+16  7.85412574e+10  5.97326735e+10  3.34215432e+12  1.09807532e+10
 1.37200000e+03  1.46148532e+17  7.45918298e+16  7.86900657e+10  6.04460303e+10  3.34215432e+12  1.09807532e+10
 1.37200000e+03  1.46148532e+17  7.45918298e+16  7.86900657e+10  6.04460303e+10  3.34215432e+12  1.09807532e+10
 1.37210000e+03  1.45470229e+17  7.47473324e+16  7.83248501e+10  6.05720430e+10  3.34215432e+12  1.09807532e+10
 1.37220000e+03  1.44795074e+17  7.48986130e+16  7.79613295e+10  6.06946344e+10  3.34215432e+12  1.09807532e+10
 1.37230000e+03  1.44123052e+17  7.50457156e+16  7.75994961e+10  6.08138400e+10  3.34215432e+12  1.09807532e+10
 1.37240000e+03  1.43454150e+17  7.51886837e+16  7.72393421e+10  6.09296952e+10  3.34215432e+12  1.09807532e+10
 1.37250000e+03  1.42788352e+17  7.53275606e+16  7.68808596e+10  6.10422351e+10  3.34215432e+12  1.09807532e+10
 1.37260000e+03  1.42125644e+17  7.54623893e+16  7.65240408e+10  6.11514946e+10  3.34215432e+12  1.09807532e+10
 1.37270000e+03  1.41466011e+17  7.55932123e+16  7.61688781e+10  6.12575079e+10  3.34215432e+12  1.09807532e+10
 1.37280000e+03  1.40809441e+17  7.57200718e+16  7.58153639e+10  6.13603094e+10  3.34215432e+12  1.09807532e+10
 1.37290000e+03  1.40155917e+17  7.58430095e+16  7.54634903e+10  6.14599329e+10  3.34215432e+12  1.09807532e+10
 1.37300000e+03  1.39505427e+17  7.59620670e+16  7.51132498e+10  6.15564120e+10  3.34215432e+12  1.09807532e+10
 1.37300000e+03  1.39505427e+17  7.59620670e+16  7.51132498e+10  6.15564120e+10  3.40450977e+12  1.09785570e+10
 1.37310000e+03  1.38857956e+17  7.60772853e+16  7.47646349e+10  6.16497800e+10  3.40450977e+12  1.09785570e+10
 1.37320000e+03  1.38213489e+17  7.61887052e+16  7.44176380e+10  6.17400699e+10  3.40450977e+12  1.09785570e+10
 1.37330000e+03  1.37572014e+17  7.62963671e+16  7.40722515e+10  6.18273145e+10  3.40450977e+12  1.09785570e+10
 1.37340000e+03  1.36933516e+17  7.64003111e+16  7.37284681e+10  6.19115462e+10  3.40450977e+12  1.09785570e+10
 1.37350000e+03  1.36297982e+17  7.65005767e+16  7.33862802e+10  6.19927973e+10  3.40450977e+12  1.09785570e+10
 1.37360000e+03  1.35665397e+17  7.65972035e+16  7.30456805e+10  6.20710995e+10  3.40450977e+12  1.09785570e+10
 1.37370000e+03  1.35035748e+17  7.66902304e+16  7.27066616e+10  6.21464845e+10  3.40450977e+12  1.09785570e+10
 1.37380000e+03  1.34409021e+17  7.67796962e+16  7.23692161e+10  6.22189838e+10  3.40450977e+12  1.09785570e+10
 1.37390000e+03  1.33785203e+17  7.68656392e+16  7.20333367e+10  6.22886283e+10  3.40450977e+12  1.09785570e+10
 1.37400000e+03  1.33164281e+17  7.69480974e+16  7.16990163e+10  6.23554489e+10  3.40450977e+12  1.09785570e+10
 1.37400000e+03  1.33164281e+17  0.00000000e+00  7.16990163e+10  0.00000000e+00  3.40450977e+12  1.09785570e+10
 1.37410000e+03  1.32546240e+17  6.15880591e+14  7.13662475e+10  4.99083305e+08  3.40450977e+12  1.09785570e+10
 1.37420000e+03  1.31931067e+17  1.22460574e+15  7.10350231e+10  9.92368148e+08  3.40450977e+12  1.09785570e+10
 1.37430000e+03  1.31318750e+17  1.82623865e+15  7.07053360e+10  1.47990574e+09  3.40450977e+12  1.09785570e+10
 1.37440000e+03  1.30709275e+17  2.42084199e+15  7.03771791e+10  1.96174687e+09  3.40450977e+12  1.09785570e+10
 1.37450000e+03  1.30102628e+17  3.00847796e+15  7.00505451e+10  2.43794194e+09  3.40450977e+12  1.09785570e+10
 1.37460000e+03  1.29498797e+17  3.58920826e+15  6.97254272e+10  2.90854095e+09  3.40450977e+12  1.09785570e+10
 1.37470000e+03  1.28897768e+17  4.16309408e+15  6.94018182e+10  3.37359348e+09  3.40450977e+12  1.09785570e+10
 1.37480000e+03  1.28299529e+17  4.73019614e+15  6.90797111e+10  3.83314875e+09  3.40450977e+12  1.09785570e+10
 1.37490000e+03  1.27704067e+17  5.29057467e+15  6.87590990e+10  4.28725556e+09  3.40450977e+12  1.09785570e+10
 1.37500000e+03  1.27111368e+17  5.84428943e+15  6.84399749e+10  4.73596233e+09  3.40450977e+12  1.09785570e+10
 1.37500000e+03  1.27111368e+17  5.84428943e+15  6.84399749e+10  4.73596233e+09  3.40450977e+12  1.09785570e+10
 1.37555000e+03  1.27860876e+17  8.82346553e+15  6.88435294e+10  7.15015929e+09  3.40450977e+12  1.09785570e+10
 1.37610000e+03  1.28591451e+17  1.17086720e+16  6.92368895e+10  9.48820729e+09  3.40450977e+12  1.09785570e+10
 1.37665000e+03  1.29303571e+17  1.45029895e+16  6.96203127e+10  1.17526027e+10  3.40450977e+12  1.09785570e+10
 1.37720000e+03  1.29997702e+17  1.72093941e+16  6.99940502e+10  1.39457574e+10  3.40450977e+12  1.09785570e+10
 1.37775000e+03  1.30674298e+17  1.98307612e+16  7.03583465e+10  1.60700012e+10  3.40450977e+12  1.09785570e+10
 1.37830000e+03  1.31333802e+17  2.23698686e+16  7.07134401e+10  1.81275853e+10  3.40450977e+12  1.09785570e+10
 1.37885000e+03  1.31976646e+17  2.48294002e+16  7.10595636e+10  2.01206845e+10  3.40450977e+12  1.09785570e+10
 1.37940000e+03  1.32603250e+17  2.72119493e+16  7.13969435e+10  2.20514005e+10  3.40450977e+12  1.09785570e+10
 1.37995000e+03  1.33214026e+17  2.95200215e+16  7.17258007e+10  2.39217636e+10  3.40450977e+12  1.09785570e+10
 1.38050000e+03  1.33809373e+17  3.17560382e+16  7.20463506e+10  2.57337359e+10  3.40450977e+12  1.09785570e+10
 1.38105000e+03  1.34389681e+17  3.39223390e+16  7.23588028e+10  2.74892135e+10  3.40450977e+12  1.09785570e+10
 1.38160000e+03  1.34955329e+17  3.60211848e+16  7.26633621e+10  2.91900284e+10  3.40450977e+12  1.09785570e+10
 1.38215000e+03  1.35506688e+17  3.80547606e+16  7.29602278e+10  3.08379513e+10  3.40450977e+12  1.09785570e+10
 1.38270000e+03  1.36044119e+17  4.00251779e+16  7.32495942e+10  3.24346932e+10  3.40450977e+12  1.09785570e+10
 1.38325000e+03  1.36567974e+17  4.19344775e+16  7.35316509e+10  3.39819080e+10  3.40450977e+12  1.09785570e+10
 1.38380000e+03  1.37078595e+17  4.37846317e+16  7.38065823e+10  3.54811939e+10  3.40450977e+12  1.09785570e+10
 1.38435000e+03  1.37576318e+17  4.55775471e+16  7.40745686e+10  3.69340959e+10  3.40450977e+12  1.09785570e+10
 1.38490000e+03  1.38061467e+17  4.73150661e+16  7.43357852e+10  3.83421070e+10  3.40450977e+12  1.09785570e+10
 1.38545000e+03  1.38534360e+17  4.89989699e+16  7.45904031e+10  3.97066707e+10  3.40450977e+12  1.09785570e+10
 1.38600000e+03  1.38995308e+17  5.06309802e+16  7.48385890e+10  4.10291821e+10  3.40450977e+12  1.09785570e+10
 1.38655000e+03  1.39444612e+17  5.22127613e+16  7.50805054e+10  4.23109899e+10  3.40450977e+12  1.09785570e+10
 1.38710000e+03  1.39882565e+17  5.37459222e+16  7.53163106e+10  4.35533979e+10  3.40450977e+12  1.09785570e+10
 1.38765000e+03  1.40309455e+17  5.52320183e+16  7.55461590e+10  4.47576667e+10  3.40450977e+12  1.09785570e+10
 1.38820000e+03  1.40725561e+17  5.66725534e+16  7.57702012e+10  4.59250147e+10  3.40450977e+12  1.09785570e+10
 1.38875000e+03  1.41131156e+17  5.80689813e+16  7.59885837e+10  4.70566202e+10  3.40450977e+12  1.09785570e+10
 1.38930000e+03  1.41526505e+17  5.94227079e+16  7.62014495e+10  4.81536224e+10  3.40450977e+12  1.09785570e+10
 1.38985000e+03  1.41911867e+17  6.07350923e+16  7.64089381e+10  4.92171226e+10  3.40450977e+12  1.09785570e+10
 1.39040000e+03  1.42287494e+17  6.20074488e+16  7.66111852e+10  5.02481859e+10  3.40450977e+12  1.09785570e+10
 1.39095000e+03  1.42653632e+17  6.32410483e+16  7.68083232e+10  5.12478422e+10  3.40450977e+12  1.09785570e+10
 1.39150000e+03  1.43010521e+17  6.44371197e+16  7.70004813e+10  5.22170874e+10  3.40450977e+12  1.09785570e+10
 1.39205000e+03  1.43358395e+17  6.55968516e+16  7.71877852e+10  5.31568845e+10  3.40450977e+12  1.09785570e+10
 1.39260000e+03  1.43697480e+17  6.67213933e+16  7.73703575e+10  5.40681650e+10  3.40450977e+12  1.09785570e+10
 1.39315000e+03  1.44028000e+17  6.78118563e+16  7.75483178e+10  5.49518297e+10  3.40450977e+12  1.09785570e+10
 1.39370000e+03  1.44350171e+17  6.88693159e+16  7.77217826e+10  5.58087497e+10  3.40450977e+12  1.09785570e+10
 1.39425000e+03  1.44664203e+17  6.98948118e+16  7.78908653e+10  5.66397678e+10  3.40450977e+12  1.09785570e+10
 1.39480000e+03  1.44970302e+17  7.08893499e+16  7.80556769e+10  5.74456989e+10  3.40450977e+12  1.09785570e+10
 1.39535000e+03  1.45268669e+17  7.18539031e+16  7.82163250e+10  5.82273316e+10  3.40450977e+12  1.09785570e+10
 1.39590000e+03  1.45559498e+17  7.27894124e+16  7.83729149e+10  5.89854283e+10  3.40450977e+12  1.09785570e+10
 1.39645000e+03  1.45842981e+17  7.36967883e+16  7.85255492e+10  5.97207269e+10  3.40450977e+12  1.09785570e+10
 1.39700000e+03  1.46119302e+17  7.45769114e+16  7.86743277e+10  6.04339411e+10  3.40450977e+12  1.09785570e+10
 1.39700000e+03  1.46119302e+17  7.45769114e+16  7.86743277e+10  6.04339411e+10  3.40450977e+12  1.09785570e+10
 1.39710000e+03  1.45441135e+17  7.47323830e+16  7.83091851e+10  6.05599286e+10  3.40450977e+12  1.09785570e+10
 1.39720000e+03  1.44766115e+17  7.48836333e+16  7.79457373e+10  6.06824954e+10  3.40450977e+12  1.09785570e+10
 1.39730000e+03  1.44094228e+17  7.50307064e+16  7.75839762e+10  6.08016772e+10  3.40450977e+12  1.09785570e+10
 1.39740000e+03  1.43425459e+17  7.51736459e+16  7.72238942e+10  6.09175093e+10  3.40450977e+12  1.09785570e+10
 1.39750000e+03  1.42759794e+17  7.53124951e+16  7.68654834e+10  6.10300267e+10  3.40450977e+12  1.09785570e+10
 1.39760000e+03  1.42097219e+17  7.54472968e+16  7.65087360e+10  6.11392643e+10  3.40450977e+12  1.09785570e+10
 1.39770000e+03  1.41437718e+17  7.55780937e+16  7.61536444e+10  6.12452564e+10  3.40450977e+12  1.09785570e+10
 1.39780000e+03  1.40781279e+17  7.57049278e+16  7.58002008e+10  6.13480374e+10  3.40450977e+12  1.09785570e+10
 1.39790000e+03  1.40127886e+17  7.58278409e+16  7.54483976e+10  6.14476409e+10  3.40450977e+12  1.09785570e+10
 1.39800000e+03  1.39477526e+17  7.59468746e+16  7.50982272e+10  6.15441007e+10  3.40450977e+12  1.09785570e+10
 1.39800000e+03  1.39477526e+17  7.59468746e+16  7.50982272e+10  6.15441007e+10  3.46685275e+12  1.09763613e+10
 1.39810000e+03  1.38830184e+17  7.60620699e+16  7.47496820e+10  6.16374501e+10  3.46685275e+12  1.09763613e+10
 1.39820000e+03  1.38185847e+17  7.61734675e+16  7.44027545e+10  6.17277219e+10  3.46685275e+12  1.09763613e+10
 1.39830000e+03  1.37544500e+17  7.62811079e+16  7.40574371e+10  6.18149491e+10  3.46685275e+12  1.09763613e+10
 1.39840000e+03  1.36906130e+17  7.63850310e+16  7.37137224e+10  6.18991639e+10  3.46685275e+12  1.09763613e+10
 1.39850000e+03  1.36270722e+17  7.64852766e+16  7.33716030e+10  6.19803987e+10  3.46685275e+12  1.09763613e+10
 1.39860000e+03  1.35638264e+17  7.65818841e+16  7.30310713e+10  6.20586853e+10  3.46685275e+12  1.09763613e+10
 1.39870000e+03  1.35008741e+17  7.66748924e+16  7.26921202e+10  6.21340552e+10  3.46685275e+12  1.09763613e+10
 1.39880000e+03  1.34382139e+17  7.67643403e+16  7.23547422e+10  6.22065400e+10  3.46685275e+12  1.09763613e+10
 1.39890000e+03  1.33758446e+17  7.68502661e+16  7.20189301e+10  6.22761705e+10  3.46685275e+12  1.09763613e+10
 1.39900000e+03  1.33137648e+17  7.69327078e+16  7.16846765e+10  6.23429778e+10  3.46685275e+12  1.09763613e+10
 1.39900000e+03  1.33137648e+17  0.00000000e+00  7.16846765e+10  0.00000000e+00  3.46685275e+12  1.09763613e+10
 1.39910000e+03  1.32519730e+17  6.15757415e+14  7.13519742e+10  4.98983488e+08  3.46685275e+12  1.09763613e+10
 1.39920000e+03  1.31904681e+17  1.22436082e+15  7.10208161e+10  9.92169674e+08  3.46685275e+12  1.09763613e+10
 1.39930000e+03  1.31292486e+17  1.82587340e+15  7.06911949e+10  1.47960975e+09  3.46685275e+12  1.09763613e+10
 1.39940000e+03  1.30683133e+17  2.42035782e+15  7.03631036e+10  1.96135452e+09  3.46685275e+12  1.09763613e+10
 1.39950000e+03  1.30076608e+17  3.00787627e+15  7.00365350e+10  2.43745435e+09  3.46685275e+12  1.09763613e+10
 1.39960000e+03  1.29472897e+17  3.58849042e+15  6.97114821e+10  2.90795924e+09  3.46685275e+12  1.09763613e+10
 1.39970000e+03  1.28871989e+17  4.16226146e+15  6.93879378e+10  3.37291877e+09  3.46685275e+12  1.09763613e+10
 1.39980000e+03  1.28273869e+17  4.72925010e+15  6.90658952e+10  3.83238212e+09  3.46685275e+12  1.09763613e+10
 1.39990000e+03  1.27678526e+17  5.28951656e+15  6.87453472e+10  4.28639811e+09  3.46685275e+12  1.09763613e+10
 1.40000000e+03  1.27085945e+17  5.84312057e+15  6.84262869e+10  4.73501514e+09  3.46685275e+12  1.09763613e+10
 1.40000000e+03  1.27085945e+17  5.84312057e+15  6.84262869e+10  4.73501514e+09  3.46685275e+12  1.09763613e+10
 1.40055000e+03  1.27835304e+17  8.82170084e+15  6.88297607e+10  7.14872926e+09  3.46685275e+12  1.09763613e+10
 1.40110000e+03  1.28565733e+17  1.17063303e+16  6.92230421e+10  9.48630965e+09  3.46685275e+12  1.09763613e+10
 1.40165000e+03  1.29277710e+17  1.45000889e+16  6.96063887e+10  1.17502522e+10  3.46685275e+12  1.09763613e+10
 1.40220000e+03  1.29971702e+17  1.72059523e+16  6.99800513e+10  1.39429682e+10  3.46685275e+12  1.09763613e+10
 1.40275000e+03  1.30648163e+17  1.98267951e+16  7.03442748e+10  1.60667872e+10  3.46685275e+12  1.09763613e+10
 1.40330000e+03  1.31307535e+17  2.23653946e+16  7.06992974e+10  1.81239597e+10  3.46685275e+12  1.09763613e+10
 1.40385000e+03  1.31950250e+17  2.48244343e+16  7.10453517e+10  2.01166604e+10  3.46685275e+12  1.09763613e+10
 1.40440000e+03  1.32576730e+17  2.72065069e+16  7.13826641e+10  2.20469902e+10  3.46685275e+12  1.09763613e+10
 1.40495000e+03  1.33187384e+17  2.95141175e+16  7.17114556e+10  2.39169792e+10  3.46685275e+12  1.09763613e+10
 1.40550000e+03  1.33782611e+17  3.17496870e+16  7.20319413e+10  2.57285892e+10  3.46685275e+12  1.09763613e+10
 1.40605000e+03  1.34362803e+17  3.39155545e+16  7.23443311e+10  2.74837156e+10  3.46685275e+12  1.09763613e+10
 1.40660000e+03  1.34928338e+17  3.60139806e+16  7.26488294e+10  2.91841904e+10  3.46685275e+12  1.09763613e+10
 1.40715000e+03  1.35479587e+17  3.80471496e+16  7.29456358e+10  3.08317837e+10  3.46685275e+12  1.09763613e+10
 1.40770000e+03  1.36016910e+17  4.00171728e+16  7.32349443e+10  3.24282063e+10  3.46685275e+12  1.09763613e+10
 1.40825000e+03  1.36540660e+17  4.19260906e+16  7.35169445e+10  3.39751116e+10  3.46685275e+12  1.09763613e+10
 1.40880000e+03  1.37051180e+17  4.37758748e+16  7.37918210e+10  3.54740977e+10  3.46685275e+12  1.09763613e+10
 1.40935000e+03  1.37548802e+17  4.55684315e+16  7.40597537e+10  3.69267090e+10  3.46685275e+12  1.09763613e+10
 1.40990000e+03  1.38033855e+17  4.73056031e+16  7.43209181e+10  3.83344386e+10  3.46685275e+12  1.09763613e+10
 1.41045000e+03  1.38506654e+17  4.89891701e+16  7.45754851e+10  3.96987293e+10  3.46685275e+12  1.09763613e+10
 1.41100000e+03  1.38967509e+17  5.06208540e+16  7.48236213e+10  4.10209762e+10  3.46685275e+12  1.09763613e+10
 1.41155000e+03  1.39416723e+17  5.22023188e+16  7.50654893e+10  4.23025277e+10  3.46685275e+12  1.09763613e+10
 1.41210000e+03  1.39854589e+17  5.37351730e+16  7.53012473e+10  4.35446873e+10  3.46685275e+12  1.09763613e+10
 1.41265000e+03  1.40281393e+17  5.52209719e+16  7.55310498e+10  4.47487151e+10  3.46685275e+12  1.09763613e+10
 1.41320000e+03  1.40697416e+17  5.66612189e+16  7.57550471e+10  4.59158297e+10  3.46685275e+12  1.09763613e+10
 1.41375000e+03  1.41102930e+17  5.80573675e+16  7.59733859e+10  4.70472089e+10  3.46685275e+12  1.09763613e+10
 1.41430000e+03  1.41498200e+17  5.94108234e+16  7.61862092e+10  4.81439917e+10  3.46685275e+12  1.09763613e+10
 1.41485000e+03  1.41883485e+17  6.07229453e+16  7.63936563e+10  4.92072792e+10  3.46685275e+12  1.09763613e+10
 1.41540000e+03  1.42259037e+17  6.19950473e+16  7.65958630e+10  5.02381363e+10  3.46685275e+12  1.09763613e+10
 1.41595000e+03  1.42625102e+17  6.32284001e+16  7.67929616e+10  5.12375926e+10  3.46685275e+12  1.09763613e+10
 1.41650000e+03  1.42981919e+17  6.44242323e+16  7.69850812e+10  5.22066440e+10  3.46685275e+12  1.09763613e+10
 1.41705000e+03  1.43329723e+17  6.55837322e+16  7.71723476e+10  5.31462531e+10  3.46685275e+12  1.09763613e+10
 1.41760000e+03  1.43668741e+17  6.67080490e+16  7.73548834e+10  5.40573514e+10  3.46685275e+12  1.09763613e+10
 1.41815000e+03  1.43999195e+17  6.77982940e+16  7.75328081e+10  5.49408393e+10  3.46685275e+12  1.09763613e+10
 1.41870000e+03  1.44321301e+17  6.88555421e+16  7.77062382e+10  5.57975880e+10  3.46685275e+12  1.09763613e+10
 1.41925000e+03  1.44635270e+17  6.98808329e+16  7.78752872e+10  5.66284398e+10  3.46685275e+12  1.09763613e+10
 1.41980000e+03  1.44941308e+17  7.08751721e+16  7.80400657e+10  5.74342098e+10  3.46685275e+12  1.09763613e+10
 1.42035000e+03  1.45239615e+17  7.18395323e+16  7.82006817e+10  5.82156861e+10  3.46685275e+12  1.09763613e+10
 1.42090000e+03  1.45530386e+17  7.27748545e+16  7.83572404e+10  5.89736312e+10  3.46685275e+12  1.09763613e+10
 1.42145000e+03  1.45813812e+17  7.36820489e+16  7.85098441e+10  5.97087828e+10  3.46685275e+12  1.09763613e+10
 1.42200000e+03  1.46090079e+17  7.45619960e+16  7.86585928e+10  6.04218543e+10  3.46685275e+12  1.09763613e+10
 1.42200000e+03  1.46090079e+17  7.45619960e+16  7.86585928e+10  6.04218543e+10  3.46685275e+12  1.09763613e+10
 1.42210000e+03  1.45412047e+17  7.47174365e+16  7.82935233e+10  6.05478167e+10  3.46685275e+12  1.09763613e+10
 1.42220000e+03  1.44737162e+17  7.48686566e+16  7.79301481e+10  6.06703589e+10  3.46685275e+12  1.09763613e+10
 1.42230000e+03  1.44065409e+17  7.50157003e+16  7.75684594e+10  6.07895169e+10  3.46685275e+12  1.09763613e+10
 1.42240000e+03  1.43396774e+17  7.51586112e+16  7.72084494e+10  6.09053258e+10  3.46685275e+12  1.09763613e+10
 1.42250000e+03  1.42731242e+17  7.52974326e+16  7.68501103e+10  6.10178207e+10  3.46685275e+12  1.09763613e+10
 1.42260000e+03  1.42068799e+17  7.54322074e+16  7.64934343e+10  6.11270364e+10  3.46685275e+12  1.09763613e+10
 1.42270000e+03  1.41409431e+17  7.55629781e+16  7.61384136e+10  6.12330074e+10  3.46685275e+12  1.09763613e+10
 1.42280000e+03  1.40753123e+17  7.56897868e+16  7.57850407e+10  6.13357678e+10  3.46685275e+12  1.09763613e+10
 1.42290000e+03  1.40099860e+17  7.58126754e+16  7.54333079e+10  6.14353514e+10  3.46685275e+12  1.09763613e+10
 1.42300000e+03  1.39449630e+17  7.59316852e+16  7.50832075e+10  6.15317919e+10  3.46685275e+12  1.09763613e+10
 1.42300000e+03  1.39449630e+17  7.59316852e+16  7.50832075e+10  6.15317919e+10  3.52918326e+12  1.09741660e+10
 1.42310000e+03  1.38802418e+17  7.60468575e+16  7.47347321e+10  6.16251226e+10  3.52918326e+12  1.09741660e+10
 1.42320000e+03  1.38158209e+17  7.61582328e+16  7.43878739e+10  6.17153764e+10  3.52918326e+12  1.09741660e+10
 1.42330000e+03  1.37516991e+17  7.62658516e+16  7.40426256e+10  6.18025861e+10  3.52918326e+12  1.09741660e+10
 1.42340000e+03  1.36878748e+17  7.63697540e+16  7.36989797e+10  6.18867841e+10  3.52918326e+12  1.09741660e+10
 1.42350000e+03  1.36243468e+17  7.64699795e+16  7.33569286e+10  6.19680026e+10  3.52918326e+12  1.09741660e+10
 1.42360000e+03  1.35611136e+17  7.65665677e+16  7.30164651e+10  6.20462735e+10  3.52918326e+12  1.09741660e+10
 1.42370000e+03  1.34981739e+17  7.66595574e+16  7.26775818e+10  6.21216284e+10  3.52918326e+12  1.09741660e+10
 1.42380000e+03  1.34355263e+17  7.67489874e+16  7.23402713e+10  6.21940987e+10  3.52918326e+12  1.09741660e+10
 1.42390000e+03  1.33731694e+17  7.68348960e+16  7.20045263e+10  6.22637153e+10  3.52918326e+12  1.09741660e+10
 1.42400000e+03  1.33111020e+17  7.69173212e+16  7.16703395e+10  6.23305092e+10  3.52918326e+12  1.09741660e+10
 1.42400000e+03  1.33111020e+17  0.00000000e+00  7.16703395e+10  0.00000000e+00  3.52918326e+12  1.09741660e+10
 1.42410000e+03  1.32493227e+17  6.15634264e+14  7.13377038e+10  4.98883691e+08  3.52918326e+12  1.09741660e+10
 1.42420000e+03  1.31878300e+17  1.22411595e+15  7.10066119e+10  9.91971240e+08  3.52918326e+12  1.09741660e+10
 1.42430000e+03  1.31266228e+17  1.82550823e+15  7.06770567e+10  1.47931383e+09  3.52918326e+12  1.09741660e+10
 1.42440000e+03  1.30656996e+17  2.41987375e+15  7.03490310e+10  1.96096225e+09  3.52918326e+12  1.09741660e+10
 1.42450000e+03  1.30050592e+17  3.00727469e+15  7.00225277e+10  2.43696686e+09  3.52918326e+12  1.09741660e+10
 1.42460000e+03  1.29447003e+17  3.58777272e+15  6.96975398e+10  2.90737765e+09  3.52918326e+12  1.09741660e+10
 1.42470000e+03  1.28846214e+17  4.16142901e+15  6.93740602e+10  3.37224418e+09  3.52918326e+12  1.09741660e+10
 1.42480000e+03  1.28248214e+17  4.72830425e+15  6.90520820e+10  3.83161565e+09  3.52918326e+12  1.09741660e+10
 1.42490000e+03  1.27652990e+17  5.28845865e+15  6.87315981e+10  4.28554083e+09  3.52918326e+12  1.09741660e+10
 1.42500000e+03  1.27060528e+17  5.84195195e+15  6.84126017e+10  4.73406814e+09  3.52918326e+12  1.09741660e+10
 1.42500000e+03  1.27060528e+17  5.84195195e+15  6.84126017e+10  4.73406814e+09  3.52918326e+12  1.09741660e+10
 1.42555000e+03  1.27809737e+17  8.81993650e+15  6.88159947e+10  7.14729952e+09  3.52918326e+12  1.09741660e+10
 1.42610000e+03  1.28540020e+17  1.17039890e+16  6.92091975e+10  9.48441238e+09  3.52918326e+12  1.09741660e+10
 1.42665000e+03  1.29251855e+17  1.44971889e+16  6.95924674e+10  1.17479022e+10  3.52918326e+12  1.09741660e+10
 1.42720000e+03  1.29945708e+17  1.72025111e+16  6.99660553e+10  1.39401796e+10  3.52918326e+12  1.09741660e+10
 1.42775000e+03  1.30622033e+17  1.98228297e+16  7.03302059e+10  1.60635738e+10  3.52918326e+12  1.09741660e+10
 1.42830000e+03  1.31281273e+17  2.23609215e+16  7.06851576e+10  1.81203349e+10  3.52918326e+12  1.09741660e+10
 1.42885000e+03  1.31923860e+17  2.48194694e+16  7.10311426e+10  2.01126371e+10  3.52918326e+12  1.09741660e+10
 1.42940000e+03  1.32550214e+17  2.72010656e+16  7.13683876e+10  2.20425808e+10  3.52918326e+12  1.09741660e+10
 1.42995000e+03  1.33160746e+17  2.95082147e+16  7.16971133e+10  2.39121958e+10  3.52918326e+12  1.09741660e+10
 1.43050000e+03  1.33755855e+17  3.17433371e+16  7.20175349e+10  2.57234435e+10  3.52918326e+12  1.09741660e+10
 1.43105000e+03  1.34335930e+17  3.39087714e+16  7.23298622e+10  2.74782189e+10  3.52918326e+12  1.09741660e+10
 1.43160000e+03  1.34901352e+17  3.60067778e+16  7.26342997e+10  2.91783536e+10  3.52918326e+12  1.09741660e+10
 1.43215000e+03  1.35452491e+17  3.80395402e+16  7.29310466e+10  3.08256173e+10  3.52918326e+12  1.09741660e+10
 1.43270000e+03  1.35989707e+17  4.00091694e+16  7.32202973e+10  3.24217206e+10  3.52918326e+12  1.09741660e+10
 1.43325000e+03  1.36513352e+17  4.19177053e+16  7.35022411e+10  3.39683166e+10  3.52918326e+12  1.09741660e+10
 1.43380000e+03  1.37023769e+17  4.37671196e+16  7.37770627e+10  3.54670029e+10  3.52918326e+12  1.09741660e+10
 1.43435000e+03  1.37521293e+17  4.55593179e+16  7.40449418e+10  3.69193237e+10  3.52918326e+12  1.09741660e+10
 1.43490000e+03  1.38006248e+17  4.72961419e+16  7.43060539e+10  3.83267717e+10  3.52918326e+12  1.09741660e+10
 1.43545000e+03  1.38478952e+17  4.89793723e+16  7.45605700e+10  3.96907896e+10  3.52918326e+12  1.09741660e+10
 1.43600000e+03  1.38939716e+17  5.06107298e+16  7.48086566e+10  4.10127720e+10  3.52918326e+12  1.09741660e+10
 1.43655000e+03  1.39388839e+17  5.21918783e+16  7.50504762e+10  4.22940672e+10  3.52918326e+12  1.09741660e+10
 1.43710000e+03  1.39826618e+17  5.37244260e+16  7.52861871e+10  4.35359783e+10  3.52918326e+12  1.09741660e+10
 1.43765000e+03  1.40253337e+17  5.52099277e+16  7.55159436e+10  4.47397654e+10  3.52918326e+12  1.09741660e+10
 1.43820000e+03  1.40669277e+17  5.66498866e+16  7.57398961e+10  4.59066465e+10  3.52918326e+12  1.09741660e+10
 1.43875000e+03  1.41074709e+17  5.80457561e+16  7.59581913e+10  4.70377995e+10  3.52918326e+12  1.09741660e+10
 1.43930000e+03  1.41469900e+17  5.93989412e+16  7.61709720e+10  4.81343629e+10  3.52918326e+12  1.09741660e+10
 1.43985000e+03  1.41855108e+17  6.07108007e+16  7.63783776e+10  4.91974377e+10  3.52918326e+12  1.09741660e+10
 1.44040000e+03  1.42230585e+17  6.19826483e+16  7.65805438e+10  5.02280887e+10  3.52918326e+12  1.09741660e+10
 1.44095000e+03  1.42596577e+17  6.32157544e+16  7.67776030e+10  5.12273451e+10  3.52918326e+12  1.09741660e+10
 1.44150000e+03  1.42953323e+17  6.44113475e+16  7.69696842e+10  5.21962026e+10  3.52918326e+12  1.09741660e+10
 1.44205000e+03  1.43301057e+17  6.55706155e+16  7.71569132e+10  5.31356239e+10  3.52918326e+12  1.09741660e+10
 1.44260000e+03  1.43640007e+17  6.66947074e+16  7.73394125e+10  5.40465399e+10  3.52918326e+12  1.09741660e+10
 1.44315000e+03  1.43970395e+17  6.77847343e+16  7.75173016e+10  5.49298511e+10  3.52918326e+12  1.09741660e+10
 1.44370000e+03  1.44292437e+17  6.88417709e+16  7.76906969e+10  5.57864284e+10  3.52918326e+12  1.09741660e+10
 1.44425000e+03  1.44606343e+17  6.98668567e+16  7.78597121e+10  5.66171141e+10  3.52918326e+12  1.09741660e+10
 1.44480000e+03  1.44912320e+17  7.08609970e+16  7.80244577e+10  5.74227230e+10  3.52918326e+12  1.09741660e+10
 1.44535000e+03  1.45210567e+17  7.18251644e+16  7.81850416e+10  5.82040430e+10  3.52918326e+12  1.09741660e+10
 1.44590000e+03  1.45501280e+17  7.27602995e+16  7.83415689e+10  5.89618365e+10  3.52918326e+12  1.09741660e+10
 1.44645000e+03  1.45784650e+17  7.36673125e+16  7.84941421e+10  5.96968410e+10  3.52918326e+12  1.09741660e+10
 1.44700000e+03  1.46060861e+17  7.45470836e+16  7.86428611e+10  6.04097700e+10  3.52918326e+12  1.09741660e+10
 1.44700000e+03  1.46060861e+17  7.45470836e+16  7.86428611e+10  6.04097700e+10  3.52918326e+12  1.09741660e+10
 1.44710000e+03  1.45382964e+17  7.47024930e+16  7.82778646e+10  6.05357071e+10  3.52918326e+12  1.09741660e+10
 1.44720000e+03  1.44708214e+17  7.48536828e+16  7.79145621e+10  6.06582249e+10  3.52918326e+12  1.09741660e+10
 1.44730000e+03  1.44036596e+17  7.50006971e+16  7.75529457e+10  6.07773590e+10  3.52918326e+12  1.09741660e+10
 1.44740000e+03  1.43368094e+17  7.51435795e+16  7.71930077e+10  6.08931447e+10  3.52918326e+12  1.09741660e+10
 1.44750000e+03  1.42702696e+17  7.52823731e+16  7.68347403e+10  6.10056171e+10  3.52918326e+12  1.09741660e+10
 1.44760000e+03  1.42040385e+17  7.54171209e+16  7.64781356e+10  6.11148110e+10  3.52918326e+12  1.09741660e+10
 1.44770000e+03  1.41381149e+17  7.55478655e+16  7.61231860e+10  6.12207608e+10  3.52918326e+12  1.09741660e+10
 1.44780000e+03  1.40724972e+17  7.56746488e+16  7.57698837e+10  6.13235006e+10  3.52918326e+12  1.09741660e+10
 1.44790000e+03  1.40071840e+17  7.57975128e+16  7.54182213e+10  6.14230643e+10  3.52918326e+12  1.09741660e+10
 1.44800000e+03  1.39421740e+17  7.59164989e+16  7.50681909e+10  6.15194856e+10  3.52918326e+12  1.09741660e+10
 1.44800000e+03  1.39421740e+17  7.59164989e+16  7.50681909e+10  6.15194856e+10  3.59150130e+12  1.09719712e+10
 1.44810000e+03  1.38774657e+17  7.60316481e+16  7.47197851e+10  6.16127976e+10  3.59150130e+12  1.09719712e+10
 1.44820000e+03  1.38130578e+17  7.61430012e+16  7.43729963e+10  6.17030333e+10  3.59150130e+12  1.09719712e+10
 1.44830000e+03  1.37489487e+17  7.62505985e+16  7.40278171e+10  6.17902256e+10  3.59150130e+12  1.09719712e+10
 1.44840000e+03  1.36851373e+17  7.63544800e+16  7.36842399e+10  6.18744067e+10  3.59150130e+12  1.09719712e+10
 1.44850000e+03  1.36216219e+17  7.64546856e+16  7.33422572e+10  6.19556090e+10  3.59150130e+12  1.09719712e+10
 1.44860000e+03  1.35584014e+17  7.65512544e+16  7.30018618e+10  6.20338643e+10  3.59150130e+12  1.09719712e+10
 1.44870000e+03  1.34954742e+17  7.66442255e+16  7.26630463e+10  6.21092041e+10  3.59150130e+12  1.09719712e+10
 1.44880000e+03  1.34328392e+17  7.67336376e+16  7.23258032e+10  6.21816598e+10  3.59150130e+12  1.09719712e+10
 1.44890000e+03  1.33704948e+17  7.68195290e+16  7.19901254e+10  6.22512626e+10  3.59150130e+12  1.09719712e+10
 1.44900000e+03  1.33084398e+17  7.69019378e+16  7.16560055e+10  6.23180431e+10  3.59150130e+12  1.09719712e+10
 1.44900000e+03  1.33084398e+17  0.00000000e+00  7.16560055e+10  0.00000000e+00  3.59150130e+12  1.09719712e+10
 1.44910000e+03  1.32466728e+17  6.15511137e+14  7.13234363e+10  4.98783915e+08  3.59150130e+12  1.09719712e+10
 1.44920000e+03  1.31851925e+17  1.22387113e+15  7.09924106e+10  9.91772846e+08  3.59150130e+12  1.09719712e+10
 1.44930000e+03  1.31239975e+17  1.82514312e+15  7.06629213e+10  1.47901797e+09  3.59150130e+12  1.09719712e+10
 1.44940000e+03  1.30630865e+17  2.41938978e+15  7.03349612e+10  1.96057006e+09  3.59150130e+12  1.09719712e+10
 1.44950000e+03  1.30024582e+17  3.00667324e+15  7.00085232e+10  2.43647947e+09  3.59150130e+12  1.09719712e+10
 1.44960000e+03  1.29421113e+17  3.58705516e+15  6.96836003e+10  2.90679617e+09  3.59150130e+12  1.09719712e+10
 1.44970000e+03  1.28820445e+17  4.16059672e+15  6.93601854e+10  3.37156973e+09  3.59150130e+12  1.09719712e+10
 1.44980000e+03  1.28222565e+17  4.72735859e+15  6.90382716e+10  3.83084932e+09  3.59150130e+12  1.09719712e+10
 1.44990000e+03  1.27627459e+17  5.28740096e+15  6.87178518e+10  4.28468372e+09  3.59150130e+12  1.09719712e+10
 1.45000000e+03  1.27035116e+17  5.84078356e+15  6.83989191e+10  4.73312132e+09  3.59150130e+12  1.09719712e+10
 1.45000000e+03  1.27035116e+17  5.84078356e+15  6.83989191e+10  4.73312132e+09  3.59150130e+12  1.09719712e+10
 1.45055000e+03  1.27784175e+17  8.81817251e+15  6.88022315e+10  7.14587006e+09  3.59150130e+12  1.09719712e+10
 1.45110000e+03  1.28514312e+17  1.17016482e+16  6.91953556e+10  9.48251550e+09  3.59150130e+12  1.09719712e+10
 1.45165000e+03  1.29226005e+17  1.44942894e+16  6.95785489e+10  1.17455526e+10  3.59150130e+12  1.09719712e+10
 1.45220000e+03  1.29919719e+17  1.71990706e+16  6.99520621e+10  1.39373916e+10  3.59150130e+12  1.09719712e+10
 1.45275000e+03  1.30595909e+17  1.98188651e+16  7.03161399e+10  1.60603611e+10  3.59150130e+12  1.09719712e+10
 1.45330000e+03  1.31255017e+17  2.23564493e+16  7.06710205e+10  1.81167109e+10  3.59150130e+12  1.09719712e+10
 1.45385000e+03  1.31897475e+17  2.48145055e+16  7.10169364e+10  2.01086145e+10  3.59150130e+12  1.09719712e+10
 1.45440000e+03  1.32523704e+17  2.71956253e+16  7.13541139e+10  2.20381723e+10  3.59150130e+12  1.09719712e+10
 1.45495000e+03  1.33134114e+17  2.95023131e+16  7.16827739e+10  2.39074134e+10  3.59150130e+12  1.09719712e+10
 1.45550000e+03  1.33729104e+17  3.17369884e+16  7.20031314e+10  2.57182988e+10  3.59150130e+12  1.09719712e+10
 1.45605000e+03  1.34309063e+17  3.39019897e+16  7.23153962e+10  2.74727233e+10  3.59150130e+12  1.09719712e+10
 1.45660000e+03  1.34874372e+17  3.59995764e+16  7.26197728e+10  2.91725179e+10  3.59150130e+12  1.09719712e+10
 1.45715000e+03  1.35425400e+17  3.80319323e+16  7.29164604e+10  3.08194522e+10  3.59150130e+12  1.09719712e+10
 1.45770000e+03  1.35962509e+17  4.00011676e+16  7.32056533e+10  3.24152363e+10  3.59150130e+12  1.09719712e+10
 1.45825000e+03  1.36486049e+17  4.19093218e+16  7.34875407e+10  3.39615229e+10  3.59150130e+12  1.09719712e+10
 1.45880000e+03  1.36996365e+17  4.37583662e+16  7.37623072e+10  3.54599095e+10  3.59150130e+12  1.09719712e+10
 1.45935000e+03  1.37493788e+17  4.55502060e+16  7.40301328e+10  3.69119398e+10  3.59150130e+12  1.09719712e+10
 1.45990000e+03  1.37978647e+17  4.72866827e+16  7.42911927e+10  3.83191063e+10  3.59150130e+12  1.09719712e+10
 1.46045000e+03  1.38451257e+17  4.89695764e+16  7.45456579e+10  3.96828514e+10  3.59150130e+12  1.09719712e+10
 1.46100000e+03  1.38911928e+17  5.06006077e+16  7.47936949e+10  4.10045695e+10  3.59150130e+12  1.09719712e+10
 1.46155000e+03  1.39360962e+17  5.21814400e+16  7.50354661e+10  4.22856084e+10  3.59150130e+12  1.09719712e+10
 1.46210000e+03  1.39798652e+17  5.37136811e+16  7.52711298e+10  4.35272711e+10  3.59150130e+12  1.09719712e+10
 1.46265000e+03  1.40225286e+17  5.51988857e+16  7.55008404e+10  4.47308175e+10  3.59150130e+12  1.09719712e+10
 1.46320000e+03  1.40641143e+17  5.66385566e+16  7.57247481e+10  4.58974652e+10  3.59150130e+12  1.09719712e+10
 1.46375000e+03  1.41046495e+17  5.80341469e+16  7.59429996e+10  4.70283919e+10  3.59150130e+12  1.09719712e+10
 1.46430000e+03  1.41441606e+17  5.93870614e+16  7.61557378e+10  4.81247360e+10  3.59150130e+12  1.09719712e+10
 1.46485000e+03  1.41826737e+17  6.06986585e+16  7.63631019e+10  4.91875982e+10  3.59150130e+12  1.09719712e+10
 1.46540000e+03  1.42202139e+17  6.19702518e+16  7.65652277e+10  5.02180430e+10  3.59150130e+12  1.09719712e+10
 1.46595000e+03  1.42568057e+17  6.32031113e+16  7.67622475e+10  5.12170997e+10  3.59150130e+12  1.09719712e+10
 1.46650000e+03  1.42924732e+17  6.43984652e+16  7.69542903e+10  5.21857634e+10  3.59150130e+12  1.09719712e+10
 1.46705000e+03  1.43272397e+17  6.55575014e+16  7.71414818e+10  5.31249968e+10  3.59150130e+12  1.09719712e+10
 1.46760000e+03  1.43611279e+17  6.66813684e+16  7.73239446e+10  5.40357306e+10  3.59150130e+12  1.09719712e+10
 1.46815000e+03  1.43941601e+17  6.77711774e+16  7.75017981e+10  5.49188652e+10  3.59150130e+12  1.09719712e+10
 1.46870000e+03  1.44263578e+17  6.88280026e+16  7.76751588e+10  5.57752712e+10  3.59150130e+12  1.09719712e+10
 1.46925000e+03  1.44577422e+17  6.98528833e+16  7.78441402e+10  5.66057907e+10  3.59150130e+12  1.09719712e+10
 1.46980000e+03  1.44883337e+17  7.08468248e+16  7.80088528e+10  5.74112384e+10  3.59150130e+12  1.09719712e+10
 1.47035000e+03  1.45181525e+17  7.18107994e+16  7.81694046e+10  5.81924022e+10  3.59150130e+12  1.09719712e+10
 1.47090000e+03  1.45472180e+17  7.27457475e+16  7.83259006e+10  5.89500441e+10  3.59150130e+12  1.09719712e+10
 1.47145000e+03  1.45755493e+17  7.36525790e+16  7.84784433e+10  5.96849017e+10  3.59150130e+12  1.09719712e+10
 1.47200000e+03  1.46031648e+17  7.45321742e+16  7.86271325e+10  6.03976880e+10  3.59150130e+12  1.09719712e+10
 1.47200000e+03  1.46031648e+17  7.45321742e+16  7.86271325e+10  6.03976880e+10  3.59150130e+12  1.09719712e+10
 1.47210000e+03  1.45353888e+17  7.46875525e+16  7.82622090e+10  6.05235999e+10  3.59150130e+12  1.09719712e+10
 1.47220000e+03  1.44679273e+17  7.48387121e+16  7.78989792e+10  6.06460932e+10  3.59150130e+12  1.09719712e+10
 1.47230000e+03  1.44007788e+17  7.49856970e+16  7.75374352e+10  6.07652035e+10  3.59150130e+12  1.09719712e+10
 1.47240000e+03  1.43339421e+17  7.51285508e+16  7.71775691e+10  6.08809661e+10  3.59150130e+12  1.09719712e+10
 1.47250000e+03  1.42674155e+17  7.52673166e+16  7.68193733e+10  6.09934160e+10  3.59150130e+12  1.09719712e+10
 1.47260000e+03  1.42011977e+17  7.54020375e+16  7.64628399e+10  6.11025881e+10  3.59150130e+12  1.09719712e+10
 1.47270000e+03  1.41352873e+17  7.55327559e+16  7.61079613e+10  6.12085166e+10  3.59150130e+12  1.09719712e+10
 1.47280000e+03  1.40696827e+17  7.56595139e+16  7.57547298e+10  6.13112359e+10  3.59150130e+12  1.09719712e+10
 1.47290000e+03  1.40043826e+17  7.57823533e+16  7.54031376e+10  6.14107797e+10  3.59150130e+12  1.09719712e+10
 1.47300000e+03  1.39393856e+17  7.59013156e+16  7.50531773e+10  6.15071817e+10  3.59150130e+12  1.09719712e+10
 1.47300000e+03  1.39393856e+17  7.59013156e+16  7.50531773e+10  6.15071817e+10  3.65380688e+12  1.09697768e+10
 1.47310000e+03  1.38746903e+17  7.60164418e+16  7.47048412e+10  6.16004750e+10  3.65380688e+12  1.09697768e+10
 1.47320000e+03  1.38102952e+17  7.61277726e+16  7.43581217e+10  6.16906927e+10  3.65380688e+12  1.09697768e+10
 1.47330000e+03  1.37461990e+17  7.62353483e+16  7.40130115e+10  6.17778675e+10  3.65380688e+12  1.09697768e+10
 1.47340000e+03  1.36824002e+17  7.63392091e+16  7.36695030e+10  6.18620319e+10  3.65380688e+12  1.09697768e+10
 1.47350000e+03  1.36188976e+17  7.64393946e+16  7.33275888e+10  6.19432179e+10  3.65380688e+12  1.09697768e+10
 1.47360000e+03  1.35556897e+17  7.65359441e+16  7.29872615e+10  6.20214575e+10  3.65380688e+12  1.09697768e+10
 1.47370000e+03  1.34927752e+17  7.66288967e+16  7.26485137e+10  6.20967822e+10  3.65380688e+12  1.09697768e+10
 1.47380000e+03  1.34301526e+17  7.67182909e+16  7.23113381e+10  6.21692235e+10  3.65380688e+12  1.09697768e+10
 1.47390000e+03  1.33678207e+17  7.68041651e+16  7.19757273e+10  6.22388123e+10  3.65380688e+12  1.09697768e+10
 1.47400000e+03  1.33057781e+17  7.68865574e+16  7.16416743e+10  6.23055795e+10  3.65380688e+12  1.09697768e+10
 1.47400000e+03  1.33057781e+17  0.00000000e+00  7.16416743e+10  0.00000000e+00  3.65380688e+12  1.09697768e+10
 1.47410000e+03  1.32440235e+17  6.15388035e+14  7.13091716e+10  4.98684158e+08  3.65380688e+12  1.09697768e+10
 1.47420000e+03  1.31825554e+17  1.22362635e+15  7.09782121e+10  9.91574491e+08  3.65380688e+12  1.09697768e+10
 1.47430000e+03  1.31213727e+17  1.82477810e+15  7.06487887e+10  1.47872217e+09  3.65380688e+12  1.09697768e+10
 1.47440000e+03  1.30604739e+17  2.41890590e+15  7.03208942e+10  1.96017794e+09  3.65380688e+12  1.09697768e+10
 1.47450000e+03  1.29998577e+17  3.00607190e+15  6.99945215e+10  2.43599217e+09  3.65380688e+12  1.09697768e+10
 1.47460000e+03  1.29395229e+17  3.58633775e+15  6.96696636e+10  2.90621481e+09  3.65380688e+12  1.09697768e+10
 1.47470000e+03  1.28794681e+17  4.15976460e+15  6.93463134e+10  3.37089542e+09  3.65380688e+12  1.09697768e+10
 1.47480000e+03  1.28196920e+17  4.72641312e+15  6.90244639e+10  3.83008315e+09  3.65380688e+12  1.09697768e+10
 1.47490000e+03  1.27601934e+17  5.28634348e+15  6.87041082e+10  4.28382679e+09  3.65380688e+12  1.09697768e+10
 1.47500000e+03  1.27009709e+17  5.83961540e+15  6.83852394e+10  4.73217470e+09  3.65380688e+12  1.09697768e+10
 1.47500000e+03  1.27009709e+17  5.83961540e+15  6.83852394e+10  4.73217470e+09  3.65380688e+12  1.09697768e+10
 1.47555000e+03  1.27758618e+17  8.81640887e+15  6.87884711e+10  7.14444088e+09  3.65380688e+12  1.09697768e+10
 1.47610000e+03  1.28488609e+17  1.16993079e+16  6.91815166e+10  9.48061900e+09  3.65380688e+12  1.09697768e+10
 1.47665000e+03  1.29200159e+17  1.44913906e+16  6.95646332e+10  1.17432035e+10  3.65380688e+12  1.09697768e+10
 1.47720000e+03  1.29893735e+17  1.71956308e+16  6.99380717e+10  1.39346041e+10  3.65380688e+12  1.09697768e+10
 1.47775000e+03  1.30569789e+17  1.98149014e+16  7.03020767e+10  1.60571490e+10  3.65380688e+12  1.09697768e+10
 1.47830000e+03  1.31228766e+17  2.23519780e+16  7.06568863e+10  1.81130875e+10  3.65380688e+12  1.09697768e+10
 1.47885000e+03  1.31871096e+17  2.48095426e+16  7.10027330e+10  2.01045928e+10  3.65380688e+12  1.09697768e+10
 1.47940000e+03  1.32497200e+17  2.71901862e+16  7.13398431e+10  2.20337646e+10  3.65380688e+12  1.09697768e+10
 1.47995000e+03  1.33107487e+17  2.94964126e+16  7.16684373e+10  2.39026319e+10  3.65380688e+12  1.09697768e+10
 1.48050000e+03  1.33702358e+17  3.17306410e+16  7.19887308e+10  2.57131551e+10  3.65380688e+12  1.09697768e+10
 1.48105000e+03  1.34282201e+17  3.38952093e+16  7.23009332e+10  2.74672287e+10  3.65380688e+12  1.09697768e+10
 1.48160000e+03  1.34847397e+17  3.59923765e+16  7.26052489e+10  2.91666834e+10  3.65380688e+12  1.09697768e+10
 1.48215000e+03  1.35398315e+17  3.80243259e+16  7.29018771e+10  3.08132883e+10  3.65380688e+12  1.09697768e+10
 1.48270000e+03  1.35935317e+17  3.99931673e+16  7.31910121e+10  3.24087532e+10  3.65380688e+12  1.09697768e+10
 1.48325000e+03  1.36458752e+17  4.19009399e+16  7.34728432e+10  3.39547306e+10  3.65380688e+12  1.09697768e+10
 1.48380000e+03  1.36968965e+17  4.37496145e+16  7.37475548e+10  3.54528175e+10  3.65380688e+12  1.09697768e+10
 1.48435000e+03  1.37466290e+17  4.55410960e+16  7.40153268e+10  3.69045574e+10  3.65380688e+12  1.09697768e+10
 1.48490000e+03  1.37951051e+17  4.72772254e+16  7.42763345e+10  3.83114425e+10  3.65380688e+12  1.09697768e+10
 1.48545000e+03  1.38423566e+17  4.89597825e+16  7.45307487e+10  3.96749149e+10  3.65380688e+12  1.09697768e+10
 1.48600000e+03  1.38884145e+17  5.05904876e+16  7.47787361e+10  4.09963686e+10  3.65380688e+12  1.09697768e+10
 1.48655000e+03  1.39333089e+17  5.21710037e+16  7.50204590e+10  4.22771513e+10  3.65380688e+12  1.09697768e+10
 1.48710000e+03  1.39770693e+17  5.37029384e+16  7.52560756e+10  4.35185657e+10  3.65380688e+12  1.09697768e+10
 1.48765000e+03  1.40197241e+17  5.51878460e+16  7.54857402e+10  4.47218713e+10  3.65380688e+12  1.09697768e+10
 1.48820000e+03  1.40613015e+17  5.66272289e+16  7.57096032e+10  4.58882857e+10  3.65380688e+12  1.09697768e+10
 1.48875000e+03  1.41018285e+17  5.80225401e+16  7.59278110e+10  4.70189862e+10  3.65380688e+12  1.09697768e+10
 1.48930000e+03  1.41413318e+17  5.93751840e+16  7.61405066e+10  4.81151110e+10  3.65380688e+12  1.09697768e+10
 1.48985000e+03  1.41798372e+17  6.06865188e+16  7.63478293e+10  4.91777607e+10  3.65380688e+12  1.09697768e+10
 1.49040000e+03  1.42173698e+17  6.19578577e+16  7.65499146e+10  5.02079994e+10  3.65380688e+12  1.09697768e+10
 1.49095000e+03  1.42539544e+17  6.31904706e+16  7.67468950e+10  5.12068562e+10  3.65380688e+12  1.09697768e+10
 1.49150000e+03  1.42896147e+17  6.43855855e+16  7.69388994e+10  5.21753262e+10  3.65380688e+12  1.09697768e+10
 1.49205000e+03  1.43243742e+17  6.55443899e+16  7.71260535e+10  5.31143718e+10  3.65380688e+12  1.09697768e+10
 1.49260000e+03  1.43582557e+17  6.66680322e+16  7.73084798e+10  5.40249235e+10  3.65380688e+12  1.09697768e+10
 1.49315000e+03  1.43912813e+17  6.77576231e+16  7.74862978e+10  5.49078814e+10  3.65380688e+12  1.09697768e+10
 1.49370000e+03  1.44234725e+17  6.88142370e+16  7.76596238e+10  5.57641161e+10  3.65380688e+12  1.09697768e+10
 1.49425000e+03  1.44548506e+17  6.98389128e+16  7.78285713e+10  5.65944696e+10  3.65380688e+12  1.09697768e+10
 1.49480000e+03  1.44854361e+17  7.08326555e+16  7.79932510e+10  5.73997562e+10  3.65380688e+12  1.09697768e+10
 1.49535000e+03  1.45152489e+17  7.17964372e+16  7.81537707e+10  5.81807637e+10  3.65380688e+12  1.09697768e+10
 1.49590000e+03  1.45443086e+17  7.27311983e+16  7.83102354e+10  5.89382541e+10  3.65380688e+12  1.09697768e+10
 1.49645000e+03  1.45726342e+17  7.36378485e+16  7.84627476e+10  5.96729647e+10  3.65380688e+12  1.09697768e+10
 1.49700000e+03  1.46002442e+17  7.45172678e+16  7.86114071e+10  6.03856085e+10  3.65380688e+12  1.09697768e+10
 1.49700000e+03  1.46002442e+17  7.45172678e+16  7.86114071e+10  6.03856085e+10  3.65380688e+12  1.09697768e+10
 1.49710000e+03  1.45324817e+17  7.46726150e+16  7.82465566e+10  6.05114952e+10  3.65380688e+12  1.09697768e+10
 1.49720000e+03  1.44650337e+17  7.48237444e+16  7.78833994e+10  6.06339640e+10  3.65380688e+12  1.09697768e+10
 1.49730000e+03  1.43978987e+17  7.49706998e+16  7.75219277e+10  6.07530504e+10  3.65380688e+12  1.09697768e+10
 1.49740000e+03  1.43310753e+17  7.51135250e+16  7.71621336e+10  6.08687899e+10  3.65380688e+12  1.09697768e+10
 1.49750000e+03  1.42645620e+17  7.52522632e+16  7.68040094e+10  6.09812173e+10  3.65380688e+12  1.09697768e+10
 1.49760000e+03  1.41983575e+17  7.53869571e+16  7.64475474e+10  6.10903675e+10  3.65380688e+12  1.09697768e+10
 1.49770000e+03  1.41324602e+17  7.55176493e+16  7.60927397e+10  6.11962749e+10  3.65380688e+12  1.09697768e+10
 1.49780000e+03  1.40668688e+17  7.56443820e+16  7.57395788e+10  6.12989737e+10  3.65380688e+12  1.09697768e+10
 1.49790000e+03  1.40015817e+17  7.57671969e+16  7.53880570e+10  6.13984976e+10  3.65380688e+12  1.09697768e+10
 1.49800000e+03  1.39365977e+17  7.58861353e+16  7.50381666e+10  6.14948802e+10  3.65380688e+12  1.09697768e+10
 1.49800000e+03  1.39365977e+17  7.58861353e+16  7.50381666e+10  6.14948802e+10  3.71610000e+12  1.09675828e+10
 1.49810000e+03  1.38719153e+17  7.60012385e+16  7.46899002e+10  6.15881549e+10  3.71610000e+12  1.09675828e+10
 1.49820000e+03  1.38075331e+17  7.61125470e+16  7.43432501e+10  6.16783546e+10  3.71610000e+12  1.09675828e+10
 1.49830000e+03  1.37434497e+17  7.62201013e+16  7.39982089e+10  6.17655119e+10  3.71610000e+12  1.09675828e+10
 1.49840000e+03  1.36796637e+17  7.63239413e+16  7.36547691e+10  6.18496595e+10  3.71610000e+12  1.09675828e+10
 1.49850000e+03  1.36161738e+17  7.64241067e+16  7.33129233e+10  6.19308293e+10  3.71610000e+12  1.09675828e+10
 1.49860000e+03  1.35529786e+17  7.65206369e+16  7.29726640e+10  6.20090532e+10  3.71610000e+12  1.09675828e+10
 1.49870000e+03  1.34900766e+17  7.66135709e+16  7.26339840e+10  6.20843629e+10  3.71610000e+12  1.09675828e+10
 1.49880000e+03  1.34274666e+17  7.67029472e+16  7.22968758e+10  6.21567897e+10  3.71610000e+12  1.09675828e+10
 1.49890000e+03  1.33651471e+17  7.67888043e+16  7.19613322e+10  6.22263646e+10  3.71610000e+12  1.09675828e+10
 1.49900000e+03  1.33031169e+17  7.68711801e+16  7.16273459e+10  6.22931184e+10  3.71610000e+12  1.09675828e+10
 1.49900000e+03  1.33031169e+17  0.00000000e+00  7.16273459e+10  0.00000000e+00  3.71610000e+12  1.09675828e+10
 1.49910000e+03  1.32413746e+17  6.15264957e+14  7.12949098e+10  4.98584421e+08  3.71610000e+12  1.09675828e+10
 1.49920000e+03  1.31799189e+17  1.22338163e+15  7.09640165e+10  9.91376177e+08  3.71610000e+12  1.09675828e+10
 1.49930000e+03  1.31187484e+17  1.82441314e+15  7.06346589e+10  1.47842642e+09  3.71610000e+12  1.09675828e+10
 1.49940000e+03  1.30578618e+17  2.41842212e+15  7.03068300e+10  1.95978591e+09  3.71610000e+12  1.09675828e+10
 1.49950000e+03  1.29972577e+17  3.00547069e+15  6.99805226e+10  2.43550497e+09  3.71610000e+12  1.09675828e+10
 1.49960000e+03  1.29369350e+17  3.58562049e+15  6.96557297e+10  2.90563357e+09  3.71610000e+12  1.09675828e+10
 1.49970000e+03  1.28768922e+17  4.15893265e+15  6.93324441e+10  3.37022124e+09  3.71610000e+12  1.09675828e+10
 1.49980000e+03  1.28171281e+17  4.72546783e+15  6.90106590e+10  3.82931714e+09  3.71610000e+12  1.09675828e+10
 1.49990000e+03  1.27576414e+17  5.28528621e+15  6.86903674e+10  4.28297002e+09  3.71610000e+12  1.09675828e+10
 1.50000000e+03  1.26984307e+17  5.83844748e+15  6.83715623e+10  4.73122827e+09  3.71610000e+12  1.09675828e+10
 1.50000000e+03  1.26984307e+17  5.83844748e+15  6.83715623e+10  4.73122827e+09  3.71610000e+12  1.09675828e+10
 1.50055000e+03  1.27733067e+17  8.81464559e+15  6.87747134e+10  7.14301199e+09  3.71610000e+12  1.09675828e+10
 1.50110000e+03  1.28462911e+17  1.16969680e+16  6.91676803e+10  9.47872287e+09  3.71610000e+12  1.09675828e+10
 1.50165000e+03  1.29174319e+17  1.44884923e+16  6.95507202e+10  1.17408548e+10  3.71610000e+12  1.09675828e+10
 1.50220000e+03  1.29867756e+17  1.71921916e+16  6.99240841e+10  1.39318172e+10  3.71610000e+12  1.09675828e+10
 1.50275000e+03  1.30543675e+17  1.98109384e+16  7.02880163e+10  1.60539376e+10  3.71610000e+12  1.09675828e+10
 1.50330000e+03  1.31202520e+17  2.23475076e+16  7.06427550e+10  1.81094649e+10  3.71610000e+12  1.09675828e+10
 1.50385000e+03  1.31844722e+17  2.48045807e+16  7.09885325e+10  2.01005719e+10  3.71610000e+12  1.09675828e+10
 1.50440000e+03  1.32470700e+17  2.71847482e+16  7.13255751e+10  2.20293579e+10  3.71610000e+12  1.09675828e+10
 1.50495000e+03  1.33080866e+17  2.94905133e+16  7.16541036e+10  2.38978514e+10  3.71610000e+12  1.09675828e+10
 1.50550000e+03  1.33675617e+17  3.17242949e+16  7.19743330e+10  2.57080125e+10  3.71610000e+12  1.09675828e+10
 1.50605000e+03  1.34255345e+17  3.38884302e+16  7.22864730e+10  2.74617353e+10  3.71610000e+12  1.09675828e+10
 1.50660000e+03  1.34820428e+17  3.59851780e+16  7.25907278e+10  2.91608500e+10  3.71610000e+12  1.09675828e+10
 1.50715000e+03  1.35371236e+17  3.80167210e+16  7.28872968e+10  3.08071256e+10  3.71610000e+12  1.09675828e+10
 1.50770000e+03  1.35908129e+17  3.99851687e+16  7.31763739e+10  3.24022715e+10  3.71610000e+12  1.09675828e+10
 1.50825000e+03  1.36431461e+17  4.18925597e+16  7.34581486e+10  3.39479397e+10  3.71610000e+12  1.09675828e+10
 1.50880000e+03  1.36941572e+17  4.37408646e+16  7.37328053e+10  3.54457269e+10  3.71610000e+12  1.09675828e+10
 1.50935000e+03  1.37438796e+17  4.55319877e+16  7.40005237e+10  3.68971765e+10  3.71610000e+12  1.09675828e+10
 1.50990000e+03  1.37923461e+17  4.72677699e+16  7.42614792e+10  3.83037802e+10  3.71610000e+12  1.09675828e+10
 1.51045000e+03  1.38395882e+17  4.89499905e+16  7.45158426e+10  3.96669799e+10  3.71610000e+12  1.09675828e+10
 1.51100000e+03  1.38856368e+17  5.05803695e+16  7.47637804e+10  4.09881693e+10  3.71610000e+12  1.09675828e+10
 1.51155000e+03  1.39305223e+17  5.21605695e+16  7.50054549e+10  4.22686958e+10  3.71610000e+12  1.09675828e+10
 1.51210000e+03  1.39742738e+17  5.36921978e+16  7.52410244e+10  4.35098620e+10  3.71610000e+12  1.09675828e+10
 1.51265000e+03  1.40169202e+17  5.51768084e+16  7.54706431e+10  4.47129269e+10  3.71610000e+12  1.09675828e+10
 1.51320000e+03  1.40584892e+17  5.66159035e+16  7.56944613e+10  4.58791081e+10  3.71610000e+12  1.09675828e+10
 1.51375000e+03  1.40990082e+17  5.80109356e+16  7.59126255e+10  4.70095824e+10  3.71610000e+12  1.09675828e+10
 1.51430000e+03  1.41385035e+17  5.93633090e+16  7.61252785e+10  4.81054880e+10  3.71610000e+12  1.09675828e+10
 1.51485000e+03  1.41770012e+17  6.06743815e+16  7.63325597e+10  4.91679252e+10  3.71610000e+12  1.09675828e+10
 1.51540000e+03  1.42145264e+17  6.19454661e+16  7.65346046e+10  5.01979578e+10  3.71610000e+12  1.09675828e+10
 1.51595000e+03  1.42511036e+17  6.31778325e+16  7.67315456e+10  5.11966149e+10  3.71610000e+12  1.09675828e+10
 1.51650000e+03  1.42867568e+17  6.43727084e+16  7.69235116e+10  5.21648912e+10  3.71610000e+12  1.09675828e+10
 1.51705000e+03  1.43215094e+17  6.55312810e+16  7.71106283e+10  5.31037489e+10  3.71610000e+12  1.09675828e+10
 1.51760000e+03  1.43553840e+17  6.66546986e+16  7.72930181e+10  5.40141185e+10  3.71610000e+12  1.09675828e+10
 1.51815000e+03  1.43884030e+17  6.77440716e+16  7.74708005e+10  5.48968998e+10  3.71610000e+12  1.09675828e+10
 1.51870000e+03  1.44205878e+17  6.88004741e+16  7.76440919e+10  5.57529633e+10  3.71610000e+12  1.09675828e+10
 1.51925000e+03  1.44519597e+17  6.98249450e+16  7.78130056e+10  5.65831507e+10  3.71610000e+12  1.09675828e+10
 1.51980000e+03  1.44825390e+17  7.08184889e+16  7.79776524e+10  5.73882762e+10  3.71610000e+12  1.09675828e+10
 1.52035000e+03  1.45123458e+17  7.17820779e+16  7.81381400e+10  5.81691275e+10  3.71610000e+12  1.09675828e+10
 1.52090000e+03  1.45413997e+17  7.27166521e+16  7.82945734e+10  5.89264665e+10  3.71610000e+12  1.09675828e+10
 1.52145000e+03  1.45697196e+17  7.36231209e+16  7.84470550e+10  5.96610301e+10  3.71610000e+12  1.09675828e+10
 1.52200000e+03  1.45973242e+17  7.45023643e+16  7.85956848e+10  6.03735314e+10  3.71610000e+12  1.09675828e+10
 1.52200000e+03  1.45973242e+17  7.45023643e+16  7.85956848e+10  6.03735314e+10  3.71610000e+12  1.09675828e+10
 1.52210000e+03  1.45295752e+17  7.46576805e+16  7.82309073e+10  6.04993929e+10  3.71610000e+12  1.09675828e+10
 1.52220000e+03  1.44621407e+17  7.48087796e+16  7.78678227e+10  6.06218372e+10  3.71610000e+12  1.09675828e+10
 1.52230000e+03  1.43950191e+17  7.49557057e+16  7.75064233e+10  6.07408998e+10  3.71610000e+12  1.09675828e+10
 1.52240000e+03  1.43282091e+17  7.50985023e+16  7.71467012e+10  6.08566161e+10  3.71610000e+12  1.09675828e+10
 1.52250000e+03  1.42617091e+17  7.52372127e+16  7.67886486e+10  6.09690211e+10  3.71610000e+12  1.09675828e+10
 1.52260000e+03  1.41955178e+17  7.53718797e+16  7.64322579e+10  6.10781495e+10  3.71610000e+12  1.09675828e+10
 1.52270000e+03  1.41296337e+17  7.55025458e+16  7.60775212e+10  6.11840357e+10  3.71610000e+12  1.09675828e+10
 1.52280000e+03  1.40640554e+17  7.56292531e+16  7.57244309e+10  6.12867139e+10  3.71610000e+12  1.09675828e+10
 1.52290000e+03  1.39987814e+17  7.57520434e+16  7.53729794e+10  6.13862179e+10  3.71610000e+12  1.09675828e+10
 1.52300000e+03  1.39338104e+17  7.58709581e+16  7.50231590e+10  6.14825813e+10  3.71610000e+12  1.09675828e+10
 1.52300000e+03  1.39338104e+17  7.58709581e+16  7.50231590e+10  6.14825813e+10  3.77838066e+12  1.09653893e+10
 1.52310000e+03  1.38691409e+17  7.59860382e+16  7.46749622e+10  6.15758373e+10  3.77838066e+12  1.09653893e+10
 1.52320000e+03  1.38047716e+17  7.60973245e+16  7.43283815e+10  6.16660189e+10  3.77838066e+12  1.09653893e+10
 1.52330000e+03  1.37407010e+17  7.62048573e+16  7.39834093e+10  6.17531588e+10  3.77838066e+12  1.09653893e+10
 1.52340000e+03  1.36769278e+17  7.63086765e+16  7.36400382e+10  6.18372895e+10  3.77838066e+12  1.09653893e+10
 1.52350000e+03  1.36134506e+17  7.64088219e+16  7.32982607e+10  6.19184431e+10  3.77838066e+12  1.09653893e+10
 1.52360000e+03  1.35502680e+17  7.65053328e+16  7.29580695e+10  6.19966514e+10  3.77838066e+12  1.09653893e+10
 1.52370000e+03  1.34873786e+17  7.65982482e+16  7.26194572e+10  6.20719460e+10  3.77838066e+12  1.09653893e+10
 1.52380000e+03  1.34247811e+17  7.66876066e+16  7.22824164e+10  6.21443583e+10  3.77838066e+12  1.09653893e+10
 1.52390000e+03  1.33624741e+17  7.67734465e+16  7.19469399e+10  6.22139193e+10  3.77838066e+12  1.09653893e+10
 1.52400000e+03  1.33004563e+17  7.68558058e+16  7.16130205e+10  6.22806597e+10  3.77838066e+12  1.09653893e+10
 1.52400000e+03  1.33004563e+17  0.00000000e+00  7.16130205e+10  0.00000000e+00  3.77838066e+12  1.09653893e+10
 1.52410000e+03  1.32387264e+17  6.15141904e+14  7.12806508e+10  4.98484704e+08  3.77838066e+12  1.09653893e+10
 1.52420000e+03  1.31772829e+17  1.22313695e+15  7.09498237e+10  9.91177901e+08  3.77838066e+12  1.09653893e+10
 1.52430000e+03  1.31161246e+17  1.82404826e+15  7.06205320e+10  1.47813074e+09  3.77838066e+12  1.09653893e+10
 1.52440000e+03  1.30552502e+17  2.41793843e+15  7.02927687e+10  1.95939395e+09  3.77838066e+12  1.09653893e+10
 1.52450000e+03  1.29946583e+17  3.00486959e+15  6.99665265e+10  2.43501787e+09  3.77838066e+12  1.09653893e+10
 1.52460000e+03  1.29343476e+17  3.58490336e+15  6.96417985e+10  2.90505244e+09  3.77838066e+12  1.09653893e+10
 1.52470000e+03  1.28743168e+17  4.15810086e+15  6.93185776e+10  3.36954720e+09  3.77838066e+12  1.09653893e+10
 1.52480000e+03  1.28145647e+17  4.72452274e+15  6.89968569e+10  3.82855127e+09  3.77838066e+12  1.09653893e+10
 1.52490000e+03  1.27550898e+17  5.28422916e+15  6.86766293e+10  4.28211343e+09  3.77838066e+12  1.09653893e+10
 1.52500000e+03  1.26958910e+17  5.83727979e+15  6.83578880e+10  4.73028202e+09  3.77838066e+12  1.09653893e+10
 1.52500000e+03  1.26958910e+17  5.83727979e+15  6.83578880e+10  4.73028202e+09  3.77838066e+12  1.09653893e+10
 1.52555000e+03  1.27707520e+17  8.81288266e+15  6.87609584e+10  7.14158339e+09  3.77838066e+12  1.09653893e+10
 1.52610000e+03  1.28437219e+17  1.16946286e+16  6.91538467e+10  9.47682713e+09  3.77838066e+12  1.09653893e+10
 1.52665000e+03  1.29148484e+17  1.44855946e+16  6.95368101e+10  1.17385067e+10  3.77838066e+12  1.09653893e+10
 1.52720000e+03  1.29841782e+17  1.71887532e+16  6.99100993e+10  1.39290308e+10  3.77838066e+12  1.09653893e+10
 1.52775000e+03  1.30517567e+17  1.98069762e+16  7.02739586e+10  1.60507268e+10  3.77838066e+12  1.09653893e+10
 1.52830000e+03  1.31176280e+17  2.23430381e+16  7.06286264e+10  1.81058430e+10  3.77838066e+12  1.09653893e+10
 1.52885000e+03  1.31818353e+17  2.47996198e+16  7.09743348e+10  2.00965518e+10  3.77838066e+12  1.09653893e+10
 1.52940000e+03  1.32444206e+17  2.71793112e+16  7.13113100e+10  2.20249520e+10  3.77838066e+12  1.09653893e+10
 1.52995000e+03  1.33054250e+17  2.94846152e+16  7.16397728e+10  2.38930718e+10  3.77838066e+12  1.09653893e+10
 1.53050000e+03  1.33648882e+17  3.17179500e+16  7.19599382e+10  2.57028709e+10  3.77838066e+12  1.09653893e+10
 1.53105000e+03  1.34228494e+17  3.38816526e+16  7.22720157e+10  2.74562429e+10  3.77838066e+12  1.09653893e+10
 1.53160000e+03  1.34793464e+17  3.59779810e+16  7.25762097e+10  2.91550179e+10  3.77838066e+12  1.09653893e+10
 1.53215000e+03  1.35344161e+17  3.80091177e+16  7.28727193e+10  3.08009642e+10  3.77838066e+12  1.09653893e+10
 1.53270000e+03  1.35880948e+17  3.99771717e+16  7.31617387e+10  3.23957910e+10  3.77838066e+12  1.09653893e+10
 1.53325000e+03  1.36404174e+17  4.18841812e+16  7.34434570e+10  3.39411501e+10  3.77838066e+12  1.09653893e+10
 1.53380000e+03  1.36914183e+17  4.37321164e+16  7.37180587e+10  3.54386378e+10  3.77838066e+12  1.09653893e+10
 1.53435000e+03  1.37411309e+17  4.55228813e+16  7.39857236e+10  3.68897971e+10  3.77838066e+12  1.09653893e+10
 1.53490000e+03  1.37895876e+17  4.72583164e+16  7.42466269e+10  3.82961195e+10  3.77838066e+12  1.09653893e+10
 1.53545000e+03  1.38368202e+17  4.89402005e+16  7.45009394e+10  3.96590465e+10  3.77838066e+12  1.09653893e+10
 1.53600000e+03  1.38828597e+17  5.05702534e+16  7.47488276e+10  4.09799717e+10  3.77838066e+12  1.09653893e+10
 1.53655000e+03  1.39277362e+17  5.21501374e+16  7.49904538e+10  4.22602421e+10  3.77838066e+12  1.09653893e+10
 1.53710000e+03  1.39714790e+17  5.36814594e+16  7.52259762e+10  4.35011600e+10  3.77838066e+12  1.09653893e+10
 1.53765000e+03  1.40141168e+17  5.51657730e+16  7.54555489e+10  4.47039843e+10  3.77838066e+12  1.09653893e+10
 1.53820000e+03  1.40556775e+17  5.66045803e+16  7.56793224e+10  4.58699322e+10  3.77838066e+12  1.09653893e+10
 1.53875000e+03  1.40961884e+17  5.79993334e+16  7.58974429e+10  4.70001805e+10  3.77838066e+12  1.09653893e+10
 1.53930000e+03  1.41356758e+17  5.93514363e+16  7.61100535e+10  4.80958669e+10  3.77838066e+12  1.09653893e+10
 1.53985000e+03  1.41741658e+17  6.06622466e+16  7.63172932e+10  4.91580916e+10  3.77838066e+12  1.09653893e+10
 1.54040000e+03  1.42116834e+17  6.19330771e+16  7.65192977e+10  5.01879182e+10  3.77838066e+12  1.09653893e+10
 1.54095000e+03  1.42482533e+17  6.31651970e+16  7.67161993e+10  5.11863755e+10  3.77838066e+12  1.09653893e+10
 1.54150000e+03  1.42838994e+17  6.43598338e+16  7.69081269e+10  5.21544582e+10  3.77838066e+12  1.09653893e+10
 1.54205000e+03  1.43186451e+17  6.55181747e+16  7.70952062e+10  5.30931281e+10  3.77838066e+12  1.09653893e+10
 1.54260000e+03  1.43525130e+17  6.66413676e+16  7.72775595e+10  5.40033157e+10  3.77838066e+12  1.09653893e+10
 1.54315000e+03  1.43855253e+17  6.77305228e+16  7.74553063e+10  5.48859204e+10  3.77838066e+12  1.09653893e+10
 1.54370000e+03  1.44177037e+17  6.87867140e+16  7.76285630e+10  5.57418127e+10  3.77838066e+12  1.09653893e+10
 1.54425000e+03  1.44490693e+17  6.98109800e+16  7.77974430e+10  5.65718340e+10  3.77838066e+12  1.09653893e+10
 1.54480000e+03  1.44796425e+17  7.08043252e+16  7.79620569e+10  5.73767986e+10  3.77838066e+12  1.09653893e+10
 1.54535000e+03  1.45094433e+17  7.17677215e+16  7.81225123e+10  5.81574937e+10  3.77838066e+12  1.09653893e+10
 1.54590000e+03  1.45384914e+17  7.27021088e+16  7.82789145e+10  5.89146812e+10  3.77838066e+12  1.09653893e+10
 1.54645000e+03  1.45668057e+17  7.36083963e+16  7.84313656e+10  5.96490979e+10  3.77838066e+12  1.09653893e+10
 1.54700000e+03  1.45944047e+17  7.44874639e+16  7.85799657e+10  6.03614567e+10  3.77838066e+12  1.09653893e+10
 1.54700000e+03  1.45944047e+17  7.44874639e+16  7.85799657e+10  6.03614567e+10  3.77838066e+12  1.09653893e+10
 1.54710000e+03  1.45266693e+17  7.46427490e+16  7.82152611e+10  6.04872931e+10  3.77838066e+12  1.09653893e+10
 1.54720000e+03  1.44592482e+17  7.47938179e+16  7.78522491e+10  6.06097128e+10  3.77838066e+12  1.09653893e+10
 1.54730000e+03  1.43921401e+17  7.49407146e+16  7.74909220e+10  6.07287516e+10  3.77838066e+12  1.09653893e+10
 1.54740000e+03  1.43253434e+17  7.50834826e+16  7.71312719e+10  6.08444448e+10  3.77838066e+12  1.09653893e+10
 1.54750000e+03  1.42588568e+17  7.52221653e+16  7.67732909e+10  6.09568273e+10  3.77838066e+12  1.09653893e+10
 1.54760000e+03  1.41926787e+17  7.53568053e+16  7.64169714e+10  6.10659338e+10  3.77838066e+12  1.09653893e+10
 1.54770000e+03  1.41268078e+17  7.54874453e+16  7.60623057e+10  6.11717989e+10  3.77838066e+12  1.09653893e+10
 1.54780000e+03  1.40612426e+17  7.56141273e+16  7.57092860e+10  6.12744565e+10  3.77838066e+12  1.09653893e+10
 1.54790000e+03  1.39959817e+17  7.57368930e+16  7.53579048e+10  6.13739406e+10  3.77838066e+12  1.09653893e+10
 1.54800000e+03  1.39310236e+17  7.58557839e+16  7.50081544e+10  6.14702847e+10  3.77838066e+12  1.09653893e+10
 1.54800000e+03  1.39310236e+17  7.58557839e+16  7.50081544e+10  6.14702847e+10  3.84064886e+12  1.09631963e+10
 1.54810000e+03  1.38663671e+17  7.59708410e+16  7.46600272e+10  6.15635221e+10  3.84064886e+12  1.09631963e+10
 1.54820000e+03  1.38020107e+17  7.60821050e+16  7.43135158e+10  6.16536857e+10  3.84064886e+12  1.09631963e+10
 1.54830000e+03  1.37379529e+17  7.61896163e+16  7.39686126e+10  6.17408082e+10  3.84064886e+12  1.09631963e+10
 1.54840000e+03  1.36741924e+17  7.62934148e+16  7.36253101e+10  6.18249221e+10  3.84064886e+12  1.09631963e+10
 1.54850000e+03  1.36107279e+17  7.63935402e+16  7.32836010e+10  6.19060594e+10  3.84064886e+12  1.09631963e+10
 1.54860000e+03  1.35475579e+17  7.64900317e+16  7.29434779e+10  6.19842521e+10  3.84064886e+12  1.09631963e+10
 1.54870000e+03  1.34846811e+17  7.65829285e+16  7.26049333e+10  6.20595316e+10  3.84064886e+12  1.09631963e+10
 1.54880000e+03  1.34220961e+17  7.66722691e+16  7.22679599e+10  6.21319294e+10  3.84064886e+12  1.09631963e+10
 1.54890000e+03  1.33598016e+17  7.67580918e+16  7.19325505e+10  6.22014765e+10  3.84064886e+12  1.09631963e+10
 1.54900000e+03  1.32977962e+17  7.68404347e+16  7.15986979e+10  6.22682036e+10  3.84064886e+12  1.09631963e+10
 1.54900000e+03  1.32977962e+17  0.00000000e+00  7.15986979e+10  0.00000000e+00  3.84064886e+12  1.09631963e+10
 1.54910000e+03  1.32360786e+17  6.15018876e+14  7.12663946e+10  4.98385007e+08  3.84064886e+12  1.09631963e+10
 1.54920000e+03  1.31746475e+17  1.22289232e+15  7.09356337e+10  9.90979666e+08  3.84064886e+12  1.09631963e+10
 1.54930000e+03  1.31135014e+17  1.82368345e+15  7.06064079e+10  1.47783511e+09  3.84064886e+12  1.09631963e+10
 1.54940000e+03  1.30526391e+17  2.41745485e+15  7.02787101e+10  1.95900207e+09  3.84064886e+12  1.09631963e+10
 1.54950000e+03  1.29920594e+17  3.00426862e+15  6.99525332e+10  2.43453087e+09  3.84064886e+12  1.09631963e+10
 1.54960000e+03  1.29317607e+17  3.58418638e+15  6.96278702e+10  2.90447143e+09  3.84064886e+12  1.09631963e+10
 1.54970000e+03  1.28717420e+17  4.15726924e+15  6.93047139e+10  3.36887329e+09  3.84064886e+12  1.09631963e+10
 1.54980000e+03  1.28120018e+17  4.72357784e+15  6.89830575e+10  3.82778556e+09  3.84064886e+12  1.09631963e+10
 1.54990000e+03  1.27525388e+17  5.28317231e+15  6.86628940e+10  4.28125700e+09  3.84064886e+12  1.09631963e+10
 1.55000000e+03  1.26933518e+17  5.83611233e+15  6.83442164e+10  4.72933596e+09  3.84064886e+12  1.09631963e+10
 1.55000000e+03  1.26933518e+17  5.83611233e+15  6.83442164e+10  4.72933596e+09  3.84064886e+12  1.09631963e+10
 1.55055000e+03  1.27681979e+17  8.81112009e+15  6.87472062e+10  7.14015508e+09  3.84064886e+12  1.09631963e+10
 1.55110000e+03  1.28411531e+17  1.16922897e+16  6.91400160e+10  9.47493176e+09  3.84064886e+12  1.09631963e+10
 1.55165000e+03  1.29122655e+17  1.44826975e+16  6.95229027e+10  1.17361590e+10  3.84064886e+12  1.09631963e+10
 1.55220000e+03  1.29815814e+17  1.71853154e+16  6.98961173e+10  1.39262450e+10  3.84064886e+12  1.09631963e+10
 1.55275000e+03  1.30491463e+17  1.98030148e+16  7.02599039e+10  1.60475167e+10  3.84064886e+12  1.09631963e+10
 1.55330000e+03  1.31150045e+17  2.23385695e+16  7.06145007e+10  1.81022219e+10  3.84064886e+12  1.09631963e+10
 1.55385000e+03  1.31791989e+17  2.47946599e+16  7.09601399e+10  2.00925325e+10  3.84064886e+12  1.09631963e+10
 1.55440000e+03  1.32417717e+17  2.71738754e+16  7.12970478e+10  2.20205470e+10  3.84064886e+12  1.09631963e+10
 1.55495000e+03  1.33027639e+17  2.94787183e+16  7.16254448e+10  2.38882932e+10  3.84064886e+12  1.09631963e+10
 1.55550000e+03  1.33622153e+17  3.17116064e+16  7.19455462e+10  2.56977303e+10  3.84064886e+12  1.09631963e+10
 1.55605000e+03  1.34201648e+17  3.38748762e+16  7.22575613e+10  2.74507517e+10  3.84064886e+12  1.09631963e+10
 1.55660000e+03  1.34766505e+17  3.59707854e+16  7.25616944e+10  2.91491869e+10  3.84064886e+12  1.09631963e+10
 1.55715000e+03  1.35317093e+17  3.80015159e+16  7.28581447e+10  3.07948040e+10  3.84064886e+12  1.09631963e+10
 1.55770000e+03  1.35853772e+17  3.99691762e+16  7.31471063e+10  3.23893119e+10  3.84064886e+12  1.09631963e+10
 1.55825000e+03  1.36376893e+17  4.18758044e+16  7.34287683e+10  3.39343618e+10  3.84064886e+12  1.09631963e+10
 1.55880000e+03  1.36886800e+17  4.37233700e+16  7.37033151e+10  3.54315500e+10  3.84064886e+12  1.09631963e+10
 1.55935000e+03  1.37383826e+17  4.55137768e+16  7.39709265e+10  3.68824191e+10  3.84064886e+12  1.09631963e+10
 1.55990000e+03  1.37868297e+17  4.72488647e+16  7.42317776e+10  3.82884603e+10  3.84064886e+12  1.09631963e+10
 1.56045000e+03  1.38340529e+17  4.89304125e+16  7.44860392e+10  3.96511147e+10  3.84064886e+12  1.09631963e+10
 1.56100000e+03  1.38800831e+17  5.05601394e+16  7.47338778e+10  4.09717757e+10  3.84064886e+12  1.09631963e+10
 1.56155000e+03  1.39249506e+17  5.21397073e+16  7.49754557e+10  4.22517900e+10  3.84064886e+12  1.09631963e+10
 1.56210000e+03  1.39686847e+17  5.36707231e+16  7.52109310e+10  4.34924598e+10  3.84064886e+12  1.09631963e+10
 1.56265000e+03  1.40113140e+17  5.51547399e+16  7.54404578e+10  4.46950435e+10  3.84064886e+12  1.09631963e+10
 1.56320000e+03  1.40528664e+17  5.65932594e+16  7.56641865e+10  4.58607583e+10  3.84064886e+12  1.09631963e+10
 1.56375000e+03  1.40933691e+17  5.79877335e+16  7.58822635e+10  4.69907805e+10  3.84064886e+12  1.09631963e+10
 1.56430000e+03  1.41328487e+17  5.93395660e+16  7.60948315e+10  4.80862477e+10  3.84064886e+12  1.09631963e+10
 1.56485000e+03  1.41713310e+17  6.06501142e+16  7.63020297e+10  4.91482600e+10  3.84064886e+12  1.09631963e+10
 1.56540000e+03  1.42088411e+17  6.19206904e+16  7.65039939e+10  5.01778807e+10  3.84064886e+12  1.09631963e+10
 1.56595000e+03  1.42454037e+17  6.31525639e+16  7.67008561e+10  5.11761383e+10  3.84064886e+12  1.09631963e+10
 1.56650000e+03  1.42810427e+17  6.43469619e+16  7.68927453e+10  5.21440273e+10  3.84064886e+12  1.09631963e+10
 1.56705000e+03  1.43157813e+17  6.55050711e+16  7.70797871e+10  5.30825095e+10  3.84064886e+12  1.09631963e+10
 1.56760000e+03  1.43496425e+17  6.66280393e+16  7.72621040e+10  5.39925150e+10  3.84064886e+12  1.09631963e+10
 1.56815000e+03  1.43826482e+17  6.77169767e+16  7.74398153e+10  5.48749433e+10  3.84064886e+12  1.09631963e+10
 1.56870000e+03  1.44148202e+17  6.87729567e+16  7.76130373e+10  5.57306643e+10  3.84064886e+12  1.09631963e+10
 1.56925000e+03  1.44461795e+17  6.97970178e+16  7.77818835e+10  5.65605197e+10  3.84064886e+12  1.09631963e+10
 1.56980000e+03  1.44767465e+17  7.07901644e+16  7.79464645e+10  5.73653232e+10  3.84064886e+12  1.09631963e+10
 1.57035000e+03  1.45065415e+17  7.17533680e+16  7.81068878e+10  5.81458622e+10  3.84064886e+12  1.09631963e+10
 1.57090000e+03  1.45355837e+17  7.26875683e+16  7.82632587e+10  5.89028983e+10  3.84064886e+12  1.09631963e+10
 1.57145000e+03  1.45638923e+17  7.35936746e+16  7.84156794e+10  5.96371681e+10  3.84064886e+12  1.09631963e+10
 1.57200000e+03  1.45914858e+17  7.44725664e+16  7.85642497e+10  6.03493844e+10  3.84064886e+12  1.09631963e+10
 1.57200000e+03  1.45914858e+17  7.44725664e+16  7.85642497e+10  6.03493844e+10  3.84064886e+12  1.09631963e+10
 1.57210000e+03  1.45237639e+17  7.46278204e+16  7.81996180e+10  6.04751956e+10  3.84064886e+12  1.09631963e+10
 1.57220000e+03  1.44563564e+17  7.47788591e+16  7.78366787e+10  6.05975909e+10  3.84064886e+12  1.09631963e+10
 1.57230000e+03  1.43892617e+17  7.49257264e+16  7.74754238e+10  6.07166059e+10  3.84064886e+12  1.09631963e+10
 1.57240000e+03  1.43224784e+17  7.50684659e+16  7.71158456e+10  6.08322759e+10  3.84064886e+12  1.09631963e+10
 1.57250000e+03  1.42560050e+17  7.52071208e+16  7.67579362e+10  6.09446359e+10  3.84064886e+12  1.09631963e+10
 1.57260000e+03  1.41898402e+17  7.53417340e+16  7.64016880e+10  6.10537206e+10  3.84064886e+12  1.09631963e+10
 1.57270000e+03  1.41239824e+17  7.54723478e+16  7.60470932e+10  6.11595645e+10  3.84064886e+12  1.09631963e+10
 1.57280000e+03  1.40584303e+17  7.55990045e+16  7.56941442e+10  6.12622016e+10  3.84064886e+12  1.09631963e+10
 1.57290000e+03  1.39931825e+17  7.57217456e+16  7.53428332e+10  6.13616658e+10  3.84064886e+12  1.09631963e+10
 1.57300000e+03  1.39282374e+17  7.58406128e+16  7.49931527e+10  6.14579907e+10  3.84064886e+12  1.09631963e+10
 1.57300000e+03  1.39282374e+17  7.58406128e+16  7.49931527e+10  6.14579907e+10  3.90290461e+12  1.09610036e+10
 1.57310000e+03  1.38635938e+17  7.59556469e+16  7.46450952e+10  6.15512094e+10  3.90290461e+12  1.09610036e+10
 1.57320000e+03  1.37992502e+17  7.60668886e+16  7.42986531e+10  6.16413550e+10  3.90290461e+12  1.09610036e+10
 1.57330000e+03  1.37352053e+17  7.61743784e+16  7.39538189e+10  6.17284601e+10  3.90290461e+12  1.09610036e+10
 1.57340000e+03  1.36714576e+17  7.62781561e+16  7.36105851e+10  6.18125571e+10  3.90290461e+12  1.09610036e+10
 1.57350000e+03  1.36080057e+17  7.63782614e+16  7.32689443e+10  6.18936782e+10  3.90290461e+12  1.09610036e+10
 1.57360000e+03  1.35448484e+17  7.64747337e+16  7.29288892e+10  6.19718552e+10  3.90290461e+12  1.09610036e+10
 1.57370000e+03  1.34819842e+17  7.65676119e+16  7.25904123e+10  6.20471197e+10  3.90290461e+12  1.09610036e+10
 1.57380000e+03  1.34194117e+17  7.66569346e+16  7.22535063e+10  6.21195030e+10  3.90290461e+12  1.09610036e+10
 1.57390000e+03  1.33571297e+17  7.67427402e+16  7.19181640e+10  6.21890362e+10  3.90290461e+12  1.09610036e+10
 1.57400000e+03  1.32951367e+17  7.68250666e+16  7.15843781e+10  6.22557500e+10  3.90290461e+12  1.09610036e+10
 1.57400000e+03  1.32951367e+17  0.00000000e+00  7.15843781e+10  0.00000000e+00  3.90290461e+12  1.09610036e+10
 1.57410000e+03  1.32334314e+17  6.14895872e+14  7.12521414e+10  4.98285330e+08  3.90290461e+12  1.09610036e+10
 1.57420000e+03  1.31720125e+17  1.22264775e+15  7.09214466e+10  9.90781470e+08  3.90290461e+12  1.09610036e+10
 1.57430000e+03  1.31108787e+17  1.82331871e+15  7.05922866e+10  1.47753954e+09  3.90290461e+12  1.09610036e+10
 1.57440000e+03  1.30500286e+17  2.41697135e+15  7.02646544e+10  1.95861027e+09  3.90290461e+12  1.09610036e+10
 1.57450000e+03  1.29894609e+17  3.00366777e+15  6.99385427e+10  2.43404396e+09  3.90290461e+12  1.09610036e+10
 1.57460000e+03  1.29291744e+17  3.58346954e+15  6.96139446e+10  2.90389054e+09  3.90290461e+12  1.09610036e+10
 1.57470000e+03  1.28691676e+17  4.15643779e+15  6.92908530e+10  3.36819951e+09  3.90290461e+12  1.09610036e+10
 1.57480000e+03  1.28094394e+17  4.72263312e+15  6.89692609e+10  3.82702001e+09  3.90290461e+12  1.09610036e+10
 1.57490000e+03  1.27499883e+17  5.28211568e+15  6.86491614e+10  4.28040075e+09  3.90290461e+12  1.09610036e+10
 1.57500000e+03  1.26908132e+17  5.83494511e+15  6.83305476e+10  4.72839010e+09  3.90290461e+12  1.09610036e+10
 1.57500000e+03  1.26908132e+17  5.83494511e+15  6.83305476e+10  4.72839010e+09  3.90290461e+12  1.09610036e+10
 1.57555000e+03  1.27656442e+17  8.80935786e+15  6.87334568e+10  7.13872704e+09  3.90290461e+12  1.09610036e+10
 1.57610000e+03  1.28385849e+17  1.16899512e+16  6.91261880e+10  9.47303678e+09  3.90290461e+12  1.09610036e+10
 1.57665000e+03  1.29096830e+17  1.44798010e+16  6.95089982e+10  1.17338117e+10  3.90290461e+12  1.09610036e+10
 1.57720000e+03  1.29789851e+17  1.71818784e+16  6.98821380e+10  1.39234598e+10  3.90290461e+12  1.09610036e+10
 1.57775000e+03  1.30465365e+17  1.97990542e+16  7.02458519e+10  1.60443072e+10  3.90290461e+12  1.09610036e+10
 1.57830000e+03  1.31123815e+17  2.23341018e+16  7.06003778e+10  1.80986014e+10  3.90290461e+12  1.09610036e+10
 1.57885000e+03  1.31765631e+17  2.47897009e+16  7.09459479e+10  2.00885140e+10  3.90290461e+12  1.09610036e+10
 1.57940000e+03  1.32391234e+17  2.71684406e+16  7.12827883e+10  2.20161429e+10  3.90290461e+12  1.09610036e+10
 1.57995000e+03  1.33001033e+17  2.94728226e+16  7.16111198e+10  2.38835155e+10  3.90290461e+12  1.09610036e+10
 1.58050000e+03  1.33595428e+17  3.17052641e+16  7.19311571e+10  2.56925908e+10  3.90290461e+12  1.09610036e+10
 1.58105000e+03  1.34174808e+17  3.38681012e+16  7.22431098e+10  2.74452615e+10  3.90290461e+12  1.09610036e+10
 1.58160000e+03  1.34739552e+17  3.59635912e+16  7.25471821e+10  2.91433570e+10  3.90290461e+12  1.09610036e+10
 1.58215000e+03  1.35290029e+17  3.79939156e+16  7.28435731e+10  3.07886451e+10  3.90290461e+12  1.09610036e+10
 1.58270000e+03  1.35826601e+17  3.99611824e+16  7.31324769e+10  3.23828340e+10  3.90290461e+12  1.09610036e+10
 1.58325000e+03  1.36349618e+17  4.18674292e+16  7.34140825e+10  3.39275750e+10  3.90290461e+12  1.09610036e+10
 1.58380000e+03  1.36859423e+17  4.37146253e+16  7.36885744e+10  3.54244637e+10  3.90290461e+12  1.09610036e+10
 1.58435000e+03  1.37356350e+17  4.55046740e+16  7.39561323e+10  3.68750427e+10  3.90290461e+12  1.09610036e+10
 1.58490000e+03  1.37840723e+17  4.72394149e+16  7.42169312e+10  3.82808026e+10  3.90290461e+12  1.09610036e+10
 1.58545000e+03  1.38312861e+17  4.89206264e+16  7.44711420e+10  3.96431845e+10  3.90290461e+12  1.09610036e+10
 1.58600000e+03  1.38773071e+17  5.05500273e+16  7.47189311e+10  4.09635813e+10  3.90290461e+12  1.09610036e+10
 1.58655000e+03  1.39221656e+17  5.21292794e+16  7.49604606e+10  4.22433397e+10  3.90290461e+12  1.09610036e+10
 1.58710000e+03  1.39658910e+17  5.36599889e+16  7.51958888e+10  4.34837613e+10  3.90290461e+12  1.09610036e+10
 1.58765000e+03  1.40085117e+17  5.51437089e+16  7.54253697e+10  4.46861045e+10  3.90290461e+12  1.09610036e+10
 1.58820000e+03  1.40500558e+17  5.65819407e+16  7.56490537e+10  4.58515861e+10  3.90290461e+12  1.09610036e+10
 1.58875000e+03  1.40905504e+17  5.79761360e+16  7.58670870e+10  4.69813823e+10  3.90290461e+12  1.09610036e+10
 1.58930000e+03  1.41300221e+17  5.93276981e+16  7.60796125e+10  4.80766305e+10  3.90290461e+12  1.09610036e+10
 1.58985000e+03  1.41684967e+17  6.06379841e+16  7.62867693e+10  4.91384303e+10  3.90290461e+12  1.09610036e+10
 1.59040000e+03  1.42059993e+17  6.19083063e+16  7.64886931e+10  5.01678451e+10  3.90290461e+12  1.09610036e+10
 1.59095000e+03  1.42425546e+17  6.31399334e+16  7.66855159e+10  5.11659030e+10  3.90290461e+12  1.09610036e+10
 1.59150000e+03  1.42781865e+17  6.43340925e+16  7.68773667e+10  5.21335985e+10  3.90290461e+12  1.09610036e+10
 1.59205000e+03  1.43129182e+17  6.54919701e+16  7.70643712e+10  5.30718930e+10  3.90290461e+12  1.09610036e+10
 1.59260000e+03  1.43467725e+17  6.66147137e+16  7.72466516e+10  5.39817165e+10  3.90290461e+12  1.09610036e+10
 1.59315000e+03  1.43797717e+17  6.77034333e+16  7.74243273e+10  5.48639683e+10  3.90290461e+12  1.09610036e+10
 1.59370000e+03  1.44119372e+17  6.87592021e+16  7.75975147e+10  5.57195182e+10  3.90290461e+12  1.09610036e+10
 1.59425000e+03  1.44432902e+17  6.97830584e+16  7.77663272e+10  5.65492076e+10  3.90290461e+12  1.09610036e+10
 1.59480000e+03  1.44738512e+17  7.07760063e+16  7.79308752e+10  5.73538501e+10  3.90290461e+12  1.09610036e+10
 1.59535000e+03  1.45036401e+17  7.17390173e+16  7.80912664e+10  5.81342330e+10  3.90290461e+12  1.09610036e+10
 1.59590000e+03  1.45326766e+17  7.26730308e+16  7.82476060e+10  5.88911177e+10  3.90290461e+12  1.09610036e+10
 1.59645000e+03  1.45609795e+17  7.35789559e+16  7.83999962e+10  5.96252406e+10  3.90290461e+12  1.09610036e+10
 1.59700000e+03  1.45885675e+17  7.44576719e+16  7.85485368e+10  6.03373145e+10  3.90290461e+12  1.09610036e+10
 1.59700000e+03  1.45885675e+17  7.44576719e+16  7.85485368e+10  6.03373145e+10  3.90290461e+12  1.09610036e+10
 1.59710000e+03  1.45208592e+17  7.46128948e+16  7.81839781e+10  6.04631006e+10  3.90290461e+12  1.09610036e+10
 1.59720000e+03  1.44534651e+17  7.47639033e+16  7.78211114e+10  6.05854714e+10  3.90290461e+12  1.09610036e+10
 1.59730000e+03  1.43863838e+17  7.49107413e+16  7.74599287e+10  6.07044626e+10  3.90290461e+12  1.09610036e+10
 1.59740000e+03  1.43196139e+17  7.50534522e+16  7.71004224e+10  6.08201094e+10  3.90290461e+12  1.09610036e+10
 1.59750000e+03  1.42531538e+17  7.51920794e+16  7.67425847e+10  6.09324470e+10  3.90290461e+12  1.09610036e+10
 1.59760000e+03  1.41870022e+17  7.53266656e+16  7.63864077e+10  6.10415099e+10  3.90290461e+12  1.09610036e+10
 1.59770000e+03  1.41211576e+17  7.54572533e+16  7.60318838e+10  6.11473326e+10  3.90290461e+12  1.09610036e+10
 1.59780000e+03  1.40556186e+17  7.55838847e+16  7.56790053e+10  6.12499492e+10  3.90290461e+12  1.09610036e+10
 1.59790000e+03  1.39903838e+17  7.57066013e+16  7.53277646e+10  6.13493935e+10  3.90290461e+12  1.09610036e+10
 1.59800000e+03  1.39254518e+17  7.58254446e+16  7.49781541e+10  6.14456991e+10  3.90290461e+12  1.09610036e+10
 1.59800000e+03  1.39254518e+17  7.58254446e+16  7.49781541e+10  6.14456991e+10  3.96514791e+12  1.09588114e+10
 1.59810000e+03  1.38608211e+17  7.59404557e+16  7.46301662e+10  6.15388992e+10  3.96514791e+12  1.09588114e+10
 1.59820000e+03  1.37964904e+17  7.60516752e+16  7.42837934e+10  6.16290267e+10  3.96514791e+12  1.09588114e+10
 1.59830000e+03  1.37324583e+17  7.61591435e+16  7.39390281e+10  6.17161144e+10  3.96514791e+12  1.09588114e+10
 1.59840000e+03  1.36687233e+17  7.62629005e+16  7.35958630e+10  6.18001946e+10  3.96514791e+12  1.09588114e+10
 1.59850000e+03  1.36052841e+17  7.63629858e+16  7.32542905e+10  6.18812995e+10  3.96514791e+12  1.09588114e+10
 1.59860000e+03  1.35421394e+17  7.64594388e+16  7.29143034e+10  6.19594608e+10  3.96514791e+12  1.09588114e+10
 1.59870000e+03  1.34792878e+17  7.65522984e+16  7.25758942e+10  6.20347103e+10  3.96514791e+12  1.09588114e+10
 1.59880000e+03  1.34167278e+17  7.66416033e+16  7.22390556e+10  6.21070791e+10  3.96514791e+12  1.09588114e+10
 1.59890000e+03  1.33544582e+17  7.67273917e+16  7.19037804e+10  6.21765984e+10  3.96514791e+12  1.09588114e+10
 1.59900000e+03  1.32924776e+17  7.68097016e+16  7.15700612e+10  6.22432988e+10  3.96514791e+12  1.09588114e+10
 1.59900000e+03  1.32924776e+17  0.00000000e+00  7.15700612e+10  0.00000000e+00  3.96514791e+12  1.09588114e+10
 1.59910000e+03  1.32307847e+17  6.14772893e+14  7.12378909e+10  4.98185673e+08  3.96514791e+12  1.09588114e+10
 1.59920000e+03  1.31693781e+17  1.22240322e+15  7.09072623e+10  9.90583313e+08  3.96514791e+12  1.09588114e+10
 1.59930000e+03  1.31082565e+17  1.82295405e+15  7.05781682e+10  1.47724404e+09  3.96514791e+12  1.09588114e+10
 1.59940000e+03  1.30474186e+17  2.41648796e+15  7.02506014e+10  1.95821855e+09  3.96514791e+12  1.09588114e+10
 1.59950000e+03  1.29868631e+17  3.00306703e+15  6.99245550e+10  2.43355715e+09  3.96514791e+12  1.09588114e+10
 1.59960000e+03  1.29265885e+17  3.58275285e+15  6.96000218e+10  2.90330976e+09  3.96514791e+12  1.09588114e+10
 1.59970000e+03  1.28665938e+17  4.15560650e+15  6.92769948e+10  3.36752587e+09  3.96514791e+12  1.09588114e+10
 1.59980000e+03  1.28068775e+17  4.72168859e+15  6.89554671e+10  3.82625460e+09  3.96514791e+12  1.09588114e+10
 1.59990000e+03  1.27474383e+17  5.28105925e+15  6.86354316e+10  4.27954467e+09  3.96514791e+12  1.09588114e+10
 1.60000000e+03  1.26882750e+17  5.83377812e+15  6.83168815e+10  4.72744442e+09  3.96514791e+12  1.09588114e+10
 1.60000000e+03  1.26882750e+17  5.83377812e+15  6.83168815e+10  4.72744442e+09  3.96514791e+12  1.09588114e+10
 1.60055000e+03  1.27630911e+17  8.80759599e+15  6.87197101e+10  7.13729930e+09  3.96514791e+12  1.09588114e+10
 1.60110000e+03  1.28360172e+17  1.16876132e+16  6.91123627e+10  9.47114217e+09  3.96514791e+12  1.09588114e+10
 1.60165000e+03  1.29071011e+17  1.44769050e+16  6.94950964e+10  1.17314650e+10  3.96514791e+12  1.09588114e+10
 1.60220000e+03  1.29763893e+17  1.71784420e+16  6.98681616e+10  1.39206751e+10  3.96514791e+12  1.09588114e+10
 1.60275000e+03  1.30439272e+17  1.97950944e+16  7.02318027e+10  1.60410983e+10  3.96514791e+12  1.09588114e+10
 1.60330000e+03  1.31097590e+17  2.23296350e+16  7.05862577e+10  1.80949817e+10  3.96514791e+12  1.09588114e+10
 1.60385000e+03  1.31739278e+17  2.47847430e+16  7.09317587e+10  2.00844963e+10  3.96514791e+12  1.09588114e+10
 1.60440000e+03  1.32364756e+17  2.71630069e+16  7.12685318e+10  2.20117397e+10  3.96514791e+12  1.09588114e+10
 1.60495000e+03  1.32974433e+17  2.94669280e+16  7.15967975e+10  2.38787388e+10  3.96514791e+12  1.09588114e+10
 1.60550000e+03  1.33568709e+17  3.16989231e+16  7.19167708e+10  2.56874522e+10  3.96514791e+12  1.09588114e+10
 1.60605000e+03  1.34147973e+17  3.38613276e+16  7.22286611e+10  2.74397725e+10  3.96514791e+12  1.09588114e+10
 1.60660000e+03  1.34712604e+17  3.59563985e+16  7.25326727e+10  2.91375284e+10  3.96514791e+12  1.09588114e+10
 1.60715000e+03  1.35262971e+17  3.79863168e+16  7.28290044e+10  3.07824873e+10  3.96514791e+12  1.09588114e+10
 1.60770000e+03  1.35799436e+17  3.99531901e+16  7.31178504e+10  3.23763574e+10  3.96514791e+12  1.09588114e+10
 1.60825000e+03  1.36322348e+17  4.18590558e+16  7.33993997e+10  3.39207895e+10  3.96514791e+12  1.09588114e+10
 1.60880000e+03  1.36832051e+17  4.37058824e+16  7.36738367e+10  3.54173788e+10  3.96514791e+12  1.09588114e+10
 1.60935000e+03  1.37328878e+17  4.54955731e+16  7.39413410e+10  3.68676677e+10  3.96514791e+12  1.09588114e+10
 1.60990000e+03  1.37813155e+17  4.72299671e+16  7.42020878e+10  3.82731464e+10  3.96514791e+12  1.09588114e+10
 1.61045000e+03  1.38285198e+17  4.89108423e+16  7.44562478e+10  3.96352558e+10  3.96514791e+12  1.09588114e+10
 1.61100000e+03  1.38745317e+17  5.05399173e+16  7.47039873e+10  4.09553886e+10  3.96514791e+12  1.09588114e+10
 1.61155000e+03  1.39193812e+17  5.21188535e+16  7.49454685e+10  4.22348910e+10  3.96514791e+12  1.09588114e+10
 1.61210000e+03  1.39630978e+17  5.36492569e+16  7.51808496e+10  4.34750645e+10  3.96514791e+12  1.09588114e+10
 1.61265000e+03  1.40057100e+17  5.51326802e+16  7.54102847e+10  4.46771673e+10  3.96514791e+12  1.09588114e+10
 1.61320000e+03  1.40472458e+17  5.65706244e+16  7.56339239e+10  4.58424158e+10  3.96514791e+12  1.09588114e+10
 1.61375000e+03  1.40877323e+17  5.79645407e+16  7.58519136e+10  4.69719861e+10  3.96514791e+12  1.09588114e+10
 1.61430000e+03  1.41271961e+17  5.93158326e+16  7.60643966e+10  4.80670152e+10  3.96514791e+12  1.09588114e+10
 1.61485000e+03  1.41656630e+17  6.06258565e+16  7.62715120e+10  4.91286026e+10  3.96514791e+12  1.09588114e+10
 1.61540000e+03  1.42031581e+17  6.18959246e+16  7.64733953e+10  5.01578115e+10  3.96514791e+12  1.09588114e+10
 1.61595000e+03  1.42397061e+17  6.31273054e+16  7.66701788e+10  5.11556699e+10  3.96514791e+12  1.09588114e+10
 1.61650000e+03  1.42753308e+17  6.43212257e+16  7.68619913e+10  5.21231718e+10  3.96514791e+12  1.09588114e+10
 1.61705000e+03  1.43100556e+17  6.54788717e+16  7.70489583e+10  5.30612786e+10  3.96514791e+12  1.09588114e+10
 1.61760000e+03  1.43439032e+17  6.66013908e+16  7.72312022e+10  5.39709201e+10  3.96514791e+12  1.09588114e+10
 1.61815000e+03  1.43768957e+17  6.76898926e+16  7.74088424e+10  5.48529955e+10  3.96514791e+12  1.09588114e+10
 1.61870000e+03  1.44090548e+17  6.87454503e+16  7.75819952e+10  5.57083743e+10  3.96514791e+12  1.09588114e+10
 1.61925000e+03  1.44404016e+17  6.97691018e+16  7.77507739e+10  5.65378977e+10  3.96514791e+12  1.09588114e+10
 1.61980000e+03  1.44709564e+17  7.07618511e+16  7.79152890e+10  5.73423794e+10  3.96514791e+12  1.09588114e+10
 1.62035000e+03  1.45007394e+17  7.17246695e+16  7.80756482e+10  5.81226062e+10  3.96514791e+12  1.09588114e+10
 1.62090000e+03  1.45297701e+17  7.26584962e+16  7.82319565e+10  5.88793395e+10  3.96514791e+12  1.09588114e+10
 1.62145000e+03  1.45580673e+17  7.35642401e+16  7.83843162e+10  5.96133156e+10  3.96514791e+12  1.09588114e+10
 1.62200000e+03  1.45856498e+17  7.44427803e+16  7.85328271e+10  6.03252470e+10  3.96514791e+12  1.09588114e+10
 1.62200000e+03  1.45856498e+17  7.44427803e+16  7.85328271e+10  6.03252470e+10  3.96514791e+12  1.09588114e+10
 1.62210000e+03  1.45179550e+17  7.45979723e+16  7.81683413e+10  6.04510079e+10  3.96514791e+12  1.09588114e+10
 1.62220000e+03  1.44505744e+17  7.47489505e+16  7.78055471e+10  6.05733543e+10  3.96514791e+12  1.09588114e+10
 1.62230000e+03  1.43835065e+17  7.48957591e+16  7.74444367e+10  6.06923217e+10  3.96514791e+12  1.09588114e+10
 1.62240000e+03  1.43167499e+17  7.50384416e+16  7.70850023e+10  6.08079454e+10  3.96514791e+12  1.09588114e+10
 1.62250000e+03  1.42503032e+17  7.51770410e+16  7.67272361e+10  6.09202605e+10  3.96514791e+12  1.09588114e+10
 1.62260000e+03  1.41841648e+17  7.53116003e+16  7.63711304e+10  6.10293016e+10  3.96514791e+12  1.09588114e+10
 1.62270000e+03  1.41183334e+17  7.54421619e+16  7.60166774e+10  6.11351031e+10  3.96514791e+12  1.09588114e+10
 1.62280000e+03  1.40528075e+17  7.55687679e+16  7.56638695e+10  6.12376992e+10  3.96514791e+12  1.09588114e+10
 1.62290000e+03  1.39875858e+17  7.56914600e+16  7.53126991e+10  6.13371236e+10  3.96514791e+12  1.09588114e+10
 1.62300000e+03  1.39226667e+17  7.58102796e+16  7.49631585e+10  6.14334099e+10  3.96514791e+12  1.09588114e+10
 1.62300000e+03  1.39226667e+17  7.58102796e+16  7.49631585e+10  6.14334099e+10  4.02737876e+12  1.09566197e+10
 1.62310000e+03  1.38580489e+17  7.59252676e+16  7.46152402e+10  6.15265914e+10  4.02737876e+12  1.09566197e+10
 1.62320000e+03  1.37937311e+17  7.60364649e+16  7.42689366e+10  6.16167009e+10  4.02737876e+12  1.09566197e+10
 1.62330000e+03  1.37297118e+17  7.61439117e+16  7.39242403e+10  6.17037711e+10  4.02737876e+12  1.09566197e+10
 1.62340000e+03  1.36659896e+17  7.62476479e+16  7.35811438e+10  6.17878345e+10  4.02737876e+12  1.09566197e+10
 1.62350000e+03  1.36025631e+17  7.63477132e+16  7.32396397e+10  6.18689232e+10  4.02737876e+12  1.09566197e+10
 1.62360000e+03  1.35394310e+17  7.64441469e+16  7.28997205e+10  6.19470689e+10  4.02737876e+12  1.09566197e+10
 1.62370000e+03  1.34765919e+17  7.65369879e+16  7.25613790e+10  6.20223034e+10  4.02737876e+12  1.09566197e+10
 1.62380000e+03  1.34140445e+17  7.66262749e+16  7.22246078e+10  6.20946577e+10  4.02737876e+12  1.09566197e+10
 1.62390000e+03  1.33517873e+17  7.67120462e+16  7.18893996e+10  6.21641631e+10  4.02737876e+12  1.09566197e+10
 1.62400000e+03  1.32898192e+17  7.67943396e+16  7.15557472e+10  6.22308502e+10  4.02737876e+12  1.09566197e+10
 1.62400000e+03  1.32898192e+17  0.00000000e+00  7.15557472e+10  0.00000000e+00  4.02737876e+12  1.09566197e+10
 1.62410000e+03  1.32281386e+17  6.14649938e+14  7.12236434e+10  4.98086036e+08  4.02737876e+12  1.09566197e+10
 1.62420000e+03  1.31667443e+17  1.22215874e+15  7.08930808e+10  9.90385197e+08  4.02737876e+12  1.09566197e+10
 1.62430000e+03  1.31056349e+17  1.82258946e+15  7.05640525e+10  1.47694859e+09  4.02737876e+12  1.09566197e+10
 1.62440000e+03  1.30448091e+17  2.41600466e+15  7.02365513e+10  1.95782690e+09  4.02737876e+12  1.09566197e+10
 1.62450000e+03  1.29842657e+17  3.00246642e+15  6.99105701e+10  2.43307044e+09  4.02737876e+12  1.09566197e+10
 1.62460000e+03  1.29240032e+17  3.58203630e+15  6.95861018e+10  2.90272910e+09  4.02737876e+12  1.09566197e+10
 1.62470000e+03  1.28640205e+17  4.15477538e+15  6.92631394e+10  3.36685237e+09  4.02737876e+12  1.09566197e+10
 1.62480000e+03  1.28043161e+17  4.72074426e+15  6.89416760e+10  3.82548935e+09  4.02737876e+12  1.09566197e+10
 1.62490000e+03  1.27448888e+17  5.28000304e+15  6.86217045e+10  4.27868876e+09  4.02737876e+12  1.09566197e+10
 1.62500000e+03  1.26857374e+17  5.83261137e+15  6.83032181e+10  4.72649893e+09  4.02737876e+12  1.09566197e+10
 1.62500000e+03  1.26857374e+17  5.83261137e+15  6.83032181e+10  4.72649893e+09  4.02737876e+12  1.09566197e+10
 1.62555000e+03  1.27605385e+17  8.80583447e+15  6.87059662e+10  7.13587184e+09  4.02737876e+12  1.09566197e+10
 1.62610000e+03  1.28334500e+17  1.16852757e+16  6.90985402e+10  9.46924794e+09  4.02737876e+12  1.09566197e+10
 1.62665000e+03  1.29045197e+17  1.44740096e+16  6.94811973e+10  1.17291187e+10  4.02737876e+12  1.09566197e+10
 1.62720000e+03  1.29737940e+17  1.71750063e+16  6.98541880e+10  1.39178910e+10  4.02737876e+12  1.09566197e+10
 1.62775000e+03  1.30413184e+17  1.97911354e+16  7.02177563e+10  1.60378901e+10  4.02737876e+12  1.09566197e+10
 1.62830000e+03  1.31071370e+17  2.23251691e+16  7.05721405e+10  1.80913627e+10  4.02737876e+12  1.09566197e+10
 1.62885000e+03  1.31712930e+17  2.47797860e+16  7.09175723e+10  2.00804794e+10  4.02737876e+12  1.09566197e+10
 1.62940000e+03  1.32338283e+17  2.71575743e+16  7.12542781e+10  2.20073373e+10  4.02737876e+12  1.09566197e+10
 1.62995000e+03  1.32947838e+17  2.94610346e+16  7.15824782e+10  2.38739631e+10  4.02737876e+12  1.09566197e+10
 1.63050000e+03  1.33541995e+17  3.16925833e+16  7.19023875e+10  2.56823148e+10  4.02737876e+12  1.09566197e+10
 1.63105000e+03  1.34121143e+17  3.38545554e+16  7.22142154e+10  2.74342845e+10  4.02737876e+12  1.09566197e+10
 1.63160000e+03  1.34685661e+17  3.59492072e+16  7.25181661e+10  2.91317009e+10  4.02737876e+12  1.09566197e+10
 1.63215000e+03  1.35235919e+17  3.79787195e+16  7.28144386e+10  3.07763308e+10  4.02737876e+12  1.09566197e+10
 1.63270000e+03  1.35772276e+17  3.99451995e+16  7.31032268e+10  3.23698822e+10  4.02737876e+12  1.09566197e+10
 1.63325000e+03  1.36295084e+17  4.18506839e+16  7.33847198e+10  3.39140053e+10  4.02737876e+12  1.09566197e+10
 1.63380000e+03  1.36804685e+17  4.36971412e+16  7.36591020e+10  3.54102954e+10  4.02737876e+12  1.09566197e+10
 1.63435000e+03  1.37301413e+17  4.54864740e+16  7.39265528e+10  3.68602941e+10  4.02737876e+12  1.09566197e+10
 1.63490000e+03  1.37785592e+17  4.72205211e+16  7.41872474e+10  3.82654918e+10  4.02737876e+12  1.09566197e+10
 1.63545000e+03  1.38257541e+17  4.89010601e+16  7.44413565e+10  3.96273288e+10  4.02737876e+12  1.09566197e+10
 1.63600000e+03  1.38717568e+17  5.05298093e+16  7.46890465e+10  4.09471975e+10  4.02737876e+12  1.09566197e+10
 1.63655000e+03  1.39165973e+17  5.21084298e+16  7.49304794e+10  4.22264440e+10  4.02737876e+12  1.09566197e+10
 1.63710000e+03  1.39603052e+17  5.36385271e+16  7.51658135e+10  4.34663695e+10  4.02737876e+12  1.09566197e+10
 1.63765000e+03  1.40029089e+17  5.51216536e+16  7.53952026e+10  4.46682319e+10  4.02737876e+12  1.09566197e+10
 1.63820000e+03  1.40444364e+17  5.65593102e+16  7.56187971e+10  4.58332473e+10  4.02737876e+12  1.09566197e+10
 1.63875000e+03  1.40849148e+17  5.79529478e+16  7.58367432e+10  4.69625917e+10  4.02737876e+12  1.09566197e+10
 1.63930000e+03  1.41243707e+17  5.93039694e+16  7.60491837e+10  4.80574018e+10  4.02737876e+12  1.09566197e+10
 1.63985000e+03  1.41628299e+17  6.06137314e+16  7.62562577e+10  4.91187769e+10  4.02737876e+12  1.09566197e+10
 1.64040000e+03  1.42003175e+17  6.18835455e+16  7.64581006e+10  5.01477799e+10  4.02737876e+12  1.09566197e+10
 1.64095000e+03  1.42368582e+17  6.31146800e+16  7.66548448e+10  5.11454387e+10  4.02737876e+12  1.09566197e+10
 1.64150000e+03  1.42724758e+17  6.43083614e+16  7.68466189e+10  5.21127472e+10  4.02737876e+12  1.09566197e+10
 1.64205000e+03  1.43071936e+17  6.54657759e+16  7.70335485e+10  5.30506664e+10  4.02737876e+12  1.09566197e+10
 1.64260000e+03  1.43410344e+17  6.65880705e+16  7.72157560e+10  5.39601260e+10  4.02737876e+12  1.09566197e+10
 1.64315000e+03  1.43740204e+17  6.76763546e+16  7.73933607e+10  5.48420249e+10  4.02737876e+12  1.09566197e+10
 1.64370000e+03  1.44061730e+17  6.87317012e+16  7.75664788e+10  5.56972326e+10  4.02737876e+12  1.09566197e+10
 1.64425000e+03  1.44375135e+17  6.97551480e+16  7.77352237e+10  5.65265901e+10  4.02737876e+12  1.09566197e+10
 1.64480000e+03  1.44680622e+17  7.07476988e+16  7.78997059e+10  5.73309109e+10  4.02737876e+12  1.09566197e+10
 1.64535000e+03  1.44978393e+17  7.17103245e+16  7.80600331e+10  5.81109817e+10  4.02737876e+12  1.09566197e+10
 1.64590000e+03  1.45268641e+17  7.26439645e+16  7.82163101e+10  5.88675636e+10  4.02737876e+12  1.09566197e+10
 1.64645000e+03  1.45551557e+17  7.35495273e+16  7.83686394e+10  5.96013929e+10  4.02737876e+12  1.09566197e+10
 1.64700000e+03  1.45827327e+17  7.44278918e+16  7.85171206e+10  6.03131820e+10  4.02737876e+12  1.09566197e+10
 1.64700000e+03  1.45827327e+17  7.44278918e+16  7.85171206e+10  6.03131820e+10  4.02737876e+12  1.09566197e+10
 1.64710000e+03  1.45150514e+17  7.45830527e+16  7.81527076e+10  6.04389177e+10  4.02737876e+12  1.09566197e+10
 1.64720000e+03  1.44476843e+17  7.47340008e+16  7.77899860e+10  6.05612396e+10  4.02737876e+12  1.09566197e+10
 1.64730000e+03  1.43806298e+17  7.48807800e+16  7.74289479e+10  6.06801832e+10  4.02737876e+12  1.09566197e+10
 1.64740000e+03  1.43138866e+17  7.50234339e+16  7.70695853e+10  6.07957838e+10  4.02737876e+12  1.09566197e+10
 1.64750000e+03  1.42474531e+17  7.51620056e+16  7.67118907e+10  6.09080764e+10  4.02737876e+12  1.09566197e+10
 1.64760000e+03  1.41813280e+17  7.52965380e+16  7.63558562e+10  6.10170957e+10  4.02737876e+12  1.09566197e+10
 1.64770000e+03  1.41155097e+17  7.54270735e+16  7.60014741e+10  6.11228761e+10  4.02737876e+12  1.09566197e+10
 1.64780000e+03  1.40499970e+17  7.55536541e+16  7.56487368e+10  6.12254517e+10  4.02737876e+12  1.09566197e+10
 1.64790000e+03  1.39847882e+17  7.56763217e+16  7.52976365e+10  6.13248562e+10  4.02737876e+12  1.09566197e+10
 1.64800000e+03  1.39198822e+17  7.57951175e+16  7.49481658e+10  6.14211233e+10  4.02737876e+12  1.09566197e+10
 1.64800000e+03  1.39198822e+17  7.57951175e+16  7.49481658e+10  6.14211233e+10  4.08959717e+12  1.09544283e+10
 1.64810000e+03  1.38552773e+17  7.59100826e+16  7.46003171e+10  6.15142861e+10  4.08959717e+12  1.09544283e+10
 1.64820000e+03  1.37909724e+17  7.60212576e+16  7.42540828e+10  6.16043775e+10  4.08959717e+12  1.09544283e+10
 1.64830000e+03  1.37269658e+17  7.61286829e+16  7.39094554e+10  6.16914304e+10  4.08959717e+12  1.09544283e+10
 1.64840000e+03  1.36632564e+17  7.62323983e+16  7.35664276e+10  6.17754770e+10  4.08959717e+12  1.09544283e+10
 1.64850000e+03  1.35998426e+17  7.63324437e+16  7.32249917e+10  6.18565494e+10  4.08959717e+12  1.09544283e+10
 1.64860000e+03  1.35367231e+17  7.64288581e+16  7.28851406e+10  6.19346795e+10  4.08959717e+12  1.09544283e+10
 1.64870000e+03  1.34738966e+17  7.65216805e+16  7.25468668e+10  6.20098989e+10  4.08959717e+12  1.09544283e+10
 1.64880000e+03  1.34113617e+17  7.66109497e+16  7.22101629e+10  6.20822388e+10  4.08959717e+12  1.09544283e+10
 1.64890000e+03  1.33491170e+17  7.66967038e+16  7.18750218e+10  6.21517302e+10  4.08959717e+12  1.09544283e+10
 1.64900000e+03  1.32871612e+17  7.67789808e+16  7.15414361e+10  6.22184040e+10  4.08959717e+12  1.09544283e+10
 1.64900000e+03  1.32871612e+17  0.00000000e+00  7.15414361e+10  0.00000000e+00  4.08959717e+12  1.09544283e+10
 1.64910000e+03  1.32254929e+17  6.14527008e+14  7.12093986e+10  4.97986419e+08  4.08959717e+12  1.09544283e+10
 1.64920000e+03  1.31641109e+17  1.22191430e+15  7.08789022e+10  9.90187120e+08  4.08959717e+12  1.09544283e+10
 1.64930000e+03  1.31030138e+17  1.82222494e+15  7.05499397e+10  1.47665320e+09  4.08959717e+12  1.09544283e+10
 1.64940000e+03  1.30422002e+17  2.41552146e+15  7.02225040e+10  1.95743534e+09  4.08959717e+12  1.09544283e+10
 1.64950000e+03  1.29816688e+17  3.00186593e+15  6.98965880e+10  2.43258383e+09  4.08959717e+12  1.09544283e+10
 1.64960000e+03  1.29214184e+17  3.58131989e+15  6.95721846e+10  2.90214855e+09  4.08959717e+12  1.09544283e+10
 1.64970000e+03  1.28614477e+17  4.15394442e+15  6.92492868e+10  3.36617900e+09  4.08959717e+12  1.09544283e+10
 1.64980000e+03  1.28017552e+17  4.71980011e+15  6.89278876e+10  3.82472425e+09  4.08959717e+12  1.09544283e+10
 1.64990000e+03  1.27423398e+17  5.27894704e+15  6.86079802e+10  4.27783303e+09  4.08959717e+12  1.09544283e+10
 1.65000000e+03  1.26832002e+17  5.83144484e+15  6.82895574e+10  4.72555363e+09  4.08959717e+12  1.09544283e+10
 1.65000000e+03  1.26832002e+17  5.83144484e+15  6.82895574e+10  4.72555363e+09  4.08959717e+12  1.09544283e+10
 1.65055000e+03  1.27579864e+17  8.80407330e+15  6.86922250e+10  7.13444467e+09  4.08959717e+12  1.09544283e+10
 1.65110000e+03  1.28308833e+17  1.16829387e+16  6.90847205e+10  9.46735409e+09  4.08959717e+12  1.09544283e+10
 1.65165000e+03  1.29019388e+17  1.44711148e+16  6.94673011e+10  1.17267729e+10  4.08959717e+12  1.09544283e+10
 1.65220000e+03  1.29711993e+17  1.71715713e+16  6.98402171e+10  1.39151074e+10  4.08959717e+12  1.09544283e+10
 1.65275000e+03  1.30387101e+17  1.97871771e+16  7.02037128e+10  1.60346825e+10  4.08959717e+12  1.09544283e+10
 1.65330000e+03  1.31045156e+17  2.23207040e+16  7.05580260e+10  1.80877444e+10  4.08959717e+12  1.09544283e+10
 1.65385000e+03  1.31686587e+17  2.47748301e+16  7.09033888e+10  2.00764633e+10  4.08959717e+12  1.09544283e+10
 1.65440000e+03  1.32311815e+17  2.71521428e+16  7.12400272e+10  2.20029359e+10  4.08959717e+12  1.09544283e+10
 1.65495000e+03  1.32921248e+17  2.94551424e+16  7.15681617e+10  2.38691883e+10  4.08959717e+12  1.09544283e+10
 1.65550000e+03  1.33515287e+17  3.16862448e+16  7.18880070e+10  2.56771783e+10  4.08959717e+12  1.09544283e+10
 1.65605000e+03  1.34094319e+17  3.38477844e+16  7.21997726e+10  2.74287977e+10  4.08959717e+12  1.09544283e+10
 1.65660000e+03  1.34658724e+17  3.59420174e+16  7.25036625e+10  2.91258745e+10  4.08959717e+12  1.09544283e+10
 1.65715000e+03  1.35208871e+17  3.79711238e+16  7.27998757e+10  3.07701756e+10  4.08959717e+12  1.09544283e+10
 1.65770000e+03  1.35745121e+17  3.99372105e+16  7.30886062e+10  3.23634082e+10  4.08959717e+12  1.09544283e+10
 1.65825000e+03  1.36267825e+17  4.18423138e+16  7.33700429e+10  3.39072225e+10  4.08959717e+12  1.09544283e+10
 1.65880000e+03  1.36777324e+17  4.36884018e+16  7.36443701e+10  3.54032133e+10  4.08959717e+12  1.09544283e+10
 1.65935000e+03  1.37273952e+17  4.54773767e+16  7.39117675e+10  3.68529221e+10  4.08959717e+12  1.09544283e+10
 1.65990000e+03  1.37758035e+17  4.72110770e+16  7.41724100e+10  3.82578387e+10  4.08959717e+12  1.09544283e+10
 1.66045000e+03  1.38229889e+17  4.88912799e+16  7.44264683e+10  3.96194033e+10  4.08959717e+12  1.09544283e+10
 1.66100000e+03  1.38689824e+17  5.05197034e+16  7.46741087e+10  4.09390081e+10  4.08959717e+12  1.09544283e+10
 1.66155000e+03  1.39138140e+17  5.20980081e+16  7.49154934e+10  4.22179987e+10  4.08959717e+12  1.09544283e+10
 1.66210000e+03  1.39575131e+17  5.36277994e+16  7.51507803e+10  4.34576762e+10  4.08959717e+12  1.09544283e+10
 1.66265000e+03  1.40001083e+17  5.51106293e+16  7.53801236e+10  4.46592982e+10  4.08959717e+12  1.09544283e+10
 1.66320000e+03  1.40416275e+17  5.65479984e+16  7.56036733e+10  4.58240807e+10  4.08959717e+12  1.09544283e+10
 1.66375000e+03  1.40820978e+17  5.79413572e+16  7.58215759e+10  4.69531991e+10  4.08959717e+12  1.09544283e+10
 1.66430000e+03  1.41215458e+17  5.92921086e+16  7.60339739e+10  4.80477903e+10  4.08959717e+12  1.09544283e+10
 1.66485000e+03  1.41599973e+17  6.06016086e+16  7.62410064e+10  4.91089531e+10  4.08959717e+12  1.09544283e+10
 1.66540000e+03  1.41974774e+17  6.18711687e+16  7.64428090e+10  5.01377504e+10  4.08959717e+12  1.09544283e+10
 1.66595000e+03  1.42340108e+17  6.31020570e+16  7.66395138e+10  5.11352096e+10  4.08959717e+12  1.09544283e+10
 1.66650000e+03  1.42696213e+17  6.42954997e+16  7.68312496e+10  5.21023246e+10  4.08959717e+12  1.09544283e+10
 1.66705000e+03  1.43043322e+17  6.54526828e+16  7.70181418e+10  5.30400562e+10  4.08959717e+12  1.09544283e+10
 1.66760000e+03  1.43381662e+17  6.65747529e+16  7.72003128e+10  5.39493339e+10  4.08959717e+12  1.09544283e+10
 1.66815000e+03  1.43711455e+17  6.76628194e+16  7.73778820e+10  5.48310565e+10  4.08959717e+12  1.09544283e+10
 1.66870000e+03  1.44032918e+17  6.87179548e+16  7.75509655e+10  5.56860932e+10  4.08959717e+12  1.09544283e+10
 1.66925000e+03  1.44346260e+17  6.97411969e+16  7.77196767e+10  5.65152848e+10  4.08959717e+12  1.09544283e+10
 1.66980000e+03  1.44651686e+17  7.07335492e+16  7.78841260e+10  5.73194447e+10  4.08959717e+12  1.09544283e+10
 1.67035000e+03  1.44949397e+17  7.16959825e+16  7.80444211e+10  5.80993595e+10  4.08959717e+12  1.09544283e+10
 1.67090000e+03  1.45239587e+17  7.26294357e+16  7.82006668e+10  5.88557901e+10  4.08959717e+12  1.09544283e+10
 1.67145000e+03  1.45522447e+17  7.35348174e+16  7.83529656e+10  5.95894727e+10  4.08959717e+12  1.09544283e+10
 1.67200000e+03  1.45798161e+17  7.44130062e+16  7.85014172e+10  6.03011193e+10  4.08959717e+12  1.09544283e+10
 1.67200000e+03  1.45798161e+17  7.44130062e+16  7.85014172e+10  6.03011193e+10  4.08959717e+12  1.09544283e+10
 1.67210000e+03  1.45121484e+17  7.45681361e+16  7.81370771e+10  6.04268299e+10  4.08959717e+12  1.09544283e+10
 1.67220000e+03  1.44447948e+17  7.47190540e+16  7.77744280e+10  6.05491274e+10  4.08959717e+12  1.09544283e+10
 1.67230000e+03  1.43777537e+17  7.48658038e+16  7.74134621e+10  6.06680472e+10  4.08959717e+12  1.09544283e+10
 1.67240000e+03  1.43110238e+17  7.50084292e+16  7.70541714e+10  6.07836247e+10  4.08959717e+12  1.09544283e+10
 1.67250000e+03  1.42446036e+17  7.51469732e+16  7.66965483e+10  6.08958948e+10  4.08959717e+12  1.09544283e+10
 1.67260000e+03  1.41784917e+17  7.52814787e+16  7.63405850e+10  6.10048923e+10  4.08959717e+12  1.09544283e+10
 1.67270000e+03  1.41126866e+17  7.54119881e+16  7.59862738e+10  6.11106515e+10  4.08959717e+12  1.09544283e+10
 1.67280000e+03  1.40471870e+17  7.55385434e+16  7.56336070e+10  6.12132066e+10  4.08959717e+12  1.09544283e+10
 1.67290000e+03  1.39819913e+17  7.56611864e+16  7.52825770e+10  6.13125912e+10  4.08959717e+12  1.09544283e+10
 1.67300000e+03  1.39170982e+17  7.57799585e+16  7.49331762e+10  6.14088390e+10  4.08959717e+12  1.09544283e+10
 1.67300000e+03  1.39170982e+17  7.57799585e+16  7.49331762e+10  6.14088390e+10  4.15180313e+12  1.09522374e+10
 1.67310000e+03  1.38525063e+17  7.58949006e+16  7.45853970e+10  6.15019832e+10  4.15180313e+12  1.09522374e+10
 1.67320000e+03  1.37882142e+17  7.60060534e+16  7.42392320e+10  6.15920567e+10  4.15180313e+12  1.09522374e+10
 1.67330000e+03  1.37242204e+17  7.61134571e+16  7.38946736e+10  6.16790921e+10  4.15180313e+12  1.09522374e+10
 1.67340000e+03  1.36605237e+17  7.62171519e+16  7.35517143e+10  6.17631219e+10  4.15180313e+12  1.09522374e+10
 1.67350000e+03  1.35971226e+17  7.63171772e+16  7.32103467e+10  6.18441781e+10  4.15180313e+12  1.09522374e+10
 1.67360000e+03  1.35340158e+17  7.64135723e+16  7.28705636e+10  6.19222926e+10  4.15180313e+12  1.09522374e+10
 1.67370000e+03  1.34712018e+17  7.65063762e+16  7.25323574e+10  6.19974969e+10  4.15180313e+12  1.09522374e+10
 1.67380000e+03  1.34086794e+17  7.65956275e+16  7.21957209e+10  6.20698223e+10  4.15180313e+12  1.09522374e+10
 1.67390000e+03  1.33464472e+17  7.66813644e+16  7.18606468e+10  6.21392999e+10  4.15180313e+12  1.09522374e+10
 1.67400000e+03  1.32845038e+17  7.67636250e+16  7.15271278e+10  6.22059603e+10  4.15180313e+12  1.09522374e+10
 1.67400000e+03  1.32845038e+17  0.00000000e+00  7.15271278e+10  0.00000000e+00  4.15180313e+12  1.09522374e+10
 1.67410000e+03  1.32228478e+17  6.14404103e+14  7.11951568e+10  4.97886822e+08  4.15180313e+12  1.09522374e+10
 1.67420000e+03  1.31614781e+17  1.22166992e+15  7.08647265e+10  9.89989082e+08  4.15180313e+12  1.09522374e+10
 1.67430000e+03  1.31003932e+17  1.82186049e+15  7.05358297e+10  1.47635787e+09  4.15180313e+12  1.09522374e+10
 1.67440000e+03  1.30395917e+17  2.41503836e+15  7.02084595e+10  1.95704385e+09  4.15180313e+12  1.09522374e+10
 1.67450000e+03  1.29790725e+17  3.00126555e+15  6.98826086e+10  2.43209731e+09  4.15180313e+12  1.09522374e+10
 1.67460000e+03  1.29188341e+17  3.58060363e+15  6.95582701e+10  2.90156812e+09  4.15180313e+12  1.09522374e+10
 1.67470000e+03  1.28588754e+17  4.15311364e+15  6.92354369e+10  3.36550576e+09  4.15180313e+12  1.09522374e+10
 1.67480000e+03  1.27991949e+17  4.71885615e+15  6.89141021e+10  3.82395931e+09  4.15180313e+12  1.09522374e+10
 1.67490000e+03  1.27397914e+17  5.27789125e+15  6.85942586e+10  4.27697746e+09  4.15180313e+12  1.09522374e+10
 1.67500000e+03  1.26806636e+17  5.83027856e+15  6.82758995e+10  4.72460852e+09  4.15180313e+12  1.09522374e+10
 1.67500000e+03  1.26806636e+17  5.83027856e+15  6.82758995e+10  4.72460852e+09  4.15180313e+12  1.09522374e+10
 1.67555000e+03  1.27554348e+17  8.80231249e+15  6.86784865e+10  7.13301778e+09  4.15180313e+12  1.09522374e+10
 1.67610000e+03  1.28283171e+17  1.16806021e+16  6.90709036e+10  9.46546062e+09  4.15180313e+12  1.09522374e+10
 1.67665000e+03  1.28993584e+17  1.44682206e+16  6.94534076e+10  1.17244275e+10  4.15180313e+12  1.09522374e+10
 1.67720000e+03  1.29686050e+17  1.71681370e+16  6.98262491e+10  1.39123244e+10  4.15180313e+12  1.09522374e+10
 1.67775000e+03  1.30361024e+17  1.97832197e+16  7.01896721e+10  1.60314756e+10  4.15180313e+12  1.09522374e+10
 1.67830000e+03  1.31018947e+17  2.23162399e+16  7.05439144e+10  1.80841269e+10  4.15180313e+12  1.09522374e+10
 1.67885000e+03  1.31660250e+17  2.47698751e+16  7.08892081e+10  2.00724480e+10  4.15180313e+12  1.09522374e+10
 1.67940000e+03  1.32285353e+17  2.71467124e+16  7.12257792e+10  2.19985353e+10  4.15180313e+12  1.09522374e+10
 1.67995000e+03  1.32894664e+17  2.94492514e+16  7.15538480e+10  2.38644145e+10  4.15180313e+12  1.09522374e+10
 1.68050000e+03  1.33488584e+17  3.16799075e+16  7.18736294e+10  2.56720429e+10  4.15180313e+12  1.09522374e+10
 1.68105000e+03  1.34067500e+17  3.38410149e+16  7.21853326e+10  2.74233119e+10  4.15180313e+12  1.09522374e+10
 1.68160000e+03  1.34631792e+17  3.59348290e+16  7.24891618e+10  2.91200493e+10  4.15180313e+12  1.09522374e+10
 1.68215000e+03  1.35181830e+17  3.79635295e+16  7.27853157e+10  3.07640215e+10  4.15180313e+12  1.09522374e+10
 1.68270000e+03  1.35717972e+17  3.99292230e+16  7.30739885e+10  3.23569355e+10  4.15180313e+12  1.09522374e+10
 1.68325000e+03  1.36240571e+17  4.18339453e+16  7.33553689e+10  3.39004411e+10  4.15180313e+12  1.09522374e+10
 1.68380000e+03  1.36749968e+17  4.36796641e+16  7.36296413e+10  3.53961327e+10  4.15180313e+12  1.09522374e+10
 1.68435000e+03  1.37246497e+17  4.54682812e+16  7.38969851e+10  3.68455515e+10  4.15180313e+12  1.09522374e+10
 1.68490000e+03  1.37730484e+17  4.72016347e+16  7.41575755e+10  3.82501871e+10  4.15180313e+12  1.09522374e+10
 1.68545000e+03  1.38202244e+17  4.88815016e+16  7.44115830e+10  3.96114794e+10  4.15180313e+12  1.09522374e+10
 1.68600000e+03  1.38662086e+17  5.05095994e+16  7.46591739e+10  4.09308203e+10  4.15180313e+12  1.09522374e+10
 1.68655000e+03  1.39110312e+17  5.20875885e+16  7.49005103e+10  4.22095551e+10  4.15180313e+12  1.09522374e+10
 1.68710000e+03  1.39547216e+17  5.36170738e+16  7.51357501e+10  4.34489847e+10  4.15180313e+12  1.09522374e+10
 1.68765000e+03  1.39973083e+17  5.50996072e+16  7.53650475e+10  4.46503664e+10  4.15180313e+12  1.09522374e+10
 1.68820000e+03  1.40388191e+17  5.65366888e+16  7.55885526e+10  4.58149158e+10  4.15180313e+12  1.09522374e+10
 1.68875000e+03  1.40792814e+17  5.79297690e+16  7.58064115e+10  4.69438085e+10  4.15180313e+12  1.09522374e+10
 1.68930000e+03  1.41187215e+17  5.92802502e+16  7.60187671e+10  4.80381807e+10  4.15180313e+12  1.09522374e+10
 1.68985000e+03  1.41571653e+17  6.05894883e+16  7.62257582e+10  4.90991314e+10  4.15180313e+12  1.09522374e+10
 1.69040000e+03  1.41946380e+17  6.18587945e+16  7.64275205e+10  5.01277228e+10  4.15180313e+12  1.09522374e+10
 1.69095000e+03  1.42311640e+17  6.30894366e+16  7.66241859e+10  5.11249826e+10  4.15180313e+12  1.09522374e+10
 1.69150000e+03  1.42667673e+17  6.42826406e+16  7.68158833e+10  5.20919041e+10  4.15180313e+12  1.09522374e+10
 1.69205000e+03  1.43014713e+17  6.54395922e+16  7.70027382e+10  5.30294482e+10  4.15180313e+12  1.09522374e+10
 1.69260000e+03  1.43352986e+17  6.65614380e+16  7.71848728e+10  5.39385441e+10  4.15180313e+12  1.09522374e+10
 1.69315000e+03  1.43682713e+17  6.76492868e+16  7.73624064e+10  5.48200903e+10  4.15180313e+12  1.09522374e+10
 1.69370000e+03  1.44004111e+17  6.87042113e+16  7.75354553e+10  5.56749560e+10  4.15180313e+12  1.09522374e+10
 1.69425000e+03  1.44317391e+17  6.97272487e+16  7.77041328e+10  5.65039818e+10  4.15180313e+12  1.09522374e+10
 1.69480000e+03  1.44622756e+17  7.07194025e+16  7.78685492e+10  5.73079808e+10  4.15180313e+12  1.09522374e+10
 1.69535000e+03  1.44920407e+17  7.16816433e+16  7.80288122e+10  5.80877396e+10  4.15180313e+12  1.09522374e+10
 1.69590000e+03  1.45210539e+17  7.26149098e+16  7.81850267e+10  5.88440189e+10  4.15180313e+12  1.09522374e+10
 1.69645000e+03  1.45493343e+17  7.35201104e+16  7.83372950e+10  5.95775548e+10  4.15180313e+12  1.09522374e+10
 1.69700000e+03  1.45769002e+17  7.43981236e+16  7.84857169e+10  6.02890591e+10  4.15180313e+12  1.09522374e+10
 1.69700000e+03  1.45769002e+17  7.43981236e+16  7.84857169e+10  6.02890591e+10  4.15180313e+12  1.09522374e+10
 1.69710000e+03  1.45092460e+17  7.45532224e+16  7.81214497e+10  6.04147446e+10  4.15180313e+12  1.09522374e+10
 1.69720000e+03  1.44419058e+17  7.47041101e+16  7.77588731e+10  6.05370175e+10  4.15180313e+12  1.09522374e+10
 1.69730000e+03  1.43748782e+17  7.48508307e+16  7.73979794e+10  6.06559136e+10  4.15180313e+12  1.09522374e+10
 1.69740000e+03  1.43081616e+17  7.49934275e+16  7.70387606e+10  6.07714680e+10  4.15180313e+12  1.09522374e+10
 1.69750000e+03  1.42417547e+17  7.51319438e+16  7.66812090e+10  6.08837156e+10  4.15180313e+12  1.09522374e+10
 1.69760000e+03  1.41756560e+17  7.52664224e+16  7.63253169e+10  6.09926913e+10  4.15180313e+12  1.09522374e+10
 1.69770000e+03  1.41098641e+17  7.53969057e+16  7.59710765e+10  6.10984294e+10  4.15180313e+12  1.09522374e+10
 1.69780000e+03  1.40443775e+17  7.55234357e+16  7.56184803e+10  6.12009639e+10  4.15180313e+12  1.09522374e+10
 1.69790000e+03  1.39791949e+17  7.56460542e+16  7.52675205e+10  6.13003287e+10  4.15180313e+12  1.09522374e+10
 1.69800000e+03  1.39143148e+17  7.57648025e+16  7.49181896e+10  6.13965573e+10  4.15180313e+12  1.09522374e+10
 1.69800000e+03  1.39143148e+17  7.57648025e+16  7.49181896e+10  6.13965573e+10  4.21399665e+12  1.09500470e+10
 1.69810000e+03  1.38497358e+17  7.58797216e+16  7.45704800e+10  6.14896828e+10  4.21399665e+12  1.09500470e+10
 1.69820000e+03  1.37854565e+17  7.59908521e+16  7.42243841e+10  6.15797383e+10  4.21399665e+12  1.09500470e+10
 1.69830000e+03  1.37214756e+17  7.60982344e+16  7.38798946e+10  6.16667563e+10  4.21399665e+12  1.09500470e+10
 1.69840000e+03  1.36577916e+17  7.62019084e+16  7.35370039e+10  6.17507693e+10  4.21399665e+12  1.09500470e+10
 1.69850000e+03  1.35944032e+17  7.63019137e+16  7.31957047e+10  6.18318093e+10  4.21399665e+12  1.09500470e+10
 1.69860000e+03  1.35313090e+17  7.63982896e+16  7.28559895e+10  6.19099081e+10  4.21399665e+12  1.09500470e+10
 1.69870000e+03  1.34685076e+17  7.64910749e+16  7.25178509e+10  6.19850974e+10  4.21399665e+12  1.09500470e+10
 1.69880000e+03  1.34059977e+17  7.65803084e+16  7.21812817e+10  6.20574084e+10  4.21399665e+12  1.09500470e+10
 1.69890000e+03  1.33437779e+17  7.66660282e+16  7.18462746e+10  6.21268720e+10  4.21399665e+12  1.09500470e+10
 1.69900000e+03  1.32818469e+17  7.67482722e+16  7.15128224e+10  6.21935191e+10  4.21399665e+12  1.09500470e+10
 1.69900000e+03  1.32818469e+17  0.00000000e+00  7.15128224e+10  0.00000000e+00  4.21399665e+12  1.09500470e+10
 1.69910000e+03  1.32202033e+17  6.14281222e+14  7.11809177e+10  4.97787244e+08  4.21399665e+12  1.09500470e+10
 1.69920000e+03  1.31588458e+17  1.22142559e+15  7.08505535e+10  9.89791085e+08  4.21399665e+12  1.09500470e+10
 1.69930000e+03  1.30977731e+17  1.82149612e+15  7.05217226e+10  1.47606259e+09  4.21399665e+12  1.09500470e+10
 1.69940000e+03  1.30369838e+17  2.41455535e+15  7.01944178e+10  1.95665244e+09  4.21399665e+12  1.09500470e+10
 1.69950000e+03  1.29764767e+17  3.00066530e+15  6.98686321e+10  2.43161089e+09  4.21399665e+12  1.09500470e+10
 1.69960000e+03  1.29162504e+17  3.57988751e+15  6.95443585e+10  2.90098781e+09  4.21399665e+12  1.09500470e+10
 1.69970000e+03  1.28563036e+17  4.15228301e+15  6.92215898e+10  3.36483266e+09  4.21399665e+12  1.09500470e+10
 1.69980000e+03  1.27966350e+17  4.71791238e+15  6.89003192e+10  3.82319452e+09  4.21399665e+12  1.09500470e+10
 1.69990000e+03  1.27372434e+17  5.27683567e+15  6.85805397e+10  4.27612206e+09  4.21399665e+12  1.09500470e+10
 1.70000000e+03  1.26781274e+17  5.82911250e+15  6.82622444e+10  4.72366360e+09  4.21399665e+12  1.09500470e+10
 1.70000000e+03  1.26781274e+17  5.82911250e+15  6.82622444e+10  4.72366360e+09  4.21399665e+12  1.09500470e+10
 1.70055000e+03  1.27528837e+17  8.80055203e+15  6.86647508e+10  7.13159117e+09  4.21399665e+12  1.09500470e+10
 1.70110000e+03  1.28257515e+17  1.16782660e+16  6.90570894e+10  9.46356753e+09  4.21399665e+12  1.09500470e+10
 1.70165000e+03  1.28967785e+17  1.44653269e+16  6.94395170e+10  1.17220826e+10  4.21399665e+12  1.09500470e+10
 1.70220000e+03  1.29660113e+17  1.71647034e+16  6.98122839e+10  1.39095419e+10  4.21399665e+12  1.09500470e+10
 1.70275000e+03  1.30334952e+17  1.97792631e+16  7.01756341e+10  1.60282693e+10  4.21399665e+12  1.09500470e+10
 1.70330000e+03  1.30992743e+17  2.23117767e+16  7.05298056e+10  1.80805101e+10  4.21399665e+12  1.09500470e+10
 1.70385000e+03  1.31633918e+17  2.47649211e+16  7.08750303e+10  2.00684335e+10  4.21399665e+12  1.09500470e+10
 1.70440000e+03  1.32258895e+17  2.71412830e+16  7.12115341e+10  2.19941356e+10  4.21399665e+12  1.09500470e+10
 1.70495000e+03  1.32868085e+17  2.94433615e+16  7.15395373e+10  2.38596416e+10  4.21399665e+12  1.09500470e+10
 1.70550000e+03  1.33461886e+17  3.16735715e+16  7.18592547e+10  2.56669084e+10  4.21399665e+12  1.09500470e+10
 1.70605000e+03  1.34040687e+17  3.38342467e+16  7.21708955e+10  2.74178272e+10  4.21399665e+12  1.09500470e+10
 1.70660000e+03  1.34604866e+17  3.59276420e+16  7.24746639e+10  2.91142253e+10  4.21399665e+12  1.09500470e+10
 1.70715000e+03  1.35154793e+17  3.79559368e+16  7.27707587e+10  3.07578687e+10  4.21399665e+12  1.09500470e+10
 1.70770000e+03  1.35690829e+17  3.99212372e+16  7.30593737e+10  3.23504641e+10  4.21399665e+12  1.09500470e+10
 1.70825000e+03  1.36213323e+17  4.18255786e+16  7.33406978e+10  3.38936610e+10  4.21399665e+12  1.09500470e+10
 1.70880000e+03  1.36722618e+17  4.36709282e+16  7.36149153e+10  3.53890534e+10  4.21399665e+12  1.09500470e+10
 1.70935000e+03  1.37219048e+17  4.54591875e+16  7.38822057e+10  3.68381824e+10  4.21399665e+12  1.09500470e+10
 1.70990000e+03  1.37702937e+17  4.71921944e+16  7.41427440e+10  3.82425371e+10  4.21399665e+12  1.09500470e+10
 1.71045000e+03  1.38174603e+17  4.88717253e+16  7.43967006e+10  3.96035571e+10  4.21399665e+12  1.09500470e+10
 1.71100000e+03  1.38634354e+17  5.04994975e+16  7.46442420e+10  4.09226341e+10  4.21399665e+12  1.09500470e+10
 1.71155000e+03  1.39082490e+17  5.20771710e+16  7.48855302e+10  4.22011132e+10  4.21399665e+12  1.09500470e+10
 1.71210000e+03  1.39519307e+17  5.36063504e+16  7.51207230e+10  4.34402949e+10  4.21399665e+12  1.09500470e+10
 1.71265000e+03  1.39945088e+17  5.50885873e+16  7.53499745e+10  4.46414363e+10  4.21399665e+12  1.09500470e+10
 1.71320000e+03  1.40360114e+17  5.65253814e+16  7.55734349e+10  4.58057529e+10  4.21399665e+12  1.09500470e+10
 1.71375000e+03  1.40764655e+17  5.79181830e+16  7.57912503e+10  4.69344197e+10  4.21399665e+12  1.09500470e+10
 1.71430000e+03  1.41158978e+17  5.92683941e+16  7.60035633e+10  4.80285731e+10  4.21399665e+12  1.09500470e+10
 1.71485000e+03  1.41543339e+17  6.05773704e+16  7.62105131e+10  4.90893115e+10  4.21399665e+12  1.09500470e+10
 1.71540000e+03  1.41917990e+17  6.18464228e+16  7.64122350e+10  5.01176973e+10  4.21399665e+12  1.09500470e+10
 1.71595000e+03  1.42283178e+17  6.30768187e+16  7.66088611e+10  5.11147576e+10  4.21399665e+12  1.09500470e+10
 1.71650000e+03  1.42639140e+17  6.42697841e+16  7.68005201e+10  5.20814858e+10  4.21399665e+12  1.09500470e+10
 1.71705000e+03  1.42986110e+17  6.54265043e+16  7.69873376e+10  5.30188423e+10  4.21399665e+12  1.09500470e+10
 1.71760000e+03  1.43324315e+17  6.65481257e+16  7.71694358e+10  5.39277564e+10  4.21399665e+12  1.09500470e+10
 1.71815000e+03  1.43653977e+17  6.76357569e+16  7.73469339e+10  5.48091262e+10  4.21399665e+12  1.09500470e+10
 1.71870000e+03  1.43975311e+17  6.86904704e+16  7.75199482e+10  5.56638210e+10  4.21399665e+12  1.09500470e+10
 1.71925000e+03  1.44288527e+17  6.97133032e+16  7.76885919e+10  5.64926810e+10  4.21399665e+12  1.09500470e+10
 1.71980000e+03  1.44593831e+17  7.07052586e+16  7.78529754e+10  5.72965192e+10  4.21399665e+12  1.09500470e+10
 1.72035000e+03  1.44891423e+17  7.16673069e+16  7.80132064e+10  5.80761220e+10  4.21399665e+12  1.09500470e+10
 1.72090000e+03  1.45181497e+17  7.26003868e+16  7.81693897e+10  5.88322501e+10  4.21399665e+12  1.09500470e+10
 1.72145000e+03  1.45464244e+17  7.35054064e+16  7.83216276e+10  5.95656392e+10  4.21399665e+12  1.09500470e+10
 1.72200000e+03  1.45739848e+17  7.43832440e+16  7.84700197e+10  6.02770013e+10  4.21399665e+12  1.09500470e+10
 1.72200000e+03  1.45739848e+17  7.43832440e+16  7.84700197e+10  6.02770013e+10  4.21399665e+12  1.09500470e+10
 1.72210000e+03  1.45063441e+17  7.45383118e+16  7.81058254e+10  6.04026616e+10  4.21399665e+12  1.09500470e+10
 1.72220000e+03  1.44390174e+17  7.46891693e+16  7.77433214e+10  6.05249101e+10  4.21399665e+12  1.09500470e+10
 1.72230000e+03  1.43720032e+17  7.48358605e+16  7.73824998e+10  6.06437824e+10  4.21399665e+12  1.09500470e+10
 1.72240000e+03  1.43053000e+17  7.49784288e+16  7.70233528e+10  6.07593137e+10  4.21399665e+12  1.09500470e+10
 1.72250000e+03  1.42389064e+17  7.51169174e+16  7.66658728e+10  6.08715389e+10  4.21399665e+12  1.09500470e+10
 1.72260000e+03  1.41728209e+17  7.52513691e+16  7.63100518e+10  6.09804928e+10  4.21399665e+12  1.09500470e+10
 1.72270000e+03  1.41070421e+17  7.53818263e+16  7.59558823e+10  6.10862097e+10  4.21399665e+12  1.09500470e+10
 1.72280000e+03  1.40415686e+17  7.55083310e+16  7.56033566e+10  6.11887237e+10  4.21399665e+12  1.09500470e+10
 1.72290000e+03  1.39763990e+17  7.56309250e+16  7.52524670e+10  6.12880687e+10  4.21399665e+12  1.09500470e+10
 1.72300000e+03  1.39115319e+17  7.57496495e+16  7.49032059e+10  6.13842780e+10  4.21399665e+12  1.09500470e+10
 1.72300000e+03  1.39115319e+17  7.57496495e+16  7.49032059e+10  6.13842780e+10  4.27617773e+12  1.09478570e+10
 1.72310000e+03  1.38469658e+17  7.58645456e+16  7.45555659e+10  6.14773849e+10  4.27617773e+12  1.09478570e+10
 1.72320000e+03  1.37826994e+17  7.59756540e+16  7.42095393e+10  6.15674223e+10  4.27617773e+12  1.09478570e+10
 1.72330000e+03  1.37187313e+17  7.60830148e+16  7.38651186e+10  6.16544229e+10  4.27617773e+12  1.09478570e+10
 1.72340000e+03  1.36550600e+17  7.61866681e+16  7.35222965e+10  6.17384191e+10  4.27617773e+12  1.09478570e+10
 1.72350000e+03  1.35916843e+17  7.62866533e+16  7.31810655e+10  6.18194429e+10  4.27617773e+12  1.09478570e+10
 1.72360000e+03  1.35286027e+17  7.63830099e+16  7.28414183e+10  6.18975262e+10  4.27617773e+12  1.09478570e+10
 1.72370000e+03  1.34658139e+17  7.64757767e+16  7.25033473e+10  6.19727004e+10  4.27617773e+12  1.09478570e+10
 1.72380000e+03  1.34033165e+17  7.65649923e+16  7.21668455e+10  6.20449969e+10  4.27617773e+12  1.09478570e+10
 1.72390000e+03  1.33411091e+17  7.66506950e+16  7.18319054e+10  6.21144467e+10  4.27617773e+12  1.09478570e+10
 1.72400000e+03  1.32791905e+17  7.67329226e+16  7.14985198e+10  6.21810804e+10  4.27617773e+12  1.09478570e+10
 1.72400000e+03  1.32791905e+17  0.00000000e+00  7.14985198e+10  0.00000000e+00  4.27617773e+12  1.09478570e+10
 1.72410000e+03  1.32175592e+17  6.14158366e+14  7.11666815e+10  4.97687687e+08  4.27617773e+12  1.09478570e+10
 1.72420000e+03  1.31562140e+17  1.22118130e+15  7.08363834e+10  9.89593126e+08  4.27617773e+12  1.09478570e+10
 1.72430000e+03  1.30951535e+17  1.82113182e+15  7.05076182e+10  1.47576738e+09  4.27617773e+12  1.09478570e+10
 1.72440000e+03  1.30343764e+17  2.41407244e+15  7.01803789e+10  1.95626111e+09  4.27617773e+12  1.09478570e+10
 1.72450000e+03  1.29738814e+17  3.00006517e+15  6.98546584e+10  2.43112457e+09  4.27617773e+12  1.09478570e+10
 1.72460000e+03  1.29136671e+17  3.57917153e+15  6.95304496e+10  2.90040761e+09  4.27617773e+12  1.09478570e+10
 1.72470000e+03  1.28537323e+17  4.15145256e+15  6.92077455e+10  3.36415969e+09  4.27617773e+12  1.09478570e+10
 1.72480000e+03  1.27940757e+17  4.71696879e+15  6.88865392e+10  3.82242988e+09  4.27617773e+12  1.09478570e+10
 1.72490000e+03  1.27346960e+17  5.27578031e+15  6.85668236e+10  4.27526684e+09  4.27617773e+12  1.09478570e+10
 1.72500000e+03  1.26755918e+17  5.82794668e+15  6.82485919e+10  4.72271886e+09  4.27617773e+12  1.09478570e+10
 1.72500000e+03  1.26755918e+17  5.82794668e+15  6.82485919e+10  4.72271886e+09  4.27617773e+12  1.09478570e+10
 1.72555000e+03  1.27503331e+17  8.79879192e+15  6.86510179e+10  7.13016485e+09  4.27617773e+12  1.09478570e+10
 1.72610000e+03  1.28231863e+17  1.16759303e+16  6.90432780e+10  9.46167482e+09  4.27617773e+12  1.09478570e+10
 1.72665000e+03  1.28941991e+17  1.44624339e+16  6.94256291e+10  1.17197382e+10  4.27617773e+12  1.09478570e+10
 1.72720000e+03  1.29634181e+17  1.71612704e+16  6.97983214e+10  1.39067600e+10  4.27617773e+12  1.09478570e+10
 1.72775000e+03  1.30308885e+17  1.97753072e+16  7.01615990e+10  1.60250636e+10  4.27617773e+12  1.09478570e+10
 1.72830000e+03  1.30966545e+17  2.23073143e+16  7.05156997e+10  1.80768940e+10  4.27617773e+12  1.09478570e+10
 1.72885000e+03  1.31607591e+17  2.47599682e+16  7.08608553e+10  2.00644198e+10  4.27617773e+12  1.09478570e+10
 1.72940000e+03  1.32232444e+17  2.71358548e+16  7.11972918e+10  2.19897367e+10  4.27617773e+12  1.09478570e+10
 1.72995000e+03  1.32841512e+17  2.94374728e+16  7.15252294e+10  2.38548696e+10  4.27617773e+12  1.09478570e+10
 1.73050000e+03  1.33435194e+17  3.16672368e+16  7.18448828e+10  2.56617751e+10  4.27617773e+12  1.09478570e+10
 1.73105000e+03  1.34013879e+17  3.38274798e+16  7.21564614e+10  2.74123437e+10  4.27617773e+12  1.09478570e+10
 1.73160000e+03  1.34577945e+17  3.59204565e+16  7.24601690e+10  2.91084025e+10  4.27617773e+12  1.09478570e+10
 1.73215000e+03  1.35127762e+17  3.79483456e+16  7.27562045e+10  3.07517172e+10  4.27617773e+12  1.09478570e+10
 1.73270000e+03  1.35663690e+17  3.99132529e+16  7.30447618e+10  3.23439940e+10  4.27617773e+12  1.09478570e+10
 1.73325000e+03  1.36186080e+17  4.18172134e+16  7.33260297e+10  3.38868822e+10  4.27617773e+12  1.09478570e+10
 1.73380000e+03  1.36695274e+17  4.36621940e+16  7.36001923e+10  3.53819756e+10  4.27617773e+12  1.09478570e+10
 1.73435000e+03  1.37191604e+17  4.54500957e+16  7.38674293e+10  3.68308147e+10  4.27617773e+12  1.09478570e+10
 1.73490000e+03  1.37675397e+17  4.71827560e+16  7.41279154e+10  3.82348886e+10  4.27617773e+12  1.09478570e+10
 1.73545000e+03  1.38146968e+17  4.88619510e+16  7.43818213e+10  3.95956364e+10  4.27617773e+12  1.09478570e+10
 1.73600000e+03  1.38606627e+17  5.04893976e+16  7.46293132e+10  4.09144496e+10  4.27617773e+12  1.09478570e+10
 1.73655000e+03  1.39054674e+17  5.20667555e+16  7.48705530e+10  4.21926730e+10  4.27617773e+12  1.09478570e+10
 1.73710000e+03  1.39491403e+17  5.35956291e+16  7.51056989e+10  4.34316068e+10  4.27617773e+12  1.09478570e+10
 1.73765000e+03  1.39917099e+17  5.50775695e+16  7.53349045e+10  4.46325080e+10  4.27617773e+12  1.09478570e+10
 1.73820000e+03  1.40332042e+17  5.65140764e+16  7.55583202e+10  4.57965917e+10  4.27617773e+12  1.09478570e+10
 1.73875000e+03  1.40736502e+17  5.79065994e+16  7.57760920e+10  4.69250328e+10  4.27617773e+12  1.09478570e+10
 1.73930000e+03  1.41130746e+17  5.92565404e+16  7.59883626e+10  4.80189674e+10  4.27617773e+12  1.09478570e+10
 1.73985000e+03  1.41515030e+17  6.05652549e+16  7.61952710e+10  4.90794937e+10  4.27617773e+12  1.09478570e+10
 1.74040000e+03  1.41889607e+17  6.18340535e+16  7.63969525e+10  5.01076738e+10  4.27617773e+12  1.09478570e+10
 1.74095000e+03  1.42254721e+17  6.30642034e+16  7.65935393e+10  5.11045347e+10  4.27617773e+12  1.09478570e+10
 1.74150000e+03  1.42610612e+17  6.42569302e+16  7.67851600e+10  5.20710695e+10  4.27617773e+12  1.09478570e+10
 1.74205000e+03  1.42957513e+17  6.54134190e+16  7.69719401e+10  5.30082386e+10  4.27617773e+12  1.09478570e+10
 1.74260000e+03  1.43295650e+17  6.65348160e+16  7.71540019e+10  5.39169708e+10  4.27617773e+12  1.09478570e+10
 1.74315000e+03  1.43625246e+17  6.76222298e+16  7.73314646e+10  5.47981644e+10  4.27617773e+12  1.09478570e+10
 1.74370000e+03  1.43946515e+17  6.86767323e+16  7.75044442e+10  5.56526882e+10  4.27617773e+12  1.09478570e+10
 1.74425000e+03  1.44259669e+17  6.96993606e+16  7.76730542e+10  5.64813824e+10  4.27617773e+12  1.09478570e+10
 1.74480000e+03  1.44564913e+17  7.06911176e+16  7.78374049e+10  5.72850599e+10  4.27617773e+12  1.09478570e+10
 1.74535000e+03  1.44862445e+17  7.16529735e+16  7.79976038e+10  5.80645068e+10  4.27617773e+12  1.09478570e+10
 1.74590000e+03  1.45152461e+17  7.25858668e+16  7.81537558e+10  5.88204837e+10  4.27617773e+12  1.09478570e+10
 1.74645000e+03  1.45435151e+17  7.34907053e+16  7.83059633e+10  5.95537261e+10  4.27617773e+12  1.09478570e+10
 1.74700000e+03  1.45710700e+17  7.43683673e+16  7.84543257e+10  6.02649459e+10  4.27617773e+12  1.09478570e+10
 1.74700000e+03  1.45710700e+17  7.43683673e+16  7.84543257e+10  6.02649459e+10  4.27617773e+12  1.09478570e+10
 1.74710000e+03  1.45034429e+17  7.45234041e+16  7.80902042e+10  6.03905811e+10  4.27617773e+12  1.09478570e+10
 1.74720000e+03  1.44361296e+17  7.46742315e+16  7.77277727e+10  6.05128052e+10  4.27617773e+12  1.09478570e+10
 1.74730000e+03  1.43691288e+17  7.48208933e+16  7.73670233e+10  6.06316536e+10  4.27617773e+12  1.09478570e+10
 1.74740000e+03  1.43024389e+17  7.49634331e+16  7.70079482e+10  6.07471618e+10  4.27617773e+12  1.09478570e+10
 1.74750000e+03  1.42360586e+17  7.51018940e+16  7.66505396e+10  6.08593646e+10  4.27617773e+12  1.09478570e+10
 1.74760000e+03  1.41699863e+17  7.52363188e+16  7.62947898e+10  6.09682967e+10  4.27617773e+12  1.09478570e+10
 1.74770000e+03  1.41042207e+17  7.53667499e+16  7.59406911e+10  6.10739925e+10  4.27617773e+12  1.09478570e+10
 1.74780000e+03  1.40387603e+17  7.54932293e+16  7.55882359e+10  6.11764860e+10  4.27617773e+12  1.09478570e+10
 1.74790000e+03  1.39736038e+17  7.56157988e+16  7.52374165e+10  6.12758110e+10  4.27617773e+12  1.09478570e+10
 1.74800000e+03  1.39087496e+17  7.57344996e+16  7.48882253e+10  6.13720011e+10  4.27617773e+12  1.09478570e+10
 1.74800000e+03  1.39087496e+17  7.57344996e+16  7.48882253e+10  6.13720011e+10  4.33834637e+12  1.09456674e+10
 1.74810000e+03  1.38441964e+17  7.58493727e+16  7.45406548e+10  6.14650894e+10  4.33834637e+12  1.09456674e+10
 1.74820000e+03  1.37799429e+17  7.59604588e+16  7.41946974e+10  6.15551088e+10  4.33834637e+12  1.09456674e+10
 1.74830000e+03  1.37159875e+17  7.60677982e+16  7.38503456e+10  6.16420920e+10  4.33834637e+12  1.09456674e+10
 1.74840000e+03  1.36523290e+17  7.61714307e+16  7.35075921e+10  6.17260714e+10  4.33834637e+12  1.09456674e+10
 1.74850000e+03  1.35889660e+17  7.62713960e+16  7.31664293e+10  6.18070790e+10  4.33834637e+12  1.09456674e+10
 1.74860000e+03  1.35258970e+17  7.63677333e+16  7.28268500e+10  6.18851466e+10  4.33834637e+12  1.09456674e+10
 1.74870000e+03  1.34631207e+17  7.64604816e+16  7.24888467e+10  6.19603059e+10  4.33834637e+12  1.09456674e+10
 1.74880000e+03  1.34006358e+17  7.65496793e+16  7.21524121e+10  6.20325879e+10  4.33834637e+12  1.09456674e+10
 1.74890000e+03  1.33384409e+17  7.66353648e+16  7.18175390e+10  6.21020238e+10  4.33834637e+12  1.09456674e+10
 1.74900000e+03  1.32765346e+17  7.67175760e+16  7.14842201e+10  6.21686442e+10  4.33834637e+12  1.09456674e+10
 1.74900000e+03  1.32765346e+17  0.00000000e+00  7.14842201e+10  0.00000000e+00  4.33834637e+12  1.09456674e+10
 1.74910000e+03  1.32149157e+17  6.14035534e+14  7.11524482e+10  4.97588149e+08  4.33834637e+12  1.09456674e+10
 1.74920000e+03  1.31535828e+17  1.22093707e+15  7.08222161e+10  9.89395208e+08  4.33834637e+12  1.09456674e+10
 1.74930000e+03  1.30925345e+17  1.82076760e+15  7.04935167e+10  1.47547223e+09  4.33834637e+12  1.09456674e+10
 1.74940000e+03  1.30317695e+17  2.41358962e+15  7.01663428e+10  1.95586986e+09  4.33834637e+12  1.09456674e+10
 1.74950000e+03  1.29712866e+17  2.99946515e+15  6.98406875e+10  2.43063835e+09  4.33834637e+12  1.09456674e+10
 1.74960000e+03  1.29110844e+17  3.57845569e+15  6.95165435e+10  2.89982753e+09  4.33834637e+12  1.09456674e+10
 1.74970000e+03  1.28511616e+17  4.15062227e+15  6.91939040e+10  3.36348686e+09  4.33834637e+12  1.09456674e+10
 1.74980000e+03  1.27915169e+17  4.71602540e+15  6.88727619e+10  3.82166539e+09  4.33834637e+12  1.09456674e+10
 1.74990000e+03  1.27321490e+17  5.27472515e+15  6.85531103e+10  4.27441179e+09  4.33834637e+12  1.09456674e+10
 1.75000000e+03  1.26730567e+17  5.82678109e+15  6.82349422e+10  4.72177432e+09  4.33834637e+12  1.09456674e+10
 1.75000000e+03  1.26730567e+17  5.82678109e+15  6.82349422e+10  4.72177432e+09  4.33834637e+12  1.09456674e+10
 1.75055000e+03  1.27477830e+17  8.79703216e+15  6.86372877e+10  7.12873882e+09  4.33834637e+12  1.09456674e+10
 1.75110000e+03  1.28206217e+17  1.16735951e+16  6.90294693e+10  9.45978248e+09  4.33834637e+12  1.09456674e+10
 1.75165000e+03  1.28916203e+17  1.44595414e+16  6.94117439e+10  1.17173943e+10  4.33834637e+12  1.09456674e+10
 1.75220000e+03  1.29608254e+17  1.71578382e+16  6.97843617e+10  1.39039786e+10  4.33834637e+12  1.09456674e+10
 1.75275000e+03  1.30282823e+17  1.97713521e+16  7.01475667e+10  1.60218586e+10  4.33834637e+12  1.09456674e+10
 1.75330000e+03  1.30940351e+17  2.23028528e+16  7.05015965e+10  1.80732786e+10  4.33834637e+12  1.09456674e+10
 1.75385000e+03  1.31581269e+17  2.47550162e+16  7.08466831e+10  2.00604069e+10  4.33834637e+12  1.09456674e+10
 1.75440000e+03  1.32205997e+17  2.71304276e+16  7.11830523e+10  2.19853388e+10  4.33834637e+12  1.09456674e+10
 1.75495000e+03  1.32814943e+17  2.94315853e+16  7.15109243e+10  2.38500987e+10  4.33834637e+12  1.09456674e+10
 1.75550000e+03  1.33408507e+17  3.16609034e+16  7.18305138e+10  2.56566427e+10  4.33834637e+12  1.09456674e+10
 1.75605000e+03  1.33987076e+17  3.38207143e+16  7.21420301e+10  2.74068612e+10  4.33834637e+12  1.09456674e+10
 1.75660000e+03  1.34551029e+17  3.59132724e+16  7.24456770e+10  2.91025808e+10  4.33834637e+12  1.09456674e+10
 1.75715000e+03  1.35100737e+17  3.79407560e+16  7.27416533e+10  3.07455668e+10  4.33834637e+12  1.09456674e+10
 1.75770000e+03  1.35636558e+17  3.99052703e+16  7.30301528e+10  3.23375252e+10  4.33834637e+12  1.09456674e+10
 1.75825000e+03  1.36158843e+17  4.18088500e+16  7.33113645e+10  3.38801049e+10  4.33834637e+12  1.09456674e+10
 1.75880000e+03  1.36667935e+17  4.36534616e+16  7.35854723e+10  3.53748992e+10  4.33834637e+12  1.09456674e+10
 1.75935000e+03  1.37164166e+17  4.54410057e+16  7.38526558e+10  3.68234486e+10  4.33834637e+12  1.09456674e+10
 1.75990000e+03  1.37647862e+17  4.71733194e+16  7.41130898e+10  3.82272416e+10  4.33834637e+12  1.09456674e+10
 1.76045000e+03  1.38119339e+17  4.88521786e+16  7.43669449e+10  3.95877173e+10  4.33834637e+12  1.09456674e+10
 1.76100000e+03  1.38578906e+17  5.04792997e+16  7.46143873e+10  4.09062667e+10  4.33834637e+12  1.09456674e+10
 1.76155000e+03  1.39026863e+17  5.20563422e+16  7.48555789e+10  4.21842345e+10  4.33834637e+12  1.09456674e+10
 1.76210000e+03  1.39463504e+17  5.35849100e+16  7.50906777e+10  4.34229205e+10  4.33834637e+12  1.09456674e+10
 1.76265000e+03  1.39889116e+17  5.50665540e+16  7.53198376e+10  4.46235815e+10  4.33834637e+12  1.09456674e+10
 1.76320000e+03  1.40303975e+17  5.65027735e+16  7.55432085e+10  4.57874324e+10  4.33834637e+12  1.09456674e+10
 1.76375000e+03  1.40708355e+17  5.78950181e+16  7.57609368e+10  4.69156478e+10  4.33834637e+12  1.09456674e+10
 1.76430000e+03  1.41102520e+17  5.92446891e+16  7.59731649e+10  4.80093636e+10  4.33834637e+12  1.09456674e+10
 1.76485000e+03  1.41486727e+17  6.05531419e+16  7.61800319e+10  4.90696778e+10  4.33834637e+12  1.09456674e+10
 1.76540000e+03  1.41861229e+17  6.18216867e+16  7.63816731e+10  5.00976522e+10  4.33834637e+12  1.09456674e+10
 1.76595000e+03  1.42226270e+17  6.30515905e+16  7.65782206e+10  5.10943137e+10  4.33834637e+12  1.09456674e+10
 1.76650000e+03  1.42582090e+17  6.42440788e+16  7.67698030e+10  5.20606552e+10  4.33834637e+12  1.09456674e+10
 1.76705000e+03  1.42928921e+17  6.54003363e+16  7.69565457e+10  5.29976369e+10  4.33834637e+12  1.09456674e+10
 1.76760000e+03  1.43266991e+17  6.65215091e+16  7.71385711e+10  5.39061874e+10  4.33834637e+12  1.09456674e+10
 1.76815000e+03  1.43596521e+17  6.76087053e+16  7.73159983e+10  5.47872048e+10  4.33834637e+12  1.09456674e+10
 1.76870000e+03  1.43917726e+17  6.86629970e+16  7.74889434e+10  5.56415577e+10  4.33834637e+12  1.09456674e+10
 1.76925000e+03  1.44230817e+17  6.96854207e+16  7.76575196e+10  5.64700862e+10  4.33834637e+12  1.09456674e+10
 1.76980000e+03  1.44536000e+17  7.06769794e+16  7.78218374e+10  5.72736029e+10  4.33834637e+12  1.09456674e+10
 1.77035000e+03  1.44833472e+17  7.16386429e+16  7.79820042e+10  5.80528939e+10  4.33834637e+12  1.09456674e+10
 1.77090000e+03  1.45123431e+17  7.25713496e+16  7.81381251e+10  5.88087196e+10  4.33834637e+12  1.09456674e+10
 1.77145000e+03  1.45406064e+17  7.34760072e+16  7.82903021e+10  5.95418154e+10  4.33834637e+12  1.09456674e+10
 1.77200000e+03  1.45681558e+17  7.43534936e+16  7.84386349e+10  6.02528929e+10  4.33834637e+12  1.09456674e+10
 1.77200000e+03  1.45681558e+17  7.43534936e+16  7.84386349e+10  6.02528929e+10  4.33834637e+12  1.09456674e+10
 1.77210000e+03  1.45005422e+17  7.45084994e+16  7.80745862e+10  6.03785030e+10  4.33834637e+12  1.09456674e+10
 1.77220000e+03  1.44332424e+17  7.46592966e+16  7.77122271e+10  6.05007026e+10  4.33834637e+12  1.09456674e+10
 1.77230000e+03  1.43662550e+17  7.48059291e+16  7.73515499e+10  6.06195273e+10  4.33834637e+12  1.09456674e+10
 1.77240000e+03  1.42995784e+17  7.49484404e+16  7.69925466e+10  6.07350124e+10  4.33834637e+12  1.09456674e+10
 1.77250000e+03  1.42332114e+17  7.50868737e+16  7.66352095e+10  6.08471927e+10  4.33834637e+12  1.09456674e+10
 1.77260000e+03  1.41671523e+17  7.52212716e+16  7.62795309e+10  6.09561030e+10  4.33834637e+12  1.09456674e+10
 1.77270000e+03  1.41013999e+17  7.53516766e+16  7.59255030e+10  6.10617777e+10  4.33834637e+12  1.09456674e+10
 1.77280000e+03  1.40359526e+17  7.54781307e+16  7.55731183e+10  6.11642507e+10  4.33834637e+12  1.09456674e+10
 1.77290000e+03  1.39708090e+17  7.56006756e+16  7.52223690e+10  6.12635559e+10  4.33834637e+12  1.09456674e+10
 1.77300000e+03  1.39059679e+17  7.57193527e+16  7.48732476e+10  6.13597267e+10  4.33834637e+12  1.09456674e+10
 1.77300000e+03  1.39059679e+17  7.57193527e+16  7.48732476e+10  6.13597267e+10  4.40050258e+12  1.09434783e+10
 1.77310000e+03  1.38414276e+17  7.58342029e+16  7.45257466e+10  6.14527964e+10  4.40050258e+12  1.09434783e+10
 1.77320000e+03  1.37771869e+17  7.59452668e+16  7.41798584e+10  6.15427978e+10  4.40050258e+12  1.09434783e+10
 1.77330000e+03  1.37132443e+17  7.60525846e+16  7.38355755e+10  6.16297636e+10  4.40050258e+12  1.09434783e+10
 1.77340000e+03  1.36495986e+17  7.61561964e+16  7.34928906e+10  6.17137262e+10  4.40050258e+12  1.09434783e+10
 1.77350000e+03  1.35862482e+17  7.62561417e+16  7.31517960e+10  6.17947176e+10  4.40050258e+12  1.09434783e+10
 1.77360000e+03  1.35231918e+17  7.63524598e+16  7.28122846e+10  6.18727696e+10  4.40050258e+12  1.09434783e+10
 1.77370000e+03  1.34604281e+17  7.64451895e+16  7.24743489e+10  6.19479138e+10  4.40050258e+12  1.09434783e+10
 1.77380000e+03  1.33979557e+17  7.65343694e+16  7.21379816e+10  6.20201814e+10  4.40050258e+12  1.09434783e+10
 1.77390000e+03  1.33357732e+17  7.66200377e+16  7.18031755e+10  6.20896034e+10  4.40050258e+12  1.09434783e+10
 1.77400000e+03  1.32738793e+17  7.67022325e+16  7.14699233e+10  6.21562105e+10  4.40050258e+12  1.09434783e+10
 1.77400000e+03  1.32738793e+17  0.00000000e+00  7.14699233e+10  0.00000000e+00  4.40050258e+12  1.09434783e+10
 1.77410000e+03  1.32122727e+17  6.13912727e+14  7.11382177e+10  4.97488632e+08  4.40050258e+12  1.09434783e+10
 1.77420000e+03  1.31509521e+17  1.22069288e+15  7.08080517e+10  9.89197329e+08  4.40050258e+12  1.09434783e+10
 1.77430000e+03  1.30899160e+17  1.82040344e+15  7.04794180e+10  1.47517713e+09  4.40050258e+12  1.09434783e+10
 1.77440000e+03  1.30291632e+17  2.41310691e+15  7.01523096e+10  1.95547869e+09  4.40050258e+12  1.09434783e+10
 1.77450000e+03  1.29686924e+17  2.99886526e+15  6.98267193e+10  2.43015222e+09  4.40050258e+12  1.09434783e+10
 1.77460000e+03  1.29085022e+17  3.57774000e+15  6.95026402e+10  2.89924756e+09  4.40050258e+12  1.09434783e+10
 1.77470000e+03  1.28485914e+17  4.14979214e+15  6.91800652e+10  3.36281416e+09  4.40050258e+12  1.09434783e+10
 1.77480000e+03  1.27889586e+17  4.71508219e+15  6.88589873e+10  3.82090106e+09  4.40050258e+12  1.09434783e+10
 1.77490000e+03  1.27296026e+17  5.27367020e+15  6.85393996e+10  4.27355690e+09  4.40050258e+12  1.09434783e+10
 1.77500000e+03  1.26705221e+17  5.82561573e+15  6.82212952e+10  4.72082997e+09  4.40050258e+12  1.09434783e+10
 1.77500000e+03  1.26705221e+17  5.82561573e+15  6.82212952e+10  4.72082997e+09  4.40050258e+12  1.09434783e+10
 1.77555000e+03  1.27452335e+17  8.79527275e+15  6.86235602e+10  7.12731307e+09  4.40050258e+12  1.09434783e+10
 1.77610000e+03  1.28180575e+17  1.16712604e+16  6.90156634e+10  9.45789053e+09  4.40050258e+12  1.09434783e+10
 1.77665000e+03  1.28890420e+17  1.44566495e+16  6.93978616e+10  1.17150508e+10  4.40050258e+12  1.09434783e+10
 1.77720000e+03  1.29582332e+17  1.71544066e+16  6.97704049e+10  1.39011978e+10  4.40050258e+12  1.09434783e+10
 1.77775000e+03  1.30256766e+17  1.97673979e+16  7.01335372e+10  1.60186543e+10  4.40050258e+12  1.09434783e+10
 1.77830000e+03  1.30914163e+17  2.22983923e+16  7.04874962e+10  1.80696639e+10  4.40050258e+12  1.09434783e+10
 1.77885000e+03  1.31554953e+17  2.47500652e+16  7.08325138e+10  2.00563948e+10  4.40050258e+12  1.09434783e+10
 1.77940000e+03  1.32179556e+17  2.71250015e+16  7.11688157e+10  2.19809417e+10  4.40050258e+12  1.09434783e+10
 1.77995000e+03  1.32788380e+17  2.94256990e+16  7.14966221e+10  2.38453287e+10  4.40050258e+12  1.09434783e+10
 1.78050000e+03  1.33381825e+17  3.16545712e+16  7.18161477e+10  2.56515114e+10  4.40050258e+12  1.09434783e+10
 1.78105000e+03  1.33960278e+17  3.38139502e+16  7.21276017e+10  2.74013798e+10  4.40050258e+12  1.09434783e+10
 1.78160000e+03  1.34524119e+17  3.59060898e+16  7.24311878e+10  2.90967603e+10  4.40050258e+12  1.09434783e+10
 1.78215000e+03  1.35073717e+17  3.79331678e+16  7.27271050e+10  3.07394177e+10  4.40050258e+12  1.09434783e+10
 1.78270000e+03  1.35609430e+17  3.98972892e+16  7.30155468e+10  3.23310577e+10  4.40050258e+12  1.09434783e+10
 1.78325000e+03  1.36131611e+17  4.18004882e+16  7.32967022e+10  3.38733288e+10  4.40050258e+12  1.09434783e+10
 1.78380000e+03  1.36640601e+17  4.36447309e+16  7.35707552e+10  3.53678243e+10  4.40050258e+12  1.09434783e+10
 1.78435000e+03  1.37136733e+17  4.54319175e+16  7.38378853e+10  3.68160839e+10  4.40050258e+12  1.09434783e+10
 1.78490000e+03  1.37620332e+17  4.71638848e+16  7.40982672e+10  3.82195961e+10  4.40050258e+12  1.09434783e+10
 1.78545000e+03  1.38091715e+17  4.88424082e+16  7.43520716e+10  3.95797997e+10  4.40050258e+12  1.09434783e+10
 1.78600000e+03  1.38551190e+17  5.04692039e+16  7.45994644e+10  4.08980855e+10  4.40050258e+12  1.09434783e+10
 1.78655000e+03  1.38999058e+17  5.20459309e+16  7.48406078e+10  4.21757976e+10  4.40050258e+12  1.09434783e+10
 1.78710000e+03  1.39435612e+17  5.35741930e+16  7.50756596e+10  4.34142359e+10  4.40050258e+12  1.09434783e+10
 1.78765000e+03  1.39861138e+17  5.50555407e+16  7.53047736e+10  4.46146568e+10  4.40050258e+12  1.09434783e+10
 1.78820000e+03  1.40275915e+17  5.64914730e+16  7.55280999e+10  4.57782749e+10  4.40050258e+12  1.09434783e+10
 1.78875000e+03  1.40680213e+17  5.78834391e+16  7.57457846e+10  4.69062647e+10  4.40050258e+12  1.09434783e+10
 1.78930000e+03  1.41074299e+17  5.92328402e+16  7.59579703e+10  4.79997617e+10  4.40050258e+12  1.09434783e+10
 1.78985000e+03  1.41458430e+17  6.05410313e+16  7.61647959e+10  4.90598638e+10  4.40050258e+12  1.09434783e+10
 1.79040000e+03  1.41832856e+17  6.18093223e+16  7.63663968e+10  5.00876327e+10  4.40050258e+12  1.09434783e+10
 1.79095000e+03  1.42197825e+17  6.30389802e+16  7.65629049e+10  5.10840949e+10  4.40050258e+12  1.09434783e+10
 1.79150000e+03  1.42553573e+17  6.42312300e+16  7.67544490e+10  5.20502431e+10  4.40050258e+12  1.09434783e+10
 1.79205000e+03  1.42900335e+17  6.53872562e+16  7.69411544e+10  5.29870374e+10  4.40050258e+12  1.09434783e+10
 1.79260000e+03  1.43238338e+17  6.65082048e+16  7.71231434e+10  5.38954062e+10  4.40050258e+12  1.09434783e+10
 1.79315000e+03  1.43567801e+17  6.75951836e+16  7.73005351e+10  5.47762473e+10  4.40050258e+12  1.09434783e+10
 1.79370000e+03  1.43888943e+17  6.86492644e+16  7.74734456e+10  5.56304293e+10  4.40050258e+12  1.09434783e+10
 1.79425000e+03  1.44201971e+17  6.96714836e+16  7.76419881e+10  5.64587921e+10  4.40050258e+12  1.09434783e+10
 1.79480000e+03  1.44507092e+17  7.06628440e+16  7.78062730e+10  5.72621482e+10  4.40050258e+12  1.09434783e+10
 1.79535000e+03  1.44804506e+17  7.16243152e+16  7.79664078e+10  5.80412833e+10  4.40050258e+12  1.09434783e+10
 1.79590000e+03  1.45094406e+17  7.25568353e+16  7.81224974e+10  5.87969578e+10  4.40050258e+12  1.09434783e+10
 1.79645000e+03  1.45376983e+17  7.34613120e+16  7.82746440e+10  5.95299070e+10  4.40050258e+12  1.09434783e+10
 1.79700000e+03  1.45652421e+17  7.43386229e+16  7.84229471e+10  6.02408423e+10  4.40050258e+12  1.09434783e+10
 1.79700000e+03  1.45652421e+17  7.43386229e+16  7.84229471e+10  6.02408423e+10  4.40050258e+12  1.09434783e+10
 1.79710000e+03  1.44976421e+17  7.44935977e+16  7.80589713e+10  6.03664273e+10  4.40050258e+12  1.09434783e+10
 1.79720000e+03  1.44303557e+17  7.46443648e+16  7.76966847e+10  6.04886025e+10  4.40050258e+12  1.09434783e+10
 1.79730000e+03  1.43633817e+17  7.47909680e+16  7.73360796e+10  6.06074034e+10  4.40050258e+12  1.09434783e+10
 1.79740000e+03  1.42967185e+17  7.49334507e+16  7.69771481e+10  6.07228654e+10  4.40050258e+12  1.09434783e+10
 1.79750000e+03  1.42303647e+17  7.50718563e+16  7.66198824e+10  6.08350233e+10  4.40050258e+12  1.09434783e+10
 1.79760000e+03  1.41643189e+17  7.52062273e+16  7.62642750e+10  6.09439118e+10  4.40050258e+12  1.09434783e+10
 1.79770000e+03  1.40985796e+17  7.53366062e+16  7.59103179e+10  6.10495653e+10  4.40050258e+12  1.09434783e+10
 1.79780000e+03  1.40331454e+17  7.54630351e+16  7.55580036e+10  6.11520179e+10  4.40050258e+12  1.09434783e+10
 1.79790000e+03  1.39680149e+17  7.55855555e+16  7.52073245e+10  6.12513032e+10  4.40050258e+12  1.09434783e+10
 1.79800000e+03  1.39031867e+17  7.57042088e+16  7.48582730e+10  6.13474548e+10  4.40050258e+12  1.09434783e+10
 1.79800000e+03  1.39031867e+17  7.57042088e+16  7.48582730e+10  6.13474548e+10  4.46264636e+12  1.09412896e+10
 1.79810000e+03  1.38386593e+17  7.58190360e+16  7.45108415e+10  6.14405058e+10  4.46264636e+12  1.09412896e+10
 1.79820000e+03  1.37744315e+17  7.59300777e+16  7.41650224e+10  6.15304892e+10  4.46264636e+12  1.09412896e+10
 1.79830000e+03  1.37105017e+17  7.60373741e+16  7.38208084e+10  6.16174377e+10  4.46264636e+12  1.09412896e+10
 1.79840000e+03  1.36468686e+17  7.61409652e+16  7.34781920e+10  6.17013835e+10  4.46264636e+12  1.09412896e+10
 1.79850000e+03  1.35835309e+17  7.62408905e+16  7.31371657e+10  6.17823587e+10  4.46264636e+12  1.09412896e+10
 1.79860000e+03  1.35204872e+17  7.63371893e+16  7.27977221e+10  6.18603951e+10  4.46264636e+12  1.09412896e+10
 1.79870000e+03  1.34577360e+17  7.64299004e+16  7.24598540e+10  6.19355242e+10  4.46264636e+12  1.09412896e+10
 1.79880000e+03  1.33952761e+17  7.65190625e+16  7.21235540e+10  6.20077773e+10  4.46264636e+12  1.09412896e+10
 1.79890000e+03  1.33331061e+17  7.66047137e+16  7.17888149e+10  6.20771854e+10  4.46264636e+12  1.09412896e+10
 1.79900000e+03  1.32712246e+17  7.66868920e+16  7.14556293e+10  6.21437792e+10  4.46264636e+12  1.09412896e+10
 1.79900000e+03  1.32712246e+17  0.00000000e+00  7.14556293e+10  0.00000000e+00  4.46264636e+12  1.09412896e+10
 1.79910000e+03  1.32096303e+17  6.13789945e+14  7.11239901e+10  4.97389134e+08  4.46264636e+12  1.09412896e+10
 1.79920000e+03  1.31483219e+17  1.22044874e+15  7.07938901e+10  9.88999489e+08  4.46264636e+12  1.09412896e+10
 1.79930000e+03  1.30872980e+17  1.82003936e+15  7.04653221e+10  1.47488210e+09  4.46264636e+12  1.09412896e+10
 1.79940000e+03  1.30265574e+17  2.41262429e+15  7.01382791e+10  1.95508759e+09  4.46264636e+12  1.09412896e+10
 1.79950000e+03  1.29660986e+17  2.99826549e+15  6.98127540e+10  2.42966619e+09  4.46264636e+12  1.09412896e+10
 1.79960000e+03  1.29059205e+17  3.57702446e+15  6.94887397e+10  2.89866771e+09  4.46264636e+12  1.09412896e+10
 1.79970000e+03  1.28460216e+17  4.14896218e+15  6.91662292e+10  3.36214160e+09  4.46264636e+12  1.09412896e+10
 1.79980000e+03  1.27864008e+17  4.71413918e+15  6.88452155e+10  3.82013688e+09  4.46264636e+12  1.09412896e+10
 1.79990000e+03  1.27270567e+17  5.27261547e+15  6.85256917e+10  4.27270219e+09  4.46264636e+12  1.09412896e+10
 1.80000000e+03  1.26679880e+17  5.82445061e+15  6.82076509e+10  4.71988580e+09  4.46264636e+12  1.09412896e+10
 1.80000000e+03  1.26679880e+17  5.82445061e+15  6.82076509e+10  4.71988580e+09  4.46264636e+12  1.09412896e+10
 1.80055000e+03  1.27426844e+17  8.79351370e+15  6.86098355e+10  7.12588761e+09  4.46264636e+12  1.09412896e+10
 1.80110000e+03  1.28154939e+17  1.16689261e+16  6.90018603e+10  9.45599895e+09  4.46264636e+12  1.09412896e+10
 1.80165000e+03  1.28864642e+17  1.44537582e+16  6.93839820e+10  1.17127078e+10  4.46264636e+12  1.09412896e+10
 1.80220000e+03  1.29556416e+17  1.71509757e+16  6.97564508e+10  1.38984176e+10  4.46264636e+12  1.09412896e+10
 1.80275000e+03  1.30230715e+17  1.97634444e+16  7.01195104e+10  1.60154505e+10  4.46264636e+12  1.09412896e+10
 1.80330000e+03  1.30887980e+17  2.22939326e+16  7.04733987e+10  1.80660500e+10  4.46264636e+12  1.09412896e+10
 1.80385000e+03  1.31528642e+17  2.47451151e+16  7.08183473e+10  2.00523836e+10  4.46264636e+12  1.09412896e+10
 1.80440000e+03  1.32153120e+17  2.71195765e+16  7.11545819e+10  2.19765455e+10  4.46264636e+12  1.09412896e+10
 1.80495000e+03  1.32761823e+17  2.94198139e+16  7.14823228e+10  2.38405596e+10  4.46264636e+12  1.09412896e+10
 1.80550000e+03  1.33355149e+17  3.16482403e+16  7.18017845e+10  2.56463811e+10  4.46264636e+12  1.09412896e+10
 1.80605000e+03  1.33933486e+17  3.38071874e+16  7.21131761e+10  2.73958995e+10  4.46264636e+12  1.09412896e+10
 1.80660000e+03  1.34497214e+17  3.58989085e+16  7.24167016e+10  2.90909409e+10  4.46264636e+12  1.09412896e+10
 1.80715000e+03  1.35046702e+17  3.79255812e+16  7.27125595e+10  3.07332698e+10  4.46264636e+12  1.09412896e+10
 1.80770000e+03  1.35582309e+17  3.98893098e+16  7.30009437e+10  3.23245915e+10  4.46264636e+12  1.09412896e+10
 1.80825000e+03  1.36104385e+17  4.17921281e+16  7.32820429e+10  3.38665542e+10  4.46264636e+12  1.09412896e+10
 1.80880000e+03  1.36613273e+17  4.36360019e+16  7.35560411e+10  3.53607507e+10  4.46264636e+12  1.09412896e+10
 1.80935000e+03  1.37109306e+17  4.54228311e+16  7.38231177e+10  3.68087207e+10  4.46264636e+12  1.09412896e+10
 1.80990000e+03  1.37592808e+17  4.71544520e+16  7.40834476e+10  3.82119522e+10  4.46264636e+12  1.09412896e+10
 1.81045000e+03  1.38064097e+17  4.88326397e+16  7.43372011e+10  3.95718838e+10  4.46264636e+12  1.09412896e+10
 1.81100000e+03  1.38523480e+17  5.04591100e+16  7.45845445e+10  4.08899058e+10  4.46264636e+12  1.09412896e+10
 1.81155000e+03  1.38971258e+17  5.20355217e+16  7.48256397e+10  4.21673625e+10  4.46264636e+12  1.09412896e+10
 1.81210000e+03  1.39407725e+17  5.35634782e+16  7.50606444e+10  4.34055531e+10  4.46264636e+12  1.09412896e+10
 1.81265000e+03  1.39833166e+17  5.50445296e+16  7.52897126e+10  4.46057339e+10  4.46264636e+12  1.09412896e+10
 1.81320000e+03  1.40247859e+17  5.64801747e+16  7.55129942e+10  4.57691193e+10  4.46264636e+12  1.09412896e+10
 1.81375000e+03  1.40652077e+17  5.78718624e+16  7.57306354e+10  4.68968835e+10  4.46264636e+12  1.09412896e+10
 1.81430000e+03  1.41046084e+17  5.92209936e+16  7.59427787e+10  4.79901618e+10  4.46264636e+12  1.09412896e+10
 1.81485000e+03  1.41430138e+17  6.05289231e+16  7.61495629e+10  4.90500519e+10  4.46264636e+12  1.09412896e+10
 1.81540000e+03  1.41804490e+17  6.17969605e+16  7.63511235e+10  5.00776152e+10  4.46264636e+12  1.09412896e+10
 1.81595000e+03  1.42169385e+17  6.30263724e+16  7.65475924e+10  5.10738781e+10  4.46264636e+12  1.09412896e+10
 1.81650000e+03  1.42525063e+17  6.42183837e+16  7.67390981e+10  5.20398331e+10  4.46264636e+12  1.09412896e+10
 1.81705000e+03  1.42871755e+17  6.53741788e+16  7.69257662e+10  5.29764400e+10  4.46264636e+12  1.09412896e+10
 1.81760000e+03  1.43209690e+17  6.64949031e+16  7.71077188e+10  5.38846271e+10  4.46264636e+12  1.09412896e+10
 1.81815000e+03  1.43539088e+17  6.75816646e+16  7.72850750e+10  5.47652921e+10  4.46264636e+12  1.09412896e+10
 1.81870000e+03  1.43860165e+17  6.86355345e+16  7.74579509e+10  5.56193033e+10  4.46264636e+12  1.09412896e+10
 1.81925000e+03  1.44173131e+17  6.96575493e+16  7.76264597e+10  5.64475004e+10  4.46264636e+12  1.09412896e+10
 1.81980000e+03  1.44478191e+17  7.06487114e+16  7.77907118e+10  5.72506957e+10  4.46264636e+12  1.09412896e+10
 1.82035000e+03  1.44775545e+17  7.16099903e+16  7.79508146e+10  5.80296751e+10  4.46264636e+12  1.09412896e+10
 1.82090000e+03  1.45065387e+17  7.25423240e+16  7.81068729e+10  5.87851984e+10  4.46264636e+12  1.09412896e+10
 1.82145000e+03  1.45347907e+17  7.34466197e+16  7.82589891e+10  5.95180010e+10  4.46264636e+12  1.09412896e+10
 1.82200000e+03  1.45623291e+17  7.43237552e+16  7.84072625e+10  6.02287942e+10  4.46264636e+12  1.09412896e+10
 1.82200000e+03  1.45623291e+17  7.43237552e+16  7.84072625e+10  6.02287942e+10  4.46264636e+12  1.09412896e+10
 1.82210000e+03  1.44947425e+17  7.44786990e+16  7.80433595e+10  6.03543540e+10  4.46264636e+12  1.09412896e+10
 1.82220000e+03  1.44274697e+17  7.46294359e+16  7.76811454e+10  6.04765047e+10  4.46264636e+12  1.09412896e+10
 1.82230000e+03  1.43605090e+17  7.47760098e+16  7.73206123e+10  6.05952819e+10  4.46264636e+12  1.09412896e+10
 1.82240000e+03  1.42938592e+17  7.49184641e+16  7.69617526e+10  6.07107208e+10  4.46264636e+12  1.09412896e+10
 1.82250000e+03  1.42275187e+17  7.50568419e+16  7.66045585e+10  6.08228563e+10  4.46264636e+12  1.09412896e+10
 1.82260000e+03  1.41614860e+17  7.51911861e+16  7.62490221e+10  6.09317230e+10  4.46264636e+12  1.09412896e+10
 1.82270000e+03  1.40957599e+17  7.53215389e+16  7.58951358e+10  6.10373554e+10  4.46264636e+12  1.09412896e+10
 1.82280000e+03  1.40303388e+17  7.54479425e+16  7.55428920e+10  6.11397874e+10  4.46264636e+12  1.09412896e+10
 1.82290000e+03  1.39652213e+17  7.55704384e+16  7.51922831e+10  6.12390529e+10  4.46264636e+12  1.09412896e+10
 1.82300000e+03  1.39004060e+17  7.56890680e+16  7.48433013e+10  6.13351853e+10  4.46264636e+12  1.09412896e+10
 1.82300000e+03  1.39004060e+17  7.56890680e+16  7.48433013e+10  6.13351853e+10  4.52477771e+12  1.09391013e+10
 1.82310000e+03  1.38358916e+17  7.58038722e+16  7.44959393e+10  6.14282177e+10  4.52477771e+12  1.09391013e+10
 1.82320000e+03  1.37716766e+17  7.59148917e+16  7.41501894e+10  6.15181831e+10  4.52477771e+12  1.09391013e+10
 1.82330000e+03  1.37077596e+17  7.60221666e+16  7.38060443e+10  6.16051142e+10  4.52477771e+12  1.09391013e+10
 1.82340000e+03  1.36441393e+17  7.61257370e+16  7.34634963e+10  6.16890432e+10  4.52477771e+12  1.09391013e+10
 1.82350000e+03  1.35808142e+17  7.62256423e+16  7.31225382e+10  6.17700022e+10  4.52477771e+12  1.09391013e+10
 1.82360000e+03  1.35177831e+17  7.63219218e+16  7.27831626e+10  6.18480230e+10  4.52477771e+12  1.09391013e+10
 1.82370000e+03  1.34550445e+17  7.64146144e+16  7.24453621e+10  6.19231371e+10  4.52477771e+12  1.09391013e+10
 1.82380000e+03  1.33925970e+17  7.65037587e+16  7.21091293e+10  6.19953758e+10  4.52477771e+12  1.09391013e+10
 1.82390000e+03  1.33304394e+17  7.65893928e+16  7.17744571e+10  6.20647700e+10  4.52477771e+12  1.09391013e+10
 1.82400000e+03  1.32685703e+17  7.66715547e+16  7.14413381e+10  6.21313505e+10  4.52477771e+12  1.09391013e+10
 1.82400000e+03  1.32685703e+17  0.00000000e+00  7.14413381e+10  0.00000000e+00  4.52477771e+12  1.09391013e+10
 1.82410000e+03  1.32069884e+17  6.13667187e+14  7.11097653e+10  4.97289656e+08  4.52477771e+12  1.09391013e+10
 1.82420000e+03  1.31456922e+17  1.22020465e+15  7.07797313e+10  9.88801689e+08  4.52477771e+12  1.09391013e+10
 1.82430000e+03  1.30846805e+17  1.81967535e+15  7.04512291e+10  1.47458712e+09  4.52477771e+12  1.09391013e+10
 1.82440000e+03  1.30239520e+17  2.41214176e+15  7.01242515e+10  1.95469657e+09  4.52477771e+12  1.09391013e+10
 1.82450000e+03  1.29635054e+17  2.99766584e+15  6.97987914e+10  2.42918025e+09  4.52477771e+12  1.09391013e+10
 1.82460000e+03  1.29033393e+17  3.57630905e+15  6.94748419e+10  2.89808798e+09  4.52477771e+12  1.09391013e+10
 1.82470000e+03  1.28434524e+17  4.14813239e+15  6.91523959e+10  3.36146917e+09  4.52477771e+12  1.09391013e+10
 1.82480000e+03  1.27838435e+17  4.71319635e+15  6.88314465e+10  3.81937285e+09  4.52477771e+12  1.09391013e+10
 1.82490000e+03  1.27245113e+17  5.27156095e+15  6.85119866e+10  4.27184765e+09  4.52477771e+12  1.09391013e+10
 1.82500000e+03  1.26654544e+17  5.82328572e+15  6.81940094e+10  4.71894182e+09  4.52477771e+12  1.09391013e+10
 1.82500000e+03  1.26654544e+17  5.82328572e+15  6.81940094e+10  4.71894182e+09  4.52477771e+12  1.09391013e+10
 1.82555000e+03  1.27401359e+17  8.79175500e+15  6.85961135e+10  7.12446243e+09  4.52477771e+12  1.09391013e+10
 1.82610000e+03  1.28129308e+17  1.16665924e+16  6.89880599e+10  9.45410775e+09  4.52477771e+12  1.09391013e+10
 1.82665000e+03  1.28838869e+17  1.44508674e+16  6.93701052e+10  1.17103652e+10  4.52477771e+12  1.09391013e+10
 1.82720000e+03  1.29530505e+17  1.71475455e+16  6.97424995e+10  1.38956379e+10  4.52477771e+12  1.09391013e+10
 1.82775000e+03  1.30204669e+17  1.97594917e+16  7.01054865e+10  1.60122474e+10  4.52477771e+12  1.09391013e+10
 1.82830000e+03  1.30861803e+17  2.22894738e+16  7.04593040e+10  1.80624368e+10  4.52477771e+12  1.09391013e+10
 1.82885000e+03  1.31502337e+17  2.47401661e+16  7.08041836e+10  2.00483731e+10  4.52477771e+12  1.09391013e+10
 1.82940000e+03  1.32126689e+17  2.71141526e+16  7.11403510e+10  2.19721502e+10  4.52477771e+12  1.09391013e+10
 1.82995000e+03  1.32735270e+17  2.94139299e+16  7.14680264e+10  2.38357915e+10  4.52477771e+12  1.09391013e+10
 1.83050000e+03  1.33328478e+17  3.16419106e+16  7.17874242e+10  2.56412518e+10  4.52477771e+12  1.09391013e+10
 1.83105000e+03  1.33906700e+17  3.38004260e+16  7.20987535e+10  2.73904204e+10  4.52477771e+12  1.09391013e+10
 1.83160000e+03  1.34470315e+17  3.58917288e+16  7.24022182e+10  2.90851227e+10  4.52477771e+12  1.09391013e+10
 1.83215000e+03  1.35019693e+17  3.79179961e+16  7.26980170e+10  3.07271232e+10  4.52477771e+12  1.09391013e+10
 1.83270000e+03  1.35555192e+17  3.98813319e+16  7.29863435e+10  3.23181266e+10  4.52477771e+12  1.09391013e+10
 1.83325000e+03  1.36077164e+17  4.17837697e+16  7.32673865e+10  3.38597809e+10  4.52477771e+12  1.09391013e+10
 1.83380000e+03  1.36585950e+17  4.36272747e+16  7.35413299e+10  3.53536785e+10  4.52477771e+12  1.09391013e+10
 1.83435000e+03  1.37081884e+17  4.54137465e+16  7.38083531e+10  3.68013589e+10  4.52477771e+12  1.09391013e+10
 1.83490000e+03  1.37565290e+17  4.71450211e+16  7.40686309e+10  3.82043098e+10  4.52477771e+12  1.09391013e+10
 1.83545000e+03  1.38036484e+17  4.88228732e+16  7.43223337e+10  3.95639694e+10  4.52477771e+12  1.09391013e+10
 1.83600000e+03  1.38495775e+17  5.04490182e+16  7.45696276e+10  4.08817279e+10  4.52477771e+12  1.09391013e+10
 1.83655000e+03  1.38943464e+17  5.20251146e+16  7.48106746e+10  4.21589290e+10  4.52477771e+12  1.09391013e+10
 1.83710000e+03  1.39379843e+17  5.35527655e+16  7.50456323e+10  4.33968720e+10  4.52477771e+12  1.09391013e+10
 1.83765000e+03  1.39805199e+17  5.50335207e+16  7.52746547e+10  4.45968127e+10  4.52477771e+12  1.09391013e+10
 1.83820000e+03  1.40219810e+17  5.64688787e+16  7.54978917e+10  4.57599654e+10  4.52477771e+12  1.09391013e+10
 1.83875000e+03  1.40623947e+17  5.78602880e+16  7.57154893e+10  4.68875041e+10  4.52477771e+12  1.09391013e+10
 1.83930000e+03  1.41017875e+17  5.92091494e+16  7.59275902e+10  4.79805637e+10  4.52477771e+12  1.09391013e+10
 1.83985000e+03  1.41401852e+17  6.05168173e+16  7.61343330e+10  4.90402418e+10  4.52477771e+12  1.09391013e+10
 1.84040000e+03  1.41776129e+17  6.17846011e+16  7.63358533e+10  5.00675996e+10  4.52477771e+12  1.09391013e+10
 1.84095000e+03  1.42140951e+17  6.30137671e+16  7.65322828e+10  5.10636633e+10  4.52477771e+12  1.09391013e+10
 1.84150000e+03  1.42496558e+17  6.42055400e+16  7.67237503e+10  5.20294251e+10  4.52477771e+12  1.09391013e+10
 1.84205000e+03  1.42843181e+17  6.53611040e+16  7.69103811e+10  5.29658447e+10  4.52477771e+12  1.09391013e+10
 1.84260000e+03  1.43181048e+17  6.64816042e+16  7.70922972e+10  5.38738502e+10  4.52477771e+12  1.09391013e+10
 1.84315000e+03  1.43510380e+17  6.75681482e+16  7.72696179e+10  5.47543390e+10  4.52477771e+12  1.09391013e+10
 1.84370000e+03  1.43831393e+17  6.86218074e+16  7.74424593e+10  5.56081794e+10  4.52477771e+12  1.09391013e+10
 1.84425000e+03  1.44144296e+17  6.96436178e+16  7.76109344e+10  5.64362109e+10  4.52477771e+12  1.09391013e+10
 1.84480000e+03  1.44449295e+17  7.06345817e+16  7.77751536e+10  5.72392456e+10  4.52477771e+12  1.09391013e+10
 1.84535000e+03  1.44746590e+17  7.15956683e+16  7.79352244e+10  5.80180691e+10  4.52477771e+12  1.09391013e+10
 1.84590000e+03  1.45036374e+17  7.25278155e+16  7.80912516e+10  5.87734414e+10  4.52477771e+12  1.09391013e+10
 1.84645000e+03  1.45318838e+17  7.34319304e+16  7.82433373e+10  5.95060974e+10  4.52477771e+12  1.09391013e+10
 1.84700000e+03  1.45594166e+17  7.43088905e+16  7.83915811e+10  6.02167484e+10  4.52477771e+12  1.09391013e+10
 1.84700000e+03  1.45594166e+17  7.43088905e+16  7.83915811e+10  6.02167484e+10  4.52477771e+12  1.09391013e+10
 1.84710000e+03  1.44918436e+17  7.44638033e+16  7.80277508e+10  6.03422831e+10  4.52477771e+12  1.09391013e+10
 1.84720000e+03  1.44245842e+17  7.46145100e+16  7.76656091e+10  6.04644094e+10  4.52477771e+12  1.09391013e+10
 1.84730000e+03  1.43576369e+17  7.47610546e+16  7.73051482e+10  6.05831629e+10  4.52477771e+12  1.09391013e+10
 1.84740000e+03  1.42910004e+17  7.49034804e+16  7.69463603e+10  6.06985786e+10  4.52477771e+12  1.09391013e+10
 1.84750000e+03  1.42246731e+17  7.50418305e+16  7.65892376e+10  6.08106917e+10  4.52477771e+12  1.09391013e+10
 1.84760000e+03  1.41586537e+17  7.51761478e+16  7.62337723e+10  6.09195367e+10  4.52477771e+12  1.09391013e+10
 1.84770000e+03  1.40929407e+17  7.53064746e+16  7.58799568e+10  6.10251479e+10  4.52477771e+12  1.09391013e+10
 1.84780000e+03  1.40275327e+17  7.54328529e+16  7.55277835e+10  6.11275595e+10  4.52477771e+12  1.09391013e+10
 1.84790000e+03  1.39624282e+17  7.55553243e+16  7.51772446e+10  6.12268051e+10  4.52477771e+12  1.09391013e+10
 1.84800000e+03  1.38976259e+17  7.56739302e+16  7.48283327e+10  6.13229182e+10  4.52477771e+12  1.09391013e+10
 1.84800000e+03  1.38976259e+17  7.56739302e+16  7.48283327e+10  6.13229182e+10  4.58689664e+12  1.09369135e+10
 1.84810000e+03  1.38331244e+17  7.57887114e+16  7.44810401e+10  6.14159321e+10  4.58689664e+12  1.09369135e+10
 1.84820000e+03  1.37689222e+17  7.58997087e+16  7.41353594e+10  6.15058795e+10  4.58689664e+12  1.09369135e+10
 1.84830000e+03  1.37050180e+17  7.60069622e+16  7.37912831e+10  6.15927932e+10  4.58689664e+12  1.09369135e+10
 1.84840000e+03  1.36414104e+17  7.61105119e+16  7.34488036e+10  6.16767054e+10  4.58689664e+12  1.09369135e+10
 1.84850000e+03  1.35780981e+17  7.62103972e+16  7.31079137e+10  6.17576482e+10  4.58689664e+12  1.09369135e+10
 1.84860000e+03  1.35150795e+17  7.63066575e+16  7.27686060e+10  6.18356534e+10  4.58689664e+12  1.09369135e+10
 1.84870000e+03  1.34523534e+17  7.63993315e+16  7.24308730e+10  6.19107525e+10  4.58689664e+12  1.09369135e+10
 1.84880000e+03  1.33899185e+17  7.64884579e+16  7.20947075e+10  6.19829767e+10  4.58689664e+12  1.09369135e+10
 1.84890000e+03  1.33277733e+17  7.65740749e+16  7.17601022e+10  6.20523571e+10  4.58689664e+12  1.09369135e+10
 1.84900000e+03  1.32659166e+17  7.66562203e+16  7.14270499e+10  6.21189242e+10  4.58689664e+12  1.09369135e+10
 1.84900000e+03  1.32659166e+17  0.00000000e+00  7.14270499e+10  0.00000000e+00  4.58689664e+12  1.09369135e+10
 1.84910000e+03  1.32043470e+17  6.13544453e+14  7.10955433e+10  4.97190198e+08  4.58689664e+12  1.09369135e+10
 1.84920000e+03  1.31430631e+17  1.21996061e+15  7.07655753e+10  9.88603929e+08  4.58689664e+12  1.09369135e+10
 1.84930000e+03  1.30820636e+17  1.81931142e+15  7.04371388e+10  1.47429221e+09  4.58689664e+12  1.09369135e+10
 1.84940000e+03  1.30213472e+17  2.41165933e+15  7.01102266e+10  1.95430563e+09  4.58689664e+12  1.09369135e+10
 1.84950000e+03  1.29609127e+17  2.99706630e+15  6.97848317e+10  2.42869442e+09  4.58689664e+12  1.09369135e+10
 1.84960000e+03  1.29007586e+17  3.57559379e+15  6.94609470e+10  2.89750836e+09  4.58689664e+12  1.09369135e+10
 1.84970000e+03  1.28408837e+17  4.14730276e+15  6.91385655e+10  3.36079688e+09  4.58689664e+12  1.09369135e+10
 1.84980000e+03  1.27812868e+17  4.71225371e+15  6.88176802e+10  3.81860898e+09  4.58689664e+12  1.09369135e+10
 1.84990000e+03  1.27219664e+17  5.27050664e+15  6.84982842e+10  4.27099328e+09  4.58689664e+12  1.09369135e+10
 1.85000000e+03  1.26629213e+17  5.82212106e+15  6.81803706e+10  4.71799803e+09  4.58689664e+12  1.09369135e+10
