# time Anum Bnum Aact Bact Bcum inventory
# 8800 7
# 8800 7
 0.00000000e+00  0.00000000e+00  0.00000000e+00  0.00000000e+00  0.00000000e+00  0.00000000e+00  1.11000000e+10
 7.00000000e-01  5.07875972e+15  8.17956729e+13  2.73453267e+09  6.62837168e+07  0.00000000e+00  1.11000000e+10
 1.40000000e+00  9.99479870e+15  3.18455629e+14  5.38145238e+09  2.58062829e+08  0.00000000e+00  1.11000000e+10
 2.10000000e+00  1.47533304e+16  6.97485787e+14  7.94356620e+09  5.65212667e+08  0.00000000e+00  1.11000000e+10
 2.80000000e+00  1.93594013e+16  1.20715263e+15  1.04235913e+10  9.78224888e+08  0.00000000e+00  1.11000000e+10
 3.50000000e+00  2.38178962e+16  1.83644160e+15  1.28241577e+10  1.48817377e+09  0.00000000e+00  1.11000000e+10
 4.20000000e+00  2.81335433e+16  2.57501768e+15  1.51478112e+10  2.08668425e+09  0.00000000e+00  1.11000000e+10
 4.90000000e+00  3.23109194e+16  3.41318796e+15  1.73970161e+10  2.76590162e+09  0.00000000e+00  1.11000000e+10
 5.60000000e+00  3.63544545e+16  4.34186624e+15  1.95741577e+10  3.51846280e+09  0.00000000e+00  1.11000000e+10
 6.30000000e+00  4.02684370e+16  5.35253938e+15  2.16815448e+10  4.33746911e+09  0.00000000e+00  1.11000000e+10
 7.00000000e+00  4.40570176e+16  6.43723547e+15  2.37214124e+10  5.21646046e+09  0.00000000e+00  1.11000000e+10
 7.00000000e+00  4.40570176e+16  6.43723547e+15  2.37214124e+10  5.21646046e+09  5.53515645e+09  1.10889000e+10
 7.02500000e+00  4.40058091e+16  6.47714144e+15  2.36938405e+10  5.24879855e+09  5.53515645e+09  1.10889000e+10
 7.05000000e+00  4.39546601e+16  6.51691815e+15  2.36663006e+10  5.28103190e+09  5.53515645e+09  1.10889000e+10
 7.07500000e+00  4.39035707e+16  6.55656590e+15  2.36387927e+10  5.31316074e+09  5.53515645e+09  1.10889000e+10
 7.10000000e+00  4.38525405e+16  6.59608498e+15  2.36113168e+10  5.34518531e+09  5.53515645e+09  1.10889000e+10
 7.12500000e+00  4.38015697e+16  6.63547569e+15  2.35838729e+10  5.37710586e+09  5.53515645e+09  1.10889000e+10
 7.15000000e+00  4.37506582e+16  6.67473831e+15  2.35564608e+10  5.40892261e+09  5.53515645e+09  1.10889000e+10
 7.17500000e+00  4.36998058e+16  6.71387315e+15  2.35290806e+10  5.44063581e+09  5.53515645e+09  1.10889000e+10
 7.20000000e+00  4.36490125e+16  6.75288049e+15  2.35017322e+10  5.47224569e+09  5.53515645e+09  1.10889000e+10
 7.22500000e+00  4.35982783e+16  6.79176063e+15  2.34744156e+10  5.50375249e+09  5.53515645e+09  1.10889000e+10
 7.25000000e+00  4.35476030e+16  6.83051385e+15  2.34471308e+10  5.53515645e+09  5.53515645e+09  1.10889000e+10
 7.25000000e+00  4.35476030e+16  0.00000000e+00  2.34471308e+10  0.00000000e+00  1.18864501e+10  1.10778111e+10
 7.77500000e+00  4.24969238e+16  1.03152621e+15  2.28814185e+10  8.35904748e+08  1.18864501e+10  1.10778111e+10
 8.30000000e+00  4.14715944e+16  2.00093641e+15  2.23293552e+10  1.62147333e+09  1.18864501e+10  1.10778111e+10
 8.82500000e+00  4.04710033e+16  2.91107285e+15  2.17906116e+10  2.35900900e+09  1.18864501e+10  1.10778111e+10
 9.35000000e+00  3.94945536e+16  3.76466075e+15  2.12648664e+10  3.05072015e+09  1.18864501e+10  1.10778111e+10
 9.87500000e+00  3.85416628e+16  4.56431281e+15  2.07518059e+10  3.69872399e+09  1.18864501e+10  1.10778111e+10
 1.04000000e+01  3.76117626e+16  5.31253363e+15  2.02511241e+10  4.30505016e+09  1.18864501e+10  1.10778111e+10
 1.09250000e+01  3.67042982e+16  6.01172399e+15  1.97625224e+10  4.87164414e+09  1.18864501e+10  1.10778111e+10
 1.14500000e+01  3.58187283e+16  6.66418486e+15  1.92857091e+10  5.40037054e+09  1.18864501e+10  1.10778111e+10
 1.19750000e+01  3.49545247e+16  7.27212135e+15  1.88204001e+10  5.89301629e+09  1.18864501e+10  1.10778111e+10
 1.25000000e+01  3.41111719e+16  7.83764648e+15  1.83663176e+10  6.35129367e+09  1.18864501e+10  1.10778111e+10
 1.25000000e+01  3.41111719e+16  0.00000000e+00  1.83663176e+10  0.00000000e+00  1.18864501e+10  1.10778111e+10
 1.25500000e+01  3.40319216e+16  7.91116788e+13  1.83236472e+10  6.41087228e+07  1.18864501e+10  1.10778111e+10
 1.26000000e+01  3.39528554e+16  1.57763092e+14  1.82810760e+10  1.27844466e+08  1.18864501e+10  1.10778111e+10
 1.26500000e+01  3.38739729e+16  2.35956276e+14  1.82386037e+10  1.91208880e+08  1.18864501e+10  1.10778111e+10
 1.27000000e+01  3.37952737e+16  3.13693258e+14  1.81962300e+10  2.54203607e+08  1.18864501e+10  1.10778111e+10
 1.27500000e+01  3.37167574e+16  3.90976056e+14  1.81539548e+10  3.16830283e+08  1.18864501e+10  1.10778111e+10
 1.28000000e+01  3.36384234e+16  4.67806683e+14  1.81117779e+10  3.79090539e+08  1.18864501e+10  1.10778111e+10
 1.28500000e+01  3.35602715e+16  5.44187141e+14  1.80696989e+10  4.40985997e+08  1.18864501e+10  1.10778111e+10
 1.29000000e+01  3.34823011e+16  6.20119426e+14  1.80277176e+10  5.02518275e+08  1.18864501e+10  1.10778111e+10
 1.29500000e+01  3.34045118e+16  6.95605525e+14  1.79858340e+10  5.63688983e+08  1.18864501e+10  1.10778111e+10
 1.30000000e+01  3.33269033e+16  7.70647417e+14  1.79440476e+10  6.24499725e+08  1.18864501e+10  1.10778111e+10
 1.30000000e+01  3.33269033e+16  7.70647417e+14  1.79440476e+10  6.24499725e+08  1.18864501e+10  1.10778111e+10
 1.37000000e+01  3.73277345e+16  1.85731422e+15  2.00981962e+10  1.50508805e+09  1.18864501e+10  1.10778111e+10
 1.44000000e+01  4.12003811e+16  3.01708444e+15  2.21833271e+10  2.44491626e+09  1.18864501e+10  1.10778111e+10
 1.51000000e+01  4.49489503e+16  4.24245421e+15  2.42016516e+10  3.43790354e+09  1.18864501e+10  1.10778111e+10
 1.58000000e+01  4.85774173e+16  5.52640697e+15  2.61553099e+10  4.47836398e+09  1.18864501e+10  1.10778111e+10
 1.65000000e+01  5.20896301e+16  6.86238603e+15  2.80463742e+10  5.56098430e+09  1.18864501e+10  1.10778111e+10
 1.72000000e+01  5.54893135e+16  8.24426861e+15  2.98768497e+10  6.68080287e+09  1.18864501e+10  1.10778111e+10
 1.79000000e+01  5.87800729e+16  9.66634120e+15  3.16486778e+10  7.83318971e+09  1.18864501e+10  1.10778111e+10
 1.86000000e+01  6.19653982e+16  1.11232763e+16  3.33637374e+10  9.01382763e+09  1.18864501e+10  1.10778111e+10
 1.93000000e+01  6.50486673e+16  1.26101103e+16  3.50238475e+10  1.02186943e+10  1.18864501e+10  1.10778111e+10
 2.00000000e+01  6.80331501e+16  1.41222226e+16  3.66307685e+10  1.14440455e+10  1.18864501e+10  1.10778111e+10
 2.00000000e+01  6.80331501e+16  1.41222226e+16  3.66307685e+10  1.14440455e+10  2.37638285e+10  1.10667333e+10
 2.00250000e+01  6.79540736e+16  1.41765323e+16  3.65881918e+10  1.14880558e+10  2.37638285e+10  1.10667333e+10
 2.00500000e+01  6.78750891e+16  1.42306553e+16  3.65456645e+10  1.15319148e+10  2.37638285e+10  1.10667333e+10
 2.00750000e+01  6.77961963e+16  1.42845919e+16  3.65031866e+10  1.15756227e+10  2.37638285e+10  1.10667333e+10
 2.01000000e+01  6.77173953e+16  1.43383425e+16  3.64607581e+10  1.16191799e+10  2.37638285e+10  1.10667333e+10
 2.01250000e+01  6.76386858e+16  1.43919077e+16  3.64183790e+10  1.16625868e+10  2.37638285e+10  1.10667333e+10
 2.01500000e+01  6.75600678e+16  1.44452877e+16  3.63760491e+10  1.17058437e+10  2.37638285e+10  1.10667333e+10
 2.01750000e+01  6.74815412e+16  1.44984831e+16  3.63337684e+10  1.17489509e+10  2.37638285e+10  1.10667333e+10
 2.02000000e+01  6.74031059e+16  1.45514942e+16  3.62915368e+10  1.17919089e+10  2.37638285e+10  1.10667333e+10
 2.02250000e+01  6.73247618e+16  1.46043216e+16  3.62493543e+10  1.18347180e+10  2.37638285e+10  1.10667333e+10
 2.02500000e+01  6.72465087e+16  1.46569656e+16  3.62072209e+10  1.18773784e+10  2.37638285e+10  1.10667333e+10
 2.02500000e+01  6.72465087e+16  0.00000000e+00  3.62072209e+10  0.00000000e+00  3.35715400e+10  1.10556666e+10
 2.07750000e+01  6.56240425e+16  1.59288988e+15  3.53336441e+10  1.29080987e+09  3.35715400e+10  1.10556666e+10
 2.13000000e+01  6.40407218e+16  3.08985979e+15  3.44811442e+10  2.50389029e+09  3.35715400e+10  1.10556666e+10
 2.18250000e+01  6.24956021e+16  4.49529876e+15  3.36492127e+10  3.64279796e+09  3.35715400e+10  1.10556666e+10
 2.23500000e+01  6.09877618e+16  5.81341507e+15  3.28373533e+10  4.71094307e+09  3.35715400e+10  1.10556666e+10
 2.28750000e+01  5.95163013e+16  7.04824328e+15  3.20450817e+10  5.71159507e+09  3.35715400e+10  1.10556666e+10
 2.34000000e+01  5.80803429e+16  8.20365104e+15  3.12719254e+10  6.64788813e+09  3.35715400e+10  1.10556666e+10
 2.39250000e+01  5.66790302e+16  9.28334561e+15  3.05174232e+10  7.52282646e+09  3.35715400e+10  1.10556666e+10
 2.44500000e+01  5.53115271e+16  1.02908802e+16  2.97811250e+10  8.33928941e+09  3.35715400e+10  1.10556666e+10
 2.49750000e+01  5.39770179e+16  1.12296599e+16  2.90625915e+10  9.10003636e+09  3.35715400e+10  1.10556666e+10
 2.55000000e+01  5.26747066e+16  1.21029477e+16  2.83613942e+10  9.80771146e+09  3.35715400e+10  1.10556666e+10
 2.55000000e+01  5.26747066e+16  0.00000000e+00  2.83613942e+10  0.00000000e+00  3.35715400e+10  1.10556666e+10
 2.55500000e+01  5.25523278e+16  1.22164800e+14  2.82955023e+10  9.89971315e+07  3.35715400e+10  1.10556666e+10
 2.56000000e+01  5.24302333e+16  2.43618854e+14  2.82297635e+10  1.97418306e+08  3.35715400e+10  1.10556666e+10
 2.56500000e+01  5.23084224e+16  3.64365308e+14  2.81641775e+10  2.95266070e+08  3.35715400e+10  1.10556666e+10
 2.57000000e+01  5.21868946e+16  4.84407291e+14  2.80987438e+10  3.92542962e+08  3.35715400e+10  1.10556666e+10
 2.57500000e+01  5.20656491e+16  6.03747921e+14  2.80334622e+10  4.89251507e+08  3.35715400e+10  1.10556666e+10
 2.58000000e+01  5.19446852e+16  7.22390304e+14  2.79683322e+10  5.85394223e+08  3.35715400e+10  1.10556666e+10
 2.58500000e+01  5.18240024e+16  8.40337534e+14  2.79033535e+10  6.80973616e+08  3.35715400e+10  1.10556666e+10
 2.59000000e+01  5.17036000e+16  9.57592691e+14  2.78385258e+10  7.75992183e+08  3.35715400e+10  1.10556666e+10
 2.59500000e+01  5.15834774e+16  1.07415885e+15  2.77738487e+10  8.70452412e+08  3.35715400e+10  1.10556666e+10
 2.60000000e+01  5.14636338e+16  1.19003905e+15  2.77093219e+10  9.64356778e+08  3.35715400e+10  1.10556666e+10
 2.60000000e+01  5.14636338e+16  1.19003905e+15  2.77093219e+10  9.64356778e+08  3.35715400e+10  1.10556666e+10
 2.67000000e+01  5.48732416e+16  2.82348945e+15  2.95451410e+10  2.28803516e+09  3.35715400e+10  1.10556666e+10
 2.74000000e+01  5.81736075e+16  4.48540795e+15  3.13221415e+10  3.63478287e+09  3.35715400e+10  1.10556666e+10
 2.81000000e+01  6.13682314e+16  6.17101774e+15  3.30422078e+10  5.00072899e+09  3.35715400e+10  1.10556666e+10
 2.88000000e+01  6.44605013e+16  7.87587990e+15  3.47071641e+10  6.38227640e+09  3.35715400e+10  1.10556666e+10
 2.95000000e+01  6.74536965e+16  9.59587373e+15  3.63187760e+10  7.77608588e+09  3.35715400e+10  1.10556666e+10
 3.02000000e+01  7.03509913e+16  1.13271781e+16  3.78787529e+10  9.17906097e+09  3.35715400e+10  1.10556666e+10
 3.09000000e+01  7.31554584e+16  1.30662541e+16  3.93887488e+10  1.05883338e+10  3.35715400e+10  1.10556666e+10
 3.16000000e+01  7.58700718e+16  1.48098277e+16  4.08503654e+10  1.20012513e+10  3.35715400e+10  1.10556666e+10
 3.23000000e+01  7.84977105e+16  1.65548749e+16  4.22651525e+10  1.34153630e+10  3.35715400e+10  1.10556666e+10
 3.30000000e+01  8.10411610e+16  1.82986061e+16  4.36346106e+10  1.48284082e+10  3.35715400e+10  1.10556666e+10
 3.30000000e+01  8.10411610e+16  1.82986061e+16  4.36346106e+10  1.48284082e+10  4.88953782e+10  1.10446109e+10
 3.30250000e+01  8.09469650e+16  1.83607183e+16  4.35838931e+10  1.48787413e+10  4.88953782e+10  1.10446109e+10
 3.30500000e+01  8.08528785e+16  1.84226125e+16  4.35332345e+10  1.49288977e+10  4.88953782e+10  1.10446109e+10
 3.30750000e+01  8.07589014e+16  1.84842892e+16  4.34826349e+10  1.49788778e+10  4.88953782e+10  1.10446109e+10
 3.31000000e+01  8.06650335e+16  1.85457489e+16  4.34320940e+10  1.50286821e+10  4.88953782e+10  1.10446109e+10
 3.31250000e+01  8.05712747e+16  1.86069921e+16  4.33816119e+10  1.50783110e+10  4.88953782e+10  1.10446109e+10
 3.31500000e+01  8.04776249e+16  1.86680193e+16  4.33311885e+10  1.51277649e+10  4.88953782e+10  1.10446109e+10
 3.31750000e+01  8.03840840e+16  1.87288311e+16  4.32808237e+10  1.51770441e+10  4.88953782e+10  1.10446109e+10
 3.32000000e+01  8.02906517e+16  1.87894278e+16  4.32305174e+10  1.52261491e+10  4.88953782e+10  1.10446109e+10
 3.32250000e+01  8.01973281e+16  1.88498101e+16  4.31802696e+10  1.52750803e+10  4.88953782e+10  1.10446109e+10
 3.32500000e+01  8.01041129e+16  1.89099784e+16  4.31300802e+10  1.53238382e+10  4.88953782e+10  1.10446109e+10
 3.32500000e+01  8.01041129e+16  0.00000000e+00  4.31300802e+10  0.00000000e+00  6.05783345e+10  1.10335663e+10
 3.37750000e+01  7.81714295e+16  1.89745213e+15  4.20894745e+10  1.53761410e+09  6.05783345e+10  1.10335663e+10
 3.43000000e+01  7.62853762e+16  3.68064428e+15  4.10739757e+10  2.98263679e+09  6.05783345e+10  1.10335663e+10
 3.48250000e+01  7.44448279e+16  5.35480468e+15  4.00829780e+10  4.33930482e+09  6.05783345e+10  1.10335663e+10
 3.53500000e+01  7.26486869e+16  6.92494624e+15  3.91158903e+10  5.61168042e+09  6.05783345e+10  1.10335663e+10
 3.58750000e+01  7.08958816e+16  8.39587492e+15  3.81721356e+10  6.80365815e+09  6.05783345e+10  1.10335663e+10
 3.64000000e+01  6.91853665e+16  9.77219788e+15  3.72511510e+10  7.91897143e+09  6.05783345e+10  1.10335663e+10
 3.69250000e+01  6.75161212e+16  1.10583312e+16  3.63523871e+10  8.96119891e+09  6.05783345e+10  1.10335663e+10
 3.74500000e+01  6.58871501e+16  1.22585075e+16  3.54753078e+10  9.93377044e+09  6.05783345e+10  1.10335663e+10
 3.79750000e+01  6.42974813e+16  1.33767829e+16  3.46193900e+10  1.08399730e+10  6.05783345e+10  1.10335663e+10
 3.85000000e+01  6.27461668e+16  1.44170442e+16  3.37841230e+10  1.16829564e+10  6.05783345e+10  1.10335663e+10
 3.85000000e+01  6.27461668e+16  0.00000000e+00  3.37841230e+10  0.00000000e+00  6.05783345e+10  1.10335663e+10
 3.85500000e+01  6.26003890e+16  1.45522840e+14  3.37056325e+10  1.17925489e+08  6.05783345e+10  1.10335663e+10
 3.86000000e+01  6.24549498e+16  2.90199039e+14  3.36273244e+10  2.35164897e+08  6.05783345e+10  1.10335663e+10
 3.86500000e+01  6.23098486e+16  4.34032344e+14  3.35491983e+10  3.51721258e+08  6.05783345e+10  1.10335663e+10
 3.87000000e+01  6.21650845e+16  5.77026481e+14  3.34712536e+10  4.67597595e+08  6.05783345e+10  1.10335663e+10
 3.87500000e+01  6.20206567e+16  7.19185167e+14  3.33934900e+10  5.82796917e+08  6.05783345e+10  1.10335663e+10
 3.88000000e+01  6.18765645e+16  8.60512101e+14  3.33159071e+10  6.97322223e+08  6.05783345e+10  1.10335663e+10
 3.88500000e+01  6.17328070e+16  1.00101097e+15  3.32385045e+10  8.11176498e+08  6.05783345e+10  1.10335663e+10
 3.89000000e+01  6.15893835e+16  1.14068544e+15  3.31612817e+10  9.24362717e+08  6.05783345e+10  1.10335663e+10
 3.89500000e+01  6.14462933e+16  1.27953916e+15  3.30842382e+10  1.03688384e+09  6.05783345e+10  1.10335663e+10
 3.90000000e+01  6.13035355e+16  1.41757579e+15  3.30073738e+10  1.14874282e+09  6.05783345e+10  1.10335663e+10
 3.90000000e+01  6.13035355e+16  1.41757579e+15  3.30073738e+10  1.14874282e+09  6.05783345e+10  1.10335663e+10
 3.97000000e+01  6.43877663e+16  3.34760384e+15  3.46680017e+10  2.71275505e+09  6.05783345e+10  1.10335663e+10
 4.04000000e+01  6.73731800e+16  5.28174282e+15  3.62754239e+10  4.28009861e+09  6.05783345e+10  1.10335663e+10
 4.11000000e+01  7.02629426e+16  7.21670682e+15  3.78313452e+10  5.84811072e+09  6.05783345e+10  1.10335663e+10
 4.18000000e+01  7.30601188e+16  9.14946606e+15  3.93374156e+10  7.41433619e+09  6.05783345e+10  1.10335663e+10
 4.25000000e+01  7.57676750e+16  1.10772315e+16  4.07952323e+10  8.97651486e+09  6.05783345e+10  1.10335663e+10
 4.32000000e+01  7.83884825e+16  1.29974401e+16  4.22063414e+10  1.05325699e+10  6.05783345e+10  1.10335663e+10
 4.39000000e+01  8.09253207e+16  1.49077414e+16  4.35722392e+10  1.20805964e+10  6.05783345e+10  1.10335663e+10
 4.46000000e+01  8.33808801e+16  1.68059841e+16  4.48943745e+10  1.36188511e+10  6.05783345e+10  1.10335663e+10
 4.53000000e+01  8.57577646e+16  1.86902039e+16  4.61741492e+10  1.51457423e+10  6.05783345e+10  1.10335663e+10
 4.60000000e+01  8.80584950e+16  2.05586120e+16  4.74129206e+10  1.66598204e+10  6.05783345e+10  1.10335663e+10
 4.60000000e+01  8.80584950e+16  2.05586120e+16  4.74129206e+10  1.66598204e+10  7.77669855e+10  1.10225327e+10
 4.60250000e+01  8.79561426e+16  2.06249211e+16  4.73578115e+10  1.67135544e+10  7.77669855e+10  1.10225327e+10
 4.60500000e+01  8.78539092e+16  2.06909954e+16  4.73027665e+10  1.67670982e+10  7.77669855e+10  1.10225327e+10
 4.60750000e+01  8.77517946e+16  2.07568354e+16  4.72477854e+10  1.68204521e+10  7.77669855e+10  1.10225327e+10
 4.61000000e+01  8.76497987e+16  2.08224416e+16  4.71928682e+10  1.68736166e+10  7.77669855e+10  1.10225327e+10
 4.61250000e+01  8.75479213e+16  2.08878147e+16  4.71380149e+10  1.69265922e+10  7.77669855e+10  1.10225327e+10
 4.61500000e+01  8.74461624e+16  2.09529552e+16  4.70832253e+10  1.69793792e+10  7.77669855e+10  1.10225327e+10
 4.61750000e+01  8.73445218e+16  2.10178635e+16  4.70284994e+10  1.70319782e+10  7.77669855e+10  1.10225327e+10
 4.62000000e+01  8.72429993e+16  2.10825403e+16  4.69738371e+10  1.70843895e+10  7.77669855e+10  1.10225327e+10
 4.62250000e+01  8.71415947e+16  2.11469861e+16  4.69192384e+10  1.71366136e+10  7.77669855e+10  1.10225327e+10
 4.62500000e+01  8.70403081e+16  2.12112014e+16  4.68647031e+10  1.71886509e+10  7.77669855e+10  1.10225327e+10
 4.62500000e+01  8.70403081e+16  0.00000000e+00  4.68647031e+10  0.00000000e+00  9.04615661e+10  1.10115102e+10
 4.67750000e+01  8.49402741e+16  2.06175204e+15  4.57339917e+10  1.67075572e+09  9.04615661e+10  1.10115102e+10
 4.73000000e+01  8.28909079e+16  3.99935035e+15  4.46305611e+10  3.24090257e+09  9.04615661e+10  1.10115102e+10
 4.78250000e+01  8.08909871e+16  5.81847589e+15  4.35537531e+10  4.71504414e+09  9.04615661e+10  1.10115102e+10
 4.83500000e+01  7.89393186e+16  7.52457561e+15  4.25029255e+10  6.09759443e+09  9.04615661e+10  1.10115102e+10
 4.88750000e+01  7.70347383e+16  9.12287164e+15  4.14774513e+10  7.39278521e+09  9.04615661e+10  1.10115102e+10
 4.94000000e+01  7.51761101e+16  1.06183701e+16  4.04767189e+10  8.60467320e+09  9.04615661e+10  1.10115102e+10
 4.99250000e+01  7.33623253e+16  1.20158693e+16  3.95001312e+10  9.73714689e+09  9.04615661e+10  1.10115102e+10
 5.04500000e+01  7.15923020e+16  1.33199686e+16  3.85471059e+10  1.07939331e+10  9.04615661e+10  1.10115102e+10
 5.09750000e+01  6.98649842e+16  1.45350752e+16  3.76170744e+10  1.17786036e+10  9.04615661e+10  1.10115102e+10
 5.15000000e+01  6.81793417e+16  1.56654125e+16  3.67094818e+10  1.26945806e+10  9.04615661e+10  1.10115102e+10
 5.15000000e+01  6.81793417e+16  0.00000000e+00  3.67094818e+10  0.00000000e+00  9.04615661e+10  1.10115102e+10
 5.15500000e+01  6.80209410e+16  1.58123626e+14  3.66241949e+10  1.28136627e+08  9.04615661e+10  1.10115102e+10
 5.16000000e+01  6.78629084e+16  3.15327302e+14  3.65391061e+10  2.55527767e+08  9.04615661e+10  1.10115102e+10
 5.16500000e+01  6.77052429e+16  4.71615096e+14  3.64542150e+10  3.82176714e+08  9.04615661e+10  1.10115102e+10
 5.17000000e+01  6.75479437e+16  6.26991061e+14  3.63695211e+10  5.08086754e+08  9.04615661e+10  1.10115102e+10
 5.17500000e+01  6.73910099e+16  7.81459232e+14  3.62850240e+10  6.33261157e+08  9.04615661e+10  1.10115102e+10
 5.18000000e+01  6.72344408e+16  9.35023629e+14  3.62007232e+10  7.57703180e+08  9.04615661e+10  1.10115102e+10
 5.18500000e+01  6.70782354e+16  1.08768826e+15  3.61166183e+10  8.81416069e+08  9.04615661e+10  1.10115102e+10
 5.19000000e+01  6.69223929e+16  1.23945710e+15  3.60327088e+10  1.00440305e+09  9.04615661e+10  1.10115102e+10
 5.19500000e+01  6.67669125e+16  1.39033414e+15  3.59489942e+10  1.12666736e+09  9.04615661e+10  1.10115102e+10
 5.20000000e+01  6.66117933e+16  1.54032332e+15  3.58654741e+10  1.24821218e+09  9.04615661e+10  1.10115102e+10
 5.20000000e+01  6.66117933e+16  1.54032332e+15  3.58654741e+10  1.24821218e+09  9.04615661e+10  1.10115102e+10
 5.27000000e+01  6.95158587e+16  3.63026921e+15  3.74290964e+10  2.94181499e+09  9.04615661e+10  1.10115102e+10
 5.34000000e+01  7.23268794e+16  5.71104488e+15  3.89426210e+10  4.62798664e+09  9.04615661e+10  1.10115102e+10
 5.41000000e+01  7.50478365e+16  7.78018009e+15  4.04076531e+10  6.30472537e+09  9.04615661e+10  1.10115102e+10
 5.48000000e+01  7.76816156e+16  9.83541594e+15  4.18257464e+10  7.97020065e+09  9.04615661e+10  1.10115102e+10
 5.55000000e+01  8.02310098e+16  1.18746918e+16  4.31984047e+10  9.62274263e+09  9.04615661e+10  1.10115102e+10
 5.62000000e+01  8.26987228e+16  1.38961329e+16  4.45270837e+10  1.12608321e+10  9.04615661e+10  1.10115102e+10
 5.69000000e+01  8.50873716e+16  1.58980386e+16  4.58131927e+10  1.28830909e+10  9.04615661e+10  1.10115102e+10
 5.76000000e+01  8.73994893e+16  1.78788716e+16  4.70580953e+10  1.44882733e+10  9.04615661e+10  1.10115102e+10
 5.83000000e+01  8.96375281e+16  1.98372472e+16  4.82631120e+10  1.60752572e+10  9.04615661e+10  1.10115102e+10
 5.90000000e+01  9.18038612e+16  2.17719235e+16  4.94295206e+10  1.76430361e+10  9.04615661e+10  1.10115102e+10
 5.90000000e+01  9.18038612e+16  2.17719235e+16  4.94295206e+10  1.76430361e+10  1.08651160e+11  1.10004987e+10
 5.90250000e+01  9.16971555e+16  2.18404602e+16  4.93720675e+10  1.76985754e+10  1.08651160e+11  1.10004987e+10
 5.90500000e+01  9.15905738e+16  2.19087532e+16  4.93146812e+10  1.77539171e+10  1.08651160e+11  1.10004987e+10
 5.90750000e+01  9.14841161e+16  2.19768029e+16  4.92573617e+10  1.78090617e+10  1.08651160e+11  1.10004987e+10
 5.91000000e+01  9.13777820e+16  2.20446100e+16  4.92001087e+10  1.78640096e+10  1.08651160e+11  1.10004987e+10
 5.91250000e+01  9.12715715e+16  2.21121751e+16  4.91429223e+10  1.79187615e+10  1.08651160e+11  1.10004987e+10
 5.91500000e+01  9.11654845e+16  2.21794986e+16  4.90858024e+10  1.79733176e+10  1.08651160e+11  1.10004987e+10
 5.91750000e+01  9.10595208e+16  2.22465812e+16  4.90287489e+10  1.80276784e+10  1.08651160e+11  1.10004987e+10
 5.92000000e+01  9.09536803e+16  2.23134234e+16  4.89717616e+10  1.80818445e+10  1.08651160e+11  1.10004987e+10
 5.92250000e+01  9.08479628e+16  2.23800258e+16  4.89148406e+10  1.81358163e+10  1.08651160e+11  1.10004987e+10
 5.92500000e+01  9.07423681e+16  2.24463890e+16  4.88579858e+10  1.81895941e+10  1.08651160e+11  1.10004987e+10
 5.92500000e+01  9.07423681e+16  0.00000000e+00  4.88579858e+10  0.00000000e+00  1.21885676e+11  1.09894982e+10
 5.97750000e+01  8.85530140e+16  2.14944393e+15  4.76791822e+10  1.74181748e+09  1.21885676e+11  1.09894982e+10
 6.03000000e+01  8.64164827e+16  4.16945355e+15  4.65288197e+10  3.37874693e+09  1.21885676e+11  1.09894982e+10
 6.08250000e+01  8.43314998e+16  6.06595142e+15  4.54062122e+10  4.91558774e+09  1.21885676e+11  1.09894982e+10
 6.13500000e+01  8.22968216e+16  7.84461619e+15  4.43106900e+10  6.35694163e+09  1.21885676e+11  1.09894982e+10
 6.18750000e+01  8.03112344e+16  9.51089208e+15  4.32415996e+10  7.70722039e+09  1.21885676e+11  1.09894982e+10
 6.24000000e+01  7.83735537e+16  1.10699981e+16  4.21983033e+10  8.97065325e+09  1.21885676e+11  1.09894982e+10
 6.29250000e+01  7.64826237e+16  1.25269368e+16  4.11801788e+10  1.01512941e+10  1.21885676e+11  1.09894982e+10
 6.34500000e+01  7.46373165e+16  1.38865029e+16  4.01866187e+10  1.12530284e+10  1.21885676e+11  1.09894982e+10
 6.39750000e+01  7.28365312e+16  1.51532913e+16  3.92170304e+10  1.22795795e+10  1.21885676e+11  1.09894982e+10
 6.45000000e+01  7.10791938e+16  1.63317049e+16  3.82708355e+10  1.32345155e+10  1.21885676e+11  1.09894982e+10
 6.45000000e+01  7.10791938e+16  0.00000000e+00  3.82708355e+10  0.00000000e+00  1.21885676e+11  1.09894982e+10
 6.45500000e+01  7.09140559e+16  1.64849052e+14  3.81819211e+10  1.33586625e+08  1.21885676e+11  1.09894982e+10
 6.46000000e+01  7.07493017e+16  3.28739026e+14  3.80932132e+10  2.66396054e+08  1.21885676e+11  1.09894982e+10
 6.46500000e+01  7.05849302e+16  4.91674163e+14  3.80047115e+10  3.98431725e+08  1.21885676e+11  1.09894982e+10
 6.47000000e+01  7.04209407e+16  6.53658689e+14  3.79164154e+10  5.29697060e+08  1.21885676e+11  1.09894982e+10
 6.47500000e+01  7.02573321e+16  8.14696809e+14  3.78283244e+10  6.60195469e+08  1.21885676e+11  1.09894982e+10
 6.48000000e+01  7.00941036e+16  9.74792717e+14  3.77404380e+10  7.89930349e+08  1.21885676e+11  1.09894982e+10
 6.48500000e+01  6.99312544e+16  1.13395058e+15  3.76527559e+10  9.18905081e+08  1.21885676e+11  1.09894982e+10
 6.49000000e+01  6.97687835e+16  1.29217457e+15  3.75652775e+10  1.04712304e+09  1.21885676e+11  1.09894982e+10
 6.49500000e+01  6.96066901e+16  1.44946882e+15  3.74780023e+10  1.17458757e+09  1.21885676e+11  1.09894982e+10
 6.50000000e+01  6.94449733e+16  1.60583745e+15  3.73909299e+10  1.30130202e+09  1.21885676e+11  1.09894982e+10
 6.50000000e+01  6.94449733e+16  1.60583745e+15  3.73909299e+10  1.30130202e+09  1.21885676e+11  1.09894982e+10
 6.57000000e+01  7.22481936e+16  3.78106093e+15  3.89002546e+10  3.06401015e+09  1.21885676e+11  1.09894982e+10
 6.64000000e+01  7.49616003e+16  5.93988277e+15  4.03612213e+10  4.81342709e+09  1.21885676e+11  1.09894982e+10
 6.71000000e+01  7.75880708e+16  8.08027960e+15  4.17753795e+10  6.54791318e+09  1.21885676e+11  1.09894982e+10
 6.78000000e+01  8.01303906e+16  1.02004148e+16  4.31442288e+10  8.26598012e+09  1.21885676e+11  1.09894982e+10
 6.85000000e+01  8.25912559e+16  1.22986267e+16  4.44692209e+10  9.96628133e+09  1.21885676e+11  1.09894982e+10
 6.92000000e+01  8.49732763e+16  1.43734173e+16  4.57517609e+10  1.16476029e+10  1.21885676e+11  1.09894982e+10
 6.99000000e+01  8.72789781e+16  1.64234419e+16  4.69932091e+10  1.33088553e+10  1.21885676e+11  1.09894982e+10
 7.06000000e+01  8.95108065e+16  1.84474992e+16  4.81948819e+10  1.49490648e+10  1.21885676e+11  1.09894982e+10
 7.13000000e+01  9.16711283e+16  2.04445215e+16  4.93580538e+10  1.65673663e+10  1.21885676e+11  1.09894982e+10
 7.20000000e+01  9.37622345e+16  2.24135666e+16  5.04839582e+10  1.81629962e+10  1.21885676e+11  1.09894982e+10
 7.20000000e+01  9.37622345e+16  2.24135666e+16  5.04839582e+10  1.81629962e+10  1.40604398e+11  1.09785087e+10
 7.20250000e+01  9.36532525e+16  2.24832554e+16  5.04252796e+10  1.82194691e+10  1.40604398e+11  1.09785087e+10
 7.20500000e+01  9.35443972e+16  2.25526958e+16  5.03666691e+10  1.82757407e+10  1.40604398e+11  1.09785087e+10
 7.20750000e+01  9.34356684e+16  2.26218884e+16  5.03081268e+10  1.83318114e+10  1.40604398e+11  1.09785087e+10
 7.21000000e+01  9.33270661e+16  2.26908337e+16  5.02496525e+10  1.83876817e+10  1.40604398e+11  1.09785087e+10
 7.21250000e+01  9.32185899e+16  2.27595323e+16  5.01912462e+10  1.84433521e+10  1.40604398e+11  1.09785087e+10
 7.21500000e+01  9.31102398e+16  2.28279848e+16  5.01329078e+10  1.84988231e+10  1.40604398e+11  1.09785087e+10
 7.21750000e+01  9.30020157e+16  2.28961918e+16  5.00746372e+10  1.85540951e+10  1.40604398e+11  1.09785087e+10
 7.22000000e+01  9.28939173e+16  2.29641538e+16  5.00164343e+10  1.86091686e+10  1.40604398e+11  1.09785087e+10
 7.22250000e+01  9.27859446e+16  2.30318713e+16  4.99582991e+10  1.86640440e+10  1.40604398e+11  1.09785087e+10
 7.22500000e+01  9.26780974e+16  2.30993451e+16  4.99002314e+10  1.87187219e+10  1.40604398e+11  1.09785087e+10
 7.22500000e+01  9.26780974e+16  0.00000000e+00  4.99002314e+10  0.00000000e+00  1.54121234e+11  1.09675302e+10
 7.27750000e+01  9.04420397e+16  2.19529618e+15  4.86962814e+10  1.77897419e+09  1.54121234e+11  1.09675302e+10
 7.33000000e+01  8.82599316e+16  4.25839694e+15  4.75213792e+10  3.45082285e+09  1.54121234e+11  1.09675302e+10
 7.38250000e+01  8.61304716e+16  6.19535118e+15  4.63748241e+10  5.02044776e+09  1.54121234e+11  1.09675302e+10
 7.43500000e+01  8.40523893e+16  8.01195868e+15  4.52559320e+10  6.49254883e+09  1.54121234e+11  1.09675302e+10
 7.48750000e+01  8.20244452e+16  9.71377980e+15  4.41640357e+10  7.87163193e+09  1.54121234e+11  1.09675302e+10
 7.54000000e+01  8.00454297e+16  1.13061449e+16  4.30984836e+10  9.16201653e+09  1.54121234e+11  1.09675302e+10
 7.59250000e+01  7.81141621e+16  1.27941632e+16  4.20586403e+10  1.03678430e+10  1.54121234e+11  1.09675302e+10
 7.64500000e+01  7.62294905e+16  1.41827318e+16  4.10438855e+10  1.14930796e+10  1.54121234e+11  1.09675302e+10
 7.69750000e+01  7.43902906e+16  1.54765435e+16  4.00536138e+10  1.25415293e+10  1.54121234e+11  1.09675302e+10
 7.75000000e+01  7.25954654e+16  1.66800952e+16  3.90872345e+10  1.35168361e+10  1.54121234e+11  1.09675302e+10
 7.75000000e+01  7.25954654e+16  0.00000000e+00  3.90872345e+10  0.00000000e+00  1.54121234e+11  1.09675302e+10
 7.75500000e+01  7.24268048e+16  1.68365636e+14  3.89964233e+10  1.36436314e+08  1.54121234e+11  1.09675302e+10
 7.76000000e+01  7.22585360e+16  3.35751735e+14  3.89058232e+10  2.72078854e+08  1.54121234e+11  1.09675302e+10
 7.76500000e+01  7.20906582e+16  5.02162628e+14  3.88154335e+10  4.06931128e+08  1.54121234e+11  1.09675302e+10
 7.77000000e+01  7.19231703e+16  6.67602630e+14  3.87252538e+10  5.40996634e+08  1.54121234e+11  1.09675302e+10
 7.77500000e+01  7.17560717e+16  8.32076039e+14  3.86352837e+10  6.74278854e+08  1.54121234e+11  1.09675302e+10
 7.78000000e+01  7.15893612e+16  9.95587136e+14  3.85455225e+10  8.06781257e+08  1.54121234e+11  1.09675302e+10
 7.78500000e+01  7.14230380e+16  1.15814018e+15  3.84559699e+10  9.38507298e+08  1.54121234e+11  1.09675302e+10
 7.79000000e+01  7.12571013e+16  1.31973943e+15  3.83666254e+10  1.06946042e+09  1.54121234e+11  1.09675302e+10
 7.79500000e+01  7.10915501e+16  1.48038909e+15  3.82774884e+10  1.19964404e+09  1.54121234e+11  1.09675302e+10
 7.80000000e+01  7.09263835e+16  1.64009340e+15  3.81885586e+10  1.32906159e+09  1.54121234e+11  1.09675302e+10
 7.80000000e+01  7.09263835e+16  1.64009340e+15  3.81885586e+10  1.32906159e+09  1.54121234e+11  1.09675302e+10
 7.87000000e+01  7.36720889e+16  3.85982968e+15  3.96669158e+10  3.12784098e+09  1.54121234e+11  1.09675302e+10
 7.94000000e+01  7.63298233e+16  6.05923724e+15  4.10979072e+10  4.91014685e+09  1.54121234e+11  1.09675302e+10
 8.01000000e+01  7.89024053e+16  8.23653815e+15  4.24830504e+10  6.67453844e+09  1.54121234e+11  1.09675302e+10
 8.08000000e+01  8.13925632e+16  1.03901276e+16  4.38238144e+10  8.41971531e+09  1.54121234e+11  1.09675302e+10
 8.15000000e+01  8.38029378e+16  1.25185630e+16  4.51216210e+10  1.01445083e+10  1.54121234e+11  1.09675302e+10
 8.22000000e+01  8.61360852e+16  1.46205531e+16  4.63778466e+10  1.18478712e+10  1.54121234e+11  1.09675302e+10
 8.29000000e+01  8.83944799e+16  1.66949483e+16  4.75938234e+10  1.35288725e+10  1.54121234e+11  1.09675302e+10
 8.36000000e+01  9.05805168e+16  1.87407316e+16  4.87708410e+10  1.51866878e+10  1.54121234e+11  1.09675302e+10
 8.43000000e+01  9.26965142e+16  2.07570094e+16  4.99101475e+10  1.68205931e+10  1.54121234e+11  1.09675302e+10
 8.50000000e+01  9.47447162e+16  2.27430031e+16  5.10129513e+10  1.84299575e+10  1.54121234e+11  1.09675302e+10
 8.50000000e+01  9.47447162e+16  2.27430031e+16  5.10129513e+10  1.84299575e+10  1.73111410e+11  1.09565626e+10
 8.50250000e+01  9.46345923e+16  2.28132568e+16  5.09536578e+10  1.84868881e+10  1.73111410e+11  1.09565626e+10
 8.50500000e+01  9.45245964e+16  2.28832597e+16  5.08944332e+10  1.85436155e+10  1.73111410e+11  1.09565626e+10
 8.50750000e+01  9.44147283e+16  2.29530125e+16  5.08352774e+10  1.86001402e+10  1.73111410e+11  1.09565626e+10
 8.51000000e+01  9.43049879e+16  2.30225157e+16  5.07761904e+10  1.86564626e+10  1.73111410e+11  1.09565626e+10
 8.51250000e+01  9.41953751e+16  2.30917699e+16  5.07171721e+10  1.87125832e+10  1.73111410e+11  1.09565626e+10
 8.51500000e+01  9.40858897e+16  2.31607757e+16  5.06582224e+10  1.87685026e+10  1.73111410e+11  1.09565626e+10
 8.51750000e+01  9.39765315e+16  2.32295337e+16  5.05993412e+10  1.88242211e+10  1.73111410e+11  1.09565626e+10
 8.52000000e+01  9.38673005e+16  2.32980444e+16  5.05405284e+10  1.88797393e+10  1.73111410e+11  1.09565626e+10
 8.52250000e+01  9.37581964e+16  2.33663085e+16  5.04817840e+10  1.89350576e+10  1.73111410e+11  1.09565626e+10
 8.52500000e+01  9.36492191e+16  2.34343265e+16  5.04231079e+10  1.89901764e+10  1.73111410e+11  1.09565626e+10
 8.52500000e+01  9.36492191e+16  0.00000000e+00  5.04231079e+10  0.00000000e+00  1.86769882e+11  1.09456061e+10
 8.57750000e+01  9.13897310e+16  2.21829946e+15  4.92065424e+10  1.79761506e+09  1.86769882e+11  1.09456061e+10
 8.63000000e+01  8.91847578e+16  4.30301829e+15  4.80193290e+10  3.48698208e+09  1.86769882e+11  1.09456061e+10
 8.68250000e+01  8.70329844e+16  6.26026878e+15  4.68607598e+10  5.07305422e+09  1.86769882e+11  1.09456061e+10
 8.73500000e+01  8.49331271e+16  8.09591149e+15  4.57301435e+10  6.56058060e+09  1.86769882e+11  1.09456061e+10
 8.78750000e+01  8.28839333e+16  9.81556504e+15  4.46268058e+10  7.95411433e+09  1.86769882e+11  1.09456061e+10
 8.84000000e+01  8.08841807e+16  1.14246156e+16  4.35500884e+10  9.25802015e+09  1.86769882e+11  1.09456061e+10
 8.89250000e+01  7.89326765e+16  1.29282261e+16  4.24993492e+10  1.04764818e+10  1.86769882e+11  1.09456061e+10
 8.94500000e+01  7.70282565e+16  1.43313447e+16  4.14739613e+10  1.16135091e+10  1.86769882e+11  1.09456061e+10
 8.99750000e+01  7.51697847e+16  1.56387135e+16  4.04733131e+10  1.26729449e+10  1.86769882e+11  1.09456061e+10
 9.05000000e+01  7.33561525e+16  1.68548765e+16  3.94968076e+10  1.36584715e+10  1.86769882e+11  1.09456061e+10
 9.05000000e+01  7.33561525e+16  0.00000000e+00  3.94968076e+10  0.00000000e+00  1.86769882e+11  1.09456061e+10
 9.05500000e+01  7.31857246e+16  1.70129845e+14  3.94050449e+10  1.37865954e+08  1.86769882e+11  1.09456061e+10
 9.06000000e+01  7.30156926e+16  3.39269888e+14  3.93134954e+10  2.74929815e+08  1.86769882e+11  1.09456061e+10
 9.06500000e+01  7.28460557e+16  5.07424508e+14  3.92221586e+10  4.11195131e+08  1.86769882e+11  1.09456061e+10
 9.07000000e+01  7.26768128e+16  6.74598063e+14  3.91310340e+10  5.46665434e+08  1.86769882e+11  1.09456061e+10
 9.07500000e+01  7.25079632e+16  8.40794897e+14  3.90401211e+10  6.81344243e+08  1.86769882e+11  1.09456061e+10
 9.08000000e+01  7.23395059e+16  1.00601933e+15  3.89494194e+10  8.15235065e+08  1.86769882e+11  1.09456061e+10
 9.08500000e+01  7.21714399e+16  1.17027568e+15  3.88589284e+10  9.48341388e+08  1.86769882e+11  1.09456061e+10
 9.09000000e+01  7.20037644e+16  1.33356823e+15  3.87686477e+10  1.08066669e+09  1.86769882e+11  1.09456061e+10
 9.09500000e+01  7.18364785e+16  1.49590126e+15  3.86785767e+10  1.21221444e+09  1.86769882e+11  1.09456061e+10
 9.10000000e+01  7.16695812e+16  1.65727902e+15  3.85887150e+10  1.34298807e+09  1.86769882e+11  1.09456061e+10
 9.10000000e+01  7.16695812e+16  1.65727902e+15  3.85887150e+10  1.34298807e+09  1.86769882e+11  1.09456061e+10
 9.17000000e+01  7.43814437e+16  3.89926624e+15  4.00488503e+10  3.15979869e+09  1.86769882e+11  1.09456061e+10
 9.24000000e+01  7.70064194e+16  6.11880249e+15  4.14622037e+10  4.95841598e+09  1.86769882e+11  1.09456061e+10
 9.31000000e+01  7.95472924e+16  8.31424523e+15  4.28302739e+10  6.73750893e+09  1.86769882e+11  1.09456061e+10
 9.38000000e+01  8.20067572e+16  1.04841175e+16  4.41545120e+10  8.49588070e+09  1.86769882e+11  1.09456061e+10
 9.45000000e+01  8.43874220e+16  1.26270974e+16  4.54363221e+10  1.02324599e+10  1.86769882e+11  1.09456061e+10
 9.52000000e+01  8.66918116e+16  1.47420074e+16  4.66770638e+10  1.19462927e+10  1.86769882e+11  1.09456061e+10
 9.59000000e+01  8.89223698e+16  1.68278057e+16  4.78780527e+10  1.36365344e+10  1.86769882e+11  1.09456061e+10
 9.66000000e+01  9.10814621e+16  1.88835764e+16  4.90405626e+10  1.53024431e+10  1.86769882e+11  1.09456061e+10
 9.73000000e+01  9.31713783e+16  2.09085214e+16  5.01658263e+10  1.69433720e+10  1.86769882e+11  1.09456061e+10
 9.80000000e+01  9.51943346e+16  2.29019526e+16  5.12550372e+10  1.85587634e+10  1.86769882e+11  1.09456061e+10
 9.80000000e+01  9.51943346e+16  2.29019526e+16  5.12550372e+10  1.85587634e+10  2.05890805e+11  1.09346605e+10
 9.80250000e+01  9.50836881e+16  2.29724504e+16  5.11954623e+10  1.86158918e+10  2.05890805e+11  1.09346605e+10
 9.80500000e+01  9.49731702e+16  2.30426965e+16  5.11359566e+10  1.86728163e+10  2.05890805e+11  1.09346605e+10
 9.80750000e+01  9.48627807e+16  2.31126914e+16  5.10765202e+10  1.87295371e+10  2.05890805e+11  1.09346605e+10
 9.81000000e+01  9.47525196e+16  2.31824357e+16  5.10171528e+10  1.87860549e+10  2.05890805e+11  1.09346605e+10
 9.81250000e+01  9.46423866e+16  2.32519299e+16  5.09578544e+10  1.88423701e+10  2.05890805e+11  1.09346605e+10
 9.81500000e+01  9.45323816e+16  2.33211748e+16  5.08986249e+10  1.88984831e+10  2.05890805e+11  1.09346605e+10
 9.81750000e+01  9.44225045e+16  2.33901707e+16  5.08394643e+10  1.89543945e+10  2.05890805e+11  1.09346605e+10
 9.82000000e+01  9.43127551e+16  2.34589185e+16  5.07803724e+10  1.90101047e+10  2.05890805e+11  1.09346605e+10
 9.82250000e+01  9.42031332e+16  2.35274185e+16  5.07213493e+10  1.90656142e+10  2.05890805e+11  1.09346605e+10
 9.82500000e+01  9.40936388e+16  2.35956714e+16  5.06623947e+10  1.91209235e+10  2.05890805e+11  1.09346605e+10
 9.82500000e+01  9.40936388e+16  0.00000000e+00  5.06623947e+10  0.00000000e+00  2.19614094e+11  1.09237258e+10
 9.87750000e+01  9.18234280e+16  2.22882657e+15  4.94400558e+10  1.80614578e+09  2.19614094e+11  1.09237258e+10
 9.93000000e+01  8.96079910e+16  4.32343859e+15  4.82472085e+10  3.50352982e+09  2.19614094e+11  1.09237258e+10
 9.98250000e+01  8.74460061e+16  6.28997737e+15  4.70831412e+10  5.09712879e+09  2.19614094e+11  1.09237258e+10
 1.00350000e+02  8.53361838e+16  8.13433126e+15  4.59471595e+10  6.59171434e+09  2.19614094e+11  1.09237258e+10
 1.00875000e+02  8.32772654e+16  9.86214557e+15  4.48385857e+10  7.99186120e+09  2.19614094e+11  1.09237258e+10
 1.01400000e+02  8.12680229e+16  1.14788320e+16  4.37567587e+10  9.30195480e+09  2.19614094e+11  1.09237258e+10
 1.01925000e+02  7.93072576e+16  1.29895780e+16  4.27010331e+10  1.05261987e+10  2.19614094e+11  1.09237258e+10
 1.02450000e+02  7.73938000e+16  1.43993552e+16  4.16707792e+10  1.16686219e+10  2.19614094e+11  1.09237258e+10
 1.02975000e+02  7.55265087e+16  1.57129282e+16  4.06653823e+10  1.27330853e+10  2.19614094e+11  1.09237258e+10
 1.03500000e+02  7.37042698e+16  1.69348627e+16  3.96842428e+10  1.37232888e+10  2.19614094e+11  1.09237258e+10
 1.03500000e+02  7.37042698e+16  0.00000000e+00  3.96842428e+10  0.00000000e+00  2.19614094e+11  1.09237258e+10
 1.03550000e+02  7.35330331e+16  1.70937209e+14  3.95920446e+10  1.38520207e+08  2.19614094e+11  1.09237258e+10
 1.03600000e+02  7.33621942e+16  3.40879920e+14  3.95000607e+10  2.76234516e+08  2.19614094e+11  1.09237258e+10
 1.03650000e+02  7.31917523e+16  5.09832530e+14  3.94082904e+10  4.13146489e+08  2.19614094e+11  1.09237258e+10
 1.03700000e+02  7.30217063e+16  6.77799421e+14  3.93167333e+10  5.49259677e+08  2.19614094e+11  1.09237258e+10
 1.03750000e+02  7.28520554e+16  8.44784954e+14  3.92253890e+10  6.84577615e+08  2.19614094e+11  1.09237258e+10
 1.03800000e+02  7.26827986e+16  1.01079348e+15  3.91342569e+10  8.19103826e+08  2.19614094e+11  1.09237258e+10
 1.03850000e+02  7.25139351e+16  1.17582932e+15  3.90433365e+10  9.52841816e+08  2.19614094e+11  1.09237258e+10
 1.03900000e+02  7.23454639e+16  1.33989678e+15  3.89526273e+10  1.08579508e+09  2.19614094e+11  1.09237258e+10
 1.03950000e+02  7.21773841e+16  1.50300018e+15  3.88621289e+10  1.21796709e+09  2.19614094e+11  1.09237258e+10
 1.04000000e+02  7.20096948e+16  1.66514377e+15  3.87718408e+10  1.34936133e+09  2.19614094e+11  1.09237258e+10
 1.04000000e+02  7.20096948e+16  1.66514377e+15  3.87718408e+10  1.34936133e+09  2.19614094e+11  1.09237258e+10
 1.04700000e+02  7.47006489e+16  3.91722651e+15  4.02207185e+10  3.17435292e+09  2.19614094e+11  1.09237258e+10
 1.05400000e+02  7.73053863e+16  6.14572177e+15  4.16231750e+10  4.98023021e+09  2.19614094e+11  1.09237258e+10
 1.06100000e+02  7.98266693e+16  8.34906231e+15  4.29806975e+10  6.76572321e+09  2.19614094e+11  1.09237258e+10
 1.06800000e+02  8.22671718e+16  1.05258422e+16  4.42947258e+10  8.52969262e+09  2.19614094e+11  1.09237258e+10
 1.07500000e+02  8.46294819e+16  1.26748065e+16  4.55666533e+10  1.02711214e+10  2.19614094e+11  1.09237258e+10
 1.08200000e+02  8.69161048e+16  1.47948409e+16  4.67978289e+10  1.19891067e+10  2.19614094e+11  1.09237258e+10
 1.08900000e+02  8.91294655e+16  1.68849631e+16  4.79895583e+10  1.36828523e+10  2.19614094e+11  1.09237258e+10
 1.09600000e+02  9.12719113e+16  1.89443131e+16  4.91431053e+10  1.53516616e+10  2.19614094e+11  1.09237258e+10
 1.10300000e+02  9.33457144e+16  2.09721460e+16  5.02596933e+10  1.69949306e+10  2.19614094e+11  1.09237258e+10
 1.11000000e+02  9.53530739e+16  2.29678230e+16  5.13405064e+10  1.86121420e+10  2.19614094e+11  1.09237258e+10
 1.11000000e+02  9.53530739e+16  2.29678230e+16  5.13405064e+10  1.86121420e+10  2.38788944e+11  1.09128021e+10
 1.11025000e+02  9.52422428e+16  2.30383900e+16  5.12808322e+10  1.86693265e+10  2.38788944e+11  1.09128021e+10
 1.11050000e+02  9.51315406e+16  2.31087049e+16  5.12212273e+10  1.87263067e+10  2.38788944e+11  1.09128021e+10
 1.11075000e+02  9.50209671e+16  2.31787683e+16  5.11616917e+10  1.87830830e+10  2.38788944e+11  1.09128021e+10
 1.11100000e+02  9.49105221e+16  2.32485807e+16  5.11022253e+10  1.88396560e+10  2.38788944e+11  1.09128021e+10
 1.11125000e+02  9.48002054e+16  2.33181428e+16  5.10428280e+10  1.88960261e+10  2.38788944e+11  1.09128021e+10
 1.11150000e+02  9.46900170e+16  2.33874551e+16  5.09834998e+10  1.89521939e+10  2.38788944e+11  1.09128021e+10
 1.11175000e+02  9.45799567e+16  2.34565182e+16  5.09242405e+10  1.90081597e+10  2.38788944e+11  1.09128021e+10
 1.11200000e+02  9.44700242e+16  2.35253327e+16  5.08650501e+10  1.90639240e+10  2.38788944e+11  1.09128021e+10
 1.11225000e+02  9.43602196e+16  2.35938993e+16  5.08059285e+10  1.91194874e+10  2.38788944e+11  1.09128021e+10
 1.11250000e+02  9.42505426e+16  2.36622184e+16  5.07468757e+10  1.91748503e+10  2.38788944e+11  1.09128021e+10
 1.11250000e+02  9.42505426e+16  0.00000000e+00  5.07468757e+10  0.00000000e+00  2.52535117e+11  1.09018893e+10
 1.11775000e+02  9.19765462e+16  2.23254320e+15  4.95224985e+10  1.80915758e+09  2.52535117e+11  1.09018893e+10
 1.12300000e+02  8.97574149e+16  4.33064805e+15  4.83276621e+10  3.50937206e+09  2.52535117e+11  1.09018893e+10
 1.12825000e+02  8.75918248e+16  6.30046609e+15  4.71616536e+10  5.10562839e+09  2.52535117e+11  1.09018893e+10
 1.13350000e+02  8.54784843e+16  8.14789549e+15  4.60237776e+10  6.60270621e+09  2.52535117e+11  1.09018893e+10
 1.13875000e+02  8.34161326e+16  9.87859098e+15  4.49133553e+10  8.00518785e+09  2.52535117e+11  1.09018893e+10
 1.14400000e+02  8.14035396e+16  1.14979733e+16  4.38297244e+10  9.31746607e+09  2.52535117e+11  1.09018893e+10
 1.14925000e+02  7.94395047e+16  1.30112385e+16  4.27722383e+10  1.05437515e+10  2.52535117e+11  1.09018893e+10
 1.15450000e+02  7.75228564e+16  1.44233665e+16  4.17402664e+10  1.16880797e+10  2.52535117e+11  1.09018893e+10
 1.15975000e+02  7.56524513e+16  1.57391299e+16  4.07331930e+10  1.27543181e+10  2.52535117e+11  1.09018893e+10
 1.16500000e+02  7.38271737e+16  1.69631020e+16  3.97504174e+10  1.37461728e+10  2.52535117e+11  1.09018893e+10
 1.16500000e+02  7.38271737e+16  0.00000000e+00  3.97504174e+10  0.00000000e+00  2.52535117e+11  1.09018893e+10
 1.16550000e+02  7.36556515e+16  1.71222252e+14  3.96580655e+10  1.38751194e+08  2.52535117e+11  1.09018893e+10
 1.16600000e+02  7.34845278e+16  3.41448347e+14  3.95659281e+10  2.76695145e+08  2.52535117e+11  1.09018893e+10
 1.16650000e+02  7.33138016e+16  5.10682690e+14  3.94740048e+10  4.13835422e+08  2.52535117e+11  1.09018893e+10
 1.16700000e+02  7.31434720e+16  6.78929670e+14  3.93822951e+10  5.50175583e+08  2.52535117e+11  1.09018893e+10
 1.16750000e+02  7.29735382e+16  8.46193657e+14  3.92907984e+10  6.85719168e+08  2.52535117e+11  1.09018893e+10
 1.16800000e+02  7.28039992e+16  1.01247900e+15  3.91995144e+10  8.20469704e+08  2.52535117e+11  1.09018893e+10
 1.16850000e+02  7.26348541e+16  1.17779004e+15  3.91084424e+10  9.54430706e+08  2.52535117e+11  1.09018893e+10
 1.16900000e+02  7.24661020e+16  1.34213110e+15  3.90175819e+10  1.08760567e+09  2.52535117e+11  1.09018893e+10
 1.16950000e+02  7.22977419e+16  1.50550647e+15  3.89269326e+10  1.21999809e+09  2.52535117e+11  1.09018893e+10
 1.17000000e+02  7.21297730e+16  1.66792044e+15  3.88364939e+10  1.35161143e+09  2.52535117e+11  1.09018893e+10
 1.17000000e+02  7.21297730e+16  1.66792044e+15  3.88364939e+10  1.35161143e+09  2.52535117e+11  1.09018893e+10
 1.17700000e+02  7.48068887e+16  3.92346345e+15  4.02779207e+10  3.17940707e+09  2.52535117e+11  1.09018893e+10
 1.18400000e+02  7.73982310e+16  6.15482085e+15  4.16731649e+10  4.98760372e+09  2.52535117e+11  1.09018893e+10
 1.19100000e+02  7.99065481e+16  8.36046787e+15  4.30237063e+10  6.77496578e+09  2.52535117e+11  1.09018893e+10
 1.19800000e+02  8.23345001e+16  1.05390386e+16  4.43309770e+10  8.54038639e+09  2.52535117e+11  1.09018893e+10
 1.20500000e+02  8.46846617e+16  1.26893157e+16  4.55963635e+10  1.02828790e+10  2.52535117e+11  1.09018893e+10
 1.21200000e+02  8.69595255e+16  1.48102203e+16  4.68212077e+10  1.20015695e+10  2.52535117e+11  1.09018893e+10
 1.21900000e+02  8.91615039e+16  1.69008034e+16  4.80068085e+10  1.36956886e+10  2.52535117e+11  1.09018893e+10
 1.22600000e+02  9.12929320e+16  1.89602366e+16  4.91544233e+10  1.53645652e+10  2.52535117e+11  1.09018893e+10
 1.23300000e+02  9.33560703e+16  2.09878040e+16  5.02652692e+10  1.70076192e+10  2.52535117e+11  1.09018893e+10
 1.24000000e+02  9.53531068e+16  2.29828950e+16  5.13405241e+10  1.86243557e+10  2.52535117e+11  1.09018893e+10
 1.24000000e+02  9.53531068e+16  2.29828950e+16  5.13405241e+10  1.86243557e+10  2.71721969e+11  1.08909874e+10
 1.24025000e+02  9.52422757e+16  2.30534357e+16  5.12808499e+10  1.86815189e+10  2.71721969e+11  1.08909874e+10
 1.24050000e+02  9.51315735e+16  2.31237243e+16  5.12212450e+10  1.87384777e+10  2.71721969e+11  1.08909874e+10
 1.24075000e+02  9.50209999e+16  2.31937615e+16  5.11617094e+10  1.87952328e+10  2.71721969e+11  1.08909874e+10
 1.24100000e+02  9.49105548e+16  2.32635477e+16  5.11022430e+10  1.88517846e+10  2.71721969e+11  1.08909874e+10
 1.24125000e+02  9.48002382e+16  2.33330836e+16  5.10428457e+10  1.89081336e+10  2.71721969e+11  1.08909874e+10
 1.24150000e+02  9.46900497e+16  2.34023699e+16  5.09835174e+10  1.89642802e+10  2.71721969e+11  1.08909874e+10
 1.24175000e+02  9.45799893e+16  2.34714069e+16  5.09242581e+10  1.90202249e+10  2.71721969e+11  1.08909874e+10
 1.24200000e+02  9.44700569e+16  2.35401955e+16  5.08650677e+10  1.90759682e+10  2.71721969e+11  1.08909874e+10
 1.24225000e+02  9.43602522e+16  2.36087360e+16  5.08059461e+10  1.91315105e+10  2.71721969e+11  1.08909874e+10
 1.24250000e+02  9.42505751e+16  2.36770292e+16  5.07468932e+10  1.91868524e+10  2.71721969e+11  1.08909874e+10
 1.24250000e+02  9.42505751e+16  0.00000000e+00  5.07468932e+10  0.00000000e+00  2.85468147e+11  1.08800964e+10
 1.24775000e+02  9.19765780e+16  2.23254397e+15  4.95225156e+10  1.80915820e+09  2.85468147e+11  1.08800964e+10
 1.25300000e+02  8.97574459e+16  4.33064954e+15  4.83276788e+10  3.50937327e+09  2.85468147e+11  1.08800964e+10
 1.25825000e+02  8.75918551e+16  6.30046826e+15  4.71616699e+10  5.10563016e+09  2.85468147e+11  1.08800964e+10
 1.26350000e+02  8.54785138e+16  8.14789830e+15  4.60237935e+10  6.60270849e+09  2.85468147e+11  1.08800964e+10
 1.26875000e+02  8.34161614e+16  9.87859439e+15  4.49133709e+10  8.00519062e+09  2.85468147e+11  1.08800964e+10
 1.27400000e+02  8.14035677e+16  1.14979773e+16  4.38297395e+10  9.31746929e+09  2.85468147e+11  1.08800964e+10
 1.27925000e+02  7.94395322e+16  1.30112430e+16  4.27722531e+10  1.05437551e+10  2.85468147e+11  1.08800964e+10
 1.28450000e+02  7.75228832e+16  1.44233715e+16  4.17402808e+10  1.16880837e+10  2.85468147e+11  1.08800964e+10
 1.28975000e+02  7.56524774e+16  1.57391354e+16  4.07332071e+10  1.27543225e+10  2.85468147e+11  1.08800964e+10
 1.29500000e+02  7.38271992e+16  1.69631079e+16  3.97504311e+10  1.37461775e+10  2.85468147e+11  1.08800964e+10
 1.29500000e+02  7.38271992e+16  0.00000000e+00  3.97504311e+10  0.00000000e+00  2.85468147e+11  1.08800964e+10
 1.29550000e+02  7.36556769e+16  1.71222311e+14  3.96580792e+10  1.38751242e+08  2.85468147e+11  1.08800964e+10
 1.29600000e+02  7.34845531e+16  3.41448465e+14  3.95659418e+10  2.76695240e+08  2.85468147e+11  1.08800964e+10
 1.29650000e+02  7.33138269e+16  5.10682867e+14  3.94740185e+10  4.13835565e+08  2.85468147e+11  1.08800964e+10
 1.29700000e+02  7.31434973e+16  6.78929905e+14  3.93823087e+10  5.50175773e+08  2.85468147e+11  1.08800964e+10
 1.29750000e+02  7.29735634e+16  8.46193949e+14  3.92908120e+10  6.85719405e+08  2.85468147e+11  1.08800964e+10
 1.29800000e+02  7.28040244e+16  1.01247935e+15  3.91995279e+10  8.20469988e+08  2.85468147e+11  1.08800964e+10
 1.29850000e+02  7.26348792e+16  1.17779045e+15  3.91084559e+10  9.54431036e+08  2.85468147e+11  1.08800964e+10
 1.29900000e+02  7.24661270e+16  1.34213156e+15  3.90175954e+10  1.08760605e+09  2.85468147e+11  1.08800964e+10
 1.29950000e+02  7.22977669e+16  1.50550699e+15  3.89269461e+10  1.21999851e+09  2.85468147e+11  1.08800964e+10
 1.30000000e+02  7.21297979e+16  1.66792102e+15  3.88365073e+10  1.35161189e+09  2.85468147e+11  1.08800964e+10
 1.30000000e+02  7.21297979e+16  1.66792102e+15  3.88365073e+10  1.35161189e+09  2.85468147e+11  1.08800964e+10
 1.30700000e+02  7.47969415e+16  3.92330419e+15  4.02725649e+10  3.17927801e+09  2.85468147e+11  1.08800964e+10
 1.31400000e+02  7.73786313e+16  6.15419763e+15  4.16626120e+10  4.98709869e+09  2.85468147e+11  1.08800964e+10
 1.32100000e+02  7.98776051e+16  8.35910113e+15  4.30081227e+10  6.77385824e+09  2.85468147e+11  1.08800964e+10
 1.32800000e+02  8.22965132e+16  1.05366718e+16  4.43105239e+10  8.53846843e+09  2.85468147e+11  1.08800964e+10
 1.33500000e+02  8.46379207e+16  1.26857139e+16  4.55711969e+10  1.02799603e+10  2.85468147e+11  1.08800964e+10
 1.34200000e+02  8.69043108e+16  1.48051690e+16  4.67914787e+10  1.19974761e+10  2.85468147e+11  1.08800964e+10
 1.34900000e+02  8.90980869e+16  1.68941069e+16  4.79726632e+10  1.36902621e+10  2.85468147e+11  1.08800964e+10
 1.35600000e+02  9.12215757e+16  1.89517172e+16  4.91160033e+10  1.53576615e+10  2.85468147e+11  1.08800964e+10
 1.36300000e+02  9.32770290e+16  2.09773007e+16  5.02227113e+10  1.69991078e+10  2.85468147e+11  1.08800964e+10
 1.37000000e+02  9.52666267e+16  2.29702624e+16  5.12939610e+10  1.86141188e+10  2.85468147e+11  1.08800964e+10
 1.37000000e+02  9.52666267e+16  2.29702624e+16  5.12939610e+10  1.86141188e+10  3.04644137e+11  1.08692163e+10
 1.37025000e+02  9.51558961e+16  2.30407248e+16  5.12343409e+10  1.86712184e+10  3.04644137e+11  1.08692163e+10
 1.37050000e+02  9.50452943e+16  2.31109353e+16  5.11747901e+10  1.87281141e+10  3.04644137e+11  1.08692163e+10
 1.37075000e+02  9.49348210e+16  2.31808946e+16  5.11153085e+10  1.87848061e+10  3.04644137e+11  1.08692163e+10
 1.37100000e+02  9.48244761e+16  2.32506033e+16  5.10558960e+10  1.88412950e+10  3.04644137e+11  1.08692163e+10
 1.37125000e+02  9.47142594e+16  2.33200619e+16  5.09965526e+10  1.88975813e+10  3.04644137e+11  1.08692163e+10
 1.37150000e+02  9.46041709e+16  2.33892710e+16  5.09372781e+10  1.89536654e+10  3.04644137e+11  1.08692163e+10
 1.37175000e+02  9.44942104e+16  2.34582313e+16  5.08780726e+10  1.90095479e+10  3.04644137e+11  1.08692163e+10
 1.37200000e+02  9.43843776e+16  2.35269432e+16  5.08189358e+10  1.90652291e+10  3.04644137e+11  1.08692163e+10
 1.37225000e+02  9.42746725e+16  2.35954075e+16  5.07598678e+10  1.91207096e+10  3.04644137e+11  1.08692163e+10
 1.37250000e+02  9.41650949e+16  2.36636246e+16  5.07008685e+10  1.91759898e+10  3.04644137e+11  1.08692163e+10
 1.37250000e+02  9.41650949e+16  0.00000000e+00  5.07008685e+10  0.00000000e+00  3.18377847e+11  1.08583471e+10
 1.37775000e+02  9.18931602e+16  2.23051917e+15  4.94776013e+10  1.80751739e+09  3.18377847e+11  1.08583471e+10
 1.38300000e+02  8.96760407e+16  4.32672188e+15  4.82838482e+10  3.50619046e+09  3.18377847e+11  1.08583471e+10
 1.38825000e+02  8.75124140e+16  6.29475408e+15  4.71188968e+10  5.10099963e+09  3.18377847e+11  1.08583471e+10
 1.39350000e+02  8.54009894e+16  8.14050860e+15  4.59820524e+10  6.59672019e+09  3.18377847e+11  1.08583471e+10
 1.39875000e+02  8.33405075e+16  9.86963503e+15  4.48726368e+10  7.99793034e+09  3.18377847e+11  1.08583471e+10
 1.40400000e+02  8.13297391e+16  1.14875492e+16  4.37899883e+10  9.30901885e+09  3.18377847e+11  1.08583471e+10
 1.40925000e+02  7.93674848e+16  1.29994425e+16  4.27334610e+10  1.05341925e+10  3.18377847e+11  1.08583471e+10
 1.41450000e+02  7.74525741e+16  1.44102903e+16  4.17024246e+10  1.16774832e+10  3.18377847e+11  1.08583471e+10
 1.41975000e+02  7.55838647e+16  1.57248608e+16  4.06962642e+10  1.27427550e+10  3.18377847e+11  1.08583471e+10
 1.42500000e+02  7.37602419e+16  1.69477232e+16  3.97143796e+10  1.37337105e+10  3.18377847e+11  1.08583471e+10
 1.42500000e+02  7.37602419e+16  0.00000000e+00  3.97143796e+10  0.00000000e+00  3.18377847e+11  1.08583471e+10
 1.42550000e+02  7.35888752e+16  1.71067022e+14  3.96221114e+10  1.38625402e+08  3.18377847e+11  1.08583471e+10
 1.42600000e+02  7.34179066e+16  3.41138789e+14  3.95300576e+10  2.76444292e+08  3.18377847e+11  1.08583471e+10
 1.42650000e+02  7.32473352e+16  5.10219705e+14  3.94382176e+10  4.13460239e+08  3.18377847e+11  1.08583471e+10
 1.42700000e+02  7.30771601e+16  6.78314152e+14  3.93465911e+10  5.49676793e+08  3.18377847e+11  1.08583471e+10
 1.42750000e+02  7.29073803e+16  8.45426497e+14  3.92551774e+10  6.85097494e+08  3.18377847e+11  1.08583471e+10
 1.42800000e+02  7.27379950e+16  1.01156109e+15  3.91639760e+10  8.19725866e+08  3.18377847e+11  1.08583471e+10
 1.42850000e+02  7.25690033e+16  1.17672226e+15  3.90729866e+10  9.53565418e+08  3.18377847e+11  1.08583471e+10
 1.42900000e+02  7.24004041e+16  1.34091432e+15  3.89822086e+10  1.08661965e+09  3.18377847e+11  1.08583471e+10
 1.42950000e+02  7.22321967e+16  1.50414158e+15  3.88916414e+10  1.21889204e+09  3.18377847e+11  1.08583471e+10
 1.43000000e+02  7.20643801e+16  1.66640830e+15  3.88012847e+10  1.35038605e+09  3.18377847e+11  1.08583471e+10
 1.43000000e+02  7.20643801e+16  1.66640830e+15  3.88012847e+10  1.35038605e+09  3.18377847e+11  1.08583471e+10
 1.43700000e+02  7.47236683e+16  3.91965841e+15  4.02331127e+10  3.17632362e+09  3.18377847e+11  1.08583471e+10
 1.44400000e+02  7.72977544e+16  6.14827523e+15  4.16190658e+10  4.98229943e+09  3.18377847e+11  1.08583471e+10
 1.45100000e+02  7.97893682e+16  8.35077327e+15  4.29606137e+10  6.76710970e+09  3.18377847e+11  1.08583471e+10
 1.45800000e+02  8.22011520e+16  1.05258235e+16  4.42591791e+10  8.52967739e+09  3.18377847e+11  1.08583471e+10
 1.46500000e+02  8.45356635e+16  1.26722429e+16  4.55161391e+10  1.02690439e+10  3.18377847e+11  1.08583471e+10
 1.47200000e+02  8.67953786e+16  1.47889851e+16  4.67328268e+10  1.19843614e+10  3.18377847e+11  1.08583471e+10
 1.47900000e+02  8.89826935e+16  1.68751313e+16  4.79105325e+10  1.36748851e+10  3.18377847e+11  1.08583471e+10
 1.48600000e+02  9.10999281e+16  1.89298813e+16  4.90505052e+10  1.53399667e+10  3.18377847e+11  1.08583471e+10
 1.49300000e+02  9.31493276e+16  2.09525460e+16  5.01539537e+10  1.69790476e+10  3.18377847e+11  1.08583471e+10
 1.50000000e+02  9.51330655e+16  2.29425391e+16  5.12220483e+10  1.85916530e+10  3.18377847e+11  1.08583471e+10
 1.50000000e+02  9.51330655e+16  2.29425391e+16  5.12220483e+10  1.85916530e+10  3.37530521e+11  1.08474887e+10
 1.50025000e+02  9.50224902e+16  2.30128948e+16  5.11625118e+10  1.86486662e+10  3.37530521e+11  1.08474887e+10
 1.50050000e+02  9.49120434e+16  2.30829991e+16  5.11030444e+10  1.87054757e+10  3.37530521e+11  1.08474887e+10
 1.50075000e+02  9.48017250e+16  2.31528525e+16  5.10436462e+10  1.87620820e+10  3.37530521e+11  1.08474887e+10
 1.50100000e+02  9.46915348e+16  2.32224556e+16  5.09843170e+10  1.88184854e+10  3.37530521e+11  1.08474887e+10
 1.50125000e+02  9.45814727e+16  2.32918091e+16  5.09250568e+10  1.88746864e+10  3.37530521e+11  1.08474887e+10
 1.50150000e+02  9.44715385e+16  2.33609134e+16  5.08658655e+10  1.89306857e+10  3.37530521e+11  1.08474887e+10
 1.50175000e+02  9.43617321e+16  2.34297693e+16  5.08067429e+10  1.89864835e+10  3.37530521e+11  1.08474887e+10
 1.50200000e+02  9.42520533e+16  2.34983772e+16  5.07476891e+10  1.90420804e+10  3.37530521e+11  1.08474887e+10
 1.50225000e+02  9.41425020e+16  2.35667377e+16  5.06887039e+10  1.90974768e+10  3.37530521e+11  1.08474887e+10
 1.50250000e+02  9.40330781e+16  2.36348514e+16  5.06297873e+10  1.91526733e+10  3.37530521e+11  1.08474887e+10
 1.50250000e+02  9.40330781e+16  0.00000000e+00  5.06297873e+10  0.00000000e+00  3.51244977e+11  1.08366413e+10
 1.50775000e+02  9.17643285e+16  2.22739205e+15  4.94082351e+10  1.80498330e+09  3.51244977e+11  1.08366413e+10
 1.51300000e+02  8.95503174e+16  4.32065593e+15  4.82161555e+10  3.50127488e+09  3.51244977e+11  1.08366413e+10
 1.51825000e+02  8.73897240e+16  6.28592900e+15  4.70528374e+10  5.09384817e+09  3.51244977e+11  1.08366413e+10
 1.52350000e+02  8.52812596e+16  8.12909583e+15  4.59175869e+10  6.58747177e+09  3.51244977e+11  1.08366413e+10
 1.52875000e+02  8.32236664e+16  9.85579808e+15  4.48097267e+10  7.98671746e+09  3.51244977e+11  1.08366413e+10
 1.53400000e+02  8.12157170e+16  1.14714440e+16  4.37285959e+10  9.29596786e+09  3.51244977e+11  1.08366413e+10
 1.53925000e+02  7.92562138e+16  1.29812176e+16  4.26735498e+10  1.05194239e+10  3.51244977e+11  1.08366413e+10
 1.54450000e+02  7.73439877e+16  1.43900874e+16  4.16439590e+10  1.16611117e+10  3.51244977e+11  1.08366413e+10
 1.54975000e+02  7.54778982e+16  1.57028150e+16  4.06392092e+10  1.27248901e+10  3.51244977e+11  1.08366413e+10
 1.55500000e+02  7.36568321e+16  1.69239630e+16  3.96587012e+10  1.37144562e+10  3.51244977e+11  1.08366413e+10
 1.55500000e+02  7.36568321e+16  0.00000000e+00  3.96587012e+10  0.00000000e+00  3.51244977e+11  1.08366413e+10
 1.55550000e+02  7.34857056e+16  1.70827190e+14  3.95665623e+10  1.38431053e+08  3.51244977e+11  1.08366413e+10
 1.55600000e+02  7.33149767e+16  3.40660522e+14  3.94746376e+10  2.76056725e+08  3.51244977e+11  1.08366413e+10
 1.55650000e+02  7.31446445e+16  5.09504391e+14  3.93829264e+10  4.12880579e+08  3.51244977e+11  1.08366413e+10
 1.55700000e+02  7.29747079e+16  6.77363174e+14  3.92914282e+10  5.48906162e+08  3.51244977e+11  1.08366413e+10
 1.55750000e+02  7.28051662e+16  8.44241232e+14  3.92001427e+10  6.84137006e+08  3.51244977e+11  1.08366413e+10
 1.55800000e+02  7.26360184e+16  1.01014291e+15  3.91090692e+10  8.18576633e+08  3.51244977e+11  1.08366413e+10
 1.55850000e+02  7.24672636e+16  1.17507253e+15  3.90182073e+10  9.52228546e+08  3.51244977e+11  1.08366413e+10
 1.55900000e+02  7.22989008e+16  1.33903440e+15  3.89275566e+10  1.08509624e+09  3.51244977e+11  1.08366413e+10
 1.55950000e+02  7.21309292e+16  1.50203281e+15  3.88371164e+10  1.21718318e+09  3.51244977e+11  1.08366413e+10
 1.56000000e+02  7.19633478e+16  1.66407204e+15  3.87468864e+10  1.34849285e+09  3.51244977e+11  1.08366413e+10
 1.56000000e+02  7.19633478e+16  1.66407204e+15  3.87468864e+10  1.34849285e+09  3.51244977e+11  1.08366413e+10
 1.56700000e+02  7.46159417e+16  3.91411538e+15  4.01751100e+10  3.17183179e+09  3.51244977e+11  1.08366413e+10
 1.57400000e+02  7.71835479e+16  6.13946953e+15  4.15575741e+10  4.97516367e+09  3.51244977e+11  1.08366413e+10
 1.58100000e+02  7.96688893e+16  8.33865837e+15  4.28957448e+10  6.75729230e+09  3.51244977e+11  1.08366413e+10
 1.58800000e+02  8.20746018e+16  1.05103615e+16  4.41910412e+10  8.51714771e+09  3.51244977e+11  1.08366413e+10
 1.59500000e+02  8.44032365e+16  1.26534042e+16  4.54448370e+10  1.02537779e+10  3.51244977e+11  1.08366413e+10
 1.60200000e+02  8.66572630e+16  1.47667475e+16  4.66584619e+10  1.19663409e+10  3.51244977e+11  1.08366413e+10
 1.60900000e+02  8.88390717e+16  1.68494794e+16  4.78332029e+10  1.36540979e+10  3.51244977e+11  1.08366413e+10
 1.61600000e+02  9.09509765e+16  1.89008064e+16  4.89703058e+10  1.53164056e+10  3.51244977e+11  1.08366413e+10
 1.62300000e+02  9.29952169e+16  2.09200450e+16  5.00709766e+10  1.69527102e+10  3.51244977e+11  1.08366413e+10
 1.63000000e+02  9.49739609e+16  2.29066147e+16  5.11363824e+10  1.85625414e+10  3.51244977e+11  1.08366413e+10
 1.63000000e+02  9.49739609e+16  2.29066147e+16  5.11363824e+10  1.85625414e+10  3.70367566e+11  1.08258046e+10
 1.63025000e+02  9.48635706e+16  2.29768485e+16  5.10769454e+10  1.86194559e+10  3.70367566e+11  1.08258046e+10
 1.63050000e+02  9.47533085e+16  2.30468313e+16  5.10175775e+10  1.86761669e+10  3.70367566e+11  1.08258046e+10
 1.63075000e+02  9.46431746e+16  2.31165636e+16  5.09582787e+10  1.87326750e+10  3.70367566e+11  1.08258046e+10
 1.63100000e+02  9.45331687e+16  2.31860461e+16  5.08990487e+10  1.87889806e+10  3.70367566e+11  1.08258046e+10
 1.63125000e+02  9.44232906e+16  2.32552793e+16  5.08398876e+10  1.88450843e+10  3.70367566e+11  1.08258046e+10
 1.63150000e+02  9.43135403e+16  2.33242638e+16  5.07807952e+10  1.89009864e+10  3.70367566e+11  1.08258046e+10
 1.63175000e+02  9.42039176e+16  2.33930003e+16  5.07217716e+10  1.89566875e+10  3.70367566e+11  1.08258046e+10
 1.63200000e+02  9.40944222e+16  2.34614892e+16  5.06628165e+10  1.90121879e+10  3.70367566e+11  1.08258046e+10
 1.63225000e+02  9.39850541e+16  2.35297312e+16  5.06039300e+10  1.90674883e+10  3.70367566e+11  1.08258046e+10
 1.63250000e+02  9.38758132e+16  2.35977268e+16  5.05451119e+10  1.91225891e+10  3.70367566e+11  1.08258046e+10
 1.63250000e+02  9.38758132e+16  0.00000000e+00  5.05451119e+10  0.00000000e+00  3.84059085e+11  1.08149788e+10
 1.63775000e+02  9.16108580e+16  2.22366686e+15  4.93256027e+10  1.80196457e+09  3.84059085e+11  1.08149788e+10
 1.64300000e+02  8.94005496e+16  4.31342989e+15  4.81355168e+10  3.49541920e+09  3.84059085e+11  1.08149788e+10
 1.64825000e+02  8.72435697e+16  6.27541615e+15  4.69741443e+10  5.08532900e+09  3.84059085e+11  1.08149788e+10
 1.65350000e+02  8.51386316e+16  8.11550039e+15  4.58407924e+10  6.57645461e+09  3.84059085e+11  1.08149788e+10
 1.65875000e+02  8.30844796e+16  9.83931483e+15  4.47347850e+10  7.97336014e+09  3.84059085e+11  1.08149788e+10
 1.66400000e+02  8.10798884e+16  1.14522587e+16  4.36554624e+10  9.28042089e+09  3.84059085e+11  1.08149788e+10
 1.66925000e+02  7.91236623e+16  1.29595073e+16  4.26021808e+10  1.05018307e+10  3.84059085e+11  1.08149788e+10
 1.67450000e+02  7.72146344e+16  1.43660209e+16  4.15743119e+10  1.16416092e+10  3.84059085e+11  1.08149788e+10
 1.67975000e+02  7.53516658e+16  1.56765530e+16  4.05712425e+10  1.27036084e+10  3.84059085e+11  1.08149788e+10
 1.68500000e+02  7.35336453e+16  1.68956587e+16  3.95923743e+10  1.36915196e+10  3.84059085e+11  1.08149788e+10
 1.68500000e+02  7.35336453e+16  0.00000000e+00  3.95923743e+10  0.00000000e+00  3.84059085e+11  1.08149788e+10
 1.68550000e+02  7.33628050e+16  1.70541492e+14  3.95003895e+10  1.38199535e+08  3.84059085e+11  1.08149788e+10
 1.68600000e+02  7.31923617e+16  3.40090787e+14  3.94086185e+10  2.75595036e+08  3.84059085e+11  1.08149788e+10
 1.68650000e+02  7.30223143e+16  5.08652274e+14  3.93170607e+10  4.12190060e+08  3.84059085e+11  1.08149788e+10
 1.68700000e+02  7.28526620e+16  6.76230323e+14  3.92257156e+10  5.47988148e+08  3.84059085e+11  1.08149788e+10
 1.68750000e+02  7.26834038e+16  8.42829288e+14  3.91345827e+10  6.82992827e+08  3.84059085e+11  1.08149788e+10
 1.68800000e+02  7.25145389e+16  1.00845350e+15  3.90436616e+10  8.17207611e+08  3.84059085e+11  1.08149788e+10
 1.68850000e+02  7.23460662e+16  1.17310729e+15  3.89529517e+10  9.50635999e+08  3.84059085e+11  1.08149788e+10
 1.68900000e+02  7.21779850e+16  1.33679494e+15  3.88624525e+10  1.08328148e+09  3.84059085e+11  1.08149788e+10
 1.68950000e+02  7.20102944e+16  1.49952075e+15  3.87721636e+10  1.21514752e+09  3.84059085e+11  1.08149788e+10
 1.69000000e+02  7.18429933e+16  1.66128898e+15  3.86820844e+10  1.34623757e+09  3.84059085e+11  1.08149788e+10
 1.69000000e+02  7.18429933e+16  1.66128898e+15  3.86820844e+10  1.34623757e+09  3.84059085e+11  1.08149788e+10
 1.69700000e+02  7.44895317e+16  3.90754318e+15  4.01070476e+10  3.16650596e+09  3.84059085e+11  1.08149788e+10
 1.70400000e+02  7.70512764e+16  6.12910009e+15  4.14863558e+10  4.96676072e+09  3.84059085e+11  1.08149788e+10
 1.71100000e+02  7.95309442e+16  8.32449008e+15  4.28214717e+10  6.74581092e+09  3.84059085e+11  1.08149788e+10
 1.71800000e+02  8.19311648e+16  1.04923987e+16  4.41138111e+10  8.50259140e+09  3.84059085e+11  1.08149788e+10
 1.72500000e+02  8.42544836e+16  1.26316566e+16  4.53647447e+10  1.02361546e+10  3.84059085e+11  1.08149788e+10
 1.73200000e+02  8.65033645e+16  1.47412300e+16  4.65755991e+10  1.19456627e+10  3.84059085e+11  1.08149788e+10
 1.73900000e+02  8.86801925e+16  1.68202115e+16  4.77476583e+10  1.36303804e+10  3.84059085e+11  1.08149788e+10
 1.74600000e+02  9.07872760e+16  1.88678117e+16  4.88821654e+10  1.52896680e+10  3.84059085e+11  1.08149788e+10
 1.75300000e+02  9.28268498e+16  2.08833510e+16  4.99803235e+10  1.69229750e+10  3.84059085e+11  1.08149788e+10
 1.76000000e+02  9.48010767e+16  2.28662525e+16  5.10432971e+10  1.85298336e+10  3.84059085e+11  1.08149788e+10
 1.76000000e+02  9.48010767e+16  2.28662525e+16  5.10432971e+10  1.85298336e+10  4.03147928e+11  1.08041638e+10
 1.76025000e+02  9.46908872e+16  2.29363561e+16  5.09839684e+10  1.85866425e+10  4.03147928e+11  1.08041638e+10
 1.76050000e+02  9.45808259e+16  2.30062091e+16  5.09247085e+10  1.86432485e+10  4.03147928e+11  1.08041638e+10
 1.76075000e+02  9.44708925e+16  2.30758122e+16  5.08655176e+10  1.86996518e+10  4.03147928e+11  1.08041638e+10
 1.76100000e+02  9.43610868e+16  2.31451659e+16  5.08063955e+10  1.87558531e+10  4.03147928e+11  1.08041638e+10
 1.76125000e+02  9.42514088e+16  2.32142707e+16  5.07473420e+10  1.88118527e+10  4.03147928e+11  1.08041638e+10
 1.76150000e+02  9.41418582e+16  2.32831274e+16  5.06883573e+10  1.88676512e+10  4.03147928e+11  1.08041638e+10
 1.76175000e+02  9.40324350e+16  2.33517364e+16  5.06294410e+10  1.89232490e+10  4.03147928e+11  1.08041638e+10
 1.76200000e+02  9.39231390e+16  2.34200983e+16  5.05705933e+10  1.89786466e+10  4.03147928e+11  1.08041638e+10
 1.76225000e+02  9.38139700e+16  2.34882138e+16  5.05118140e+10  1.90338444e+10  4.03147928e+11  1.08041638e+10
 1.76250000e+02  9.37049279e+16  2.35560833e+16  5.04531029e+10  1.90888430e+10  4.03147928e+11  1.08041638e+10
 1.76250000e+02  9.37049279e+16  0.00000000e+00  5.04531029e+10  0.00000000e+00  4.16814525e+11  1.07933597e+10
 1.76775000e+02  9.14440957e+16  2.21961905e+15  4.92358137e+10  1.79868440e+09  4.16814525e+11  1.07933597e+10
 1.77300000e+02  8.92378108e+16  4.30557801e+15  4.80478941e+10  3.48905637e+09  4.16814525e+11  1.07933597e+10
 1.77825000e+02  8.70847574e+16  6.26399280e+15  4.68886357e+10  5.07607201e+09  4.16814525e+11  1.07933597e+10
 1.78350000e+02  8.49836509e+16  8.10072747e+15  4.57573468e+10  6.56448327e+09  4.16814525e+11  1.07933597e+10
 1.78875000e+02  8.29332382e+16  9.82140399e+15  4.46533528e+10  7.95884597e+09  4.16814525e+11  1.07933597e+10
 1.79400000e+02  8.09322960e+16  1.14314118e+16  4.35759949e+10  9.26352743e+09  4.16814525e+11  1.07933597e+10
 1.79925000e+02  7.89796309e+16  1.29359167e+16  4.25246306e+10  1.04827139e+10  4.16814525e+11  1.07933597e+10
 1.80450000e+02  7.70740780e+16  1.43398699e+16  4.14986327e+10  1.16204176e+10  4.16814525e+11  1.07933597e+10
 1.80975000e+02  7.52145006e+16  1.56480164e+16  4.04973893e+10  1.26804836e+10  4.16814525e+11  1.07933597e+10
 1.81500000e+02  7.33997896e+16  1.68649029e+16  3.95203030e+10  1.36665964e+10  4.16814525e+11  1.07933597e+10
 1.81500000e+02  7.33997896e+16  0.00000000e+00  3.95203030e+10  0.00000000e+00  4.16814525e+11  1.07933597e+10
 1.81550000e+02  7.32292603e+16  1.70231049e+14  3.94284857e+10  1.37947966e+08  4.16814525e+11  1.07933597e+10
 1.81600000e+02  7.30591272e+16  3.39471709e+14  3.93368817e+10  2.75093361e+08  4.16814525e+11  1.07933597e+10
 1.81650000e+02  7.28893893e+16  5.07726358e+14  3.92454905e+10  4.11439737e+08  4.16814525e+11  1.07933597e+10
 1.81700000e+02  7.27200458e+16  6.74999359e+14  3.91543117e+10  5.46990627e+08  4.16814525e+11  1.07933597e+10
 1.81750000e+02  7.25510958e+16  8.41295057e+14  3.90633447e+10  6.81749552e+08  4.16814525e+11  1.07933597e+10
 1.81800000e+02  7.23825382e+16  1.00661778e+15  3.89725891e+10  8.15720020e+08  4.16814525e+11  1.07933597e+10
 1.81850000e+02  7.22143723e+16  1.17097184e+15  3.88820443e+10  9.48905524e+08  4.16814525e+11  1.07933597e+10
 1.81900000e+02  7.20465971e+16  1.33436153e+15  3.87917099e+10  1.08130954e+09  4.16814525e+11  1.07933597e+10
 1.81950000e+02  7.18792116e+16  1.49679112e+15  3.87015853e+10  1.21293554e+09  4.16814525e+11  1.07933597e+10
 1.82000000e+02  7.17122151e+16  1.65826488e+15  3.86116701e+10  1.34378697e+09  4.16814525e+11  1.07933597e+10
 1.82000000e+02  7.17122151e+16  1.65826488e+15  3.86116701e+10  1.34378697e+09  4.16814525e+11  1.07933597e+10
 1.82700000e+02  7.43530518e+16  3.90041591e+15  4.00335634e+10  3.16073032e+09  4.16814525e+11  1.07933597e+10
 1.83400000e+02  7.69092775e+16  6.11788765e+15  4.14099000e+10  4.95767464e+09  4.16814525e+11  1.07933597e+10
 1.84100000e+02  7.93836031e+16  8.30921532e+15  4.27421395e+10  6.73343290e+09  4.16814525e+11  1.07933597e+10
 1.84800000e+02  8.17786527e+16  1.04730889e+16  4.40316947e+10  8.48694356e+09  4.16814525e+11  1.07933597e+10
 1.85500000e+02  8.40969662e+16  1.26083431e+16  4.52799333e+10  1.02172623e+10  4.16814525e+11  1.07933597e+10
 1.86200000e+02  8.63410021e+16  1.47139478e+16  4.64881790e+10  1.19235543e+10  4.16814525e+11  1.07933597e+10
 1.86900000e+02  8.85131403e+16  1.67889989e+16  4.76577132e+10  1.36050871e+10  4.16814525e+11  1.07933597e+10
 1.87600000e+02  9.06156844e+16  1.88327101e+16  4.87897761e+10  1.52612233e+10  4.16814525e+11  1.07933597e+10
 1.88300000e+02  9.26508641e+16  2.08444046e+16  4.98855683e+10  1.68914145e+10  4.16814525e+11  1.07933597e+10
 1.89000000e+02  9.46208377e+16  2.28235077e+16  5.09462519e+10  1.84951950e+10  4.16814525e+11  1.07933597e+10
 1.89000000e+02  9.46208377e+16  2.28235077e+16  5.09462519e+10  1.84951950e+10  4.35867656e+11  1.07825663e+10
 1.89025000e+02  9.45108578e+16  2.28934767e+16  5.08870360e+10  1.85518949e+10  4.35867656e+11  1.07825663e+10
 1.89050000e+02  9.44010057e+16  2.29631957e+16  5.08278888e+10  1.86083922e+10  4.35867656e+11  1.07825663e+10
 1.89075000e+02  9.42912812e+16  2.30326652e+16  5.07688104e+10  1.86646873e+10  4.35867656e+11  1.07825663e+10
 1.89100000e+02  9.41816844e+16  2.31018857e+16  5.07098007e+10  1.87207807e+10  4.35867656e+11  1.07825663e+10
 1.89125000e+02  9.40722149e+16  2.31708579e+16  5.06508595e+10  1.87766728e+10  4.35867656e+11  1.07825663e+10
 1.89150000e+02  9.39628726e+16  2.32395824e+16  5.05919869e+10  1.88323642e+10  4.35867656e+11  1.07825663e+10
 1.89175000e+02  9.38536574e+16  2.33080597e+16  5.05331827e+10  1.88878552e+10  4.35867656e+11  1.07825663e+10
 1.89200000e+02  9.37445692e+16  2.33762904e+16  5.04744468e+10  1.89431465e+10  4.35867656e+11  1.07825663e+10
 1.89225000e+02  9.36356078e+16  2.34442751e+16  5.04157792e+10  1.89982384e+10  4.35867656e+11  1.07825663e+10
 1.89250000e+02  9.35267730e+16  2.35120144e+16  5.03571798e+10  1.90531314e+10  4.35867656e+11  1.07825663e+10
 1.89250000e+02  9.35267730e+16  0.00000000e+00  5.03571798e+10  0.00000000e+00  4.49508269e+11  1.07717837e+10
 1.89775000e+02  9.12702391e+16  2.21539904e+15  4.91422049e+10  1.79526468e+09  4.49508269e+11  1.07717837e+10
 1.90300000e+02  8.90681489e+16  4.29739210e+15  4.79565439e+10  3.48242286e+09  4.49508269e+11  1.07717837e+10
 1.90825000e+02  8.69191889e+16  6.25208349e+15  4.67994894e+10  5.06642121e+09  4.49508269e+11  1.07717837e+10
 1.91350000e+02  8.48220772e+16  8.08532610e+15  4.56703514e+10  6.55200265e+09  4.49508269e+11  1.07717837e+10
 1.91875000e+02  8.27755627e+16  9.80273121e+15  4.45684563e+10  7.94371435e+09  4.49508269e+11  1.07717837e+10
 1.92400000e+02  8.07784248e+16  1.14096780e+16  4.34931468e+10  9.24591531e+09  4.49508269e+11  1.07717837e+10
 1.92925000e+02  7.88294722e+16  1.29113225e+16  4.24437814e+10  1.04627838e+10  4.49508269e+11  1.07717837e+10
 1.93450000e+02  7.69275422e+16  1.43126065e+16  4.14197342e+10  1.15983245e+10  4.49508269e+11  1.07717837e+10
 1.93975000e+02  7.50715003e+16  1.56182659e+16  4.04203943e+10  1.26563750e+10  4.49508269e+11  1.07717837e+10
 1.94500000e+02  7.32602395e+16  1.68328388e+16  3.94451656e+10  1.36406130e+10  4.49508269e+11  1.07717837e+10
 1.94500000e+02  7.32602395e+16  0.00000000e+00  3.94451656e+10  0.00000000e+00  4.49508269e+11  1.07717837e+10
 1.94550000e+02  7.30900344e+16  1.69907400e+14  3.93535229e+10  1.37685694e+08  4.49508269e+11  1.07717837e+10
 1.94600000e+02  7.29202247e+16  3.38826294e+14  3.92620931e+10  2.74570345e+08  4.49508269e+11  1.07717837e+10
 1.94650000e+02  7.27508096e+16  5.06761051e+14  3.91708757e+10  4.10657494e+08  4.49508269e+11  1.07717837e+10
 1.94700000e+02  7.25817881e+16  6.73716028e+14  3.90798702e+10  5.45950670e+08  4.49508269e+11  1.07717837e+10
 1.94750000e+02  7.24131592e+16  8.39695559e+14  3.89890762e+10  6.80453387e+08  4.49508269e+11  1.07717837e+10
 1.94800000e+02  7.22449221e+16  1.00470397e+15  3.88984931e+10  8.14169146e+08  4.49508269e+11  1.07717837e+10
 1.94850000e+02  7.20770759e+16  1.16874555e+15  3.88081205e+10  9.47101434e+08  4.49508269e+11  1.07717837e+10
 1.94900000e+02  7.19096197e+16  1.33182460e+15  3.87179578e+10  1.07925372e+09  4.49508269e+11  1.07717837e+10
 1.94950000e+02  7.17425525e+16  1.49394537e+15  3.86280046e+10  1.21062947e+09  4.49508269e+11  1.07717837e+10
 1.95000000e+02  7.15758734e+16  1.65511213e+15  3.85382604e+10  1.34123212e+09  4.49508269e+11  1.07717837e+10
 1.95000000e+02  7.15758734e+16  1.65511213e+15  3.85382604e+10  1.34123212e+09  4.49508269e+11  1.07717837e+10
 1.95700000e+02  7.42112065e+16  3.89299253e+15  3.99571903e+10  3.15471473e+09  4.49508269e+11  1.07717837e+10
 1.96400000e+02  7.67621049e+16  6.10622585e+15  4.13306585e+10  4.94822441e+09  4.49508269e+11  1.07717837e+10
 1.97100000e+02  7.92312739e+16  8.29335125e+15  4.26601216e+10  6.72057734e+09  4.49508269e+11  1.07717837e+10
 1.97800000e+02  8.16213320e+16  1.04530624e+16  4.39469893e+10  8.47071491e+09  4.49508269e+11  1.07717837e+10
 1.98500000e+02  8.39348139e+16  1.25841971e+16  4.51926265e+10  1.01976954e+10  4.49508269e+11  1.07717837e+10
 1.99200000e+02  8.61741732e+16  1.46857284e+16  4.63983541e+10  1.19006865e+10  4.49508269e+11  1.07717837e+10
 1.99900000e+02  8.83417845e+16  1.67567547e+16  4.75654509e+10  1.35789577e+10  4.49508269e+11  1.07717837e+10
 2.00600000e+02  9.04399468e+16  1.87964920e+16  4.86951545e+10  1.52318736e+10  4.49508269e+11  1.07717837e+10
 2.01300000e+02  9.24708850e+16  2.08042657e+16  4.97886630e+10  1.68588876e+10  4.49508269e+11  1.07717837e+10
 2.02000000e+02  9.44367531e+16  2.27795029e+16  5.08471361e+10  1.84595354e+10  4.49508269e+11  1.07717837e+10
 2.02000000e+02  9.44367531e+16  2.27795029e+16  5.08471361e+10  1.84595354e+10  4.68524650e+11  1.07610120e+10
 2.02025000e+02  9.43269871e+16  2.28493352e+16  5.07880353e+10  1.85161245e+10  4.68524650e+11  1.07610120e+10
 2.02050000e+02  9.42173487e+16  2.29189178e+16  5.07290033e+10  1.85725113e+10  4.68524650e+11  1.07610120e+10
 2.02075000e+02  9.41078378e+16  2.29882514e+16  5.06700398e+10  1.86286963e+10  4.68524650e+11  1.07610120e+10
 2.02100000e+02  9.39984541e+16  2.30573366e+16  5.06111449e+10  1.86846799e+10  4.68524650e+11  1.07610120e+10
 2.02125000e+02  9.38891976e+16  2.31261739e+16  5.05523184e+10  1.87404628e+10  4.68524650e+11  1.07610120e+10
 2.02150000e+02  9.37800681e+16  2.31947640e+16  5.04935603e+10  1.87960452e+10  4.68524650e+11  1.07610120e+10
 2.02175000e+02  9.36710654e+16  2.32631074e+16  5.04348705e+10  1.88514278e+10  4.68524650e+11  1.07610120e+10
 2.02200000e+02  9.35621894e+16  2.33312047e+16  5.03762489e+10  1.89066109e+10  4.68524650e+11  1.07610120e+10
 2.02225000e+02  9.34534399e+16  2.33990564e+16  5.03176954e+10  1.89615951e+10  4.68524650e+11  1.07610120e+10
 2.02250000e+02  9.33448169e+16  2.34666632e+16  5.02592100e+10  1.90163807e+10  4.68524650e+11  1.07610120e+10
 2.02250000e+02  9.33448169e+16  0.00000000e+00  5.02592100e+10  0.00000000e+00  4.82138725e+11  1.07502509e+10
 2.02775000e+02  9.10926731e+16  2.21108898e+15  4.90465989e+10  1.79177200e+09  4.82138725e+11  1.07502509e+10
 2.03300000e+02  8.88948671e+16  4.28903153e+15  4.78632445e+10  3.47564781e+09  4.82138725e+11  1.07502509e+10
 2.03825000e+02  8.67500879e+16  6.23992008e+15  4.67084412e+10  5.05656450e+09  4.82138725e+11  1.07502509e+10
 2.04350000e+02  8.46570560e+16  8.06959612e+15  4.55814999e+10  6.53925575e+09  4.82138725e+11  1.07502509e+10
 2.04875000e+02  8.26145231e+16  9.78366002e+15  4.44817485e+10  7.92825987e+09  4.82138725e+11  1.07502509e+10
 2.05400000e+02  8.06212706e+16  1.13874805e+16  4.34085310e+10  9.22792740e+09  4.82138725e+11  1.07502509e+10
 2.05925000e+02  7.86761096e+16  1.28862035e+16  4.23612071e+10  1.04424285e+10  4.82138725e+11  1.07502509e+10
 2.06450000e+02  7.67778799e+16  1.42847613e+16  4.13391522e+10  1.15757600e+10  4.82138725e+11  1.07502509e+10
 2.06975000e+02  7.49254489e+16  1.55878806e+16  4.03417565e+10  1.26317521e+10  4.82138725e+11  1.07502509e+10
 2.07500000e+02  7.31177119e+16  1.68000906e+16  3.93684252e+10  1.36140753e+10  4.82138725e+11  1.07502509e+10
 2.07500000e+02  7.31177119e+16  0.00000000e+00  3.93684252e+10  0.00000000e+00  4.82138725e+11  1.07502509e+10
 2.07550000e+02  7.29478379e+16  1.69576846e+14  3.92769607e+10  1.37417827e+08  4.82138725e+11  1.07502509e+10
 2.07600000e+02  7.27783586e+16  3.38167108e+14  3.91857088e+10  2.74036169e+08  4.82138725e+11  1.07502509e+10
 2.07650000e+02  7.26092731e+16  5.05775149e+14  3.90946689e+10  4.09858561e+08  4.82138725e+11  1.07502509e+10
 2.07700000e+02  7.24405804e+16  6.72405315e+14  3.90038404e+10  5.44888524e+08  4.82138725e+11  1.07502509e+10
 2.07750000e+02  7.22722796e+16  8.38061933e+14  3.89132231e+10  6.79129567e+08  4.82138725e+11  1.07502509e+10
 2.07800000e+02  7.21043698e+16  1.00274932e+15  3.88228162e+10  8.12585182e+08  4.82138725e+11  1.07502509e+10
 2.07850000e+02  7.19368502e+16  1.16647176e+15  3.87326194e+10  9.45258850e+08  4.82138725e+11  1.07502509e+10
 2.07900000e+02  7.17697197e+16  1.32923353e+15  3.86426321e+10  1.07715404e+09  4.82138725e+11  1.07502509e+10
 2.07950000e+02  7.16029775e+16  1.49103891e+15  3.85528539e+10  1.20827419e+09  4.82138725e+11  1.07502509e+10
 2.08000000e+02  7.14366227e+16  1.65189211e+15  3.84632843e+10  1.33862276e+09  4.82138725e+11  1.07502509e+10
 2.08000000e+02  7.14366227e+16  1.65189211e+15  3.84632843e+10  1.33862276e+09  4.82138725e+11  1.07502509e+10
 2.08700000e+02  7.40665651e+16  3.88541448e+15  3.98793117e+10  3.14857380e+09  4.82138725e+11  1.07502509e+10
 2.09400000e+02  7.66122455e+16  6.09432966e+15  4.12499704e+10  4.93858425e+09  4.82138725e+11  1.07502509e+10
 2.10100000e+02  7.90763636e+16  8.27718034e+15  4.25767140e+10  6.70747313e+09  4.82138725e+11  1.07502509e+10
 2.10800000e+02  8.14615327e+16  1.04326633e+16  4.38609493e+10  8.45418437e+09  4.82138725e+11  1.07502509e+10
 2.11500000e+02  8.37702823e+16  1.25596193e+16  4.51040385e+10  1.01777786e+10  4.82138725e+11  1.07502509e+10
 2.12200000e+02  8.60050608e+16  1.46570236e+16  4.63072998e+10  1.18774254e+10  4.82138725e+11  1.07502509e+10
 2.12900000e+02  8.81682382e+16  1.67239772e+16  4.74720092e+10  1.35523963e+10  4.82138725e+11  1.07502509e+10
 2.13600000e+02  9.02621085e+16  1.87596980e+16  4.85994019e+10  1.52020574e+10  4.82138725e+11  1.07502509e+10
 2.14300000e+02  9.22888924e+16  2.07635131e+16  4.96906736e+10  1.68258635e+10  4.82138725e+11  1.07502509e+10
 2.15000000e+02  9.42507392e+16  2.27348512e+16  5.07469815e+10  1.84233516e+10  4.82138725e+11  1.07502509e+10
 2.15000000e+02  9.42507392e+16  2.27348512e+16  5.07469815e+10  1.84233516e+10  5.01117822e+11  1.07395007e+10
 2.15025000e+02  9.41411894e+16  2.28045455e+16  5.06879972e+10  1.84798289e+10  5.01117822e+11  1.07395007e+10
 2.15050000e+02  9.40317670e+16  2.28739907e+16  5.06290814e+10  1.85361043e+10  5.01117822e+11  1.07395007e+10
 2.15075000e+02  9.39224717e+16  2.29431874e+16  5.05702340e+10  1.85921783e+10  5.01117822e+11  1.07395007e+10
 2.15100000e+02  9.38133035e+16  2.30121361e+16  5.05114551e+10  1.86480514e+10  5.01117822e+11  1.07395007e+10
 2.15125000e+02  9.37042622e+16  2.30808375e+16  5.04527445e+10  1.87037241e+10  5.01117822e+11  1.07395007e+10
 2.15150000e+02  9.35953476e+16  2.31492921e+16  5.03941021e+10  1.87591968e+10  5.01117822e+11  1.07395007e+10
 2.15175000e+02  9.34865596e+16  2.32175005e+16  5.03355279e+10  1.88144699e+10  5.01117822e+11  1.07395007e+10
 2.15200000e+02  9.33778981e+16  2.32854632e+16  5.02770218e+10  1.88695440e+10  5.01117822e+11  1.07395007e+10
 2.15225000e+02  9.32693628e+16  2.33531810e+16  5.02185837e+10  1.89244196e+10  5.01117822e+11  1.07395007e+10
 2.15250000e+02  9.31609538e+16  2.34206542e+16  5.01602135e+10  1.89790970e+10  5.01117822e+11  1.07395007e+10
 2.15250000e+02  9.31609538e+16  0.00000000e+00  5.01602135e+10  0.00000000e+00  5.14705082e+11  1.07287612e+10
 2.15775000e+02  9.09132461e+16  2.20673376e+15  4.89499908e+10  1.78824271e+09  5.14705082e+11  1.07287612e+10
 2.16300000e+02  8.87197691e+16  4.28058334e+15  4.77689674e+10  3.46880176e+09  5.14705082e+11  1.07287612e+10
 2.16825000e+02  8.65792145e+16  6.22762919e+15  4.66164386e+10  5.04660448e+09  5.14705082e+11  1.07287612e+10
 2.17350000e+02  8.44903054e+16  8.05370128e+15  4.54917171e+10  6.52637525e+09  5.14705082e+11  1.07287612e+10
 2.17875000e+02  8.24517956e+16  9.76438896e+15  4.43941319e+10  7.91264342e+09  5.14705082e+11  1.07287612e+10
 2.18400000e+02  8.04624693e+16  1.13650503e+16  4.33230283e+10  9.20975097e+09  5.14705082e+11  1.07287612e+10
 2.18925000e+02  7.85211398e+16  1.28608213e+16  4.22777674e+10  1.04218598e+10  5.14705082e+11  1.07287612e+10
 2.19450000e+02  7.66266490e+16  1.42566244e+16  4.12577256e+10  1.15529590e+10  5.14705082e+11  1.07287612e+10
 2.19975000e+02  7.47778668e+16  1.55571768e+16  4.02622946e+10  1.26068711e+10  5.14705082e+11  1.07287612e+10
 2.20500000e+02  7.29736905e+16  1.67669991e+16  3.92908804e+10  1.35872593e+10  5.14705082e+11  1.07287612e+10
 2.20500000e+02  7.29736905e+16  0.00000000e+00  3.92908804e+10  0.00000000e+00  5.14705082e+11  1.07287612e+10
 2.20550000e+02  7.28041511e+16  1.69242827e+14  3.91995961e+10  1.37147153e+08  5.14705082e+11  1.07287612e+10
 2.20600000e+02  7.26350056e+16  3.37501014e+14  3.91085239e+10  2.73496394e+08  5.14705082e+11  1.07287612e+10
 2.20650000e+02  7.24662532e+16  5.04778914e+14  3.90176633e+10  4.09051254e+08  5.14705082e+11  1.07287612e+10
 2.20700000e+02  7.22978927e+16  6.71080865e+14  3.89270138e+10  5.43815247e+08  5.14705082e+11  1.07287612e+10
 2.20750000e+02  7.21299235e+16  8.36411186e+14  3.88365749e+10  6.77791872e+08  5.14705082e+11  1.07287612e+10
 2.20800000e+02  7.19623444e+16  1.00077418e+15  3.87463461e+10  8.10984617e+08  5.14705082e+11  1.07287612e+10
 2.20850000e+02  7.17951547e+16  1.16417414e+15  3.86563270e+10  9.43396955e+08  5.14705082e+11  1.07287612e+10
 2.20900000e+02  7.16283535e+16  1.32661532e+15  3.85665169e+10  1.07503234e+09  5.14705082e+11  1.07287612e+10
 2.20950000e+02  7.14619397e+16  1.48810198e+15  3.84769156e+10  1.20589423e+09  5.14705082e+11  1.07287612e+10
 2.21000000e+02  7.12959126e+16  1.64863835e+15  3.83875224e+10  1.33598605e+09  5.14705082e+11  1.07287612e+10
 2.21000000e+02  7.12959126e+16  1.64863835e+15  3.83875224e+10  1.33598605e+09  5.14705082e+11  1.07287612e+10
 2.21700000e+02  7.39205307e+16  3.87775898e+15  3.98006831e+10  3.14237012e+09  5.14705082e+11  1.07287612e+10
 2.22400000e+02  7.64610574e+16  6.08231651e+15  4.11685669e+10  4.92884931e+09  5.14705082e+11  1.07287612e+10
 2.23100000e+02  7.89201870e+16  8.26085684e+15  4.24926245e+10  6.69424526e+09  5.14705082e+11  1.07287612e+10
 2.23800000e+02  8.13005274e+16  1.04120796e+16  4.37742600e+10  8.43750425e+09  5.14705082e+11  1.07287612e+10
 2.24500000e+02  8.36046029e+16  1.25348283e+16  4.50148325e+10  1.01576890e+10  5.14705082e+11  1.07287612e+10
 2.25200000e+02  8.58348572e+16  1.46280804e+16  4.62156578e+10  1.18539710e+10  5.14705082e+11  1.07287612e+10
 2.25900000e+02  8.79936552e+16  1.66909389e+16  4.73780093e+10  1.35256234e+10  5.14705082e+11  1.07287612e+10
 2.26600000e+02  9.00832866e+16  1.87226236e+16  4.85031196e+10  1.51720138e+10  5.14705082e+11  1.07287612e+10
 2.27300000e+02  9.21059672e+16  2.07224631e+16  4.95921821e+10  1.67925982e+10  5.14705082e+11  1.07287612e+10
 2.28000000e+02  9.40638423e+16  2.26898874e+16  5.06463515e+10  1.83869148e+10  5.14705082e+11  1.07287612e+10
 2.28000000e+02  9.40638423e+16  2.26898874e+16  5.06463515e+10  1.83869148e+10  5.33646638e+11  1.07180324e+10
 2.28025000e+02  9.39545098e+16  2.27594433e+16  5.05874841e+10  1.84432800e+10  5.33646638e+11  1.07180324e+10
 2.28050000e+02  9.38453043e+16  2.28287506e+16  5.05286851e+10  1.84994436e+10  5.33646638e+11  1.07180324e+10
 2.28075000e+02  9.37362258e+16  2.28978098e+16  5.04699545e+10  1.85554063e+10  5.33646638e+11  1.07180324e+10
 2.28100000e+02  9.36272741e+16  2.29666216e+16  5.04112921e+10  1.86111684e+10  5.33646638e+11  1.07180324e+10
 2.28125000e+02  9.35184490e+16  2.30351865e+16  5.03526979e+10  1.86667305e+10  5.33646638e+11  1.07180324e+10
 2.28150000e+02  9.34097504e+16  2.31035052e+16  5.02941719e+10  1.87220930e+10  5.33646638e+11  1.07180324e+10
 2.28175000e+02  9.33011781e+16  2.31715781e+16  5.02357138e+10  1.87772564e+10  5.33646638e+11  1.07180324e+10
 2.28200000e+02  9.31927320e+16  2.32394059e+16  5.01773237e+10  1.88322212e+10  5.33646638e+11  1.07180324e+10
 2.28225000e+02  9.30844120e+16  2.33069891e+16  5.01190015e+10  1.88869877e+10  5.33646638e+11  1.07180324e+10
 2.28250000e+02  9.29762179e+16  2.33743284e+16  5.00607470e+10  1.89415566e+10  5.33646638e+11  1.07180324e+10
 2.28250000e+02  9.29762179e+16  0.00000000e+00  5.00607470e+10  0.00000000e+00  5.47206954e+11  1.07073144e+10
 2.28775000e+02  9.07329673e+16  2.20235786e+15  4.88529242e+10  1.78469667e+09  5.47206954e+11  1.07073144e+10
 2.29300000e+02  8.85438400e+16  4.27209505e+15  4.76742427e+10  3.46192321e+09  5.47206954e+11  1.07073144e+10
 2.29825000e+02  8.64075301e+16  6.21527995e+15  4.65239994e+10  5.03659719e+09  5.47206954e+11  1.07073144e+10
 2.30350000e+02  8.43227632e+16  8.03773099e+15  4.54015082e+10  6.51343361e+09  5.47206954e+11  1.07073144e+10
 2.30875000e+02  8.22882958e+16  9.74502641e+15  4.43060995e+10  7.89695284e+09  5.47206954e+11  1.07073144e+10
 2.31400000e+02  8.03029142e+16  1.13425137e+16  4.32371198e+10  9.19148826e+09  5.47206954e+11  1.07073144e+10
 2.31925000e+02  7.83654343e+16  1.28353186e+16  4.21939316e+10  1.04011935e+10  5.47206954e+11  1.07073144e+10
 2.32450000e+02  7.64747002e+16  1.42283538e+16  4.11759126e+10  1.15300497e+10  5.47206954e+11  1.07073144e+10
 2.32975000e+02  7.46295841e+16  1.55263273e+16  4.01824554e+10  1.25818720e+10  5.47206954e+11  1.07073144e+10
 2.33500000e+02  7.28289854e+16  1.67337506e+16  3.92129676e+10  1.35603161e+10  5.47206954e+11  1.07073144e+10
 2.33500000e+02  7.28289854e+16  0.00000000e+00  3.92129676e+10  0.00000000e+00  5.47206954e+11  1.07073144e+10
 2.33550000e+02  7.26597823e+16  1.68907223e+14  3.91218643e+10  1.36875193e+08  5.47206954e+11  1.07073144e+10
 2.33600000e+02  7.24909722e+16  3.36831757e+14  3.90309727e+10  2.72954058e+08  5.47206954e+11  1.07073144e+10
 2.33650000e+02  7.23225544e+16  5.03777950e+14  3.89402923e+10  4.08240116e+08  5.47206954e+11  1.07073144e+10
 2.33700000e+02  7.21545278e+16  6.69750128e+14  3.88498225e+10  5.42736874e+08  5.47206954e+11  1.07073144e+10
 2.33750000e+02  7.19868916e+16  8.34752604e+14  3.87595629e+10  6.76447827e+08  5.47206954e+11  1.07073144e+10
 2.33800000e+02  7.18196449e+16  9.98789671e+14  3.86695131e+10  8.09376455e+08  5.47206954e+11  1.07073144e+10
 2.33850000e+02  7.16527867e+16  1.16186561e+15  3.85796724e+10  9.41526222e+08  5.47206954e+11  1.07073144e+10
 2.33900000e+02  7.14863162e+16  1.32398467e+15  3.84900405e+10  1.07290058e+09  5.47206954e+11  1.07073144e+10
 2.33950000e+02  7.13202325e+16  1.48515111e+15  3.84006168e+10  1.20350297e+09  5.47206954e+11  1.07073144e+10
 2.34000000e+02  7.11545346e+16  1.64536914e+15  3.83114009e+10  1.33333682e+09  5.47206954e+11  1.07073144e+10
 2.34000000e+02  7.11545346e+16  1.64536914e+15  3.83114009e+10  1.33333682e+09  5.47206954e+11  1.07073144e+10
 2.34700000e+02  7.37738694e+16  3.87006821e+15  3.97217170e+10  3.13613785e+09  5.47206954e+11  1.07073144e+10
 2.35400000e+02  7.63092822e+16  6.07025050e+15  4.10868473e+10  4.91907152e+09  5.47206954e+11  1.07073144e+10
 2.36100000e+02  7.87634617e+16  8.24446496e+15  4.24082396e+10  6.68096198e+09  5.47206954e+11  1.07073144e+10
 2.36800000e+02  8.11390106e+16  1.03914140e+16  4.36872953e+10  8.42075774e+09  5.47206954e+11  1.07073144e+10
 2.37500000e+02  8.34384482e+16  1.25099436e+16  4.49253706e+10  1.01375235e+10  5.47206954e+11  1.07073144e+10
 2.38200000e+02  8.56642130e+16  1.45990334e+16  4.61237787e+10  1.18304326e+10  5.47206954e+11  1.07073144e+10
 2.38900000e+02  8.78186655e+16  1.66577883e+16  4.72837904e+10  1.34987596e+10  5.47206954e+11  1.07073144e+10
 2.39600000e+02  8.99040905e+16  1.86854298e+16  4.84066360e+10  1.51418736e+10  5.47206954e+11  1.07073144e+10
 2.40300000e+02  9.19226997e+16  2.06812880e+16  4.94935062e+10  1.67592318e+10  5.47206954e+11  1.07073144e+10
 2.41000000e+02  9.38766336e+16  2.26447942e+16  5.05455536e+10  1.83503733e+10  5.47206954e+11  1.07073144e+10
 2.41000000e+02  9.38766336e+16  2.26447942e+16  5.05455536e+10  1.83503733e+10  5.66110864e+11  1.06966071e+10
 2.41025000e+02  9.37675187e+16  2.27142116e+16  5.04868034e+10  1.84066261e+10  5.66110864e+11  1.06966071e+10
 2.41050000e+02  9.36585306e+16  2.27833808e+16  5.04281214e+10  1.84626779e+10  5.66110864e+11  1.06966071e+10
 2.41075000e+02  9.35496692e+16  2.28523025e+16  5.03695077e+10  1.85185291e+10  5.66110864e+11  1.06966071e+10
 2.41100000e+02  9.34409343e+16  2.29209772e+16  5.03109621e+10  1.85741801e+10  5.66110864e+11  1.06966071e+10
 2.41125000e+02  9.33323258e+16  2.29894056e+16  5.02524845e+10  1.86296316e+10  5.66110864e+11  1.06966071e+10
 2.41150000e+02  9.32238435e+16  2.30575881e+16  5.01940749e+10  1.86848838e+10  5.66110864e+11  1.06966071e+10
 2.41175000e+02  9.31154873e+16  2.31255255e+16  5.01357332e+10  1.87399373e+10  5.66110864e+11  1.06966071e+10
 2.41200000e+02  9.30072571e+16  2.31932181e+16  5.00774593e+10  1.87947926e+10  5.66110864e+11  1.06966071e+10
 2.41225000e+02  9.28991526e+16  2.32606668e+16  5.00192531e+10  1.88494500e+10  5.66110864e+11  1.06966071e+10
 2.41250000e+02  9.27911738e+16  2.33278719e+16  4.99611146e+10  1.89039102e+10  5.66110864e+11  1.06966071e+10
 2.41250000e+02  9.27911738e+16  0.00000000e+00  4.99611146e+10  0.00000000e+00  5.79644192e+11  1.06859105e+10
 2.41775000e+02  9.05523879e+16  2.19797466e+15  4.87556956e+10  1.78114471e+09  5.79644192e+11  1.06859105e+10
 2.42300000e+02  8.83676174e+16  4.26359260e+15  4.75793600e+10  3.45503319e+09  5.79644192e+11  1.06859105e+10
 2.42825000e+02  8.62355592e+16  6.20291011e+15  4.64314059e+10  5.02657321e+09  5.79644192e+11  1.06859105e+10
 2.43350000e+02  8.41549415e+16  8.02173405e+15  4.53111487e+10  6.50047038e+09  5.79644192e+11  1.06859105e+10
 2.43875000e+02  8.21245231e+16  9.72563157e+15  4.42179201e+10  7.88123609e+09  5.79644192e+11  1.06859105e+10
 2.44400000e+02  8.01430930e+16  1.13199395e+16  4.31510680e+10  9.17319509e+09  5.79644192e+11  1.06859105e+10
 2.44925000e+02  7.82094691e+16  1.28097734e+16  4.21099560e+10  1.03804928e+10  5.79644192e+11  1.06859105e+10
 2.45450000e+02  7.63224980e+16  1.42000361e+16  4.10939631e+10  1.15071023e+10  5.79644192e+11  1.06859105e+10
 2.45975000e+02  7.44810541e+16  1.54954264e+16  4.01024831e+10  1.25568312e+10  5.79644192e+11  1.06859105e+10
 2.46500000e+02  7.26840390e+16  1.67004465e+16  3.91349247e+10  1.35333280e+10  5.79644192e+11  1.06859105e+10
 2.46500000e+02  7.26840390e+16  0.00000000e+00  3.91349247e+10  0.00000000e+00  5.79644192e+11  1.06859105e+10
 2.46550000e+02  7.25151726e+16  1.68571059e+14  3.90440028e+10  1.36602780e+08  5.79644192e+11  1.06859105e+10
 2.46600000e+02  7.23466985e+16  3.36161385e+14  3.89532921e+10  2.72410817e+08  5.79644192e+11  1.06859105e+10
 2.46650000e+02  7.21786159e+16  5.02775316e+14  3.88627921e+10  4.07427624e+08  5.79644192e+11  1.06859105e+10
 2.46700000e+02  7.20109237e+16  6.68417171e+14  3.87725024e+10  5.41656703e+08  5.79644192e+11  1.06859105e+10
 2.46750000e+02  7.18436211e+16  8.33091254e+14  3.86824225e+10  6.75101541e+08  5.79644192e+11  1.06859105e+10
 2.46800000e+02  7.16767073e+16  9.96801850e+14  3.85925519e+10  8.07765610e+08  5.79644192e+11  1.06859105e+10
 2.46850000e+02  7.15101812e+16  1.15955323e+15  3.85028900e+10  9.39652369e+08  5.79644192e+11  1.06859105e+10
 2.46900000e+02  7.13440420e+16  1.32134964e+15  3.84134365e+10  1.07076526e+09  5.79644192e+11  1.06859105e+10
 2.46950000e+02  7.11782888e+16  1.48219532e+15  3.83241907e+10  1.20110773e+09  5.79644192e+11  1.06859105e+10
 2.47000000e+02  7.10129207e+16  1.64209448e+15  3.82351524e+10  1.33068317e+09  5.79644192e+11  1.06859105e+10
 2.47000000e+02  7.10129207e+16  1.64209448e+15  3.82351524e+10  1.33068317e+09  5.79644192e+11  1.06859105e+10
 2.47700000e+02  7.36269995e+16  3.86236519e+15  3.96426385e+10  3.12989565e+09  5.79644192e+11  1.06859105e+10
 2.48400000e+02  7.61573246e+16  6.05816661e+15  4.10050295e+10  4.90927926e+09  5.79644192e+11  1.06859105e+10
 2.49100000e+02  7.86065795e+16  8.22805068e+15  4.23237703e+10  6.66766055e+09  5.79644192e+11  1.06859105e+10
 2.49800000e+02  8.09773615e+16  1.03707225e+16  4.36002593e+10  8.40399022e+09  5.79644192e+11  1.06859105e+10
 2.50500000e+02  8.32721850e+16  1.24850304e+16  4.48358503e+10  1.01173349e+10  5.79644192e+11  1.06859105e+10
 2.51200000e+02  8.54934835e+16  1.45699562e+16  4.60318536e+10  1.18068697e+10  5.79644192e+11  1.06859105e+10
 2.51900000e+02  8.76436128e+16  1.66246066e+16  4.71895376e+10  1.34718705e+10  5.79644192e+11  1.06859105e+10
 2.52600000e+02  8.97248532e+16  1.86482048e+16  4.83101300e+10  1.51117080e+10  5.79644192e+11  1.06859105e+10
 2.53300000e+02  9.17394117e+16  2.06400822e+16  4.93948193e+10  1.67258403e+10  5.79644192e+11  1.06859105e+10
 2.54000000e+02  9.36894248e+16  2.25996714e+16  5.04447557e+10  1.83138077e+10  5.79644192e+11  1.06859105e+10
 2.54000000e+02  9.36894248e+16  2.25996714e+16  5.04447557e+10  1.83138077e+10  5.98510433e+11  1.06752246e+10
 2.54025000e+02  9.35805275e+16  2.26689503e+16  5.03861226e+10  1.83699483e+10  5.98510433e+11  1.06752246e+10
 2.54050000e+02  9.34717567e+16  2.27379815e+16  5.03275577e+10  1.84258882e+10  5.98510433e+11  1.06752246e+10
 2.54075000e+02  9.33631124e+16  2.28067657e+16  5.02690608e+10  1.84816280e+10  5.98510433e+11  1.06752246e+10
 2.54100000e+02  9.32545943e+16  2.28753034e+16  5.02106319e+10  1.85371680e+10  5.98510433e+11  1.06752246e+10
 2.54125000e+02  9.31462024e+16  2.29435952e+16  5.01522710e+10  1.85925088e+10  5.98510433e+11  1.06752246e+10
 2.54150000e+02  9.30379365e+16  2.30116417e+16  5.00939779e+10  1.86476508e+10  5.98510433e+11  1.06752246e+10
 2.54175000e+02  9.29297964e+16  2.30794435e+16  5.00357525e+10  1.87025945e+10  5.98510433e+11  1.06752246e+10
 2.54200000e+02  9.28217820e+16  2.31470012e+16  4.99775948e+10  1.87573403e+10  5.98510433e+11  1.06752246e+10
 2.54225000e+02  9.27138931e+16  2.32143152e+16  4.99195047e+10  1.88118887e+10  5.98510433e+11  1.06752246e+10
 2.54250000e+02  9.26061297e+16  2.32813863e+16  4.98614822e+10  1.88662402e+10  5.98510433e+11  1.06752246e+10
 2.54250000e+02  9.26061297e+16  0.00000000e+00  4.98614822e+10  0.00000000e+00  6.12016773e+11  1.06645493e+10
 2.54775000e+02  9.03718083e+16  2.19359146e+15  4.86584670e+10  1.77759275e+09  6.12016773e+11  1.06645493e+10
 2.55300000e+02  8.81913947e+16  4.25509014e+15  4.74844772e+10  3.44814316e+09  6.12016773e+11  1.06645493e+10
 2.55825000e+02  8.60635882e+16  6.19054027e+15  4.63388124e+10  5.01654921e+09  6.12016773e+11  1.06645493e+10
 2.56350000e+02  8.39871197e+16  8.00573711e+15  4.52207892e+10  6.48750714e+09  6.12016773e+11  1.06645493e+10
 2.56875000e+02  8.19607504e+16  9.70623672e+15  4.41297408e+10  7.86551933e+09  6.12016773e+11  1.06645493e+10
 2.57400000e+02  7.99832716e+16  1.12973653e+16  4.30650162e+10  9.15490190e+09  6.12016773e+11  1.06645493e+10
 2.57925000e+02  7.80535037e+16  1.27842281e+16  4.20259803e+10  1.03597920e+10  6.12016773e+11  1.06645493e+10
 2.58450000e+02  7.61702956e+16  1.41717184e+16  4.10120135e+10  1.14841548e+10  6.12016773e+11  1.06645493e+10
 2.58975000e+02  7.43325240e+16  1.54645254e+16  4.00225107e+10  1.25317903e+10  6.12016773e+11  1.06645493e+10
 2.59500000e+02  7.25390925e+16  1.66671425e+16  3.90568819e+10  1.35063398e+10  6.12016773e+11  1.06645493e+10
 2.59500000e+02  7.25390925e+16  0.00000000e+00  3.90568819e+10  0.00000000e+00  6.12016773e+11  1.06645493e+10
 2.59550000e+02  7.23705628e+16  1.68234894e+14  3.89661412e+10  1.36330367e+08  6.12016773e+11  1.06645493e+10
 2.59600000e+02  7.22024247e+16  3.35491012e+14  3.88756114e+10  2.71867575e+08  6.12016773e+11  1.06645493e+10
 2.59650000e+02  7.20346773e+16  5.01772681e+14  3.87852919e+10  4.06615132e+08  6.12016773e+11  1.06645493e+10
 2.59700000e+02  7.18673195e+16  6.67084214e+14  3.86951823e+10  5.40576531e+08  6.12016773e+11  1.06645493e+10
 2.59750000e+02  7.17003506e+16  8.31429903e+14  3.86052820e+10  6.73755253e+08  6.12016773e+11  1.06645493e+10
 2.59800000e+02  7.15337696e+16  9.94814028e+14  3.85155906e+10  8.06154763e+08  6.12016773e+11  1.06645493e+10
 2.59850000e+02  7.13675756e+16  1.15724085e+15  3.84261075e+10  9.37778514e+08  6.12016773e+11  1.06645493e+10
 2.59900000e+02  7.12017677e+16  1.31871460e+15  3.83368324e+10  1.06862994e+09  6.12016773e+11  1.06645493e+10
 2.59950000e+02  7.10363450e+16  1.47923952e+15  3.82477646e+10  1.19871248e+09  6.12016773e+11  1.06645493e+10
 2.60000000e+02  7.08713067e+16  1.63881981e+15  3.81589038e+10  1.32802952e+09  6.12016773e+11  1.06645493e+10
 2.60000000e+02  7.08713067e+16  1.63881981e+15  3.81589038e+10  1.32802952e+09  6.12016773e+11  1.06645493e+10
 2.60700000e+02  7.34801491e+16  3.85466249e+15  3.95635705e+10  3.12365371e+09  6.12016773e+11  1.06645493e+10
 2.61400000e+02  7.60054055e+16  6.04608394e+15  4.09232324e+10  4.89948798e+09  6.12016773e+11  1.06645493e+10
 2.62100000e+02  7.84497540e+16  8.21163908e+15  4.22393315e+10  6.65436129e+09  6.12016773e+11  1.06645493e+10
 2.62800000e+02  8.08157870e+16  1.03500356e+16  4.35132635e+10  8.38722646e+09  6.12016773e+11  1.06645493e+10
 2.63500000e+02  8.31060135e+16  1.24601242e+16  4.47463794e+10  1.00971521e+10  6.12016773e+11  1.06645493e+10
 2.64200000e+02  8.53228624e+16  1.45408888e+16  4.59399869e+10  1.17833148e+10  6.12016773e+11  1.06645493e+10
 2.64900000e+02  8.74686846e+16  1.65914380e+16  4.70953518e+10  1.34449922e+10  6.12016773e+11  1.06645493e+10
 2.65600000e+02  8.95457559e+16  1.86109965e+16  4.82136995e+10  1.50815560e+10  6.12016773e+11  1.06645493e+10
 2.66300000e+02  9.15562789e+16  2.05988970e+16  4.92962159e+10  1.66924656e+10  6.12016773e+11  1.06645493e+10
 2.67000000e+02  9.35023858e+16  2.25545734e+16  5.03440491e+10  1.82772622e+10  6.12016773e+11  1.06645493e+10
 2.67000000e+02  9.35023858e+16  2.25545734e+16  5.03440491e+10  1.82772622e+10  6.30845364e+11  1.06538848e+10
 2.67025000e+02  9.33937058e+16  2.26237139e+16  5.02855331e+10  1.83332907e+10  6.30845364e+11  1.06538848e+10
 2.67050000e+02  9.32851522e+16  2.26926073e+16  5.02270851e+10  1.83891189e+10  6.30845364e+11  1.06538848e+10
 2.67075000e+02  9.31767248e+16  2.27612541e+16  5.01687050e+10  1.84447474e+10  6.30845364e+11  1.06538848e+10
 2.67100000e+02  9.30684234e+16  2.28296550e+16  5.01103928e+10  1.85001765e+10  6.30845364e+11  1.06538848e+10
 2.67125000e+02  9.29602478e+16  2.28978104e+16  5.00521483e+10  1.85554068e+10  6.30845364e+11  1.06538848e+10
 2.67150000e+02  9.28521981e+16  2.29657211e+16  4.99939716e+10  1.86104387e+10  6.30845364e+11  1.06538848e+10
 2.67175000e+02  9.27442738e+16  2.30333875e+16  4.99358625e+10  1.86652726e+10  6.30845364e+11  1.06538848e+10
 2.67200000e+02  9.26364751e+16  2.31008102e+16  4.98778209e+10  1.87199091e+10  6.30845364e+11  1.06538848e+10
 2.67225000e+02  9.25288016e+16  2.31679899e+16  4.98198468e+10  1.87743486e+10  6.30845364e+11  1.06538848e+10
 2.67250000e+02  9.24212533e+16  2.32349270e+16  4.97619400e+10  1.88285916e+10  6.30845364e+11  1.06538848e+10
 2.67250000e+02  9.24212533e+16  0.00000000e+00  4.97619400e+10  0.00000000e+00  6.44324740e+11  1.06432309e+10
 2.67775000e+02  9.01913924e+16  2.18921223e+15  4.85613266e+10  1.77404401e+09  6.44324740e+11  1.06432309e+10
 2.68300000e+02  8.80153318e+16  4.24659540e+15  4.73896805e+10  3.44125938e+09  6.44324740e+11  1.06432309e+10
 2.68825000e+02  8.58917732e+16  6.17818164e+15  4.62463029e+10  5.00653431e+09  6.44324740e+11  1.06432309e+10
 2.69350000e+02  8.38194501e+16  7.98975467e+15  4.51305117e+10  6.47455565e+09  6.44324740e+11  1.06432309e+10
 2.69875000e+02  8.17971262e+16  9.68685945e+15  4.40416413e+10  7.84981682e+09  6.44324740e+11  1.06432309e+10
 2.70400000e+02  7.98235952e+16  1.12748115e+16  4.29790423e+10  9.13662530e+09  6.44324740e+11  1.06432309e+10
 2.70925000e+02  7.78976798e+16  1.27587060e+16  4.19420808e+10  1.03391100e+10  6.44324740e+11  1.06432309e+10
 2.71450000e+02  7.60182313e+16  1.41434264e+16  4.09301382e+10  1.14612282e+10  6.44324740e+11  1.06432309e+10
 2.71975000e+02  7.41841285e+16  1.54336524e+16  3.99426109e+10  1.25067722e+10  6.44324740e+11  1.06432309e+10
 2.72500000e+02  7.23942774e+16  1.66338687e+16  3.89789098e+10  1.34793761e+10  6.44324740e+11  1.06432309e+10
 2.72500000e+02  7.23942774e+16  0.00000000e+00  3.89789098e+10  0.00000000e+00  6.44324740e+11  1.06432309e+10
 2.72550000e+02  7.22260842e+16  1.67899035e+14  3.88883503e+10  1.36058201e+08  6.44324740e+11  1.06432309e+10
 2.72600000e+02  7.20582818e+16  3.34821246e+14  3.87980012e+10  2.71324826e+08  6.44324740e+11  1.06432309e+10
 2.72650000e+02  7.18908692e+16  5.00770956e+14  3.87078620e+10  4.05803376e+08  6.44324740e+11  1.06432309e+10
 2.72700000e+02  7.17238455e+16  6.65752465e+14  3.86179323e+10  5.39497339e+08  6.44324740e+11  1.06432309e+10
 2.72750000e+02  7.15572099e+16  8.29770059e+14  3.85282115e+10  6.72410186e+08  6.44324740e+11  1.06432309e+10
 2.72800000e+02  7.13909615e+16  9.92828008e+14  3.84386991e+10  8.04545378e+08  6.44324740e+11  1.06432309e+10
 2.72850000e+02  7.12250993e+16  1.15493056e+15  3.83493947e+10  9.35906358e+08  6.44324740e+11  1.06432309e+10
 2.72900000e+02  7.10596224e+16  1.31608196e+15  3.82602978e+10  1.06649656e+09  6.44324740e+11  1.06432309e+10
 2.72950000e+02  7.08945300e+16  1.47628641e+15  3.81714078e+10  1.19631940e+09  6.44324740e+11  1.06432309e+10
 2.73000000e+02  7.07298211e+16  1.63554812e+15  3.80827244e+10  1.32537828e+09  6.44324740e+11  1.06432309e+10
 2.73000000e+02  7.07298211e+16  1.63554812e+15  3.80827244e+10  1.32537828e+09  6.44324740e+11  1.06432309e+10
 2.73700000e+02  7.33334424e+16  3.84696694e+15  3.94845800e+10  3.11741756e+09  6.44324740e+11  1.06432309e+10
 2.74400000e+02  7.58536451e+16  6.03401290e+15  4.08415208e+10  4.88970612e+09  6.44324740e+11  1.06432309e+10
 2.75100000e+02  7.82931018e+16  8.19524382e+15  4.21549860e+10  6.64107528e+09  6.44324740e+11  1.06432309e+10
 2.75800000e+02  8.06543997e+16  1.03293701e+16  4.34263685e+10  8.37047996e+09  6.44324740e+11  1.06432309e+10
 2.76500000e+02  8.29400428e+16  1.24352445e+16  4.46570165e+10  1.00769906e+10  6.44324740e+11  1.06432309e+10
 2.77200000e+02  8.51524551e+16  1.45118533e+16  4.58482353e+10  1.17597856e+10  6.44324740e+11  1.06432309e+10
 2.77900000e+02  8.72939830e+16  1.65583067e+16  4.70012880e+10  1.34181440e+10  6.44324740e+11  1.06432309e+10
 2.78600000e+02  8.93668974e+16  1.85738310e+16  4.81173976e+10  1.50514387e+10  6.44324740e+11  1.06432309e+10
 2.79300000e+02  9.13733968e+16  2.05577604e+16  4.91977476e+10  1.66591303e+10  6.44324740e+11  1.06432309e+10
 2.80000000e+02  9.33156089e+16  2.25095298e+16  5.02434838e+10  1.82407608e+10  6.44324740e+11  1.06432309e+10
 2.80000000e+02  9.33156089e+16  2.25095298e+16  5.02434838e+10  1.82407608e+10  6.63115729e+11  1.06325877e+10
 2.80025000e+02  9.32071461e+16  2.25785322e+16  5.01850846e+10  1.82966773e+10  6.63115729e+11  1.06325877e+10
 2.80050000e+02  9.30988093e+16  2.26472879e+16  5.01267534e+10  1.83523940e+10  6.63115729e+11  1.06325877e+10
 2.80075000e+02  9.29905985e+16  2.27157976e+16  5.00684899e+10  1.84079114e+10  6.63115729e+11  1.06325877e+10
 2.80100000e+02  9.28825134e+16  2.27840618e+16  5.00102942e+10  1.84632298e+10  6.63115729e+11  1.06325877e+10
 2.80125000e+02  9.27745540e+16  2.28520811e+16  4.99521661e+10  1.85183497e+10  6.63115729e+11  1.06325877e+10
 2.80150000e+02  9.26667200e+16  2.29198561e+16  4.98941055e+10  1.85732716e+10  6.63115729e+11  1.06325877e+10
 2.80175000e+02  9.25590114e+16  2.29873873e+16  4.98361125e+10  1.86279961e+10  6.63115729e+11  1.06325877e+10
 2.80200000e+02  9.24514279e+16  2.30546753e+16  4.97781868e+10  1.86825234e+10  6.63115729e+11  1.06325877e+10
 2.80225000e+02  9.23439696e+16  2.31217208e+16  4.97203285e+10  1.87368541e+10  6.63115729e+11  1.06325877e+10
 2.80250000e+02  9.22366361e+16  2.31885241e+16  4.96625375e+10  1.87909887e+10  6.63115729e+11  1.06325877e+10
 2.80250000e+02  9.22366361e+16  0.00000000e+00  4.96625375e+10  0.00000000e+00  6.76568179e+11  1.06219551e+10
 2.80775000e+02  9.00112295e+16  2.18483914e+15  4.84643223e+10  1.77050025e+09  6.76568179e+11  1.06219551e+10
 2.81300000e+02  8.78395157e+16  4.23811256e+15  4.72950166e+10  3.43438525e+09  6.76568179e+11  1.06219551e+10
 2.81825000e+02  8.57201991e+16  6.16584034e+15  4.61539230e+10  4.99653344e+09  6.76568179e+11  1.06219551e+10
 2.82350000e+02  8.36520155e+16  7.97379464e+15  4.50403607e+10  6.46162233e+09  6.76568179e+11  1.06219551e+10
 2.82875000e+02  8.16337313e+16  9.66750934e+15  4.39536654e+10  7.83413632e+09  6.76568179e+11  1.06219551e+10
 2.83400000e+02  7.96641426e+16  1.12522894e+16  4.28931890e+10  9.11837432e+09  6.76568179e+11  1.06219551e+10
 2.83925000e+02  7.77420743e+16  1.27332197e+16  4.18582989e+10  1.03184570e+10  6.76568179e+11  1.06219551e+10
 2.84450000e+02  7.58663802e+16  1.41151740e+16  4.08483777e+10  1.14383336e+10  6.76568179e+11  1.06219551e+10
 2.84975000e+02  7.40359411e+16  1.54028227e+16  3.98628230e+10  1.24817891e+10  6.76568179e+11  1.06219551e+10
 2.85500000e+02  7.22496653e+16  1.66006415e+16  3.89010470e+10  1.34524502e+10  6.76568179e+11  1.06219551e+10
 2.85500000e+02  7.22496653e+16  0.00000000e+00  3.89010470e+10  0.00000000e+00  6.76568179e+11  1.06219551e+10
 2.85550000e+02  7.20818081e+16  1.67563646e+14  3.88106684e+10  1.35786416e+08  6.76568179e+11  1.06219551e+10
 2.85600000e+02  7.19143408e+16  3.34152420e+14  3.87204998e+10  2.70782838e+08  6.76568179e+11  1.06219551e+10
 2.85650000e+02  7.17472627e+16  4.99770634e+14  3.86305407e+10  4.04992759e+08  6.76568179e+11  1.06219551e+10
 2.85700000e+02  7.15805727e+16  6.64422583e+14  3.85407906e+10  5.38419659e+08  6.76568179e+11  1.06219551e+10
 2.85750000e+02  7.14142699e+16  8.28112542e+14  3.84512490e+10  6.71067005e+08  6.76568179e+11  1.06219551e+10
 2.85800000e+02  7.12483536e+16  9.90844772e+14  3.83619154e+10  8.02938248e+08  6.76568179e+11  1.06219551e+10
 2.85850000e+02  7.10828227e+16  1.15262352e+15  3.82727894e+10  9.34036827e+08  6.76568179e+11  1.06219551e+10
 2.85900000e+02  7.09176764e+16  1.31345300e+15  3.81838704e+10  1.06436617e+09  6.76568179e+11  1.06219551e+10
 2.85950000e+02  7.07529138e+16  1.47333743e+15  3.80951581e+10  1.19392968e+09  6.76568179e+11  1.06219551e+10
 2.86000000e+02  7.05885339e+16  1.63228101e+15  3.80066518e+10  1.32273075e+09  6.76568179e+11  1.06219551e+10
 2.86000000e+02  7.05885339e+16  1.63228101e+15  3.80066518e+10  1.32273075e+09  6.76568179e+11  1.06219551e+10
 2.86700000e+02  7.31869473e+16  3.83928227e+15  3.94057033e+10  3.11119023e+09  6.76568179e+11  1.06219551e+10
 2.87400000e+02  7.57021090e+16  6.02195914e+15  4.07599299e+10  4.87993827e+09  6.76568179e+11  1.06219551e+10
 2.88100000e+02  7.81366862e+16  8.17887235e+15  4.20707679e+10  6.62780854e+09  6.76568179e+11  1.06219551e+10
 2.88800000e+02  8.04932608e+16  1.03087348e+16  4.33396072e+10  8.35375805e+09  6.76568179e+11  1.06219551e+10
 2.89500000e+02  8.27743321e+16  1.24104018e+16  4.45677937e+10  1.00568591e+10  6.76568179e+11  1.06219551e+10
 2.90200000e+02  8.49823190e+16  1.44828614e+16  4.57566297e+10  1.17362918e+10  6.76568179e+11  1.06219551e+10
 2.90900000e+02  8.71195633e+16  1.65252258e+16  4.69073761e+10  1.33913366e+10  6.76568179e+11  1.06219551e+10
 2.91600000e+02  8.91883313e+16  1.85367226e+16  4.80212531e+10  1.50213677e+10  6.76568179e+11  1.06219551e+10
 2.92300000e+02  9.11908172e+16  2.05166876e+16  4.90994421e+10  1.66258467e+10  6.76568179e+11  1.06219551e+10
 2.93000000e+02  9.31291445e+16  2.24645568e+16  5.01430866e+10  1.82043165e+10  6.76568179e+11  1.06219551e+10
 2.93000000e+02  9.31291445e+16  2.24645568e+16  5.01430866e+10  1.82043165e+10  6.95321624e+11  1.06113331e+10
 2.93025000e+02  9.30208984e+16  2.25334212e+16  5.00848041e+10  1.82601213e+10  6.95321624e+11  1.06113331e+10
 2.93050000e+02  9.29127781e+16  2.26020396e+16  5.00265894e+10  1.83157267e+10  6.95321624e+11  1.06113331e+10
 2.93075000e+02  9.28047834e+16  2.26704124e+16  4.99684424e+10  1.83711331e+10  6.95321624e+11  1.06113331e+10
 2.93100000e+02  9.26969144e+16  2.27385401e+16  4.99103629e+10  1.84263409e+10  6.95321624e+11  1.06113331e+10
 2.93125000e+02  9.25891706e+16  2.28064235e+16  4.98523510e+10  1.84813507e+10  6.95321624e+11  1.06113331e+10
 2.93150000e+02  9.24815521e+16  2.28740631e+16  4.97944065e+10  1.85361629e+10  6.95321624e+11  1.06113331e+10
 2.93175000e+02  9.23740587e+16  2.29414593e+16  4.97365293e+10  1.85907780e+10  6.95321624e+11  1.06113331e+10
 2.93200000e+02  9.22666903e+16  2.30086129e+16  4.96787194e+10  1.86451964e+10  6.95321624e+11  1.06113331e+10
 2.93225000e+02  9.21594466e+16  2.30755243e+16  4.96209767e+10  1.86994185e+10  6.95321624e+11  1.06113331e+10
 2.93250000e+02  9.20523276e+16  2.31421942e+16  4.95633011e+10  1.87534449e+10  6.95321624e+11  1.06113331e+10
 2.93250000e+02  9.20523276e+16  0.00000000e+00  4.95633011e+10  0.00000000e+00  7.08747194e+11  1.06007218e+10
 2.93775000e+02  8.98313679e+16  2.18047337e+15  4.83674803e+10  1.76696241e+09  7.08747194e+11  1.06007218e+10
 2.94300000e+02  8.76639936e+16  4.22964390e+15  4.72005111e+10  3.42752262e+09  7.08747194e+11  1.06007218e+10
 2.94825000e+02  8.55489118e+16  6.15351968e+15  4.60616976e+10  4.98654931e+09  7.08747194e+11  1.06007218e+10
 2.95350000e+02  8.34848609e+16  7.95786130e+15  4.49503604e+10  6.44871063e+09  7.08747194e+11  1.06007218e+10
 2.95875000e+02  8.14706097e+16  9.64819160e+15  4.38658366e+10  7.81848205e+09  7.08747194e+11  1.06007218e+10
 2.96400000e+02  7.95049566e+16  1.12298049e+16  4.28074793e+10  9.10015387e+09  7.08747194e+11  1.06007218e+10
 2.96925000e+02  7.75867291e+16  1.27077760e+16  4.17746571e+10  1.02978385e+10  7.08747194e+11  1.06007218e+10
 2.97450000e+02  7.57147830e+16  1.40869689e+16  4.07667539e+10  1.14154774e+10  7.08747194e+11  1.06007218e+10
 2.97975000e+02  7.38880015e+16  1.53720446e+16  3.97831686e+10  1.24568479e+10  7.08747194e+11  1.06007218e+10
 2.98500000e+02  7.21052951e+16  1.65674699e+16  3.88233144e+10  1.34255694e+10  7.08747194e+11  1.06007218e+10
 2.98500000e+02  7.21052951e+16  0.00000000e+00  3.88233144e+10  0.00000000e+00  7.08747194e+11  1.06007218e+10
 2.98550000e+02  7.19377733e+16  1.67228818e+14  3.87331164e+10  1.35515086e+08  7.08747194e+11  1.06007218e+10
 2.98600000e+02  7.17706407e+16  3.33484712e+14  3.86431280e+10  2.70241756e+08  7.08747194e+11  1.06007218e+10
 2.98650000e+02  7.16038964e+16  4.98771986e+14  3.85533486e+10  4.04183497e+08  7.08747194e+11  1.06007218e+10
 2.98700000e+02  7.14375394e+16  6.63094925e+14  3.84637778e+10  5.37343782e+08  7.08747194e+11  1.06007218e+10
 2.98750000e+02  7.12715690e+16  8.26457796e+14  3.83744152e+10  6.69726070e+08  7.08747194e+11  1.06007218e+10
 2.98800000e+02  7.11059842e+16  9.88864853e+14  3.82852601e+10  8.01333806e+08  7.08747194e+11  1.06007218e+10
 2.98850000e+02  7.09407841e+16  1.15032033e+15  3.81963122e+10  9.32170422e+08  7.08747194e+11  1.06007218e+10
 2.98900000e+02  7.07759678e+16  1.31082844e+15  3.81075709e+10  1.06223934e+09  7.08747194e+11  1.06007218e+10
 2.98950000e+02  7.06115344e+16  1.47039339e+15  3.80190358e+10  1.19154395e+09  7.08747194e+11  1.06007218e+10
 2.99000000e+02  7.04474830e+16  1.62901936e+15  3.79307064e+10  1.32008766e+09  7.08747194e+11  1.06007218e+10
 2.99000000e+02  7.04474830e+16  1.62901936e+15  3.79307064e+10  1.32008766e+09  7.08747194e+11  1.06007218e+10
 2.99700000e+02  7.30407004e+16  3.83161050e+15  3.93269602e+10  3.10497336e+09  7.08747194e+11  1.06007218e+10
 3.00400000e+02  7.55508325e+16  6.00992574e+15  4.06784788e+10  4.87018692e+09  7.08747194e+11  1.06007218e+10
 3.01100000e+02  7.79805413e+16  8.16252870e+15  4.19866955e+10  6.61456434e+09  7.08747194e+11  1.06007218e+10
 3.01800000e+02  8.03324035e+16  1.02881349e+16  4.32529976e+10  8.33706473e+09  7.08747194e+11  1.06007218e+10
 3.02500000e+02  8.26089134e+16  1.23856018e+16  4.44787281e+10  1.00367623e+10  7.08747194e+11  1.06007218e+10
 3.03200000e+02  8.48124850e+16  1.44539196e+16  4.56651868e+10  1.17128386e+10  7.08747194e+11  1.06007218e+10
 3.03900000e+02  8.69454555e+16  1.64922023e+16  4.68136320e+10  1.33645757e+10  7.08747194e+11  1.06007218e+10
 3.04600000e+02  8.90100867e+16  1.84996790e+16  4.79252817e+10  1.49913491e+10  7.08747194e+11  1.06007218e+10
 3.05300000e+02  9.10085682e+16  2.04756869e+16  4.90013147e+10  1.65926214e+10  7.08747194e+11  1.06007218e+10
 3.06000000e+02  9.29430194e+16  2.24196629e+16  5.00428721e+10  1.81679365e+10  7.08747194e+11  1.06007218e+10
 3.06000000e+02  9.29430194e+16  2.24196629e+16  5.00428721e+10  1.81679365e+10  7.27463161e+11  1.05901211e+10
 3.06025000e+02  9.28349896e+16  2.24883898e+16  4.99847062e+10  1.82236298e+10  7.27463161e+11  1.05901211e+10
 3.06050000e+02  9.27270854e+16  2.25568710e+16  4.99266078e+10  1.82791240e+10  7.27463161e+11  1.05901211e+10
 3.06075000e+02  9.26193067e+16  2.26251071e+16  4.98685770e+10  1.83344197e+10  7.27463161e+11  1.05901211e+10
 3.06100000e+02  9.25116531e+16  2.26930987e+16  4.98106136e+10  1.83895172e+10  7.27463161e+11  1.05901211e+10
 3.06125000e+02  9.24041248e+16  2.27608464e+16  4.97527176e+10  1.84444170e+10  7.27463161e+11  1.05901211e+10
 3.06150000e+02  9.22967214e+16  2.28283508e+16  4.96948889e+10  1.84991196e+10  7.27463161e+11  1.05901211e+10
 3.06175000e+02  9.21894428e+16  2.28956123e+16  4.96371274e+10  1.85536255e+10  7.27463161e+11  1.05901211e+10
 3.06200000e+02  9.20822889e+16  2.29626317e+16  4.95794331e+10  1.86079352e+10  7.27463161e+11  1.05901211e+10
 3.06225000e+02  9.19752596e+16  2.30294094e+16  4.95218058e+10  1.86620490e+10  7.27463161e+11  1.05901211e+10
 3.06250000e+02  9.18683547e+16  2.30959460e+16  4.94642454e+10  1.87159674e+10  7.27463161e+11  1.05901211e+10
 3.06250000e+02  9.18683547e+16  0.00000000e+00  4.94642454e+10  0.00000000e+00  7.40861898e+11  1.05795310e+10
 3.06775000e+02  8.96518337e+16  2.17611554e+15  4.82708145e+10  1.76343101e+09  7.40861898e+11  1.05795310e+10
 3.07300000e+02  8.74887910e+16  4.22119067e+15  4.71061776e+10  3.42067248e+09  7.40861898e+11  1.05795310e+10
 3.07825000e+02  8.53779364e+16  6.14122144e+15  4.59696401e+10  4.97658334e+09  7.40861898e+11  1.05795310e+10
 3.08350000e+02  8.33180107e+16  7.94195696e+15  4.48605240e+10  6.43582243e+09  7.40861898e+11  1.05795310e+10
 3.08875000e+02  8.13077851e+16  9.62890902e+15  4.37781677e+10  7.80285627e+09  7.40861898e+11  1.05795310e+10
 3.09400000e+02  7.93460604e+16  1.12073614e+16  4.27219256e+10  9.08196658e+09  7.40861898e+11  1.05795310e+10
 3.09925000e+02  7.74316667e+16  1.26823787e+16  4.16911675e+10  1.02772576e+10  7.40861898e+11  1.05795310e+10
 3.10450000e+02  7.55634617e+16  1.40588151e+16  4.06852787e+10  1.13926628e+10  7.40861898e+11  1.05795310e+10
 3.10975000e+02  7.37403312e+16  1.53413225e+16  3.97036592e+10  1.24319520e+10  7.40861898e+11  1.05795310e+10
 3.11500000e+02  7.19611877e+16  1.65343586e+16  3.87457233e+10  1.33987375e+10  7.40861898e+11  1.05795310e+10
 3.11500000e+02  7.19611877e+16  0.00000000e+00  3.87457233e+10  0.00000000e+00  7.40861898e+11  1.05795310e+10
 3.11550000e+02  7.17940007e+16  1.66894600e+14  3.86557056e+10  1.35244249e+08  7.40861898e+11  1.05795310e+10
 3.11600000e+02  7.16272021e+16  3.32818220e+14  3.85658970e+10  2.69701659e+08  7.40861898e+11  1.05795310e+10
 3.11650000e+02  7.14607910e+16  4.97775156e+14  3.84762971e+10  4.03375708e+08  7.40861898e+11  1.05795310e+10
 3.11700000e+02  7.12947666e+16  6.61769684e+14  3.83869053e+10  5.36269863e+08  7.40861898e+11  1.05795310e+10
 3.11750000e+02  7.11291278e+16  8.24806063e+14  3.82977212e+10  6.68387576e+08  7.40861898e+11  1.05795310e+10
 3.11800000e+02  7.09638739e+16  9.86888538e+14  3.82087444e+10  7.99732285e+08  7.40861898e+11  1.05795310e+10
 3.11850000e+02  7.07990040e+16  1.14802133e+15  3.81199742e+10  9.30307415e+08  7.40861898e+11  1.05795310e+10
 3.11900000e+02  7.06345171e+16  1.30820866e+15  3.80314103e+10  1.06011638e+09  7.40861898e+11  1.05795310e+10
 3.11950000e+02  7.04704123e+16  1.46745471e+15  3.79430521e+10  1.18916257e+09  7.40861898e+11  1.05795310e+10
 3.12000000e+02  7.03066888e+16  1.62576365e+15  3.78548993e+10  1.31744937e+09  7.40861898e+11  1.05795310e+10
 3.12000000e+02  7.03066888e+16  1.62576365e+15  3.78548993e+10  1.31744937e+09  7.40861898e+11  1.05795310e+10
 3.12700000e+02  7.28947214e+16  3.82395273e+15  3.92483615e+10  3.09876783e+09  7.40861898e+11  1.05795310e+10
 3.13400000e+02  7.53998348e+16  5.99791436e+15  4.05971779e+10  4.86045341e+09  7.40861898e+11  1.05795310e+10
 3.14100000e+02  7.78246857e+16  8.14621503e+15  4.19027789e+10  6.60134444e+09  7.40861898e+11  1.05795310e+10
 3.14800000e+02  8.01718457e+16  1.02675728e+16  4.31665492e+10  8.32040212e+09  7.40861898e+11  1.05795310e+10
 3.15500000e+02  8.24438039e+16  1.23608476e+16  4.43898290e+10  1.00167025e+10  7.40861898e+11  1.05795310e+10
 3.16200000e+02  8.46429698e+16  1.44250314e+16  4.55739155e+10  1.16894289e+10  7.40861898e+11  1.05795310e+10
 3.16900000e+02  8.67716757e+16  1.64592401e+16  4.67200646e+10  1.33378646e+10  7.40861898e+11  1.05795310e+10
 3.17600000e+02  8.88321789e+16  1.84627044e+16  4.78294916e+10  1.49613864e+10  7.40861898e+11  1.05795310e+10
 3.18300000e+02  9.08266647e+16  2.04347626e+16  4.89033732e+10  1.65594581e+10  7.40861898e+11  1.05795310e+10
 3.19000000e+02  9.27572482e+16  2.23748530e+16  4.99428482e+10  1.81316245e+10  7.40861898e+11  1.05795310e+10
 3.19000000e+02  9.27572482e+16  2.23748530e+16  4.99428482e+10  1.81316245e+10  7.59540458e+11  1.05689514e+10
 3.19025000e+02  9.26494344e+16  2.24434425e+16  4.98847985e+10  1.81872064e+10  7.59540458e+11  1.05689514e+10
 3.19050000e+02  9.25417459e+16  2.25117868e+16  4.98268163e+10  1.82425897e+10  7.59540458e+11  1.05689514e+10
 3.19075000e+02  9.24341825e+16  2.25798866e+16  4.97689015e+10  1.82977749e+10  7.59540458e+11  1.05689514e+10
 3.19100000e+02  9.23267441e+16  2.26477423e+16  4.97110539e+10  1.83527622e+10  7.59540458e+11  1.05689514e+10
 3.19125000e+02  9.22194307e+16  2.27153546e+16  4.96532737e+10  1.84075523e+10  7.59540458e+11  1.05689514e+10
 3.19150000e+02  9.21122420e+16  2.27827240e+16  4.95955605e+10  1.84621456e+10  7.59540458e+11  1.05689514e+10
 3.19175000e+02  9.20051778e+16  2.28498511e+16  4.95379145e+10  1.85165426e+10  7.59540458e+11  1.05689514e+10
 3.19200000e+02  9.18982381e+16  2.29167365e+16  4.94803355e+10  1.85707437e+10  7.59540458e+11  1.05689514e+10
 3.19225000e+02  9.17914227e+16  2.29833807e+16  4.94228233e+10  1.86247493e+10  7.59540458e+11  1.05689514e+10
 3.19250000e+02  9.16847315e+16  2.30497844e+16  4.93653781e+10  1.86785600e+10  7.59540458e+11  1.05689514e+10
 3.19250000e+02  9.16847315e+16  0.00000000e+00  4.93653781e+10  0.00000000e+00  7.72912415e+11  1.05583825e+10
 3.19775000e+02  8.94726408e+16  2.17176600e+15  4.81743325e+10  1.75990633e+09  7.72912415e+11  1.05583825e+10
 3.20300000e+02  8.73139215e+16  4.21275350e+15  4.70120235e+10  3.41383536e+09  7.72912415e+11  1.05583825e+10
 3.20825000e+02  8.52072860e+16  6.12894659e+15  4.58777576e+10  4.96663632e+09  7.72912415e+11  1.05583825e+10
 3.21350000e+02  8.31514776e+16  7.92608286e+15  4.47708584e+10  6.42295874e+09  7.72912415e+11  1.05583825e+10
 3.21875000e+02  8.11452700e+16  9.60966310e+15  4.36906655e+10  7.78726020e+09  7.72912415e+11  1.05583825e+10
 3.22400000e+02  7.91874664e+16  1.11849605e+16  4.26365345e+10  9.06381387e+09  7.72912415e+11  1.05583825e+10
 3.22925000e+02  7.72768990e+16  1.26570296e+16  4.16078367e+10  1.02567157e+10  7.72912415e+11  1.05583825e+10
 3.23450000e+02  7.54124282e+16  1.40307148e+16  4.06039585e+10  1.13698915e+10  7.72912415e+11  1.05583825e+10
 3.23975000e+02  7.35929417e+16  1.53106588e+16  3.96243009e+10  1.24071035e+10  7.72912415e+11  1.05583825e+10
 3.24500000e+02  7.18173542e+16  1.65013103e+16  3.86682797e+10  1.33719565e+10  7.72912415e+11  1.05583825e+10
 3.24500000e+02  7.18173542e+16  0.00000000e+00  3.86682797e+10  0.00000000e+00  7.72912415e+11  1.05583825e+10
 3.24550000e+02  7.16505014e+16  1.66561017e+14  3.85784419e+10  1.34973928e+08  7.72912415e+11  1.05583825e+10
 3.24600000e+02  7.14840362e+16  3.32152995e+14  3.84888129e+10  2.69162589e+08  7.72912415e+11  1.05583825e+10
 3.24650000e+02  7.13179577e+16  4.96780221e+14  3.83993920e+10  4.02569455e+08  7.72912415e+11  1.05583825e+10
 3.24700000e+02  7.11522651e+16  6.60446962e+14  3.83101789e+10  5.35197986e+08  7.72912415e+11  1.05583825e+10
 3.24750000e+02  7.09869575e+16  8.23157470e+14  3.82211731e+10  6.67051627e+08  7.72912415e+11  1.05583825e+10
 3.24800000e+02  7.08220339e+16  9.84915980e+14  3.81323741e+10  7.98133809e+08  7.72912415e+11  1.05583825e+10
 3.24850000e+02  7.06574935e+16  1.14572671e+15  3.80437814e+10  9.28447950e+08  7.72912415e+11  1.05583825e+10
 3.24900000e+02  7.04933353e+16  1.30559386e+15  3.79553945e+10  1.05799745e+09  7.72912415e+11  1.05583825e+10
 3.24950000e+02  7.03295586e+16  1.46452161e+15  3.78672129e+10  1.18678571e+09  7.72912415e+11  1.05583825e+10
 3.25000000e+02  7.01661623e+16  1.62251414e+15  3.77792362e+10  1.31481610e+09  7.72912415e+11  1.05583825e+10
 3.25000000e+02  7.01661623e+16  1.62251414e+15  3.77792362e+10  1.31481610e+09  7.72912415e+11  1.05583825e+10
 3.25700000e+02  7.27490209e+16  3.81630953e+15  3.91699126e+10  3.09257411e+09  7.72912415e+11  1.05583825e+10
 3.26400000e+02  7.52491260e+16  5.98592587e+15  4.05160325e+10  4.85073845e+09  7.72912415e+11  1.05583825e+10
 3.27100000e+02  7.76691292e+16  8.12993251e+15  4.18190234e+10  6.58814978e+09  7.72912415e+11  1.05583825e+10
 3.27800000e+02  8.00115967e+16  1.02470501e+16  4.30802671e+10  8.30377138e+09  7.72912415e+11  1.05583825e+10
 3.28500000e+02  8.22790128e+16  1.23361407e+16  4.43011013e+10  9.99668114e+09  7.72912415e+11  1.05583825e+10
 3.29200000e+02  8.44737822e+16  1.43961986e+16  4.54828206e+10  1.16660640e+10  7.72912415e+11  1.05583825e+10
 3.29900000e+02  8.65982323e+16  1.64263412e+16  4.66266783e+10  1.33112047e+10  7.72912415e+11  1.05583825e+10
 3.30600000e+02  8.86546161e+16  1.84258008e+16  4.77338873e+10  1.49314813e+10  7.72912415e+11  1.05583825e+10
 3.31300000e+02  9.06451145e+16  2.03939171e+16  4.88056220e+10  1.65263587e+10  7.72912415e+11  1.05583825e+10
 3.32000000e+02  9.25718385e+16  2.23301295e+16  4.98430189e+10  1.80953824e+10  7.72912415e+11  1.05583825e+10
 3.32000000e+02  9.25718385e+16  2.23301295e+16  4.98430189e+10  1.80953824e+10  7.91553640e+11  1.05478241e+10
 3.32025000e+02  9.24642401e+16  2.23985819e+16  4.97850852e+10  1.81508533e+10  7.91553640e+11  1.05478241e+10
 3.32050000e+02  9.23567668e+16  2.24667896e+16  4.97272189e+10  1.82061259e+10  7.91553640e+11  1.05478241e+10
 3.32075000e+02  9.22494185e+16  2.25347532e+16  4.96694198e+10  1.82612007e+10  7.91553640e+11  1.05478241e+10
 3.32100000e+02  9.21421949e+16  2.26024733e+16  4.96116880e+10  1.83160782e+10  7.91553640e+11  1.05478241e+10
 3.32125000e+02  9.20350959e+16  2.26699504e+16  4.95540232e+10  1.83707588e+10  7.91553640e+11  1.05478241e+10
 3.32150000e+02  9.19281215e+16  2.27371852e+16  4.94964254e+10  1.84252429e+10  7.91553640e+11  1.05478241e+10
 3.32175000e+02  9.18212713e+16  2.28041781e+16  4.94388946e+10  1.84795312e+10  7.91553640e+11  1.05478241e+10
 3.32200000e+02  9.17145454e+16  2.28709298e+16  4.93814306e+10  1.85336239e+10  7.91553640e+11  1.05478241e+10
 3.32225000e+02  9.16079435e+16  2.29374408e+16  4.93240335e+10  1.85875216e+10  7.91553640e+11  1.05478241e+10
 3.32250000e+02  9.15014655e+16  2.30037117e+16  4.92667031e+10  1.86412247e+10  7.91553640e+11  1.05478241e+10
 3.32250000e+02  9.15014655e+16  0.00000000e+00  4.92667031e+10  0.00000000e+00  8.04898867e+11  1.05372763e+10
 3.32775000e+02  8.92937965e+16  2.16742492e+15  4.80780382e+10  1.75638851e+09  8.04898867e+11  1.05372763e+10
 3.33300000e+02  8.71393923e+16  4.20433275e+15  4.69180525e+10  3.40701154e+09  8.04898867e+11  1.05372763e+10
 3.33825000e+02  8.50369676e+16  6.11669561e+15  4.57860539e+10  4.95670866e+09  8.04898867e+11  1.05372763e+10
 3.34350000e+02  8.29852685e+16  7.91023964e+15  4.46813672e+10  6.41012007e+09  8.04898867e+11  1.05372763e+10
 3.34875000e+02  8.09830710e+16  9.59045462e+15  4.36033335e+10  7.77169447e+09  8.04898867e+11  1.05372763e+10
 3.35400000e+02  7.90291808e+16  1.11626032e+16  4.25513096e+10  9.04569647e+09  8.04898867e+11  1.05372763e+10
 3.35925000e+02  7.71224324e+16  1.26317298e+16  4.15246680e+10  1.02362139e+10  8.04898867e+11  1.05372763e+10
 3.36450000e+02  7.52616884e+16  1.40026692e+16  4.05227964e+10  1.13471646e+10  8.04898867e+11  1.05372763e+10
 3.36975000e+02  7.34458389e+16  1.52800548e+16  3.95450971e+10  1.23823033e+10  8.04898867e+11  1.05372763e+10
 3.37500000e+02  7.16738006e+16  1.64683264e+16  3.85909868e+10  1.33452277e+10  8.04898867e+11  1.05372763e+10
 3.37500000e+02  7.16738006e+16  0.00000000e+00  3.85909868e+10  0.00000000e+00  8.04898867e+11  1.05372763e+10
 3.37550000e+02  7.15072813e+16  1.66228083e+14  3.85013286e+10  1.34704132e+08  8.04898867e+11  1.05372763e+10
 3.37600000e+02  7.13411488e+16  3.31489064e+14  3.84118787e+10  2.68624567e+08  8.04898867e+11  1.05372763e+10
 3.37650000e+02  7.11754023e+16  4.95787221e+14  3.83226366e+10  4.01764771e+08  8.04898867e+11  1.05372763e+10
 3.37700000e+02  7.10100409e+16  6.59126814e+14  3.82336018e+10  5.34128195e+08  8.04898867e+11  1.05372763e+10
 3.37750000e+02  7.08450637e+16  8.21512085e+14  3.81447739e+10  6.65718277e+08  8.04898867e+11  1.05372763e+10
 3.37800000e+02  7.06804698e+16  9.82947260e+14  3.80561524e+10  7.96538442e+08  8.04898867e+11  1.05372763e+10
 3.37850000e+02  7.05162583e+16  1.14343655e+15  3.79677368e+10  9.26592102e+08  8.04898867e+11  1.05372763e+10
 3.37900000e+02  7.03524282e+16  1.30298414e+15  3.78795265e+10  1.05588265e+09  8.04898867e+11  1.05372763e+10
 3.37950000e+02  7.01889789e+16  1.46159422e+15  3.77915213e+10  1.18441348e+09  8.04898867e+11  1.05372763e+10
 3.38000000e+02  7.00259092e+16  1.61927094e+15  3.77037204e+10  1.31218795e+09  8.04898867e+11  1.05372763e+10
 3.38000000e+02  7.00259092e+16  1.61927094e+15  3.77037204e+10  1.31218795e+09  8.04898867e+11  1.05372763e+10
 3.38700000e+02  7.26036044e+16  3.80868121e+15  3.90916167e+10  3.08639244e+09  8.04898867e+11  1.05372763e+10
 3.39400000e+02  7.50987115e+16  5.97396074e+15  4.04350455e+10  4.84104242e+09  8.04898867e+11  1.05372763e+10
 3.40100000e+02  7.75138768e+16  8.11368174e+15  4.17354316e+10  6.57498085e+09  8.04898867e+11  1.05372763e+10
 3.40800000e+02  7.98516615e+16  1.02265674e+16  4.29941539e+10  8.28717309e+09  8.04898867e+11  1.05372763e+10
 3.41500000e+02  8.21145448e+16  1.23114822e+16  4.42125475e+10  9.97669888e+09  8.04898867e+11  1.05372763e+10
 3.42200000e+02  8.43049265e+16  1.43674222e+16  4.53919045e+10  1.16427448e+10  8.04898867e+11  1.05372763e+10
 3.42900000e+02  8.64251296e+16  1.63935066e+16  4.65334754e+10  1.32845970e+10  8.04898867e+11  1.05372763e+10
 3.43600000e+02  8.84774025e+16  1.83889695e+16  4.76384711e+10  1.49016348e+10  8.04898867e+11  1.05372763e+10
 3.44300000e+02  9.04639217e+16  2.03531517e+16  4.87080632e+10  1.64933241e+10  8.04898867e+11  1.05372763e+10
 3.45000000e+02  9.23867939e+16  2.22854937e+16  4.97433862e+10  1.80592115e+10  8.04898867e+11  1.05372763e+10
 3.45000000e+02  9.23867939e+16  2.22854937e+16  4.97433862e+10  1.80592115e+10  8.23502830e+11  1.05267390e+10
 3.45025000e+02  9.22794106e+16  2.23538092e+16  4.96855684e+10  1.81145715e+10  8.23502830e+11  1.05267390e+10
 3.45050000e+02  9.21721522e+16  2.24218806e+16  4.96278177e+10  1.81697336e+10  8.23502830e+11  1.05267390e+10
 3.45075000e+02  9.20650184e+16  2.24897083e+16  4.95701342e+10  1.82246983e+10  8.23502830e+11  1.05267390e+10
 3.45100000e+02  9.19580092e+16  2.25572931e+16  4.95125177e+10  1.82794661e+10  8.23502830e+11  1.05267390e+10
 3.45125000e+02  9.18511243e+16  2.26246353e+16  4.94549682e+10  1.83340373e+10  8.23502830e+11  1.05267390e+10
 3.45150000e+02  9.17443636e+16  2.26917357e+16  4.93974855e+10  1.83884126e+10  8.23502830e+11  1.05267390e+10
 3.45175000e+02  9.16377271e+16  2.27585947e+16  4.93400697e+10  1.84425923e+10  8.23502830e+11  1.05267390e+10
 3.45200000e+02  9.15312145e+16  2.28252130e+16  4.92827207e+10  1.84965769e+10  8.23502830e+11  1.05267390e+10
 3.45225000e+02  9.14248257e+16  2.28915910e+16  4.92254382e+10  1.85503668e+10  8.23502830e+11  1.05267390e+10
 3.45250000e+02  9.13185606e+16  2.29577295e+16  4.91682224e+10  1.86039626e+10  8.23502830e+11  1.05267390e+10
 3.45250000e+02  9.13185606e+16  0.00000000e+00  4.91682224e+10  0.00000000e+00  8.36821382e+11  1.05162123e+10
 3.45775000e+02  8.91153045e+16  2.16309239e+15  4.79819336e+10  1.75287761e+09  8.36821382e+11  1.05162123e+10
 3.46300000e+02  8.69652068e+16  4.19592859e+15  4.68242666e+10  3.40020117e+09  8.36821382e+11  1.05162123e+10
 3.46825000e+02  8.48669848e+16  6.10446877e+15  4.56945308e+10  4.94680055e+09  8.36821382e+11  1.05162123e+10
 3.47350000e+02  8.28193868e+16  7.89442763e+15  4.45920523e+10  6.39730670e+09  8.36821382e+11  1.05162123e+10
 3.47875000e+02  8.08211916e+16  9.57128398e+15  4.35161735e+10  7.75615940e+09  8.36821382e+11  1.05162123e+10
 3.48400000e+02  7.88712071e+16  1.11402899e+16  4.24662525e+10  9.02761477e+09  8.36821382e+11  1.05162123e+10
 3.48925000e+02  7.69682702e+16  1.26064799e+16  4.14416631e+10  1.02157524e+10  8.36821382e+11  1.05162123e+10
 3.49450000e+02  7.51112456e+16  1.39746789e+16  4.04417942e+10  1.13244824e+10  8.36821382e+11  1.05162123e+10
 3.49975000e+02  7.32990258e+16  1.52495111e+16  3.94660492e+10  1.23575519e+10  8.36821382e+11  1.05162123e+10
 3.50500000e+02  7.15305297e+16  1.64354073e+16  3.85138462e+10  1.33185516e+10  8.36821382e+11  1.05162123e+10
 3.50500000e+02  7.15305297e+16  0.00000000e+00  3.85138462e+10  0.00000000e+00  8.36821382e+11  1.05162123e+10
 3.50550000e+02  7.13643433e+16  1.65895804e+14  3.84243672e+10  1.34434868e+08  8.36821382e+11  1.05162123e+10
 3.50600000e+02  7.11985429e+16  3.30826441e+14  3.83350961e+10  2.68087606e+08  8.36821382e+11  1.05162123e+10
 3.50650000e+02  7.10331277e+16  4.94796177e+14  3.82460324e+10  4.00961671e+08  8.36821382e+11  1.05162123e+10
 3.50700000e+02  7.08680969e+16  6.57809266e+14  3.81571756e+10  5.33060510e+08  8.36821382e+11  1.05162123e+10
 3.50750000e+02  7.07034494e+16  8.19869940e+14  3.80685252e+10  6.64387553e+08  8.36821382e+11  1.05162123e+10
 3.50800000e+02  7.05391845e+16  9.80982418e+14  3.79800808e+10  7.94946218e+08  8.36821382e+11  1.05162123e+10
 3.50850000e+02  7.03753012e+16  1.14115090e+15  3.78918419e+10  9.24739910e+08  8.36821382e+11  1.05162123e+10
 3.50900000e+02  7.02117987e+16  1.30037957e+15  3.78038080e+10  1.05377202e+09  8.36821382e+11  1.05162123e+10
 3.50950000e+02  7.00486760e+16  1.45867260e+15  3.77159787e+10  1.18204592e+09  8.36821382e+11  1.05162123e+10
 3.51000000e+02  6.98859324e+16  1.61603413e+15  3.76283534e+10  1.30956498e+09  8.36821382e+11  1.05162123e+10
 3.51000000e+02  6.98859324e+16  1.61603413e+15  3.76283534e+10  1.30956498e+09  8.36821382e+11  1.05162123e+10
 3.51700000e+02  7.24584745e+16  3.80106792e+15  3.90134751e+10  3.08022296e+09  8.36821382e+11  1.05162123e+10
 3.52400000e+02  7.49485938e+16  5.96201919e+15  4.03542183e+10  4.83136550e+09  8.36821382e+11  1.05162123e+10
 3.53100000e+02  7.73589311e+16  8.09746301e+15  4.16520048e+10  6.56183789e+09  8.36821382e+11  1.05162123e+10
 3.53800000e+02  7.96920424e+16  1.02061252e+16  4.29082110e+10  8.27060755e+09  8.36821382e+11  1.05162123e+10
 3.54500000e+02  8.19504020e+16  1.22868723e+16  4.41241689e+10  9.95675606e+09  8.36821382e+11  1.05162123e+10
 3.55200000e+02  8.41364051e+16  1.43387025e+16  4.53011682e+10  1.16194716e+10  8.36821382e+11  1.05162123e+10
 3.55900000e+02  8.62523697e+16  1.63607369e+16  4.64404571e+10  1.32580418e+10  8.36821382e+11  1.05162123e+10
 3.56600000e+02  8.83005400e+16  1.83522109e+16  4.75432438e+10  1.48718472e+10  8.36821382e+11  1.05162123e+10
 3.57300000e+02  9.02830880e+16  2.03124668e+16  4.86106978e+10  1.64603548e+10  8.36821382e+11  1.05162123e+10
 3.58000000e+02  9.22021163e+16  2.22409461e+16  4.96439511e+10  1.80231120e+10  8.36821382e+11  1.05162123e+10
 3.58000000e+02  9.22021163e+16  2.22409461e+16  4.96439511e+10  1.80231120e+10  8.55388156e+11  1.05056960e+10
 3.58025000e+02  9.20949477e+16  2.23091251e+16  4.95862488e+10  1.80783614e+10  8.55388156e+11  1.05056960e+10
 3.58050000e+02  9.19879036e+16  2.23770604e+16  4.95286136e+10  1.81334132e+10  8.55388156e+11  1.05056960e+10
 3.58075000e+02  9.18809840e+16  2.24447526e+16  4.94710454e+10  1.81882680e+10  8.55388156e+11  1.05056960e+10
 3.58100000e+02  9.17741886e+16  2.25122022e+16  4.94135441e+10  1.82429263e+10  8.55388156e+11  1.05056960e+10
 3.58125000e+02  9.16675174e+16  2.25794098e+16  4.93561096e+10  1.82973885e+10  8.55388156e+11  1.05056960e+10
 3.58150000e+02  9.15609702e+16  2.26463760e+16  4.92987419e+10  1.83516551e+10  8.55388156e+11  1.05056960e+10
 3.58175000e+02  9.14545468e+16  2.27131014e+16  4.92414408e+10  1.84057265e+10  8.55388156e+11  1.05056960e+10
 3.58200000e+02  9.13482471e+16  2.27795865e+16  4.91842064e+10  1.84596032e+10  8.55388156e+11  1.05056960e+10
 3.58225000e+02  9.12420710e+16  2.28458319e+16  4.91270385e+10  1.85132856e+10  8.55388156e+11  1.05056960e+10
 3.58250000e+02  9.11360183e+16  2.29118381e+16  4.90699370e+10  1.85667742e+10  8.55388156e+11  1.05056960e+10
 3.58250000e+02  9.11360183e+16  0.00000000e+00  4.90699370e+10  0.00000000e+00  8.68680084e+11  1.04951903e+10
 3.58775000e+02  8.89371665e+16  2.15876845e+15  4.78860196e+10  1.74937367e+09  8.68680084e+11  1.04951903e+10
 3.59300000e+02  8.67913667e+16  4.18754109e+15  4.67306667e+10  3.39340430e+09  8.68680084e+11  1.04951903e+10
 3.59825000e+02  8.46973389e+16  6.09226617e+15  4.56031892e+10  4.93691209e+09  8.68680084e+11  1.04951903e+10
 3.60350000e+02  8.26538341e+16  7.87864698e+15  4.45029145e+10  6.38451873e+09  8.68680084e+11  1.04951903e+10
 3.60875000e+02  8.06596331e+16  9.55215135e+15  4.34291863e+10  7.74065514e+09  8.68680084e+11  1.04951903e+10
 3.61400000e+02  7.87135466e+16  1.11180209e+16  4.23813641e+10  9.00956891e+09  8.68680084e+11  1.04951903e+10
 3.61925000e+02  7.68144136e+16  1.25812800e+16  4.13588228e+10  1.01953315e+10  8.68680084e+11  1.04951903e+10
 3.62450000e+02  7.49611012e+16  1.39467440e+16  4.03609526e+10  1.13018452e+10  8.68680084e+11  1.04951903e+10
 3.62975000e+02  7.31525039e+16  1.52190279e+16  3.93871581e+10  1.23328496e+10  8.68680084e+11  1.04951903e+10
 3.63500000e+02  7.13875430e+16  1.64025536e+16  3.84368585e+10  1.32919283e+10  8.68680084e+11  1.04951903e+10
 3.63500000e+02  7.13875430e+16  0.00000000e+00  3.84368585e+10  0.00000000e+00  8.68680084e+11  1.04951903e+10
 3.63550000e+02  7.12216887e+16  1.65564185e+14  3.83475583e+10  1.34166138e+08  8.68680084e+11  1.04951903e+10
 3.63600000e+02  7.10562197e+16  3.30165131e+14  3.82584657e+10  2.67551709e+08  8.68680084e+11  1.04951903e+10
 3.63650000e+02  7.08911352e+16  4.93807099e+14  3.81695800e+10  4.00160165e+08  8.68680084e+11  1.04951903e+10
 3.63700000e+02  7.07264343e+16  6.56494330e+14  3.80809008e+10  5.31994943e+08  8.68680084e+11  1.04951903e+10
 3.63750000e+02  7.05621160e+16  8.18231052e+14  3.79924277e+10  6.63059468e+08  8.68680084e+11  1.04951903e+10
 3.63800000e+02  7.03981794e+16  9.79021472e+14  3.79041601e+10  7.93357152e+08  8.68680084e+11  1.04951903e+10
 3.63850000e+02  7.02346237e+16  1.13886978e+15  3.78160976e+10  9.22891391e+08  8.68680084e+11  1.04951903e+10
 3.63900000e+02  7.00714480e+16  1.29778016e+15  3.77282397e+10  1.05166557e+09  8.68680084e+11  1.04951903e+10
 3.63950000e+02  6.99086514e+16  1.45575677e+15  3.76405859e+10  1.17968306e+09  8.68680084e+11  1.04951903e+10
 3.64000000e+02  6.97462331e+16  1.61280374e+15  3.75531357e+10  1.30694721e+09  8.68680084e+11  1.04951903e+10
 3.64000000e+02  6.97462331e+16  1.61280374e+15  3.75531357e+10  1.30694721e+09  8.68680084e+11  1.04951903e+10
 3.64700000e+02  7.23136327e+16  3.79346973e+15  3.89354886e+10  3.07406571e+09  8.68680084e+11  1.04951903e+10
 3.65400000e+02  7.47987741e+16  5.95010133e+15  4.02735516e+10  4.82170778e+09  8.68680084e+11  1.04951903e+10
 3.66100000e+02  7.72042930e+16  8.08127647e+15  4.15687438e+10  6.54872101e+09  8.68680084e+11  1.04951903e+10
 3.66800000e+02  7.95327403e+16  1.01857235e+16  4.28224387e+10  8.25407489e+09  8.68680084e+11  1.04951903e+10
 3.67500000e+02  8.17865855e+16  1.22623112e+16  4.40359659e+10  9.93685284e+09  8.68680084e+11  1.04951903e+10
 3.68200000e+02  8.39682186e+16  1.43100399e+16  4.52106124e+10  1.15962446e+10  8.68680084e+11  1.04951903e+10
 3.68900000e+02  8.60799534e+16  1.63280323e+16  4.63476238e+10  1.32315394e+10  8.68680084e+11  1.04951903e+10
 3.69600000e+02  8.81240293e+16  1.83155254e+16  4.74482060e+10  1.48421189e+10  8.68680084e+11  1.04951903e+10
 3.70300000e+02  9.01026141e+16  2.02718628e+16  4.85135261e+10  1.64274510e+10  8.68680084e+11  1.04951903e+10
 3.71000000e+02  9.20178062e+16  2.21964871e+16  4.95447139e+10  1.79870843e+10  8.68680084e+11  1.04951903e+10
 3.71000000e+02  9.20178062e+16  2.21964871e+16  4.95447139e+10  1.79870843e+10  8.87209744e+11  1.04846952e+10
 3.71025000e+02  9.19108518e+16  2.22645298e+16  4.94871270e+10  1.80422232e+10  8.87209744e+11  1.04846952e+10
 3.71050000e+02  9.18040217e+16  2.23323293e+16  4.94296070e+10  1.80971650e+10  8.87209744e+11  1.04846952e+10
 3.71075000e+02  9.16973158e+16  2.23998861e+16  4.93721538e+10  1.81519102e+10  8.87209744e+11  1.04846952e+10
 3.71100000e+02  9.15907340e+16  2.24672009e+16  4.93147675e+10  1.82064592e+10  8.87209744e+11  1.04846952e+10
 3.71125000e+02  9.14842760e+16  2.25342742e+16  4.92574478e+10  1.82608126e+10  8.87209744e+11  1.04846952e+10
 3.71150000e+02  9.13779418e+16  2.26011066e+16  4.92001947e+10  1.83149707e+10  8.87209744e+11  1.04846952e+10
 3.71175000e+02  9.12717311e+16  2.26676986e+16  4.91430082e+10  1.83689340e+10  8.87209744e+11  1.04846952e+10
 3.71200000e+02  9.11656439e+16  2.27340508e+16  4.90858882e+10  1.84227029e+10  8.87209744e+11  1.04846952e+10
 3.71225000e+02  9.10596800e+16  2.28001637e+16  4.90288346e+10  1.84762781e+10  8.87209744e+11  1.04846952e+10
 3.71250000e+02  9.09538393e+16  2.28660380e+16  4.89718473e+10  1.85296598e+10  8.87209744e+11  1.04846952e+10
 3.71250000e+02  9.09538393e+16  0.00000000e+00  4.89718473e+10  0.00000000e+00  9.00475102e+11  1.04742105e+10
 3.71775000e+02  8.87593830e+16  2.15445312e+15  4.77902965e+10  1.74587671e+09  9.00475102e+11  1.04742105e+10
 3.72300000e+02  8.66178726e+16  4.17917028e+15  4.66372531e+10  3.38662095e+09  9.00475102e+11  1.04742105e+10
 3.72825000e+02  8.45280307e+16  6.08008786e+15  4.55120294e+10  4.92704330e+09  9.00475102e+11  1.04742105e+10
 3.73350000e+02  8.24886108e+16  7.86289773e+15  4.44139541e+10  6.37175621e+09  9.00475102e+11  1.04742105e+10
 3.73875000e+02  8.04983962e+16  9.53305680e+15  4.33423723e+10  7.72518173e+09  9.00475102e+11  1.04742105e+10
 3.74400000e+02  7.85561999e+16  1.10957962e+16  4.22966447e+10  8.99155897e+09  9.00475102e+11  1.04742105e+10
 3.74925000e+02  7.66608632e+16  1.25561303e+16  4.12761474e+10  1.01749513e+10  9.00475102e+11  1.04742105e+10
 3.75450000e+02  7.48112555e+16  1.39188648e+16  4.02802719e+10  1.12792531e+10  9.00475102e+11  1.04742105e+10
 3.75975000e+02  7.30062736e+16  1.51886054e+16  3.93084240e+10  1.23081965e+10  9.00475102e+11  1.04742105e+10
 3.76500000e+02  7.12448408e+16  1.63697652e+16  3.83600240e+10  1.32653580e+10  9.00475102e+11  1.04742105e+10
 3.76500000e+02  7.12448408e+16  0.00000000e+00  3.83600240e+10  0.00000000e+00  9.00475102e+11  1.04742105e+10
 3.76550000e+02  7.10793180e+16  1.65233226e+14  3.82709024e+10  1.33897943e+08  9.00475102e+11  1.04742105e+10
 3.76600000e+02  7.09141799e+16  3.29505138e+14  3.81819878e+10  2.67016879e+08  9.00475102e+11  1.04742105e+10
 3.76650000e+02  7.07494254e+16  4.92819989e+14  3.80932798e+10  3.99360253e+08  9.00475102e+11  1.04742105e+10
 3.76700000e+02  7.05850536e+16  6.55182012e+14  3.80047779e+10  5.30931496e+08  9.00475102e+11  1.04742105e+10
 3.76750000e+02  7.04210638e+16  8.16595425e+14  3.79164816e+10  6.61734026e+08  9.00475102e+11  1.04742105e+10
 3.76800000e+02  7.02574549e+16  9.77064429e+14  3.78283905e+10  7.91771247e+08  9.00475102e+11  1.04742105e+10
 3.76850000e+02  7.00942262e+16  1.13659321e+15  3.77405040e+10  9.21046550e+08  9.00475102e+11  1.04742105e+10
 3.76900000e+02  6.99313767e+16  1.29518593e+15  3.76528217e+10  1.04956331e+09  9.00475102e+11  1.04742105e+10
 3.76950000e+02  6.97689055e+16  1.45284674e+15  3.75653431e+10  1.17732490e+09  9.00475102e+11  1.04742105e+10
 3.77000000e+02  6.96068118e+16  1.60957978e+15  3.74780678e+10  1.30433465e+09  9.00475102e+11  1.04742105e+10
 3.77000000e+02  6.96068118e+16  1.60957978e+15  3.74780678e+10  1.30433465e+09  9.00475102e+11  1.04742105e+10
 3.77700000e+02  7.21690791e+16  3.78588666e+15  3.88576573e+10  3.06792072e+09  9.00475102e+11  1.04742105e+10
 3.78400000e+02  7.46492528e+16  5.93820720e+15  4.01930455e+10  4.81206928e+09  9.00475102e+11  1.04742105e+10
 3.79100000e+02  7.70499630e+16  8.06512216e+15  4.14856486e+10  6.53563024e+09  9.00475102e+11  1.04742105e+10
 3.79800000e+02  7.93737557e+16  1.01653624e+16  4.27368374e+10  8.23757515e+09  9.00475102e+11  1.04742105e+10
 3.80500000e+02  8.16230953e+16  1.22377991e+16  4.39479387e+10  9.91698925e+09  9.00475102e+11  1.04742105e+10
 3.81200000e+02  8.38003673e+16  1.42814344e+16  4.51202370e+10  1.15730640e+10  9.00475102e+11  1.04742105e+10
 3.81900000e+02  8.59078807e+16  1.62953928e+16  4.62549755e+10  1.32050898e+10  9.00475102e+11  1.04742105e+10
 3.82600000e+02  8.79478705e+16  1.82789130e+16  4.73533576e+10  1.48124497e+10  9.00475102e+11  1.04742105e+10
 3.83300000e+02  8.99225001e+16  2.02313396e+16  4.84165481e+10  1.63946128e+10  9.00475102e+11  1.04742105e+10
 3.84000000e+02  9.18338636e+16  2.21521167e+16  4.94456746e+10  1.79511284e+10  9.00475102e+11  1.04742105e+10
 3.84000000e+02  9.18338636e+16  2.21521167e+16  4.94456746e+10  1.79511284e+10  9.18967721e+11  1.04637362e+10
 3.84025000e+02  9.17271231e+16  2.22200233e+16  4.93882028e+10  1.80061571e+10  9.18967721e+11  1.04637362e+10
 3.84050000e+02  9.16205066e+16  2.22876873e+16  4.93307978e+10  1.80609891e+10  9.18967721e+11  1.04637362e+10
 3.84075000e+02  9.15140140e+16  2.23551091e+16  4.92734595e+10  1.81156248e+10  9.18967721e+11  1.04637362e+10
 3.84100000e+02  9.14076452e+16  2.24222893e+16  4.92161878e+10  1.81700648e+10  9.18967721e+11  1.04637362e+10
 3.84125000e+02  9.13014000e+16  2.24892285e+16  4.91589827e+10  1.82243095e+10  9.18967721e+11  1.04637362e+10
 3.84150000e+02  9.11952783e+16  2.25559273e+16  4.91018441e+10  1.82783593e+10  9.18967721e+11  1.04637362e+10
 3.84175000e+02  9.10892800e+16  2.26223862e+16  4.90447719e+10  1.83322147e+10  9.18967721e+11  1.04637362e+10
 3.84200000e+02  9.09834049e+16  2.26886057e+16  4.89877661e+10  1.83858762e+10  9.18967721e+11  1.04637362e+10
 3.84225000e+02  9.08776528e+16  2.27545865e+16  4.89308265e+10  1.84393443e+10  9.18967721e+11  1.04637362e+10
 3.84250000e+02  9.07720236e+16  2.28203291e+16  4.88739531e+10  1.84926192e+10  9.18967721e+11  1.04637362e+10
 3.84250000e+02  9.07720236e+16  0.00000000e+00  4.88739531e+10  0.00000000e+00  9.32206562e+11  1.04532725e+10
 3.84775000e+02  8.85819540e+16  2.15014639e+15  4.76947642e+10  1.74238673e+09  9.32206562e+11  1.04532725e+10
 3.85300000e+02  8.64447245e+16  4.17081617e+15  4.65440258e+10  3.37985114e+09  9.32206562e+11  1.04532725e+10
 3.85825000e+02  8.43590602e+16  6.06793384e+15  4.54210514e+10  4.91719420e+09  9.32206562e+11  1.04532725e+10
 3.86350000e+02  8.23237170e+16  7.84717989e+15  4.43251712e+10  6.35901914e+09  9.32206562e+11  1.04532725e+10
 3.86875000e+02  8.03374809e+16  9.51400033e+15  4.32557314e+10  7.70973918e+09  9.32206562e+11  1.04532725e+10
 3.87400000e+02  7.83991669e+16  1.10736159e+16  4.22120942e+10  8.97358495e+09  9.32206562e+11  1.04532725e+10
 3.87925000e+02  7.65076190e+16  1.25310307e+16  4.11936369e+10  1.01546117e+10  9.32206562e+11  1.04532725e+10
 3.88450000e+02  7.46617087e+16  1.38910412e+16  4.01997521e+10  1.12567060e+10  9.32206562e+11  1.04532725e+10
 3.88975000e+02  7.28603349e+16  1.51582435e+16  3.92298469e+10  1.22835926e+10  9.32206562e+11  1.04532725e+10
 3.89500000e+02  7.11024232e+16  1.63370423e+16  3.82833428e+10  1.32388407e+10  9.32206562e+11  1.04532725e+10
 3.89500000e+02  7.11024232e+16  0.00000000e+00  3.82833428e+10  0.00000000e+00  9.32206562e+11  1.04532725e+10
 3.89550000e+02  7.09372313e+16  1.64902926e+14  3.81943993e+10  1.33630283e+08  9.32206562e+11  1.04532725e+10
 3.89600000e+02  7.07724232e+16  3.28846461e+14  3.81056625e+10  2.66483115e+08  9.32206562e+11  1.04532725e+10
 3.89650000e+02  7.06079981e+16  4.91834847e+14  3.80171318e+10  3.98561936e+08  9.32206562e+11  1.04532725e+10
 3.89700000e+02  7.04439549e+16  6.53872311e+14  3.79288068e+10  5.29870170e+08  9.32206562e+11  1.04532725e+10
 3.89750000e+02  7.02802929e+16  8.14963060e+14  3.78406870e+10  6.60411227e+08  9.32206562e+11  1.04532725e+10
 3.89800000e+02  7.01170111e+16  9.75111288e+14  3.77527720e+10  7.90188506e+08  9.32206562e+11  1.04532725e+10
 3.89850000e+02  6.99541087e+16  1.13432117e+15  3.76650612e+10  9.19205389e+08  9.32206562e+11  1.04532725e+10
 3.89900000e+02  6.97915847e+16  1.29259687e+15  3.75775542e+10  1.04746525e+09  9.32206562e+11  1.04532725e+10
 3.89950000e+02  6.96294383e+16  1.44994252e+15  3.74902505e+10  1.17497144e+09  9.32206562e+11  1.04532725e+10
 3.90000000e+02  6.94676686e+16  1.60636225e+15  3.74031496e+10  1.30172730e+09  9.32206562e+11  1.04532725e+10
 3.90000000e+02  6.94676686e+16  1.60636225e+15  3.74031496e+10  1.30172730e+09  9.32206562e+11  1.04532725e+10
 3.90700000e+02  7.20248139e+16  3.77831872e+15  3.87799813e+10  3.06178798e+09  9.32206562e+11  1.04532725e+10
 3.91400000e+02  7.45000297e+16  5.92633679e+15  4.01127000e+10  4.80245001e+09  9.32206562e+11  1.04532725e+10
 3.92100000e+02  7.68959408e+16  8.04900006e+15  4.14027192e+10  6.52256559e+09  9.32206562e+11  1.04532725e+10
 3.92800000e+02  7.92150882e+16  1.01450419e+16  4.26514068e+10  8.22110832e+09  9.32206562e+11  1.04532725e+10
 3.93500000e+02  8.14599314e+16  1.22133358e+16  4.38600872e+10  9.89716529e+09  9.32206562e+11  1.04532725e+10
 3.94200000e+02  8.36328511e+16  1.42528859e+16  4.50300420e+10  1.15499295e+10  9.32206562e+11  1.04532725e+10
 3.94900000e+02  8.57361515e+16  1.62628185e+16  4.61625122e+10  1.31786929e+10  9.32206562e+11  1.04532725e+10
 3.95600000e+02  8.77720633e+16  1.82423736e+16  4.72586986e+10  1.47828398e+10  9.32206562e+11  1.04532725e+10
 3.96300000e+02  8.97427456e+16  2.01908974e+16  4.83197638e+10  1.63618401e+10  9.32206562e+11  1.04532725e+10
 3.97000000e+02  9.16502883e+16  2.21078348e+16  4.93468330e+10  1.79152443e+10  9.32206562e+11  1.04532725e+10
 3.97000000e+02  9.16502883e+16  2.21078348e+16  4.93468330e+10  1.79152443e+10  9.50662214e+11  1.04428192e+10
 3.97025000e+02  9.15437611e+16  2.21756057e+16  4.92894761e+10  1.79701629e+10  9.50662214e+11  1.04428192e+10
 3.97050000e+02  9.14373577e+16  2.22431344e+16  4.92321858e+10  1.80248853e+10  9.50662214e+11  1.04428192e+10
 3.97075000e+02  9.13310780e+16  2.23104214e+16  4.91749621e+10  1.80794118e+10  9.50662214e+11  1.04428192e+10
 3.97100000e+02  9.12249219e+16  2.23774674e+16  4.91178050e+10  1.81337430e+10  9.50662214e+11  1.04428192e+10
 3.97125000e+02  9.11188891e+16  2.24442728e+16  4.90607142e+10  1.81878792e+10  9.50662214e+11  1.04428192e+10
 3.97150000e+02  9.10129795e+16  2.25108382e+16  4.90036898e+10  1.82418210e+10  9.50662214e+11  1.04428192e+10
 3.97175000e+02  9.09071931e+16  2.25771642e+16  4.89467317e+10  1.82955688e+10  9.50662214e+11  1.04428192e+10
 3.97200000e+02  9.08015296e+16  2.26432514e+16  4.88898399e+10  1.83491230e+10  9.50662214e+11  1.04428192e+10
 3.97225000e+02  9.06959889e+16  2.27091003e+16  4.88330141e+10  1.84024842e+10  9.50662214e+11  1.04428192e+10
 3.97250000e+02  9.05905709e+16  2.27747115e+16  4.87762544e+10  1.84556527e+10  9.50662214e+11  1.04428192e+10
 3.97250000e+02  9.05905709e+16  0.00000000e+00  4.87762544e+10  0.00000000e+00  9.63874591e+11  1.04323764e+10
 3.97775000e+02  8.84048792e+16  2.14584826e+15  4.75994227e+10  1.73890371e+09  9.63874591e+11  1.04323764e+10
 3.98300000e+02  8.62719220e+16  4.16247873e+15  4.64509846e+10  3.37309484e+09  9.63874591e+11  1.04323764e+10
 3.98825000e+02  8.41904270e+16  6.05580408e+15  4.53302550e+10  4.90736476e+09  9.63874591e+11  1.04323764e+10
 3.99350000e+02  8.21591524e+16  7.83149342e+15  4.42365654e+10  6.34630750e+09  9.63874591e+11  1.04323764e+10
 3.99875000e+02  8.01768868e+16  9.49498191e+15  4.31692635e+10  7.69432746e+09  9.63874591e+11  1.04323764e+10
 4.00400000e+02  7.82424475e+16  1.10514798e+16  4.21277124e+10  8.95564681e+09  9.63874591e+11  1.04323764e+10
 4.00925000e+02  7.63546807e+16  1.25059813e+16  4.11112911e+10  1.01343127e+10  9.63874591e+11  1.04323764e+10
 4.01450000e+02  7.45124604e+16  1.38632730e+16  4.01193931e+10  1.12342039e+10  9.63874591e+11  1.04323764e+10
 4.01975000e+02  7.27146876e+16  1.51279423e+16  3.91514267e+10  1.22590378e+10  9.63874591e+11  1.04323764e+10
 4.02500000e+02  7.09602899e+16  1.63043846e+16  3.82068146e+10  1.32123763e+10  9.63874591e+11  1.04323764e+10
 4.02500000e+02  7.09602899e+16  0.00000000e+00  3.82068146e+10  0.00000000e+00  9.63874591e+11  1.04323764e+10
 4.02550000e+02  7.07954282e+16  1.64573287e+14  3.81180489e+10  1.33363157e+08  9.63874591e+11  1.04323764e+10
 4.02600000e+02  7.06309496e+16  3.28189099e+14  3.80294895e+10  2.65950417e+08  9.63874591e+11  1.04323764e+10
 4.02650000e+02  7.04668531e+16  4.90851673e+14  3.79411358e+10  3.97765214e+08  9.63874591e+11  1.04323764e+10
 4.02700000e+02  7.03031379e+16  6.52565224e+14  3.78529874e+10  5.28810963e+08  9.63874591e+11  1.04323764e+10
 4.02750000e+02  7.01398030e+16  8.13333954e+14  3.77650437e+10  6.59091070e+08  9.63874591e+11  1.04323764e+10
 4.02800000e+02  6.99768476e+16  9.73162047e+14  3.76773044e+10  7.88608924e+08  9.63874591e+11  1.04323764e+10
 4.02850000e+02  6.98142708e+16  1.13205367e+15  3.75897690e+10  9.17367903e+08  9.63874591e+11  1.04323764e+10
 4.02900000e+02  6.96520717e+16  1.29001297e+15  3.75024369e+10  1.04537137e+09  9.63874591e+11  1.04323764e+10
 4.02950000e+02  6.94902495e+16  1.44704409e+15  3.74153077e+10  1.17262268e+09  9.63874591e+11  1.04323764e+10
 4.03000000e+02  6.93288032e+16  1.60315114e+15  3.73283809e+10  1.29912516e+09  9.63874591e+11  1.04323764e+10
 4.03000000e+02  6.93288032e+16  1.60315114e+15  3.73283809e+10  1.29912516e+09  9.63874591e+11  1.04323764e+10
 4.03700000e+02  7.18808367e+16  3.77076588e+15  3.87024603e+10  3.05566748e+09  9.63874591e+11  1.04323764e+10
 4.04400000e+02  7.43511045e+16  5.91449008e+15  4.00325150e+10  4.79284994e+09  9.63874591e+11  1.04323764e+10
 4.05100000e+02  7.67422262e+16  8.03291016e+15  4.13199554e+10  6.50952702e+09  9.63874591e+11  1.04323764e+10
 4.05800000e+02  7.90567377e+16  1.01247621e+16  4.25661469e+10  8.20467438e+09  9.63874591e+11  1.04323764e+10
 4.06500000e+02  8.12970934e+16  1.21889214e+16  4.37724111e+10  9.87738091e+09  9.63874591e+11  1.04323764e+10
 4.07200000e+02  8.34656694e+16  1.42243945e+16  4.49400272e+10  1.15268413e+10  9.63874591e+11  1.04323764e+10
 4.07900000e+02  8.55647653e+16  1.62303092e+16  4.60702335e+10  1.31523488e+10  9.63874591e+11  1.04323764e+10
 4.08600000e+02  8.75966073e+16  1.82059072e+16  4.71642286e+10  1.47532889e+10  9.63874591e+11  1.04323764e+10
 4.09300000e+02  8.95633502e+16  2.01505359e+16  4.82231728e+10  1.63291329e+10  9.63874591e+11  1.04323764e+10
 4.10000000e+02  9.14670797e+16  2.20636413e+16  4.92481889e+10  1.78794318e+10  9.63874591e+11  1.04323764e+10
 4.10000000e+02  9.14670797e+16  2.20636413e+16  4.92481889e+10  1.78794318e+10  9.82293351e+11  1.04219440e+10
 4.10025000e+02  9.13607655e+16  2.21312768e+16  4.91909466e+10  1.79342407e+10  9.82293351e+11  1.04219440e+10
 4.10050000e+02  9.12545748e+16  2.21986705e+16  4.91337708e+10  1.79888536e+10  9.82293351e+11  1.04219440e+10
 4.10075000e+02  9.11485075e+16  2.22658230e+16  4.90766615e+10  1.80432712e+10  9.82293351e+11  1.04219440e+10
 4.10100000e+02  9.10425636e+16  2.23327349e+16  4.90196186e+10  1.80974937e+10  9.82293351e+11  1.04219440e+10
 4.10125000e+02  9.09367427e+16  2.23994068e+16  4.89626420e+10  1.81515217e+10  9.82293351e+11  1.04219440e+10
 4.10150000e+02  9.08310449e+16  2.24658391e+16  4.89057316e+10  1.82053557e+10  9.82293351e+11  1.04219440e+10
 4.10175000e+02  9.07254699e+16  2.25320326e+16  4.88488874e+10  1.82589960e+10  9.82293351e+11  1.04219440e+10
 4.10200000e+02  9.06200177e+16  2.25979876e+16  4.87921092e+10  1.83124432e+10  9.82293351e+11  1.04219440e+10
 4.10225000e+02  9.05146880e+16  2.26637049e+16  4.87353971e+10  1.83656977e+10  9.82293351e+11  1.04219440e+10
 4.10250000e+02  9.04094807e+16  2.27291849e+16  4.86787508e+10  1.84187599e+10  9.82293351e+11  1.04219440e+10
 4.10250000e+02  9.04094807e+16  0.00000000e+00  4.86787508e+10  0.00000000e+00  9.95479315e+11  1.04115221e+10
 4.10775000e+02  8.82281582e+16  2.14155872e+15  4.75042716e+10  1.73542764e+09  9.95479315e+11  1.04115221e+10
 4.11300000e+02  8.60994647e+16  4.15415795e+15  4.63581292e+10  3.36635203e+09  9.95479315e+11  1.04115221e+10
 4.11825000e+02  8.40221306e+16  6.04369854e+15  4.52396400e+10  4.89755495e+09  9.95479315e+11  1.04115221e+10
 4.12350000e+02  8.19949166e+16  7.81583830e+15  4.41481367e+10  6.33362126e+09  9.95479315e+11  1.04115221e+10
 4.12875000e+02  8.00166134e+16  9.47600147e+15  4.30829683e+10  7.67894653e+09  9.95479315e+11  1.04115221e+10
 4.13400000e+02  7.80860411e+16  1.10293879e+16  4.20434993e+10  8.93774451e+09  9.95479315e+11  1.04115221e+10
 4.13925000e+02  7.62020480e+16  1.24809819e+16  4.10291097e+10  1.01140542e+10  9.95479315e+11  1.04115221e+10
 4.14450000e+02  7.43635102e+16  1.38355604e+16  4.00391945e+10  1.12117467e+10  9.95479315e+11  1.04115221e+10
 4.14975000e+02  7.25693312e+16  1.50977016e+16  3.90731631e+10  1.22345320e+10  9.95479315e+11  1.04115221e+10
 4.15500000e+02  7.08184405e+16  1.62717922e+16  3.81304393e+10  1.31859648e+10  9.95479315e+11  1.04115221e+10
 4.15500000e+02  7.08184405e+16  0.00000000e+00  3.81304393e+10  0.00000000e+00  9.95479315e+11  1.04115221e+10
 4.15550000e+02  7.06539084e+16  1.64244305e+14  3.80418511e+10  1.33096564e+08  9.95479315e+11  1.04115221e+10
 4.15600000e+02  7.04897586e+16  3.27533050e+14  3.79534687e+10  2.65418783e+08  9.95479315e+11  1.04115221e+10
 4.15650000e+02  7.03259901e+16  4.89870462e+14  3.78652916e+10  3.96970082e+08  9.95479315e+11  1.04115221e+10
 4.15700000e+02  7.01626022e+16  6.51260749e+14  3.77773194e+10  5.27753872e+08  9.95479315e+11  1.04115221e+10
 4.15750000e+02  6.99995938e+16  8.11708103e+14  3.76895516e+10  6.57773549e+08  9.95479315e+11  1.04115221e+10
 4.15800000e+02  6.98369642e+16  9.71216700e+14  3.76019876e+10  7.87032497e+08  9.95479315e+11  1.04115221e+10
 4.15850000e+02  6.96747123e+16  1.12979070e+15  3.75146272e+10  9.15534088e+08  9.95479315e+11  1.04115221e+10
 4.15900000e+02  6.95128375e+16  1.28743424e+15  3.74274696e+10  1.04328168e+09  9.95479315e+11  1.04115221e+10
 4.15950000e+02  6.93513387e+16  1.44415146e+15  3.73405146e+10  1.17027861e+09  9.95479315e+11  1.04115221e+10
 4.16000000e+02  6.91902152e+16  1.59994645e+15  3.72537616e+10  1.29652821e+09  9.95479315e+11  1.04115221e+10
 4.16000000e+02  6.91902152e+16  1.59994645e+15  3.72537616e+10  1.29652821e+09  9.95479315e+11  1.04115221e+10
 4.16700000e+02  7.17371472e+16  3.76322813e+15  3.86250942e+10  3.04955921e+09  9.95479315e+11  1.04115221e+10
 4.17400000e+02  7.42024769e+16  5.90266703e+15  3.99524901e+10  4.78326905e+09  9.95479315e+11  1.04115221e+10
 4.18100000e+02  7.65888187e+16  8.01685240e+15  4.12373569e+10  6.49651449e+09  9.95479315e+11  1.04115221e+10
 4.18800000e+02  7.88987035e+16  1.01045227e+16  4.24810572e+10  8.18827326e+09  9.95479315e+11  1.04115221e+10
 4.19500000e+02  8.11345807e+16  1.21645558e+16  4.36849101e+10  9.85763605e+09  9.95479315e+11  1.04115221e+10
 4.20200000e+02  8.32988217e+16  1.41959600e+16  4.48501922e+10  1.15037991e+10  9.95479315e+11  1.04115221e+10
 4.20900000e+02  8.53937215e+16  1.61978649e+16  4.59781392e+10  1.31260573e+10  9.95479315e+11  1.04115221e+10
 4.21600000e+02  8.74215019e+16  1.81695136e+16  4.70699475e+10  1.47237972e+10  9.95479315e+11  1.04115221e+10
 4.22300000e+02  8.93843133e+16  2.01102550e+16  4.81267747e+10  1.62964910e+10  9.95479315e+11  1.04115221e+10
 4.23000000e+02  9.12842372e+16  2.20195361e+16  4.91497418e+10  1.78436908e+10  9.95479315e+11  1.04115221e+10
 4.23000000e+02  9.12842372e+16  2.20195361e+16  4.91497418e+10  1.78436908e+10  1.01386126e+12  1.04011106e+10
 4.23025000e+02  9.11781355e+16  2.20870364e+16  4.90926140e+10  1.78983902e+10  1.01386126e+12  1.04011106e+10
 4.23050000e+02  9.10721571e+16  2.21542954e+16  4.90355525e+10  1.79528940e+10  1.01386126e+12  1.04011106e+10
 4.23075000e+02  9.09663018e+16  2.22213137e+16  4.89785574e+10  1.80072027e+10  1.01386126e+12  1.04011106e+10
 4.23100000e+02  9.08605696e+16  2.22880918e+16  4.89216285e+10  1.80613169e+10  1.01386126e+12  1.04011106e+10
 4.23125000e+02  9.07549604e+16  2.23546304e+16  4.88647658e+10  1.81152369e+10  1.01386126e+12  1.04011106e+10
 4.23150000e+02  9.06494738e+16  2.24209300e+16  4.88079692e+10  1.81689632e+10  1.01386126e+12  1.04011106e+10
 4.23175000e+02  9.05441099e+16  2.24869911e+16  4.87512386e+10  1.82224963e+10  1.01386126e+12  1.04011106e+10
 4.23200000e+02  9.04388684e+16  2.25528143e+16  4.86945739e+10  1.82758367e+10  1.01386126e+12  1.04011106e+10
 4.23225000e+02  9.03337493e+16  2.26184002e+16  4.86379751e+10  1.83289847e+10  1.01386126e+12  1.04011106e+10
 4.23250000e+02  9.02287523e+16  2.26837494e+16  4.85814421e+10  1.83819408e+10  1.01386126e+12  1.04011106e+10
 4.23250000e+02  9.02287523e+16  0.00000000e+00  4.85814421e+10  0.00000000e+00  1.02702086e+12  1.03907095e+10
 4.23775000e+02  8.80517903e+16  2.13727775e+15  4.74093106e+10  1.73195853e+09  1.02702086e+12  1.03907095e+10
 4.24300000e+02  8.59273521e+16  4.14585380e+15  4.62654594e+10  3.35962270e+09  1.02702086e+12  1.03907095e+10
 4.24825000e+02  8.38541705e+16  6.03161720e+15  4.51492060e+10  4.88776475e+09  1.02702086e+12  1.03907095e+10
 4.25350000e+02  8.18310089e+16  7.80021445e+15  4.40598846e+10  6.32096036e+09  1.02702086e+12  1.03907095e+10
 4.25875000e+02  7.98566604e+16  9.45705896e+15  4.29968455e+10  7.66359633e+09  1.02702086e+12  1.03907095e+10
 4.26400000e+02  7.79299473e+16  1.10073402e+16  4.19594544e+10  8.91987797e+09  1.02702086e+12  1.03907095e+10
 4.26925000e+02  7.60497203e+16  1.24560324e+16  4.09470926e+10  1.00938362e+10  1.02702086e+12  1.03907095e+10
 4.27450000e+02  7.42148577e+16  1.38079032e+16  3.99591563e+10  1.11893345e+10  1.02702086e+12  1.03907095e+10
 4.27975000e+02  7.24242652e+16  1.50675213e+16  3.89950560e+10  1.22100752e+10  1.02702086e+12  1.03907095e+10
 4.28500000e+02  7.06768746e+16  1.62392649e+16  3.80542166e+10  1.31596061e+10  1.02702086e+12  1.03907095e+10
 4.28500000e+02  7.06768746e+16  0.00000000e+00  3.80542166e+10  0.00000000e+00  1.02702086e+12  1.03907095e+10
 4.28550000e+02  7.05126714e+16  1.63915981e+14  3.79658055e+10  1.32830504e+08  1.02702086e+12  1.03907095e+10
 4.28600000e+02  7.03488497e+16  3.26878313e+14  3.78775998e+10  2.64888212e+08  1.02702086e+12  1.03907095e+10
 4.28650000e+02  7.01854086e+16  4.88891212e+14  3.77895990e+10  3.96176540e+08  1.02702086e+12  1.03907095e+10
 4.28700000e+02  7.00223473e+16  6.49958880e+14  3.77018026e+10  5.26698893e+08  1.02702086e+12  1.03907095e+10
 4.28750000e+02  6.98596648e+16  8.10085500e+14  3.76142102e+10  6.56458661e+08  1.02702086e+12  1.03907095e+10
 4.28800000e+02  6.96973602e+16  9.69275239e+14  3.75268213e+10  7.85459221e+08  1.02702086e+12  1.03907095e+10
 4.28850000e+02  6.95354327e+16  1.12753225e+15  3.74396355e+10  9.13703937e+08  1.02702086e+12  1.03907095e+10
 4.28900000e+02  6.93738815e+16  1.28486066e+15  3.73526522e+10  1.04119616e+09  1.02702086e+12  1.03907095e+10
 4.28950000e+02  6.92127055e+16  1.44126460e+15  3.72658710e+10  1.16793922e+09  1.02702086e+12  1.03907095e+10
 4.29000000e+02  6.90519040e+16  1.59674816e+15  3.71792914e+10  1.29393645e+09  1.02702086e+12  1.03907095e+10
 4.29000000e+02  6.90519040e+16  1.59674816e+15  3.71792914e+10  1.29393645e+09  1.02702086e+12  1.03907095e+10
 4.29700000e+02  7.15937448e+16  3.75570545e+15  3.85478827e+10  3.04346315e+09  1.02702086e+12  1.03907095e+10
 4.30400000e+02  7.40541462e+16  5.89086761e+15  3.98726251e+10  4.77370730e+09  1.02702086e+12  1.03907095e+10
 4.31100000e+02  7.64357178e+16  8.00082672e+15  4.11549235e+10  6.48352797e+09  1.02702086e+12  1.03907095e+10
 4.31800000e+02  7.87409851e+16  1.00843238e+16  4.23961377e+10  8.17190491e+09  1.02702086e+12  1.03907095e+10
 4.32500000e+02  8.09723928e+16  1.21402389e+16  4.35975840e+10  9.83793065e+09  1.02702086e+12  1.03907095e+10
 4.33200000e+02  8.31323075e+16  1.41675823e+16  4.47605367e+10  1.14808031e+10  1.02702086e+12  1.03907095e+10
 4.33900000e+02  8.52230196e+16  1.61654854e+16  4.58862290e+10  1.30998183e+10  1.02702086e+12  1.03907095e+10
 4.34600000e+02  8.72467464e+16  1.81331928e+16  4.69758547e+10  1.46943643e+10  1.02702086e+12  1.03907095e+10
 4.35300000e+02  8.92056341e+16  2.00700546e+16  4.80305694e+10  1.62639143e+10  1.02702086e+12  1.03907095e+10
 4.36000000e+02  9.11017601e+16  2.19755191e+16  4.90514916e+10  1.78080213e+10  1.02702086e+12  1.03907095e+10
 4.36000000e+02  9.11017601e+16  2.19755191e+16  4.90514916e+10  1.78080213e+10  1.04536606e+12  1.03803188e+10
 4.36025000e+02  9.09958705e+16  2.20428844e+16  4.89944779e+10  1.78626113e+10  1.04536606e+12  1.03803188e+10
 4.36050000e+02  9.08901039e+16  2.21100090e+16  4.89375305e+10  1.79170062e+10  1.04536606e+12  1.03803188e+10
 4.36075000e+02  9.07844603e+16  2.21768933e+16  4.88806493e+10  1.79712063e+10  1.04536606e+12  1.03803188e+10
 4.36100000e+02  9.06789395e+16  2.22435380e+16  4.88238342e+10  1.80252123e+10  1.04536606e+12  1.03803188e+10
 4.36125000e+02  9.05735413e+16  2.23099435e+16  4.87670852e+10  1.80790246e+10  1.04536606e+12  1.03803188e+10
 4.36150000e+02  9.04682656e+16  2.23761106e+16  4.87104021e+10  1.81326435e+10  1.04536606e+12  1.03803188e+10
 4.36175000e+02  9.03631123e+16  2.24420396e+16  4.86537849e+10  1.81860696e+10  1.04536606e+12  1.03803188e+10
 4.36200000e+02  9.02580812e+16  2.25077313e+16  4.85972335e+10  1.82393033e+10  1.04536606e+12  1.03803188e+10
 4.36225000e+02  9.01531722e+16  2.25731861e+16  4.85407478e+10  1.82923451e+10  1.04536606e+12  1.03803188e+10
 4.36250000e+02  9.00483851e+16  2.26384046e+16  4.84843278e+10  1.83451954e+10  1.04536606e+12  1.03803188e+10
 4.36250000e+02  9.00483851e+16  0.00000000e+00  4.84843278e+10  0.00000000e+00  1.05849936e+12  1.03699384e+10
 4.36775000e+02  8.78757748e+16  2.13300533e+15  4.73145395e+10  1.72849634e+09  1.05849936e+12  1.03699384e+10
 4.37300000e+02  8.57555834e+16  4.13756624e+15  4.61729748e+10  3.35290682e+09  1.05849936e+12  1.03699384e+10
 4.37825000e+02  8.36865461e+16  6.01956001e+15  4.50589528e+10  4.87799411e+09  1.05849936e+12  1.03699384e+10
 4.38350000e+02  8.16674288e+16  7.78462183e+15  4.39718090e+10  6.30832477e+09  1.05849936e+12  1.03699384e+10
 4.38875000e+02  7.96970270e+16  9.43815431e+15  4.29108948e+10  7.64827681e+09  1.05849936e+12  1.03699384e+10
 4.39400000e+02  7.77741654e+16  1.09853365e+16  4.18755775e+10  8.90204714e+09  1.05849936e+12  1.03699384e+10
 4.39925000e+02  7.58976969e+16  1.24311328e+16  4.08652394e+10  1.00736587e+10  1.05849936e+12  1.03699384e+10
 4.40450000e+02  7.40665023e+16  1.37803012e+16  3.98792779e+10  1.11669670e+10  1.05849936e+12  1.03699384e+10
 4.40975000e+02  7.22794892e+16  1.50374013e+16  3.89171049e+10  1.21856673e+10  1.05849936e+12  1.03699384e+10
 4.41500000e+02  7.05355916e+16  1.62068027e+16  3.79781463e+10  1.31333001e+10  1.05849936e+12  1.03699384e+10
 4.41500000e+02  7.05355916e+16  0.00000000e+00  3.79781463e+10  0.00000000e+00  1.05849936e+12  1.03699384e+10
 4.41550000e+02  7.03717166e+16  1.63588313e+14  3.78899119e+10  1.32564976e+08  1.05849936e+12  1.03699384e+10
 4.41600000e+02  7.02082224e+16  3.26224883e+14  3.78018825e+10  2.64358700e+08  1.05849936e+12  1.03699384e+10
 4.41650000e+02  7.00451081e+16  4.87913919e+14  3.77140576e+10  3.95384583e+08  1.05849936e+12  1.03699384e+10
 4.41700000e+02  6.98823727e+16  6.48659612e+14  3.76264367e+10  5.25646022e+08  1.05849936e+12  1.03699384e+10
 4.41750000e+02  6.97200154e+16  8.08466140e+14  3.75390194e+10  6.55146401e+08  1.05849936e+12  1.03699384e+10
 4.41800000e+02  6.95580353e+16  9.67337659e+14  3.74518053e+10  7.83889089e+08  1.05849936e+12  1.03699384e+10
 4.41850000e+02  6.93964315e+16  1.12527831e+15  3.73647937e+10  9.11877444e+08  1.05849936e+12  1.03699384e+10
 4.41900000e+02  6.92352031e+16  1.28229223e+15  3.72779843e+10  1.03911481e+09  1.05849936e+12  1.03699384e+10
 4.41950000e+02  6.90743494e+16  1.43838351e+15  3.71913766e+10  1.16560451e+09  1.05849936e+12  1.03699384e+10
 4.42000000e+02  6.89138694e+16  1.59355626e+15  3.71049701e+10  1.29134987e+09  1.05849936e+12  1.03699384e+10
 4.42000000e+02  6.89138694e+16  1.59355626e+15  3.71049701e+10  1.29134987e+09  1.05849936e+12  1.03699384e+10
 4.42700000e+02  7.14506289e+16  3.74819779e+15  3.84708256e+10  3.03737927e+09  1.05849936e+12  1.03699384e+10
 4.43400000e+02  7.39061121e+16  5.87909177e+15  3.97929198e+10  4.76416466e+09  1.05849936e+12  1.03699384e+10
 4.44100000e+02  7.62829229e+16  7.98483308e+15  4.10726548e+10  6.47056740e+09  1.05849936e+12  1.03699384e+10
 4.44800000e+02  7.85835819e+16  1.00641652e+16  4.23113878e+10  8.15556928e+09  1.05849936e+12  1.03699384e+10
 4.45500000e+02  8.08105291e+16  1.21159706e+16  4.35104325e+10  9.81826464e+09  1.05849936e+12  1.03699384e+10
 4.46200000e+02  8.29661260e+16  1.41392613e+16  4.46710604e+10  1.14578529e+10  1.05849936e+12  1.03699384e+10
 4.46900000e+02  8.50526588e+16  1.61331706e+16  4.57945024e+10  1.30736318e+10  1.05849936e+12  1.03699384e+10
 4.47600000e+02  8.70723402e+16  1.80969445e+16  4.68819500e+10  1.46649903e+10  1.05849936e+12  1.03699384e+10
 4.48300000e+02  8.90273121e+16  2.00299346e+16  4.79345563e+10  1.62314028e+10  1.05849936e+12  1.03699384e+10
 4.49000000e+02  9.09196477e+16  2.19315901e+16  4.89534376e+10  1.77724231e+10  1.05849936e+12  1.03699384e+10
 4.49000000e+02  9.09196477e+16  2.19315901e+16  4.89534376e+10  1.77724231e+10  1.07680788e+12  1.03595685e+10
 4.49025000e+02  9.08139698e+16  2.19988207e+16  4.88965380e+10  1.78269040e+10  1.07680788e+12  1.03595685e+10
 4.49050000e+02  9.07084147e+16  2.20658111e+16  4.88397044e+10  1.78811901e+10  1.07680788e+12  1.03595685e+10
 4.49075000e+02  9.06029822e+16  2.21325617e+16  4.87829369e+10  1.79352819e+10  1.07680788e+12  1.03595685e+10
 4.49100000e+02  9.04976723e+16  2.21990731e+16  4.87262354e+10  1.79891799e+10  1.07680788e+12  1.03595685e+10
 4.49125000e+02  9.03924848e+16  2.22653460e+16  4.86695998e+10  1.80428846e+10  1.07680788e+12  1.03595685e+10
 4.49150000e+02  9.02874196e+16  2.23313807e+16  4.86130300e+10  1.80963964e+10  1.07680788e+12  1.03595685e+10
 4.49175000e+02  9.01824765e+16  2.23971780e+16  4.85565260e+10  1.81497157e+10  1.07680788e+12  1.03595685e+10
 4.49200000e+02  9.00776554e+16  2.24627383e+16  4.85000877e+10  1.82028430e+10  1.07680788e+12  1.03595685e+10
 4.49225000e+02  8.99729561e+16  2.25280623e+16  4.84437149e+10  1.82557787e+10  1.07680788e+12  1.03595685e+10
 4.49250000e+02  8.98683785e+16  2.25931504e+16  4.83874077e+10  1.83085233e+10  1.07680788e+12  1.03595685e+10
 4.49250000e+02  8.98683785e+16  0.00000000e+00  4.83874077e+10  0.00000000e+00  1.08991493e+12  1.03492089e+10
 4.49775000e+02  8.77001112e+16  2.12874146e+15  4.72199577e+10  1.72504108e+09  1.08991493e+12  1.03492089e+10
 4.50300000e+02  8.55841580e+16  4.12929525e+15  4.60806750e+10  3.34620436e+09  1.08991493e+12  1.03492089e+10
 4.50825000e+02  8.35192567e+16  6.00752691e+15  4.49688800e+10  4.86824301e+09  1.08991493e+12  1.03492089e+10
 4.51350000e+02  8.15041756e+16  7.76906038e+15  4.38839094e+10  6.29571443e+09  1.08991493e+12  1.03492089e+10
 4.51875000e+02  7.95377127e+16  9.41928745e+15  4.28251160e+10  7.63298791e+09  1.08991493e+12  1.03492089e+10
 4.52400000e+02  7.76186949e+16  1.09633769e+16  4.17918683e+10  8.88425196e+09  1.08991493e+12  1.03492089e+10
 4.52925000e+02  7.57459775e+16  1.24062830e+16  4.07835498e+10  1.00535214e+10  1.08991493e+12  1.03492089e+10
 4.53450000e+02  7.39184434e+16  1.37527544e+16  3.97995593e+10  1.11446443e+10  1.08991493e+12  1.03492089e+10
 4.53975000e+02  7.21350025e+16  1.50073416e+16  3.88393096e+10  1.21613081e+10  1.08991493e+12  1.03492089e+10
 4.54500000e+02  7.03945909e+16  1.61744053e+16  3.79022280e+10  1.31070466e+10  1.08991493e+12  1.03492089e+10
 4.54500000e+02  7.03945909e+16  0.00000000e+00  3.79022280e+10  0.00000000e+00  1.08991493e+12  1.03492089e+10
 4.54550000e+02  7.02310436e+16  1.63261300e+14  3.78141700e+10  1.32299979e+08  1.08991493e+12  1.03492089e+10
 4.54600000e+02  7.00678762e+16  3.25572760e+14  3.77263165e+10  2.63830247e+08  1.08991493e+12  1.03492089e+10
 4.54650000e+02  6.99050879e+16  4.86938579e+14  3.76386672e+10  3.94594210e+08  1.08991493e+12  1.03492089e+10
 4.54700000e+02  6.97426778e+16  6.47362942e+14  3.75512215e+10  5.24595256e+08  1.08991493e+12  1.03492089e+10
 4.54750000e+02  6.95806451e+16  8.06850016e+14  3.74639790e+10  6.53836763e+08  1.08991493e+12  1.03492089e+10
 4.54800000e+02  6.94189888e+16  9.65403952e+14  3.73769391e+10  7.82322095e+08  1.08991493e+12  1.03492089e+10
 4.54850000e+02  6.92577080e+16  1.12302888e+15  3.72901015e+10  9.10054601e+08  1.08991493e+12  1.03492089e+10
 4.54900000e+02  6.90968020e+16  1.27972893e+15  3.72034656e+10  1.03703762e+09  1.08991493e+12  1.03492089e+10
 4.54950000e+02  6.89362698e+16  1.43550818e+15  3.71170310e+10  1.16327447e+09  1.08991493e+12  1.03492089e+10
 4.55000000e+02  6.87761106e+16  1.59037074e+15  3.70307972e+10  1.28876847e+09  1.08991493e+12  1.03492089e+10
 4.55000000e+02  6.87761106e+16  1.59037074e+15  3.70307972e+10  1.28876847e+09  1.08991493e+12  1.03492089e+10
 4.55700000e+02  7.13077992e+16  3.74070515e+15  3.83939224e+10  3.03130755e+09  1.08991493e+12  1.03492089e+10
 4.56400000e+02  7.37583738e+16  5.86733947e+15  3.97133738e+10  4.75464110e+09  1.08991493e+12  1.03492089e+10
 4.57100000e+02  7.61304333e+16  7.96887140e+15  4.09905506e+10  6.45763274e+09  1.08991493e+12  1.03492089e+10
 4.57800000e+02  7.84264934e+16  1.00440470e+16  4.22268074e+10  8.13926630e+09  1.08991493e+12  1.03492089e+10
 4.58500000e+02  8.06489888e+16  1.20917508e+16  4.34234552e+10  9.79863793e+09  1.08991493e+12  1.03492089e+10
 4.59200000e+02  8.28002768e+16  1.41109969e+16  4.45817630e+10  1.14349487e+10  1.08991493e+12  1.03492089e+10
 4.59900000e+02  8.48826386e+16  1.61009204e+16  4.57029592e+10  1.30474976e+10  1.08991493e+12  1.03492089e+10
 4.60600000e+02  8.68982826e+16  1.80607688e+16  4.67882330e+10  1.46356750e+10  1.08991493e+12  1.03492089e+10
 4.61300000e+02  8.88493465e+16  1.99898948e+16  4.78387351e+10  1.61989562e+10  1.08991493e+12  1.03492089e+10
 4.62000000e+02  9.07378994e+16  2.18877488e+16  4.88555797e+10  1.77368960e+10  1.08991493e+12  1.03492089e+10
 4.62000000e+02  9.07378994e+16  2.18877488e+16  4.88555797e+10  1.77368960e+10  1.10818685e+12  1.03388597e+10
 4.62025000e+02  9.06324327e+16  2.19548451e+16  4.87987938e+10  1.77912680e+10  1.10818685e+12  1.03388597e+10
 4.62050000e+02  9.05270886e+16  2.20217015e+16  4.87420739e+10  1.78454456e+10  1.10818685e+12  1.03388597e+10
 4.62075000e+02  9.04218669e+16  2.20883187e+16  4.86854198e+10  1.78994293e+10  1.10818685e+12  1.03388597e+10
 4.62100000e+02  9.03167675e+16  2.21546972e+16  4.86288317e+10  1.79532196e+10  1.10818685e+12  1.03388597e+10
 4.62125000e+02  9.02117903e+16  2.22208376e+16  4.85723093e+10  1.80068169e+10  1.10818685e+12  1.03388597e+10
 4.62150000e+02  9.01069351e+16  2.22867403e+16  4.85158526e+10  1.80602217e+10  1.10818685e+12  1.03388597e+10
 4.62175000e+02  9.00022017e+16  2.23524061e+16  4.84594615e+10  1.81134344e+10  1.10818685e+12  1.03388597e+10
 4.62200000e+02  8.98975902e+16  2.24178353e+16  4.84031360e+10  1.81664555e+10  1.10818685e+12  1.03388597e+10
 4.62225000e+02  8.97931002e+16  2.24830287e+16  4.83468759e+10  1.82192854e+10  1.10818685e+12  1.03388597e+10
 4.62250000e+02  8.96887316e+16  2.25479867e+16  4.82906813e+10  1.82719246e+10  1.10818685e+12  1.03388597e+10
 4.62250000e+02  8.96887316e+16  0.00000000e+00  4.82906813e+10  0.00000000e+00  1.12126770e+12  1.03285209e+10
 4.62775000e+02  8.75247987e+16  2.12448610e+15  4.71255651e+10  1.72159272e+09  1.12126770e+12  1.03285209e+10
 4.63300000e+02  8.54130753e+16  4.12104079e+15  4.59885598e+10  3.33951530e+09  1.12126770e+12  1.03285209e+10
 4.63825000e+02  8.33523018e+16  5.99551786e+15  4.48789872e+10  4.85851139e+09  1.12126770e+12  1.03285209e+10
 4.64350000e+02  8.13412488e+16  7.75353003e+15  4.37961854e+10  6.28312930e+09  1.12126770e+12  1.03285209e+10
 4.64875000e+02  7.93787168e+16  9.40045829e+15  4.27395086e+10  7.61772957e+09  1.12126770e+12  1.03285209e+10
 4.65400000e+02  7.74635351e+16  1.09414611e+16  4.17083263e+10  8.86649234e+09  1.12126770e+12  1.03285209e+10
 4.65925000e+02  7.55945613e+16  1.23814828e+16  4.07020235e+10  1.00334244e+10  1.12126770e+12  1.03285209e+10
 4.66450000e+02  7.37706805e+16  1.37252626e+16  3.97200000e+10  1.11223661e+10  1.12126770e+12  1.03285209e+10
 4.66975000e+02  7.19908047e+16  1.49773419e+16  3.87616698e+10  1.21369977e+10  1.12126770e+12  1.03285209e+10
 4.67500000e+02  7.02538722e+16  1.61420726e+16  3.78264615e+10  1.30808456e+10  1.12126770e+12  1.03285209e+10
 4.67500000e+02  7.02538722e+16  0.00000000e+00  3.78264615e+10  0.00000000e+00  1.12126770e+12  1.03285209e+10
 4.67550000e+02  7.00906518e+16  1.62934941e+14  3.77385795e+10  1.32035511e+08  1.12126770e+12  1.03285209e+10
 4.67600000e+02  6.99278106e+16  3.24921940e+14  3.76509016e+10  2.63302851e+08  1.12126770e+12  1.03285209e+10
 4.67650000e+02  6.97653477e+16  4.85965189e+14  3.75634275e+10  3.93805416e+08  1.12126770e+12  1.03285209e+10
 4.67700000e+02  6.96032623e+16  6.46068864e+14  3.74761566e+10  5.23546590e+08  1.12126770e+12  1.03285209e+10
 4.67750000e+02  6.94415534e+16  8.05237123e+14  3.73890885e+10  6.52529744e+08  1.12126770e+12  1.03285209e+10
 4.67800000e+02  6.92802202e+16  9.63474109e+14  3.73022226e+10  7.80758233e+08  1.12126770e+12  1.03285209e+10
 4.67850000e+02  6.91192619e+16  1.12078395e+15  3.72155586e+10  9.08235402e+08  1.12126770e+12  1.03285209e+10
 4.67900000e+02  6.89586775e+16  1.27717075e+15  3.71290959e+10  1.03496458e+09  1.12126770e+12  1.03285209e+10
 4.67950000e+02  6.87984662e+16  1.43263860e+15  3.70428341e+10  1.16094909e+09  1.12126770e+12  1.03285209e+10
 4.68000000e+02  6.86386271e+16  1.58719159e+15  3.69567727e+10  1.28619222e+09  1.12126770e+12  1.03285209e+10
 4.68000000e+02  6.86386271e+16  1.58719159e+15  3.69567727e+10  1.28619222e+09  1.12126770e+12  1.03285209e+10
 4.68700000e+02  7.11652549e+16  3.73322748e+15  3.83171730e+10  3.02524797e+09  1.12126770e+12  1.03285209e+10
 4.69400000e+02  7.36109308e+16  5.85561066e+15  3.96339867e+10  4.74513657e+09  1.12126770e+12  1.03285209e+10
 4.70100000e+02  7.59782486e+16  7.95294163e+15  4.09086105e+10  6.44472394e+09  1.12126770e+12  1.03285209e+10
 4.70800000e+02  7.82697188e+16  1.00239689e+16  4.21423960e+10  8.12299591e+09  1.12126770e+12  1.03285209e+10
 4.71500000e+02  8.04877715e+16  1.20675793e+16  4.33366517e+10  9.77905046e+09  1.12126770e+12  1.03285209e+10
 4.72200000e+02  8.26347590e+16  1.40827890e+16  4.44926440e+10  1.14120902e+10  1.12126770e+12  1.03285209e+10
 4.72900000e+02  8.47129582e+16  1.60687346e+16  4.56115990e+10  1.30214157e+10  1.12126770e+12  1.03285209e+10
 4.73600000e+02  8.67245730e+16  1.80246653e+16  4.66947033e+10  1.46064183e+10  1.12126770e+12  1.03285209e+10
 4.74300000e+02  8.86717367e+16  1.99499350e+16  4.77431055e+10  1.61665745e+10  1.12126770e+12  1.03285209e+10
 4.75000000e+02  9.05565144e+16  2.18439952e+16  4.87579174e+10  1.77014400e+10  1.12126770e+12  1.03285209e+10
 4.75000000e+02  9.05565144e+16  2.18439952e+16  4.87579174e+10  1.77014400e+10  1.13950310e+12  1.03181923e+10
 4.75025000e+02  9.04512585e+16  2.19109574e+16  4.87012450e+10  1.77557032e+10  1.13950310e+12  1.03181923e+10
 4.75050000e+02  9.03461249e+16  2.19776802e+16  4.86446385e+10  1.78097725e+10  1.13950310e+12  1.03181923e+10
 4.75075000e+02  9.02411136e+16  2.20441642e+16  4.85880977e+10  1.78636483e+10  1.13950310e+12  1.03181923e+10
 4.75100000e+02  9.01362243e+16  2.21104100e+16  4.85316227e+10  1.79173311e+10  1.13950310e+12  1.03181923e+10
 4.75125000e+02  9.00314569e+16  2.21764181e+16  4.84752132e+10  1.79708213e+10  1.13950310e+12  1.03181923e+10
 4.75150000e+02  8.99268113e+16  2.22421891e+16  4.84188694e+10  1.80241193e+10  1.13950310e+12  1.03181923e+10
 4.75175000e+02  8.98222874e+16  2.23077236e+16  4.83625911e+10  1.80772256e+10  1.13950310e+12  1.03181923e+10
 4.75200000e+02  8.97178849e+16  2.23730221e+16  4.83063781e+10  1.81301407e+10  1.13950310e+12  1.03181923e+10
 4.75225000e+02  8.96136038e+16  2.24380851e+16  4.82502305e+10  1.81828651e+10  1.13950310e+12  1.03181923e+10
 4.75250000e+02  8.95094438e+16  2.25029133e+16  4.81941482e+10  1.82353990e+10  1.13950310e+12  1.03181923e+10
 4.75250000e+02  8.95094438e+16  0.00000000e+00  4.81941482e+10  0.00000000e+00  1.15255779e+12  1.03078741e+10
 4.75775000e+02  8.73498366e+16  2.12023926e+15  4.70313611e+10  1.71815126e+09  1.15255779e+12  1.03078741e+10
 4.76300000e+02  8.52423346e+16  4.11280283e+15  4.58966287e+10  3.33283961e+09  1.15255779e+12  1.03078741e+10
 4.76825000e+02  8.31856805e+16  5.98353282e+15  4.47892741e+10  4.84879923e+09  1.15255779e+12  1.03078741e+10
 4.77350000e+02  8.11786477e+16  7.73803072e+15  4.37086369e+10  6.27056932e+09  1.15255779e+12  1.03078741e+10
 4.77875000e+02  7.92200388e+16  9.38166678e+15  4.26540723e+10  7.60250173e+09  1.15255779e+12  1.03078741e+10
 4.78400000e+02  7.73086855e+16  1.09195891e+16  4.16249514e+10  8.84876822e+09  1.15255779e+12  1.03078741e+10
 4.78925000e+02  7.54434478e+16  1.23567323e+16  4.06206602e+10  1.00133676e+10  1.15255779e+12  1.03078741e+10
 4.79450000e+02  7.36232129e+16  1.36978258e+16  3.96405997e+10  1.11001325e+10  1.15255779e+12  1.03078741e+10
 4.79975000e+02  7.18468951e+16  1.49474022e+16  3.86841853e+10  1.21127358e+10  1.15255779e+12  1.03078741e+10
 4.80500000e+02  7.01134347e+16  1.61098046e+16  3.77508464e+10  1.30546970e+10  1.15255779e+12  1.03078741e+10
 4.80500000e+02  7.01134347e+16  0.00000000e+00  3.77508464e+10  0.00000000e+00  1.15255779e+12  1.03078741e+10
 4.80550000e+02  6.99505406e+16  1.62609234e+14  3.76631400e+10  1.31771572e+08  1.15255779e+12  1.03078741e+10
 4.80600000e+02  6.97880249e+16  3.24272421e+14  3.75756375e+10  2.62776509e+08  1.15255779e+12  1.03078741e+10
 4.80650000e+02  6.96258868e+16  4.84993745e+14  3.74883382e+10  3.93018199e+08  1.15255779e+12  1.03078741e+10
 4.80700000e+02  6.94641253e+16  6.44777372e+14  3.74012418e+10  5.22500021e+08  1.15255779e+12  1.03078741e+10
 4.80750000e+02  6.93027397e+16  8.03627454e+14  3.73143477e+10  6.51225337e+08  1.15255779e+12  1.03078741e+10
 4.80800000e+02  6.91417291e+16  9.61548125e+14  3.72276555e+10  7.79197498e+08  1.15255779e+12  1.03078741e+10
 4.80850000e+02  6.89810925e+16  1.11854350e+15  3.71411647e+10  9.06419840e+08  1.15255779e+12  1.03078741e+10
 4.80900000e+02  6.88208291e+16  1.27461768e+15  3.70548748e+10  1.03289569e+09  1.15255779e+12  1.03078741e+10
 4.80950000e+02  6.86609381e+16  1.42977476e+15  3.69687855e+10  1.15862835e+09  1.15255779e+12  1.03078741e+10
 4.81000000e+02  6.85014185e+16  1.58401880e+15  3.68828961e+10  1.28362112e+09  1.15255779e+12  1.03078741e+10
 4.81000000e+02  6.85014185e+16  1.58401880e+15  3.68828961e+10  1.28362112e+09  1.15255779e+12  1.03078741e+10
 4.81700000e+02  7.10229956e+16  3.72576476e+15  3.82405769e+10  3.01920050e+09  1.15255779e+12  1.03078741e+10
 4.82400000e+02  7.34637826e+16  5.84390530e+15  3.95547584e+10  4.73565105e+09  1.15255779e+12  1.03078741e+10
 4.83100000e+02  7.58263681e+16  7.93704370e+15  4.08268342e+10  6.43184094e+09  1.15255779e+12  1.03078741e+10
 4.83800000e+02  7.81132577e+16  1.00039310e+16  4.20581534e+10  8.10675804e+09  1.15255779e+12  1.03078741e+10
 4.84500000e+02  8.03268765e+16  1.20434563e+16  4.32500217e+10  9.75950214e+09  1.15255779e+12  1.03078741e+10
 4.85200000e+02  8.24695722e+16  1.40546375e+16  4.44037033e+10  1.13892775e+10  1.15255779e+12  1.03078741e+10
 4.85900000e+02  8.45436170e+16  1.60366132e+16  4.55204215e+10  1.29953859e+10  1.15255779e+12  1.03078741e+10
 4.86600000e+02  8.65512106e+16  1.79886340e+16  4.66013606e+10  1.45772200e+10  1.15255779e+12  1.03078741e+10
 4.87300000e+02  8.84944819e+16  1.99100551e+16  4.76476670e+10  1.61342575e+10  1.15255779e+12  1.03078741e+10
 4.88000000e+02  9.03754919e+16  2.18003291e+16  4.86604504e+10  1.76660548e+10  1.15255779e+12  1.03078741e+10
 4.88000000e+02  9.03754919e+16  2.18003291e+16  4.86604504e+10  1.76660548e+10  1.17075674e+12  1.02975663e+10
 4.88025000e+02  9.02704464e+16  2.18671574e+16  4.86038912e+10  1.77202096e+10  1.17075674e+12  1.02975663e+10
 4.88050000e+02  9.01655230e+16  2.19337468e+16  4.85473978e+10  1.77741708e+10  1.17075674e+12  1.02975663e+10
 4.88075000e+02  9.00607216e+16  2.20000979e+16  4.84909701e+10  1.78279389e+10  1.17075674e+12  1.02975663e+10
 4.88100000e+02  8.99560420e+16  2.20662113e+16  4.84346079e+10  1.78815144e+10  1.17075674e+12  1.02975663e+10
 4.88125000e+02  8.98514841e+16  2.21320874e+16  4.83783113e+10  1.79348976e+10  1.17075674e+12  1.02975663e+10
 4.88150000e+02  8.97470476e+16  2.21977270e+16  4.83220801e+10  1.79880891e+10  1.17075674e+12  1.02975663e+10
 4.88175000e+02  8.96427326e+16  2.22631305e+16  4.82659143e+10  1.80410893e+10  1.17075674e+12  1.02975663e+10
 4.88200000e+02  8.95385388e+16  2.23282984e+16  4.82098137e+10  1.80938986e+10  1.17075674e+12  1.02975663e+10
 4.88225000e+02  8.94344662e+16  2.23932314e+16  4.81537783e+10  1.81465175e+10  1.17075674e+12  1.02975663e+10
 4.88250000e+02  8.93305145e+16  2.24579300e+16  4.80978081e+10  1.81989465e+10  1.17075674e+12  1.02975663e+10
 4.88250000e+02  8.93305145e+16  0.00000000e+00  4.80978081e+10  0.00000000e+00  1.18378534e+12  1.02872687e+10
 4.88775000e+02  8.71752243e+16  2.11600090e+15  4.69373454e+10  1.71471668e+09  1.18378534e+12  1.02872687e+10
 4.89300000e+02  8.50719352e+16  4.10458134e+15  4.58048813e+10  3.32617726e+09  1.18378534e+12  1.02872687e+10
 4.89825000e+02  8.30193924e+16  5.97157174e+15  4.46997404e+10  4.83910648e+09  1.18378534e+12  1.02872687e+10
 4.90350000e+02  8.10163716e+16  7.72256240e+15  4.36212633e+10  6.25803446e+09  1.18378534e+12  1.02872687e+10
 4.90875000e+02  7.90616779e+16  9.36291283e+15  4.25688068e+10  7.58730433e+09  1.18378534e+12  1.02872687e+10
 4.91400000e+02  7.71541455e+16  1.08977608e+16  4.15417431e+10  8.83107954e+09  1.18378534e+12  1.02872687e+10
 4.91925000e+02  7.52926363e+16  1.23320312e+16  4.05394595e+10  9.99335090e+09  1.18378534e+12  1.02872687e+10
 4.92450000e+02  7.34760401e+16  1.36704439e+16  3.95613582e+10  1.10779433e+10  1.18378534e+12  1.02872687e+10
 4.92975000e+02  7.17032731e+16  1.49175224e+16  3.86068556e+10  1.20885224e+10  1.18378534e+12  1.02872687e+10
 4.93500000e+02  6.99732780e+16  1.60776011e+16  3.76753824e+10  1.30286007e+10  1.18378534e+12  1.02872687e+10
 4.93500000e+02  6.99732780e+16  0.00000000e+00  3.76753824e+10  0.00000000e+00  1.18378534e+12  1.02872687e+10
 4.93550000e+02  6.98107094e+16  1.62284178e+14  3.75878514e+10  1.31508161e+08  1.18378534e+12  1.02872687e+10
 4.93600000e+02  6.96485186e+16  3.23624200e+14  3.75005238e+10  2.62251218e+08  1.18378534e+12  1.02872687e+10
 4.93650000e+02  6.94867046e+16  4.84024242e+14  3.74133990e+10  3.92232556e+08  1.18378534e+12  1.02872687e+10
 4.93700000e+02  6.93252666e+16  6.43488462e+14  3.73264767e+10  5.21455543e+08  1.18378534e+12  1.02872687e+10
 4.93750000e+02  6.91642036e+16  8.02021003e+14  3.72397563e+10  6.49923538e+08  1.18378534e+12  1.02872687e+10
 4.93800000e+02  6.90035148e+16  9.59625990e+14  3.71532374e+10  7.77639882e+08  1.18378534e+12  1.02872687e+10
 4.93850000e+02  6.88431993e+16  1.11630753e+15  3.70669195e+10  9.04607907e+08  1.18378534e+12  1.02872687e+10
 4.93900000e+02  6.86832563e+16  1.27206972e+15  3.69808022e+10  1.03083093e+09  1.18378534e+12  1.02872687e+10
 4.93950000e+02  6.85236849e+16  1.42691664e+15  3.68948849e+10  1.15631225e+09  1.18378534e+12  1.02872687e+10
 4.94000000e+02  6.83644842e+16  1.58085234e+15  3.68091672e+10  1.28105516e+09  1.18378534e+12  1.02872687e+10
 4.94000000e+02  6.83644842e+16  1.58085234e+15  3.68091672e+10  1.28105516e+09  1.18378534e+12  1.02872687e+10
 4.94700000e+02  7.08810206e+16  3.71831696e+15  3.81641340e+10  3.01316512e+09  1.18378534e+12  1.02872687e+10
 4.95400000e+02  7.33169285e+16  5.83222333e+15  3.94756884e+10  4.72618448e+09  1.18378534e+12  1.02872687e+10
 4.96100000e+02  7.56747912e+16  7.92117755e+15  4.07452214e+10  6.41898369e+09  1.18378534e+12  1.02872687e+10
 4.96800000e+02  7.79571093e+16  9.98393313e+15  4.19740791e+10  8.09055264e+09  1.18378534e+12  1.02872687e+10
 4.97500000e+02  8.01663031e+16  1.20193814e+16  4.31635649e+10  9.73999289e+09  1.18378534e+12  1.02872687e+10
 4.98200000e+02  8.23047155e+16  1.40265423e+16  4.43149403e+10  1.13665103e+10  1.18378534e+12  1.02872687e+10
 4.98900000e+02  8.43746143e+16  1.60045560e+16  4.54294261e+10  1.29694081e+10  1.18378534e+12  1.02872687e+10
 4.99600000e+02  8.63781947e+16  1.79526747e+16  4.65082045e+10  1.45480802e+10  1.18378534e+12  1.02872687e+10
 5.00300000e+02  8.83175815e+16  1.98702549e+16  4.75524194e+10  1.61020052e+10  1.18378534e+12  1.02872687e+10
 5.01000000e+02  9.01948313e+16  2.17567502e+16  4.85631781e+10  1.76307404e+10  1.18378534e+12  1.02872687e+10
 5.01000000e+02  9.01948313e+16  2.17567502e+16  4.85631781e+10  1.76307404e+10  1.20194791e+12  1.02769814e+10
 5.01025000e+02  9.00899958e+16  2.18234449e+16  4.85067321e+10  1.76847869e+10  1.20194791e+12  1.02769814e+10
 5.01050000e+02  8.99852822e+16  2.18899012e+16  4.84503516e+10  1.77386402e+10  1.20194791e+12  1.02769814e+10
 5.01075000e+02  8.98806902e+16  2.19561197e+16  4.83940366e+10  1.77923009e+10  1.20194791e+12  1.02769814e+10
 5.01100000e+02  8.97762199e+16  2.20221009e+16  4.83377872e+10  1.78457692e+10  1.20194791e+12  1.02769814e+10
 5.01125000e+02  8.96718709e+16  2.20878454e+16  4.82816031e+10  1.78990457e+10  1.20194791e+12  1.02769814e+10
 5.01150000e+02  8.95676433e+16  2.21533537e+16  4.82254843e+10  1.79521309e+10  1.20194791e+12  1.02769814e+10
 5.01175000e+02  8.94635368e+16  2.22186265e+16  4.81694307e+10  1.80050251e+10  1.20194791e+12  1.02769814e+10
 5.01200000e+02  8.93595513e+16  2.22836642e+16  4.81134423e+10  1.80577289e+10  1.20194791e+12  1.02769814e+10
 5.01225000e+02  8.92556867e+16  2.23484673e+16  4.80575189e+10  1.81102426e+10  1.20194791e+12  1.02769814e+10
 5.01250000e+02  8.91519428e+16  2.24130366e+16  4.80016606e+10  1.81625668e+10  1.20194791e+12  1.02769814e+10
 5.01250000e+02  8.91519428e+16  0.00000000e+00  4.80016606e+10  0.00000000e+00  1.21495046e+12  1.02667045e+10
 5.01775000e+02  8.70009611e+16  2.11177101e+15  4.68435176e+10  1.71128896e+09  1.21495046e+12  1.02667045e+10
 5.02300000e+02  8.49018764e+16  4.09637628e+15  4.57133174e+10  3.31952823e+09  1.21495046e+12  1.02667045e+10
 5.02825000e+02  8.28534366e+16  5.95963457e+15  4.46103856e+10  4.82943310e+09  1.21495046e+12  1.02667045e+10
 5.03350000e+02  8.08544199e+16  7.70712500e+15  4.35340644e+10  6.24552465e+09  1.21495046e+12  1.02667045e+10
 5.03875000e+02  7.89036337e+16  9.34419637e+15  4.24837118e+10  7.57213731e+09  1.21495046e+12  1.02667045e+10
 5.04400000e+02  7.69999144e+16  1.08759762e+16  4.14587012e+10  8.81342621e+09  1.21495046e+12  1.02667045e+10
 5.04925000e+02  7.51421264e+16  1.23073794e+16  4.04584211e+10  9.97337419e+09  1.21495046e+12  1.02667045e+10
 5.05450000e+02  7.33291615e+16  1.36431166e+16  3.94822750e+10  1.10557985e+10  1.21495046e+12  1.02667045e+10
 5.05975000e+02  7.15599383e+16  1.48877022e+16  3.85296805e+10  1.20643575e+10  1.21495046e+12  1.02667045e+10
 5.06500000e+02  6.98334014e+16  1.60454620e+16  3.76000693e+10  1.30025565e+10  1.21495046e+12  1.02667045e+10
 5.06500000e+02  6.98334014e+16  0.00000000e+00  3.76000693e+10  0.00000000e+00  1.21495046e+12  1.02667045e+10
 5.06550000e+02  6.96711578e+16  1.61959772e+14  3.75127133e+10  1.31245276e+08  1.21495046e+12  1.02667045e+10
 5.06600000e+02  6.95092912e+16  3.22977276e+14  3.74255603e+10  2.61726978e+08  1.21495046e+12  1.02667045e+10
 5.06650000e+02  6.93478007e+16  4.83056678e+14  3.73386097e+10  3.91448483e+08  1.21495046e+12  1.02667045e+10
 5.06700000e+02  6.91866854e+16  6.42202129e+14  3.72518611e+10  5.20413154e+08  1.21495046e+12  1.02667045e+10
 5.06750000e+02  6.90259443e+16  8.00417763e+14  3.71653141e+10  6.48624340e+08  1.21495046e+12  1.02667045e+10
 5.06800000e+02  6.88655768e+16  9.57707698e+14  3.70789681e+10  7.76085380e+08  1.21495046e+12  1.02667045e+10
 5.06850000e+02  6.87055818e+16  1.11407603e+15  3.69928227e+10  9.02799596e+08  1.21495046e+12  1.02667045e+10
 5.06900000e+02  6.85459585e+16  1.26952686e+15  3.69068775e+10  1.02877030e+09  1.21495046e+12  1.02667045e+10
 5.06950000e+02  6.83867061e+16  1.42406423e+15  3.68211320e+10  1.15400078e+09  1.21495046e+12  1.02667045e+10
 5.07000000e+02  6.82278236e+16  1.57769222e+15  3.67355857e+10  1.27849433e+09  1.21495046e+12  1.02667045e+10
 5.07000000e+02  6.82278236e+16  1.57769222e+15  3.67355857e+10  1.27849433e+09  1.21495046e+12  1.02667045e+10
 5.07700000e+02  7.07393294e+16  3.71088404e+15  3.80878439e+10  3.00714180e+09  1.21495046e+12  1.02667045e+10
 5.08400000e+02  7.31703680e+16  5.82056472e+15  3.93967765e+10  4.71673684e+09  1.21495046e+12  1.02667045e+10
 5.09100000e+02  7.55235173e+16  7.90534312e+15  4.06637717e+10  6.40615214e+09  1.21495046e+12  1.02667045e+10
 5.09800000e+02  7.78012730e+16  9.96397525e+15  4.18901729e+10  8.07437962e+09  1.21495046e+12  1.02667045e+10
 5.10500000e+02  8.00060506e+16  1.19953546e+16  4.30772810e+10  9.72052265e+09  1.21495046e+12  1.02667045e+10
 5.11200000e+02  8.21401884e+16  1.39985033e+16  4.42263547e+10  1.13437887e+10  1.21495046e+12  1.02667045e+10
 5.11900000e+02  8.42059495e+16  1.59725629e+16  4.53386127e+10  1.29434822e+10  1.21495046e+12  1.02667045e+10
 5.12600000e+02  8.62055247e+16  1.79167873e+16  4.64152346e+10  1.45189986e+10  1.21495046e+12  1.02667045e+10
 5.13300000e+02  8.81410346e+16  1.98305342e+16  4.74573621e+10  1.60698173e+10  1.21495046e+12  1.02667045e+10
 5.14000000e+02  9.00145318e+16  2.17132585e+16  4.84661003e+10  1.75954965e+10  1.21495046e+12  1.02667045e+10
 5.14000000e+02  9.00145318e+16  2.17132585e+16  4.84661003e+10  1.75954965e+10  1.23307672e+12  1.02564378e+10
 5.14025000e+02  8.99099059e+16  2.17798199e+16  4.84097671e+10  1.76494350e+10  1.23307672e+12  1.02564378e+10
 5.14050000e+02  8.98054016e+16  2.18461433e+16  4.83534993e+10  1.77031807e+10  1.23307672e+12  1.02564378e+10
 5.14075000e+02  8.97010187e+16  2.19122294e+16  4.82972970e+10  1.77567341e+10  1.23307672e+12  1.02564378e+10
 5.14100000e+02  8.95967572e+16  2.19780787e+16  4.82411599e+10  1.78100955e+10  1.23307672e+12  1.02564378e+10
 5.14125000e+02  8.94926169e+16  2.20436918e+16  4.81850881e+10  1.78632656e+10  1.23307672e+12  1.02564378e+10
 5.14150000e+02  8.93885976e+16  2.21090692e+16  4.81290815e+10  1.79162446e+10  1.23307672e+12  1.02564378e+10
 5.14175000e+02  8.92846992e+16  2.21742114e+16  4.80731400e+10  1.79690331e+10  1.23307672e+12  1.02564378e+10
 5.14200000e+02  8.91809216e+16  2.22391191e+16  4.80172635e+10  1.80216315e+10  1.23307672e+12  1.02564378e+10
 5.14225000e+02  8.90772646e+16  2.23037928e+16  4.79614520e+10  1.80740402e+10  1.23307672e+12  1.02564378e+10
 5.14250000e+02  8.89737280e+16  2.23682329e+16  4.79057053e+10  1.81262598e+10  1.23307672e+12  1.02564378e+10
 5.14250000e+02  8.89737280e+16  0.00000000e+00  4.79057053e+10  0.00000000e+00  1.24605329e+12  1.02461813e+10
 5.14775000e+02  8.68270461e+16  2.10754958e+15  4.67498774e+10  1.70786809e+09  1.24605329e+12  1.02461813e+10
 5.15300000e+02  8.47321575e+16  4.08818762e+15  4.56219364e+10  3.31289250e+09  1.24605329e+12  1.02461813e+10
 5.15825000e+02  8.26878126e+16  5.94772126e+15  4.45212094e+10  4.81977907e+09  1.24605329e+12  1.02461813e+10
 5.16350000e+02  8.06927919e+16  7.69171845e+15  4.34470398e+10  6.23303984e+09  1.24605329e+12  1.02461813e+10
 5.16875000e+02  7.87459053e+16  9.32551732e+15  4.23987868e+10  7.55700060e+09  1.24605329e+12  1.02461813e+10
 5.17400000e+02  7.68459915e+16  1.08542351e+16  4.13758252e+10  8.79580817e+09  1.24605329e+12  1.02461813e+10
 5.17925000e+02  7.49919173e+16  1.22827770e+16  4.03775448e+10  9.95343741e+09  1.24605329e+12  1.02461813e+10
 5.18450000e+02  7.31825765e+16  1.36158440e+16  3.94033499e+10  1.10336980e+10  1.24605329e+12  1.02461813e+10
 5.18975000e+02  7.14168900e+16  1.48579417e+16  3.84526596e+10  1.20402408e+10  1.24605329e+12  1.02461813e+10
 5.19500000e+02  6.96938044e+16  1.60133871e+16  3.75249068e+10  1.29765644e+10  1.24605329e+12  1.02461813e+10
 5.19500000e+02  6.96938044e+16  0.00000000e+00  3.75249068e+10  0.00000000e+00  1.24605329e+12  1.02461813e+10
 5.19550000e+02  6.95318852e+16  1.61636015e+14  3.74377254e+10  1.30982917e+08  1.24605329e+12  1.02461813e+10
 5.19600000e+02  6.93703422e+16  3.22331644e+14  3.73507466e+10  2.61203786e+08  1.24605329e+12  1.02461813e+10
 5.19650000e+02  6.92091745e+16  4.82091048e+14  3.72639698e+10  3.90665977e+08  1.24605329e+12  1.02461813e+10
 5.19700000e+02  6.90483812e+16  6.40918367e+14  3.71773946e+10  5.19372848e+08  1.24605329e+12  1.02461813e+10
 5.19750000e+02  6.88879615e+16  7.98817728e+14  3.70910206e+10  6.47327740e+08  1.24605329e+12  1.02461813e+10
 5.19800000e+02  6.87279145e+16  9.55793240e+14  3.70048472e+10  7.74533985e+08  1.24605329e+12  1.02461813e+10
 5.19850000e+02  6.85682393e+16  1.11184900e+15  3.69188741e+10  9.00994899e+08  1.24605329e+12  1.02461813e+10
 5.19900000e+02  6.84089351e+16  1.26698907e+15  3.68331007e+10  1.02671379e+09  1.24605329e+12  1.02461813e+10
 5.19950000e+02  6.82500010e+16  1.42121753e+15  3.67475266e+10  1.15169393e+09  1.24605329e+12  1.02461813e+10
 5.20000000e+02  6.80914362e+16  1.57453841e+15  3.66621512e+10  1.27593862e+09  1.24605329e+12  1.02461813e+10
 5.20000000e+02  6.80914362e+16  1.57453841e+15  3.66621512e+10  1.27593862e+09  1.24605329e+12  1.02461813e+10
 5.20700000e+02  7.05979215e+16  3.70346598e+15  3.80117063e+10  3.00113052e+09  1.24605329e+12  1.02461813e+10
 5.21400000e+02  7.30241004e+16  5.80892941e+15  3.93180224e+10  4.70730808e+09  1.24605329e+12  1.02461813e+10
 5.22100000e+02  7.53725458e+16  7.88954034e+15  4.05824848e+10  6.39334624e+09  1.24605329e+12  1.02461813e+10
 5.22800000e+02  7.76457483e+16  9.94405727e+15  4.18064345e+10  8.05823894e+09  1.24605329e+12  1.02461813e+10
 5.23500000e+02  7.98461185e+16  1.19713759e+16  4.29911695e+10  9.70109132e+09  1.24605329e+12  1.02461813e+10
 5.24200000e+02  8.19759901e+16  1.39705203e+16  4.41379462e+10  1.13211124e+10  1.24605329e+12  1.02461813e+10
 5.24900000e+02  8.40376218e+16  1.59406338e+16  4.52479808e+10  1.29176082e+10  1.24605329e+12  1.02461813e+10
 5.25600000e+02  8.60331999e+16  1.78809717e+16  4.63224505e+10  1.44899751e+10  1.24605329e+12  1.02461813e+10
 5.26300000e+02  8.79648407e+16  1.97908930e+16  4.73624948e+10  1.60376937e+10  1.24605329e+12  1.02461813e+10
 5.27000000e+02  8.98345928e+16  2.16698537e+16  4.83692166e+10  1.75603231e+10  1.24605329e+12  1.02461813e+10
 5.27000000e+02  8.98345928e+16  2.16698537e+16  4.83692166e+10  1.75603231e+10  1.26414331e+12  1.02359351e+10
 5.27025000e+02  8.97301760e+16  2.17362820e+16  4.83129960e+10  1.76141538e+10  1.26414331e+12  1.02359351e+10
 5.27050000e+02  8.96258806e+16  2.18024729e+16  4.82568407e+10  1.76677920e+10  1.26414331e+12  1.02359351e+10
 5.27075000e+02  8.95217064e+16  2.18684269e+16  4.82007507e+10  1.77212383e+10  1.26414331e+12  1.02359351e+10
 5.27100000e+02  8.94176533e+16  2.19341446e+16  4.81447259e+10  1.77744931e+10  1.26414331e+12  1.02359351e+10
 5.27125000e+02  8.93137211e+16  2.19996265e+16  4.80887661e+10  1.78275569e+10  1.26414331e+12  1.02359351e+10
 5.27150000e+02  8.92099098e+16  2.20648732e+16  4.80328715e+10  1.78804300e+10  1.26414331e+12  1.02359351e+10
 5.27175000e+02  8.91062191e+16  2.21298852e+16  4.79770418e+10  1.79331130e+10  1.26414331e+12  1.02359351e+10
 5.27200000e+02  8.90026489e+16  2.21946631e+16  4.79212770e+10  1.79856062e+10  1.26414331e+12  1.02359351e+10
 5.27225000e+02  8.88991991e+16  2.22592075e+16  4.78655770e+10  1.80379102e+10  1.26414331e+12  1.02359351e+10
 5.27250000e+02  8.87958696e+16  2.23235188e+16  4.78099418e+10  1.80900254e+10  1.26414331e+12  1.02359351e+10
 5.27250000e+02  8.87958696e+16  0.00000000e+00  4.78099418e+10  0.00000000e+00  1.27709394e+12  1.02256992e+10
 5.27775000e+02  8.66534789e+16  2.10333659e+15  4.66564244e+10  1.70445406e+09  1.27709394e+12  1.02256992e+10
 5.28300000e+02  8.45627779e+16  4.08001534e+15  4.55307382e+10  3.30627002e+09  1.27709394e+12  1.02256992e+10
 5.28825000e+02  8.25225197e+16  5.93583177e+15  4.44322115e+10  4.81014433e+09  1.27709394e+12  1.02256992e+10
 5.29350000e+02  8.05314870e+16  7.67634271e+15  4.33601892e+10  6.22058000e+09  1.27709394e+12  1.02256992e+10
 5.29875000e+02  7.85884922e+16  9.30687561e+15  4.23140317e+10  7.54189416e+09  1.27709394e+12  1.02256992e+10
 5.30400000e+02  7.66923764e+16  1.08325375e+16  4.12931150e+10  8.77822535e+09  1.27709394e+12  1.02256992e+10
 5.30925000e+02  7.48420084e+16  1.22582237e+16  4.02968300e+10  9.93354049e+09  1.27709394e+12  1.02256992e+10
 5.31450000e+02  7.30362845e+16  1.35886260e+16  3.93245826e+10  1.10116416e+10  1.27709394e+12  1.02256992e+10
 5.31975000e+02  7.12741276e+16  1.48282407e+16  3.83757928e+10  1.20161724e+10  1.27709394e+12  1.02256992e+10
 5.32500000e+02  6.95544865e+16  1.59813764e+16  3.74498945e+10  1.29506243e+10  1.27709394e+12  1.02256992e+10
 5.32500000e+02  6.95544865e+16  0.00000000e+00  3.74498945e+10  0.00000000e+00  1.27709394e+12  1.02256992e+10
 5.32550000e+02  6.93928910e+16  1.61312904e+14  3.73628874e+10  1.30721082e+08  1.27709394e+12  1.02256992e+10
 5.32600000e+02  6.92316709e+16  3.21687303e+14  3.72760824e+10  2.60681640e+08  1.27709394e+12  1.02256992e+10
 5.32650000e+02  6.90708253e+16  4.81127348e+14  3.71894791e+10  3.89885036e+08  1.27709394e+12  1.02256992e+10
 5.32700000e+02  6.89103535e+16  6.39637171e+14  3.71030770e+10  5.18334621e+08  1.27709394e+12  1.02256992e+10
 5.32750000e+02  6.87502544e+16  7.97220892e+14  3.70168756e+10  6.46033732e+08  1.27709394e+12  1.02256992e+10
 5.32800000e+02  6.85905274e+16  9.53882610e+14  3.69308746e+10  7.72985692e+08  1.27709394e+12  1.02256992e+10
 5.32850000e+02  6.84311714e+16  1.10962641e+15  3.68450733e+10  8.99193810e+08  1.27709394e+12  1.02256992e+10
 5.32900000e+02  6.82721857e+16  1.26445636e+15  3.67594713e+10  1.02466138e+09  1.27709394e+12  1.02256992e+10
 5.32950000e+02  6.81135693e+16  1.41837652e+15  3.66740683e+10  1.14939170e+09  1.27709394e+12  1.02256992e+10
 5.33000000e+02  6.79553214e+16  1.57139091e+15  3.65888636e+10  1.27338802e+09  1.27709394e+12  1.02256992e+10
 5.33000000e+02  6.79553214e+16  1.57139091e+15  3.65888636e+10  1.27338802e+09  1.27709394e+12  1.02256992e+10
 5.33700000e+02  7.04567963e+16  3.69606276e+15  3.79357209e+10  2.99513126e+09  1.27709394e+12  1.02256992e+10
 5.34400000e+02  7.28781252e+16  5.79731736e+15  3.92394257e+10  4.69789817e+09  1.27709394e+12  1.02256992e+10
 5.35100000e+02  7.52218761e+16  7.87376915e+15  4.05013604e+10  6.38056594e+09  1.27709394e+12  1.02256992e+10
 5.35800000e+02  7.74905344e+16  9.92417910e+15  4.17228634e+10  8.04213052e+09  1.27709394e+12  1.02256992e+10
 5.36500000e+02  7.96865062e+16  1.19474452e+16  4.29052301e+10  9.68169884e+09  1.27709394e+12  1.02256992e+10
 5.37200000e+02  8.18121201e+16  1.39425932e+16  4.40497145e+10  1.12984815e+10  1.27709394e+12  1.02256992e+10
 5.37900000e+02  8.38696306e+16  1.59087685e+16  4.51575301e+10  1.28917859e+10  1.27709394e+12  1.02256992e+10
 5.38600000e+02  8.58612195e+16  1.78452276e+16  4.62298520e+10  1.44610096e+10  1.27709394e+12  1.02256992e+10
 5.39300000e+02  8.77889990e+16  1.97513310e+16  4.72678172e+10  1.60056343e+10  1.27709394e+12  1.02256992e+10
 5.40000000e+02  8.96550134e+16  2.16265357e+16  4.82725265e+10  1.75252200e+10  1.27709394e+12  1.02256992e+10
 5.40000000e+02  8.96550134e+16  2.16265357e+16  4.82725265e+10  1.75252200e+10  1.29514780e+12  1.02154735e+10
 5.40025000e+02  8.95508054e+16  2.16928312e+16  4.82164183e+10  1.75789431e+10  1.29514780e+12  1.02154735e+10
 5.40050000e+02  8.94467184e+16  2.17588897e+16  4.81603753e+10  1.76324741e+10  1.29514780e+12  1.02154735e+10
 5.40075000e+02  8.93427525e+16  2.18247119e+16  4.81043974e+10  1.76858136e+10  1.29514780e+12  1.02154735e+10
 5.40100000e+02  8.92389074e+16  2.18902982e+16  4.80484845e+10  1.77389619e+10  1.29514780e+12  1.02154735e+10
 5.40125000e+02  8.91351830e+16  2.19556492e+16  4.79926367e+10  1.77919196e+10  1.29514780e+12  1.02154735e+10
 5.40150000e+02  8.90315792e+16  2.20207655e+16  4.79368538e+10  1.78446870e+10  1.29514780e+12  1.02154735e+10
 5.40175000e+02  8.89280957e+16  2.20856476e+16  4.78811357e+10  1.78972647e+10  1.29514780e+12  1.02154735e+10
 5.40200000e+02  8.88247326e+16  2.21502960e+16  4.78254824e+10  1.79496530e+10  1.29514780e+12  1.02154735e+10
 5.40225000e+02  8.87214896e+16  2.22147113e+16  4.77698937e+10  1.80018525e+10  1.29514780e+12  1.02154735e+10
 5.40250000e+02  8.86183666e+16  2.22788941e+16  4.77143697e+10  1.80538634e+10  1.29514780e+12  1.02154735e+10
 5.40250000e+02  8.86183666e+16  0.00000000e+00  4.77143697e+10  0.00000000e+00  1.30807254e+12  1.02052580e+10
 5.40775000e+02  8.64802586e+16  2.09913202e+15  4.65631582e+10  1.70104686e+09  1.30807254e+12  1.02052580e+10
 5.41300000e+02  8.43937370e+16  4.07185939e+15  4.54397222e+10  3.29966079e+09  1.30807254e+12  1.02052580e+10
 5.41825000e+02  8.23575571e+16  5.92396604e+15  4.43433915e+10  4.80052885e+09  1.30807254e+12  1.02052580e+10
 5.42350000e+02  8.03705045e+16  7.66099770e+15  4.32735122e+10  6.20814506e+09  1.30807254e+12  1.02052580e+10
 5.42875000e+02  7.84313938e+16  9.28827116e+15  4.22294459e+10  7.52681791e+09  1.30807254e+12  1.02052580e+10
 5.43400000e+02  7.65390683e+16  1.08108833e+16  4.12105700e+10  8.76067768e+09  1.30807254e+12  1.02052580e+10
 5.43925000e+02  7.46923992e+16  1.22337195e+16  4.02162767e+10  9.91368334e+09  1.30807254e+12  1.02052580e+10
 5.44450000e+02  7.28902850e+16  1.35614623e+16  3.92459728e+10  1.09896294e+10  1.30807254e+12  1.02052580e+10
 5.44975000e+02  7.11316506e+16  1.47985990e+16  3.82990796e+10  1.19921521e+10  1.30807254e+12  1.02052580e+10
 5.45500000e+02  6.94154471e+16  1.59494296e+16  3.73750322e+10  1.29247360e+10  1.30807254e+12  1.02052580e+10
 5.45500000e+02  6.94154471e+16  0.00000000e+00  3.73750322e+10  0.00000000e+00  1.30807254e+12  1.02052580e+10
 5.45550000e+02  6.92541746e+16  1.60990440e+14  3.72881990e+10  1.30459771e+08  1.30807254e+12  1.02052580e+10
 5.45600000e+02  6.90932767e+16  3.21044250e+14  3.72015675e+10  2.60160537e+08  1.30807254e+12  1.02052580e+10
 5.45650000e+02  6.89327527e+16  4.80165574e+14  3.71151373e+10  3.89105656e+08  1.30807254e+12  1.02052580e+10
 5.45700000e+02  6.87726017e+16  6.38358537e+14  3.70289080e+10  5.17298471e+08  1.30807254e+12  1.02052580e+10
 5.45750000e+02  6.86128227e+16  7.95627247e+14  3.69428789e+10  6.44742311e+08  1.30807254e+12  1.02052580e+10
 5.45800000e+02  6.84534149e+16  9.51975798e+14  3.68570497e+10  7.71440494e+08  1.30807254e+12  1.02052580e+10
 5.45850000e+02  6.82943775e+16  1.10740827e+15  3.67714200e+10  8.97396322e+08  1.30807254e+12  1.02052580e+10
 5.45900000e+02  6.81357096e+16  1.26192871e+15  3.66859891e+10  1.02261309e+09  1.30807254e+12  1.02052580e+10
 5.45950000e+02  6.79774103e+16  1.41554118e+15  3.66007568e+10  1.14709406e+09  1.30807254e+12  1.02052580e+10
 5.46000000e+02  6.78194787e+16  1.56824970e+15  3.65157225e+10  1.27084252e+09  1.30807254e+12  1.02052580e+10
 5.46000000e+02  6.78194787e+16  1.56824970e+15  3.65157225e+10  1.27084252e+09  1.30807254e+12  1.02052580e+10
 5.46700000e+02  7.03159531e+16  3.68867433e+15  3.78598874e+10  2.98914400e+09  1.30807254e+12  1.02052580e+10
 5.47400000e+02  7.27324418e+16  5.78572852e+15  3.91609860e+10  4.68850707e+09  1.30807254e+12  1.02052580e+10
 5.48100000e+02  7.50715075e+16  7.85802948e+15  4.04203982e+10  6.36781119e+09  1.30807254e+12  1.02052580e+10
 5.48800000e+02  7.73356308e+16  9.90434066e+15  4.16394594e+10  8.02605430e+09  1.30807254e+12  1.02052580e+10
 5.49500000e+02  7.95272128e+16  1.19235622e+16  4.28194626e+10  9.66234513e+09  1.30807254e+12  1.02052580e+10
 5.50200000e+02  8.16485777e+16  1.39147219e+16  4.39616591e+10  1.12758959e+10  1.30807254e+12  1.02052580e+10
 5.50900000e+02  8.37019752e+16  1.58769668e+16  4.50672602e+10  1.28660152e+10  1.30807254e+12  1.02052580e+10
 5.51600000e+02  8.56895829e+16  1.78095550e+16  4.61374385e+10  1.44321021e+10  1.30807254e+12  1.02052580e+10
 5.52300000e+02  8.76135088e+16  1.97118481e+16  4.71733288e+10  1.59736391e+10  1.30807254e+12  1.02052580e+10
 5.53000000e+02  8.94757930e+16  2.15833042e+16  4.81760298e+10  1.74901871e+10  1.30807254e+12  1.02052580e+10
 5.53000000e+02  8.94757930e+16  2.15833042e+16  4.81760298e+10  1.74901871e+10  1.32609031e+12  1.01950528e+10
 5.53025000e+02  8.93717933e+16  2.16494672e+16  4.81200337e+10  1.75438028e+10  1.32609031e+12  1.01950528e+10
 5.53050000e+02  8.92679145e+16  2.17153937e+16  4.80641027e+10  1.75972268e+10  1.32609031e+12  1.01950528e+10
 5.53075000e+02  8.91641563e+16  2.17810843e+16  4.80082367e+10  1.76504596e+10  1.32609031e+12  1.01950528e+10
 5.53100000e+02  8.90605188e+16  2.18465395e+16  4.79524356e+10  1.77035017e+10  1.32609031e+12  1.01950528e+10
 5.53125000e+02  8.89570018e+16  2.19117599e+16  4.78966994e+10  1.77563535e+10  1.32609031e+12  1.01950528e+10
 5.53150000e+02  8.88536050e+16  2.19767460e+16  4.78410280e+10  1.78090155e+10  1.32609031e+12  1.01950528e+10
 5.53175000e+02  8.87503285e+16  2.20414983e+16  4.77854213e+10  1.78614881e+10  1.32609031e+12  1.01950528e+10
 5.53200000e+02  8.86471720e+16  2.21060175e+16  4.77298792e+10  1.79137717e+10  1.32609031e+12  1.01950528e+10
 5.53225000e+02  8.85441354e+16  2.21703041e+16  4.76744017e+10  1.79658668e+10  1.32609031e+12  1.01950528e+10
 5.53250000e+02  8.84412185e+16  2.22343586e+16  4.76189887e+10  1.80177738e+10  1.32609031e+12  1.01950528e+10
 5.53250000e+02  8.84412185e+16  0.00000000e+00  4.76189887e+10  0.00000000e+00  1.33898921e+12  1.01848577e+10
 5.53775000e+02  8.63073845e+16  2.09493586e+15  4.64700785e+10  1.69764647e+09  1.33898921e+12  1.01848577e+10
 5.54300000e+02  8.42250339e+16  4.06371974e+15  4.53488882e+10  3.29306477e+09  1.33898921e+12  1.01848577e+10
 5.54825000e+02  8.21929244e+16  5.91212403e+15  4.42547491e+10  4.79093259e+09  1.33898921e+12  1.01848577e+10
 5.55350000e+02  8.02098439e+16  7.64568337e+15  4.31870084e+10  6.19573497e+09  1.33898921e+12  1.01848577e+10
 5.55875000e+02  7.82746095e+16  9.26970391e+15  4.21450293e+10  7.51177180e+09  1.33898921e+12  1.01848577e+10
 5.56400000e+02  7.63860667e+16  1.07892723e+16  4.11281901e+10  8.74316508e+09  1.33898921e+12  1.01848577e+10
 5.56925000e+02  7.45430891e+16  1.22092643e+16  4.01358843e+10  9.89386589e+09  1.33898921e+12  1.01848577e+10
 5.57450000e+02  7.27445773e+16  1.35343530e+16  3.91675201e+10  1.09676611e+10  1.33898921e+12  1.01848577e+10
 5.57975000e+02  7.09894585e+16  1.47690166e+16  3.82225197e+10  1.19681798e+10  1.33898921e+12  1.01848577e+10
 5.58500000e+02  6.92766856e+16  1.59175467e+16  3.73003195e+10  1.28988994e+10  1.33898921e+12  1.01848577e+10
 5.58500000e+02  6.92766856e+16  0.00000000e+00  3.73003195e+10  0.00000000e+00  1.33898921e+12  1.01848577e+10
 5.58550000e+02  6.91157355e+16  1.60668620e+14  3.72136599e+10  1.30198981e+08  1.33898921e+12  1.01848577e+10
 5.58600000e+02  6.89551593e+16  3.20402483e+14  3.71272016e+10  2.59640476e+08  1.33898921e+12  1.01848577e+10
 5.58650000e+02  6.87949562e+16  4.79205723e+14  3.70409442e+10  3.88327834e+08  1.33898921e+12  1.01848577e+10
 5.58700000e+02  6.86351252e+16  6.37082458e+14  3.69548872e+10  5.16264391e+08  1.33898921e+12  1.01848577e+10
 5.58750000e+02  6.84756657e+16  7.94036788e+14  3.68690301e+10  6.43453471e+08  1.33898921e+12  1.01848577e+10
 5.58800000e+02  6.83165765e+16  9.50072799e+14  3.67833725e+10  7.69898384e+08  1.33898921e+12  1.01848577e+10
 5.58850000e+02  6.81578570e+16  1.10519456e+15  3.66979139e+10  8.95602427e+08  1.33898921e+12  1.01848577e+10
 5.58900000e+02  6.79995063e+16  1.25940612e+15  3.66126538e+10  1.02056888e+09  1.33898921e+12  1.01848577e+10
 5.58950000e+02  6.78415234e+16  1.41271151e+15  3.65275919e+10  1.14480102e+09  1.33898921e+12  1.01848577e+10
 5.59000000e+02  6.76839076e+16  1.56511477e+15  3.64427275e+10  1.26830211e+09  1.33898921e+12  1.01848577e+10
 5.59000000e+02  6.76839076e+16  1.56511477e+15  3.64427275e+10  1.26830211e+09  1.33898921e+12  1.01848577e+10
 5.59700000e+02  7.01753915e+16  3.68130067e+15  3.77842055e+10  2.98316870e+09  1.33898921e+12  1.01848577e+10
 5.60400000e+02  7.25870497e+16  5.77416285e+15  3.90827032e+10  4.67913475e+09  1.33898921e+12  1.01848577e+10
 5.61100000e+02  7.49214396e+16  7.84232128e+15  4.03395978e+10  6.35508194e+09  1.33898921e+12  1.01848577e+10
 5.61800000e+02  7.71810369e+16  9.88454188e+15  4.15562221e+10  8.01001022e+09  1.33898921e+12  1.01848577e+10
 5.62500000e+02  7.93682379e+16  1.18997270e+16  4.27338665e+10  9.64303010e+09  1.33898921e+12  1.01848577e+10
 5.63200000e+02  8.14853622e+16  1.38869064e+16  4.38737797e+10  1.12533553e+10  1.33898921e+12  1.01848577e+10
 5.63900000e+02  8.35346549e+16  1.58452288e+16  4.49771708e+10  1.28402961e+10  1.33898921e+12  1.01848577e+10
 5.64600000e+02  8.55182894e+16  1.77739537e+16  4.60452097e+10  1.44032523e+10  1.33898921e+12  1.01848577e+10
 5.65300000e+02  8.74383694e+16  1.96724441e+16  4.70790293e+10  1.59417078e+10  1.33898921e+12  1.01848577e+10
 5.66000000e+02  8.92969309e+16  2.15401592e+16  4.80797259e+10  1.74552242e+10  1.33898921e+12  1.01848577e+10
 5.66000000e+02  8.92969309e+16  2.15401592e+16  4.80797259e+10  1.74552242e+10  1.35697097e+12  1.01746729e+10
 5.66025000e+02  8.91931391e+16  2.16061899e+16  4.80238417e+10  1.75087327e+10  1.35697097e+12  1.01746729e+10
 5.66050000e+02  8.90894679e+16  2.16719846e+16  4.79680225e+10  1.75620500e+10  1.35697097e+12  1.01746729e+10
 5.66075000e+02  8.89859172e+16  2.17375439e+16  4.79122682e+10  1.76151764e+10  1.35697097e+12  1.01746729e+10
 5.66100000e+02  8.88824869e+16  2.18028683e+16  4.78565787e+10  1.76681124e+10  1.35697097e+12  1.01746729e+10
 5.66125000e+02  8.87791767e+16  2.18679583e+16  4.78009539e+10  1.77208586e+10  1.35697097e+12  1.01746729e+10
 5.66150000e+02  8.86759867e+16  2.19328145e+16  4.77453938e+10  1.77734153e+10  1.35697097e+12  1.01746729e+10
 5.66175000e+02  8.85729166e+16  2.19974374e+16  4.76898982e+10  1.78257830e+10  1.35697097e+12  1.01746729e+10
 5.66200000e+02  8.84699663e+16  2.20618276e+16  4.76344672e+10  1.78779620e+10  1.35697097e+12  1.01746729e+10
 5.66225000e+02  8.83671356e+16  2.21259857e+16  4.75791006e+10  1.79299530e+10  1.35697097e+12  1.01746729e+10
 5.66250000e+02  8.82644245e+16  2.21899121e+16  4.75237983e+10  1.79817562e+10  1.35697097e+12  1.01746729e+10
 5.66250000e+02  8.82644245e+16  0.00000000e+00  4.75237983e+10  0.00000000e+00  1.36984408e+12  1.01644982e+10
 5.66775000e+02  8.61348561e+16  2.09074808e+15  4.63771848e+10  1.69425287e+09  1.36984408e+12  1.01644982e+10
 5.67300000e+02  8.40566680e+16  4.05559636e+15  4.52582358e+10  3.28648193e+09  1.36984408e+12  1.01644982e+10
 5.67825000e+02  8.20286207e+16  5.90030570e+15  4.41662839e+10  4.78135552e+09  1.36984408e+12  1.01644982e+10
 5.68350000e+02  8.00495044e+16  7.63039964e+15  4.31006776e+10  6.18334970e+09  1.36984408e+12  1.01644982e+10
 5.68875000e+02  7.81181385e+16  9.25117377e+15  4.20607813e+10  7.49675577e+09  1.36984408e+12  1.01644982e+10
 5.69400000e+02  7.62333710e+16  1.07677046e+16  4.10459748e+10  8.72568750e+09  1.36984408e+12  1.01644982e+10
 5.69925000e+02  7.43940775e+16  1.21848580e+16  4.00556527e+10  9.87408805e+09  1.36984408e+12  1.01644982e+10
 5.70450000e+02  7.25991609e+16  1.35072978e+16  3.90892242e+10  1.09457367e+10  1.36984408e+12  1.01644982e+10
 5.70975000e+02  7.08475505e+16  1.47394934e+16  3.81461129e+10  1.19442554e+10  1.36984408e+12  1.01644982e+10
 5.71500000e+02  6.91382015e+16  1.58857275e+16  3.72257562e+10  1.28731145e+10  1.36984408e+12  1.01644982e+10
 5.71500000e+02  6.91382015e+16  0.00000000e+00  3.72257562e+10  0.00000000e+00  1.36984408e+12  1.01644982e+10
 5.71550000e+02  6.89775731e+16  1.60347443e+14  3.71392698e+10  1.29938714e+08  1.36984408e+12  1.01644982e+10
 5.71600000e+02  6.88173179e+16  3.19761998e+14  3.70529843e+10  2.59121455e+08  1.36984408e+12  1.01644982e+10
 5.71650000e+02  6.86574350e+16  4.78247791e+14  3.69668993e+10  3.87551566e+08  1.36984408e+12  1.01644982e+10
 5.71700000e+02  6.84979236e+16  6.35808930e+14  3.68810144e+10  5.15232378e+08  1.36984408e+12  1.01644982e+10
 5.71750000e+02  6.83387828e+16  7.92449509e+14  3.67953289e+10  6.42167208e+08  1.36984408e+12  1.01644982e+10
 5.71800000e+02  6.81800117e+16  9.48173603e+14  3.67098425e+10  7.68359357e+08  1.36984408e+12  1.01644982e+10
 5.71850000e+02  6.80216095e+16  1.10298527e+15  3.66245548e+10  8.93812117e+08  1.36984408e+12  1.01644982e+10
 5.71900000e+02  6.78635753e+16  1.25688856e+15  3.65394651e+10  1.01852877e+09  1.36984408e+12  1.01644982e+10
 5.71950000e+02  6.77059082e+16  1.40988750e+15  3.64545732e+10  1.14251257e+09  1.36984408e+12  1.01644982e+10
 5.72000000e+02  6.75486075e+16  1.56198610e+15  3.63698785e+10  1.26576677e+09  1.36984408e+12  1.01644982e+10
 5.72000000e+02  6.75486075e+16  1.56198610e+15  3.63698785e+10  1.26576677e+09  1.36984408e+12  1.01644982e+10
 5.72700000e+02  7.00351109e+16  3.67394175e+15  3.77086749e+10  2.97720534e+09  1.36984408e+12  1.01644982e+10
 5.73400000e+02  7.24419482e+16  5.76262030e+15  3.90045769e+10  4.66978116e+09  1.36984408e+12  1.01644982e+10
 5.74100000e+02  7.47716716e+16  7.82664448e+15  4.02589589e+10  6.34237813e+09  1.36984408e+12  1.01644982e+10
 5.74800000e+02  7.70267520e+16  9.86478269e+15  4.14731512e+10  7.99399821e+09  1.36984408e+12  1.01644982e+10
 5.75500000e+02  7.92095808e+16  1.18759395e+16  4.26484415e+10  9.62375368e+09  1.36984408e+12  1.01644982e+10
 5.76200000e+02  8.13224730e+16  1.38591465e+16  4.37860760e+10  1.12308599e+10  1.36984408e+12  1.01644982e+10
 5.76900000e+02  8.33676692e+16  1.58135542e+16  4.48872614e+10  1.28146283e+10  1.36984408e+12  1.01644982e+10
 5.77600000e+02  8.53473384e+16  1.77384235e+16  4.59531654e+10  1.43744602e+10  1.36984408e+12  1.01644982e+10
 5.78300000e+02  8.72635801e+16  1.96331189e+16  4.69849183e+10  1.59098403e+10  1.36984408e+12  1.01644982e+10
 5.79000000e+02  8.91184264e+16  2.14971004e+16  4.79836145e+10  1.74203312e+10  1.36984408e+12  1.01644982e+10
 5.79000000e+02  8.91184264e+16  2.14971004e+16  4.79836145e+10  1.74203312e+10  1.38778989e+12  1.01543337e+10
 5.79025000e+02  8.90148420e+16  2.15629991e+16  4.79278421e+10  1.74737328e+10  1.38778989e+12  1.01543337e+10
 5.79050000e+02  8.89113780e+16  2.16286623e+16  4.78721345e+10  1.75269434e+10  1.38778989e+12  1.01543337e+10
 5.79075000e+02  8.88080343e+16  2.16940906e+16  4.78164916e+10  1.75799636e+10  1.38778989e+12  1.01543337e+10
 5.79100000e+02  8.87048108e+16  2.17592843e+16  4.77609134e+10  1.76327939e+10  1.38778989e+12  1.01543337e+10
 5.79125000e+02  8.86017072e+16  2.18242442e+16  4.77053998e+10  1.76854346e+10  1.38778989e+12  1.01543337e+10
 5.79150000e+02  8.84987234e+16  2.18889708e+16  4.76499508e+10  1.77378862e+10  1.38778989e+12  1.01543337e+10
 5.79175000e+02  8.83958593e+16  2.19534645e+16  4.75945661e+10  1.77901492e+10  1.38778989e+12  1.01543337e+10
 5.79200000e+02  8.82931148e+16  2.20177260e+16  4.75392459e+10  1.78422240e+10  1.38778989e+12  1.01543337e+10
 5.79225000e+02  8.81904897e+16  2.20817558e+16  4.74839900e+10  1.78941110e+10  1.38778989e+12  1.01543337e+10
 5.79250000e+02  8.80879839e+16  2.21455545e+16  4.74287982e+10  1.79458107e+10  1.38778989e+12  1.01543337e+10
 5.79250000e+02  8.80879839e+16  0.00000000e+00  4.74287982e+10  0.00000000e+00  1.40063727e+12  1.01441794e+10
 5.79775000e+02  8.59626725e+16  2.08656867e+15  4.62844768e+10  1.69086606e+09  1.40063727e+12  1.01441794e+10
 5.80300000e+02  8.38886388e+16  4.04748923e+15  4.51677646e+10  3.27991225e+09  1.40063727e+12  1.01441794e+10
 5.80825000e+02  8.18646455e+16  5.88851098e+15  4.40779955e+10  4.77179759e+09  1.40063727e+12  1.01441794e+10
 5.81350000e+02  7.98894855e+16  7.61514648e+15  4.30145193e+10  6.17098918e+09  1.40063727e+12  1.01441794e+10
 5.81875000e+02  7.79619804e+16  9.23268068e+15  4.19767018e+10  7.48176976e+09  1.40063727e+12  1.01441794e+10
 5.82400000e+02  7.60809805e+16  1.07461799e+16  4.09639239e+10  8.70824485e+09  1.40063727e+12  1.01441794e+10
 5.82925000e+02  7.42453637e+16  1.21605005e+16  3.99755815e+10  9.85434975e+09  1.40063727e+12  1.01441794e+10
 5.83450000e+02  7.24540352e+16  1.34802967e+16  3.90110849e+10  1.09238562e+10  1.40063727e+12  1.01441794e+10
 5.83975000e+02  7.07059263e+16  1.47100291e+16  3.80698588e+10  1.19203788e+10  1.40063727e+12  1.01441794e+10
 5.84500000e+02  6.89999942e+16  1.58539719e+16  3.71513419e+10  1.28473812e+10  1.40063727e+12  1.01441794e+10
 5.84500000e+02  6.89999942e+16  0.00000000e+00  3.71513419e+10  0.00000000e+00  1.40063727e+12  1.01441794e+10
 5.84550000e+02  6.88396870e+16  1.60026909e+14  3.70650284e+10  1.29678966e+08  1.40063727e+12  1.01441794e+10
 5.84600000e+02  6.86797521e+16  3.19122794e+14  3.69789154e+10  2.58603471e+08  1.40063727e+12  1.01441794e+10
 5.84650000e+02  6.85201888e+16  4.77291773e+14  3.68930025e+10  3.86776851e+08  1.40063727e+12  1.01441794e+10
 5.84700000e+02  6.83609963e+16  6.34537948e+14  3.68072892e+10  5.14202429e+08  1.40063727e+12  1.01441794e+10
 5.84750000e+02  6.82021736e+16  7.90865402e+14  3.67217750e+10  6.40883515e+08  1.40063727e+12  1.01441794e+10
 5.84800000e+02  6.80437199e+16  9.46278204e+14  3.66364596e+10  7.66823407e+08  1.40063727e+12  1.01441794e+10
 5.84850000e+02  6.78856343e+16  1.10078041e+15  3.65513423e+10  8.92025387e+08  1.40063727e+12  1.01441794e+10
 5.84900000e+02  6.77279160e+16  1.25437604e+15  3.64664228e+10  1.01649273e+09  1.40063727e+12  1.01441794e+10
 5.84950000e+02  6.75705641e+16  1.40706914e+15  3.63817005e+10  1.14022868e+09  1.40063727e+12  1.01441794e+10
 5.85000000e+02  6.74135778e+16  1.55886369e+15  3.62971751e+10  1.26323650e+09  1.40063727e+12  1.01441794e+10
 5.85000000e+02  6.74135778e+16  1.55886369e+15  3.62971751e+10  1.26323650e+09  1.40063727e+12  1.01441794e+10
 5.85700000e+02  6.98951108e+16  3.66659754e+15  3.76332952e+10  2.97125391e+09  1.40063727e+12  1.01441794e+10
 5.86400000e+02  7.22971367e+16  5.75110082e+15  3.89266068e+10  4.66044627e+09  1.40063727e+12  1.01441794e+10
 5.87100000e+02  7.46222031e+16  7.81099902e+15  4.01784813e+10  6.32969971e+09  1.40063727e+12  1.01441794e+10
 5.87800000e+02  7.68727755e+16  9.84506298e+15  4.13902464e+10  7.97801820e+09  1.40063727e+12  1.01441794e+10
 5.88500000e+02  7.90512409e+16  1.18521995e+16  4.25631872e+10  9.60451580e+09  1.40063727e+12  1.01441794e+10
 5.89200000e+02  8.11599093e+16  1.38314420e+16  4.36985477e+10  1.12084094e+10  1.40063727e+12  1.01441794e+10
 5.89900000e+02  8.32010172e+16  1.57819429e+16  4.47975318e+10  1.27890119e+10  1.40063727e+12  1.01441794e+10
 5.90600000e+02  8.51767291e+16  1.77029644e+16  4.58613050e+10  1.43457256e+10  1.40063727e+12  1.01441794e+10
 5.91300000e+02  8.70891402e+16  1.95938723e+16  4.68909955e+10  1.58780365e+10  1.40063727e+12  1.01441794e+10
 5.92000000e+02  8.89402786e+16  2.14541277e+16  4.78876953e+10  1.73855080e+10  1.40063727e+12  1.01441794e+10
 5.92000000e+02  8.89402786e+16  2.14541277e+16  4.78876953e+10  1.73855080e+10  1.41854721e+12  1.01340352e+10
 5.92025000e+02  8.88369013e+16  2.15198947e+16  4.78320343e+10  1.74388028e+10  1.41854721e+12  1.01340352e+10
 5.92050000e+02  8.87336442e+16  2.15854266e+16  4.77764381e+10  1.74919071e+10  1.41854721e+12  1.01340352e+10
 5.92075000e+02  8.86305071e+16  2.16507241e+16  4.77209064e+10  1.75448213e+10  1.41854721e+12  1.01340352e+10
 5.92100000e+02  8.85274898e+16  2.17157875e+16  4.76654393e+10  1.75975459e+10  1.41854721e+12  1.01340352e+10
 5.92125000e+02  8.84245923e+16  2.17806175e+16  4.76100367e+10  1.76500814e+10  1.41854721e+12  1.01340352e+10
 5.92150000e+02  8.83218144e+16  2.18452147e+16  4.75546985e+10  1.77024282e+10  1.41854721e+12  1.01340352e+10
 5.92175000e+02  8.82191560e+16  2.19095795e+16  4.74994246e+10  1.77545867e+10  1.41854721e+12  1.01340352e+10
 5.92200000e+02  8.81166169e+16  2.19737126e+16  4.74442149e+10  1.78065574e+10  1.41854721e+12  1.01340352e+10
 5.92225000e+02  8.80141969e+16  2.20376144e+16  4.73890695e+10  1.78583407e+10  1.41854721e+12  1.01340352e+10
 5.92250000e+02  8.79118961e+16  2.21012855e+16  4.73339881e+10  1.79099370e+10  1.41854721e+12  1.01340352e+10
 5.92250000e+02  8.79118961e+16  0.00000000e+00  4.73339881e+10  0.00000000e+00  1.43136891e+12  1.01239011e+10
 5.92775000e+02  8.57908331e+16  2.08239762e+15  4.61919541e+10  1.68748602e+09  1.43136891e+12  1.01239011e+10
 5.93300000e+02  8.37209454e+16  4.03939830e+15  4.50774742e+10  3.27335571e+09  1.43136891e+12  1.01239011e+10
 5.93825000e+02  8.17009981e+16  5.87673985e+15  4.39898835e+10  4.76225877e+09  1.43136891e+12  1.01239011e+10
 5.94350000e+02  7.97297864e+16  7.59992380e+15  4.29285333e+10  6.15865338e+09  1.43136891e+12  1.01239011e+10
 5.94875000e+02  7.78061344e+16  9.21422455e+15  4.18927904e+10  7.46681370e+09  1.43136891e+12  1.01239011e+10
 5.95400000e+02  7.59288946e+16  1.07246983e+16  4.08820370e+10  8.69083707e+09  1.43136891e+12  1.01239011e+10
 5.95925000e+02  7.40969473e+16  1.21361916e+16  3.98956703e+10  9.83465091e+09  1.43136891e+12  1.01239011e+10
 5.96450000e+02  7.23091996e+16  1.34533496e+16  3.89331017e+10  1.09020194e+10  1.43136891e+12  1.01239011e+10
 5.96975000e+02  7.05645851e+16  1.46806238e+16  3.79937572e+10  1.18965500e+10  1.43136891e+12  1.01239011e+10
 5.97500000e+02  6.88620633e+16  1.58222799e+16  3.70770763e+10  1.28216993e+10  1.43136891e+12  1.01239011e+10
 5.97500000e+02  6.88620633e+16  0.00000000e+00  3.70770763e+10  0.00000000e+00  1.43136891e+12  1.01239011e+10
 5.97550000e+02  6.87020764e+16  1.59707015e+14  3.69909354e+10  1.29419738e+08  1.43136891e+12  1.01239011e+10
 5.97600000e+02  6.85424613e+16  3.18484868e+14  3.69049946e+10  2.58086523e+08  1.43136891e+12  1.01239011e+10
 5.97650000e+02  6.83832170e+16  4.76337667e+14  3.68192534e+10  3.86003684e+08  1.43136891e+12  1.01239011e+10
 5.97700000e+02  6.82243426e+16  6.33269507e+14  3.67337114e+10  5.13174538e+08  1.43136891e+12  1.01239011e+10
 5.97750000e+02  6.80658374e+16  7.89284462e+14  3.66483682e+10  6.39602389e+08  1.43136891e+12  1.01239011e+10
 5.97800000e+02  6.79077005e+16  9.44386594e+14  3.65632233e+10  7.65290527e+08  1.43136891e+12  1.01239011e+10
 5.97850000e+02  6.77499309e+16  1.09857995e+15  3.64782761e+10  8.90242228e+08  1.43136891e+12  1.01239011e+10
 5.97900000e+02  6.75925279e+16  1.25186855e+15  3.63935264e+10  1.01446076e+09  1.43136891e+12  1.01239011e+10
 5.97950000e+02  6.74354905e+16  1.40425641e+15  3.63089735e+10  1.13794937e+09  1.43136891e+12  1.01239011e+10
 5.98000000e+02  6.72788181e+16  1.55574752e+15  3.62246171e+10  1.26071129e+09  1.43136891e+12  1.01239011e+10
 5.98000000e+02  6.72788181e+16  1.55574752e+15  3.62246171e+10  1.26071129e+09  1.43136891e+12  1.01239011e+10
 5.98700000e+02  6.97553904e+16  3.65926801e+15  3.75580663e+10  2.96531437e+09  1.43136891e+12  1.01239011e+10
 5.99400000e+02  7.21526148e+16  5.73960437e+15  3.88487925e+10  4.65113003e+09  1.43136891e+12  1.01239011e+10
 6.00100000e+02  7.44730333e+16  7.79538483e+15  4.00981645e+10  6.31704664e+09  1.43136891e+12  1.01239011e+10
 6.00800000e+02  7.67191069e+16  9.82538270e+15  4.13075073e+10  7.96207014e+09  1.43136891e+12  1.01239011e+10
 6.01500000e+02  7.88932174e+16  1.18285069e+16  4.24781034e+10  9.58531637e+09  1.43136891e+12  1.01239011e+10
 6.02200000e+02  8.09976707e+16  1.38037930e+16  4.36111943e+10  1.11860038e+10  1.43136891e+12  1.01239011e+10
 6.02900000e+02  8.30346984e+16  1.57503948e+16  4.47079815e+10  1.27634466e+10  1.43136891e+12  1.01239011e+10
 6.03600000e+02  8.50064608e+16  1.76675762e+16  4.57696282e+10  1.43170485e+10  1.43136891e+12  1.01239011e+10
 6.04300000e+02  8.69150490e+16  1.95547041e+16  4.67972604e+10  1.58462963e+10  1.43136891e+12  1.01239011e+10
 6.05000000e+02  8.87624870e+16  2.14112409e+16  4.77919678e+10  1.73507544e+10  1.43136891e+12  1.01239011e+10
 6.05000000e+02  8.87624870e+16  2.14112409e+16  4.77919678e+10  1.73507544e+10  1.44924305e+12  1.01137772e+10
 6.05025000e+02  8.86593164e+16  2.14768764e+16  4.77364181e+10  1.74039426e+10  1.44924305e+12  1.01137772e+10
 6.05050000e+02  8.85562656e+16  2.15422774e+16  4.76809330e+10  1.74569407e+10  1.44924305e+12  1.01137772e+10
 6.05075000e+02  8.84533347e+16  2.16074443e+16  4.76255123e+10  1.75097492e+10  1.44924305e+12  1.01137772e+10
 6.05100000e+02  8.83505234e+16  2.16723777e+16  4.75701561e+10  1.75623684e+10  1.44924305e+12  1.01137772e+10
 6.05125000e+02  8.82478316e+16  2.17370781e+16  4.75148643e+10  1.76147989e+10  1.44924305e+12  1.01137772e+10
 6.05150000e+02  8.81452591e+16  2.18015461e+16  4.74596367e+10  1.76670410e+10  1.44924305e+12  1.01137772e+10
 6.05175000e+02  8.80428059e+16  2.18657823e+16  4.74044732e+10  1.77190953e+10  1.44924305e+12  1.01137772e+10
 6.05200000e+02  8.79404718e+16  2.19297871e+16  4.73493740e+10  1.77709621e+10  1.44924305e+12  1.01137772e+10
 6.05225000e+02  8.78382566e+16  2.19935612e+16  4.72943387e+10  1.78226419e+10  1.44924305e+12  1.01137772e+10
 6.05250000e+02  8.77361602e+16  2.20571050e+16  4.72393674e+10  1.78741351e+10  1.44924305e+12  1.01137772e+10
 6.05250000e+02  8.77361602e+16  0.00000000e+00  4.72393674e+10  0.00000000e+00  1.46203911e+12  1.01036635e+10
 6.05775000e+02  8.56193372e+16  2.07823491e+15  4.60996164e+10  1.68411273e+09  1.46203911e+12  1.01036635e+10
 6.06300000e+02  8.35535872e+16  4.03132354e+15  4.49873644e+10  3.26681227e+09  1.46203911e+12  1.01036635e+10
 6.06825000e+02  8.15376778e+16  5.86499225e+15  4.39019478e+10  4.75273901e+09  1.46203911e+12  1.01036635e+10
 6.07350000e+02  7.95704065e+16  7.58473155e+15  4.28427192e+10  6.14634223e+09  1.46203911e+12  1.01036635e+10
 6.07875000e+02  7.76505999e+16  9.19580531e+15  4.18090467e+10  7.45188754e+09  1.46203911e+12  1.01036635e+10
 6.08400000e+02  7.57771127e+16  1.07032596e+16  4.08003139e+10  8.67346408e+09  1.46203911e+12  1.01036635e+10
 6.08925000e+02  7.39488275e+16  1.21119314e+16  3.98159188e+10  9.81499144e+09  1.46203911e+12  1.01036635e+10
 6.09450000e+02  7.21646535e+16  1.34264563e+16  3.88552744e+10  1.08802263e+10  1.46203911e+12  1.01036635e+10
 6.09975000e+02  7.04235265e+16  1.46512772e+16  3.79178076e+10  1.18727688e+10  1.46203911e+12  1.01036635e+10
 6.10500000e+02  6.87244080e+16  1.57906511e+16  3.70029593e+10  1.27960687e+10  1.46203911e+12  1.01036635e+10
 6.10500000e+02  6.87244080e+16  0.00000000e+00  3.70029593e+10  0.00000000e+00  1.46203911e+12  1.01036635e+10
 6.10550000e+02  6.85647410e+16  1.59387761e+14  3.69169905e+10  1.29161028e+08  1.46203911e+12  1.01036635e+10
 6.10600000e+02  6.84054449e+16  3.17848216e+14  3.68312215e+10  2.57570608e+08  1.46203911e+12  1.01036635e+10
 6.10650000e+02  6.82465189e+16  4.75385468e+14  3.67456517e+10  3.85232062e+08  1.46203911e+12  1.01036635e+10
 6.10700000e+02  6.80879622e+16  6.32003601e+14  3.66602807e+10  5.12148702e+08  1.46203911e+12  1.01036635e+10
 6.10750000e+02  6.79297738e+16  7.87706682e+14  3.65751081e+10  6.38323824e+08  1.46203911e+12  1.01036635e+10
 6.10800000e+02  6.77719530e+16  9.42498765e+14  3.64901334e+10  7.63760711e+08  1.46203911e+12  1.01036635e+10
 6.10850000e+02  6.76144988e+16  1.09638389e+15  3.64053561e+10  8.88462634e+08  1.46203911e+12  1.01036635e+10
 6.10900000e+02  6.74574104e+16  1.24936606e+15  3.63207757e+10  1.01243285e+09  1.46203911e+12  1.01036635e+10
 6.10950000e+02  6.73006870e+16  1.40144930e+15  3.62363919e+10  1.13567461e+09  1.46203911e+12  1.01036635e+10
 6.11000000e+02  6.71443277e+16  1.55263759e+15  3.61522041e+10  1.25819113e+09  1.46203911e+12  1.01036635e+10
 6.11000000e+02  6.71443277e+16  1.55263759e+15  3.61522041e+10  1.25819113e+09  1.46203911e+12  1.01036635e+10
 6.11700000e+02  6.96159494e+16  3.65195313e+15  3.74829877e+10  2.95938671e+09  1.46203911e+12  1.01036635e+10
 6.12400000e+02  7.20083817e+16  5.72813090e+15  3.87711337e+10  4.64183243e+09  1.46203911e+12  1.01036635e+10
 6.13100000e+02  7.43241617e+16  7.77980186e+15  4.00180083e+10  6.30441887e+09  1.46203911e+12  1.01036635e+10
 6.13800000e+02  7.65657454e+16  9.80574176e+15  4.12249336e+10  7.94615397e+09  1.46203911e+12  1.01036635e+10
 6.14500000e+02  7.87355099e+16  1.18048617e+16  4.23931897e+10  9.56615532e+09  1.46203911e+12  1.01036635e+10
 6.15200000e+02  8.08357563e+16  1.37761992e+16  4.35240155e+10  1.11636430e+10  1.46203911e+12  1.01036635e+10
 6.15900000e+02  8.28687120e+16  1.57189097e+16  4.46186102e+10  1.27379325e+10  1.46203911e+12  1.01036635e+10
 6.16600000e+02  8.48365329e+16  1.76322587e+16  4.56781348e+10  1.42884288e+10  1.46203911e+12  1.01036635e+10
 6.17300000e+02  8.67413058e+16  1.95156143e+16  4.67037127e+10  1.58146196e+10  1.46203911e+12  1.01036635e+10
 6.18000000e+02  8.85850508e+16  2.13684398e+16  4.76964316e+10  1.73160702e+10  1.46203911e+12  1.01036635e+10
 6.18000000e+02  8.85850508e+16  2.13684398e+16  4.76964316e+10  1.73160702e+10  1.47987752e+12  1.00935598e+10
 6.18025000e+02  8.84820864e+16  2.14339442e+16  4.76409930e+10  1.73691521e+10  1.47987752e+12  1.00935598e+10
 6.18050000e+02  8.83792417e+16  2.14992144e+16  4.75856188e+10  1.74220443e+10  1.47987752e+12  1.00935598e+10
 6.18075000e+02  8.82765165e+16  2.15642510e+16  4.75303089e+10  1.74747472e+10  1.47987752e+12  1.00935598e+10
 6.18100000e+02  8.81739107e+16  2.16290546e+16  4.74750634e+10  1.75272613e+10  1.47987752e+12  1.00935598e+10
 6.18125000e+02  8.80714242e+16  2.16936257e+16  4.74198820e+10  1.75795869e+10  1.47987752e+12  1.00935598e+10
 6.18150000e+02  8.79690568e+16  2.17579648e+16  4.73647648e+10  1.76317246e+10  1.47987752e+12  1.00935598e+10
 6.18175000e+02  8.78668083e+16  2.18220726e+16  4.73097117e+10  1.76836748e+10  1.47987752e+12  1.00935598e+10
 6.18200000e+02  8.77646788e+16  2.18859495e+16  4.72547226e+10  1.77354379e+10  1.47987752e+12  1.00935598e+10
 6.18225000e+02  8.76626679e+16  2.19495961e+16  4.71997973e+10  1.77870144e+10  1.47987752e+12  1.00935598e+10
 6.18250000e+02  8.75607756e+16  2.20130129e+16  4.71449359e+10  1.78384047e+10  1.47987752e+12  1.00935598e+10
 6.18250000e+02  8.75607756e+16  0.00000000e+00  4.71449359e+10  0.00000000e+00  1.49264801e+12  1.00834662e+10
 6.18775000e+02  8.54481842e+16  2.07408052e+15  4.60074633e+10  1.68074619e+09  1.49264801e+12  1.00834662e+10
 6.19300000e+02  8.33865636e+16  4.02326492e+15  4.48974346e+10  3.26028191e+09  1.49264801e+12  1.00834662e+10
 6.19825000e+02  8.13746840e+16  5.85326813e+15  4.38141878e+10  4.74323829e+09  1.49264801e+12  1.00834662e+10
 6.20350000e+02  7.94113453e+16  7.56956967e+15  4.27570766e+10  6.13405569e+09  1.49264801e+12  1.00834662e+10
 6.20875000e+02  7.74953764e+16  9.17742290e+15  4.17254704e+10  7.43699122e+09  1.49264801e+12  1.00834662e+10
 6.21400000e+02  7.56256343e+16  1.06818638e+16  4.07187540e+10  8.65612583e+09  1.49264801e+12  1.00834662e+10
 6.21925000e+02  7.38010038e+16  1.20877196e+16  3.97363268e+10  9.79537127e+09  1.49264801e+12  1.00834662e+10
 6.22450000e+02  7.20203963e+16  1.33996168e+16  3.87776027e+10  1.08584767e+10  1.49264801e+12  1.00834662e+10
 6.22975000e+02  7.02827499e+16  1.46219893e+16  3.78420100e+10  1.18490351e+10  1.49264801e+12  1.00834662e+10
 6.23500000e+02  6.85870279e+16  1.57590856e+16  3.69289903e+10  1.27704893e+10  1.49264801e+12  1.00834662e+10
 6.23500000e+02  6.85870279e+16  0.00000000e+00  3.69289903e+10  0.00000000e+00  1.49264801e+12  1.00834662e+10
 6.23550000e+02  6.84276801e+16  1.59069144e+14  3.68431934e+10  1.28902835e+08  1.49264801e+12  1.00834662e+10
 6.23600000e+02  6.82687024e+16  3.17212838e+14  3.67575959e+10  2.57055724e+08  1.49264801e+12  1.00834662e+10
 6.23650000e+02  6.81100941e+16  4.74435173e+14  3.66721971e+10  3.84461984e+08  1.49264801e+12  1.00834662e+10
 6.23700000e+02  6.79518543e+16  6.30740226e+14  3.65869968e+10  5.11124917e+08  1.49264801e+12  1.00834662e+10
 6.23750000e+02  6.77939822e+16  7.86132057e+14  3.65019945e+10  6.37047815e+08  1.49264801e+12  1.00834662e+10
 6.23800000e+02  6.76364768e+16  9.40614710e+14  3.64171896e+10  7.62233953e+08  1.49264801e+12  1.00834662e+10
 6.23850000e+02  6.74793374e+16  1.09419221e+15  3.63325818e+10  8.86686597e+08  1.49264801e+12  1.00834662e+10
 6.23900000e+02  6.73225630e+16  1.24686858e+15  3.62481705e+10  1.01040900e+09  1.49264801e+12  1.00834662e+10
 6.23950000e+02  6.71661529e+16  1.39864780e+15  3.61639553e+10  1.13340439e+09  1.49264801e+12  1.00834662e+10
 6.24000000e+02  6.70101062e+16  1.54953386e+15  3.60799358e+10  1.25567601e+09  1.49264801e+12  1.00834662e+10
 6.24000000e+02  6.70101062e+16  1.54953386e+15  3.60799358e+10  1.25567601e+09  1.49264801e+12  1.00834662e+10
 6.24700000e+02  6.94767871e+16  3.64465288e+15  3.74080592e+10  2.95347090e+09  1.49264801e+12  1.00834662e+10
 6.25400000e+02  7.18644369e+16  5.71668037e+15  3.86936302e+10  4.63255340e+09  1.49264801e+12  1.00834662e+10
 6.26100000e+02  7.41755877e+16  7.76425003e+15  3.99380123e+10  6.29181633e+09  1.49264801e+12  1.00834662e+10
 6.26800000e+02  7.64126904e+16  9.78614009e+15  4.11425250e+10  7.93026960e+09  1.49264801e+12  1.00834662e+10
 6.27500000e+02  7.85781176e+16  1.17812638e+16  4.23084457e+10  9.54703258e+09  1.49264801e+12  1.00834662e+10
 6.28200000e+02  8.06741657e+16  1.37486606e+16  4.34370110e+10  1.11413268e+10  1.49264801e+12  1.00834662e+10
 6.28900000e+02  8.27030574e+16  1.56874876e+16  4.45294176e+10  1.27124694e+10  1.49264801e+12  1.00834662e+10
 6.29600000e+02  8.46669446e+16  1.75970118e+16  4.55868242e+10  1.42598662e+10  1.49264801e+12  1.00834662e+10
 6.30300000e+02  8.65679099e+16  1.94766026e+16  4.66103519e+10  1.57830062e+10  1.49264801e+12  1.00834662e+10
 6.31000000e+02  8.84079693e+16  2.13257243e+16  4.76010865e+10  1.72814554e+10  1.49264801e+12  1.00834662e+10
 6.31000000e+02  8.84079693e+16  2.13257243e+16  4.76010865e+10  1.72814554e+10  1.51045075e+12  1.00733828e+10
 6.31025000e+02  8.83052107e+16  2.13910977e+16  4.75457586e+10  1.73344312e+10  1.51045075e+12  1.00733828e+10
 6.31050000e+02  8.82025716e+16  2.14562374e+16  4.74904951e+10  1.73872176e+10  1.51045075e+12  1.00733828e+10
 6.31075000e+02  8.81000517e+16  2.15211440e+16  4.74352958e+10  1.74398152e+10  1.51045075e+12  1.00733828e+10
 6.31100000e+02  8.79976510e+16  2.15858181e+16  4.73801607e+10  1.74922243e+10  1.51045075e+12  1.00733828e+10
 6.31125000e+02  8.78953694e+16  2.16502601e+16  4.73250897e+10  1.75444453e+10  1.51045075e+12  1.00733828e+10
 6.31150000e+02  8.77932066e+16  2.17144707e+16  4.72700827e+10  1.75964788e+10  1.51045075e+12  1.00733828e+10
 6.31175000e+02  8.76911626e+16  2.17784503e+16  4.72151396e+10  1.76483251e+10  1.51045075e+12  1.00733828e+10
 6.31200000e+02  8.75892372e+16  2.18421995e+16  4.71602604e+10  1.76999848e+10  1.51045075e+12  1.00733828e+10
 6.31225000e+02  8.74874302e+16  2.19057188e+16  4.71054449e+10  1.77514582e+10  1.51045075e+12  1.00733828e+10
 6.31250000e+02  8.73857416e+16  2.19690089e+16  4.70506932e+10  1.78027457e+10  1.51045075e+12  1.00733828e+10
 6.31250000e+02  8.73857416e+16  0.00000000e+00  4.70506932e+10  0.00000000e+00  1.52319571e+12  1.00633094e+10
 6.31775000e+02  8.52773733e+16  2.06993443e+15  4.59154944e+10  1.67738638e+09  1.52319571e+12  1.00633094e+10
 6.32300000e+02  8.32198738e+16  4.01522242e+15  4.48076847e+10  3.25376461e+09  1.52319571e+12  1.00633094e+10
 6.32825000e+02  8.12120160e+16  5.84156745e+15  4.37266032e+10  4.73375655e+09  1.52319571e+12  1.00633094e+10
 6.33350000e+02  7.92526020e+16  7.55443810e+15  4.26716052e+10  6.12179371e+09  1.52319571e+12  1.00633094e+10
 6.33875000e+02  7.73404631e+16  9.15907723e+15  4.16420612e+10  7.42212467e+09  1.52319571e+12  1.00633094e+10
 6.34400000e+02  7.54744586e+16  1.06605108e+16  4.06373572e+10  8.63882223e+09  1.52319571e+12  1.00633094e+10
 6.34925000e+02  7.36534755e+16  1.20635563e+16  3.96568939e+10  9.77579032e+09  1.52319571e+12  1.00633094e+10
 6.35450000e+02  7.18764276e+16  1.33728310e+16  3.87000863e+10  1.08367706e+10  1.52319571e+12  1.00633094e+10
 6.35975000e+02  7.01422547e+16  1.45927599e+16  3.77663638e+10  1.18253489e+10  1.52319571e+12  1.00633094e+10
 6.36500000e+02  6.84499224e+16  1.57275832e+16  3.68551693e+10  1.27449611e+10  1.52319571e+12  1.00633094e+10
 6.36500000e+02  6.84499224e+16  0.00000000e+00  3.68551693e+10  0.00000000e+00  1.52319571e+12  1.00633094e+10
 6.36550000e+02  6.82908931e+16  1.58751165e+14  3.67695439e+10  1.28645158e+08  1.52319571e+12  1.00633094e+10
 6.36600000e+02  6.81322333e+16  3.16578729e+14  3.66841174e+10  2.56541870e+08  1.52319571e+12  1.00633094e+10
 6.36650000e+02  6.79739421e+16  4.73486777e+14  3.65988894e+10  3.83693444e+08  1.52319571e+12  1.00633094e+10
 6.36700000e+02  6.78160186e+16  6.29479376e+14  3.65138594e+10  5.10103178e+08  1.52319571e+12  1.00633094e+10
 6.36750000e+02  6.76584620e+16  7.84560579e+14  3.64290270e+10  6.35774356e+08  1.52319571e+12  1.00633094e+10
 6.36800000e+02  6.75012715e+16  9.38734421e+14  3.63443916e+10  7.60710248e+08  1.52319571e+12  1.00633094e+10
 6.36850000e+02  6.73444462e+16  1.09200492e+15  3.62599529e+10  8.84914111e+08  1.52319571e+12  1.00633094e+10
 6.36900000e+02  6.71879852e+16  1.24437609e+15  3.61757104e+10  1.00838919e+09  1.52319571e+12  1.00633094e+10
 6.36950000e+02  6.70318878e+16  1.39585191e+15  3.60916636e+10  1.13113872e+09  1.52319571e+12  1.00633094e+10
 6.37000000e+02  6.68761530e+16  1.54643634e+15  3.60078120e+10  1.25316591e+09  1.52319571e+12  1.00633094e+10
 6.37000000e+02  6.68761530e+16  1.54643634e+15  3.60078120e+10  1.25316591e+09  1.52319571e+12  1.00633094e+10
 6.37700000e+02  6.93379030e+16  3.63736722e+15  3.73332805e+10  2.94756691e+09  1.52319571e+12  1.00633094e+10
 6.38400000e+02  7.17207799e+16  5.70525272e+15  3.86162817e+10  4.62329293e+09  1.52319571e+12  1.00633094e+10
 6.39100000e+02  7.40273107e+16  7.74872930e+15  3.98581762e+10  6.27923899e+09  1.52319571e+12  1.00633094e+10
 6.39800000e+02  7.62599415e+16  9.76657759e+15  4.10602811e+10  7.91441700e+09  1.52319571e+12  1.00633094e+10
 6.40500000e+02  7.84210400e+16  1.17577131e+16  4.22238711e+10  9.52794806e+09  1.52319571e+12  1.00633094e+10
 6.41200000e+02  8.05128980e+16  1.37211770e+16  4.33501804e+10  1.11190553e+10  1.52319571e+12  1.00633094e+10
 6.41900000e+02  8.25377340e+16  1.56561283e+16  4.44404033e+10  1.26870572e+10  1.52319571e+12  1.00633094e+10
 6.42600000e+02  8.44976954e+16  1.75618354e+16  4.54956961e+10  1.42313607e+10  1.52319571e+12  1.00633094e+10
 6.43300000e+02  8.63948607e+16  1.94376688e+16  4.65171779e+10  1.57514559e+10  1.52319571e+12  1.00633094e+10
 6.44000000e+02  8.82312418e+16  2.12830942e+16  4.75059319e+10  1.72469098e+10  1.52319571e+12  1.00633094e+10
 6.44000000e+02  8.82312418e+16  2.12830942e+16  4.75059319e+10  1.72469098e+10  1.54096287e+12  1.00532461e+10
 6.44025000e+02  8.81286886e+16  2.13483369e+16  4.74507147e+10  1.72997797e+10  1.54096287e+12  1.00532461e+10
 6.44050000e+02  8.80262546e+16  2.14133464e+16  4.73955616e+10  1.73524606e+10  1.54096287e+12  1.00532461e+10
 6.44075000e+02  8.79239397e+16  2.14781233e+16  4.73404727e+10  1.74049530e+10  1.54096287e+12  1.00532461e+10
 6.44100000e+02  8.78217437e+16  2.15426680e+16  4.72854478e+10  1.74572573e+10  1.54096287e+12  1.00532461e+10
 6.44125000e+02  8.77196665e+16  2.16069812e+16  4.72304868e+10  1.75093740e+10  1.54096287e+12  1.00532461e+10
 6.44150000e+02  8.76177080e+16  2.16710634e+16  4.71755898e+10  1.75613034e+10  1.54096287e+12  1.00532461e+10
 6.44175000e+02  8.75158680e+16  2.17349151e+16  4.71207565e+10  1.76130461e+10  1.54096287e+12  1.00532461e+10
 6.44200000e+02  8.74141463e+16  2.17985369e+16  4.70659870e+10  1.76646025e+10  1.54096287e+12  1.00532461e+10
 6.44225000e+02  8.73125428e+16  2.18619293e+16  4.70112811e+10  1.77159730e+10  1.54096287e+12  1.00532461e+10
 6.44250000e+02  8.72110575e+16  2.19250928e+16  4.69566389e+10  1.77671580e+10  1.54096287e+12  1.00532461e+10
 6.44250000e+02  8.72110575e+16  0.00000000e+00  4.69566389e+10  0.00000000e+00  1.55368236e+12  1.00431928e+10
 6.44775000e+02  8.51069038e+16  2.06579663e+15  4.58237093e+10  1.67403329e+09  1.55368236e+12  1.00431928e+10
 6.45300000e+02  8.30535173e+16  4.00719599e+15  4.47181141e+10  3.24726033e+09  1.55368236e+12  1.00431928e+10
 6.45825000e+02  8.10496732e+16  5.82989015e+15  4.36391937e+10  4.72429377e+09  1.55368236e+12  1.00431928e+10
 6.46350000e+02  7.90941761e+16  7.53933678e+15  4.25863046e+10  6.10955625e+09  1.55368236e+12  1.00431928e+10
 6.46875000e+02  7.71858595e+16  9.14076823e+15  4.15588187e+10  7.40728784e+09  1.55368236e+12  1.00431928e+10
 6.47400000e+02  7.53235852e+16  1.06392004e+16  4.05561232e+10  8.62155323e+09  1.55368236e+12  1.00431928e+10
 6.47925000e+02  7.35062422e+16  1.20394412e+16  3.95776198e+10  9.75624852e+09  1.55368236e+12  1.00431928e+10
 6.48450000e+02  7.17327466e+16  1.33460987e+16  3.86227248e+10  1.08151079e+10  1.55368236e+12  1.00431928e+10
 6.48975000e+02  7.00020403e+16  1.45635890e+16  3.76908688e+10  1.18017100e+10  1.55368236e+12  1.00431928e+10
 6.49500000e+02  6.83130910e+16  1.56961438e+16  3.67814958e+10  1.27194839e+10  1.55368236e+12  1.00431928e+10
 6.49500000e+02  6.83130910e+16  0.00000000e+00  3.67814958e+10  0.00000000e+00  1.55368236e+12  1.00431928e+10
 6.49550000e+02  6.81543796e+16  1.58433822e+14  3.66960416e+10  1.28387997e+08  1.55368236e+12  1.00431928e+10
 6.49600000e+02  6.79960369e+16  3.15945888e+14  3.66107859e+10  2.56029042e+08  1.55368236e+12  1.00431928e+10
 6.49650000e+02  6.78380621e+16  4.72540277e+14  3.65257282e+10  3.82926441e+08  1.55368236e+12  1.00431928e+10
 6.49700000e+02  6.76804544e+16  6.28221047e+14  3.64408682e+10  5.09083482e+08  1.55368236e+12  1.00431928e+10
 6.49750000e+02  6.75232128e+16  7.82992242e+14  3.63562054e+10  6.34503443e+08  1.55368236e+12  1.00431928e+10
 6.49800000e+02  6.73663365e+16  9.36857891e+14  3.62717392e+10  7.59189588e+08  1.55368236e+12  1.00431928e+10
 6.49850000e+02  6.72098247e+16  1.08982201e+15  3.61874693e+10  8.83145167e+08  1.55368236e+12  1.00431928e+10
 6.49900000e+02  6.70536765e+16  1.24188858e+15  3.61033952e+10  1.00637342e+09  1.55368236e+12  1.00431928e+10
 6.49950000e+02  6.68978910e+16  1.39306160e+15  3.60195163e+10  1.12887757e+09  1.55368236e+12  1.00431928e+10
 6.50000000e+02  6.67424676e+16  1.54334502e+15  3.59358324e+10  1.25066083e+09  1.55368236e+12  1.00431928e+10
 6.50000000e+02  6.67424676e+16  1.54334502e+15  3.59358324e+10  1.25066083e+09  1.55368236e+12  1.00431928e+10
 6.50700000e+02  6.91992966e+16  3.63009612e+15  3.72586513e+10  2.94167472e+09  1.55368236e+12  1.00431928e+10
 6.51400000e+02  7.15774101e+16  5.69384792e+15  3.85390877e+10  4.61405097e+09  1.55368236e+12  1.00431928e+10
 6.52100000e+02  7.38793301e+16  7.73323959e+15  3.97784997e+10  6.26668679e+09  1.55368236e+12  1.00431928e+10
 6.52800000e+02  7.61074979e+16  9.74705420e+15  4.09782016e+10  7.89859608e+09  1.55368236e+12  1.00431928e+10
 6.53500000e+02  7.82642763e+16  1.17342094e+16  4.21394656e+10  9.50890169e+09  1.55368236e+12  1.00431928e+10
 6.54200000e+02  8.03519527e+16  1.36937484e+16  4.32635234e+10  1.10968283e+10  1.55368236e+12  1.00431928e+10
 6.54900000e+02  8.23727411e+16  1.56248317e+16  4.43515670e+10  1.26616957e+10  1.55368236e+12  1.00431928e+10
 6.55600000e+02  8.43287845e+16  1.75267293e+16  4.54047502e+10  1.42029122e+10  1.55368236e+12  1.00431928e+10
 6.56300000e+02  8.62221573e+16  1.93988129e+16  4.64241900e+10  1.57199688e+10  1.55368236e+12  1.00431928e+10
 6.57000000e+02  8.80548675e+16  2.12405493e+16  4.74109675e+10  1.72124332e+10  1.55368236e+12  1.00431928e+10
 6.57000000e+02  8.80548675e+16  2.12405493e+16  4.74109675e+10  1.72124332e+10  1.57141400e+12  1.00331496e+10
 6.57025000e+02  8.79525193e+16  2.13056616e+16  4.73558607e+10  1.72651974e+10  1.57141400e+12  1.00331496e+10
 6.57050000e+02  8.78502901e+16  2.13705411e+16  4.73008179e+10  1.73177730e+10  1.57141400e+12  1.00331496e+10
 6.57075000e+02  8.77481798e+16  2.14351885e+16  4.72458391e+10  1.73701605e+10  1.57141400e+12  1.00331496e+10
 6.57100000e+02  8.76461881e+16  2.14996042e+16  4.71909242e+10  1.74223603e+10  1.57141400e+12  1.00331496e+10
 6.57125000e+02  8.75443149e+16  2.15637889e+16  4.71360731e+10  1.74743727e+10  1.57141400e+12  1.00331496e+10
 6.57150000e+02  8.74425602e+16  2.16277430e+16  4.70812858e+10  1.75261984e+10  1.57141400e+12  1.00331496e+10
 6.57175000e+02  8.73409237e+16  2.16914670e+16  4.70265621e+10  1.75778377e+10  1.57141400e+12  1.00331496e+10
 6.57200000e+02  8.72394054e+16  2.17549616e+16  4.69719021e+10  1.76292910e+10  1.57141400e+12  1.00331496e+10
 6.57225000e+02  8.71380051e+16  2.18182273e+16  4.69173056e+10  1.76805588e+10  1.57141400e+12  1.00331496e+10
 6.57250000e+02  8.70367226e+16  2.18812646e+16  4.68627726e+10  1.77316415e+10  1.57141400e+12  1.00331496e+10
 6.57250000e+02  8.70367226e+16  0.00000000e+00  4.68627726e+10  0.00000000e+00  1.58410806e+12  1.00231165e+10
 6.57775000e+02  8.49367751e+16  2.06166711e+15  4.57321077e+10  1.67068689e+09  1.58410806e+12  1.00231165e+10
 6.58300000e+02  8.28874933e+16  3.99918560e+15  4.46287226e+10  3.24076906e+09  1.58410806e+12  1.00231165e+10
 6.58825000e+02  8.08876549e+16  5.81823620e+15  4.35519590e+10  4.71484991e+09  1.58410806e+12  1.00231165e+10
 6.59350000e+02  7.89360668e+16  7.52426565e+15  4.25011746e+10  6.09734325e+09  1.58410806e+12  1.00231165e+10
 6.59875000e+02  7.70315650e+16  9.12249584e+15  4.14757427e+10  7.39248067e+09  1.58410806e+12  1.00231165e+10
 6.60400000e+02  7.51730134e+16  1.06179326e+16  4.04750515e+10  8.60431874e+09  1.58410806e+12  1.00231165e+10
 6.60925000e+02  7.33593033e+16  1.20153744e+16  3.94985041e+10  9.73674578e+09  1.58410806e+12  1.00231165e+10
 6.61450000e+02  7.15893528e+16  1.33194199e+16  3.85455180e+10  1.07934885e+10  1.58410806e+12  1.00231165e+10
 6.61975000e+02  6.98621062e+16  1.45344764e+16  3.76155248e+10  1.17781184e+10  1.58410806e+12  1.00231165e+10
 6.62500000e+02  6.81765332e+16  1.56647672e+16  3.67079696e+10  1.26940577e+10  1.58410806e+12  1.00231165e+10
 6.62500000e+02  6.81765332e+16  0.00000000e+00  3.67079696e+10  0.00000000e+00  1.58410806e+12  1.00231165e+10
 6.62550000e+02  6.80181390e+16  1.58117112e+14  3.66226862e+10  1.28131349e+08  1.58410806e+12  1.00231165e+10
 6.62600000e+02  6.78601129e+16  3.15314313e+14  3.65376009e+10  2.55517240e+08  1.58410806e+12  1.00231165e+10
 6.62650000e+02  6.77024539e+16  4.71595669e+14  3.64527133e+10  3.82160971e+08  1.58410806e+12  1.00231165e+10
 6.62700000e+02  6.75451611e+16  6.26965233e+14  3.63680229e+10  5.08065824e+08  1.58410806e+12  1.00231165e+10
 6.62750000e+02  6.73882339e+16  7.81427041e+14  3.62835293e+10  6.33235071e+08  1.58410806e+12  1.00231165e+10
 6.62800000e+02  6.72316712e+16  9.34985112e+14  3.61992320e+10  7.57671968e+08  1.58410806e+12  1.00231165e+10
 6.62850000e+02  6.70754722e+16  1.08764345e+15  3.61151305e+10  8.81379760e+08  1.58410806e+12  1.00231165e+10
 6.62900000e+02  6.69196362e+16  1.23940605e+15  3.60312245e+10  1.00436168e+09  1.58410806e+12  1.00231165e+10
 6.62950000e+02  6.67641622e+16  1.39027687e+15  3.59475133e+10  1.12662094e+09  1.58410806e+12  1.00231165e+10
 6.63000000e+02  6.66090494e+16  1.54025987e+15  3.58639967e+10  1.24816076e+09  1.58410806e+12  1.00231165e+10
 6.63000000e+02  6.66090494e+16  1.54025987e+15  3.58639967e+10  1.24816076e+09  1.58410806e+12  1.00231165e+10
 6.63700000e+02  6.90609672e+16  3.62283956e+15  3.71841712e+10  2.93579431e+09  1.58410806e+12  1.00231165e+10
 6.64400000e+02  7.14343268e+16  5.68246592e+15  3.84620481e+10  4.60482748e+09  1.58410806e+12  1.00231165e+10
 6.65100000e+02  7.37316453e+16  7.71778084e+15  3.96989825e+10  6.25415969e+09  1.58410806e+12  1.00231165e+10
 6.65800000e+02  7.59553590e+16  9.72756984e+15  4.08962861e+10  7.88280678e+09  1.58410806e+12  1.00231165e+10
 6.66500000e+02  7.81078260e+16  1.17107527e+16  4.20552288e+10  9.48989340e+09  1.58410806e+12  1.00231165e+10
 6.67200000e+02  8.01913292e+16  1.36663746e+16  4.31770396e+10  1.10746458e+10  1.58410806e+12  1.00231165e+10
 6.67900000e+02  8.22080780e+16  1.55935977e+16  4.42629082e+10  1.26363850e+10  1.58410806e+12  1.00231165e+10
 6.68600000e+02  8.41602113e+16  1.74916934e+16  4.53139861e+10  1.41745206e+10  1.58410806e+12  1.00231165e+10
 6.69300000e+02  8.60497992e+16  1.93600347e+16  4.63313881e+10  1.56885446e+10  1.58410806e+12  1.00231165e+10
 6.70000000e+02  8.78788458e+16  2.11980894e+16  4.73161930e+10  1.71780255e+10  1.58410806e+12  1.00231165e+10
 6.70000000e+02  8.78788458e+16  2.11980894e+16  4.73161930e+10  1.71780255e+10  1.60180425e+12  1.00130934e+10
 6.70025000e+02  8.77767023e+16  2.12630716e+16  4.72611963e+10  1.72306843e+10  1.60180425e+12  1.00130934e+10
 6.70050000e+02  8.76746774e+16  2.13278214e+16  4.72062636e+10  1.72831548e+10  1.60180425e+12  1.00130934e+10
 6.70075000e+02  8.75727712e+16  2.13923396e+16  4.71513947e+10  1.73354375e+10  1.60180425e+12  1.00130934e+10
 6.70100000e+02  8.74709833e+16  2.14566265e+16  4.70965895e+10  1.73875330e+10  1.60180425e+12  1.00130934e+10
 6.70125000e+02  8.73693138e+16  2.15206829e+16  4.70418481e+10  1.74394415e+10  1.60180425e+12  1.00130934e+10
 6.70150000e+02  8.72677625e+16  2.15845091e+16  4.69871703e+10  1.74911635e+10  1.60180425e+12  1.00130934e+10
 6.70175000e+02  8.71663292e+16  2.16481058e+16  4.69325560e+10  1.75426996e+10  1.60180425e+12  1.00130934e+10
 6.70200000e+02  8.70650138e+16  2.17114735e+16  4.68780053e+10  1.75940500e+10  1.60180425e+12  1.00130934e+10
 6.70225000e+02  8.69638162e+16  2.17746127e+16  4.68235179e+10  1.76452153e+10  1.60180425e+12  1.00130934e+10
 6.70250000e+02  8.68627362e+16  2.18375239e+16  4.67690939e+10  1.76961959e+10  1.60180425e+12  1.00130934e+10
 6.70250000e+02  8.68627362e+16  0.00000000e+00  4.67690939e+10  0.00000000e+00  1.61447293e+12  1.00030803e+10
 6.70775000e+02  8.47669865e+16  2.05754583e+15  4.56406892e+10  1.66734719e+09  1.61447293e+12  1.00030803e+10
 6.71300000e+02  8.27218012e+16  3.99119123e+15  4.45395098e+10  3.23429076e+09  1.61447293e+12  1.00030803e+10
 6.71825000e+02  8.07259604e+16  5.80660555e+15  4.34648986e+10  4.70542493e+09  1.61447293e+12  1.00030803e+10
 6.72350000e+02  7.87782736e+16  7.50922464e+15  4.24162148e+10  6.08515466e+09  1.61447293e+12  1.00030803e+10
 6.72875000e+02  7.68775789e+16  9.10425997e+15  4.13928327e+10  7.37770311e+09  1.61447293e+12  1.00030803e+10
 6.73400000e+02  7.50227425e+16  1.05967074e+16  4.03941418e+10  8.58711871e+09  1.61447293e+12  1.00030803e+10
 6.73925000e+02  7.32126580e+16  1.19913556e+16  3.94195466e+10  9.71728202e+09  1.61447293e+12  1.00030803e+10
 6.74450000e+02  7.14462457e+16  1.32927944e+16  3.84684655e+10  1.07719123e+10  1.61447293e+12  1.00030803e+10
 6.74975000e+02  6.97224519e+16  1.45054220e+16  3.75403313e+10  1.17545739e+10  1.61447293e+12  1.00030803e+10
 6.75500000e+02  6.80402483e+16  1.56334533e+16  3.66345904e+10  1.26686823e+10  1.61447293e+12  1.00030803e+10
 6.75500000e+02  6.80402483e+16  0.00000000e+00  3.66345904e+10  0.00000000e+00  1.61447293e+12  1.00030803e+10
 6.75550000e+02  6.78821708e+16  1.57801036e+14  3.65494774e+10  1.27875214e+08  1.61447293e+12  1.00030803e+10
 6.75600000e+02  6.77244605e+16  3.14683999e+14  3.64645622e+10  2.55006461e+08  1.61447293e+12  1.00030803e+10
 6.75650000e+02  6.75671167e+16  4.70652949e+14  3.63798443e+10  3.81397031e+08  1.61447293e+12  1.00030803e+10
 6.75700000e+02  6.74101384e+16  6.25711929e+14  3.62953233e+10  5.07050201e+08  1.61447293e+12  1.00030803e+10
 6.75750000e+02  6.72535248e+16  7.79864968e+14  3.62109985e+10  6.31969234e+08  1.61447293e+12  1.00030803e+10
 6.75800000e+02  6.70972751e+16  9.33116077e+14  3.61268697e+10  7.56157382e+08  1.61447293e+12  1.00030803e+10
 6.75850000e+02  6.69413883e+16  1.08546925e+15  3.60429364e+10  8.79617882e+08  1.61447293e+12  1.00030803e+10
 6.75900000e+02  6.67858638e+16  1.23692847e+15  3.59591980e+10  1.00235396e+09  1.61447293e+12  1.00030803e+10
 6.75950000e+02  6.66307006e+16  1.38749770e+15  3.58756542e+10  1.12436883e+09  1.61447293e+12  1.00030803e+10
 6.76000000e+02  6.64758979e+16  1.53718089e+15  3.57923045e+10  1.24566569e+09  1.61447293e+12  1.00030803e+10
 6.76000000e+02  6.64758979e+16  1.53718089e+15  3.57923045e+10  1.24566569e+09  1.61447293e+12  1.00030803e+10
 6.76700000e+02  6.89229143e+16  3.61559750e+15  3.71098401e+10  2.92992566e+09  1.61447293e+12  1.00030803e+10
 6.77400000e+02  7.12915296e+16  5.67110667e+15  3.83851625e+10  4.59562243e+09  1.61447293e+12  1.00030803e+10
 6.78100000e+02  7.35842558e+16  7.70235300e+15  3.96196242e+10  6.24165762e+09  1.61447293e+12  1.00030803e+10
 6.78800000e+02  7.58035242e+16  9.70812443e+15  4.08145345e+10  7.86704905e+09  1.61447293e+12  1.00030803e+10
 6.79500000e+02  7.79516885e+16  1.16873429e+16  4.19711604e+10  9.47092310e+09  1.61447293e+12  1.00030803e+10
 6.80200000e+02  8.00310267e+16  1.36390555e+16  4.30907287e+10  1.10525076e+10  1.61447293e+12  1.00030803e+10
 6.80900000e+02  8.20437440e+16  1.55624261e+16  4.41744266e+10  1.26111249e+10  1.61447293e+12  1.00030803e+10
 6.81600000e+02  8.39919750e+16  1.74567275e+16  4.52234035e+10  1.41461857e+10  1.61447293e+12  1.00030803e+10
 6.82300000e+02  8.58777857e+16  1.93213340e+16  4.62387716e+10  1.56571832e+10  1.61447293e+12  1.00030803e+10
 6.83000000e+02  8.77031760e+16  2.11557144e+16  4.72216079e+10  1.71436867e+10  1.61447293e+12  1.00030803e+10
 6.83000000e+02  8.77031760e+16  2.11557144e+16  4.72216079e+10  1.71436867e+10  1.63213376e+12  9.99307720e+09
 6.83025000e+02  8.76012366e+16  2.12205667e+16  4.71667212e+10  1.71962401e+10  1.63213376e+12  9.99307720e+09
 6.83050000e+02  8.74994157e+16  2.12851871e+16  4.71118982e+10  1.72486058e+10  1.63213376e+12  9.99307720e+09
 6.83075000e+02  8.73977132e+16  2.13495763e+16  4.70571390e+10  1.73007840e+10  1.63213376e+12  9.99307720e+09
 6.83100000e+02  8.72961289e+16  2.14137347e+16  4.70024434e+10  1.73527753e+10  1.63213376e+12  9.99307720e+09
 6.83125000e+02  8.71946626e+16  2.14776630e+16  4.69478114e+10  1.74045800e+10  1.63213376e+12  9.99307720e+09
 6.83150000e+02  8.70933143e+16  2.15413617e+16  4.68932429e+10  1.74561987e+10  1.63213376e+12  9.99307720e+09
 6.83175000e+02  8.69920837e+16  2.16048312e+16  4.68387379e+10  1.75076317e+10  1.63213376e+12  9.99307720e+09
 6.83200000e+02  8.68909709e+16  2.16680722e+16  4.67842961e+10  1.75588795e+10  1.63213376e+12  9.99307720e+09
 6.83225000e+02  8.67899755e+16  2.17310852e+16  4.67299177e+10  1.76099425e+10  1.63213376e+12  9.99307720e+09
 6.83250000e+02  8.66890976e+16  2.17938707e+16  4.66756025e+10  1.76608212e+10  1.63213376e+12  9.99307720e+09
 6.83250000e+02  8.66890976e+16  0.00000000e+00  4.66756025e+10  0.00000000e+00  1.64477711e+12  9.98308412e+09
 6.83775000e+02  8.45975373e+16  2.05343280e+15  4.55494535e+10  1.66401416e+09  1.64477711e+12  9.98308412e+09
 6.84300000e+02  8.25564403e+16  3.98321284e+15  4.44504753e+10  3.22782542e+09  1.64477711e+12  9.98308412e+09
 6.84825000e+02  8.05645893e+16  5.79499814e+15  4.33780123e+10  4.69601878e+09  1.64477711e+12  9.98308412e+09
 6.85350000e+02  7.86207958e+16  7.49421370e+15  4.23314248e+10  6.07299043e+09  1.64477711e+12  9.98308412e+09
 6.85875000e+02  7.67239006e+16  9.08606055e+15  4.13100884e+10  7.36295508e+09  1.64477711e+12  9.98308412e+09
 6.86400000e+02  7.48727720e+16  1.05755246e+16  4.03133940e+10  8.56995306e+09  1.64477711e+12  9.98308412e+09
 6.86925000e+02  7.30663059e+16  1.19673849e+16  3.93407469e+10  9.69785718e+09  1.64477711e+12  9.98308412e+09
 6.87450000e+02  7.13034247e+16  1.32662221e+16  3.83915671e+10  1.07503793e+10  1.64477711e+12  9.98308412e+09
 6.87975000e+02  6.95830767e+16  1.44764256e+16  3.74652882e+10  1.17310765e+10  1.64477711e+12  9.98308412e+09
 6.88500000e+02  6.79042358e+16  1.56022020e+16  3.65613578e+10  1.26433576e+10  1.64477711e+12  9.98308412e+09
 6.88500000e+02  6.79042358e+16  0.00000000e+00  3.65613578e+10  0.00000000e+00  1.64477711e+12  9.98308412e+09
 6.88550000e+02  6.77464743e+16  1.57485592e+14  3.64764150e+10  1.27619592e+08  1.64477711e+12  9.98308412e+09
 6.88600000e+02  6.75890793e+16  3.14054946e+14  3.63916696e+10  2.54496704e+08  1.64477711e+12  9.98308412e+09
 6.88650000e+02  6.74320500e+16  4.69712114e+14  3.63071210e+10  3.80634618e+08  1.64477711e+12  9.98308412e+09
 6.88700000e+02  6.72753855e+16  6.24461131e+14  3.62227689e+10  5.06036607e+08  1.64477711e+12  9.98308412e+09
 6.88750000e+02  6.71190850e+16  7.78306018e+14  3.61386128e+10  6.30705927e+08  1.64477711e+12  9.98308412e+09
 6.88800000e+02  6.69631476e+16  9.31250778e+14  3.60546521e+10  7.54645823e+08  1.64477711e+12  9.98308412e+09
 6.88850000e+02  6.68075725e+16  1.08329940e+15  3.59708866e+10  8.77859526e+08  1.64477711e+12  9.98308412e+09
 6.88900000e+02  6.66523589e+16  1.23445585e+15  3.58873156e+10  1.00035025e+09  1.64477711e+12  9.98308412e+09
 6.88950000e+02  6.64975058e+16  1.38472410e+15  3.58039388e+10  1.12212122e+09  1.64477711e+12  9.98308412e+09
 6.89000000e+02  6.63430126e+16  1.53410807e+15  3.57207557e+10  1.24317560e+09  1.64477711e+12  9.98308412e+09
 6.89000000e+02  6.63430126e+16  1.53410807e+15  3.57207557e+10  1.24317560e+09  1.64477711e+12  9.98308412e+09
 6.89700000e+02  6.87851374e+16  3.60836992e+15  3.70356575e+10  2.92406874e+09  1.64477711e+12  9.98308412e+09
 6.90400000e+02  7.11490178e+16  5.65977013e+15  3.83084305e+10  4.58643578e+09  1.64477711e+12  9.98308412e+09
 6.91100000e+02  7.34371608e+16  7.68695599e+15  3.95404246e+10  6.22918055e+09  1.64477711e+12  9.98308412e+09
 6.91800000e+02  7.56519930e+16  9.68871789e+15  4.07329462e+10  7.85132282e+09  1.64477711e+12  9.98308412e+09
 6.92500000e+02  7.77958630e+16  1.16639799e+16  4.18872601e+10  9.45199073e+09  1.64477711e+12  9.98308412e+09
 6.93200000e+02  7.98710447e+16  1.36117910e+16  4.30045903e+10  1.10304136e+10  1.64477711e+12  9.98308412e+09
 6.93900000e+02  8.18797386e+16  1.55313168e+16  4.40861220e+10  1.25859152e+10  1.64477711e+12  9.98308412e+09
 6.94600000e+02  8.38240751e+16  1.74218315e+16  4.51330019e+10  1.41179075e+10  1.64477711e+12  9.98308412e+09
 6.95300000e+02  8.57061160e+16  1.92827106e+16  4.61463403e+10  1.56258844e+10  1.64477711e+12  9.98308412e+09
 6.96000000e+02  8.75278574e+16  2.11134242e+16  4.71272119e+10  1.71094164e+10  1.64477711e+12  9.98308412e+09
 6.96000000e+02  8.75278574e+16  2.11134242e+16  4.71272119e+10  1.71094164e+10  1.66240263e+12  9.97310104e+09
 6.96025000e+02  8.74261218e+16  2.11781468e+16  4.70724349e+10  1.71618649e+10  1.66240263e+12  9.97310104e+09
 6.96050000e+02  8.73245044e+16  2.12426380e+16  4.70177216e+10  1.72141258e+10  1.66240263e+12  9.97310104e+09
 6.96075000e+02  8.72230052e+16  2.13068985e+16  4.69630718e+10  1.72661997e+10  1.66240263e+12  9.97310104e+09
 6.96100000e+02  8.71216239e+16  2.13709287e+16  4.69084856e+10  1.73180871e+10  1.66240263e+12  9.97310104e+09
 6.96125000e+02  8.70203605e+16  2.14347292e+16  4.68539628e+10  1.73697883e+10  1.66240263e+12  9.97310104e+09
 6.96150000e+02  8.69192147e+16  2.14983005e+16  4.67995033e+10  1.74213038e+10  1.66240263e+12  9.97310104e+09
 6.96175000e+02  8.68181866e+16  2.15616432e+16  4.67451072e+10  1.74726340e+10  1.66240263e+12  9.97310104e+09
 6.96200000e+02  8.67172758e+16  2.16247578e+16  4.66907743e+10  1.75237793e+10  1.66240263e+12  9.97310104e+09
 6.96225000e+02  8.66164824e+16  2.16876448e+16  4.66365046e+10  1.75747403e+10  1.66240263e+12  9.97310104e+09
 6.96250000e+02  8.65158061e+16  2.17503048e+16  4.65822979e+10  1.76255172e+10  1.66240263e+12  9.97310104e+09
 6.96250000e+02  8.65158061e+16  0.00000000e+00  4.65822979e+10  0.00000000e+00  1.67502071e+12  9.96312794e+09
 6.96775000e+02  8.44284268e+16  2.04932799e+15  4.54584001e+10  1.66068780e+09  1.67502071e+12  9.96312794e+09
 6.97300000e+02  8.23914100e+16  3.97525040e+15  4.43616188e+10  3.22137299e+09  1.67502071e+12  9.96312794e+09
 6.97825000e+02  8.04035406e+16  5.78341394e+15  4.32912996e+10  4.68663144e+09  1.67502071e+12  9.96312794e+09
 6.98350000e+02  7.84636329e+16  7.47923277e+15  4.22468042e+10  6.06085052e+09  1.67502071e+12  9.96312794e+09
 6.98875000e+02  7.65705295e+16  9.06789752e+15  4.12275095e+10  7.34823653e+09  1.67502071e+12  9.96312794e+09
 6.99400000e+02  7.47231014e+16  1.05543841e+16  4.02328075e+10  8.55282172e+09  1.67502071e+12  9.96312794e+09
 6.99925000e+02  7.29202464e+16  1.19434621e+16  3.92621048e+10  9.67847116e+09  1.67502071e+12  9.96312794e+09
 7.00450000e+02  7.11608891e+16  1.32397029e+16  3.83148223e+10  1.07288893e+10  1.67502071e+12  9.96312794e+09
 7.00975000e+02  6.94439801e+16  1.44474873e+16  3.73903951e+10  1.17076261e+10  1.67502071e+12  9.96312794e+09
 7.01500000e+02  6.77684952e+16  1.55710132e+16  3.64882717e+10  1.26180835e+10  1.67502071e+12  9.96312794e+09
 7.01500000e+02  6.77684952e+16  0.00000000e+00  3.64882717e+10  0.00000000e+00  1.67502071e+12  9.96312794e+09
 7.01550000e+02  6.76110491e+16  1.57170778e+14  3.64034987e+10  1.27364480e+08  1.67502071e+12  9.96312794e+09
 7.01600000e+02  6.74539687e+16  3.13427150e+14  3.63189226e+10  2.53987965e+08  1.67502071e+12  9.96312794e+09
 7.01650000e+02  6.72972533e+16  4.68773159e+14  3.62345431e+10  3.79873730e+08  1.67502071e+12  9.96312794e+09
 7.01700000e+02  6.71409020e+16  6.23212833e+14  3.61503596e+10  5.05025040e+08  1.67502071e+12  9.96312794e+09
 7.01750000e+02  6.69849139e+16  7.76750184e+14  3.60663717e+10  6.29445146e+08  1.67502071e+12  9.96312794e+09
 7.01800000e+02  6.68292883e+16  9.29389208e+14  3.59825789e+10  7.53137286e+08  1.67502071e+12  9.96312794e+09
 7.01850000e+02  6.66740242e+16  1.08113388e+15  3.58989808e+10  8.76104685e+08  1.67502071e+12  9.96312794e+09
 7.01900000e+02  6.65191208e+16  1.23198818e+15  3.58155769e+10  9.98350555e+08  1.67502071e+12  9.96312794e+09
 7.01950000e+02  6.63645773e+16  1.38195603e+15  3.57323667e+10  1.11987810e+09  1.67502071e+12  9.96312794e+09
 7.02000000e+02  6.62103929e+16  1.53104139e+15  3.56493499e+10  1.24069049e+09  1.67502071e+12  9.96312794e+09
 7.02000000e+02  6.62103929e+16  1.53104139e+15  3.56493499e+10  1.24069049e+09  1.67502071e+12  9.96312794e+09
 7.02700000e+02  6.86476359e+16  3.60115679e+15  3.69616232e+10  2.91822353e+09  1.67502071e+12  9.96312794e+09
 7.03400000e+02  7.10067910e+16  5.64845625e+15  3.82318520e+10  4.57726749e+09  1.67502071e+12  9.96312794e+09
 7.04100000e+02  7.32903600e+16  7.67158977e+15  3.94613833e+10  6.21672842e+09  1.67502071e+12  9.96312794e+09
 7.04800000e+02  7.55007646e+16  9.66935014e+15  4.06515210e+10  7.83562803e+09  1.67502071e+12  9.96312794e+09
 7.05500000e+02  7.76403491e+16  1.16406636e+16  4.18035274e+10  9.43309620e+09  1.67502071e+12  9.96312794e+09
 7.06200000e+02  7.97113825e+16  1.35845811e+16  4.29186242e+10  1.10083638e+10  1.67502071e+12  9.96312794e+09
 7.06900000e+02  8.17160610e+16  1.55002697e+16  4.39979938e+10  1.25607560e+10  1.67502071e+12  9.96312794e+09
 7.07600000e+02  8.36565107e+16  1.73870052e+16  4.50427810e+10  1.40896858e+10  1.67502071e+12  9.96312794e+09
 7.08300000e+02  8.55347895e+16  1.92441645e+16  4.60540938e+10  1.55946483e+10  1.67502071e+12  9.96312794e+09
 7.09000000e+02  8.73528892e+16  2.10712184e+16  4.70330046e+10  1.70752147e+10  1.67502071e+12  9.96312794e+09
 7.09000000e+02  8.73528892e+16  2.10712184e+16  4.70330046e+10  1.70752147e+10  1.69261100e+12  9.95316481e+09
 7.09025000e+02  8.72513569e+16  2.11358117e+16  4.69783371e+10  1.71275583e+10  1.69261100e+12  9.95316481e+09
 7.09050000e+02  8.71499427e+16  2.12001740e+16  4.69237331e+10  1.71797148e+10  1.69261100e+12  9.95316481e+09
 7.09075000e+02  8.70486464e+16  2.12643060e+16  4.68691926e+10  1.72316846e+10  1.69261100e+12  9.95316481e+09
 7.09100000e+02  8.69474678e+16  2.13282082e+16  4.68147155e+10  1.72834682e+10  1.69261100e+12  9.95316481e+09
 7.09125000e+02  8.68464068e+16  2.13918812e+16  4.67603017e+10  1.73350661e+10  1.69261100e+12  9.95316481e+09
 7.09150000e+02  8.67454632e+16  2.14553254e+16  4.67059511e+10  1.73864786e+10  1.69261100e+12  9.95316481e+09
 7.09175000e+02  8.66446370e+16  2.15185415e+16  4.66516638e+10  1.74377062e+10  1.69261100e+12  9.95316481e+09
 7.09200000e+02  8.65439280e+16  2.15815299e+16  4.65974395e+10  1.74887493e+10  1.69261100e+12  9.95316481e+09
 7.09225000e+02  8.64433360e+16  2.16442912e+16  4.65432782e+10  1.75396084e+10  1.69261100e+12  9.95316481e+09
 7.09250000e+02  8.63428610e+16  2.17068259e+16  4.64891799e+10  1.75902838e+10  1.69261100e+12  9.95316481e+09
 7.09250000e+02  8.63428610e+16  0.00000000e+00  4.64891799e+10  0.00000000e+00  1.70520386e+12  9.94321165e+09
 7.09775000e+02  8.42596544e+16  2.04523138e+15  4.53675288e+10  1.65736808e+09  1.70520386e+12  9.94321165e+09
 7.10300000e+02  8.22267096e+16  3.96730387e+15  4.42729399e+10  3.21493347e+09  1.70520386e+12  9.94321165e+09
 7.10825000e+02  8.02428140e+16  5.77185290e+15  4.32047603e+10  4.67726286e+09  1.70520386e+12  9.94321165e+09
 7.11350000e+02  7.83067841e+16  7.46428178e+15  4.21623529e+10  6.04873488e+09  1.70520386e+12  9.94321165e+09
 7.11875000e+02  7.64174650e+16  9.04977079e+15  4.11450957e+10  7.33354741e+09  1.70520386e+12  9.94321165e+09
 7.12400000e+02  7.45737299e+16  1.05332859e+16  4.01523821e+10  8.53572463e+09  1.70520386e+12  9.94321165e+09
 7.12925000e+02  7.27744788e+16  1.19195871e+16  3.91836198e+10  9.65912390e+09  1.70520386e+12  9.94321165e+09
 7.13450000e+02  7.10186385e+16  1.32132367e+16  3.82382310e+10  1.07074422e+10  1.70520386e+12  9.94321165e+09
 7.13975000e+02  6.93051616e+16  1.44186067e+16  3.73156517e+10  1.16842226e+10  1.70520386e+12  9.94321165e+09
 7.14500000e+02  6.76330260e+16  1.55398868e+16  3.64153316e+10  1.25928600e+10  1.70520386e+12  9.94321165e+09
 7.14500000e+02  6.76330260e+16  0.00000000e+00  3.64153316e+10  0.00000000e+00  1.70520386e+12  9.94321165e+09
 7.14550000e+02  6.74758946e+16  1.56856594e+14  3.63307281e+10  1.27109879e+08  1.70520386e+12  9.94321165e+09
 7.14600000e+02  6.73191283e+16  3.12800609e+14  3.62463211e+10  2.53480243e+08  1.70520386e+12  9.94321165e+09
 7.14650000e+02  6.71627261e+16  4.67836082e+14  3.61621102e+10  3.79114362e+08  1.70520386e+12  9.94321165e+09
 7.14700000e+02  6.70066873e+16  6.21967031e+14  3.60780950e+10  5.04015495e+08  1.70520386e+12  9.94321165e+09
 7.14750000e+02  6.68510111e+16  7.75197461e+14  3.59942750e+10  6.28186885e+08  1.70520386e+12  9.94321165e+09
 7.14800000e+02  6.66956965e+16  9.27531359e+14  3.59106497e+10  7.51631765e+08  1.70520386e+12  9.94321165e+09
 7.14850000e+02  6.65407428e+16  1.07897270e+15  3.58272187e+10  8.74353352e+08  1.70520386e+12  9.94321165e+09
 7.14900000e+02  6.63861491e+16  1.22952543e+15  3.57439815e+10  9.96354852e+08  1.70520386e+12  9.94321165e+09
 7.14950000e+02  6.62319145e+16  1.37919350e+15  3.56609377e+10  1.11763946e+09  1.70520386e+12  9.94321165e+09
 7.15000000e+02  6.60780383e+16  1.52798083e+15  3.55780869e+10  1.23821035e+09  1.70520386e+12  9.94321165e+09
 7.15000000e+02  6.60780383e+16  1.52798083e+15  3.55780869e+10  1.23821035e+09  1.70520386e+12  9.94321165e+09
 7.15700000e+02  6.85104093e+16  3.59395808e+15  3.68877369e+10  2.91239000e+09  1.70520386e+12  9.94321165e+09
 7.16400000e+02  7.08648484e+16  5.63716498e+15  3.81554265e+10  4.56811754e+09  1.70520386e+12  9.94321165e+09
 7.17100000e+02  7.31438525e+16  7.65625426e+15  3.93825000e+10  6.20430118e+09  1.70520386e+12  9.94321165e+09
 7.17800000e+02  7.53498386e+16  9.65002111e+15  4.05702587e+10  7.81996461e+09  1.70520386e+12  9.94321165e+09
 7.18500000e+02  7.74851461e+16  1.16173939e+16  4.17199622e+10  9.41423944e+09  1.70520386e+12  9.94321165e+09
 7.19200000e+02  7.95520394e+16  1.35574255e+16  4.28328298e+10  1.09863581e+10  1.70520386e+12  9.94321165e+09
 7.19900000e+02  8.15527106e+16  1.54692847e+16  4.39100418e+10  1.25356470e+10  1.70520386e+12  9.94321165e+09
 7.20600000e+02  8.34892814e+16  1.73522486e+16  4.49527405e+10  1.40615205e+10  1.70520386e+12  9.94321165e+09
 7.21300000e+02  8.53638054e+16  1.92056954e+16  4.59620316e+10  1.55634746e+10  1.70520386e+12  9.94321165e+09
 7.22000000e+02  8.71782708e+16  2.10290971e+16  4.69389857e+10  1.70410814e+10  1.70520386e+12  9.94321165e+09
 7.22000000e+02  8.71782708e+16  2.10290971e+16  4.69389857e+10  1.70410814e+10  1.72275898e+12  9.93326843e+09
 7.22025000e+02  8.70769415e+16  2.10935612e+16  4.68844274e+10  1.70933203e+10  1.72275898e+12  9.93326843e+09
 7.22050000e+02  8.69757300e+16  2.11577948e+16  4.68299326e+10  1.71453725e+10  1.72275898e+12  9.93326843e+09
 7.22075000e+02  8.68746361e+16  2.12217986e+16  4.67755011e+10  1.71972385e+10  1.72275898e+12  9.93326843e+09
 7.22100000e+02  8.67736598e+16  2.12855731e+16  4.67211329e+10  1.72489186e+10  1.72275898e+12  9.93326843e+09
 7.22125000e+02  8.66728008e+16  2.13491188e+16  4.66668278e+10  1.73004133e+10  1.72275898e+12  9.93326843e+09
 7.22150000e+02  8.65720590e+16  2.14124362e+16  4.66125859e+10  1.73517230e+10  1.72275898e+12  9.93326843e+09
 7.22175000e+02  8.64714344e+16  2.14755259e+16  4.65584071e+10  1.74028482e+10  1.72275898e+12  9.93326843e+09
 7.22200000e+02  8.63709267e+16  2.15383884e+16  4.65042912e+10  1.74537893e+10  1.72275898e+12  9.93326843e+09
 7.22225000e+02  8.62705358e+16  2.16010242e+16  4.64502382e+10  1.75045467e+10  1.72275898e+12  9.93326843e+09
 7.22250000e+02  8.61702616e+16  2.16634340e+16  4.63962480e+10  1.75551208e+10  1.72275898e+12  9.93326843e+09
 7.22250000e+02  8.61702616e+16  0.00000000e+00  4.63962480e+10  0.00000000e+00  1.73532666e+12  9.92333517e+09
 7.22775000e+02  8.40912193e+16  2.04114296e+15  4.52768391e+10  1.65405501e+09  1.73532666e+12  9.92333517e+09
 7.23300000e+02  8.20623384e+16  3.95937323e+15  4.41844383e+10  3.20850682e+09  1.73532666e+12  9.92333517e+09
 7.23825000e+02  8.00824086e+16  5.76031496e+15  4.31183940e+10  4.66791301e+09  1.73532666e+12  9.92333517e+09
 7.24350000e+02  7.81502488e+16  7.44936068e+15  4.20780703e+10  6.03664346e+09  1.73532666e+12  9.92333517e+09
 7.24875000e+02  7.62647065e+16  9.03168030e+15  4.10628467e+10  7.31888764e+09  1.73532666e+12  9.92333517e+09
 7.25400000e+02  7.44246570e+16  1.05122299e+16  4.00721175e+10  8.51866172e+09  1.73532666e+12  9.92333517e+09
 7.25925000e+02  7.26290026e+16  1.18957599e+16  3.91052918e+10  9.63981531e+09  1.73532666e+12  9.92333517e+09
 7.26450000e+02  7.08766722e+16  1.31868235e+16  3.81617928e+10  1.06860380e+10  1.73532666e+12  9.92333517e+09
 7.26975000e+02  6.91666206e+16  1.43897840e+16  3.72410577e+10  1.16608658e+10  1.73532666e+12  9.92333517e+09
 7.27500000e+02  6.74978276e+16  1.55088225e+16  3.63425374e+10  1.25676868e+10  1.73532666e+12  9.92333517e+09
 7.27500000e+02  6.74978276e+16  0.00000000e+00  3.63425374e+10  0.00000000e+00  1.73532666e+12  9.92333517e+09
 7.27550000e+02  6.73410103e+16  1.56543038e+14  3.62581030e+10  1.26855786e+08  1.73532666e+12  9.92333517e+09
 7.27600000e+02  6.71845573e+16  3.12175321e+14  3.61738647e+10  2.52973536e+08  1.73532666e+12  9.92333517e+09
 7.27650000e+02  6.70284678e+16  4.66900877e+14  3.60898222e+10  3.78356513e+08  1.73532666e+12  9.92333517e+09
 7.27700000e+02  6.68727410e+16  6.20723719e+14  3.60059749e+10  5.03007968e+08  1.73532666e+12  9.92333517e+09
 7.27750000e+02  6.67173759e+16  7.73647841e+14  3.59223224e+10  6.26931140e+08  1.73532666e+12  9.92333517e+09
 7.27800000e+02  6.65623718e+16  9.25677224e+14  3.58388643e+10  7.50129253e+08  1.73532666e+12  9.92333517e+09
 7.27850000e+02  6.64077279e+16  1.07681583e+15  3.57556001e+10  8.72605519e+08  1.73532666e+12  9.92333517e+09
 7.27900000e+02  6.62534432e+16  1.22706761e+15  3.56725293e+10  9.94363139e+08  1.73532666e+12  9.92333517e+09
 7.27950000e+02  6.60995169e+16  1.37643649e+15  3.55896515e+10  1.11540530e+09  1.73532666e+12  9.92333517e+09
 7.28000000e+02  6.59459483e+16  1.52492640e+15  3.55069663e+10  1.23573517e+09  1.73532666e+12  9.92333517e+09
 7.28000000e+02  6.59459483e+16  1.52492640e+15  3.55069663e+10  1.23573517e+09  1.73532666e+12  9.92333517e+09
 7.28700000e+02  6.83734570e+16  3.58677375e+15  3.68139984e+10  2.90656813e+09  1.73532666e+12  9.92333517e+09
 7.29400000e+02  7.07231895e+16  5.62589629e+15  3.80791538e+10  4.55898587e+09  1.73532666e+12  9.92333517e+09
 7.30100000e+02  7.29976380e+16  7.64094941e+15  3.93037743e+10  6.19189878e+09  1.73532666e+12  9.92333517e+09
 7.30800000e+02  7.51992143e+16  9.63073072e+15  4.04891587e+10  7.80433250e+09  1.73532666e+12  9.92333517e+09
 7.31500000e+02  7.73302532e+16  1.15941708e+16  4.16365640e+10  9.39542037e+09  1.73532666e+12  9.92333517e+09
 7.32200000e+02  7.93930149e+16  1.35303242e+16  4.27472070e+10  1.09643964e+10  1.73532666e+12  9.92333517e+09
 7.32900000e+02  8.13896867e+16  1.54383616e+16  4.38222656e+10  1.25105883e+10  1.73532666e+12  9.92333517e+09
 7.33600000e+02  8.33223863e+16  1.73175615e+16  4.48628799e+10  1.40334116e+10  1.73532666e+12  9.92333517e+09
 7.34300000e+02  8.51931632e+16  1.91673032e+16  4.58701535e+10  1.55323632e+10  1.73532666e+12  9.92333517e+09
 7.35000000e+02  8.70040014e+16  2.09870599e+16  4.68451546e+10  1.70070162e+10  1.73532666e+12  9.92333517e+09
 7.35000000e+02  8.70040014e+16  2.09870599e+16  4.68451546e+10  1.70070162e+10  1.75284669e+12  9.91341183e+09
 7.35025000e+02  8.69028747e+16  2.10513951e+16  4.67907054e+10  1.70591507e+10  1.75284669e+12  9.91341183e+09
 7.35050000e+02  8.68018655e+16  2.11155004e+16  4.67363196e+10  1.71110989e+10  1.75284669e+12  9.91341183e+09
 7.35075000e+02  8.67009737e+16  2.11793763e+16  4.66819969e+10  1.71628612e+10  1.75284669e+12  9.91341183e+09
 7.35100000e+02  8.66001992e+16  2.12430233e+16  4.66277373e+10  1.72144380e+10  1.75284669e+12  9.91341183e+09
 7.35125000e+02  8.64995419e+16  2.13064419e+16  4.65735409e+10  1.72658297e+10  1.75284669e+12  9.91341183e+09
 7.35150000e+02  8.63990015e+16  2.13696327e+16  4.65194074e+10  1.73170369e+10  1.75284669e+12  9.91341183e+09
 7.35175000e+02  8.62985780e+16  2.14325963e+16  4.64653368e+10  1.73680599e+10  1.75284669e+12  9.91341183e+09
 7.35200000e+02  8.61982712e+16  2.14953332e+16  4.64113291e+10  1.74188991e+10  1.75284669e+12  9.91341183e+09
 7.35225000e+02  8.60980810e+16  2.15578438e+16  4.63573842e+10  1.74695551e+10  1.75284669e+12  9.91341183e+09
 7.35250000e+02  8.59980072e+16  2.16201288e+16  4.63035019e+10  1.75200282e+10  1.75284669e+12  9.91341183e+09
 7.35250000e+02  8.59980072e+16  0.00000000e+00  4.63035019e+10  0.00000000e+00  1.76538926e+12  9.90349842e+09
 7.35775000e+02  8.39231210e+16  2.03706272e+15  4.51863307e+10  1.65074855e+09  1.76538926e+12  9.90349842e+09
 7.36300000e+02  8.18982958e+16  3.95145844e+15  4.40961136e+10  3.20209301e+09  1.76538926e+12  9.90349842e+09
 7.36825000e+02  7.99223238e+16  5.74880009e+15  4.30322003e+10  4.65858186e+09  1.76538926e+12  9.90349842e+09
 7.37350000e+02  7.79940265e+16  7.43446941e+15  4.19939563e+10  6.02457621e+09  1.76538926e+12  9.90349842e+09
 7.37875000e+02  7.61122534e+16  9.01362597e+15  4.09807621e+10  7.30425719e+09  1.76538926e+12  9.90349842e+09
 7.38400000e+02  7.42758821e+16  1.04912159e+16  3.99920133e+10  8.50163291e+09  1.76538926e+12  9.90349842e+09
 7.38925000e+02  7.24838172e+16  1.18719803e+16  3.90271203e+10  9.62054532e+09  1.76538926e+12  9.90349842e+09
 7.39450000e+02  7.07349898e+16  1.31604630e+16  3.80855073e+10  1.06646766e+10  1.76538926e+12  9.90349842e+09
 7.39975000e+02  6.90283565e+16  1.43610188e+16  3.71666128e+10  1.16375557e+10  1.76538926e+12  9.90349842e+09
 7.40500000e+02  6.73628995e+16  1.54778204e+16  3.62698886e+10  1.25425640e+10  1.76538926e+12  9.90349842e+09
 7.40500000e+02  6.73628995e+16  0.00000000e+00  3.62698886e+10  0.00000000e+00  1.76538926e+12  9.90349842e+09
 7.40550000e+02  6.72063956e+16  1.56230108e+14  3.61856230e+10  1.26602201e+08  1.76538926e+12  9.90349842e+09
 7.40600000e+02  6.70502554e+16  3.11551282e+14  3.61015532e+10  2.52467842e+08  1.76538926e+12  9.90349842e+09
 7.40650000e+02  6.68944779e+16  4.65967542e+14  3.60176786e+10  3.77600178e+08  1.76538926e+12  9.90349842e+09
 7.40700000e+02  6.67390624e+16  6.19482892e+14  3.59339990e+10  5.02002455e+08  1.76538926e+12  9.90349842e+09
 7.40750000e+02  6.65840079e+16  7.72101319e+14  3.58505137e+10  6.25677904e+08  1.76538926e+12  9.90349842e+09
 7.40800000e+02  6.64293136e+16  9.23826795e+14  3.57672224e+10  7.48629744e+08  1.76538926e+12  9.90349842e+09
 7.40850000e+02  6.62749788e+16  1.07466328e+15  3.56841246e+10  8.70861181e+08  1.76538926e+12  9.90349842e+09
 7.40900000e+02  6.61210025e+16  1.22461470e+15  3.56012199e+10  9.92375407e+08  1.76538926e+12  9.90349842e+09
 7.40950000e+02  6.59673840e+16  1.37368500e+15  3.55185078e+10  1.11317560e+09  1.76538926e+12  9.90349842e+09
 7.41000000e+02  6.58141223e+16  1.52187807e+15  3.54359879e+10  1.23326494e+09  1.76538926e+12  9.90349842e+09
 7.41000000e+02  6.58141223e+16  1.52187807e+15  3.54359879e+10  1.23326494e+09  1.76538926e+12  9.90349842e+09
 7.41700000e+02  6.82367784e+16  3.57960379e+15  3.67404072e+10  2.90075790e+09  1.76538926e+12  9.90349842e+09
 7.42400000e+02  7.05818139e+16  5.61465012e+15  3.80030336e+10  4.54987246e+09  1.76538926e+12  9.90349842e+09
 7.43100000e+02  7.28517157e+16  7.62567515e+15  3.92252061e+10  6.17952117e+09  1.76538926e+12  9.90349842e+09
 7.43800000e+02  7.50488910e+16  9.61147889e+15  4.04082209e+10  7.78873164e+09  1.76538926e+12  9.90349842e+09
 7.44500000e+02  7.71756701e+16  1.15709940e+16  4.15533325e+10  9.37663893e+09  1.76538926e+12  9.90349842e+09
 7.45200000e+02  7.92343082e+16  1.35032771e+16  4.26617553e+10  1.09424785e+10  1.76538926e+12  9.90349842e+09
 7.45900000e+02  8.12269887e+16  1.54075003e+16  4.37346649e+10  1.24855796e+10  1.76538926e+12  9.90349842e+09
 7.46600000e+02  8.31558248e+16  1.72829437e+16  4.47731991e+10  1.40053588e+10  1.76538926e+12  9.90349842e+09
 7.47300000e+02  8.50228621e+16  1.91289878e+16  4.57784591e+10  1.55013140e+10  1.76538926e+12  9.90349842e+09
 7.48000000e+02  8.68300804e+16  2.09451068e+16  4.67515112e+10  1.69730192e+10  1.76538926e+12  9.90349842e+09
 7.48000000e+02  8.68300804e+16  2.09451068e+16  4.67515112e+10  1.69730192e+10  1.78287426e+12  9.89359492e+09
 7.48025000e+02  8.67291558e+16  2.10093134e+16  4.66971708e+10  1.70250495e+10  1.78287426e+12  9.89359492e+09
 7.48050000e+02  8.66283486e+16  2.10732905e+16  4.66428936e+10  1.70768938e+10  1.78287426e+12  9.89359492e+09
 7.48075000e+02  8.65276585e+16  2.11370387e+16  4.65886796e+10  1.71285526e+10  1.78287426e+12  9.89359492e+09
 7.48100000e+02  8.64270854e+16  2.12005584e+16  4.65345285e+10  1.71800263e+10  1.78287426e+12  9.89359492e+09
 7.48125000e+02  8.63266293e+16  2.12638503e+16  4.64804404e+10  1.72313154e+10  1.78287426e+12  9.89359492e+09
 7.48150000e+02  8.62262899e+16  2.13269148e+16  4.64264151e+10  1.72824201e+10  1.78287426e+12  9.89359492e+09
 7.48175000e+02  8.61260671e+16  2.13897526e+16  4.63724526e+10  1.73333411e+10  1.78287426e+12  9.89359492e+09
 7.48200000e+02  8.60259608e+16  2.14523640e+16  4.63185529e+10  1.73840788e+10  1.78287426e+12  9.89359492e+09
 7.48225000e+02  8.59259709e+16  2.15147497e+16  4.62647158e+10  1.74346335e+10  1.78287426e+12  9.89359492e+09
 7.48250000e+02  8.58260972e+16  2.15769101e+16  4.62109412e+10  1.74850056e+10  1.78287426e+12  9.89359492e+09
 7.48250000e+02  8.58260972e+16  0.00000000e+00  4.62109412e+10  0.00000000e+00  1.79539175e+12  9.88370132e+09
 7.48775000e+02  8.37553587e+16  2.03299063e+15  4.50960032e+10  1.64744870e+09  1.79539175e+12  9.88370132e+09
 7.49300000e+02  8.17345811e+16  3.94355948e+15  4.40079655e+10  3.19569203e+09  1.79539175e+12  9.88370132e+09
 7.49825000e+02  7.97625591e+16  5.73730824e+15  4.29461790e+10  4.64926935e+09  1.79539175e+12  9.88370132e+09
 7.50350000e+02  7.78381164e+16  7.41960790e+15  4.19100103e+10  6.01253308e+09  1.79539175e+12  9.88370132e+09
 7.50875000e+02  7.59601050e+16  8.99560773e+15  4.08988415e+10  7.28965598e+09  1.79539175e+12  9.88370132e+09
 7.51400000e+02  7.41274046e+16  1.04702440e+16  3.99120693e+10  8.48463815e+09  1.79539175e+12  9.88370132e+09
 7.51925000e+02  7.23389221e+16  1.18482482e+16  3.89491051e+10  9.60131385e+09  1.79539175e+12  9.88370132e+09
 7.52450000e+02  7.05935905e+16  1.31341552e+16  3.80093744e+10  1.06433580e+10  1.79539175e+12  9.88370132e+09
 7.52975000e+02  6.88903688e+16  1.43323111e+16  3.70923168e+10  1.16142923e+10  1.79539175e+12  9.88370132e+09
 7.53500000e+02  6.72282410e+16  1.54468802e+16  3.61973851e+10  1.25174914e+10  1.79539175e+12  9.88370132e+09
 7.53500000e+02  6.72282410e+16  0.00000000e+00  3.61973851e+10  0.00000000e+00  1.79539175e+12  9.88370132e+09
 7.53550000e+02  6.70720500e+16  1.55917804e+14  3.61132879e+10  1.26349124e+08  1.79539175e+12  9.88370132e+09
 7.53600000e+02  6.69162219e+16  3.10928491e+14  3.60293862e+10  2.51963158e+08  1.79539175e+12  9.88370132e+09
 7.53650000e+02  6.67607559e+16  4.65036073e+14  3.59456793e+10  3.76845355e+08  1.79539175e+12  9.88370132e+09
 7.53700000e+02  6.66056510e+16  6.18244546e+14  3.58621669e+10  5.00998952e+08  1.79539175e+12  9.88370132e+09
 7.53750000e+02  6.64509065e+16  7.70557888e+14  3.57788485e+10  6.24427174e+08  1.79539175e+12  9.88370132e+09
 7.53800000e+02  6.62965214e+16  9.21980065e+14  3.56957237e+10  7.47133233e+08  1.79539175e+12  9.88370132e+09
 7.53850000e+02  6.61424951e+16  1.07251502e+15  3.56127921e+10  8.69120329e+08  1.79539175e+12  9.88370132e+09
 7.53900000e+02  6.59888266e+16  1.22216670e+15  3.55300531e+10  9.90391648e+08  1.79539175e+12  9.88370132e+09
 7.53950000e+02  6.58355152e+16  1.37093900e+15  3.54475063e+10  1.11095036e+09  1.79539175e+12  9.88370132e+09
 7.54000000e+02  6.56825599e+16  1.51883584e+15  3.53651513e+10  1.23079964e+09  1.79539175e+12  9.88370132e+09
 7.54000000e+02  6.56825599e+16  1.51883584e+15  3.53651513e+10  1.23079964e+09  1.79539175e+12  9.88370132e+09
 7.54700000e+02  6.81003731e+16  3.57244817e+15  3.66669631e+10  2.89495929e+09  1.79539175e+12  9.88370132e+09
 7.55400000e+02  7.04407208e+16  5.60342644e+15  3.79270655e+10  4.54077726e+09  1.79539175e+12  9.88370132e+09
 7.56100000e+02  7.27060851e+16  7.61043143e+15  3.91467949e+10  6.16716831e+09  1.79539175e+12  9.88370132e+09
 7.56800000e+02  7.48988683e+16  9.59226554e+15  4.03274448e+10  7.77316196e+09  1.79539175e+12  9.88370132e+09
 7.57500000e+02  7.70213959e+16  1.15478636e+16  4.14702674e+10  9.35789503e+09  1.79539175e+12  9.88370132e+09
 7.58200000e+02  7.90759189e+16  1.34762840e+16  4.25764745e+10  1.09206045e+10  1.79539175e+12  9.88370132e+09
 7.58900000e+02  8.10646160e+16  1.53767007e+16  4.36472393e+10  1.24606209e+10  1.79539175e+12  9.88370132e+09
 7.59600000e+02  8.29895963e+16  1.72483951e+16  4.46836974e+10  1.39773621e+10  1.79539175e+12  9.88370132e+09
 7.60300000e+02  8.48529014e+16  1.90907489e+16  4.56869480e+10  1.54703269e+10  1.79539175e+12  9.88370132e+09
 7.61000000e+02  8.66565071e+16  2.09032375e+16  4.66580549e+10  1.69390901e+10  1.79539175e+12  9.88370132e+09
 7.61000000e+02  8.66565071e+16  2.09032375e+16  4.66580549e+10  1.69390901e+10  1.81284181e+12  9.87381762e+09
 7.61025000e+02  8.65557842e+16  2.09673158e+16  4.66038232e+10  1.69910164e+10  1.81284181e+12  9.87381762e+09
 7.61050000e+02  8.64551785e+16  2.10311650e+16  4.65496545e+10  1.70427571e+10  1.81284181e+12  9.87381762e+09
 7.61075000e+02  8.63546897e+16  2.10947858e+16  4.64955488e+10  1.70943127e+10  1.81284181e+12  9.87381762e+09
 7.61100000e+02  8.62543177e+16  2.11581785e+16  4.64415060e+10  1.71456834e+10  1.81284181e+12  9.87381762e+09
 7.61125000e+02  8.61540623e+16  2.12213439e+16  4.63875260e+10  1.71968700e+10  1.81284181e+12  9.87381762e+09
 7.61150000e+02  8.60539235e+16  2.12842823e+16  4.63336087e+10  1.72478726e+10  1.81284181e+12  9.87381762e+09
 7.61175000e+02  8.59539011e+16  2.13469944e+16  4.62797541e+10  1.72986918e+10  1.81284181e+12  9.87381762e+09
 7.61200000e+02  8.58539949e+16  2.14094807e+16  4.62259621e+10  1.73493280e+10  1.81284181e+12  9.87381762e+09
 7.61225000e+02  8.57542049e+16  2.14717417e+16  4.61722326e+10  1.73997816e+10  1.81284181e+12  9.87381762e+09
 7.61250000e+02  8.56545309e+16  2.15337779e+16  4.61185656e+10  1.74500531e+10  1.81284181e+12  9.87381762e+09
 7.61250000e+02  8.56545309e+16  0.00000000e+00  4.61185656e+10  0.00000000e+00  1.82533428e+12  9.86394381e+09
 7.61775000e+02  8.35879317e+16  2.02892668e+15  4.50058563e+10  1.64415545e+09  1.82533428e+12  9.86394381e+09
 7.62300000e+02  8.15711937e+16  3.93567630e+15  4.39199936e+10  3.18930384e+09  1.82533428e+12  9.86394381e+09
 7.62825000e+02  7.96031138e+16  5.72583936e+15  4.28603296e+10  4.63997546e+09  1.82533428e+12  9.86394381e+09
 7.63350000e+02  7.76825180e+16  7.40477611e+15  4.18262322e+10  6.00051403e+09  1.82533428e+12  9.86394381e+09
 7.63875000e+02  7.58082607e+16  8.97762551e+15  4.08170847e+10  7.27508396e+09  1.82533428e+12  9.86394381e+09
 7.64400000e+02  7.39792239e+16  1.04493140e+16  3.98322851e+10  8.46767736e+09  1.82533428e+12  9.86394381e+09
 7.64925000e+02  7.21943166e+16  1.18245635e+16  3.88712458e+10  9.58212082e+09  1.82533428e+12  9.86394381e+09
 7.65450000e+02  7.04524739e+16  1.31079000e+16  3.79333937e+10  1.06220819e+10  1.82533428e+12  9.86394381e+09
 7.65975000e+02  6.87526570e+16  1.43036608e+16  3.70181692e+10  1.15910753e+10  1.82533428e+12  9.86394381e+09
 7.66500000e+02  6.70938518e+16  1.54160019e+16  3.61250266e+10  1.24924690e+10  1.82533428e+12  9.86394381e+09
 7.66500000e+02  6.70938518e+16  0.00000000e+00  3.61250266e+10  0.00000000e+00  1.82533428e+12  9.86394381e+09
 7.66550000e+02  6.69379730e+16  1.55606124e+14  3.60410975e+10  1.26096552e+08  1.82533428e+12  9.86394381e+09
 7.66600000e+02  6.67824564e+16  3.10306945e+14  3.59573634e+10  2.51459484e+08  1.82533428e+12  9.86394381e+09
 7.66650000e+02  6.66273011e+16  4.64106466e+14  3.58738239e+10  3.76092041e+08  1.82533428e+12  9.86394381e+09
 7.66700000e+02  6.64725063e+16  6.17008675e+14  3.57904784e+10  4.99997455e+08  1.82533428e+12  9.86394381e+09
 7.66750000e+02  6.63180711e+16  7.69017543e+14  3.57073266e+10  6.23178944e+08  1.82533428e+12  9.86394381e+09
 7.66800000e+02  6.61639947e+16  9.20137027e+14  3.56243680e+10  7.45639714e+08  1.82533428e+12  9.86394381e+09
 7.66850000e+02  6.60102763e+16  1.07037107e+15  3.55416021e+10  8.67382958e+08  1.82533428e+12  9.86394381e+09
 7.66900000e+02  6.58569150e+16  1.21972359e+15  3.54590285e+10  9.88411855e+08  1.82533428e+12  9.86394381e+09
 7.66950000e+02  6.57039100e+16  1.36819849e+15  3.53766468e+10  1.10872957e+09  1.82533428e+12  9.86394381e+09
 7.67000000e+02  6.55512605e+16  1.51579969e+15  3.52944564e+10  1.22833927e+09  1.82533428e+12  9.86394381e+09
 7.67000000e+02  6.55512605e+16  1.51579969e+15  3.52944564e+10  1.22833927e+09  1.82533428e+12  9.86394381e+09
 7.67700000e+02  6.79642405e+16  3.56530684e+15  3.65936658e+10  2.88917226e+09  1.82533428e+12  9.86394381e+09
 7.68400000e+02  7.02999098e+16  5.59222519e+15  3.78512493e+10  4.53170025e+09  1.82533428e+12  9.86394381e+09
 7.69100000e+02  7.25607456e+16  7.59521817e+15  3.90685405e+10  6.15484014e+09  1.82533428e+12  9.86394381e+09
 7.69800000e+02  7.47491455e+16  9.57309060e+15  4.02468303e+10  7.75762341e+09  1.82533428e+12  9.86394381e+09
 7.70500000e+02  7.68674301e+16  1.15247794e+16  4.13873683e+10  9.33918859e+09  1.82533428e+12  9.86394381e+09
 7.71200000e+02  7.89178461e+16  1.34493449e+16  4.24913641e+10  1.08987742e+10  1.82533428e+12  9.86394381e+09
 7.71900000e+02  8.09025678e+16  1.53459627e+16  4.35599885e+10  1.24357122e+10  1.82533428e+12  9.86394381e+09
 7.72600000e+02  8.28237001e+16  1.72139155e+16  4.45943747e+10  1.39494213e+10  1.82533428e+12  9.86394381e+09
 7.73300000e+02  8.46832804e+16  1.90525865e+16  4.55956198e+10  1.54394017e+10  1.82533428e+12  9.86394381e+09
 7.74000000e+02  8.64832807e+16  2.08614519e+16  4.65647854e+10  1.69052289e+10  1.82533428e+12  9.86394381e+09
 7.74000000e+02  8.64832807e+16  2.08614519e+16  4.65647854e+10  1.69052289e+10  1.84274945e+12  9.85407986e+09
 7.74025000e+02  8.63827592e+16  2.09254021e+16  4.65106621e+10  1.69570514e+10  1.84274945e+12  9.85407986e+09
 7.74050000e+02  8.62823546e+16  2.09891237e+16  4.64566017e+10  1.70086887e+10  1.84274945e+12  9.85407986e+09
 7.74075000e+02  8.61820667e+16  2.10526173e+16  4.64026042e+10  1.70601411e+10  1.84274945e+12  9.85407986e+09
 7.74100000e+02  8.60818953e+16  2.11158833e+16  4.63486694e+10  1.71114092e+10  1.84274945e+12  9.85407986e+09
 7.74125000e+02  8.59818404e+16  2.11789224e+16  4.62947973e+10  1.71624934e+10  1.84274945e+12  9.85407986e+09
 7.74150000e+02  8.58819017e+16  2.12417351e+16  4.62409878e+10  1.72133941e+10  1.84274945e+12  9.85407986e+09
 7.74175000e+02  8.57820793e+16  2.13043218e+16  4.61872409e+10  1.72641117e+10  1.84274945e+12  9.85407986e+09
 7.74200000e+02  8.56823728e+16  2.13666832e+16  4.61335564e+10  1.73146467e+10  1.84274945e+12  9.85407986e+09
 7.74225000e+02  8.55827823e+16  2.14288197e+16  4.60799343e+10  1.73649995e+10  1.84274945e+12  9.85407986e+09
 7.74250000e+02  8.54833075e+16  2.14907319e+16  4.60263746e+10  1.74151704e+10  1.84274945e+12  9.85407986e+09
 7.74250000e+02  8.54833075e+16  0.00000000e+00  4.60263746e+10  0.00000000e+00  1.85521694e+12  9.84422578e+09
 7.74775000e+02  8.34208394e+16  2.02487086e+15  4.49158896e+10  1.64086879e+09  1.85521694e+12  9.84422578e+09
 7.75300000e+02  8.14081328e+16  3.92780888e+15  4.38321975e+10  3.18292842e+09  1.85521694e+12  9.84422578e+09
 7.75825000e+02  7.94439871e+16  5.71439341e+15  4.27746518e+10  4.63070015e+09  1.85521694e+12  9.84422578e+09
 7.76350000e+02  7.75272306e+16  7.38997396e+15  4.17426216e+10  5.98851900e+09  1.85521694e+12  9.84422578e+09
 7.76875000e+02  7.56567200e+16  8.95967924e+15  4.07354914e+10  7.26054106e+09  1.85521694e+12  9.84422578e+09
 7.77400000e+02  7.38313395e+16  1.04284258e+16  3.97526603e+10  8.45075047e+09  1.85521694e+12  9.84422578e+09
 7.77925000e+02  7.20500001e+16  1.18009262e+16  3.87935422e+10  9.56296616e+09  1.85521694e+12  9.84422578e+09
 7.78450000e+02  7.03116394e+16  1.30816974e+16  3.78575648e+10  1.06008483e+10  1.85521694e+12  9.84422578e+09
 7.78975000e+02  6.86152204e+16  1.42750678e+16  3.69441699e+10  1.15679047e+10  1.85521694e+12  9.84422578e+09
 7.79500000e+02  6.69597312e+16  1.53851853e+16  3.60528126e+10  1.24674965e+10  1.85521694e+12  9.84422578e+09
 7.79500000e+02  6.69597312e+16  0.00000000e+00  3.60528126e+10  0.00000000e+00  1.85521694e+12  9.84422578e+09
 7.79550000e+02  6.68041640e+16  1.55295068e+14  3.59690513e+10  1.25844485e+08  1.85521694e+12  9.84422578e+09
 7.79600000e+02  6.66489583e+16  3.09686642e+14  3.58854846e+10  2.50956816e+08  1.85521694e+12  9.84422578e+09
 7.79650000e+02  6.64941131e+16  4.63178717e+14  3.58021121e+10  3.75340233e+08  1.85521694e+12  9.84422578e+09
 7.79700000e+02  6.63396277e+16  6.15775275e+14  3.57189333e+10  4.98997960e+08  1.85521694e+12  9.84422578e+09
 7.79750000e+02  6.61855013e+16  7.67480277e+14  3.56359477e+10  6.21933210e+08  1.85521694e+12  9.84422578e+09
 7.79800000e+02  6.60317329e+16  9.18297673e+14  3.55531549e+10  7.44149180e+08  1.85521694e+12  9.84422578e+09
 7.79850000e+02  6.58783217e+16  1.06823139e+15  3.54705544e+10  8.65649059e+08  1.85521694e+12  9.84422578e+09
 7.79900000e+02  6.57252670e+16  1.21728536e+15  3.53881459e+10  9.86436020e+08  1.85521694e+12  9.84422578e+09
 7.79950000e+02  6.55725679e+16  1.36546347e+15  3.53059288e+10  1.10651322e+09  1.85521694e+12  9.84422578e+09
 7.80000000e+02  6.54202235e+16  1.51276960e+15  3.52239028e+10  1.22588382e+09  1.85521694e+12  9.84422578e+09
 7.80000000e+02  6.54202235e+16  1.51276960e+15  3.52239028e+10  1.22588382e+09  1.85521694e+12  9.84422578e+09
 7.80700000e+02  6.78283799e+16  3.55817979e+15  3.65205151e+10  2.88339681e+09  1.85521694e+12  9.84422578e+09
 7.81400000e+02  7.01593803e+16  5.58104633e+15  3.77755847e+10  4.52264138e+09  1.85521694e+12  9.84422578e+09
 7.82100000e+02  7.24156967e+16  7.58003533e+15  3.89904425e+10  6.14253661e+09  1.85521694e+12  9.84422578e+09
 7.82800000e+02  7.45997219e+16  9.55395399e+15  4.01663769e+10  7.74211592e+09  1.85521694e+12  9.84422578e+09
 7.83500000e+02  7.67137721e+16  1.15017414e+16  4.13046350e+10  9.32051956e+09  1.85521694e+12  9.84422578e+09
 7.84200000e+02  7.87600893e+16  1.34224597e+16  4.24064239e+10  1.08769876e+10  1.85521694e+12  9.84422578e+09
 7.84900000e+02  8.07408436e+16  1.53152861e+16  4.34729121e+10  1.24108532e+10  1.85521694e+12  9.84422578e+09
 7.85600000e+02  8.26581356e+16  1.71795049e+16  4.45052306e+10  1.39215364e+10  1.85521694e+12  9.84422578e+09
 7.86300000e+02  8.45139985e+16  1.90145004e+16  4.55044741e+10  1.54085383e+10  1.85521694e+12  9.84422578e+09
 7.87000000e+02  8.63104006e+16  2.08197499e+16  4.64717024e+10  1.68714353e+10  1.85521694e+12  9.84422578e+09
 7.87000000e+02  8.63104006e+16  2.08197499e+16  4.64717024e+10  1.68714353e+10  1.87259730e+12  9.83438156e+09
 7.87025000e+02  8.62100801e+16  2.08835722e+16  4.64176873e+10  1.69231542e+10  1.87259730e+12  9.83438156e+09
 7.87050000e+02  8.61098762e+16  2.09471665e+16  4.63637350e+10  1.69746883e+10  1.87259730e+12  9.83438156e+09
 7.87075000e+02  8.60097887e+16  2.10105331e+16  4.63098454e+10  1.70260379e+10  1.87259730e+12  9.83438156e+09
 7.87100000e+02  8.59098176e+16  2.10736727e+16  4.62560184e+10  1.70772035e+10  1.87259730e+12  9.83438156e+09
 7.87125000e+02  8.58099627e+16  2.11365858e+16  4.62022540e+10  1.71281856e+10  1.87259730e+12  9.83438156e+09
 7.87150000e+02  8.57102238e+16  2.11992728e+16  4.61485521e+10  1.71789845e+10  1.87259730e+12  9.83438156e+09
 7.87175000e+02  8.56106009e+16  2.12617345e+16  4.60949126e+10  1.72296007e+10  1.87259730e+12  9.83438156e+09
 7.87200000e+02  8.55110937e+16  2.13239712e+16  4.60413354e+10  1.72800347e+10  1.87259730e+12  9.83438156e+09
 7.87225000e+02  8.54117023e+16  2.13859835e+16  4.59878205e+10  1.73302868e+10  1.87259730e+12  9.83438156e+09
 7.87250000e+02  8.53124263e+16  2.14477719e+16  4.59343678e+10  1.73803575e+10  1.87259730e+12  9.83438156e+09
 7.87250000e+02  8.53124263e+16  0.00000000e+00  4.59343678e+10  0.00000000e+00  1.88503987e+12  9.82454717e+09
 7.87775000e+02  8.32540812e+16  2.02082314e+15  4.48261027e+10  1.63758869e+09  1.88503987e+12  9.82454717e+09
 7.88300000e+02  8.12453980e+16  3.91995719e+15  4.37445769e+10  3.17656575e+09  1.88503987e+12  9.82454717e+09
 7.88825000e+02  7.92851786e+16  5.70297034e+15  4.26891452e+10  4.62144338e+09  1.88503987e+12  9.82454717e+09
 7.89350000e+02  7.73722537e+16  7.37520140e+15  4.16591781e+10  5.97654795e+09  1.88503987e+12  9.82454717e+09
 7.89875000e+02  7.55054822e+16  8.94176884e+15  4.06540611e+10  7.24602724e+09  1.88503987e+12  9.82454717e+09
 7.90400000e+02  7.36837506e+16  1.04075793e+16  3.96731948e+10  8.43385742e+09  1.88503987e+12  9.82454717e+09
 7.90925000e+02  7.19059722e+16  1.17773362e+16  3.87159939e+10  9.54384979e+09  1.88503987e+12  9.82454717e+09
 7.91450000e+02  7.01710865e+16  1.30555470e+16  3.77818875e+10  1.05796572e+10  1.88503987e+12  9.82454717e+09
 7.91975000e+02  6.84780586e+16  1.42465319e+16  3.68703185e+10  1.15447805e+10  1.88503987e+12  9.82454717e+09
 7.92500000e+02  6.68258786e+16  1.53544303e+16  3.59807431e+10  1.24425740e+10  1.88503987e+12  9.82454717e+09
 7.92500000e+02  6.68258786e+16  0.00000000e+00  3.59807431e+10  0.00000000e+00  1.88503987e+12  9.82454717e+09
 7.92550000e+02  6.66706225e+16  1.54984633e+14  3.58971492e+10  1.25592922e+08  1.88503987e+12  9.82454717e+09
 7.92600000e+02  6.65157270e+16  3.09067578e+14  3.58137496e+10  2.50455154e+08  1.88503987e+12  9.82454717e+09
 7.92650000e+02  6.63611914e+16  4.62252823e+14  3.57305437e+10  3.74589928e+08  1.88503987e+12  9.82454717e+09
 7.92700000e+02  6.62070148e+16  6.14544340e+14  3.56475311e+10  4.98000464e+08  1.88503987e+12  9.82454717e+09
 7.92750000e+02  6.60531964e+16  7.65946084e+14  3.55647114e+10  6.20689965e+08  1.88503987e+12  9.82454717e+09
 7.92800000e+02  6.58997354e+16  9.16461996e+14  3.54820841e+10  7.42661626e+08  1.88503987e+12  9.82454717e+09
 7.92850000e+02  6.57466310e+16  1.06609600e+15  3.53996488e+10  8.63918627e+08  1.88503987e+12  9.82454717e+09
 7.92900000e+02  6.55938822e+16  1.21485200e+15  3.53174050e+10  9.84464134e+08  1.88503987e+12  9.82454717e+09
 7.92950000e+02  6.54414883e+16  1.36273390e+15  3.52353523e+10  1.10430130e+09  1.88503987e+12  9.82454717e+09
 7.93000000e+02  6.52894485e+16  1.50974558e+15  3.51534902e+10  1.22343328e+09  1.88503987e+12  9.82454717e+09
 7.93000000e+02  6.52894485e+16  1.50974558e+15  3.51534902e+10  1.22343328e+09  1.88503987e+12  9.82454717e+09
 7.93700000e+02  6.76927910e+16  3.55106699e+15  3.64475106e+10  2.87763290e+09  1.88503987e+12  9.82454717e+09
 7.94400000e+02  7.00191317e+16  5.56988982e+15  3.77000713e+10  4.51360062e+09  1.88503987e+12  9.82454717e+09
 7.95100000e+02  7.22709377e+16  7.56488284e+15  3.89125006e+10  6.13025768e+09  1.88503987e+12  9.82454717e+09
 7.95800000e+02  7.44505971e+16  9.53485564e+15  4.00860843e+10  7.72663943e+09  1.88503987e+12  9.82454717e+09
 7.96500000e+02  7.65604213e+16  1.14787494e+16  4.12220670e+10  9.30188784e+09  1.88503987e+12  9.82454717e+09
 7.97200000e+02  7.86026479e+16  1.33956282e+16  4.23216534e+10  1.08552445e+10  1.88503987e+12  9.82454717e+09
 7.97900000e+02  8.05794426e+16  1.52846708e+16  4.33860097e+10  1.23860439e+10  1.88503987e+12  9.82454717e+09
 7.98600000e+02  8.24929019e+16  1.71451631e+16  4.44162646e+10  1.38937073e+10  1.88503987e+12  9.82454717e+09
 7.99300000e+02  8.43450550e+16  1.89764904e+16  4.54135107e+10  1.53777367e+10  1.88503987e+12  9.82454717e+09
 8.00000000e+02  8.61378661e+16  2.07781312e+16  4.63788055e+10  1.68377093e+10  1.88503987e+12  9.82454717e+09
 8.00000000e+02  8.61378661e+16  2.07781312e+16  4.63788055e+10  1.68377093e+10  1.90238549e+12  9.81472263e+09
 8.00025000e+02  8.60377461e+16  2.08418260e+16  4.63248984e+10  1.68893249e+10  1.90238549e+12  9.81472263e+09
 8.00050000e+02  8.59377425e+16  2.09052931e+16  4.62710539e+10  1.69407559e+10  1.90238549e+12  9.81472263e+09
 8.00075000e+02  8.58378552e+16  2.09685330e+16  4.62172720e+10  1.69920028e+10  1.90238549e+12  9.81472263e+09
 8.00100000e+02  8.57380839e+16  2.10315464e+16  4.61635526e+10  1.70430662e+10  1.90238549e+12  9.81472263e+09
 8.00125000e+02  8.56384286e+16  2.10943337e+16  4.61098957e+10  1.70939463e+10  1.90238549e+12  9.81472263e+09
 8.00150000e+02  8.55388891e+16  2.11568955e+16  4.60563011e+10  1.71446437e+10  1.90238549e+12  9.81472263e+09
 8.00175000e+02  8.54394653e+16  2.12192323e+16  4.60027688e+10  1.71951588e+10  1.90238549e+12  9.81472263e+09
 8.00200000e+02  8.53401571e+16  2.12813445e+16  4.59492988e+10  1.72454919e+10  1.90238549e+12  9.81472263e+09
 8.00225000e+02  8.52409643e+16  2.13432329e+16  4.58958909e+10  1.72956436e+10  1.90238549e+12  9.81472263e+09
 8.00250000e+02  8.51418868e+16  2.14048978e+16  4.58425450e+10  1.73456142e+10  1.90238549e+12  9.81472263e+09
 8.00250000e+02  8.51418868e+16  0.00000000e+00  4.58425450e+10  0.00000000e+00  1.91480319e+12  9.80490791e+09
 8.00775000e+02  8.30876563e+16  2.01678351e+15  4.47364954e+10  1.63431515e+09  1.91480319e+12  9.80490791e+09
 8.01300000e+02  8.10829884e+16  3.91212120e+15  4.36571315e+10  3.17021579e+09  1.91480319e+12  9.80490791e+09
 8.01825000e+02  7.91266875e+16  5.69157010e+15  4.26038096e+10  4.61220512e+09  1.91480319e+12  9.80490791e+09
 8.02350000e+02  7.72175866e+16  7.36045837e+15  4.15759014e+10  5.96460083e+09  1.91480319e+12  9.80490791e+09
 8.02875000e+02  7.53545468e+16  8.92389424e+15  4.05727937e+10  7.23154243e+09  1.91480319e+12  9.80490791e+09
 8.03400000e+02  7.35364568e+16  1.03867746e+16  3.95938880e+10  8.41699814e+09  1.91480319e+12  9.80490791e+09
 8.03925000e+02  7.17622322e+16  1.17537933e+16  3.86386006e+10  9.52477164e+09  1.91480319e+12  9.80490791e+09
 8.04450000e+02  7.00308145e+16  1.30294490e+16  3.77063616e+10  1.05585085e+10  1.91480319e+12  9.80490791e+09
 8.04975000e+02  6.83411710e+16  1.42180531e+16  3.67966148e+10  1.15217025e+10  1.91480319e+12  9.80490791e+09
 8.05500000e+02  6.66922937e+16  1.53237368e+16  3.59088175e+10  1.24177013e+10  1.91480319e+12  9.80490791e+09
 8.05500000e+02  6.66922937e+16  0.00000000e+00  3.59088175e+10  0.00000000e+00  1.91480319e+12  9.80490791e+09
 8.05550000e+02  6.65373479e+16  1.54674819e+14  3.58253908e+10  1.25341861e+08  1.91480319e+12  9.80490791e+09
 8.05600000e+02  6.63827621e+16  3.08449752e+14  3.57421579e+10  2.49954494e+08  1.91480319e+12  9.80490791e+09
 8.05650000e+02  6.62285354e+16  4.61328780e+14  3.56591183e+10  3.73841123e+08  1.91480319e+12  9.80490791e+09
 8.05700000e+02  6.60746670e+16  6.13315866e+14  3.55762717e+10  4.97004961e+08  1.91480319e+12  9.80490791e+09
 8.05750000e+02  6.59211561e+16  7.64414958e+14  3.54936176e+10  6.19449206e+08  1.91480319e+12  9.80490791e+09
 8.05800000e+02  6.57680019e+16  9.14629988e+14  3.54111554e+10  7.41177046e+08  1.91480319e+12  9.80490791e+09
 8.05850000e+02  6.56152035e+16  1.06396487e+15  3.53288849e+10  8.62191653e+08  1.91480319e+12  9.80490791e+09
 8.05900000e+02  6.54627600e+16  1.21242352e+15  3.52468055e+10  9.82496191e+08  1.91480319e+12  9.80490791e+09
 8.05950000e+02  6.53106708e+16  1.36000980e+15  3.51649168e+10  1.10209381e+09  1.91480319e+12  9.80490791e+09
 8.06000000e+02  6.51589349e+16  1.50672759e+15  3.50832184e+10  1.22098764e+09  1.91480319e+12  9.80490791e+09
 8.06000000e+02  6.51589349e+16  1.50672759e+15  3.50832184e+10  1.22098764e+09  1.91480319e+12  9.80490791e+09
 8.06700000e+02  6.75574731e+16  3.54396841e+15  3.63746520e+10  2.87188051e+09  1.91480319e+12  9.80490791e+09
 8.07400000e+02  6.98791635e+16  5.55875561e+15  3.76247088e+10  4.50457793e+09  1.91480319e+12  9.80490791e+09
 8.08100000e+02  7.21264681e+16  7.54976064e+15  3.88347145e+10  6.11800330e+09  1.91480319e+12  9.80490791e+09
 8.08800000e+02  7.43017703e+16  9.51579546e+15  4.00059522e+10  7.71119388e+09  1.91480319e+12  9.80490791e+09
 8.09500000e+02  7.64073770e+16  1.14558034e+16  4.11396641e+10  9.28329336e+09  1.91480319e+12  9.80490791e+09
 8.10200000e+02  7.84455212e+16  1.33688503e+16  4.22370525e+10  1.08335448e+10  1.91480319e+12  9.80490791e+09
 8.10900000e+02  8.04183643e+16  1.52541168e+16  4.32992811e+10  1.23612842e+10  1.91480319e+12  9.80490791e+09
 8.11600000e+02  8.23279986e+16  1.71108899e+16  4.43274765e+10  1.38659337e+10  1.91480319e+12  9.80490791e+09
 8.12300000e+02  8.41764493e+16  1.89385564e+16  4.53227291e+10  1.53469966e+10  1.91480319e+12  9.80490791e+09
 8.13000000e+02  8.59656765e+16  2.07365957e+16  4.62860943e+10  1.68040508e+10  1.91480319e+12  9.80490791e+09
 8.13000000e+02  8.59656765e+16  2.07365957e+16  4.62860943e+10  1.68040508e+10  1.93211413e+12  9.79510300e+09
 8.13025000e+02  8.58657567e+16  2.08001632e+16  4.62322949e+10  1.68555631e+10  1.93211413e+12  9.79510300e+09
 8.13050000e+02  8.57659530e+16  2.08635034e+16  4.61785581e+10  1.69068913e+10  1.93211413e+12  9.79510300e+09
 8.13075000e+02  8.56662653e+16  2.09266169e+16  4.61248837e+10  1.69580358e+10  1.93211413e+12  9.79510300e+09
 8.13100000e+02  8.55666934e+16  2.09895043e+16  4.60712717e+10  1.70089971e+10  1.93211413e+12  9.79510300e+09
 8.13125000e+02  8.54672373e+16  2.10521661e+16  4.60177220e+10  1.70597755e+10  1.93211413e+12  9.79510300e+09
 8.13150000e+02  8.53678968e+16  2.11146029e+16  4.59642346e+10  1.71103716e+10  1.93211413e+12  9.79510300e+09
 8.13175000e+02  8.52686718e+16  2.11768150e+16  4.59108093e+10  1.71607857e+10  1.93211413e+12  9.79510300e+09
 8.13200000e+02  8.51695621e+16  2.12388031e+16  4.58574461e+10  1.72110182e+10  1.93211413e+12  9.79510300e+09
 8.13225000e+02  8.50705676e+16  2.13005678e+16  4.58041450e+10  1.72610696e+10  1.93211413e+12  9.79510300e+09
 8.13250000e+02  8.49716881e+16  2.13621094e+16  4.57509058e+10  1.73109403e+10  1.93211413e+12  9.79510300e+09
 8.13250000e+02  8.49716881e+16  0.00000000e+00  4.57509058e+10  0.00000000e+00  1.94450701e+12  9.78530789e+09
 8.13775000e+02  8.29215640e+16  2.01275196e+15  4.46470671e+10  1.63104815e+09  1.94450701e+12  9.78530789e+09
 8.14300000e+02  8.09209035e+16  3.90430087e+15  4.35698609e+10  3.16387853e+09  1.94450701e+12  9.78530789e+09
 8.14825000e+02  7.89685133e+16  5.68019265e+15  4.25186446e+10  4.60298532e+09  1.94450701e+12  9.78530789e+09
 8.15350000e+02  7.70632286e+16  7.34574482e+15  4.14927912e+10  5.95267760e+09  1.94450701e+12  9.78530789e+09
 8.15875000e+02  7.52039130e+16  8.90605538e+15  4.04916886e+10  7.21708658e+09  1.94450701e+12  9.78530789e+09
 8.16400000e+02  7.33894574e+16  1.03660114e+16  3.95147399e+10  8.40017256e+09  1.94450701e+12  9.78530789e+09
 8.16925000e+02  7.16187795e+16  1.17302974e+16  3.85613621e+10  9.50573162e+09  1.94450701e+12  9.78530789e+09
 8.17450000e+02  6.98908229e+16  1.30034031e+16  3.76309865e+10  1.05374021e+10  1.94450701e+12  9.78530789e+09
 8.17975000e+02  6.82045570e+16  1.41896312e+16  3.67230583e+10  1.14986706e+10  1.94450701e+12  9.78530789e+09
 8.18500000e+02  6.65589758e+16  1.52931047e+16  3.58370358e+10  1.23928783e+10  1.94450701e+12  9.78530789e+09
 8.18500000e+02  6.65589758e+16  0.00000000e+00  3.58370358e+10  0.00000000e+00  1.94450701e+12  9.78530789e+09
 8.18550000e+02  6.64043397e+16  1.54365624e+14  3.57537758e+10  1.25091303e+08  1.94450701e+12  9.78530789e+09
 8.18600000e+02  6.62500629e+16  3.07833161e+14  3.56707093e+10  2.49454835e+08  1.94450701e+12  9.78530789e+09
 8.18650000e+02  6.60961445e+16  4.60406584e+14  3.55878357e+10  3.73093815e+08  1.94450701e+12  9.78530789e+09
 8.18700000e+02  6.59425837e+16  6.12089847e+14  3.55051547e+10  4.96011448e+08  1.94450701e+12  9.78530789e+09
 8.18750000e+02  6.57893797e+16  7.62886892e+14  3.54226658e+10  6.18210927e+08  1.94450701e+12  9.78530789e+09
 8.18800000e+02  6.56365316e+16  9.12801643e+14  3.53403685e+10  7.39695433e+08  1.94450701e+12  9.78530789e+09
 8.18850000e+02  6.54840387e+16  1.06183801e+15  3.52582625e+10  8.60468132e+08  1.94450701e+12  9.78530789e+09
 8.18900000e+02  6.53319000e+16  1.20999988e+15  3.51763471e+10  9.80532181e+08  1.94450701e+12  9.78530789e+09
 8.18950000e+02  6.51801147e+16  1.35729114e+15  3.50946221e+10  1.09989072e+09  1.94450701e+12  9.78530789e+09
 8.19000000e+02  6.50286822e+16  1.50371565e+15  3.50130870e+10  1.21854688e+09  1.94450701e+12  9.78530789e+09
 8.19000000e+02  6.50286822e+16  1.50371565e+15  3.50130870e+10  1.21854688e+09  1.94450701e+12  9.78530789e+09
 8.19700000e+02  6.74224257e+16  3.53688402e+15  3.63019391e+10  2.86613962e+09  1.94450701e+12  9.78530789e+09
 8.20400000e+02  6.97394750e+16  5.54764366e+15  3.75494970e+10  4.49557328e+09  1.94450701e+12  9.78530789e+09
 8.21100000e+02  7.19822873e+16  7.53466867e+15  3.87570839e+10  6.10577341e+09  1.94450701e+12  9.78530789e+09
 8.21800000e+02  7.41532411e+16  9.49677339e+15  3.99259803e+10  7.69577920e+09  1.94450701e+12  9.78530789e+09
 8.22500000e+02  7.62546387e+16  1.14329032e+16  4.10574259e+10  9.26473606e+09  1.94450701e+12  9.78530789e+09
 8.23200000e+02  7.82887086e+16  1.33421260e+16  4.21526206e+10  1.08118886e+10  1.94450701e+12  9.78530789e+09
 8.23900000e+02  8.02576080e+16  1.52236238e+16  4.32127258e+10  1.23365740e+10  1.94450701e+12  9.78530789e+09
 8.24600000e+02  8.21634250e+16  1.70766852e+16  4.42388659e+10  1.38382157e+10  1.94450701e+12  9.78530789e+09
 8.25300000e+02  8.40081806e+16  1.89006983e+16  4.52321289e+10  1.53163179e+10  1.94450701e+12  9.78530789e+09
 8.26000000e+02  8.57938312e+16  2.06951433e+16  4.61935684e+10  1.67704595e+10  1.94450701e+12  9.78530789e+09
 8.26000000e+02  8.57938312e+16  2.06951433e+16  4.61935684e+10  1.67704595e+10  1.96178334e+12  9.77552259e+09
 8.26025000e+02  8.56941110e+16  2.07585836e+16  4.61398765e+10  1.68218688e+10  1.96178334e+12  9.77552259e+09
 8.26050000e+02  8.55945068e+16  2.08217972e+16  4.60862471e+10  1.68730944e+10  1.96178334e+12  9.77552259e+09
 8.26075000e+02  8.54950184e+16  2.08847846e+16  4.60326800e+10  1.69241367e+10  1.96178334e+12  9.77552259e+09
 8.26100000e+02  8.53956456e+16  2.09475463e+16  4.59791752e+10  1.69749961e+10  1.96178334e+12  9.77552259e+09
 8.26125000e+02  8.52963883e+16  2.10100829e+16  4.59257326e+10  1.70256731e+10  1.96178334e+12  9.77552259e+09
 8.26150000e+02  8.51972464e+16  2.10723948e+16  4.58723521e+10  1.70761679e+10  1.96178334e+12  9.77552259e+09
 8.26175000e+02  8.50982197e+16  2.11344826e+16  4.58190336e+10  1.71264812e+10  1.96178334e+12  9.77552259e+09
 8.26200000e+02  8.49993081e+16  2.11963468e+16  4.57657771e+10  1.71766134e+10  1.96178334e+12  9.77552259e+09
 8.26225000e+02  8.49005115e+16  2.12579879e+16  4.57125825e+10  1.72265647e+10  1.96178334e+12  9.77552259e+09
 8.26250000e+02  8.48018297e+16  2.13194065e+16  4.56594497e+10  1.72763357e+10  1.96178334e+12  9.77552259e+09
 8.26250000e+02  8.48018297e+16  0.00000000e+00  4.56594497e+10  0.00000000e+00  1.97415145e+12  9.76574706e+09
 8.26775000e+02  8.27558038e+16  2.00872847e+15  4.45578176e+10  1.62778769e+09  1.97415145e+12  9.76574706e+09
 8.27300000e+02  8.07591427e+16  3.89649617e+15  4.34827648e+10  3.15755394e+09  1.97415145e+12  9.76574706e+09
 8.27825000e+02  7.88106552e+16  5.66883795e+15  4.24336498e+10  4.59378395e+09  1.97415145e+12  9.76574706e+09
 8.28350000e+02  7.69091792e+16  7.33106067e+15  4.14098471e+10  5.94077820e+09  1.97415145e+12  9.76574706e+09
 8.28875000e+02  7.50535804e+16  8.88825217e+15  4.04107458e+10  7.20265962e+09  1.97415145e+12  9.76574706e+09
 8.29400000e+02  7.32427519e+16  1.03452898e+16  3.94357499e+10  8.38338061e+09  1.97415145e+12  9.76574706e+09
 8.29925000e+02  7.14756135e+16  1.17068486e+16  3.84842779e+10  9.48672966e+09  1.97415145e+12  9.76574706e+09
 8.30450000e+02  6.97511111e+16  1.29774093e+16  3.75557622e+10  1.05163378e+10  1.97415145e+12  9.76574706e+09
 8.30975000e+02  6.80682161e+16  1.41612661e+16  3.66496489e+10  1.14756847e+10  1.97415145e+12  9.76574706e+09
 8.31500000e+02  6.64259244e+16  1.52625338e+16  3.57653976e+10  1.23681050e+10  1.97415145e+12  9.76574706e+09
 8.31500000e+02  6.64259244e+16  0.00000000e+00  3.57653976e+10  0.00000000e+00  1.97415145e+12  9.76574706e+09
 8.31550000e+02  6.62715975e+16  1.54057047e+14  3.56823040e+10  1.24841245e+08  1.97415145e+12  9.76574706e+09
 8.31600000e+02  6.61176290e+16  3.07217802e+14  3.55994036e+10  2.48956175e+08  1.97415145e+12  9.76574706e+09
 8.31650000e+02  6.59640183e+16  4.59486231e+14  3.55166957e+10  3.72348000e+08  1.97415145e+12  9.76574706e+09
 8.31700000e+02  6.58107645e+16  6.10866280e+14  3.54341799e+10  4.95019921e+08  1.97415145e+12  9.76574706e+09
 8.31750000e+02  6.56578667e+16  7.61361881e+14  3.53518559e+10  6.16975123e+08  1.97415145e+12  9.76574706e+09
 8.31800000e+02  6.55053242e+16  9.10976953e+14  3.52697231e+10  7.38216781e+08  1.97415145e+12  9.76574706e+09
 8.31850000e+02  6.53531361e+16  1.05971539e+15  3.51877812e+10  8.58748056e+08  1.97415145e+12  9.76574706e+09
 8.31900000e+02  6.52013015e+16  1.20758109e+15  3.51060296e+10  9.78572097e+08  1.97415145e+12  9.76574706e+09
 8.31950000e+02  6.50498197e+16  1.35457791e+15  3.50244680e+10  1.09769204e+09  1.97415145e+12  9.76574706e+09
 8.32000000e+02  6.48986898e+16  1.50070972e+15  3.49430959e+10  1.21611101e+09  1.97415145e+12  9.76574706e+09
 8.32000000e+02  6.48986898e+16  1.50070972e+15  3.49430959e+10  1.21611101e+09  1.97415145e+12  9.76574706e+09
 8.32700000e+02  6.72876483e+16  3.52981379e+15  3.62293715e+10  2.86041021e+09  1.97415145e+12  9.76574706e+09
 8.33400000e+02  6.96000658e+16  5.53655392e+15  3.74744356e+10  4.48658663e+09  1.97415145e+12  9.76574706e+09
 8.34100000e+02  7.18383947e+16  7.51960687e+15  3.86796085e+10  6.09356797e+09  1.97415145e+12  9.76574706e+09
 8.34800000e+02  7.40050088e+16  9.47778934e+15  3.98461683e+10  7.68039534e+09  1.97415145e+12  9.76574706e+09
 8.35500000e+02  7.61022057e+16  1.14100489e+16  4.09753521e+10  9.24621585e+09  1.97415145e+12  9.76574706e+09
 8.36200000e+02  7.81322095e+16  1.33154551e+16  4.20683575e+10  1.07902756e+10  1.97415145e+12  9.76574706e+09
 8.36900000e+02  8.00971731e+16  1.51931918e+16  4.31263436e+10  1.23119132e+10  1.97415145e+12  9.76574706e+09
 8.37600000e+02  8.19991803e+16  1.70425489e+16  4.41504324e+10  1.38105531e+10  1.97415145e+12  9.76574706e+09
 8.38300000e+02  8.38402482e+16  1.88629158e+16  4.51417099e+10  1.52857006e+10  1.97415145e+12  9.76574706e+09
 8.39000000e+02  8.56223293e+16  2.06537737e+16  4.61012274e+10  1.67369353e+10  1.97415145e+12  9.76574706e+09
 8.39000000e+02  8.56223293e+16  2.06537737e+16  4.61012274e+10  1.67369353e+10  1.99139325e+12  9.75598132e+09
 8.39025000e+02  8.55228085e+16  2.07170872e+16  4.60476429e+10  1.67882419e+10  1.99139325e+12  9.75598132e+09
 8.39050000e+02  8.54234034e+16  2.07801745e+16  4.59941207e+10  1.68393651e+10  1.99139325e+12  9.75598132e+09
 8.39075000e+02  8.53241139e+16  2.08430359e+16  4.59406607e+10  1.68903054e+10  1.99139325e+12  9.75598132e+09
 8.39100000e+02  8.52249397e+16  2.09056722e+16  4.58872628e+10  1.69410631e+10  1.99139325e+12  9.75598132e+09
 8.39125000e+02  8.51258809e+16  2.09680837e+16  4.58339270e+10  1.69916387e+10  1.99139325e+12  9.75598132e+09
 8.39150000e+02  8.50269371e+16  2.10302710e+16  4.57806532e+10  1.70420327e+10  1.99139325e+12  9.75598132e+09
 8.39175000e+02  8.49281084e+16  2.10922347e+16  4.57274413e+10  1.70922454e+10  1.99139325e+12  9.75598132e+09
 8.39200000e+02  8.48293945e+16  2.11539753e+16  4.56742913e+10  1.71422773e+10  1.99139325e+12  9.75598132e+09
 8.39225000e+02  8.47307954e+16  2.12154932e+16  4.56212030e+10  1.71921288e+10  1.99139325e+12  9.75598132e+09
 8.39250000e+02  8.46323109e+16  2.12767890e+16  4.55681765e+10  1.72418003e+10  1.99139325e+12  9.75598132e+09
 8.39250000e+02  8.46323109e+16  0.00000000e+00  4.55681765e+10  0.00000000e+00  2.00373663e+12  9.74622534e+09
 8.39775000e+02  8.25903750e+16  2.00471302e+15  4.44687465e+10  1.62453374e+09  2.00373663e+12  9.74622534e+09
 8.40300000e+02  8.05977051e+16  3.88870708e+15  4.33958427e+10  3.15124199e+09  2.00373663e+12  9.74622534e+09
 8.40825000e+02  7.86531127e+16  5.65750594e+15  4.23488250e+10  4.58460098e+09  2.00373663e+12  9.74622534e+09
 8.41350000e+02  7.67554378e+16  7.31640588e+15  4.13270688e+10  5.92890258e+09  2.00373663e+12  9.74622534e+09
 8.41875000e+02  7.49035483e+16  8.87048456e+15  4.03299647e+10  7.18826151e+09  2.00373663e+12  9.74622534e+09
 8.42400000e+02  7.30963396e+16  1.03246095e+16  3.93569178e+10  8.36662224e+09  2.00373663e+12  9.74622534e+09
 8.42925000e+02  7.13327338e+16  1.16834466e+16  3.84073478e+10  9.46776569e+09  2.00373663e+12  9.74622534e+09
 8.43450000e+02  6.96116787e+16  1.29514675e+16  3.74806882e+10  1.04953156e+10  2.00373663e+12  9.74622534e+09
 8.43975000e+02  6.79321477e+16  1.41329578e+16  3.65763863e+10  1.14527449e+10  2.00373663e+12  9.74622534e+09
 8.44500000e+02  6.62931390e+16  1.52320240e+16  3.56939026e+10  1.23433811e+10  2.00373663e+12  9.74622534e+09
 8.44500000e+02  6.62931390e+16  0.00000000e+00  3.56939026e+10  0.00000000e+00  2.00373663e+12  9.74622534e+09
 8.44550000e+02  6.61391205e+16  1.53749087e+14  3.56109751e+10  1.24591688e+08  2.00373663e+12  9.74622534e+09
 8.44600000e+02  6.59854599e+16  3.06603674e+14  3.55282403e+10  2.48458511e+08  2.00373663e+12  9.74622534e+09
 8.44650000e+02  6.58321563e+16  4.58567718e+14  3.54456978e+10  3.71603676e+08  2.00373663e+12  9.74622534e+09
 8.44700000e+02  6.56792088e+16  6.09645158e+14  3.53633470e+10  4.94030376e+08  2.00373663e+12  9.74622534e+09
 8.44750000e+02  6.55266167e+16  7.59839919e+14  3.52811875e+10  6.15741790e+08  2.00373663e+12  9.74622534e+09
 8.44800000e+02  6.53743791e+16  9.09155910e+14  3.51992190e+10  7.36741086e+08  2.00373663e+12  9.74622534e+09
 8.44850000e+02  6.52224951e+16  1.05759702e+15  3.51174408e+10  8.57031419e+08  2.00373663e+12  9.74622534e+09
 8.44900000e+02  6.50709641e+16  1.20516714e+15  3.50358527e+10  9.76615931e+08  2.00373663e+12  9.74622534e+09
 8.44950000e+02  6.49197851e+16  1.35187011e+15  3.49544541e+10  1.09549775e+09  2.00373663e+12  9.74622534e+09
 8.45000000e+02  6.47689573e+16  1.49770980e+15  3.48732446e+10  1.21368000e+09  2.00373663e+12  9.74622534e+09
 8.45000000e+02  6.47689573e+16  1.49770980e+15  3.48732446e+10  1.21368000e+09  2.00373663e+12  9.74622534e+09
 8.45700000e+02  6.71531403e+16  3.52275769e+15  3.61569490e+10  2.85469225e+09  2.00373663e+12  9.74622534e+09
 8.46400000e+02  6.94609353e+16  5.52548635e+15  3.73995242e+10  4.47761794e+09  2.00373663e+12  9.74622534e+09
 8.47100000e+02  7.16947898e+16  7.50457517e+15  3.86022879e+10  6.08138693e+09  2.00373663e+12  9.74622534e+09
 8.47800000e+02  7.38570728e+16  9.45884324e+15  3.97665158e+10  7.66504223e+09  2.00373663e+12  9.74622534e+09
 8.48500000e+02  7.59500773e+16  1.13872402e+16  4.08934424e+10  9.22773267e+09  2.00373663e+12  9.74622534e+09
 8.49200000e+02  7.79760232e+16  1.32888375e+16  4.19842629e+10  1.07687059e+10  2.00373663e+12  9.74622534e+09
 8.49900000e+02  7.99370588e+16  1.51628206e+16  4.30401340e+10  1.22873016e+10  2.00373663e+12  9.74622534e+09
 8.50600000e+02  8.18352639e+16  1.70084809e+16  4.40621757e+10  1.37829459e+10  2.00373663e+12  9.74622534e+09
 8.51300000e+02  8.36726515e+16  1.88252088e+16  4.50514716e+10  1.52551445e+10  2.00373663e+12  9.74622534e+09
 8.52000000e+02  8.54511703e+16  2.06124868e+16  4.60090711e+10  1.67034782e+10  2.00373663e+12  9.74622534e+09
 8.52000000e+02  8.54511703e+16  2.06124868e+16  4.60090711e+10  1.67034782e+10  2.02094396e+12  9.73647911e+09
 8.52025000e+02  8.53518484e+16  2.06756738e+16  4.59555937e+10  1.67546822e+10  2.02094396e+12  9.73647911e+09
 8.52050000e+02  8.52526420e+16  2.07386349e+16  4.59021785e+10  1.68057032e+10  2.02094396e+12  9.73647911e+09
 8.52075000e+02  8.51535510e+16  2.08013707e+16  4.58488253e+10  1.68565417e+10  2.02094396e+12  9.73647911e+09
 8.52100000e+02  8.50545751e+16  2.08638817e+16  4.57955342e+10  1.69071979e+10  2.02094396e+12  9.73647911e+09
 8.52125000e+02  8.49557142e+16  2.09261685e+16  4.57423050e+10  1.69576724e+10  2.02094396e+12  9.73647911e+09
 8.52150000e+02  8.48569683e+16  2.09882315e+16  4.56891377e+10  1.70079657e+10  2.02094396e+12  9.73647911e+09
 8.52175000e+02  8.47583371e+16  2.10500713e+16  4.56360322e+10  1.70580780e+10  2.02094396e+12  9.73647911e+09
 8.52200000e+02  8.46598206e+16  2.11116885e+16  4.55829884e+10  1.71080099e+10  2.02094396e+12  9.73647911e+09
 8.52225000e+02  8.45614185e+16  2.11730834e+16  4.55300063e+10  1.71577617e+10  2.02094396e+12  9.73647911e+09
 8.52250000e+02  8.44631309e+16  2.12342567e+16  4.54770857e+10  1.72073340e+10  2.02094396e+12  9.73647911e+09
 8.52250000e+02  8.44631309e+16  0.00000000e+00  4.54770857e+10  0.00000000e+00  2.03326267e+12  9.72674263e+09
 8.52775000e+02  8.24252768e+16  2.00070560e+15  4.43798535e+10  1.62128630e+09  2.03326267e+12  9.72674263e+09
 8.53300000e+02  8.04365903e+16  3.88093355e+15  4.33090944e+10  3.14494265e+09  2.03326267e+12  9.72674263e+09
 8.53825000e+02  7.84958852e+16  5.64619659e+15  4.22641697e+10  4.57543636e+09  2.03326267e+12  9.72674263e+09
 8.54350000e+02  7.66020037e+16  7.30178039e+15  4.12444560e+10  5.91705070e+09  2.03326267e+12  9.72674263e+09
 8.54875000e+02  7.47538161e+16  8.85275246e+15  4.02493451e+10  7.17389217e+09  2.03326267e+12  9.72674263e+09
 8.55400000e+02  7.29502201e+16  1.03039707e+16  3.92782433e+10  8.34989736e+09  2.03326267e+12  9.72674263e+09
 8.55925000e+02  7.11901396e+16  1.16600914e+16  3.83305715e+10  9.44883962e+09  2.03326267e+12  9.72674263e+09
 8.56450000e+02  6.94725249e+16  1.29255775e+16  3.74057643e+10  1.04743355e+10  2.03326267e+12  9.72674263e+09
 8.56975000e+02  6.77963513e+16  1.41047060e+16  3.65032701e+10  1.14298508e+10  2.03326267e+12  9.72674263e+09
 8.57500000e+02  6.61606190e+16  1.52015752e+16  3.56225504e+10  1.23187067e+10  2.03326267e+12  9.72674263e+09
 8.57500000e+02  6.61606190e+16  0.00000000e+00  3.56225504e+10  0.00000000e+00  2.03326267e+12  9.72674263e+09
 8.57550000e+02  6.60069084e+16  1.53441742e+14  3.55397888e+10  1.24342629e+08  2.03326267e+12  9.72674263e+09
 8.57600000e+02  6.58535550e+16  3.05990773e+14  3.54572194e+10  2.47961843e+08  2.03326267e+12  9.72674263e+09
 8.57650000e+02  6.57005578e+16  4.57651041e+14  3.53748418e+10  3.70860841e+08  2.03326267e+12  9.72674263e+09
 8.57700000e+02  6.55479161e+16  6.08426477e+14  3.52926557e+10  4.93042809e+08  2.03326267e+12  9.72674263e+09
 8.57750000e+02  6.53956290e+16  7.58320999e+14  3.52106605e+10  6.14510922e+08  2.03326267e+12  9.72674263e+09
 8.57800000e+02  6.52436957e+16  9.07338507e+14  3.51288557e+10  7.35268341e+08  2.03326267e+12  9.72674263e+09
 8.57850000e+02  6.50921154e+16  1.05548289e+15  3.50472411e+10  8.55318213e+08  2.03326267e+12  9.72674263e+09
 8.57900000e+02  6.49408872e+16  1.20275801e+15  3.49658160e+10  9.74663676e+08  2.03326267e+12  9.72674263e+09
 8.57950000e+02  6.47900105e+16  1.34916772e+15  3.48845801e+10  1.09330785e+09  2.03326267e+12  9.72674263e+09
 8.58000000e+02  6.46394842e+16  1.49471588e+15  3.48035330e+10  1.21125385e+09  2.03326267e+12  9.72674263e+09
 8.58000000e+02  6.46394842e+16  1.49471588e+15  3.48035330e+10  1.21125385e+09  2.03326267e+12  9.72674263e+09
 8.58700000e+02  6.70189012e+16  3.51571570e+15  3.60846713e+10  2.84898572e+09  2.03326267e+12  9.72674263e+09
 8.59400000e+02  6.93220829e+16  5.51444090e+15  3.73247625e+10  4.46866718e+09  2.03326267e+12  9.72674263e+09
 8.60100000e+02  7.15514719e+16  7.48957353e+15  3.85251220e+10  6.06923023e+09  2.03326267e+12  9.72674263e+09
 8.60800000e+02  7.37094325e+16  9.43993501e+15  3.96870225e+10  7.64971981e+09  2.03326267e+12  9.72674263e+09
 8.61500000e+02  7.57982531e+16  1.13644771e+16  4.08116964e+10  9.20928643e+09  2.03326267e+12  9.72674263e+09
 8.62200000e+02  7.78201491e+16  1.32622731e+16  4.19003363e+10  1.07471792e+10  2.03326267e+12  9.72674263e+09
 8.62900000e+02  7.97772646e+16  1.51325101e+16  4.29540968e+10  1.22627393e+10  2.03326267e+12  9.72674263e+09
 8.63600000e+02  8.16716752e+16  1.69744809e+16  4.39740954e+10  1.37553937e+10  2.03326267e+12  9.72674263e+09
 8.64300000e+02  8.35053899e+16  1.87875772e+16  4.49614137e+10  1.52246495e+10  2.03326267e+12  9.72674263e+09
 8.65000000e+02  8.52803534e+16  2.05712824e+16  4.59170989e+10  1.66700879e+10  2.03326267e+12  9.72674263e+09
 8.65000000e+02  8.52803534e+16  2.05712824e+16  4.59170989e+10  1.66700879e+10  2.05043561e+12  9.71701589e+09
 8.65025000e+02  8.51812301e+16  2.06343431e+16  4.58637285e+10  1.67211896e+10  2.05043561e+12  9.71701589e+09
 8.65050000e+02  8.50822220e+16  2.06971784e+16  4.58104200e+10  1.67721086e+10  2.05043561e+12  9.71701589e+09
 8.65075000e+02  8.49833290e+16  2.07597888e+16  4.57571735e+10  1.68228454e+10  2.05043561e+12  9.71701589e+09
 8.65100000e+02  8.48845510e+16  2.08221748e+16  4.57039889e+10  1.68734004e+10  2.05043561e+12  9.71701589e+09
 8.65125000e+02  8.47858877e+16  2.08843371e+16  4.56508661e+10  1.69237741e+10  2.05043561e+12  9.71701589e+09
 8.65150000e+02  8.46873392e+16  2.09462761e+16  4.55978051e+10  1.69739667e+10  2.05043561e+12  9.71701589e+09
 8.65175000e+02  8.45889052e+16  2.10079923e+16  4.55448058e+10  1.70239789e+10  2.05043561e+12  9.71701589e+09
 8.65200000e+02  8.44905856e+16  2.10694862e+16  4.54918680e+10  1.70738110e+10  2.05043561e+12  9.71701589e+09
 8.65225000e+02  8.43923803e+16  2.11307584e+16  4.54389918e+10  1.71234634e+10  2.05043561e+12  9.71701589e+09
 8.65250000e+02  8.42942891e+16  2.11918095e+16  4.53861770e+10  1.71729365e+10  2.05043561e+12  9.71701589e+09
 8.65250000e+02  8.42942891e+16  0.00000000e+00  4.53861770e+10  0.00000000e+00  2.06272969e+12  9.70729887e+09
 8.65775000e+02  8.22605087e+16  1.99670619e+15  4.42911382e+10  1.61804535e+09  2.06272969e+12  9.70729887e+09
 8.66300000e+02  8.02757976e+16  3.87317557e+15  4.32225195e+10  3.13865591e+09  2.06272969e+12  9.70729887e+09
 8.66825000e+02  7.83389719e+16  5.63490984e+15  4.21796836e+10  4.56629006e+09  2.06272969e+12  9.70729887e+09
 8.67350000e+02  7.64488763e+16  7.28718413e+15  4.11620083e+10  5.90522252e+09  2.06272969e+12  9.70729887e+09
 8.67875000e+02  7.46043832e+16  8.83505581e+15  4.01688866e+10  7.15955156e+09  2.06272969e+12  9.70729887e+09
 8.68400000e+02  7.28043926e+16  1.02833730e+16  3.91997261e+10  8.33320591e+09  2.06272969e+12  9.70729887e+09
 8.68925000e+02  7.10478305e+16  1.16367829e+16  3.82539487e+10  9.42995139e+09  2.06272969e+12  9.70729887e+09
 8.69450000e+02  6.93336493e+16  1.28997393e+16  3.73309902e+10  1.04533973e+10  2.06272969e+12  9.70729887e+09
 8.69975000e+02  6.76608264e+16  1.40765107e+16  3.64303000e+10  1.14070025e+10  2.06272969e+12  9.70729887e+09
 8.70500000e+02  6.60283639e+16  1.51711872e+16  3.55513410e+10  1.22940816e+10  2.06272969e+12  9.70729887e+09
 8.70500000e+02  6.60283639e+16  0.00000000e+00  3.55513410e+10  0.00000000e+00  2.06272969e+12  9.70729887e+09
 8.70550000e+02  6.58749606e+16  1.53135012e+14  3.54687447e+10  1.24094068e+08  2.06272969e+12  9.70729887e+09
 8.70600000e+02  6.57219137e+16  3.05379098e+14  3.53863404e+10  2.47466167e+08  2.06272969e+12  9.70729887e+09
 8.70650000e+02  6.55692224e+16  4.56736196e+14  3.53041275e+10  3.70119490e+08  2.06272969e+12  9.70729887e+09
 8.70700000e+02  6.54168858e+16  6.07210233e+14  3.52221057e+10  4.92057217e+08  2.06272969e+12  9.70729887e+09
 8.70750000e+02  6.52649031e+16  7.56805115e+14  3.51402743e+10  6.13282515e+08  2.06272969e+12  9.70729887e+09
 8.70800000e+02  6.51132735e+16  9.05524737e+14  3.50586331e+10  7.33798539e+08  2.06272969e+12  9.70729887e+09
 8.70850000e+02  6.49619962e+16  1.05337298e+15  3.49771816e+10  8.53608432e+08  2.06272969e+12  9.70729887e+09
 8.70900000e+02  6.48110704e+16  1.20035369e+15  3.48959193e+10  9.72715323e+08  2.06272969e+12  9.70729887e+09
 8.70950000e+02  6.46604952e+16  1.34647074e+15  3.48148459e+10  1.09112233e+09  2.06272969e+12  9.70729887e+09
 8.71000000e+02  6.45102699e+16  1.49172794e+15  3.47339607e+10  1.20883256e+09  2.06272969e+12  9.70729887e+09
 8.71000000e+02  6.45102699e+16  1.49172794e+15  3.47339607e+10  1.20883256e+09  2.06272969e+12  9.70729887e+09
 8.71700000e+02  6.68849304e+16  3.50868778e+15  3.60125380e+10  2.84329059e+09  2.06272969e+12  9.70729887e+09
 8.72400000e+02  6.91835080e+16  5.50341753e+15  3.72501503e+10  4.45973432e+09  2.06272969e+12  9.70729887e+09
 8.73100000e+02  7.14084405e+16  7.47460187e+15  3.84481102e+10  6.05709784e+09  2.06272969e+12  9.70729887e+09
 8.73800000e+02  7.35620873e+16  9.42106458e+15  3.96076881e+10  7.63442802e+09  2.06272969e+12  9.70729887e+09
 8.74500000e+02  7.56467324e+16  1.13417595e+16  4.07301138e+10  9.19087707e+09  2.06272969e+12  9.70729887e+09
 8.75200000e+02  7.76645866e+16  1.32357618e+16  4.18165775e+10  1.07256956e+10  2.06272969e+12  9.70729887e+09
 8.75900000e+02  7.96177899e+16  1.51022602e+16  4.28682316e+10  1.22382261e+10  2.06272969e+12  9.70729887e+09
 8.76600000e+02  8.15084136e+16  1.69405489e+16  4.38861912e+10  1.37278967e+10  2.06272969e+12  9.70729887e+09
 8.77300000e+02  8.33384626e+16  1.87500208e+16  4.48715359e+10  1.51942154e+10  2.06272969e+12  9.70729887e+09
 8.78000000e+02  8.51098779e+16  2.05301604e+16  4.58253107e+10  1.66367644e+10  2.06272969e+12  9.70729887e+09
 8.78000000e+02  8.51098779e+16  2.05301604e+16  4.58253107e+10  1.66367644e+10  2.07986830e+12  9.69759157e+09
 8.78025000e+02  8.50109528e+16  2.05930950e+16  4.57720469e+10  1.66877639e+10  2.07986830e+12  9.69759157e+09
 8.78050000e+02  8.49121426e+16  2.06558047e+16  4.57188450e+10  1.67385812e+10  2.07986830e+12  9.69759157e+09
 8.78075000e+02  8.48134473e+16  2.07182900e+16  4.56657049e+10  1.67892166e+10  2.07986830e+12  9.69759157e+09
 8.78100000e+02  8.47148668e+16  2.07805513e+16  4.56126267e+10  1.68396705e+10  2.07986830e+12  9.69759157e+09
 8.78125000e+02  8.46164008e+16  2.08425893e+16  4.55596101e+10  1.68899434e+10  2.07986830e+12  9.69759157e+09
 8.78150000e+02  8.45180492e+16  2.09044045e+16  4.55066551e+10  1.69400358e+10  2.07986830e+12  9.69759157e+09
 8.78175000e+02  8.44198120e+16  2.09659973e+16  4.54537617e+10  1.69899480e+10  2.07986830e+12  9.69759157e+09
 8.78200000e+02  8.43216889e+16  2.10273683e+16  4.54009298e+10  1.70396804e+10  2.07986830e+12  9.69759157e+09
 8.78225000e+02  8.42236799e+16  2.10885180e+16  4.53481592e+10  1.70892336e+10  2.07986830e+12  9.69759157e+09
 8.78250000e+02  8.41257848e+16  2.11494470e+16  4.52954500e+10  1.71386078e+10  2.07986830e+12  9.69759157e+09
 8.78250000e+02  8.41257848e+16  0.00000000e+00  4.52954500e+10  0.00000000e+00  2.09213780e+12  9.68789398e+09
 8.78775000e+02  8.20960699e+16  1.99271478e+15  4.42026002e+10  1.61481087e+09  2.09213780e+12  9.68789398e+09
 8.79300000e+02  8.01153263e+16  3.86543309e+15  4.31361177e+10  3.13238174e+09  2.09213780e+12  9.68789398e+09
 8.79825000e+02  7.81823723e+16  5.62364565e+15  4.20953664e+10  4.55716205e+09  2.09213780e+12  9.68789398e+09
 8.80350000e+02  7.62960550e+16  7.27261705e+15  4.10797255e+10  5.89341798e+09  2.09213780e+12  9.68789398e+09
 8.80875000e+02  7.44552491e+16  8.81739453e+15  4.00885890e+10  7.14523962e+09  2.09213780e+12  9.68789398e+09
 8.81400000e+02  7.26588566e+16  1.02628166e+16  3.91213659e+10  8.31654784e+09  2.09213780e+12  9.68789398e+09
 8.81925000e+02  7.09058059e+16  1.16135209e+16  3.81774791e+10  9.41110092e+09  2.09213780e+12  9.68789398e+09
 8.82450000e+02  6.91950514e+16  1.28739527e+16  3.72563656e+10  1.04325010e+10  2.09213780e+12  9.68789398e+09
 8.82975000e+02  6.75255724e+16  1.40483717e+16  3.63574759e+10  1.13841999e+10  2.09213780e+12  9.68789398e+09
 8.83500000e+02  6.58963732e+16  1.51408600e+16  3.54802738e+10  1.22695057e+10  2.09213780e+12  9.68789398e+09
 8.83500000e+02  6.58963732e+16  0.00000000e+00  3.54802738e+10  0.00000000e+00  2.09213780e+12  9.68789398e+09
 8.83550000e+02  6.57432766e+16  1.52828895e+14  3.53978427e+10  1.23846004e+08  2.09213780e+12  9.68789398e+09
 8.83600000e+02  6.55905356e+16  3.04768645e+14  3.53156031e+10  2.46971482e+08  2.09213780e+12  9.68789398e+09
 8.83650000e+02  6.54381495e+16  4.55823181e+14  3.52335546e+10  3.69379621e+08  2.09213780e+12  9.68789398e+09
 8.83700000e+02  6.52861174e+16  6.05996419e+14  3.51516967e+10  4.91073594e+08  2.09213780e+12  9.68789398e+09
 8.83750000e+02  6.51344386e+16  7.55292262e+14  3.50700289e+10  6.12056563e+08  2.09213780e+12  9.68789398e+09
 8.83800000e+02  6.49831121e+16  9.03714593e+14  3.49885509e+10  7.32331676e+08  2.09213780e+12  9.68789398e+09
 8.83850000e+02  6.48321372e+16  1.05126728e+15  3.49072622e+10  8.51902069e+08  2.09213780e+12  9.68789398e+09
 8.83900000e+02  6.46815131e+16  1.19795419e+15  3.48261624e+10  9.70770865e+08  2.09213780e+12  9.68789398e+09
 8.83950000e+02  6.45312389e+16  1.34377914e+15  3.47452510e+10  1.08894118e+09  2.09213780e+12  9.68789398e+09
 8.84000000e+02  6.43813138e+16  1.48874598e+15  3.46645275e+10  1.20641610e+09  2.09213780e+12  9.68789398e+09
 8.84000000e+02  6.43813138e+16  1.48874598e+15  3.46645275e+10  1.20641610e+09  2.09213780e+12  9.68789398e+09
 8.84700000e+02  6.67512274e+16  3.50167391e+15  3.59405489e+10  2.83760686e+09  2.09213780e+12  9.68789398e+09
 8.85400000e+02  6.90452102e+16  5.49241620e+15  3.71756873e+10  4.45081931e+09  2.09213780e+12  9.68789398e+09
 8.86100000e+02  7.12656950e+16  7.45966014e+15  3.83712525e+10  6.04498970e+09  2.09213780e+12  9.68789398e+09
 8.86800000e+02  7.34150367e+16  9.40223187e+15  3.95285124e+10  7.61916680e+09  2.09213780e+12  9.68789398e+09
 8.87500000e+02  7.54955146e+16  1.13190873e+16  4.06486943e+10  9.17250450e+09  2.09213780e+12  9.68789398e+09
 8.88200000e+02  7.75093351e+16  1.32093035e+16  4.17329862e+10  1.07042549e+10  2.09213780e+12  9.68789398e+09
 8.88900000e+02  7.94586339e+16  1.50720708e+16  4.27825380e+10  1.22137619e+10  2.09213780e+12  9.68789398e+09
 8.89600000e+02  8.13454782e+16  1.69066848e+16  4.37984627e+10  1.37004546e+10  2.09213780e+12  9.68789398e+09
 8.90300000e+02  8.31718691e+16  1.87125395e+16  4.47818377e+10  1.51638422e+10  2.09213780e+12  9.68789398e+09
 8.91000000e+02  8.49397433e+16  2.04891206e+16  4.57337059e+10  1.66035075e+10  2.09213780e+12  9.68789398e+09
 8.91000000e+02  8.49397433e+16  2.04891206e+16  4.57337059e+10  1.66035075e+10  2.10924215e+12  9.67820609e+09
 8.91025000e+02  8.48410159e+16  2.05519295e+16  4.56805485e+10  1.66544051e+10  2.10924215e+12  9.67820609e+09
 8.91050000e+02  8.47424033e+16  2.06145138e+16  4.56274530e+10  1.67051208e+10  2.10924215e+12  9.67820609e+09
 8.91075000e+02  8.46439053e+16  2.06768741e+16  4.55744192e+10  1.67556549e+10  2.10924215e+12  9.67820609e+09
 8.91100000e+02  8.45455217e+16  2.07390110e+16  4.55214470e+10  1.68060080e+10  2.10924215e+12  9.67820609e+09
 8.91125000e+02  8.44472526e+16  2.08009250e+16  4.54685364e+10  1.68561804e+10  2.10924215e+12  9.67820609e+09
 8.91150000e+02  8.43490976e+16  2.08626165e+16  4.54156873e+10  1.69061727e+10  2.10924215e+12  9.67820609e+09
 8.91175000e+02  8.42510568e+16  2.09240862e+16  4.53628996e+10  1.69559851e+10  2.10924215e+12  9.67820609e+09
 8.91200000e+02  8.41531298e+16  2.09853346e+16  4.53101733e+10  1.70056181e+10  2.10924215e+12  9.67820609e+09
 8.91225000e+02  8.40553168e+16  2.10463621e+16  4.52575083e+10  1.70550722e+10  2.10924215e+12  9.67820609e+09
 8.91250000e+02  8.39576174e+16  2.11071693e+16  4.52049044e+10  1.71043477e+10  2.10924215e+12  9.67820609e+09
 8.91250000e+02  8.39576174e+16  0.00000000e+00  4.52049044e+10  0.00000000e+00  2.12148713e+12  9.66852788e+09
 8.91775000e+02  8.19319599e+16  1.98873134e+15  4.41142392e+10  1.61158287e+09  2.12148713e+12  9.66852788e+09
 8.92300000e+02  7.99551757e+16  3.85770609e+15  4.30498886e+10  3.12612011e+09  2.12148713e+12  9.66852788e+09
 8.92825000e+02  7.80260857e+16  5.61240399e+15  4.20112178e+10  4.54805228e+09  2.12148713e+12  9.66852788e+09
 8.93350000e+02  7.61435391e+16  7.25807909e+15  4.09976071e+10  5.88163704e+09  2.12148713e+12  9.66852788e+09
 8.93875000e+02  7.43064130e+16  8.79976856e+15  4.00084519e+10  7.13095628e+09  2.12148713e+12  9.66852788e+09
 8.94400000e+02  7.25136115e+16  1.02423012e+16  3.90431623e+10  8.29992306e+09  2.12148713e+12  9.66852788e+09
 8.94925000e+02  7.07640652e+16  1.15903055e+16  3.81011623e+10  9.39228813e+09  2.12148713e+12  9.66852788e+09
 8.95450000e+02  6.90567305e+16  1.28482177e+16  3.71818901e+10  1.04116464e+10  2.12148713e+12  9.66852788e+09
 8.95975000e+02  6.73905888e+16  1.40202890e+16  3.62847973e+10  1.13614429e+10  2.12148713e+12  9.66852788e+09
 8.96500000e+02  6.57646464e+16  1.51105934e+16  3.54093488e+10  1.22449790e+10  2.12148713e+12  9.66852788e+09
 8.96500000e+02  6.57646464e+16  0.00000000e+00  3.54093488e+10  0.00000000e+00  2.12148713e+12  9.66852788e+09
 8.96550000e+02  6.56118558e+16  1.52523390e+14  3.53270824e+10  1.23598436e+08  2.12148713e+12  9.66852788e+09
 8.96600000e+02  6.54594201e+16  3.04159412e+14  3.52450072e+10  2.46477786e+08  2.12148713e+12  9.66852788e+09
 8.96650000e+02  6.53073386e+16  4.54911990e+14  3.51631227e+10  3.68641231e+08  2.12148713e+12  9.66852788e+09
 8.96700000e+02  6.51556105e+16  6.04785033e+14  3.50814284e+10  4.90091938e+08  2.12148713e+12  9.66852788e+09
 8.96750000e+02  6.50042348e+16  7.53782433e+14  3.49999239e+10  6.10833062e+08  2.12148713e+12  9.66852788e+09
 8.96800000e+02  6.48532109e+16  9.01908068e+14  3.49186088e+10  7.30867745e+08  2.12148713e+12  9.66852788e+09
 8.96850000e+02  6.47025378e+16  1.04916580e+15  3.48374826e+10  8.50199117e+08  2.12148713e+12  9.66852788e+09
 8.96900000e+02  6.45522147e+16  1.19555948e+15  3.47565449e+10  9.68830294e+08  2.12148713e+12  9.66852788e+09
 8.96950000e+02  6.44022409e+16  1.34109293e+15  3.46757952e+10  1.08676438e+09  2.12148713e+12  9.66852788e+09
 8.97000000e+02  6.42526156e+16  1.48576997e+15  3.45952331e+10  1.20400447e+09  2.12148713e+12  9.66852788e+09
 8.97000000e+02  6.42526156e+16  1.48576997e+15  3.45952331e+10  1.20400447e+09  2.12148713e+12  9.66852788e+09
 8.97700000e+02  6.66177917e+16  3.49467407e+15  3.58687038e+10  2.83193448e+09  2.12148713e+12  9.66852788e+09
 8.98400000e+02  6.89071888e+16  5.48143686e+15  3.71013731e+10  4.44192212e+09  2.12148713e+12  9.66852788e+09
 8.99100000e+02  7.11232349e+16  7.44474828e+15  3.82945483e+10  6.03290577e+09  2.12148713e+12  9.66852788e+09
 8.99800000e+02  7.32682800e+16  9.38343681e+15  3.94494949e+10  7.60393608e+09  2.12148713e+12  9.66852788e+09
 9.00500000e+02  7.53445991e+16  1.12964604e+16  4.05674376e+10  9.15416867e+09  2.12148713e+12  9.66852788e+09
 9.01200000e+02  7.73543940e+16  1.31828981e+16  4.16495620e+10  1.06828571e+10  2.12148713e+12  9.66852788e+09
 9.01900000e+02  7.92997961e+16  1.50419417e+16  4.26970157e+10  1.21893466e+10  2.12148713e+12  9.66852788e+09
 9.02600000e+02  8.11828686e+16  1.68728883e+16  4.37109095e+10  1.36730674e+10  2.12148713e+12  9.66852788e+09
 9.03300000e+02  8.30056085e+16  1.86751332e+16  4.46923188e+10  1.51335296e+10  2.12148713e+12  9.66852788e+09
 9.04000000e+02  8.47699487e+16  2.04481629e+16  4.56422842e+10  1.65703171e+10  2.12148713e+12  9.66852788e+09
 9.04000000e+02  8.47699487e+16  2.04481629e+16  4.56422842e+10  1.65703171e+10  2.13855729e+12  9.65885935e+09
 9.04025000e+02  8.46714187e+16  2.05108461e+16  4.55892331e+10  1.66211130e+10  2.13855729e+12  9.65885935e+09
 9.04050000e+02  8.45730032e+16  2.05733053e+16  4.55362437e+10  1.66717272e+10  2.13855729e+12  9.65885935e+09
 9.04075000e+02  8.44747021e+16  2.06355410e+16  4.54833159e+10  1.67221604e+10  2.13855729e+12  9.65885935e+09
 9.04100000e+02  8.43765152e+16  2.06975537e+16  4.54304496e+10  1.67724128e+10  2.13855729e+12  9.65885935e+09
 9.04125000e+02  8.42784425e+16  2.07593439e+16  4.53776448e+10  1.68224849e+10  2.13855729e+12  9.65885935e+09
 9.04150000e+02  8.41804838e+16  2.08209122e+16  4.53249013e+10  1.68723772e+10  2.13855729e+12  9.65885935e+09
 9.04175000e+02  8.40826389e+16  2.08822590e+16  4.52722192e+10  1.69220901e+10  2.13855729e+12  9.65885935e+09
 9.04200000e+02  8.39849077e+16  2.09433849e+16  4.52195983e+10  1.69716239e+10  2.13855729e+12  9.65885935e+09
 9.04225000e+02  8.38872902e+16  2.10042904e+16  4.51670385e+10  1.70209791e+10  2.13855729e+12  9.65885935e+09
 9.04250000e+02  8.37897861e+16  2.10649761e+16  4.51145398e+10  1.70701561e+10  2.13855729e+12  9.65885935e+09
 9.04250000e+02  8.37897861e+16  0.00000000e+00  4.51145398e+10  0.00000000e+00  2.15077779e+12  9.64920049e+09
 9.04775000e+02  8.17681779e+16  1.98475587e+15  4.40260548e+10  1.60836131e+09  2.15077779e+12  9.64920049e+09
 9.05300000e+02  7.97953453e+16  3.84999453e+15  4.29638319e+10  3.11987100e+09  2.15077779e+12  9.64920049e+09
 9.05825000e+02  7.78701116e+16  5.60118479e+15  4.19272374e+10  4.53896072e+09  2.15077779e+12  9.64920049e+09
 9.06350000e+02  7.59913282e+16  7.24357019e+15  4.09156529e+10  5.86987964e+09  2.15077779e+12  9.64920049e+09
 9.06875000e+02  7.41578745e+16  8.78217782e+15  3.99284750e+10  7.11670150e+09  2.15077779e+12  9.64920049e+09
 9.07400000e+02  7.23686568e+16  1.02218268e+16  3.89651150e+10  8.28333151e+09  2.15077779e+12  9.64920049e+09
 9.07925000e+02  7.06226079e+16  1.15671365e+16  3.80249981e+10  9.37351295e+09  2.15077779e+12  9.64920049e+09
 9.08450000e+02  6.89186861e+16  1.28225341e+16  3.71075635e+10  1.03908335e+10  2.15077779e+12  9.64920049e+09
 9.08975000e+02  6.72558750e+16  1.39922625e+16  3.62122640e+10  1.13387314e+10  2.15077779e+12  9.64920049e+09
 9.09500000e+02  6.56331829e+16  1.50803873e+16  3.53385655e+10  1.22205013e+10  2.15077779e+12  9.64920049e+09
 9.09500000e+02  6.56331829e+16  0.00000000e+00  3.53385655e+10  0.00000000e+00  2.15077779e+12  9.64920049e+09
 9.09550000e+02  6.54806977e+16  1.52218496e+14  3.52564636e+10  1.23351363e+08  2.15077779e+12  9.64920049e+09
 9.09600000e+02  6.53285667e+16  3.03551398e+14  3.51745525e+10  2.45985077e+08  2.15077779e+12  9.64920049e+09
 9.09650000e+02  6.51767893e+16  4.54002621e+14  3.50928316e+10  3.67904317e+08  2.15077779e+12  9.64920049e+09
 9.09700000e+02  6.50253644e+16  6.03576067e+14  3.50113006e+10  4.89112244e+08  2.15077779e+12  9.64920049e+09
 9.09750000e+02  6.48742914e+16  7.52275622e+14  3.49299591e+10  6.09612007e+08  2.15077779e+12  9.64920049e+09
 9.09800000e+02  6.47235693e+16  9.00105154e+14  3.48488065e+10  7.29406740e+08  2.15077779e+12  9.64920049e+09
 9.09850000e+02  6.45731974e+16  1.04706852e+15  3.47678425e+10  8.48499569e+08  2.15077779e+12  9.64920049e+09
 9.09900000e+02  6.44231749e+16  1.19316955e+15  3.46870666e+10  9.66893603e+08  2.15077779e+12  9.64920049e+09
 9.09950000e+02  6.42735009e+16  1.33841208e+15  3.46064783e+10  1.08459194e+09  2.15077779e+12  9.64920049e+09
 9.10000000e+02  6.41241746e+16  1.48279992e+15  3.45260773e+10  1.20159767e+09  2.15077779e+12  9.64920049e+09
 9.10000000e+02  6.41241746e+16  1.48279992e+15  3.45260773e+10  1.20159767e+09  2.15077779e+12  9.64920049e+09
 9.10700000e+02  6.64846227e+16  3.48768821e+15  3.57970022e+10  2.82627344e+09  2.15077779e+12  9.64920049e+09
 9.11400000e+02  6.87694434e+16  5.47047947e+15  3.70272074e+10  4.43304272e+09  2.15077779e+12  9.64920049e+09
 9.12100000e+02  7.09810596e+16  7.42986623e+15  3.82179975e+10  6.02084599e+09  2.15077779e+12  9.64920049e+09
 9.12800000e+02  7.31218167e+16  9.36467932e+15  3.93706353e+10  7.58873582e+09  2.15077779e+12  9.64920049e+09
 9.13500000e+02  7.51939852e+16  1.12738788e+16  4.04863433e+10  9.13586948e+09  2.15077779e+12  9.64920049e+09
 9.14200000e+02  7.71997625e+16  1.31565455e+16  4.15663045e+10  1.06615021e+10  2.15077779e+12  9.64920049e+09
 9.14900000e+02  7.91412758e+16  1.50118729e+16  4.26116643e+10  1.21649801e+10  2.15077779e+12  9.64920049e+09
 9.15600000e+02  8.10205841e+16  1.68391594e+16  4.36235314e+10  1.36457350e+10  2.15077779e+12  9.64920049e+09
 9.16300000e+02  8.28396803e+16  1.86378016e+16  4.46029788e+10  1.51032777e+10  2.15077779e+12  9.64920049e+09
 9.17000000e+02  8.46004936e+16  2.04072870e+16  4.55510453e+10  1.65371931e+10  2.15077779e+12  9.64920049e+09
 9.17000000e+02  8.46004936e+16  2.04072870e+16  4.55510453e+10  1.65371931e+10  2.16781382e+12  9.63955129e+09
 9.17025000e+02  8.45021605e+16  2.04698450e+16  4.54981002e+10  1.65878873e+10  2.16781382e+12  9.63955129e+09
 9.17050000e+02  8.44039418e+16  2.05321793e+16  4.54452168e+10  1.66384004e+10  2.16781382e+12  9.63955129e+09
 9.17075000e+02  8.43058372e+16  2.05942906e+16  4.53923948e+10  1.66887328e+10  2.16781382e+12  9.63955129e+09
 9.17100000e+02  8.42078466e+16  2.06561793e+16  4.53396342e+10  1.67388847e+10  2.16781382e+12  9.63955129e+09
 9.17125000e+02  8.41099699e+16  2.07178460e+16  4.52869349e+10  1.67888568e+10  2.16781382e+12  9.63955129e+09
 9.17150000e+02  8.40122070e+16  2.07792912e+16  4.52342969e+10  1.68386493e+10  2.16781382e+12  9.63955129e+09
 9.17175000e+02  8.39145577e+16  2.08405154e+16  4.51817200e+10  1.68882628e+10  2.16781382e+12  9.63955129e+09
 9.17200000e+02  8.38170219e+16  2.09015191e+16  4.51292043e+10  1.69376976e+10  2.16781382e+12  9.63955129e+09
 9.17225000e+02  8.37195995e+16  2.09623028e+16  4.50767496e+10  1.69869542e+10  2.16781382e+12  9.63955129e+09
 9.17250000e+02  8.36222903e+16  2.10228672e+16  4.50243559e+10  1.70360329e+10  2.16781382e+12  9.63955129e+09
 9.17250000e+02  8.36222903e+16  0.00000000e+00  4.50243559e+10  0.00000000e+00  2.18000989e+12  9.62991174e+09
 9.17775000e+02  8.16047233e+16  1.98078834e+15  4.39380468e+10  1.60514620e+09  2.18000989e+12  9.62991174e+09
 9.18300000e+02  7.96358344e+16  3.84229839e+15  4.28779472e+10  3.11363437e+09  2.18000989e+12  9.62991174e+09
 9.18825000e+02  7.77144492e+16  5.58998802e+15  4.18434248e+10  4.52988734e+09  2.18000989e+12  9.62991174e+09
 9.19350000e+02  7.58394215e+16  7.22909029e+15  4.08338625e+10  5.85814575e+09  2.18000989e+12  9.62991174e+09
 9.19875000e+02  7.40096329e+16  8.76462225e+15  3.98486580e+10  7.10247522e+09  2.18000989e+12  9.62991174e+09
 9.20400000e+02  7.22239919e+16  1.02013934e+16  3.88872237e+10  8.26677313e+09  2.18000989e+12  9.62991174e+09
 9.20925000e+02  7.04814333e+16  1.15440138e+16  3.79489861e+10  9.35477529e+09  2.18000989e+12  9.62991174e+09
 9.21450000e+02  6.87809176e+16  1.27969018e+16  3.70333855e+10  1.03700622e+10  2.18000989e+12  9.62991174e+09
 9.21975000e+02  6.71214305e+16  1.39642920e+16  3.61398757e+10  1.13160653e+10  2.18000989e+12  9.62991174e+09
 9.22500000e+02  6.55019821e+16  1.50502416e+16  3.52679237e+10  1.21960725e+10  2.18000989e+12  9.62991174e+09
 9.22500000e+02  6.55019821e+16  0.00000000e+00  3.52679237e+10  0.00000000e+00  2.18000989e+12  9.62991174e+09
 9.22550000e+02  6.53498018e+16  1.51914211e+14  3.51859859e+10  1.23104783e+08  2.18000989e+12  9.62991174e+09
 9.22600000e+02  6.51979749e+16  3.02944599e+14  3.51042385e+10  2.45493353e+08  2.18000989e+12  9.62991174e+09
 9.22650000e+02  6.50465009e+16  4.53095070e+14  3.50226811e+10  3.67168877e+08  2.18000989e+12  9.62991174e+09
 9.22700000e+02  6.48953787e+16  6.02369519e+14  3.49413131e+10  4.88134509e+08  2.18000989e+12  9.62991174e+09
 9.22750000e+02  6.47446076e+16  7.50771823e+14  3.48601341e+10  6.08393392e+08  2.18000989e+12  9.62991174e+09
 9.22800000e+02  6.45941869e+16  8.98305843e+14  3.47791438e+10  7.27948656e+08  2.18000989e+12  9.62991174e+09
 9.22850000e+02  6.44441156e+16  1.04497543e+15  3.46983416e+10  8.46803418e+08  2.18000989e+12  9.62991174e+09
 9.22900000e+02  6.42943929e+16  1.19078441e+15  3.46177271e+10  9.64960782e+08  2.18000989e+12  9.62991174e+09
 9.22950000e+02  6.41450181e+16  1.33573660e+15  3.45373000e+10  1.08242384e+09  2.18000989e+12  9.62991174e+09
 9.23000000e+02  6.39959904e+16  1.47983580e+15  3.44570596e+10  1.19919568e+09  2.18000989e+12  9.62991174e+09
 9.23000000e+02  6.39959904e+16  1.47983580e+15  3.44570596e+10  1.19919568e+09  2.18000989e+12  9.62991174e+09
 9.23700000e+02  6.63517200e+16  3.48071632e+15  3.57254440e+10  2.82062372e+09  2.18000989e+12  9.62991174e+09
 9.24400000e+02  6.86319732e+16  5.45954398e+15  3.69531901e+10  4.42418107e+09  2.18000989e+12  9.62991174e+09
 9.25100000e+02  7.08391684e+16  7.41501392e+15  3.81415998e+10  6.00881032e+09  2.18000989e+12  9.62991174e+09
 9.25800000e+02  7.29756462e+16  9.34595933e+15  3.92919334e+10  7.57356593e+09  2.18000989e+12  9.62991174e+09
 9.26500000e+02  7.50436725e+16  1.12513423e+16  4.04054111e+10  9.11760688e+09  2.18000989e+12  9.62991174e+09
 9.27200000e+02  7.70454402e+16  1.31302456e+16  4.14832134e+10  1.06401898e+10  2.18000989e+12  9.62991174e+09
 9.27900000e+02  7.89830724e+16  1.49818641e+16  4.25264836e+10  1.21406623e+10  2.18000989e+12  9.62991174e+09
 9.28600000e+02  8.08586239e+16  1.68054979e+16  4.35363280e+10  1.36184572e+10  2.18000989e+12  9.62991174e+09
 9.29300000e+02  8.26740838e+16  1.86005446e+16  4.45138175e+10  1.50730863e+10  2.18000989e+12  9.62991174e+09
 9.30000000e+02  8.44313772e+16  2.03664928e+16  4.54599887e+10  1.65041352e+10  2.18000989e+12  9.62991174e+09
 9.30000000e+02  8.44313772e+16  2.03664928e+16  4.54599887e+10  1.65041352e+10  2.19701187e+12  9.62028183e+09
 9.30025000e+02  8.43332407e+16  2.04289257e+16  4.54071495e+10  1.65547282e+10  2.19701187e+12  9.62028183e+09
 9.30050000e+02  8.42352183e+16  2.04911355e+16  4.53543718e+10  1.66051403e+10  2.19701187e+12  9.62028183e+09
 9.30075000e+02  8.41373098e+16  2.05531226e+16  4.53016554e+10  1.66553720e+10  2.19701187e+12  9.62028183e+09
 9.30100000e+02  8.40395151e+16  2.06148876e+16  4.52490002e+10  1.67054237e+10  2.19701187e+12  9.62028183e+09
 9.30125000e+02  8.39418341e+16  2.06764310e+16  4.51964063e+10  1.67552959e+10  2.19701187e+12  9.62028183e+09
 9.30150000e+02  8.38442666e+16  2.07377534e+16  4.51438735e+10  1.68049889e+10  2.19701187e+12  9.62028183e+09
 9.30175000e+02  8.37468125e+16  2.07988552e+16  4.50914018e+10  1.68545032e+10  2.19701187e+12  9.62028183e+09
 9.30200000e+02  8.36494717e+16  2.08597369e+16  4.50389910e+10  1.69038391e+10  2.19701187e+12  9.62028183e+09
 9.30225000e+02  8.35522440e+16  2.09203992e+16  4.49866412e+10  1.69529972e+10  2.19701187e+12  9.62028183e+09
 9.30250000e+02  8.34551294e+16  2.09808425e+16  4.49343522e+10  1.70019779e+10  2.19701187e+12  9.62028183e+09
 9.30250000e+02  8.34551294e+16  0.00000000e+00  4.49343522e+10  0.00000000e+00  2.20918356e+12  9.61066155e+09
 9.30775000e+02  8.14415955e+16  1.97682874e+15  4.38502146e+10  1.60193751e+09  2.20918356e+12  9.61066155e+09
 9.31300000e+02  7.94766424e+16  3.83461764e+15  4.27922342e+10  3.10741022e+09  2.20918356e+12  9.61066155e+09
 9.31825000e+02  7.75590980e+16  5.57881364e+15  4.17597798e+10  4.52083210e+09  2.20918356e+12  9.61066155e+09
 9.32350000e+02  7.56878185e+16  7.21463934e+15  4.07522356e+10  5.84643532e+09  2.20918356e+12  9.61066155e+09
 9.32875000e+02  7.38616877e+16  8.74710177e+15  3.97690006e+10  7.08827737e+09  2.20918356e+12  9.61066155e+09
 9.33400000e+02  7.20796161e+16  1.01810008e+16  3.88094882e+10  8.25024785e+09  2.20918356e+12  9.61066155e+09
 9.33925000e+02  7.03405409e+16  1.15209373e+16  3.78731261e+10  9.33607510e+09  2.20918356e+12  9.61066155e+09
 9.34450000e+02  6.86434245e+16  1.27713208e+16  3.69593557e+10  1.03493325e+10  2.20918356e+12  9.61066155e+09
 9.34975000e+02  6.69872548e+16  1.39363773e+16  3.60676320e+10  1.12934445e+10  2.20918356e+12  9.61066155e+09
 9.35500000e+02  6.53710437e+16  1.50201562e+16  3.51974231e+10  1.21716925e+10  2.20918356e+12  9.61066155e+09
 9.35500000e+02  6.53710437e+16  0.00000000e+00  3.51974231e+10  0.00000000e+00  2.20918356e+12  9.61066155e+09
 9.35550000e+02  6.52191675e+16  1.51610535e+14  3.51156491e+10  1.22858697e+08  2.20918356e+12  9.61066155e+09
 9.35600000e+02  6.50676442e+16  3.02339012e+14  3.50340652e+10  2.45002612e+08  2.20918356e+12  9.61066155e+09
 9.35650000e+02  6.49164729e+16  4.52189333e+14  3.49526707e+10  3.66434906e+08  2.20918356e+12  9.61066155e+09
 9.35700000e+02  6.47656528e+16  6.01165382e+14  3.48714654e+10  4.87158728e+08  2.20918356e+12  9.61066155e+09
 9.35750000e+02  6.46151832e+16  7.49271030e+14  3.47904487e+10  6.07177214e+08  2.20918356e+12  9.61066155e+09
 9.35800000e+02  6.44650631e+16  8.96510130e+14  3.47096203e+10  7.26493487e+08  2.20918356e+12  9.61066155e+09
 9.35850000e+02  6.43152918e+16  1.04288652e+15  3.46289796e+10  8.45110658e+08  2.20918356e+12  9.61066155e+09
 9.35900000e+02  6.41658684e+16  1.18840403e+15  3.45485263e+10  9.63031826e+08  2.20918356e+12  9.61066155e+09
 9.35950000e+02  6.40167922e+16  1.33306646e+15  3.44682599e+10  1.08026008e+09  2.20918356e+12  9.61066155e+09
 9.36000000e+02  6.38680624e+16  1.47687761e+15  3.43881800e+10  1.19679848e+09  2.20918356e+12  9.61066155e+09
 9.36000000e+02  6.38680624e+16  1.47687761e+15  3.43881800e+10  1.19679848e+09  2.20918356e+12  9.61066155e+09
 9.36700000e+02  6.62190829e+16  3.47375837e+15  3.56540289e+10  2.81498529e+09  2.20918356e+12  9.61066155e+09
 9.37400000e+02  6.84947779e+16  5.44863035e+15  3.68793206e+10  4.41533713e+09  2.20918356e+12  9.61066155e+09
 9.38100000e+02  7.06975609e+16  7.40019131e+15  3.80653547e+10  5.99679871e+09  2.20918356e+12  9.61066155e+09
 9.38800000e+02  7.28297679e+16  9.32727675e+15  3.92133889e+10  7.55842638e+09  2.20918356e+12  9.61066155e+09
 9.39500000e+02  7.48936602e+16  1.12288509e+16  4.03246406e+10  9.09938078e+09  2.20918356e+12  9.61066155e+09
 9.40200000e+02  7.68914264e+16  1.31039982e+16  4.14002885e+10  1.06189200e+10  2.20918356e+12  9.61066155e+09
 9.40900000e+02  7.88251853e+16  1.49519154e+16  4.24414732e+10  1.21163931e+10  2.20918356e+12  9.61066155e+09
 9.41600000e+02  8.06969875e+16  1.67719037e+16  4.34492989e+10  1.35912339e+10  2.20918356e+12  9.61066155e+09
 9.42300000e+02  8.25088183e+16  1.85633621e+16  4.44248343e+10  1.50429552e+10  2.20918356e+12  9.61066155e+09
 9.43000000e+02  8.42625989e+16  2.03257802e+16  4.53691142e+10  1.64711434e+10  2.20918356e+12  9.61066155e+09
 9.43000000e+02  8.42625989e+16  2.03257802e+16  4.53691142e+10  1.64711434e+10  2.22615155e+12  9.60105089e+09
 9.43025000e+02  8.41646586e+16  2.03880883e+16  4.53163807e+10  1.65216353e+10  2.22615155e+12  9.60105089e+09
 9.43050000e+02  8.40668321e+16  2.04501737e+16  4.52637084e+10  1.65719466e+10  2.22615155e+12  9.60105089e+09
 9.43075000e+02  8.39691193e+16  2.05120369e+16  4.52110974e+10  1.66220779e+10  2.22615155e+12  9.60105089e+09
 9.43100000e+02  8.38715201e+16  2.05736784e+16  4.51585475e+10  1.66720296e+10  2.22615155e+12  9.60105089e+09
 9.43125000e+02  8.37740343e+16  2.06350988e+16  4.51060587e+10  1.67218020e+10  2.22615155e+12  9.60105089e+09
 9.43150000e+02  8.36766619e+16  2.06962986e+16  4.50536309e+10  1.67713957e+10  2.22615155e+12  9.60105089e+09
 9.43175000e+02  8.35794026e+16  2.07572783e+16  4.50012640e+10  1.68208110e+10  2.22615155e+12  9.60105089e+09
 9.43200000e+02  8.34822564e+16  2.08180383e+16  4.49489581e+10  1.68700484e+10  2.22615155e+12  9.60105089e+09
 9.43225000e+02  8.33852231e+16  2.08785793e+16  4.48967129e+10  1.69191082e+10  2.22615155e+12  9.60105089e+09
 9.43250000e+02  8.32883025e+16  2.09389018e+16  4.48445284e+10  1.69679909e+10  2.22615155e+12  9.60105089e+09
 9.43250000e+02  8.32883025e+16  0.00000000e+00  4.48445284e+10  0.00000000e+00  2.23829892e+12  9.59144984e+09
 9.43775000e+02  8.12787937e+16  1.97287706e+15  4.37625580e+10  1.59873524e+09  2.23829892e+12  9.59144984e+09
 9.44300000e+02  7.93177686e+16  3.82695224e+15  4.27066925e+10  3.10119851e+09  2.23829892e+12  9.59144984e+09
 9.44825000e+02  7.74040574e+16  5.56766159e+15  4.16763020e+10  4.51179495e+09  2.23829892e+12  9.59144984e+09
 9.45350000e+02  7.55365186e+16  7.20021727e+15  4.06707719e+10  5.83474830e+09  2.23829892e+12  9.59144984e+09
 9.45875000e+02  7.37140382e+16  8.72961631e+15  3.96895023e+10  7.07410790e+09  2.23829892e+12  9.59144984e+09
 9.46400000e+02  7.19355290e+16  1.01606490e+16  3.87319080e+10  8.23375561e+09  2.23829892e+12  9.59144984e+09
 9.46925000e+02  7.01999301e+16  1.14979069e+16  3.77974177e+10  9.31741228e+09  2.23829892e+12  9.59144984e+09
 9.47450000e+02  6.85062063e+16  1.27457910e+16  3.68854740e+10  1.03286442e+10  2.23829892e+12  9.59144984e+09
 9.47975000e+02  6.68533473e+16  1.39085185e+16  3.59955328e+10  1.12708689e+10  2.23829892e+12  9.59144984e+09
 9.48500000e+02  6.52403670e+16  1.49901309e+16  3.51270635e+10  1.21473613e+10  2.23829892e+12  9.59144984e+09
 9.48500000e+02  6.52403670e+16  0.00000000e+00  3.51270635e+10  0.00000000e+00  2.23829892e+12  9.59144984e+09
 9.48550000e+02  6.50887944e+16  1.51307465e+14  3.50454530e+10  1.22613102e+08  2.23829892e+12  9.59144984e+09
 9.48600000e+02  6.49375740e+16  3.01734637e+14  3.49640321e+10  2.44512851e+08  2.23829892e+12  9.59144984e+09
 9.48650000e+02  6.47867049e+16  4.51285406e+14  3.48828003e+10  3.65702403e+08  2.23829892e+12  9.59144984e+09
 9.48700000e+02  6.46361863e+16  5.99963653e+14  3.48017573e+10  4.86184898e+08  2.23829892e+12  9.59144984e+09
 9.48750000e+02  6.44860174e+16  7.47773237e+14  3.47209026e+10  6.05963467e+08  2.23829892e+12  9.59144984e+09
 9.48800000e+02  6.43361974e+16  8.94718006e+14  3.46402357e+10  7.25041226e+08  2.23829892e+12  9.59144984e+09
 9.48850000e+02  6.41867255e+16  1.04080179e+15  3.45597563e+10  8.43421282e+08  2.23829892e+12  9.59144984e+09
 9.48900000e+02  6.40376009e+16  1.18602841e+15  3.44794638e+10  9.61106725e+08  2.23829892e+12  9.59144984e+09
 9.48950000e+02  6.38888227e+16  1.33040166e+15  3.43993578e+10  1.07810064e+09  2.23829892e+12  9.59144984e+09
 9.49000000e+02  6.37403902e+16  1.47392533e+15  3.43194380e+10  1.19440608e+09  2.23829892e+12  9.59144984e+09
 9.49000000e+02  6.37403902e+16  1.47392533e+15  3.43194380e+10  1.19440608e+09  2.23829892e+12  9.59144984e+09
 9.49700000e+02  6.60867109e+16  3.46681433e+15  3.55827565e+10  2.80935814e+09  2.23829892e+12  9.59144984e+09
 9.50400000e+02  6.83578569e+16  5.43773854e+15  3.68055989e+10  4.40651087e+09  2.23829892e+12  9.59144984e+09
 9.51100000e+02  7.05562365e+16  7.38539833e+15  3.79892621e+10  5.98481111e+09  2.23829892e+12  9.59144984e+09
 9.51800000e+02  7.26841812e+16  9.30863153e+15  3.91350013e+10  7.54331708e+09  2.23829892e+12  9.59144984e+09
 9.52500000e+02  7.47439477e+16  1.12064044e+16  4.02440317e+10  9.08119112e+09  2.23829892e+12  9.59144984e+09
 9.53200000e+02  7.67377204e+16  1.30778033e+16  4.13175293e+10  1.05976928e+10  2.23829892e+12  9.59144984e+09
 9.53900000e+02  7.86676137e+16  1.49220265e+16  4.23566327e+10  1.20921724e+10  2.23829892e+12  9.59144984e+09
 9.54600000e+02  8.05356743e+16  1.67383767e+16  4.33624437e+10  1.35640650e+10  2.23829892e+12  9.59144984e+09
 9.55300000e+02  8.23438831e+16  1.85262540e+16  4.43360291e+10  1.50128843e+10  2.23829892e+12  9.59144984e+09
 9.56000000e+02  8.40941580e+16  2.02851490e+16  4.52784213e+10  1.64382176e+10  2.23829892e+12  9.59144984e+09
 9.56000000e+02  8.40941580e+16  2.02851490e+16  4.52784213e+10  1.64382176e+10  2.25523299e+12  9.58185839e+09
 9.56025000e+02  8.39964134e+16  2.03473325e+16  4.52257932e+10  1.64886085e+10  2.25523299e+12  9.58185839e+09
 9.56050000e+02  8.38987825e+16  2.04092938e+16  4.51732262e+10  1.65388193e+10  2.25523299e+12  9.58185839e+09
 9.56075000e+02  8.38012650e+16  2.04710333e+16  4.51207204e+10  1.65888504e+10  2.25523299e+12  9.58185839e+09
 9.56100000e+02  8.37038609e+16  2.05325517e+16  4.50682756e+10  1.66387022e+10  2.25523299e+12  9.58185839e+09
 9.56125000e+02  8.36065701e+16  2.05938493e+16  4.50158917e+10  1.66883751e+10  2.25523299e+12  9.58185839e+09
 9.56150000e+02  8.35093922e+16  2.06549267e+16  4.49635687e+10  1.67378697e+10  2.25523299e+12  9.58185839e+09
 9.56175000e+02  8.34123274e+16  2.07157845e+16  4.49113065e+10  1.67871862e+10  2.25523299e+12  9.58185839e+09
 9.56200000e+02  8.33153754e+16  2.07764231e+16  4.48591051e+10  1.68363251e+10  2.25523299e+12  9.58185839e+09
 9.56225000e+02  8.32185360e+16  2.08368430e+16  4.48069643e+10  1.68852869e+10  2.25523299e+12  9.58185839e+09
 9.56250000e+02  8.31218092e+16  2.08970449e+16  4.47548842e+10  1.69340719e+10  2.25523299e+12  9.58185839e+09
 9.56250000e+02  8.31218092e+16  0.00000000e+00  4.47548842e+10  0.00000000e+00  2.26735607e+12  9.57227653e+09
 9.56775000e+02  8.11163174e+16  1.96893328e+15  4.36750767e+10  1.59553937e+09  2.26735607e+12  9.57227653e+09
 9.57300000e+02  7.91592124e+16  3.81930216e+15  4.26213218e+10  3.09499921e+09  2.26735607e+12  9.57227653e+09
 9.57825000e+02  7.72493267e+16  5.55653183e+15  4.15929911e+10  4.50277588e+09  2.26735607e+12  9.57227653e+09
 9.58350000e+02  7.53855211e+16  7.18582404e+15  4.05894710e+10  5.82308464e+09  2.26735607e+12  9.57227653e+09
 9.58875000e+02  7.35666838e+16  8.71216581e+15  3.96101630e+10  7.05996676e+09  2.26735607e+12  9.57227653e+09
 9.59400000e+02  7.17917299e+16  1.01403378e+16  3.86544829e+10  8.21729633e+09  2.26735607e+12  9.57227653e+09
 9.59925000e+02  7.00596005e+16  1.14749226e+16  3.77218607e+10  9.29878678e+09  2.26735607e+12  9.57227653e+09
 9.60450000e+02  6.83692624e+16  1.27203121e+16  3.68117399e+10  1.03079972e+10  2.26735607e+12  9.57227653e+09
 9.60975000e+02  6.67197074e+16  1.38807154e+16  3.59235778e+10  1.12483384e+10  2.26735607e+12  9.57227653e+09
 9.61500000e+02  6.51099515e+16  1.49601657e+16  3.50568445e+10  1.21230788e+10  2.26735607e+12  9.57227653e+09
 9.61500000e+02  6.51099515e+16  0.00000000e+00  3.50568445e+10  0.00000000e+00  2.26735607e+12  9.57227653e+09
 9.61550000e+02  6.49586819e+16  1.51005002e+14  3.49753971e+10  1.22367999e+08  2.26735607e+12  9.57227653e+09
 9.61600000e+02  6.48077638e+16  3.01131469e+14  3.48941390e+10  2.44024070e+08  2.26735607e+12  9.57227653e+09
 9.61650000e+02  6.46571963e+16  4.50383287e+14  3.48130696e+10  3.64971364e+08  2.26735607e+12  9.57227653e+09
 9.61700000e+02  6.45069786e+16  5.98764325e+14  3.47321886e+10  4.85213014e+08  2.26735607e+12  9.57227653e+09
 9.61750000e+02  6.43571099e+16  7.46278438e+14  3.46514955e+10  6.04752146e+08  2.26735607e+12  9.57227653e+09
 9.61800000e+02  6.42075894e+16  8.92929465e+14  3.45709899e+10  7.23591869e+08  2.26735607e+12  9.57227653e+09
 9.61850000e+02  6.40584163e+16  1.03872123e+15  3.44906713e+10  8.41735283e+08  2.26735607e+12  9.57227653e+09
 9.61900000e+02  6.39095897e+16  1.18365754e+15  3.44105393e+10  9.59185473e+08  2.26735607e+12  9.57227653e+09
 9.61950000e+02  6.37611089e+16  1.32774219e+15  3.43305935e+10  1.07594551e+09  2.26735607e+12  9.57227653e+09
 9.62000000e+02  6.36129731e+16  1.47097895e+15  3.42508335e+10  1.19201847e+09  2.26735607e+12  9.57227653e+09
 9.62000000e+02  6.36129731e+16  1.47097895e+15  3.42508335e+10  1.19201847e+09  2.26735607e+12  9.57227653e+09
 9.62700000e+02  6.59546036e+16  3.45988417e+15  3.55116265e+10  2.80374223e+09  2.26735607e+12  9.57227653e+09
 9.63400000e+02  6.82212095e+16  5.42686850e+15  3.67320245e+10  4.39770225e+09  2.26735607e+12  9.57227653e+09
 9.64100000e+02  7.04151946e+16  7.37063492e+15  3.79133215e+10  5.97284747e+09  2.26735607e+12  9.57227653e+09
 9.64800000e+02  7.25388855e+16  9.29002357e+15  3.90567704e+10  7.52823799e+09  2.26735607e+12  9.57227653e+09
 9.65500000e+02  7.45945346e+16  1.11840028e+16  4.01635839e+10  9.06303782e+09  2.26735607e+12  9.57227653e+09
 9.66200000e+02  7.65843217e+16  1.30516608e+16  4.12349356e+10  1.05765080e+10  2.26735607e+12  9.57227653e+09
 9.66900000e+02  7.85103572e+16  1.48921974e+16  4.22719618e+10  1.20680002e+10  2.26735607e+12  9.57227653e+09
 9.67600000e+02  8.03746834e+16  1.67049167e+16  4.32757622e+10  1.35369504e+10  2.26735607e+12  9.57227653e+09
 9.68300000e+02  8.21792777e+16  1.84892200e+16  4.42474014e+10  1.49828735e+10  2.26735607e+12  9.57227653e+09
 9.69000000e+02  8.39260537e+16  2.02445990e+16  4.51879098e+10  1.64053576e+10  2.26735607e+12  9.57227653e+09
 9.69000000e+02  8.39260537e+16  2.02445990e+16  4.51879098e+10  1.64053576e+10  2.28425629e+12  9.56270425e+09
 9.69025000e+02  8.38285046e+16  2.03066582e+16  4.51353868e+10  1.64556478e+10  2.28425629e+12  9.56270425e+09
 9.69050000e+02  8.37310688e+16  2.03684956e+16  4.50829250e+10  1.65057582e+10  2.28425629e+12  9.56270425e+09
 9.69075000e+02  8.36337463e+16  2.04301117e+16  4.50305241e+10  1.65556892e+10  2.28425629e+12  9.56270425e+09
 9.69100000e+02  8.35365369e+16  2.04915071e+16  4.49781841e+10  1.66054414e+10  2.28425629e+12  9.56270425e+09
 9.69125000e+02  8.34394405e+16  2.05526822e+16  4.49259049e+10  1.66550151e+10  2.28425629e+12  9.56270425e+09
 9.69150000e+02  8.33424570e+16  2.06136375e+16  4.48736865e+10  1.67044107e+10  2.28425629e+12  9.56270425e+09
 9.69175000e+02  8.32455862e+16  2.06743736e+16  4.48215288e+10  1.67536286e+10  2.28425629e+12  9.56270425e+09
 9.69200000e+02  8.31488279e+16  2.07348910e+16  4.47694317e+10  1.68026693e+10  2.28425629e+12  9.56270425e+09
 9.69225000e+02  8.30521822e+16  2.07951902e+16  4.47173952e+10  1.68515332e+10  2.28425629e+12  9.56270425e+09
 9.69250000e+02  8.29556487e+16  2.08552717e+16  4.46654192e+10  1.69002207e+10  2.28425629e+12  9.56270425e+09
 9.69250000e+02  8.29556487e+16  0.00000000e+00  4.46654192e+10  0.00000000e+00  2.29635513e+12  9.55314155e+09
 9.69775000e+02  8.09541659e+16  1.96499738e+15  4.35877702e+10  1.59234988e+09  2.29635513e+12  9.55314155e+09
 9.70300000e+02  7.90009731e+16  3.81166738e+15  4.25361218e+10  3.08881231e+09  2.29635513e+12  9.55314155e+09
 9.70825000e+02  7.70949053e+16  5.54542433e+15  4.15098467e+10  4.49377483e+09  2.29635513e+12  9.55314155e+09
 9.71350000e+02  7.52348254e+16  7.17145958e+15  4.05083327e+10  5.81144429e+09  2.29635513e+12  9.55314155e+09
 9.71875000e+02  7.34196240e+16  8.69475019e+15  3.95309823e+10  7.04585389e+09  2.29635513e+12  9.55314155e+09
 9.72400000e+02  7.16482182e+16  1.01200673e+16  3.85772126e+10  8.20086995e+09  2.29635513e+12  9.55314155e+09
 9.72925000e+02  6.99195513e+16  1.14519842e+16  3.76464547e+10  9.28019850e+09  2.29635513e+12  9.55314155e+09
 9.73450000e+02  6.82325923e+16  1.26948842e+16  3.67381532e+10  1.02873915e+10  2.29635513e+12  9.55314155e+09
 9.73975000e+02  6.65863347e+16  1.38529678e+16  3.58517665e+10  1.12258530e+10  2.29635513e+12  9.55314155e+09
 9.74500000e+02  6.49797967e+16  1.49302603e+16  3.49867658e+10  1.20988447e+10  2.29635513e+12  9.55314155e+09
 9.74500000e+02  6.49797967e+16  0.00000000e+00  3.49867658e+10  0.00000000e+00  2.29635513e+12  9.55314155e+09
 9.74550000e+02  6.48288295e+16  1.50703143e+14  3.49054813e+10  1.22123385e+08  2.29635513e+12  9.55314155e+09
 9.74600000e+02  6.46782130e+16  3.00529507e+14  3.48243856e+10  2.43536266e+08  2.29635513e+12  9.55314155e+09
 9.74650000e+02  6.45279465e+16  4.49482971e+14  3.47434783e+10  3.64241786e+08  2.29635513e+12  9.55314155e+09
 9.74700000e+02  6.43780291e+16  5.97567395e+14  3.46627590e+10  4.84243073e+08  2.29635513e+12  9.55314155e+09
 9.74750000e+02  6.42284600e+16  7.44786628e+14  3.45822272e+10  6.03543246e+08  2.29635513e+12  9.55314155e+09
 9.74800000e+02  6.40792384e+16  8.91144499e+14  3.45018825e+10  7.22145409e+08  2.29635513e+12  9.55314155e+09
 9.74850000e+02  6.39303635e+16  1.03664483e+15  3.44217245e+10  8.40052654e+08  2.29635513e+12  9.55314155e+09
 9.74900000e+02  6.37818344e+16  1.18129141e+15  3.43417527e+10  9.57268061e+08  2.29635513e+12  9.55314155e+09
 9.74950000e+02  6.36336505e+16  1.32508803e+15  3.42619667e+10  1.07379470e+09  2.29635513e+12  9.55314155e+09
 9.75000000e+02  6.34858108e+16  1.46803847e+15  3.41823660e+10  1.18963562e+09  2.29635513e+12  9.55314155e+09
 9.75000000e+02  6.34858108e+16  1.46803847e+15  3.41823660e+10  1.18963562e+09  2.29635513e+12  9.55314155e+09
 9.75700000e+02  6.58227604e+16  3.45296786e+15  3.54406388e+10  2.79813755e+09  2.29635513e+12  9.55314155e+09
 9.76400000e+02  6.80848353e+16  5.41602019e+15  3.66585972e+10  4.38891125e+09  2.29635513e+12  9.55314155e+09
 9.77100000e+02  7.02744346e+16  7.35590102e+15  3.78375328e+10  5.96090775e+09  2.29635513e+12  9.55314155e+09
 9.77800000e+02  7.23938803e+16  9.27145282e+15  3.89786960e+10  7.51318904e+09  2.29635513e+12  9.55314155e+09
 9.78500000e+02  7.44454201e+16  1.11616460e+16  4.00832969e+10  9.04492081e+09  2.29635513e+12  9.55314155e+09
 9.79200000e+02  7.64312297e+16  1.30255705e+16  4.11525069e+10  1.05553656e+10  2.29635513e+12  9.55314155e+09
 9.79900000e+02  7.83534149e+16  1.48624279e+16  4.21874601e+10  1.20438762e+10  2.29635513e+12  9.55314155e+09
 9.80600000e+02  8.02140144e+16  1.66715236e+16  4.31892539e+10  1.35098901e+10  2.29635513e+12  9.55314155e+09
 9.81300000e+02  8.20150013e+16  1.84522600e+16  4.41589508e+10  1.49529228e+10  2.29635513e+12  9.55314155e+09
 9.82000000e+02  8.37582856e+16  2.02041300e+16  4.50975791e+10  1.63725633e+10  2.29635513e+12  9.55314155e+09
 9.82000000e+02  8.37582856e+16  2.02041300e+16  4.50975791e+10  1.63725633e+10  2.31322157e+12  9.54358841e+09
 9.82025000e+02  8.36609314e+16  2.02660652e+16  4.50451612e+10  1.64227529e+10  2.31322157e+12  9.54358841e+09
 9.82050000e+02  8.35636904e+16  2.03277790e+16  4.49928042e+10  1.64727632e+10  2.31322157e+12  9.54358841e+09
 9.82075000e+02  8.34665625e+16  2.03892720e+16  4.49405080e+10  1.65225944e+10  2.31322157e+12  9.54358841e+09
 9.82100000e+02  8.33695474e+16  2.04505446e+16  4.48882727e+10  1.65722471e+10  2.31322157e+12  9.54358841e+09
 9.82125000e+02  8.32726451e+16  2.05115974e+16  4.48360980e+10  1.66217217e+10  2.31322157e+12  9.54358841e+09
 9.82150000e+02  8.31758554e+16  2.05724308e+16  4.47839840e+10  1.66710186e+10  2.31322157e+12  9.54358841e+09
 9.82175000e+02  8.30791782e+16  2.06330455e+16  4.47319306e+10  1.67201381e+10  2.31322157e+12  9.54358841e+09
 9.82200000e+02  8.29826134e+16  2.06934420e+16  4.46799376e+10  1.67690808e+10  2.31322157e+12  9.54358841e+09
 9.82225000e+02  8.28861609e+16  2.07536206e+16  4.46280051e+10  1.68178470e+10  2.31322157e+12  9.54358841e+09
 9.82250000e+02  8.27898204e+16  2.08135820e+16  4.45761330e+10  1.68664372e+10  2.31322157e+12  9.54358841e+09
 9.82250000e+02  8.27898204e+16  0.00000000e+00  4.45761330e+10  0.00000000e+00  2.32529623e+12  9.53404482e+09
 9.82775000e+02  8.07923385e+16  1.96106935e+15  4.35006382e+10  1.58916678e+09  2.32529623e+12  9.53404482e+09
 9.83300000e+02  7.88430502e+16  3.80404785e+15  4.24510921e+10  3.08263777e+09  2.32529623e+12  9.53404482e+09
 9.83825000e+02  7.69407926e+16  5.53433902e+15  4.14268685e+10  4.48479177e+09  2.32529623e+12  9.53404482e+09
 9.84350000e+02  7.50844310e+16  7.15712383e+15  4.04273565e+10  5.79982721e+09  2.32529623e+12  9.53404482e+09
 9.84875000e+02  7.32728582e+16  8.67736938e+15  3.94519599e+10  7.03176922e+09  2.32529623e+12  9.53404482e+09
 9.85400000e+02  7.15049934e+16  1.00998373e+16  3.85000968e+10  8.18447641e+09  2.32529623e+12  9.53404482e+09
 9.85925000e+02  6.97797822e+16  1.14290917e+16  3.75711994e+10  9.26164739e+09  2.32529623e+12  9.53404482e+09
 9.86450000e+02  6.80961953e+16  1.26695071e+16  3.66647137e+10  1.02668270e+10  2.32529623e+12  9.53404482e+09
 9.86975000e+02  6.64532286e+16  1.38252758e+16  3.57800989e+10  1.12034125e+10  2.32529623e+12  9.53404482e+09
 9.87500000e+02  6.48499021e+16  1.49004147e+16  3.49168273e+10  1.20746591e+10  2.32529623e+12  9.53404482e+09
 9.87500000e+02  6.48499021e+16  0.00000000e+00  3.49168273e+10  0.00000000e+00  2.32529623e+12  9.53404482e+09
 9.87550000e+02  6.46992367e+16  1.50401887e+14  3.48357052e+10  1.21879260e+08  2.32529623e+12  9.53404482e+09
 9.87600000e+02  6.45489213e+16  2.99928749e+14  3.47547716e+10  2.43049437e+08  2.32529623e+12  9.53404482e+09
 9.87650000e+02  6.43989552e+16  4.48584454e+14  3.46740261e+10  3.63513666e+08  2.32529623e+12  9.53404482e+09
 9.87700000e+02  6.42493374e+16  5.96372858e+14  3.45934681e+10  4.83275071e+08  2.32529623e+12  9.53404482e+09
 9.87750000e+02  6.41000673e+16  7.43297799e+14  3.45130973e+10  6.02336763e+08  2.32529623e+12  9.53404482e+09
 9.87800000e+02  6.39511440e+16  8.89363101e+14  3.44329132e+10  7.20701840e+08  2.32529623e+12  9.53404482e+09
 9.87850000e+02  6.38025667e+16  1.03457257e+15  3.43529154e+10  8.38373389e+08  2.32529623e+12  9.53404482e+09
 9.87900000e+02  6.36543345e+16  1.17893001e+15  3.42731035e+10  9.55354482e+08  2.32529623e+12  9.53404482e+09
 9.87950000e+02  6.35064468e+16  1.32243918e+15  3.41934770e+10  1.07164818e+09  2.32529623e+12  9.53404482e+09
 9.88000000e+02  6.33589026e+16  1.46510386e+15  3.41140355e+10  1.18725754e+09  2.32529623e+12  9.53404482e+09
 9.88000000e+02  6.33589026e+16  1.46510386e+15  3.41140355e+10  1.18725754e+09  2.32529623e+12  9.53404482e+09
 9.88700000e+02  6.56911807e+16  3.44606538e+15  3.53697930e+10  2.79254407e+09  2.32529623e+12  9.53404482e+09
 9.89400000e+02  6.79487337e+16  5.40519357e+15  3.65853166e+10  4.38013781e+09  2.32529623e+12  9.53404482e+09
 9.90100000e+02  7.01339560e+16  7.34119657e+15  3.77618956e+10  5.94899189e+09  2.32529623e+12  9.53404482e+09
 9.90800000e+02  7.22491649e+16  9.25291918e+15  3.89007775e+10  7.49817018e+09  2.32529623e+12  9.53404482e+09
 9.91500000e+02  7.42966037e+16  1.11393339e+16  4.00031704e+10  9.02684001e+09  2.32529623e+12  9.53404482e+09
 9.92200000e+02  7.62784436e+16  1.29995324e+16  4.10702431e+10  1.05342654e+10  2.32529623e+12  9.53404482e+09
 9.92900000e+02  7.81967865e+16  1.48327179e+16  4.21031274e+10  1.20198005e+10  2.32529623e+12  9.53404482e+09
 9.93600000e+02  8.00536666e+16  1.66381972e+16  4.31029186e+10  1.34828838e+10  2.32529623e+12  9.53404482e+09
 9.94300000e+02  8.18510533e+16  1.84153740e+16  4.40706771e+10  1.49230319e+10  2.32529623e+12  9.53404482e+09
 9.95000000e+02  8.35908528e+16  2.01637420e+16  4.50074291e+10  1.63398346e+10  2.32529623e+12  9.53404482e+09
 9.95000000e+02  8.35908528e+16  2.01637420e+16  4.50074291e+10  1.63398346e+10  2.34212895e+12  9.52451077e+09
 9.95025000e+02  8.34936932e+16  2.02255533e+16  4.49551159e+10  1.63899239e+10  2.34212895e+12  9.52451077e+09
 9.95050000e+02  8.33966466e+16  2.02871438e+16  4.49028636e+10  1.64398341e+10  2.34212895e+12  9.52451077e+09
 9.95075000e+02  8.32997128e+16  2.03485138e+16  4.48506720e+10  1.64895658e+10  2.34212895e+12  9.52451077e+09
 9.95100000e+02  8.32028917e+16  2.04096639e+16  4.47985410e+10  1.65391192e+10  2.34212895e+12  9.52451077e+09
 9.95125000e+02  8.31061831e+16  2.04705947e+16  4.47464707e+10  1.65884949e+10  2.34212895e+12  9.52451077e+09
 9.95150000e+02  8.30095869e+16  2.05313066e+16  4.46944608e+10  1.66376932e+10  2.34212895e+12  9.52451077e+09
 9.95175000e+02  8.29131029e+16  2.05918001e+16  4.46425114e+10  1.66867146e+10  2.34212895e+12  9.52451077e+09
 9.95200000e+02  8.28167312e+16  2.06520758e+16  4.45906224e+10  1.67355594e+10  2.34212895e+12  9.52451077e+09
 9.95225000e+02  8.27204714e+16  2.07121341e+16  4.45387938e+10  1.67842281e+10  2.34212895e+12  9.52451077e+09
 9.95250000e+02  8.26243235e+16  2.07719757e+16  4.44870253e+10  1.68327212e+10  2.34212895e+12  9.52451077e+09
 9.95250000e+02  8.26243235e+16  0.00000000e+00  4.44870253e+10  0.00000000e+00  2.35417947e+12  9.51498626e+09
 9.95775000e+02  8.06308346e+16  1.95714918e+15  4.34136805e+10  1.58599003e+09  2.35417947e+12  9.51498626e+09
 9.96300000e+02  7.86854429e+16  3.79644356e+15  4.23662324e+10  3.07647558e+09  2.35417947e+12  9.51498626e+09
 9.96825000e+02  7.67869879e+16  5.52327588e+15  4.13440562e+10  4.47582667e+09  2.35417947e+12  9.51498626e+09
 9.97350000e+02  7.49343372e+16  7.14281674e+15  4.03465422e+10  5.78823336e+09  2.35417947e+12  9.51498626e+09
 9.97875000e+02  7.31263857e+16  8.66002332e+15  3.93730954e+10  7.01771272e+09  2.35417947e+12  9.51498626e+09
 9.98400000e+02  7.13620549e+16  1.00796477e+16  3.84231351e+10  8.16811565e+09  2.35417947e+12  9.51498626e+09
 9.98925000e+02  6.96402924e+16  1.14062450e+16  3.74960946e+10  9.24313335e+09  2.35417947e+12  9.51498626e+09
 9.99450000e+02  6.79600710e+16  1.26441808e+16  3.65914209e+10  1.02463036e+10  2.35417947e+12  9.51498626e+09
 9.99975000e+02  6.63203886e+16  1.37976390e+16  3.57085744e+10  1.11810169e+10  2.35417947e+12  9.51498626e+09
 1.00050000e+03  6.47202671e+16  1.48706288e+16  3.48470285e+10  1.20505219e+10  2.35417947e+12  9.51498626e+09
 1.00050000e+03  6.47202671e+16  0.00000000e+00  3.48470285e+10  0.00000000e+00  2.35417947e+12  9.51498626e+09
 1.00055000e+03  6.45699029e+16  1.50101234e+14  3.47660686e+10  1.21635624e+08  2.35417947e+12  9.51498626e+09
 1.00060000e+03  6.44198880e+16  2.99329191e+14  3.46852968e+10  2.42563581e+08  2.35417947e+12  9.51498626e+09
 1.00065000e+03  6.42702216e+16  4.47687734e+14  3.46047127e+10  3.62787003e+08  2.35417947e+12  9.51498626e+09
 1.00070000e+03  6.41209030e+16  5.95180709e+14  3.45243158e+10  4.82309005e+08  2.35417947e+12  9.51498626e+09
 1.00075000e+03  6.39719313e+16  7.41811947e+14  3.44441056e+10  6.01132692e+08  2.35417947e+12  9.51498626e+09
 1.00080000e+03  6.38233057e+16  8.87585264e+14  3.43640818e+10  7.19261157e+08  2.35417947e+12  9.51498626e+09
 1.00085000e+03  6.36750254e+16  1.03250446e+15  3.42842440e+10  8.36697480e+08  2.35417947e+12  9.51498626e+09
 1.00090000e+03  6.35270895e+16  1.17657333e+15  3.42045916e+10  9.53444729e+08  2.35417947e+12  9.51498626e+09
 1.00095000e+03  6.33794974e+16  1.31979562e+15  3.41251242e+10  1.06950596e+09  2.35417947e+12  9.51498626e+09
 1.00100000e+03  6.32322482e+16  1.46217512e+15  3.40458415e+10  1.18488421e+09  2.35417947e+12  9.51498626e+09
 1.00100000e+03  6.32322482e+16  1.46217512e+15  3.40458415e+10  1.18488421e+09  2.35417947e+12  9.51498626e+09
 1.00170000e+03  6.55598640e+16  3.43917669e+15  3.52990887e+10  2.78696178e+09  2.35417947e+12  9.51498626e+09
 1.00240000e+03  6.78129042e+16  5.39438858e+15  3.65121826e+10  4.37138192e+09  2.35417947e+12  9.51498626e+09
 1.00310000e+03  6.99937582e+16  7.32652152e+15  3.76864095e+10  5.93709986e+09  2.35417947e+12  9.51498626e+09
 1.00380000e+03  7.21047389e+16  9.23442260e+15  3.88230149e+10  7.48318134e+09  2.35417947e+12  9.51498626e+09
 1.00450000e+03  7.41480848e+16  1.11170664e+16  3.99232040e+10  9.00879536e+09  2.35417947e+12  9.51498626e+09
 1.00520000e+03  7.61259630e+16  1.29735464e+16  4.09881437e+10  1.05132074e+10  2.35417947e+12  9.51498626e+09
 1.00590000e+03  7.80404711e+16  1.48030673e+16  4.20189632e+10  1.19957730e+10  2.35417947e+12  9.51498626e+09
 1.00660000e+03  7.98936394e+16  1.66049374e+16  4.30167559e+10  1.34559315e+10  2.35417947e+12  9.51498626e+09
 1.00730000e+03  8.16874331e+16  1.83785616e+16  4.39825798e+10  1.48932007e+10  2.35417947e+12  9.51498626e+09
 1.00800000e+03  8.34237546e+16  2.01234347e+16  4.49174592e+10  1.63071712e+10  2.35417947e+12  9.51498626e+09
 1.00800000e+03  8.34237546e+16  2.01234347e+16  4.49174592e+10  1.63071712e+10  2.37097854e+12  9.50547128e+09
 1.00802500e+03  8.33267893e+16  2.01851225e+16  4.48652507e+10  1.63571604e+10  2.37097854e+12  9.50547128e+09
 1.00805000e+03  8.32299367e+16  2.02465898e+16  4.48131028e+10  1.64069709e+10  2.37097854e+12  9.50547128e+09
 1.00807500e+03  8.31331967e+16  2.03078371e+16  4.47610155e+10  1.64566031e+10  2.37097854e+12  9.50547128e+09
 1.00810000e+03  8.30365691e+16  2.03688650e+16  4.47089887e+10  1.65060575e+10  2.37097854e+12  9.50547128e+09
 1.00812500e+03  8.29400538e+16  2.04296740e+16  4.46570225e+10  1.65553345e+10  2.37097854e+12  9.50547128e+09
 1.00815000e+03  8.28436507e+16  2.04902645e+16  4.46051166e+10  1.66044344e+10  2.37097854e+12  9.50547128e+09
 1.00817500e+03  8.27473597e+16  2.05506371e+16  4.45532711e+10  1.66533578e+10  2.37097854e+12  9.50547128e+09
 1.00820000e+03  8.26511805e+16  2.06107923e+16  4.45014858e+10  1.67021050e+10  2.37097854e+12  9.50547128e+09
 1.00822500e+03  8.25551132e+16  2.06707306e+16  4.44497607e+10  1.67506765e+10  2.37097854e+12  9.50547128e+09
 1.00825000e+03  8.24591575e+16  2.07304525e+16  4.43980958e+10  1.67990725e+10  2.37097854e+12  9.50547128e+09
 1.00825000e+03  8.24591575e+16  0.00000000e+00  4.43980958e+10  0.00000000e+00  2.38300498e+12  9.49596580e+09
 1.00877500e+03  8.04696536e+16  1.95323684e+15  4.33268965e+10  1.58281964e+09  2.38300498e+12  9.49596580e+09
 1.00930000e+03  7.85281507e+16  3.78885447e+15  4.22815423e+10  3.07032570e+09  2.38300498e+12  9.49596580e+09
 1.00982500e+03  7.66334907e+16  5.51223485e+15  4.12614094e+10  4.46687949e+09  2.38300498e+12  9.49596580e+09
 1.01035000e+03  7.47845435e+16  7.12853825e+15  4.02658895e+10  5.77666268e+09  2.38300498e+12  9.49596580e+09
 1.01087500e+03  7.29802061e+16  8.64271194e+15  3.92943886e+10  7.00368431e+09  2.38300498e+12  9.49596580e+09
 1.01140000e+03  7.12194022e+16  1.00594985e+16  3.83463272e+10  8.15178758e+09  2.38300498e+12  9.49596580e+09
 1.01192500e+03  6.95010814e+16  1.13834439e+16  3.74211399e+10  9.22465633e+09  2.38300498e+12  9.49596580e+09
 1.01245000e+03  6.78242189e+16  1.26189051e+16  3.65182747e+10  1.02258213e+10  2.38300498e+12  9.49596580e+09
 1.01297500e+03  6.61878142e+16  1.37700576e+16  3.56371930e+10  1.11586660e+10  2.38300498e+12  9.49596580e+09
 1.01350000e+03  6.45908913e+16  1.48409024e+16  3.47773693e+10  1.20264329e+10  2.38300498e+12  9.49596580e+09
 1.01350000e+03  6.45908913e+16  0.00000000e+00  3.47773693e+10  0.00000000e+00  2.38300498e+12  9.49596580e+09
 1.01355000e+03  6.44408276e+16  1.49801181e+14  3.46965713e+10  1.21392474e+08  2.38300498e+12  9.49596580e+09
 1.01360000e+03  6.42911126e+16  2.98730832e+14  3.46159609e+10  2.42078697e+08  2.38300498e+12  9.49596580e+09
 1.01365000e+03  6.41417455e+16  4.46792806e+14  3.45355379e+10  3.62061791e+08  2.38300498e+12  9.49596580e+09
 1.01370000e+03  6.39927253e+16  5.93990943e+14  3.44553017e+10  4.81344869e+08  2.38300498e+12  9.49596580e+09
 1.01375000e+03  6.38440514e+16  7.40329065e+14  3.43752518e+10  5.99931028e+08  2.38300498e+12  9.49596580e+09
 1.01380000e+03  6.36957229e+16  8.85810981e+14  3.42953880e+10  7.17823354e+08  2.38300498e+12  9.49596580e+09
 1.01385000e+03  6.35477390e+16  1.03044049e+15  3.42157097e+10  8.35024922e+08  2.38300498e+12  9.49596580e+09
 1.01390000e+03  6.34000989e+16  1.17422136e+15  3.41362166e+10  9.51538793e+08  2.38300498e+12  9.49596580e+09
 1.01395000e+03  6.32528018e+16  1.31715735e+15  3.40569081e+10  1.06736802e+09  2.38300498e+12  9.49596580e+09
 1.01400000e+03  6.31058469e+16  1.45925223e+15  3.39777839e+10  1.18251563e+09  2.38300498e+12  9.49596580e+09
 1.01400000e+03  6.31058469e+16  1.45925223e+15  3.39777839e+10  1.18251563e+09  2.38300498e+12  9.49596580e+09
 1.01470000e+03  6.54288098e+16  3.43230178e+15  3.52285259e+10  2.78139064e+09  2.38300498e+12  9.49596580e+09
 1.01540000e+03  6.76773462e+16  5.38360520e+15  3.64391947e+10  4.36264353e+09  2.38300498e+12  9.49596580e+09
 1.01610000e+03  6.98538407e+16  7.31187580e+15  3.76110744e+10  5.92523160e+09  2.38300498e+12  9.49596580e+09
 1.01680000e+03  7.19606015e+16  9.21596299e+15  3.87454077e+10  7.46822246e+09  2.38300498e+12  9.49596580e+09
 1.01750000e+03  7.39998628e+16  1.10948433e+16  3.98433975e+10  8.99078678e+09  2.38300498e+12  9.49596580e+09
 1.01820000e+03  7.59737872e+16  1.29476122e+16  4.09062084e+10  1.04921915e+10  2.38300498e+12  9.49596580e+09
 1.01890000e+03  7.78844682e+16  1.47734760e+16  4.19349673e+10  1.19717934e+10  2.38300498e+12  9.49596580e+09
 1.01960000e+03  7.97339320e+16  1.65717442e+16  4.29307654e+10  1.34290331e+10  2.38300498e+12  9.49596580e+09
 1.02030000e+03  8.15241399e+16  1.83418229e+16  4.38946586e+10  1.48634292e+10  2.38300498e+12  9.49596580e+09
 1.02100000e+03  8.32569906e+16  2.00832079e+16  4.48276692e+10  1.62745732e+10  2.38300498e+12  9.49596580e+09
 1.02100000e+03  8.32569906e+16  2.00832079e+16  4.48276692e+10  1.62745732e+10  2.39977047e+12  9.48646984e+09
 1.02102500e+03  8.31602191e+16  2.01447724e+16  4.47755650e+10  1.63244624e+10  2.39977047e+12  9.48646984e+09
 1.02105000e+03  8.30635601e+16  2.02061168e+16  4.47235214e+10  1.63741734e+10  2.39977047e+12  9.48646984e+09
 1.02107500e+03  8.29670134e+16  2.02672418e+16  4.46715382e+10  1.64237064e+10  2.39977047e+12  9.48646984e+09
 1.02110000e+03  8.28705790e+16  2.03281476e+16  4.46196155e+10  1.64730619e+10  2.39977047e+12  9.48646984e+09
 1.02112500e+03  8.27742566e+16  2.03888350e+16  4.45677531e+10  1.65222404e+10  2.39977047e+12  9.48646984e+09
 1.02115000e+03  8.26780462e+16  2.04493044e+16  4.45159510e+10  1.65712422e+10  2.39977047e+12  9.48646984e+09
 1.02117500e+03  8.25819477e+16  2.05095563e+16  4.44642091e+10  1.66200678e+10  2.39977047e+12  9.48646984e+09
 1.02120000e+03  8.24859608e+16  2.05695913e+16  4.44125273e+10  1.66687175e+10  2.39977047e+12  9.48646984e+09
 1.02122500e+03  8.23900855e+16  2.06294098e+16  4.43609056e+10  1.67171919e+10  2.39977047e+12  9.48646984e+09
 1.02125000e+03  8.22943217e+16  2.06890123e+16  4.43093440e+10  1.67654912e+10  2.39977047e+12  9.48646984e+09
 1.02125000e+03  8.22943217e+16  0.00000000e+00  4.43093440e+10  0.00000000e+00  2.41177286e+12  9.47698337e+09
 1.02177500e+03  8.03087947e+16  1.94933231e+15  4.32402861e+10  1.57965558e+09  2.41177286e+12  9.47698337e+09
 1.02230000e+03  7.83711729e+16  3.78128055e+15  4.21970215e+10  3.06418812e+09  2.41177286e+12  9.47698337e+09
 1.02282500e+03  7.64803004e+16  5.50121589e+15  4.11789279e+10  4.45795020e+09  2.41177286e+12  9.47698337e+09
 1.02335000e+03  7.46350492e+16  7.11428830e+15  4.01853980e+10  5.76511513e+09  2.41177286e+12  9.47698337e+09
 1.02387500e+03  7.28343186e+16  8.62543516e+15  3.92158391e+10  6.98968394e+09  2.41177286e+12  9.47698337e+09
 1.02440000e+03  7.10770346e+16  1.00393896e+16  3.82696729e+10  8.13549216e+09  2.41177286e+12  9.47698337e+09
 1.02492500e+03  6.93621488e+16  1.13606884e+16  3.73463350e+10  9.20621624e+09  2.41177286e+12  9.47698337e+09
 1.02545000e+03  6.76886382e+16  1.25936799e+16  3.64452746e+10  1.02053799e+10  2.41177286e+12  9.47698337e+09
 1.02597500e+03  6.60555047e+16  1.37425312e+16  3.55659543e+10  1.11363598e+10  2.41177286e+12  9.47698337e+09
 1.02650000e+03  6.44617741e+16  1.48112354e+16  3.47078494e+10  1.20023921e+10  2.41177286e+12  9.47698337e+09
 1.02650000e+03  6.44617741e+16  0.00000000e+00  3.47078494e+10  0.00000000e+00  2.41177286e+12  9.47698337e+09
 1.02655000e+03  6.43120104e+16  1.49501729e+14  3.46272128e+10  1.21149810e+08  2.41177286e+12  9.47698337e+09
 1.02660000e+03  6.41625947e+16  2.98133669e+14  3.45467636e+10  2.41594781e+08  2.41177286e+12  9.47698337e+09
 1.02665000e+03  6.40135261e+16  4.45899667e+14  3.44665013e+10  3.61338030e+08  2.41177286e+12  9.47698337e+09
 1.02670000e+03  6.38648039e+16  5.92803555e+14  3.43864255e+10  4.80382661e+08  2.41177286e+12  9.47698337e+09
 1.02675000e+03  6.37164271e+16  7.38849147e+14  3.43065357e+10  5.98731766e+08  2.41177286e+12  9.47698337e+09
 1.02680000e+03  6.35683951e+16  8.84040245e+14  3.42268315e+10  7.16388425e+08  2.41177286e+12  9.47698337e+09
 1.02685000e+03  6.34207070e+16  1.02838063e+15  3.41473125e+10  8.33355707e+08  2.41177286e+12  9.47698337e+09
 1.02690000e+03  6.32733621e+16  1.17187409e+15  3.40679783e+10  9.49636667e+08  2.41177286e+12  9.47698337e+09
 1.02695000e+03  6.31263594e+16  1.31452436e+15  3.39888284e+10  1.06523435e+09  2.41177286e+12  9.47698337e+09
 1.02700000e+03  6.29796983e+16  1.45633518e+15  3.39098623e+10  1.18015178e+09  2.41177286e+12  9.47698337e+09
 1.02700000e+03  6.29796983e+16  1.45633518e+15  3.39098623e+10  1.18015178e+09  2.41177286e+12  9.47698337e+09
 1.02770000e+03  6.52980176e+16  3.42544061e+15  3.51581040e+10  2.77583064e+09  2.41177286e+12  9.47698337e+09
 1.02840000e+03  6.75420592e+16  5.37284337e+15  3.63663528e+10  4.35392260e+09  2.41177286e+12  9.47698337e+09
 1.02910000e+03  6.97142029e+16  7.29725936e+15  3.75358899e+10  5.91338706e+09  2.41177286e+12  9.47698337e+09
 1.02980000e+03  7.18167522e+16  9.19754028e+15  3.86679556e+10  7.45329348e+09  2.41177286e+12  9.47698337e+09
 1.03050000e+03  7.38519370e+16  1.10726647e+16  3.97637506e+10  8.97281419e+09  2.41177286e+12  9.47698337e+09
 1.03120000e+03  7.58219156e+16  1.29217300e+16  4.08244369e+10  1.04712176e+10  2.41177286e+12  9.47698337e+09
 1.03190000e+03  7.77287771e+16  1.47439438e+16  4.18511393e+10  1.19478618e+10  2.41177286e+12  9.47698337e+09
 1.03260000e+03  7.95745438e+16  1.65386172e+16  4.28449468e+10  1.34021885e+10  2.41177286e+12  9.47698337e+09
 1.03330000e+03  8.13611732e+16  1.83051576e+16  4.38069132e+10  1.48337172e+10  2.41177286e+12  9.47698337e+09
 1.03400000e+03  8.30905598e+16  2.00430616e+16  4.47380587e+10  1.62420403e+10  2.41177286e+12  9.47698337e+09
 1.03400000e+03  8.30905598e+16  2.00430616e+16  4.47380587e+10  1.62420403e+10  2.42850484e+12  9.46750639e+09
 1.03402500e+03  8.29939818e+16  2.01045030e+16  4.46860587e+10  1.62918298e+10  2.42850484e+12  9.46750639e+09
 1.03405000e+03  8.28975160e+16  2.01657248e+16  4.46341190e+10  1.63414414e+10  2.42850484e+12  9.46750639e+09
 1.03407500e+03  8.28011624e+16  2.02267275e+16  4.45822398e+10  1.63908754e+10  2.42850484e+12  9.46750639e+09
 1.03410000e+03  8.27049207e+16  2.02875117e+16  4.45304209e+10  1.64401323e+10  2.42850484e+12  9.46750639e+09
 1.03412500e+03  8.26087909e+16  2.03480778e+16  4.44786621e+10  1.64892124e+10  2.42850484e+12  9.46750639e+09
 1.03415000e+03  8.25127728e+16  2.04084263e+16  4.44269636e+10  1.65381163e+10  2.42850484e+12  9.46750639e+09
 1.03417500e+03  8.24168664e+16  2.04685577e+16  4.43753251e+10  1.65868442e+10  2.42850484e+12  9.46750639e+09
 1.03420000e+03  8.23210714e+16  2.05284727e+16  4.43237467e+10  1.66353967e+10  2.42850484e+12  9.46750639e+09
 1.03422500e+03  8.22253877e+16  2.05881716e+16  4.42722282e+10  1.66837742e+10  2.42850484e+12  9.46750639e+09
 1.03425000e+03  8.21298153e+16  2.06476550e+16  4.42207696e+10  1.67319770e+10  2.42850484e+12  9.46750639e+09
 1.03425000e+03  8.21298153e+16  0.00000000e+00  4.42207696e+10  0.00000000e+00  2.44048324e+12  9.45803888e+09
 1.03477500e+03  8.01482575e+16  1.94543560e+15  4.31538487e+10  1.57649785e+09  2.44048324e+12  9.45803888e+09
 1.03530000e+03  7.82145089e+16  3.77372177e+15  4.21126696e+10  3.05806281e+09  2.44048324e+12  9.45803888e+09
 1.03582500e+03  7.63274163e+16  5.49021896e+15  4.10966112e+10  4.44903876e+09  2.44048324e+12  9.45803888e+09
 1.03635000e+03  7.44858537e+16  7.10006684e+15  4.01050674e+10  5.75359067e+09  2.44048324e+12  9.45803888e+09
 1.03687500e+03  7.26887228e+16  8.60819291e+15  3.91374466e+10  6.97571157e+09  2.44048324e+12  9.45803888e+09
 1.03740000e+03  7.09349516e+16  1.00193208e+16  3.81931718e+10  8.11922931e+09  2.44048324e+12  9.45803888e+09
 1.03792500e+03  6.92234938e+16  1.13379784e+16  3.72716797e+10  9.18781301e+09  2.44048324e+12  9.45803888e+09
 1.03845000e+03  6.75533286e+16  1.25685051e+16  3.63724205e+10  1.01849793e+10  2.44048324e+12  9.45803888e+09
 1.03897500e+03  6.59234598e+16  1.37150599e+16  3.54948579e+10  1.11140983e+10  2.44048324e+12  9.45803888e+09
 1.03950000e+03  6.43329150e+16  1.47816278e+16  3.46384684e+10  1.19783993e+10  2.44048324e+12  9.45803888e+09
 1.03950000e+03  6.43329150e+16  0.00000000e+00  3.46384684e+10  0.00000000e+00  2.44048324e+12  9.45803888e+09
 1.03955000e+03  6.41834507e+16  1.49202875e+14  3.45579930e+10  1.20907632e+08  2.44048324e+12  9.45803888e+09
 1.03960000e+03  6.40343337e+16  2.97537700e+14  3.44777046e+10  2.41111833e+08  2.44048324e+12  9.45803888e+09
 1.03965000e+03  6.38855631e+16  4.45008314e+14  3.43976028e+10  3.60615715e+08  2.44048324e+12  9.45803888e+09
 1.03970000e+03  6.37371381e+16  5.91618540e+14  3.43176870e+10  4.79422376e+08  2.44048324e+12  9.45803888e+09
 1.03975000e+03  6.35890580e+16  7.37372188e+14  3.42379570e+10  5.97534901e+08  2.44048324e+12  9.45803888e+09
 1.03980000e+03  6.34413219e+16  8.82273049e+14  3.41584121e+10  7.14956365e+08  2.44048324e+12  9.45803888e+09
 1.03985000e+03  6.32939291e+16  1.02632490e+15  3.40790521e+10  8.31689829e+08  2.44048324e+12  9.45803888e+09
 1.03990000e+03  6.31468786e+16  1.16953151e+15  3.39998764e+10  9.47738343e+08  2.44048324e+12  9.45803888e+09
 1.03995000e+03  6.30001699e+16  1.31189662e+15  3.39208847e+10  1.06310494e+09  2.44048324e+12  9.45803888e+09
 1.04000000e+03  6.28538019e+16  1.45342397e+15  3.38420765e+10  1.17779266e+09  2.44048324e+12  9.45803888e+09
 1.04000000e+03  6.28538019e+16  1.45342397e+15  3.38420765e+10  1.17779266e+09  2.44048324e+12  9.45803888e+09
 1.04070000e+03  6.51674869e+16  3.41859315e+15  3.50878230e+10  2.77028176e+09  2.44048324e+12  9.45803888e+09
 1.04140000e+03  6.74070426e+16  5.36210306e+15  3.62936564e+10  4.34521911e+09  2.44048324e+12  9.45803888e+09
 1.04210000e+03  6.95748442e+16  7.28267214e+15  3.74608556e+10  5.90156620e+09  2.44048324e+12  9.45803888e+09
 1.04280000e+03  7.16731906e+16  9.17915439e+15  3.85906584e+10  7.43839435e+09  2.44048324e+12  9.45803888e+09
 1.04350000e+03  7.37043070e+16  1.10505305e+16  3.96842628e+10  8.95487754e+09  2.44048324e+12  9.45803888e+09
 1.04420000e+03  7.56703476e+16  1.28958994e+16  4.07428288e+10  1.04502856e+10  2.44048324e+12  9.45803888e+09
 1.04490000e+03  7.75733973e+16  1.47144706e+16  4.17674789e+10  1.19239780e+10  2.44048324e+12  9.45803888e+09
 1.04560000e+03  7.94154743e+16  1.65055565e+16  4.27592997e+10  1.33753975e+10  2.44048324e+12  9.45803888e+09
 1.04630000e+03  8.11985322e+16  1.82685656e+16  4.37193432e+10  1.48040646e+10  2.44048324e+12  9.45803888e+09
 1.04700000e+03  8.29244618e+16  2.00029955e+16  4.46486273e+10  1.62095725e+10  2.44048324e+12  9.45803888e+09
 1.04700000e+03  8.29244618e+16  2.00029955e+16  4.46486273e+10  1.62095725e+10  2.45718177e+12  9.44858084e+09
 1.04702500e+03  8.28280768e+16  2.00643141e+16  4.45967312e+10  1.62592625e+10  2.45718177e+12  9.44858084e+09
 1.04705000e+03  8.27318039e+16  2.01254135e+16  4.45448954e+10  1.63087748e+10  2.45718177e+12  9.44858084e+09
 1.04707500e+03  8.26356428e+16  2.01862943e+16  4.44931199e+10  1.63581100e+10  2.45718177e+12  9.44858084e+09
 1.04710000e+03  8.25395936e+16  2.02469569e+16  4.44414045e+10  1.64072684e+10  2.45718177e+12  9.44858084e+09
 1.04712500e+03  8.24436559e+16  2.03074019e+16  4.43897493e+10  1.64562505e+10  2.45718177e+12  9.44858084e+09
 1.04715000e+03  8.23478298e+16  2.03676298e+16  4.43381541e+10  1.65050566e+10  2.45718177e+12  9.44858084e+09
 1.04717500e+03  8.22521151e+16  2.04276411e+16  4.42866189e+10  1.65536871e+10  2.45718177e+12  9.44858084e+09
 1.04720000e+03  8.21565116e+16  2.04874363e+16  4.42351435e+10  1.66021426e+10  2.45718177e+12  9.44858084e+09
 1.04722500e+03  8.20610192e+16  2.05470158e+16  4.41837280e+10  1.66504233e+10  2.45718177e+12  9.44858084e+09
 1.04725000e+03  8.19656378e+16  2.06063803e+16  4.41323723e+10  1.66985298e+10  2.45718177e+12  9.44858084e+09
 1.04725000e+03  8.19656378e+16  0.00000000e+00  4.41323723e+10  0.00000000e+00  2.46913622e+12  9.43913226e+09
 1.04777500e+03  7.99880411e+16  1.94154667e+15  4.30675842e+10  1.57334643e+09  2.46913622e+12  9.43913226e+09
 1.04830000e+03  7.80581581e+16  3.76617810e+15  4.20284864e+10  3.05194974e+09  2.46913622e+12  9.43913226e+09
 1.04882500e+03  7.61748378e+16  5.47924401e+15  4.10144591e+10  4.44014513e+09  2.46913622e+12  9.43913226e+09
 1.04935000e+03  7.43369565e+16  7.08587381e+15  4.00248973e+10  5.74208924e+09  2.46913622e+12  9.43913226e+09
 1.04987500e+03  7.25434181e+16  8.59098513e+15  3.90592109e+10  6.96176712e+09  2.46913622e+12  9.43913226e+09
 1.05040000e+03  7.07931526e+16  9.99929220e+15  3.81168237e+10  8.10299897e+09  2.46913622e+12  9.43913226e+09
 1.05092500e+03  6.90851161e+16  1.13153138e+16  3.71971736e+10  9.16944658e+09  2.46913622e+12  9.43913226e+09
 1.05145000e+03  6.74182895e+16  1.25433807e+16  3.62997121e+10  1.01646195e+10  2.46913622e+12  9.43913226e+09
 1.05197500e+03  6.57916788e+16  1.36876435e+16  3.54239037e+10  1.10918812e+10  2.46913622e+12  9.43913226e+09
 1.05250000e+03  6.42043135e+16  1.47520793e+16  3.45692261e+10  1.19544545e+10  2.46913622e+12  9.43913226e+09
 1.05250000e+03  6.42043135e+16  0.00000000e+00  3.45692261e+10  0.00000000e+00  2.46913622e+12  9.43913226e+09
 1.05255000e+03  6.40551480e+16  1.48904618e+14  3.44889116e+10  1.20665938e+08  2.46913622e+12  9.43913226e+09
 1.05260000e+03  6.39063290e+16  2.96942922e+14  3.44087837e+10  2.40629851e+08  2.46913622e+12  9.43913226e+09
 1.05265000e+03  6.37578558e+16  4.44118742e+14  3.43288420e+10  3.59894844e+08  2.46913622e+12  9.43913226e+09
 1.05270000e+03  6.36097276e+16  5.90435895e+14  3.42490860e+10  4.78464010e+08  2.46913622e+12  9.43913226e+09
 1.05275000e+03  6.34619435e+16  7.35898181e+14  3.41695153e+10  5.96340429e+08  2.46913622e+12  9.43913226e+09
 1.05280000e+03  6.33145027e+16  8.80509385e+14  3.40901294e+10  7.13527167e+08  2.46913622e+12  9.43913226e+09
 1.05285000e+03  6.31674045e+16  1.02427328e+15  3.40109280e+10  8.30027281e+08  2.46913622e+12  9.43913226e+09
 1.05290000e+03  6.30206480e+16  1.16719362e+15  3.39319107e+10  9.45843814e+08  2.46913622e+12  9.43913226e+09
 1.05295000e+03  6.28742325e+16  1.30927414e+15  3.38530768e+10  1.06097980e+09  2.46913622e+12  9.43913226e+09
 1.05300000e+03  6.27281572e+16  1.45051857e+15  3.37744262e+10  1.17543825e+09  2.46913622e+12  9.43913226e+09
 1.05300000e+03  6.27281572e+16  1.45051857e+15  3.37744262e+10  1.17543825e+09  2.46913622e+12  9.43913226e+09
 1.05370000e+03  6.50372171e+16  3.41175938e+15  3.50176824e+10  2.76474396e+09  2.46913622e+12  9.43913226e+09
 1.05440000e+03  6.72722959e+16  5.35138422e+15  3.62211054e+10  4.33653302e+09  2.46913622e+12  9.43913226e+09
 1.05510000e+03  6.94357641e+16  7.26811408e+15  3.73859714e+10  5.88976897e+09  2.46913622e+12  9.43913226e+09
 1.05580000e+03  7.15299158e+16  9.16080526e+15  3.85135156e+10  7.42352500e+09  2.46913622e+12  9.43913226e+09
 1.05650000e+03  7.35569721e+16  1.10284405e+16  3.96049340e+10  8.93697674e+09  2.46913622e+12  9.43913226e+09
 1.05720000e+03  7.55190826e+16  1.28701205e+16  4.06613839e+10  1.04293955e+10  2.46913622e+12  9.43913226e+09
 1.05790000e+03  7.74183281e+16  1.46850564e+16  4.16839857e+10  1.19001420e+10  2.46913622e+12  9.43913226e+09
 1.05860000e+03  7.92567228e+16  1.64725619e+16  4.26738239e+10  1.33486601e+10  2.46913622e+12  9.43913226e+09
 1.05930000e+03  8.10362163e+16  1.82320467e+16  4.36319482e+10  1.47744713e+10  2.46913622e+12  9.43913226e+09
 1.06000000e+03  8.27586958e+16  1.99630095e+16  4.45593747e+10  1.61771696e+10  2.46913622e+12  9.43913226e+09
 1.06000000e+03  8.27586958e+16  1.99630095e+16  4.45593747e+10  1.61771696e+10  2.48580137e+12  9.42969313e+09
 1.06002500e+03  8.26625035e+16  2.00242055e+16  4.45075824e+10  1.62267602e+10  2.48580137e+12  9.42969313e+09
 1.06005000e+03  8.25664230e+16  2.00851828e+16  4.44558502e+10  1.62761736e+10  2.48580137e+12  9.42969313e+09
 1.06007500e+03  8.24704542e+16  2.01459419e+16  4.44041782e+10  1.63254102e+10  2.48580137e+12  9.42969313e+09
 1.06010000e+03  8.23745969e+16  2.02064833e+16  4.43525662e+10  1.63744703e+10  2.48580137e+12  9.42969313e+09
 1.06012500e+03  8.22788511e+16  2.02668075e+16  4.43010142e+10  1.64233544e+10  2.48580137e+12  9.42969313e+09
 1.06015000e+03  8.21832165e+16  2.03269149e+16  4.42495221e+10  1.64720630e+10  2.48580137e+12  9.42969313e+09
 1.06017500e+03  8.20876931e+16  2.03868062e+16  4.41980899e+10  1.65205963e+10  2.48580137e+12  9.42969313e+09
 1.06020000e+03  8.19922807e+16  2.04464819e+16  4.41467175e+10  1.65689549e+10  2.48580137e+12  9.42969313e+09
 1.06022500e+03  8.18969792e+16  2.05059423e+16  4.40954047e+10  1.66171391e+10  2.48580137e+12  9.42969313e+09
 1.06025000e+03  8.18017885e+16  2.05651882e+16  4.40441516e+10  1.66651494e+10  2.48580137e+12  9.42969313e+09
 1.06025000e+03  8.18017885e+16  0.00000000e+00  4.40441516e+10  0.00000000e+00  2.49773193e+12  9.42026343e+09
 1.06077500e+03  7.98281450e+16  1.93766552e+15  4.29814921e+10  1.57020131e+09  2.49773193e+12  9.42026343e+09
 1.06130000e+03  7.79021199e+16  3.75864951e+15  4.19444714e+10  3.04584889e+09  2.49773193e+12  9.42026343e+09
 1.06182500e+03  7.60225643e+16  5.46829101e+15  4.09324712e+10  4.43126928e+09  2.49773193e+12  9.42026343e+09
 1.06235000e+03  7.41883569e+16  7.07170914e+15  3.99448876e+10  5.73061080e+09  2.49773193e+12  9.42026343e+09
 1.06287500e+03  7.23984038e+16  8.57381175e+15  3.89811315e+10  6.94785055e+09  2.49773193e+12  9.42026343e+09
 1.06340000e+03  7.06516371e+16  9.97930362e+15  3.80406282e+10  8.08680108e+09  2.49773193e+12  9.42026343e+09
 1.06392500e+03  6.89470149e+16  1.12926944e+16  3.71228165e+10  9.15111685e+09  2.49773193e+12  9.42026343e+09
 1.06445000e+03  6.72835204e+16  1.25183065e+16  3.62271489e+10  1.01443004e+10  2.49773193e+12  9.42026343e+09
 1.06497500e+03  6.56601612e+16  1.36602819e+16  3.53530913e+10  1.10697085e+10  2.49773193e+12  9.42026343e+09
 1.06550000e+03  6.40759691e+16  1.47225899e+16  3.45001222e+10  1.19305575e+10  2.49773193e+12  9.42026343e+09
 1.06550000e+03  6.40759691e+16  0.00000000e+00  3.45001222e+10  0.00000000e+00  2.49773193e+12  9.42026343e+09
 1.06555000e+03  6.39271018e+16  1.48606958e+14  3.44199683e+10  1.20424726e+08  2.49773193e+12  9.42026343e+09
 1.06560000e+03  6.37785803e+16  2.96349333e+14  3.43400006e+10  2.40148832e+08  2.49773193e+12  9.42026343e+09
 1.06565000e+03  6.36304039e+16  4.43230949e+14  3.42602186e+10  3.59175415e+08  2.49773193e+12  9.42026343e+09
 1.06570000e+03  6.34825717e+16  5.89255614e+14  3.41806221e+10  4.77507561e+08  2.49773193e+12  9.42026343e+09
 1.06575000e+03  6.33350830e+16  7.34427120e+14  3.41012104e+10  5.95148344e+08  2.49773193e+12  9.42026343e+09
 1.06580000e+03  6.31879370e+16  8.78749247e+14  3.40219833e+10  7.12100826e+08  2.49773193e+12  9.42026343e+09
 1.06585000e+03  6.30411328e+16  1.02222576e+15  3.39429402e+10  8.28368057e+08  2.49773193e+12  9.42026343e+09
 1.06590000e+03  6.28946697e+16  1.16486040e+15  3.38640808e+10  9.43953072e+08  2.49773193e+12  9.42026343e+09
 1.06595000e+03  6.27485469e+16  1.30665690e+15  3.37854045e+10  1.05885890e+09  2.49773193e+12  9.42026343e+09
 1.06600000e+03  6.26027636e+16  1.44761899e+15  3.37069111e+10  1.17308855e+09  2.49773193e+12  9.42026343e+09
 1.06600000e+03  6.26027636e+16  1.44761899e+15  3.37069111e+10  1.17308855e+09  2.49773193e+12  9.42026343e+09
 1.06670000e+03  6.49072077e+16  3.40493928e+15  3.49476821e+10  2.75921724e+09  2.49773193e+12  9.42026343e+09
 1.06740000e+03  6.71378186e+16  5.34068680e+15  3.61486994e+10  4.32786429e+09  2.49773193e+12  9.42026343e+09
 1.06810000e+03  6.92969620e+16  7.25358512e+15  3.73112368e+10  5.87799532e+09  2.49773193e+12  9.42026343e+09
 1.06880000e+03  7.13869275e+16  9.14249281e+15  3.84365271e+10  7.40868537e+09  2.49773193e+12  9.42026343e+09
 1.06950000e+03  7.34099317e+16  1.10063946e+16  3.95257637e+10  8.91911172e+09  2.49773193e+12  9.42026343e+09
 1.07020000e+03  7.53681199e+16  1.28443931e+16  4.05801018e+10  1.04085472e+10  2.49773193e+12  9.42026343e+09
 1.07090000e+03  7.72635689e+16  1.46557010e+16  4.16006594e+10  1.18763536e+10  2.49773193e+12  9.42026343e+09
 1.07160000e+03  7.90982886e+16  1.64396333e+16  4.25885189e+10  1.33219761e+10  2.49773193e+12  9.42026343e+09
 1.07230000e+03  8.08742249e+16  1.81956009e+16  4.35447280e+10  1.47449371e+10  2.49773193e+12  9.42026343e+09
 1.07300000e+03  8.25932612e+16  1.99231035e+16  4.44703005e+10  1.61448314e+10  2.49773193e+12  9.42026343e+09
 1.07300000e+03  8.25932612e+16  1.99231035e+16  4.44703005e+10  1.61448314e+10  2.51436376e+12  9.41084317e+09
 1.07302500e+03  8.24972612e+16  1.99841771e+16  4.44186117e+10  1.61943229e+10  2.51436376e+12  9.41084317e+09
 1.07305000e+03  8.24013727e+16  2.00450325e+16  4.43669830e+10  1.62436375e+10  2.51436376e+12  9.41084317e+09
 1.07307500e+03  8.23055957e+16  2.01056702e+16  4.43154142e+10  1.62927757e+10  2.51436376e+12  9.41084317e+09
 1.07310000e+03  8.22099301e+16  2.01660905e+16  4.42639054e+10  1.63417377e+10  2.51436376e+12  9.41084317e+09
 1.07312500e+03  8.21143756e+16  2.02262941e+16  4.42124565e+10  1.63905241e+10  2.51436376e+12  9.41084317e+09
 1.07315000e+03  8.20189322e+16  2.02862814e+16  4.41610673e+10  1.64391353e+10  2.51436376e+12  9.41084317e+09
 1.07317500e+03  8.19235998e+16  2.03460530e+16  4.41097379e+10  1.64875716e+10  2.51436376e+12  9.41084317e+09
 1.07320000e+03  8.18283781e+16  2.04056094e+16  4.40584682e+10  1.65358336e+10  2.51436376e+12  9.41084317e+09
 1.07322500e+03  8.17332672e+16  2.04649510e+16  4.40072580e+10  1.65839215e+10  2.51436376e+12  9.41084317e+09
 1.07325000e+03  8.16382667e+16  2.05240783e+16  4.39561074e+10  1.66318358e+10  2.51436376e+12  9.41084317e+09
 1.07325000e+03  8.16382667e+16  0.00000000e+00  4.39561074e+10  0.00000000e+00  2.52627047e+12  9.40143233e+09
 1.07377500e+03  7.96685685e+16  1.93379213e+15  4.28955721e+10  1.56706248e+09  2.52627047e+12  9.40143233e+09
 1.07430000e+03  7.77463936e+16  3.75113597e+15  4.18606244e+10  3.03976024e+09  2.52627047e+12  9.40143233e+09
 1.07482500e+03  7.58705951e+16  5.45735989e+15  4.08506472e+10  4.42241117e+09  2.52627047e+12  9.40143233e+09
 1.07535000e+03  7.40400544e+16  7.05757280e+15  3.98650377e+10  5.71915531e+09  2.52627047e+12  9.40143233e+09
 1.07587500e+03  7.22536794e+16  8.55667270e+15  3.89032082e+10  6.93396179e+09  2.52627047e+12  9.40143233e+09
 1.07640000e+03  7.05104045e+16  9.95935499e+15  3.79645849e+10  8.07063556e+09  2.52627047e+12  9.40143233e+09
 1.07692500e+03  6.88091898e+16  1.12701203e+16  3.70486079e+10  9.13282377e+09  2.52627047e+12  9.40143233e+09
 1.07745000e+03  6.71490206e+16  1.24932824e+16  3.61547309e+10  1.01240220e+10  2.52627047e+12  9.40143233e+09
 1.07797500e+03  6.55289066e+16  1.36329750e+16  3.52824205e+10  1.10475802e+10  2.52627047e+12  9.40143233e+09
 1.07850000e+03  6.39478812e+16  1.46931594e+16  3.44311565e+10  1.19067083e+10  2.52627047e+12  9.40143233e+09
 1.07850000e+03  6.39478812e+16  0.00000000e+00  3.44311565e+10  0.00000000e+00  2.52627047e+12  9.40143233e+09
 1.07855000e+03  6.37993115e+16  1.48309893e+14  3.43511627e+10  1.20183997e+08  2.52627047e+12  9.40143233e+09
 1.07860000e+03  6.36510869e+16  2.95756931e+14  3.42713549e+10  2.39668774e+08  2.52627047e+12  9.40143233e+09
 1.07865000e+03  6.35032067e+16  4.42344930e+14  3.41917325e+10  3.58457423e+08  2.52627047e+12  9.40143233e+09
 1.07870000e+03  6.33556701e+16  5.88077692e+14  3.41122950e+10  4.76553023e+08  2.52627047e+12  9.40143233e+09
 1.07875000e+03  6.32084762e+16  7.32959000e+14  3.40330421e+10  5.93958643e+08  2.52627047e+12  9.40143233e+09
 1.07880000e+03  6.30616243e+16  8.76992627e+14  3.39539733e+10  7.10677337e+08  2.52627047e+12  9.40143233e+09
 1.07885000e+03  6.29151136e+16  1.02018233e+15  3.38750883e+10  8.26712149e+08  2.52627047e+12  9.40143233e+09
 1.07890000e+03  6.27689433e+16  1.16253184e+15  3.37963865e+10  9.42066110e+08  2.52627047e+12  9.40143233e+09
 1.07895000e+03  6.26231126e+16  1.30404489e+15  3.37178675e+10  1.05674224e+09  2.52627047e+12  9.40143233e+09
 1.07900000e+03  6.24776207e+16  1.44472520e+15  3.36395310e+10  1.17074354e+09  2.52627047e+12  9.40143233e+09
 1.07900000e+03  6.24776207e+16  1.44472520e+15  3.36395310e+10  1.17074354e+09  2.52627047e+12  9.40143233e+09
 1.07970000e+03  6.47774582e+16  3.39813280e+15  3.48778217e+10  2.75370157e+09  2.52627047e+12  9.40143233e+09
 1.08040000e+03  6.70036101e+16  5.33001077e+15  3.60764382e+10  4.31921289e+09  2.52627047e+12  9.40143233e+09
 1.08110000e+03  6.91584374e+16  7.23908520e+15  3.72366516e+10  5.86624521e+09  2.52627047e+12  9.40143233e+09
 1.08180000e+03  7.12442251e+16  9.12421697e+15  3.83596925e+10  7.39387541e+09  2.52627047e+12  9.40143233e+09
 1.08250000e+03  7.32631853e+16  1.09843928e+16  3.94467517e+10  8.90128242e+09  2.52627047e+12  9.40143233e+09
 1.08320000e+03  7.52174591e+16  1.28187172e+16  4.04989822e+10  1.03877405e+10  2.52627047e+12  9.40143233e+09
 1.08390000e+03  7.71091190e+16  1.46264042e+16  4.15174997e+10  1.18526128e+10  2.52627047e+12  9.40143233e+09
 1.08460000e+03  7.89401711e+16  1.64067705e+16  4.25033845e+10  1.32953455e+10  2.52627047e+12  9.40143233e+09
 1.08530000e+03  8.07125573e+16  1.81592278e+16  4.34576820e+10  1.47154620e+10  2.52627047e+12  9.40143233e+09
 1.08600000e+03  8.24281572e+16  1.98832772e+16  4.43814044e+10  1.61125579e+10  2.52627047e+12  9.40143233e+09
 1.08600000e+03  8.24281572e+16  1.98832772e+16  4.43814044e+10  1.61125579e+10  2.54286906e+12  9.39203090e+09
 1.08602500e+03  8.23323491e+16  1.99442288e+16  4.43298189e+10  1.61619505e+10  2.54286906e+12  9.39203090e+09
 1.08605000e+03  8.22366524e+16  2.00049625e+16  4.42782934e+10  1.62111665e+10  2.54286906e+12  9.39203090e+09
 1.08607500e+03  8.21410669e+16  2.00654789e+16  4.42268277e+10  1.62602064e+10  2.54286906e+12  9.39203090e+09
 1.08610000e+03  8.20455924e+16  2.01257785e+16  4.41754219e+10  1.63090706e+10  2.54286906e+12  9.39203090e+09
 1.08612500e+03  8.19502290e+16  2.01858617e+16  4.41240758e+10  1.63577595e+10  2.54286906e+12  9.39203090e+09
 1.08615000e+03  8.18549764e+16  2.02457292e+16  4.40727894e+10  1.64062735e+10  2.54286906e+12  9.39203090e+09
 1.08617500e+03  8.17598345e+16  2.03053813e+16  4.40215626e+10  1.64546130e+10  2.54286906e+12  9.39203090e+09
 1.08620000e+03  8.16648032e+16  2.03648185e+16  4.39703953e+10  1.65027784e+10  2.54286906e+12  9.39203090e+09
 1.08622500e+03  8.15698824e+16  2.04240415e+16  4.39192875e+10  1.65507702e+10  2.54286906e+12  9.39203090e+09
 1.08625000e+03  8.14750718e+16  2.04830507e+16  4.38682391e+10  1.65985887e+10  2.54286906e+12  9.39203090e+09
 1.08625000e+03  8.14750718e+16  0.00000000e+00  4.38682391e+10  0.00000000e+00  2.55475197e+12  9.38263886e+09
 1.08677500e+03  7.95093111e+16  1.92992648e+15  4.28098238e+10  1.56392992e+09  2.55475197e+12  9.38263886e+09
 1.08730000e+03  7.75909785e+16  3.74363745e+15  4.17769451e+10  3.03368376e+09  2.55475197e+12  9.38263886e+09
 1.08782500e+03  7.57189298e+16  5.44645063e+15  4.07689867e+10  4.41357077e+09  2.55475197e+12  9.38263886e+09
 1.08835000e+03  7.38920483e+16  7.04346471e+15  3.97853475e+10  5.70772272e+09  2.55475197e+12  9.38263886e+09
 1.08887500e+03  7.21092443e+16  8.53956792e+15  3.88254407e+10  6.92010080e+09  2.55475197e+12  9.38263886e+09
 1.08940000e+03  7.03694542e+16  9.93944624e+15  3.78886937e+10  8.05450236e+09  2.55475197e+12  9.38263886e+09
 1.08992500e+03  6.86716403e+16  1.12475914e+16  3.69745478e+10  9.11456725e+09  2.55475197e+12  9.38263886e+09
 1.09045000e+03  6.70147897e+16  1.24683083e+16  3.60824576e+10  1.01037841e+10  2.55475197e+12  9.38263886e+09
 1.09097500e+03  6.53979143e+16  1.36057227e+16  3.52118909e+10  1.10254961e+10  2.55475197e+12  9.38263886e+09
 1.09150000e+03  6.38200494e+16  1.46637878e+16  3.43623286e+10  1.18829068e+10  2.55475197e+12  9.38263886e+09
 1.09150000e+03  6.38200494e+16  0.00000000e+00  3.43623286e+10  0.00000000e+00  2.55475197e+12  9.38263886e+09
 1.09155000e+03  6.36717767e+16  1.48013421e+14  3.42824948e+10  1.19943750e+08  2.55475197e+12  9.38263886e+09
 1.09160000e+03  6.35238484e+16  2.95165713e+14  3.42028465e+10  2.39189676e+08  2.55475197e+12  9.38263886e+09
 1.09165000e+03  6.33762638e+16  4.41460683e+14  3.41233832e+10  3.57740867e+08  2.55475197e+12  9.38263886e+09
 1.09170000e+03  6.32290221e+16  5.86902124e+14  3.40441045e+10  4.75600394e+08  2.55475197e+12  9.38263886e+09
 1.09175000e+03  6.30821225e+16  7.31493815e+14  3.39650100e+10  5.92771319e+08  2.55475197e+12  9.38263886e+09
 1.09180000e+03  6.29355641e+16  8.75239519e+14  3.38860993e+10  7.09256693e+08  2.55475197e+12  9.38263886e+09
 1.09185000e+03  6.27893463e+16  1.01814298e+15  3.38073720e+10  8.25059551e+08  2.55475197e+12  9.38263886e+09
 1.09190000e+03  6.26434682e+16  1.16020794e+15  3.37288275e+10  9.40182920e+08  2.55475197e+12  9.38263886e+09
 1.09195000e+03  6.24979290e+16  1.30143811e+15  3.36504655e+10  1.05462981e+09  2.55475197e+12  9.38263886e+09
 1.09200000e+03  6.23527279e+16  1.44183719e+15  3.35722856e+10  1.16840323e+09  2.55475197e+12  9.38263886e+09
 1.09200000e+03  6.23527279e+16  1.44183719e+15  3.35722856e+10  1.16840323e+09  2.55475197e+12  9.38263886e+09
 1.09270000e+03  6.46479680e+16  3.39133993e+15  3.48081009e+10  2.74819692e+09  2.55475197e+12  9.38263886e+09
 1.09340000e+03  6.68696699e+16  5.31935607e+15  3.60043214e+10  4.31057878e+09  2.55475197e+12  9.38263886e+09
 1.09410000e+03  6.90201896e+16  7.22461427e+15  3.71622156e+10  5.85451858e+09  2.55475197e+12  9.38263886e+09
 1.09480000e+03  7.11018079e+16  9.10597766e+15  3.82830115e+10  7.37909505e+09  2.55475197e+12  9.38263886e+09
 1.09550000e+03  7.31167322e+16  1.09624350e+16  3.93678977e+10  8.88348875e+09  2.55475197e+12  9.38263886e+09
 1.09620000e+03  7.50670994e+16  1.27930926e+16  4.04180247e+10  1.03669754e+10  2.55475197e+12  9.38263886e+09
 1.09690000e+03  7.69549779e+16  1.45971661e+16  4.14345062e+10  1.18289194e+10  2.55475197e+12  9.38263886e+09
 1.09760000e+03  7.87823697e+16  1.63739733e+16  4.24184202e+10  1.32687681e+10  2.55475197e+12  9.38263886e+09
 1.09830000e+03  8.05512129e+16  1.81229276e+16  4.33708101e+10  1.46860458e+10  2.55475197e+12  9.38263886e+09
 1.09900000e+03  8.22633834e+16  1.98435305e+16  4.42926860e+10  1.60803489e+10  2.55475197e+12  9.38263886e+09
 1.09900000e+03  8.22633834e+16  1.98435305e+16  4.42926860e+10  1.60803489e+10  2.57131737e+12  9.37325623e+09
 1.09902500e+03  8.21677668e+16  1.99043603e+16  4.42412036e+10  1.61296427e+10  2.57131737e+12  9.37325623e+09
 1.09905000e+03  8.20722613e+16  1.99649726e+16  4.41897810e+10  1.61787604e+10  2.57131737e+12  9.37325623e+09
 1.09907500e+03  8.19768669e+16  2.00253680e+16  4.41384183e+10  1.62277023e+10  2.57131737e+12  9.37325623e+09
 1.09910000e+03  8.18815833e+16  2.00855471e+16  4.40871152e+10  1.62764688e+10  2.57131737e+12  9.37325623e+09
 1.09912500e+03  8.17864105e+16  2.01455102e+16  4.40358717e+10  1.63250603e+10  2.57131737e+12  9.37325623e+09
 1.09915000e+03  8.16913483e+16  2.02052579e+16  4.39846878e+10  1.63734773e+10  2.57131737e+12  9.37325623e+09
 1.09917500e+03  8.15963966e+16  2.02647908e+16  4.39335634e+10  1.64217202e+10  2.57131737e+12  9.37325623e+09
 1.09920000e+03  8.15015553e+16  2.03241093e+16  4.38824985e+10  1.64697894e+10  2.57131737e+12  9.37325623e+09
 1.09922500e+03  8.14068242e+16  2.03832139e+16  4.38314929e+10  1.65176852e+10  2.57131737e+12  9.37325623e+09
 1.09925000e+03  8.13122032e+16  2.04421051e+16  4.37805465e+10  1.65654081e+10  2.57131737e+12  9.37325623e+09
 1.09925000e+03  8.13122032e+16  0.00000000e+00  4.37805465e+10  0.00000000e+00  2.58317653e+12  9.36388297e+09
 1.09977500e+03  7.93503720e+16  1.92606855e+15  4.27242470e+10  1.56080362e+09  2.58317653e+12  9.36388297e+09
 1.10030000e+03  7.74358741e+16  3.73615392e+15  4.16934329e+10  3.02761943e+09  2.58317653e+12  9.36388297e+09
 1.10082500e+03  7.55675677e+16  5.43556317e+15  4.06874895e+10  4.40474805e+09  2.58317653e+12  9.36388297e+09
 1.10135000e+03  7.37443381e+16  7.02938482e+15  3.97058166e+10  5.69631298e+09  2.58317653e+12  9.36388297e+09
 1.10187500e+03  7.19650979e+16  8.52249732e+15  3.87478287e+10  6.90626752e+09  2.58317653e+12  9.36388297e+09
 1.10240000e+03  7.02287856e+16  9.91957729e+15  3.78129542e+10  8.03840141e+09  2.58317653e+12  9.36388297e+09
 1.10292500e+03  6.85343657e+16  1.12251074e+16  3.69006357e+10  9.09634724e+09  2.58317653e+12  9.36388297e+09
 1.10345000e+03  6.68808272e+16  1.24433842e+16  3.60103287e+10  1.00835866e+10  2.58317653e+12  9.36388297e+09
 1.10397500e+03  6.52671839e+16  1.35785248e+16  3.51415024e+10  1.10034561e+10  2.58317653e+12  9.36388297e+09
 1.10450000e+03  6.36924731e+16  1.46344749e+16  3.42936383e+10  1.18591529e+10  2.58317653e+12  9.36388297e+09
 1.10450000e+03  6.36924731e+16  0.00000000e+00  3.42936383e+10  0.00000000e+00  2.58317653e+12  9.36388297e+09
 1.10455000e+03  6.35444968e+16  1.47717542e+14  3.42139641e+10  1.19703982e+08  2.58317653e+12  9.36388297e+09
 1.10460000e+03  6.33968642e+16  2.94575677e+14  3.41344750e+10  2.38711536e+08  2.58317653e+12  9.36388297e+09
 1.10465000e+03  6.32495746e+16  4.40578203e+14  3.40551705e+10  3.57025743e+08  2.58317653e+12  9.36388297e+09
 1.10470000e+03  6.31026273e+16  5.85728907e+14  3.39760504e+10  4.74649668e+08  2.58317653e+12  9.36388297e+09
 1.10475000e+03  6.29560213e+16  7.30031559e+14  3.38971140e+10  5.91586369e+08  2.58317653e+12  9.36388297e+09
 1.10480000e+03  6.28097559e+16  8.73489915e+14  3.38183610e+10  7.07838889e+08  2.58317653e+12  9.36388297e+09
 1.10485000e+03  6.26638304e+16  1.01610771e+15  3.37397910e+10  8.23410257e+08  2.58317653e+12  9.36388297e+09
 1.10490000e+03  6.25182439e+16  1.15788868e+15  3.36614036e+10  9.38303494e+08  2.58317653e+12  9.36388297e+09
 1.10495000e+03  6.23729956e+16  1.29883653e+15  3.35831982e+10  1.05252161e+09  2.58317653e+12  9.36388297e+09
 1.10500000e+03  6.22280848e+16  1.43895496e+15  3.35051746e+10  1.16606759e+09  2.58317653e+12  9.36388297e+09
 1.10500000e+03  6.22280848e+16  1.43895496e+15  3.35051746e+10  1.16606759e+09  2.58317653e+12  9.36388297e+09
 1.10570000e+03  6.45187367e+16  3.38456065e+15  3.47385195e+10  2.74270327e+09  2.58317653e+12  9.36388297e+09
 1.10640000e+03  6.67359974e+16  5.30872268e+15  3.59323487e+10  4.30196193e+09  2.58317653e+12  9.36388297e+09
 1.10710000e+03  6.88822183e+16  7.21017227e+15  3.70879283e+10  5.84281540e+09  2.58317653e+12  9.36388297e+09
 1.10780000e+03  7.09596754e+16  9.08777481e+15  3.82064837e+10  7.36434424e+09  2.58317653e+12  9.36388297e+09
 1.10850000e+03  7.29705718e+16  1.09405211e+16  3.92892012e+10  8.86573066e+09  2.58317653e+12  9.36388297e+09
 1.10920000e+03  7.49170402e+16  1.27675192e+16  4.03372291e+10  1.03462518e+10  2.58317653e+12  9.36388297e+09
 1.10990000e+03  7.68011449e+16  1.45679863e+16  4.13516786e+10  1.18052734e+10  2.58317653e+12  9.36388297e+09
 1.11060000e+03  7.86248838e+16  1.63412418e+16  4.23336258e+10  1.32422438e+10  2.58317653e+12  9.36388297e+09
 1.11130000e+03  8.03901911e+16  1.80866998e+16  4.32841119e+10  1.46566884e+10  2.58317653e+12  9.36388297e+09
 1.11200000e+03  8.20989389e+16  1.98038633e+16  4.42041449e+10  1.60482043e+10  2.58317653e+12  9.36388297e+09
 1.11200000e+03  8.20989389e+16  1.98038633e+16  4.42041449e+10  1.60482043e+10  2.59970882e+12  9.35451909e+09
 1.11202500e+03  8.20035134e+16  1.98645714e+16  4.41527654e+10  1.60973996e+10  2.59970882e+12  9.35451909e+09
 1.11205000e+03  8.19081989e+16  1.99250626e+16  4.41014457e+10  1.61464190e+10  2.59970882e+12  9.35451909e+09
 1.11207500e+03  8.18129951e+16  1.99853373e+16  4.40501856e+10  1.61952631e+10  2.59970882e+12  9.35451909e+09
 1.11210000e+03  8.17179020e+16  2.00453961e+16  4.39989850e+10  1.62439321e+10  2.59970882e+12  9.35451909e+09
 1.11212500e+03  8.16229195e+16  2.01052393e+16  4.39478440e+10  1.62924265e+10  2.59970882e+12  9.35451909e+09
 1.11215000e+03  8.15280473e+16  2.01648676e+16  4.38967625e+10  1.63407468e+10  2.59970882e+12  9.35451909e+09
 1.11217500e+03  8.14332854e+16  2.02242815e+16  4.38457403e+10  1.63888932e+10  2.59970882e+12  9.35451909e+09
 1.11220000e+03  8.13386336e+16  2.02834814e+16  4.37947774e+10  1.64368663e+10  2.59970882e+12  9.35451909e+09
 1.11222500e+03  8.12440919e+16  2.03424678e+16  4.37438737e+10  1.64846664e+10  2.59970882e+12  9.35451909e+09
 1.11225000e+03  8.11496601e+16  2.04012413e+16  4.36930292e+10  1.65322939e+10  2.59970882e+12  9.35451909e+09
 1.11225000e+03  8.11496601e+16  0.00000000e+00  4.36930292e+10  0.00000000e+00  2.61154427e+12  9.34516457e+09
 1.11277500e+03  7.91917506e+16  1.92221834e+15  4.26388412e+10  1.55768358e+09  2.61154427e+12  9.34516457e+09
 1.11330000e+03  7.72810798e+16  3.72868535e+15  4.16100878e+10  3.02156722e+09  2.61154427e+12  9.34516457e+09
 1.11382500e+03  7.54165081e+16  5.42469748e+15  4.06061552e+10  4.39594296e+09  2.61154427e+12  9.34516457e+09
 1.11435000e+03  7.35969232e+16  7.01533308e+15  3.96264447e+10  5.68492605e+09  2.61154427e+12  9.34516457e+09
 1.11487500e+03  7.18212397e+16  8.50546085e+15  3.86703718e+10  6.89246189e+09  2.61154427e+12  9.34516457e+09
 1.11540000e+03  7.00883983e+16  9.89974805e+15  3.77373661e+10  8.02233265e+09  2.61154427e+12  9.34516457e+09
 1.11592500e+03  6.83973655e+16  1.12026684e+16  3.68268713e+10  9.07816364e+09  2.61154427e+12  9.34516457e+09
 1.11645000e+03  6.67471324e+16  1.24185098e+16  3.59383441e+10  1.00634295e+10  2.61154427e+12  9.34516457e+09
 1.11697500e+03  6.51367147e+16  1.35513814e+16  3.50712545e+10  1.09814602e+10  2.61154427e+12  9.34516457e+09
 1.11750000e+03  6.35651519e+16  1.46052206e+16  3.42250853e+10  1.18354464e+10  2.61154427e+12  9.34516457e+09
 1.11750000e+03  6.35651519e+16  0.00000000e+00  3.42250853e+10  0.00000000e+00  2.61154427e+12  9.34516457e+09
 1.11755000e+03  6.34174713e+16  1.47422255e+14  3.41455704e+10  1.19464694e+08  2.61154427e+12  9.34516457e+09
 1.11760000e+03  6.32701339e+16  2.93986820e+14  3.40662401e+10  2.38234352e+08  2.61154427e+12  9.34516457e+09
 1.11765000e+03  6.31231387e+16  4.39697487e+14  3.39870942e+10  3.56312048e+08  2.61154427e+12  9.34516457e+09
 1.11770000e+03  6.29764851e+16  5.84558035e+14  3.39081322e+10  4.73700844e+08  2.61154427e+12  9.34516457e+09
 1.11775000e+03  6.28301722e+16  7.28572226e+14  3.38293537e+10  5.90403788e+08  2.61154427e+12  9.34516457e+09
 1.11780000e+03  6.26841992e+16  8.71743809e+14  3.37507581e+10  7.06423919e+08  2.61154427e+12  9.34516457e+09
 1.11785000e+03  6.25385654e+16  1.01407652e+15  3.36723452e+10  8.21764260e+08  2.61154427e+12  9.34516457e+09
 1.11790000e+03  6.23932699e+16  1.15557406e+15  3.35941144e+10  9.36427825e+08  2.61154427e+12  9.34516457e+09
 1.11795000e+03  6.22483120e+16  1.29624016e+15  3.35160654e+10  1.05041762e+09  2.61154427e+12  9.34516457e+09
 1.11800000e+03  6.21036909e+16  1.43607849e+15  3.34381977e+10  1.16373662e+09  2.61154427e+12  9.34516457e+09
 1.11800000e+03  6.21036909e+16  1.43607849e+15  3.34381977e+10  1.16373662e+09  2.61154427e+12  9.34516457e+09
 1.11870000e+03  6.43897638e+16  3.37779491e+15  3.46690772e+10  2.73722061e+09  2.61154427e+12  9.34516457e+09
 1.11940000e+03  6.66025922e+16  5.29811054e+15  3.58605200e+10  4.29336231e+09  2.61154427e+12  9.34516457e+09
 1.12010000e+03  6.87445227e+16  7.19575914e+15  3.70137895e+10  5.83113561e+09  2.61154427e+12  9.34516457e+09
 1.12080000e+03  7.08178270e+16  9.06960835e+15  3.81301090e+10  7.34962291e+09  2.61154427e+12  9.34516457e+09
 1.12150000e+03  7.28247036e+16  1.09186510e+16  3.92106621e+10  8.84800806e+09  2.61154427e+12  9.34516457e+09
 1.12220000e+03  7.47672811e+16  1.27419969e+16  4.02565950e+10  1.03255696e+10  2.61154427e+12  9.34516457e+09
 1.12290000e+03  7.66476194e+16  1.45388649e+16  4.12690166e+10  1.17816746e+10  2.61154427e+12  9.34516457e+09
 1.12360000e+03  7.84677126e+16  1.63085756e+16  4.22490009e+10  1.32157725e+10  2.61154427e+12  9.34516457e+09
 1.12430000e+03  8.02294911e+16  1.80505445e+16  4.31975869e+10  1.46273897e+10  2.61154427e+12  9.34516457e+09
 1.12500000e+03  8.19348231e+16  1.97642754e+16  4.41157808e+10  1.60161239e+10  2.61154427e+12  9.34516457e+09
 1.12500000e+03  8.19348231e+16  1.97642754e+16  4.41157808e+10  1.60161239e+10  2.62804351e+12  9.33581940e+09
 1.12502500e+03  8.18395884e+16  1.98248622e+16  4.40645041e+10  1.60652209e+10  2.62804351e+12  9.33581940e+09
 1.12505000e+03  8.17444644e+16  1.98852324e+16  4.40132869e+10  1.61141423e+10  2.62804351e+12  9.33581940e+09
 1.12507500e+03  8.16494509e+16  1.99453866e+16  4.39621292e+10  1.61628887e+10  2.62804351e+12  9.33581940e+09
 1.12510000e+03  8.15545479e+16  2.00053253e+16  4.39110311e+10  1.62114605e+10  2.62804351e+12  9.33581940e+09
 1.12512500e+03  8.14597552e+16  2.00650490e+16  4.38599923e+10  1.62598580e+10  2.62804351e+12  9.33581940e+09
 1.12515000e+03  8.13650727e+16  2.01245581e+16  4.38090128e+10  1.63080816e+10  2.62804351e+12  9.33581940e+09
 1.12517500e+03  8.12705003e+16  2.01838531e+16  4.37580926e+10  1.63561318e+10  2.62804351e+12  9.33581940e+09
 1.12520000e+03  8.11760377e+16  2.02429347e+16  4.37072316e+10  1.64040090e+10  2.62804351e+12  9.33581940e+09
 1.12522500e+03  8.10816850e+16  2.03018032e+16  4.36564297e+10  1.64517135e+10  2.62804351e+12  9.33581940e+09
 1.12525000e+03  8.09874419e+16  2.03604592e+16  4.36056868e+10  1.64992458e+10  2.62804351e+12  9.33581940e+09
 1.12525000e+03  8.09874419e+16  0.00000000e+00  4.36056868e+10  0.00000000e+00  2.63985530e+12  9.32648358e+09
 1.12577500e+03  7.90334463e+16  1.91837583e+15  4.25536062e+10  1.55456977e+09  2.63985530e+12  9.32648358e+09
 1.12630000e+03  7.71265950e+16  3.72123170e+15  4.15269092e+10  3.01552710e+09  2.63985530e+12  9.32648358e+09
 1.12682500e+03  7.52657505e+16  5.41385351e+15  4.05249835e+10  4.38715547e+09  2.63985530e+12  9.32648358e+09
 1.12735000e+03  7.34498030e+16  7.00130943e+15  3.95472314e+10  5.67356188e+09  2.63985530e+12  9.32648358e+09
 1.12787500e+03  7.16776690e+16  8.48845843e+15  3.85930697e+10  6.87868386e+09  2.63985530e+12  9.32648358e+09
 1.12840000e+03  6.99482916e+16  9.87995846e+15  3.76619291e+10  8.00629600e+09  2.63985530e+12  9.32648358e+09
 1.12892500e+03  6.82606391e+16  1.11802743e+16  3.67532544e+10  9.06001639e+09  2.63985530e+12  9.32648358e+09
 1.12945000e+03  6.66137049e+16  1.23936852e+16  3.58665033e+10  1.00433127e+10  2.63985530e+12  9.32648358e+09
 1.12997500e+03  6.50065065e+16  1.35242921e+16  3.50011471e+10  1.09595082e+10  2.63985530e+12  9.32648358e+09
 1.13050000e+03  6.34380851e+16  1.45760247e+16  3.41566694e+10  1.18117874e+10  2.63985530e+12  9.32648358e+09
 1.13050000e+03  6.34380851e+16  0.00000000e+00  3.41566694e+10  0.00000000e+00  2.63985530e+12  9.32648358e+09
 1.13055000e+03  6.32906998e+16  1.47127558e+14  3.40773134e+10  1.19225884e+08  2.63985530e+12  9.32648358e+09
 1.13060000e+03  6.31436569e+16  2.93399140e+14  3.39981417e+10  2.37758121e+08  2.63985530e+12  9.32648358e+09
 1.13065000e+03  6.29969556e+16  4.38818532e+14  3.39191540e+10  3.55599780e+08  2.63985530e+12  9.32648358e+09
 1.13070000e+03  6.28505951e+16  5.83389503e+14  3.38403499e+10  4.72753916e+08  2.63985530e+12  9.32648358e+09
 1.13075000e+03  6.27045747e+16  7.27115810e+14  3.37617288e+10  5.89223571e+08  2.63985530e+12  9.32648358e+09
 1.13080000e+03  6.25588935e+16  8.70001193e+14  3.36832904e+10  7.05011777e+08  2.63985530e+12  9.32648358e+09
 1.13085000e+03  6.24135508e+16  1.01204938e+15  3.36050342e+10  8.20121553e+08  2.63985530e+12  9.32648358e+09
 1.13090000e+03  6.22685458e+16  1.15326407e+15  3.35269598e+10  9.34555906e+08  2.63985530e+12  9.32648358e+09
 1.13095000e+03  6.21238776e+16  1.29364898e+15  3.34490668e+10  1.04831783e+09  2.63985530e+12  9.32648358e+09
 1.13100000e+03  6.19795456e+16  1.43320777e+15  3.33713548e+10  1.16141031e+09  2.63985530e+12  9.32648358e+09
 1.13100000e+03  6.19795456e+16  1.43320777e+15  3.33713548e+10  1.16141031e+09  2.63985530e+12  9.32648358e+09
 1.13170000e+03  6.42610487e+16  3.37104270e+15  3.45997737e+10  2.73174890e+09  2.63985530e+12  9.32648358e+09
 1.13240000e+03  6.64694536e+16  5.28751962e+15  3.57888348e+10  4.28477988e+09  2.63985530e+12  9.32648358e+09
 1.13310000e+03  6.86071024e+16  7.18137481e+15  3.69397990e+10  5.81947917e+09  2.63985530e+12  9.32648358e+09
 1.13380000e+03  7.06762621e+16  9.05147820e+15  3.80538869e+10  7.33493102e+09  2.63985530e+12  9.32648358e+09
 1.13450000e+03  7.26791271e+16  1.08968246e+16  3.91322800e+10  8.83032089e+09  2.63985530e+12  9.32648358e+09
 1.13520000e+03  7.46178213e+16  1.27165257e+16  4.01761220e+10  1.03049288e+10  2.63985530e+12  9.32648358e+09
 1.13590000e+03  7.64944008e+16  1.45098017e+16  4.11865199e+10  1.17581231e+10  2.63985530e+12  9.32648358e+09
 1.13660000e+03  7.83108557e+16  1.62759748e+16  4.21645451e+10  1.31893542e+10  2.63985530e+12  9.32648358e+09
 1.13730000e+03  8.00691123e+16  1.80144615e+16  4.31112350e+10  1.45981495e+10  2.63985530e+12  9.32648358e+09
 1.13800000e+03  8.17710354e+16  1.97247666e+16  4.40275934e+10  1.59841077e+10  2.63985530e+12  9.32648358e+09
 1.13800000e+03  8.17710354e+16  1.97247666e+16  4.40275934e+10  1.59841077e+10  2.65632156e+12  9.31715710e+09
 1.13802500e+03  8.16759910e+16  1.97852323e+16  4.39764191e+10  1.60331065e+10  2.65632156e+12  9.31715710e+09
 1.13805000e+03  8.15810572e+16  1.98454818e+16  4.39253043e+10  1.60819302e+10  2.65632156e+12  9.31715710e+09
 1.13807500e+03  8.14862337e+16  1.99055158e+16  4.38742490e+10  1.61305791e+10  2.65632156e+12  9.31715710e+09
 1.13810000e+03  8.13915204e+16  1.99653347e+16  4.38232529e+10  1.61790538e+10  2.65632156e+12  9.31715710e+09
 1.13812500e+03  8.12969172e+16  2.00249389e+16  4.37723162e+10  1.62273545e+10  2.65632156e+12  9.31715710e+09
 1.13815000e+03  8.12024239e+16  2.00843291e+16  4.37214386e+10  1.62754818e+10  2.65632156e+12  9.31715710e+09
 1.13817500e+03  8.11080405e+16  2.01435056e+16  4.36706202e+10  1.63234359e+10  2.65632156e+12  9.31715710e+09
 1.13820000e+03  8.10137668e+16  2.02024691e+16  4.36198608e+10  1.63712174e+10  2.65632156e+12  9.31715710e+09
 1.13822500e+03  8.09196027e+16  2.02612199e+16  4.35691605e+10  1.64188265e+10  2.65632156e+12  9.31715710e+09
 1.13825000e+03  8.08255480e+16  2.03197587e+16  4.35185191e+10  1.64662638e+10  2.65632156e+12  9.31715710e+09
 1.13825000e+03  8.08255480e+16  0.00000000e+00  4.35185191e+10  0.00000000e+00  2.66810974e+12  9.30783994e+09
 1.13877500e+03  7.88754584e+16  1.91454100e+15  4.24685415e+10  1.55146218e+09  2.66810974e+12  9.30783994e+09
 1.13930000e+03  7.69724189e+16  3.71379296e+15  4.14438969e+10  3.00949907e+09  2.66810974e+12  9.30783994e+09
 1.13982500e+03  7.51152943e+16  5.40303122e+15  4.04439741e+10  4.37838554e+09  2.66810974e+12  9.30783994e+09
 1.14035000e+03  7.33029768e+16  6.98731381e+15  3.94681765e+10  5.66222043e+09  2.66810974e+12  9.30783994e+09
 1.14087500e+03  7.15343853e+16  8.47149000e+15  3.85159221e+10  6.86493337e+09  2.66810974e+12  9.30783994e+09
 1.14140000e+03  6.98084650e+16  9.86020842e+15  3.75866429e+10  7.99029142e+09  2.66810974e+12  9.30783994e+09
 1.14192500e+03  6.81241861e+16  1.11579249e+16  3.66797846e+10  9.04190542e+09  2.66810974e+12  9.30783994e+09
 1.14245000e+03  6.64805441e+16  1.23689102e+16  3.57948062e+10  1.00232361e+10  2.66810974e+12  9.30783994e+09
 1.14297500e+03  6.48765585e+16  1.34972571e+16  3.49311798e+10  1.09376002e+10  2.66810974e+12  9.30783994e+09
 1.14350000e+03  6.33112724e+16  1.45468873e+16  3.40883902e+10  1.17881756e+10  2.66810974e+12  9.30783994e+09
 1.14350000e+03  6.33112724e+16  0.00000000e+00  3.40883902e+10  0.00000000e+00  2.66810974e+12  9.30783994e+09
 1.14355000e+03  6.31641817e+16  1.46833450e+14  3.40091928e+10  1.18987551e+08  2.66810974e+12  9.30783994e+09
 1.14360000e+03  6.30174327e+16  2.92812635e+14  3.39301794e+10  2.37282843e+08  2.66810974e+12  9.30783994e+09
 1.14365000e+03  6.28710247e+16  4.37941333e+14  3.38513497e+10  3.54888936e+08  2.66810974e+12  9.30783994e+09
 1.14370000e+03  6.27249568e+16  5.82223308e+14  3.37727030e+10  4.71808881e+08  2.66810974e+12  9.30783994e+09
 1.14375000e+03  6.25792283e+16  7.25662306e+14  3.36942391e+10  5.88045713e+08  2.66810974e+12  9.30783994e+09
 1.14380000e+03  6.24338383e+16  8.68262060e+14  3.36159575e+10  7.03602459e+08  2.66810974e+12  9.30783994e+09
 1.14385000e+03  6.22887861e+16  1.01002629e+15  3.35378577e+10  8.18482130e+08  2.66810974e+12  9.30783994e+09
 1.14390000e+03  6.21440710e+16  1.15095870e+15  3.34599394e+10  9.32687729e+08  2.66810974e+12  9.30783994e+09
 1.14395000e+03  6.19996920e+16  1.29106297e+15  3.33822021e+10  1.04622224e+09  2.66810974e+12  9.30783994e+09
 1.14400000e+03  6.18556485e+16  1.43034279e+15  3.33046454e+10  1.15908865e+09  2.66810974e+12  9.30783994e+09
 1.14400000e+03  6.18556485e+16  1.43034279e+15  3.33046454e+10  1.15908865e+09  2.66810974e+12  9.30783994e+09
 1.14470000e+03  6.41325908e+16  3.36430398e+15  3.45306088e+10  2.72628814e+09  2.66810974e+12  9.30783994e+09
 1.14540000e+03  6.63365812e+16  5.27694987e+15  3.57172929e+10  4.27621460e+09  2.66810974e+12  9.30783994e+09
 1.14610000e+03  6.84699568e+16  7.16701924e+15  3.68659563e+10  5.80784603e+09  2.66810974e+12  9.30783994e+09
 1.14680000e+03  7.05349803e+16  9.03338430e+15  3.79778172e+10  7.32026849e+09  2.66810974e+12  9.30783994e+09
 1.14750000e+03  7.25338415e+16  1.08750419e+16  3.90540546e+10  8.81266908e+09  2.66810974e+12  9.30783994e+09
 1.14820000e+03  7.44686603e+16  1.26911053e+16  4.00958099e+10  1.02843293e+10  2.66810974e+12  9.30783994e+09
 1.14890000e+03  7.63414885e+16  1.44807966e+16  4.11041880e+10  1.17346186e+10  2.66810974e+12  9.30783994e+09
 1.14960000e+03  7.81543123e+16  1.62434391e+16  4.20802582e+10  1.31629887e+10  2.66810974e+12  9.30783994e+09
 1.15030000e+03  7.99090542e+16  1.79784506e+16  4.30250556e+10  1.45689678e+10  2.66810974e+12  9.30783994e+09
 1.15100000e+03  8.16075751e+16  1.96853368e+16  4.39395822e+10  1.59521554e+10  2.66810974e+12  9.30783994e+09
 1.15100000e+03  8.16075751e+16  1.96853368e+16  4.39395822e+10  1.59521554e+10  2.68454309e+12  9.29853210e+09
 1.15102500e+03  8.15127207e+16  1.97456816e+16  4.38885102e+10  1.60010563e+10  2.68454309e+12  9.29853210e+09
 1.15105000e+03  8.14179767e+16  1.98058107e+16  4.38374976e+10  1.60497824e+10  2.68454309e+12  9.29853210e+09
 1.15107500e+03  8.13233427e+16  1.98657247e+16  4.37865443e+10  1.60983341e+10  2.68454309e+12  9.29853210e+09
 1.15110000e+03  8.12288187e+16  1.99254240e+16  4.37356502e+10  1.61467118e+10  2.68454309e+12  9.29853210e+09
 1.15112500e+03  8.11344046e+16  1.99849091e+16  4.36848153e+10  1.61949160e+10  2.68454309e+12  9.29853210e+09
 1.15115000e+03  8.10401003e+16  2.00441805e+16  4.36340395e+10  1.62429471e+10  2.68454309e+12  9.29853210e+09
 1.15117500e+03  8.09459056e+16  2.01032388e+16  4.35833226e+10  1.62908053e+10  2.68454309e+12  9.29853210e+09
 1.15120000e+03  8.08518203e+16  2.01620843e+16  4.35326647e+10  1.63384913e+10  2.68454309e+12  9.29853210e+09
 1.15122500e+03  8.07578444e+16  2.02207178e+16  4.34820657e+10  1.63860053e+10  2.68454309e+12  9.29853210e+09
 1.15125000e+03  8.06639777e+16  2.02791395e+16  4.34315256e+10  1.64333478e+10  2.68454309e+12  9.29853210e+09
 1.15125000e+03  8.06639777e+16  0.00000000e+00  4.34315256e+10  0.00000000e+00  2.69630770e+12  9.28923357e+09
 1.15177500e+03  7.87177864e+16  1.91071383e+15  4.23836469e+10  1.54836081e+09  2.69630770e+12  9.28923357e+09
 1.15230000e+03  7.68185510e+16  3.70636909e+15  4.13610506e+10  3.00348308e+09  2.69630770e+12  9.28923357e+09
 1.15282500e+03  7.49651388e+16  5.39223056e+15  4.03631266e+10  4.36963315e+09  2.69630770e+12  9.28923357e+09
 1.15335000e+03  7.31564441e+16  6.97334617e+15  3.93892796e+10  5.65090166e+09  2.69630770e+12  9.28923357e+09
 1.15387500e+03  7.13913881e+16  8.45455549e+15  3.84389288e+10  6.85121037e+09  2.69630770e+12  9.28923357e+09
 1.15440000e+03  6.96689178e+16  9.84049786e+15  3.75115073e+10  7.97431882e+09  2.69630770e+12  9.28923357e+09
 1.15492500e+03  6.79880059e+16  1.11356203e+16  3.66064617e+10  9.02383065e+09  2.69630770e+12  9.28923357e+09
 1.15545000e+03  6.63476495e+16  1.23441848e+16  3.57232524e+10  1.00031997e+10  2.69630770e+12  9.28923357e+09
 1.15597500e+03  6.47468702e+16  1.34702761e+16  3.48613523e+10  1.09157359e+10  2.69630770e+12  9.28923357e+09
 1.15650000e+03  6.31847132e+16  1.45178080e+16  3.40202475e+10  1.17646110e+10  2.69630770e+12  9.28923357e+09
 1.15650000e+03  6.31847132e+16  0.00000000e+00  3.40202475e+10  0.00000000e+00  2.69630770e+12  9.28923357e+09
 1.15655000e+03  6.30379165e+16  1.46539930e+14  3.39412084e+10  1.18749695e+08  2.69630770e+12  9.28923357e+09
 1.15660000e+03  6.28914609e+16  2.92227303e+14  3.38623530e+10  2.36808515e+08  2.69630770e+12  9.28923357e+09
 1.15665000e+03  6.27453455e+16  4.37065889e+14  3.37836808e+10  3.54179513e+08  2.69630770e+12  9.28923357e+09
 1.15670000e+03  6.25995696e+16  5.81059443e+14  3.37051914e+10  4.70865735e+08  2.69630770e+12  9.28923357e+09
 1.15675000e+03  6.24541324e+16  7.24211707e+14  3.36268843e+10  5.86870210e+08  2.69630770e+12  9.28923357e+09
 1.15680000e+03  6.23090331e+16  8.66526404e+14  3.35487592e+10  7.02195957e+08  2.69630770e+12  9.28923357e+09
 1.15685000e+03  6.21642708e+16  1.00800725e+15  3.34708155e+10  8.16845985e+08  2.69630770e+12  9.28923357e+09
 1.15690000e+03  6.20198450e+16  1.14865793e+15  3.33930530e+10  9.30823286e+08  2.69630770e+12  9.28923357e+09
 1.15695000e+03  6.18757546e+16  1.28848214e+15  3.33154711e+10  1.04413085e+09  2.69630770e+12  9.28923357e+09
 1.15700000e+03  6.17319990e+16  1.42748353e+15  3.32380694e+10  1.15677163e+09  2.69630770e+12  9.28923357e+09
 1.15700000e+03  6.17319990e+16  1.42748353e+15  3.32380694e+10  1.15677163e+09  2.69630770e+12  9.28923357e+09
 1.15770000e+03  6.40043898e+16  3.35757874e+15  3.44615821e+10  2.72083829e+09  2.69630770e+12  9.28923357e+09
 1.15840000e+03  6.62039743e+16  5.26640125e+15  3.56458940e+10  4.26766645e+09  2.69630770e+12  9.28923357e+09
 1.15910000e+03  6.83330854e+16  7.15269237e+15  3.67922613e+10  5.79623615e+09  2.69630770e+12  9.28923357e+09
 1.15980000e+03  7.03939809e+16  9.01532656e+15  3.79018995e+10  7.30563527e+09  2.69630770e+12  9.28923357e+09
 1.16050000e+03  7.23888463e+16  1.08533027e+16  3.89759855e+10  8.79505256e+09  2.69630770e+12  9.28923357e+09
 1.16120000e+03  7.43197974e+16  1.26657358e+16  4.00156584e+10  1.02637709e+10  2.69630770e+12  9.28923357e+09
 1.16190000e+03  7.61888818e+16  1.44518495e+16  4.10220207e+10  1.17111611e+10  2.69630770e+12  9.28923357e+09
 1.16260000e+03  7.79980818e+16  1.62109685e+16  4.19961398e+10  1.31366759e+10  2.69630770e+12  9.28923357e+09
 1.16330000e+03  7.97493160e+16  1.79425116e+16  4.29390485e+10  1.45398445e+10  2.69630770e+12  9.28923357e+09
 1.16400000e+03  8.14444415e+16  1.96459858e+16  4.38517470e+10  1.59202671e+10  2.69630770e+12  9.28923357e+09
 1.16400000e+03  8.14444415e+16  1.96459858e+16  4.38517470e+10  1.59202671e+10  2.71270820e+12  9.27994434e+09
 1.16402500e+03  8.13497768e+16  1.97062100e+16  4.38007771e+10  1.59690702e+10  2.71270820e+12  9.27994434e+09
 1.16405000e+03  8.12552221e+16  1.97662189e+16  4.37498665e+10  1.60176989e+10  2.71270820e+12  9.27994434e+09
 1.16407500e+03  8.11607773e+16  1.98260131e+16  4.36990150e+10  1.60661535e+10  2.71270820e+12  9.27994434e+09
 1.16410000e+03  8.10664423e+16  1.98855930e+16  4.36482227e+10  1.61144346e+10  2.71270820e+12  9.27994434e+09
 1.16412500e+03  8.09722170e+16  1.99449592e+16  4.35974894e+10  1.61625424e+10  2.71270820e+12  9.27994434e+09
 1.16415000e+03  8.08781011e+16  2.00041122e+16  4.35468150e+10  1.62104774e+10  2.71270820e+12  9.27994434e+09
 1.16417500e+03  8.07840947e+16  2.00630524e+16  4.34961996e+10  1.62582400e+10  2.71270820e+12  9.27994434e+09
 1.16420000e+03  8.06901975e+16  2.01217803e+16  4.34456429e+10  1.63058307e+10  2.71270820e+12  9.27994434e+09
 1.16422500e+03  8.05964095e+16  2.01802965e+16  4.33951451e+10  1.63532497e+10  2.71270820e+12  9.27994434e+09
 1.16425000e+03  8.05027304e+16  2.02386015e+16  4.33447059e+10  1.64004975e+10  2.71270820e+12  9.27994434e+09
 1.16425000e+03  8.05027304e+16  0.00000000e+00  4.33447059e+10  0.00000000e+00  2.72444929e+12  9.27066439e+09
 1.16477500e+03  7.85604295e+16  1.90689431e+15  4.22989220e+10  1.54526564e+09  2.72444929e+12  9.27066439e+09
 1.16530000e+03  7.66649907e+16  3.69896006e+15  4.12783698e+10  2.99747911e+09  2.72444929e+12  9.27066439e+09
 1.16582500e+03  7.48152835e+16  5.38145149e+15  4.02824407e+10  4.36089825e+09  2.72444929e+12  9.27066439e+09
 1.16635000e+03  7.30102044e+16  6.95940646e+15  3.93105404e+10  5.63960550e+09  2.72444929e+12  9.27066439e+09
 1.16687500e+03  7.12486767e+16  8.43765484e+15  3.83620894e+10  6.83751480e+09  2.72444929e+12  9.27066439e+09
 1.16740000e+03  6.95296497e+16  9.82082671e+15  3.74365217e+10  7.95837816e+09  2.72444929e+12  9.27066439e+09
 1.16792500e+03  6.78520978e+16  1.11133601e+16  3.65332854e+10  9.00579201e+09  2.72444929e+12  9.27066439e+09
 1.16845000e+03  6.62150205e+16  1.23195088e+16  3.56518416e+10  9.98320330e+09  2.72444929e+12  9.27066439e+09
 1.16897500e+03  6.46174412e+16  1.34433490e+16  3.47916645e+10  1.08939154e+10  2.72444929e+12  9.27066439e+09
 1.16950000e+03  6.30584069e+16  1.44887869e+16  3.39522410e+10  1.17410936e+10  2.72444929e+12  9.27066439e+09
 1.16950000e+03  6.30584069e+16  0.00000000e+00  3.39522410e+10  0.00000000e+00  2.72444929e+12  9.27066439e+09
 1.16955000e+03  6.29119037e+16  1.46246997e+14  3.38733600e+10  1.18512315e+08  2.72444929e+12  9.27066439e+09
 1.16960000e+03  6.27657408e+16  2.91643140e+14  3.37946622e+10  2.36335134e+08  2.72444929e+12  9.27066439e+09
 1.16965000e+03  6.26199176e+16  4.36192194e+14  3.37161472e+10  3.53471508e+08  2.72444929e+12  9.27066439e+09
 1.16970000e+03  6.24744331e+16  5.79897905e+14  3.36378147e+10  4.69924474e+08  2.72444929e+12  9.27066439e+09
 1.16975000e+03  6.23292866e+16  7.22764007e+14  3.35596642e+10  5.85697056e+08  2.72444929e+12  9.27066439e+09
 1.16980000e+03  6.21844773e+16  8.64794218e+14  3.34816952e+10  7.00792268e+08  2.72444929e+12  9.27066439e+09
 1.16985000e+03  6.20400045e+16  1.00599224e+15  3.34039074e+10  8.15213109e+08  2.72444929e+12  9.27066439e+09
 1.16990000e+03  6.18958673e+16  1.14636176e+15  3.33263003e+10  9.28962570e+08  2.72444929e+12  9.27066439e+09
 1.16995000e+03  6.17520650e+16  1.28590646e+15  3.32488735e+10  1.04204363e+09  2.72444929e+12  9.27066439e+09
 1.17000000e+03  6.16085968e+16  1.42462999e+15  3.31716265e+10  1.15445925e+09  2.72444929e+12  9.27066439e+09
 1.17000000e+03  6.16085968e+16  1.42462999e+15  3.31716265e+10  1.15445925e+09  2.72444929e+12  9.27066439e+09
 1.17070000e+03  6.38764450e+16  3.35086694e+15  3.43926934e+10  2.71539933e+09  2.72444929e+12  9.27066439e+09
 1.17140000e+03  6.60716326e+16  5.25587371e+15  3.55746379e+10  4.25913539e+09  2.72444929e+12  9.27066439e+09
 1.17210000e+03  6.81964875e+16  7.13839414e+15  3.67187135e+10  5.78464947e+09  2.72444929e+12  9.27066439e+09
 1.17280000e+03  7.02532633e+16  8.99730492e+15  3.78261336e+10  7.29103131e+09  2.72444929e+12  9.27066439e+09
 1.17350000e+03  7.22441410e+16  1.08316069e+16  3.88980725e+10  8.77747125e+09  2.72444929e+12  9.27066439e+09
 1.17420000e+03  7.41712321e+16  1.26404170e+16  3.99356671e+10  1.02432536e+10  2.72444929e+12  9.27066439e+09
 1.17490000e+03  7.60365803e+16  1.44229603e+16  4.09400177e+10  1.16877505e+10  2.72444929e+12  9.27066439e+09
 1.17560000e+03  7.78421636e+16  1.61785627e+16  4.19121895e+10  1.31104157e+10  2.72444929e+12  9.27066439e+09
 1.17630000e+03  7.95898971e+16  1.79066446e+16  4.28532134e+10  1.45107793e+10  2.72444929e+12  9.27066439e+09
 1.17700000e+03  8.12816341e+16  1.96067134e+16  4.37640874e+10  1.58884425e+10  2.72444929e+12  9.27066439e+09
 1.17700000e+03  8.12816341e+16  1.96067134e+16  4.37640874e+10  1.58884425e+10  2.74081700e+12  9.26139373e+09
 1.17702500e+03  8.11871586e+16  1.96668173e+16  4.37132194e+10  1.59371480e+10  2.74081700e+12  9.26139373e+09
 1.17705000e+03  8.10927929e+16  1.97267062e+16  4.36624105e+10  1.59856795e+10  2.74081700e+12  9.26139373e+09
 1.17707500e+03  8.09985369e+16  1.97863809e+16  4.36116607e+10  1.60340373e+10  2.74081700e+12  9.26139373e+09
 1.17710000e+03  8.09043905e+16  1.98458417e+16  4.35609699e+10  1.60822218e+10  2.74081700e+12  9.26139373e+09
 1.17712500e+03  8.08103535e+16  1.99050893e+16  4.35103380e+10  1.61302335e+10  2.74081700e+12  9.26139373e+09
 1.17715000e+03  8.07164258e+16  1.99641240e+16  4.34597649e+10  1.61780727e+10  2.74081700e+12  9.26139373e+09
 1.17717500e+03  8.06226073e+16  2.00229463e+16  4.34092507e+10  1.62257398e+10  2.74081700e+12  9.26139373e+09
 1.17720000e+03  8.05288978e+16  2.00815569e+16  4.33587951e+10  1.62732353e+10  2.74081700e+12  9.26139373e+09
 1.17722500e+03  8.04352972e+16  2.01399561e+16  4.33083982e+10  1.63205595e+10  2.74081700e+12  9.26139373e+09
 1.17725000e+03  8.03418055e+16  2.01981445e+16  4.32580599e+10  1.63677129e+10  2.74081700e+12  9.26139373e+09
 1.17725000e+03  8.03418055e+16  0.00000000e+00  4.32580599e+10  0.00000000e+00  2.75253463e+12  9.25213233e+09
 1.17777500e+03  7.84033872e+16  1.90308243e+15  4.22143664e+10  1.54217665e+09  2.75253463e+12  9.25213233e+09
 1.17830000e+03  7.65117374e+16  3.69156584e+15  4.11958544e+10  2.99148715e+09  2.75253463e+12  9.25213233e+09
 1.17882500e+03  7.46657277e+16  5.37069397e+15  4.02019161e+10  4.35218082e+09  2.75253463e+12  9.25213233e+09
 1.17935000e+03  7.28642570e+16  6.94549460e+15  3.92319587e+10  5.62833193e+09  2.75253463e+12  9.25213233e+09
 1.17987500e+03  7.11062506e+16  8.42078797e+15  3.82854036e+10  6.82384661e+09  2.75253463e+12  9.25213233e+09
 1.18040000e+03  6.93906599e+16  9.80119488e+15  3.73616861e+10  7.94246936e+09  2.75253463e+12  9.25213233e+09
 1.18092500e+03  6.77164615e+16  1.10911445e+16  3.64602554e+10  8.98778943e+09  2.75253463e+12  9.25213233e+09
 1.18145000e+03  6.60826567e+16  1.22948821e+16  3.55805736e+10  9.96324687e+09  2.75253463e+12  9.25213233e+09
 1.18197500e+03  6.44882710e+16  1.34164757e+16  3.47221159e+10  1.08721384e+10  2.75253463e+12  9.25213233e+09
 1.18250000e+03  6.29323532e+16  1.44598238e+16  3.38843705e+10  1.17176231e+10  2.75253463e+12  9.25213233e+09
 1.18250000e+03  6.29323532e+16  0.00000000e+00  3.38843705e+10  0.00000000e+00  2.75253463e+12  9.25213233e+09
 1.18255000e+03  6.27861428e+16  1.45954649e+14  3.38056471e+10  1.18275408e+08  2.75253463e+12  9.25213233e+09
 1.18260000e+03  6.26402721e+16  2.91060146e+14  3.37271066e+10  2.35862700e+08  2.75253463e+12  9.25213233e+09
 1.18265000e+03  6.24947403e+16  4.35320246e+14  3.36487487e+10  3.52764919e+08  2.75253463e+12  9.25213233e+09
 1.18270000e+03  6.23495467e+16  5.78738690e+14  3.35705727e+10  4.68985095e+08  2.75253463e+12  9.25213233e+09
 1.18275000e+03  6.22046903e+16  7.21319202e+14  3.34925784e+10  5.84526248e+08  2.75253463e+12  9.25213233e+09
 1.18280000e+03  6.20601705e+16  8.63065494e+14  3.34147653e+10  6.99391384e+08  2.75253463e+12  9.25213233e+09
 1.18285000e+03  6.19159865e+16  1.00398126e+15  3.33371329e+10  8.13583498e+08  2.75253463e+12  9.25213233e+09
 1.18290000e+03  6.17721374e+16  1.14407019e+15  3.32596810e+10  9.27105574e+08  2.75253463e+12  9.25213233e+09
 1.18295000e+03  6.16286226e+16  1.28333593e+15  3.31824090e+10  1.03996058e+09  2.75253463e+12  9.25213233e+09
 1.18300000e+03  6.14854412e+16  1.42178216e+15  3.31053165e+10  1.15215148e+09  2.75253463e+12  9.25213233e+09
 1.18300000e+03  6.14854412e+16  1.42178216e+15  3.31053165e+10  1.15215148e+09  2.75253463e+12  9.25213233e+09
 1.18370000e+03  6.37487560e+16  3.34416856e+15  3.43239424e+10  2.70997125e+09  2.75253463e+12  9.25213233e+09
 1.18440000e+03  6.59395554e+16  5.24536722e+15  3.55035242e+10  4.25062137e+09  2.75253463e+12  9.25213233e+09
 1.18510000e+03  6.80601628e+16  7.12412449e+15  3.66453128e+10  5.77308596e+09  2.75253463e+12  9.25213233e+09
 1.18580000e+03  7.01128270e+16  8.97931931e+15  3.77505192e+10  7.27645654e+09  2.75253463e+12  9.25213233e+09
 1.18650000e+03  7.20997250e+16  1.08099546e+16  3.88203153e+10  8.75992508e+09  2.75253463e+12  9.25213233e+09
 1.18720000e+03  7.40229638e+16  1.26151488e+16  3.98558357e+10  1.02227774e+10  2.75253463e+12  9.25213233e+09
 1.18790000e+03  7.58845831e+16  1.43941288e+16  4.08581786e+10  1.16643867e+10  2.75253463e+12  9.25213233e+09
 1.18860000e+03  7.76865571e+16  1.61462218e+16  4.18284070e+10  1.30842079e+10  2.75253463e+12  9.25213233e+09
 1.18930000e+03  7.94307969e+16  1.78708492e+16  4.27675498e+10  1.44817723e+10  2.75253463e+12  9.25213233e+09
 1.19000000e+03  8.11191521e+16  1.95675196e+16  4.36766029e+10  1.58566815e+10  2.75253463e+12  9.25213233e+09
 1.19000000e+03  8.11191521e+16  1.95675196e+16  4.36766029e+10  1.58566815e+10  2.76886962e+12  9.24288020e+09
 1.19002500e+03  8.10248655e+16  1.96275033e+16  4.36258366e+10  1.59052897e+10  2.76886962e+12  9.24288020e+09
 1.19005000e+03  8.09306884e+16  1.96872726e+16  4.35751293e+10  1.59537241e+10  2.76886962e+12  9.24288020e+09
 1.19007500e+03  8.08366209e+16  1.97468279e+16  4.35244810e+10  1.60019853e+10  2.76886962e+12  9.24288020e+09
 1.19010000e+03  8.07426626e+16  1.98061699e+16  4.34738915e+10  1.60500735e+10  2.76886962e+12  9.24288020e+09
 1.19012500e+03  8.06488136e+16  1.98652990e+16  4.34233608e+10  1.60979891e+10  2.76886962e+12  9.24288020e+09
 1.19015000e+03  8.05550737e+16  1.99242157e+16  4.33728889e+10  1.61457327e+10  2.76886962e+12  9.24288020e+09
 1.19017500e+03  8.04614427e+16  1.99829205e+16  4.33224756e+10  1.61933046e+10  2.76886962e+12  9.24288020e+09
 1.19020000e+03  8.03679205e+16  2.00414139e+16  4.32721209e+10  1.62407051e+10  2.76886962e+12  9.24288020e+09
 1.19022500e+03  8.02745071e+16  2.00996964e+16  4.32218247e+10  1.62879347e+10  2.76886962e+12  9.24288020e+09
 1.19025000e+03  8.01812022e+16  2.01577684e+16  4.31715870e+10  1.63349939e+10  2.76886962e+12  9.24288020e+09
 1.19025000e+03  8.01812022e+16  0.00000000e+00  4.31715870e+10  0.00000000e+00  2.78056382e+12  9.23363732e+09
 1.19077500e+03  7.82466588e+16  1.89927817e+15  4.21299799e+10  1.53909384e+09  2.78056382e+12  9.23363732e+09
 1.19130000e+03  7.63587905e+16  3.68418640e+15  4.11135039e+10  2.98550717e+09  2.78056382e+12  9.23363732e+09
 1.19182500e+03  7.45164710e+16  5.35995795e+15  4.01215524e+10  4.34348081e+09  2.78056382e+12  9.23363732e+09
 1.19235000e+03  7.27186014e+16  6.93161056e+15  3.91535340e+10  5.61708090e+09  2.78056382e+12  9.23363732e+09
 1.19287500e+03  7.09641092e+16  8.40395481e+15  3.82088710e+10  6.81020574e+09  2.78056382e+12  9.23363732e+09
 1.19340000e+03  6.92519480e+16  9.78160229e+15  3.72870001e+10  7.92659237e+09  2.78056382e+12  9.23363732e+09
 1.19392500e+03  6.75810963e+16  1.10689733e+16  3.63873713e+10  8.96982284e+09  2.78056382e+12  9.23363732e+09
 1.19445000e+03  6.59505575e+16  1.22703046e+16  3.55094480e+10  9.94333034e+09  2.78056382e+12  9.23363732e+09
 1.19497500e+03  6.43593589e+16  1.33896562e+16  3.46527064e+10  1.08504050e+10  2.78056382e+12  9.23363732e+09
 1.19550000e+03  6.28065514e+16  1.44309187e+16  3.38166356e+10  1.16941996e+10  2.78056382e+12  9.23363732e+09
 1.19550000e+03  6.28065514e+16  0.00000000e+00  3.38166356e+10  0.00000000e+00  2.78056382e+12  9.23363732e+09
 1.19555000e+03  6.26606333e+16  1.45662886e+14  3.37380696e+10  1.18038976e+08  2.78056382e+12  9.23363732e+09
 1.19560000e+03  6.25150542e+16  2.90478317e+14  3.36596862e+10  2.35391211e+08  2.78056382e+12  9.23363732e+09
 1.19565000e+03  6.23698134e+16  4.34450041e+14  3.35814848e+10  3.52059742e+08  2.78056382e+12  9.23363732e+09
 1.19570000e+03  6.22249099e+16  5.77581791e+14  3.35034651e+10  4.68047594e+08  2.78056382e+12  9.23363732e+09
 1.19575000e+03  6.20803432e+16  7.19877285e+14  3.34256267e+10  5.83357780e+08  2.78056382e+12  9.23363732e+09
 1.19580000e+03  6.19361123e+16  8.61340227e+14  3.33479692e+10  6.97993301e+08  2.78056382e+12  9.23363732e+09
 1.19585000e+03  6.17922164e+16  1.00197430e+15  3.32704920e+10  8.11957145e+08  2.78056382e+12  9.23363732e+09
 1.19590000e+03  6.16486549e+16  1.14178319e+15  3.31931949e+10  9.25252290e+08  2.78056382e+12  9.23363732e+09
 1.19595000e+03  6.15054270e+16  1.28077054e+15  3.31160773e+10  1.03788170e+09  2.78056382e+12  9.23363732e+09
 1.19600000e+03  6.13625318e+16  1.41894001e+15  3.30391389e+10  1.14984833e+09  2.78056382e+12  9.23363732e+09
 1.19600000e+03  6.13625318e+16  1.41894001e+15  3.30391389e+10  1.14984833e+09  2.78056382e+12  9.23363732e+09
 1.19670000e+03  6.36213222e+16  3.33748356e+15  3.42553288e+10  2.70455401e+09  2.78056382e+12  9.23363732e+09
 1.19740000e+03  6.58077422e+16  5.23488173e+15  3.54325527e+10  4.24212438e+09  2.78056382e+12  9.23363732e+09
 1.19810000e+03  6.79241105e+16  7.10988337e+15  3.65720589e+10  5.76154556e+09  2.78056382e+12  9.23363732e+09
 1.19880000e+03  6.99726715e+16  8.96136965e+15  3.76750559e+10  7.26191090e+09  2.78056382e+12  9.23363732e+09
 1.19950000e+03  7.19555976e+16  1.07883455e+16  3.87427135e+10  8.74241399e+09  2.78056382e+12  9.23363732e+09
 1.20020000e+03  7.38749919e+16  1.25899311e+16  3.97761639e+10  1.02023420e+10  2.78056382e+12  9.23363732e+09
 1.20090000e+03  7.57328899e+16  1.43653549e+16  4.07765031e+10  1.16410696e+10  2.78056382e+12  9.23363732e+09
 1.20160000e+03  7.75312617e+16  1.61139455e+16  4.17447920e+10  1.30580526e+10  2.78056382e+12  9.23363732e+09
 1.20230000e+03  7.92720147e+16  1.78351253e+16  4.26820575e+10  1.44528232e+10  2.78056382e+12  9.23363732e+09
 1.20300000e+03  8.09569949e+16  1.95284042e+16  4.35892934e+10  1.58249840e+10  2.78056382e+12  9.23363732e+09
 1.20300000e+03  8.09569949e+16  1.95284042e+16  4.35892934e+10  1.58249840e+10  2.79686616e+12  9.22440368e+09
 1.20302500e+03  8.08628968e+16  1.95882679e+16  4.35386286e+10  1.58734950e+10  2.79686616e+12  9.22440368e+09
 1.20305000e+03  8.07689080e+16  1.96479177e+16  4.34880227e+10  1.59218326e+10  2.79686616e+12  9.22440368e+09
 1.20307500e+03  8.06750285e+16  1.97073540e+16  4.34374755e+10  1.59699973e+10  2.79686616e+12  9.22440368e+09
 1.20310000e+03  8.05812581e+16  1.97665774e+16  4.33869872e+10  1.60179894e+10  2.79686616e+12  9.22440368e+09
 1.20312500e+03  8.04875966e+16  1.98255883e+16  4.33365575e+10  1.60658093e+10  2.79686616e+12  9.22440368e+09
 1.20315000e+03  8.03940441e+16  1.98843872e+16  4.32861865e+10  1.61134574e+10  2.79686616e+12  9.22440368e+09
 1.20317500e+03  8.03006003e+16  1.99429746e+16  4.32358739e+10  1.61609341e+10  2.79686616e+12  9.22440368e+09
 1.20320000e+03  8.02072651e+16  2.00013511e+16  4.31856199e+10  1.62082399e+10  2.79686616e+12  9.22440368e+09
 1.20322500e+03  8.01140383e+16  2.00595171e+16  4.31354243e+10  1.62553752e+10  2.79686616e+12  9.22440368e+09
 1.20325000e+03  8.00209200e+16  2.01174731e+16  4.30852870e+10  1.63023402e+10  2.79686616e+12  9.22440368e+09
 1.20325000e+03  8.00209200e+16  0.00000000e+00  4.30852870e+10  0.00000000e+00  2.80853698e+12  9.21517928e+09
 1.20377500e+03  7.80902438e+16  1.89548151e+15  4.20457621e+10  1.53601719e+09  2.80853698e+12  9.21517928e+09
 1.20430000e+03  7.62061492e+16  3.67682171e+15  4.10313180e+10  2.97953914e+09  2.80853698e+12  9.21517928e+09
 1.20482500e+03  7.43675125e+16  5.34924340e+15  4.00413495e+10  4.33479819e+09  2.80853698e+12  9.21517928e+09
 1.20535000e+03  7.25732369e+16  6.91775427e+15  3.90752661e+10  5.60585235e+09  2.80853698e+12  9.21517928e+09
 1.20587500e+03  7.08222520e+16  8.38715530e+15  3.81324915e+10  6.79659214e+09  2.80853698e+12  9.21517928e+09
 1.20640000e+03  6.91135133e+16  9.76204886e+15  3.72124634e+10  7.91074711e+09  2.80853698e+12  9.21517928e+09
 1.20692500e+03  6.74460017e+16  1.10468465e+16  3.63146330e+10  8.95189216e+09  2.80853698e+12  9.21517928e+09
 1.20745000e+03  6.58187223e+16  1.22457763e+16  3.54384646e+10  9.92345362e+09  2.80853698e+12  9.21517928e+09
 1.20797500e+03  6.42307045e+16  1.33628903e+16  3.45834357e+10  1.08287151e+10  2.80853698e+12  9.21517928e+09
 1.20850000e+03  6.26810011e+16  1.44020712e+16  3.37490362e+10  1.16708229e+10  2.80853698e+12  9.21517928e+09
 1.20850000e+03  6.26810011e+16  0.00000000e+00  3.37490362e+10  0.00000000e+00  2.80853698e+12  9.21517928e+09
 1.20855000e+03  6.25353747e+16  1.45371705e+14  3.36706272e+10  1.17803016e+08  2.80853698e+12  9.21517928e+09
 1.20860000e+03  6.23900866e+16  2.89897650e+14  3.35924004e+10  2.34920664e+08  2.80853698e+12  9.21517928e+09
 1.20865000e+03  6.22451361e+16  4.33581575e+14  3.35143554e+10  3.51355974e+08  2.80853698e+12  9.21517928e+09
 1.20870000e+03  6.21005223e+16  5.76427205e+14  3.34364917e+10  4.67111967e+08  2.80853698e+12  9.21517928e+09
 1.20875000e+03  6.19562446e+16  7.18438250e+14  3.33588089e+10  5.82191648e+08  2.80853698e+12  9.21517928e+09
 1.20880000e+03  6.18123020e+16  8.59618407e+14  3.32813066e+10  6.96598012e+08  2.80853698e+12  9.21517928e+09
 1.20885000e+03  6.16686938e+16  9.99971357e+14  3.32039843e+10  8.10334043e+08  2.80853698e+12  9.21517928e+09
 1.20890000e+03  6.15254193e+16  1.13950077e+15  3.31268417e+10  9.23402711e+08  2.80853698e+12  9.21517928e+09
 1.20895000e+03  6.13824776e+16  1.27821028e+15  3.30498783e+10  1.03580698e+09  2.80853698e+12  9.21517928e+09
 1.20900000e+03  6.12398681e+16  1.41610355e+15  3.29730937e+10  1.14754978e+09  2.80853698e+12  9.21517928e+09
 1.20900000e+03  6.12398681e+16  1.41610355e+15  3.29730937e+10  1.14754978e+09  2.80853698e+12  9.21517928e+09
 1.20970000e+03  6.34941432e+16  3.33081193e+15  3.41868524e+10  2.69914761e+09  2.80853698e+12  9.21517928e+09
 1.21040000e+03  6.56761925e+16  5.22441720e+15  3.53617230e+10  4.23364438e+09  2.80853698e+12  9.21517928e+09
 1.21110000e+03  6.77883302e+16  7.09567071e+15  3.64989513e+10  5.75002823e+09  2.80853698e+12  9.21517928e+09
 1.21180000e+03  6.98327961e+16  8.94345587e+15  3.75997435e+10  7.24739434e+09  2.80853698e+12  9.21517928e+09
 1.21250000e+03  7.18117584e+16  1.07667795e+16  3.86652668e+10  8.72493791e+09  2.80853698e+12  9.21517928e+09
 1.21320000e+03  7.37273158e+16  1.25647639e+16  3.96966514e+10  1.01819475e+10  2.80853698e+12  9.21517928e+09
 1.21390000e+03  7.55814998e+16  1.43366386e+16  4.06949909e+10  1.16177991e+10  2.80853698e+12  9.21517928e+09
 1.21460000e+03  7.73762767e+16  1.60817337e+16  4.16613442e+10  1.30319496e+10  2.80853698e+12  9.21517928e+09
 1.21530000e+03  7.91135500e+16  1.77994729e+16  4.25967360e+10  1.44239320e+10  2.80853698e+12  9.21517928e+09
 1.21600000e+03  8.07951619e+16  1.94893669e+16  4.35021584e+10  1.57933498e+10  2.80853698e+12  9.21517928e+09
 1.21600000e+03  8.07951619e+16  1.94893669e+16  4.35021584e+10  1.57933498e+10  2.82480673e+12  9.20596410e+09
 1.21602500e+03  8.07012518e+16  1.95491110e+16  4.34515949e+10  1.58417639e+10  2.82480673e+12  9.20596410e+09
 1.21605000e+03  8.06074509e+16  1.96086415e+16  4.34010901e+10  1.58900049e+10  2.82480673e+12  9.20596410e+09
 1.21607500e+03  8.05137591e+16  1.96679590e+16  4.33506440e+10  1.59380733e+10  2.82480673e+12  9.20596410e+09
 1.21610000e+03  8.04201761e+16  1.97270640e+16  4.33002566e+10  1.59859694e+10  2.82480673e+12  9.20596410e+09
 1.21612500e+03  8.03267019e+16  1.97859569e+16  4.32499277e+10  1.60336937e+10  2.82480673e+12  9.20596410e+09
 1.21615000e+03  8.02333364e+16  1.98446383e+16  4.31996574e+10  1.60812466e+10  2.82480673e+12  9.20596410e+09
 1.21617500e+03  8.01400794e+16  1.99031086e+16  4.31494454e+10  1.61286284e+10  2.82480673e+12  9.20596410e+09
 1.21620000e+03  8.00469307e+16  1.99613684e+16  4.30992919e+10  1.61758397e+10  2.82480673e+12  9.20596410e+09
 1.21622500e+03  7.99538904e+16  2.00194181e+16  4.30491966e+10  1.62228807e+10  2.82480673e+12  9.20596410e+09
 1.21625000e+03  7.98609582e+16  2.00772582e+16  4.29991595e+10  1.62697518e+10  2.82480673e+12  9.20596410e+09
 1.21625000e+03  7.98609582e+16  0.00000000e+00  4.29991595e+10  0.00000000e+00  2.83645423e+12  9.19675814e+09
 1.21677500e+03  7.79341414e+16  1.89169244e+15  4.19617126e+10  1.53294669e+09  2.83645423e+12  9.19675814e+09
 1.21730000e+03  7.60538131e+16  3.66947174e+15  4.09492964e+10  2.97358304e+09  2.83645423e+12  9.19675814e+09
 1.21782500e+03  7.42188519e+16  5.33855026e+15  3.99613068e+10  4.32613293e+09  2.83645423e+12  9.19675814e+09
 1.21835000e+03  7.24281630e+16  6.90392568e+15  3.89971546e+10  5.59464625e+09  2.83645423e+12  9.19675814e+09
 1.21887500e+03  7.06806783e+16  8.37038938e+15  3.80562647e+10  6.78300575e+09  2.83645423e+12  9.19675814e+09
 1.21940000e+03  6.89753554e+16  9.74253453e+15  3.71380757e+10  7.89493352e+09  2.83645423e+12  9.19675814e+09
 1.21992500e+03  6.73111771e+16  1.10247638e+16  3.62420400e+10  8.93399733e+09  2.83645423e+12  9.19675814e+09
 1.22045000e+03  6.56871507e+16  1.22212970e+16  3.53676231e+10  9.90361664e+09  2.83645423e+12  9.19675814e+09
 1.22097500e+03  6.41023074e+16  1.33361779e+16  3.45143034e+10  1.08070685e+10  2.83645423e+12  9.19675814e+09
 1.22150000e+03  6.25557018e+16  1.43732815e+16  3.36815718e+10  1.16474929e+10  2.83645423e+12  9.19675814e+09
 1.22150000e+03  6.25557018e+16  0.00000000e+00  3.36815718e+10  0.00000000e+00  2.83645423e+12  9.19675814e+09
 1.22155000e+03  6.24103665e+16  1.45081107e+14  3.36033196e+10  1.17567528e+08  2.83645423e+12  9.19675814e+09
 1.22160000e+03  6.22653688e+16  2.89318145e+14  3.35252492e+10  2.34451057e+08  2.83645423e+12  9.19675814e+09
 1.22165000e+03  6.21207081e+16  4.32714845e+14  3.34473602e+10  3.50653614e+08  2.83645423e+12  9.19675814e+09
 1.22170000e+03  6.19763834e+16  5.75274927e+14  3.33696522e+10  4.66178210e+08  2.83645423e+12  9.19675814e+09
 1.22175000e+03  6.18323940e+16  7.17002092e+14  3.32921246e+10  5.81027846e+08  2.83645423e+12  9.19675814e+09
 1.22180000e+03  6.16887392e+16  8.57900030e+14  3.32147772e+10  6.95205512e+08  2.83645423e+12  9.19675814e+09
 1.22185000e+03  6.15454181e+16  9.97972414e+14  3.31376095e+10  8.08714185e+08  2.83645423e+12  9.19675814e+09
 1.22190000e+03  6.14024300e+16  1.13722290e+15  3.30606211e+10  9.21556829e+08  2.83645423e+12  9.19675814e+09
 1.22195000e+03  6.12597741e+16  1.27565514e+15  3.29838116e+10  1.03373640e+09  2.83645423e+12  9.19675814e+09
 1.22200000e+03  6.11174496e+16  1.41327276e+15  3.29071805e+10  1.14525583e+09  2.83645423e+12  9.19675814e+09
 1.22200000e+03  6.11174496e+16  1.41327276e+15  3.29071805e+10  1.14525583e+09  2.83645423e+12  9.19675814e+09
 1.22270000e+03  6.33672184e+16  3.32415364e+15  3.41185129e+10  2.69375202e+09  2.83645423e+12  9.19675814e+09
 1.22340000e+03  6.55449058e+16  5.21397359e+15  3.52910349e+10  4.22518132e+09  2.83645423e+12  9.19675814e+09
 1.22410000e+03  6.76528213e+16  7.08148646e+15  3.64259899e+10  5.73853392e+09  2.83645423e+12  9.19675814e+09
 1.22480000e+03  6.96932003e+16  8.92557791e+15  3.75245816e+10  7.23290680e+09  2.83645423e+12  9.19675814e+09
 1.22550000e+03  7.16682067e+16  1.07452568e+16  3.85879749e+10  8.70749676e+09  2.83645423e+12  9.19675814e+09
 1.22620000e+03  7.35799349e+16  1.25396469e+16  3.96172978e+10  1.01615938e+10  2.83645423e+12  9.19675814e+09
 1.22690000e+03  7.54304124e+16  1.43079796e+16  4.06136416e+10  1.15945751e+10  2.83645423e+12  9.19675814e+09
 1.22760000e+03  7.72216015e+16  1.60495863e+16  4.15780632e+10  1.30058987e+10  2.83645423e+12  9.19675814e+09
 1.22830000e+03  7.89554020e+16  1.77638918e+16  4.25115852e+10  1.43950986e+10  2.83645423e+12  9.19675814e+09
 1.22900000e+03  8.06336523e+16  1.94504076e+16  4.34151976e+10  1.57617789e+10  2.83645423e+12  9.19675814e+09
 1.22900000e+03  8.06336523e+16  1.94504076e+16  4.34151976e+10  1.57617789e+10  2.85269146e+12  9.18756138e+09
 1.22902500e+03  8.05399300e+16  1.95100323e+16  4.33647351e+10  1.58100962e+10  2.85269146e+12  9.18756138e+09
 1.22905000e+03  8.04463166e+16  1.95694438e+16  4.33143313e+10  1.58582408e+10  2.85269146e+12  9.18756138e+09
 1.22907500e+03  8.03528121e+16  1.96286428e+16  4.32639861e+10  1.59062130e+10  2.85269146e+12  9.18756138e+09
 1.22910000e+03  8.02594162e+16  1.96876296e+16  4.32136994e+10  1.59540134e+10  2.85269146e+12  9.18756138e+09
 1.22912500e+03  8.01661289e+16  1.97464048e+16  4.31634711e+10  1.60016423e+10  2.85269146e+12  9.18756138e+09
 1.22915000e+03  8.00729499e+16  1.98049688e+16  4.31133012e+10  1.60491002e+10  2.85269146e+12  9.18756138e+09
 1.22917500e+03  7.99798793e+16  1.98633223e+16  4.30631897e+10  1.60963873e+10  2.85269146e+12  9.18756138e+09
 1.22920000e+03  7.98869169e+16  1.99214656e+16  4.30131364e+10  1.61435042e+10  2.85269146e+12  9.18756138e+09
 1.22922500e+03  7.97940626e+16  1.99793993e+16  4.29631412e+10  1.61904511e+10  2.85269146e+12  9.18756138e+09
 1.22925000e+03  7.97013161e+16  2.00371238e+16  4.29132042e+10  1.62372286e+10  2.85269146e+12  9.18756138e+09
 1.22925000e+03  7.97013161e+16  0.00000000e+00  4.29132042e+10  0.00000000e+00  2.86431567e+12  9.17837382e+09
 1.22977500e+03  7.77783510e+16  1.88791095e+15  4.18778312e+10  1.52988233e+09  2.86431567e+12  9.17837382e+09
 1.23030000e+03  7.59017816e+16  3.66213647e+15  4.08674387e+10  2.96763885e+09  2.86431567e+12  9.17837382e+09
 1.23082500e+03  7.40704884e+16  5.32787850e+15  3.98814241e+10  4.31748499e+09  2.86431567e+12  9.17837382e+09
 1.23135000e+03  7.22833791e+16  6.89012473e+15  3.89191993e+10  5.58346255e+09  2.86431567e+12  9.17837382e+09
 1.23187500e+03  7.05393876e+16  8.35365697e+15  3.79801902e+10  6.76944652e+09  2.86431567e+12  9.17837382e+09
 1.23240000e+03  6.88374737e+16  9.72305920e+15  3.70638367e+10  7.87915155e+09  2.86431567e+12  9.17837382e+09
 1.23292500e+03  6.71766221e+16  1.10027253e+16  3.61695922e+10  8.91613827e+09  2.86431567e+12  9.17837382e+09
 1.23345000e+03  6.55558421e+16  1.21968666e+16  3.52969232e+10  9.88381931e+09  2.86431567e+12  9.17837382e+09
 1.23397500e+03  6.39741668e+16  1.33095188e+16  3.44453093e+10  1.07854651e+10  2.86431567e+12  9.17837382e+09
 1.23450000e+03  6.24306529e+16  1.43445493e+16  3.36142424e+10  1.16242096e+10  2.86431567e+12  9.17837382e+09
 1.23450000e+03  6.24306529e+16  0.00000000e+00  3.36142424e+10  0.00000000e+00  2.86431567e+12  9.17837382e+09
 1.23455000e+03  6.22856082e+16  1.44791090e+14  3.35361466e+10  1.17332510e+08  2.86431567e+12  9.17837382e+09
 1.23460000e+03  6.21409004e+16  2.88739798e+14  3.34582323e+10  2.33982390e+08  2.86431567e+12  9.17837382e+09
 1.23465000e+03  6.19965288e+16  4.31849849e+14  3.33804989e+10  3.49952657e+08  2.86431567e+12  9.17837382e+09
 1.23470000e+03  6.18524926e+16  5.74124952e+14  3.33029462e+10  4.65246320e+08  2.86431567e+12  9.17837382e+09
 1.23475000e+03  6.17087911e+16  7.15568805e+14  3.32255737e+10  5.79866372e+08  2.86431567e+12  9.17837382e+09
 1.23480000e+03  6.15654234e+16  8.56185088e+14  3.31483809e+10  6.93815797e+08  2.86431567e+12  9.17837382e+09
 1.23485000e+03  6.14223888e+16  9.95977467e+14  3.30713675e+10  8.07097565e+08  2.86431567e+12  9.17837382e+09
 1.23490000e+03  6.12796865e+16  1.13494959e+15  3.29945329e+10  9.19714637e+08  2.86431567e+12  9.17837382e+09
 1.23495000e+03  6.11373158e+16  1.27310511e+15  3.29178769e+10  1.03166996e+09  2.86431567e+12  9.17837382e+09
 1.23500000e+03  6.09952758e+16  1.41044763e+15  3.28413990e+10  1.14296647e+09  2.86431567e+12  9.17837382e+09
 1.23500000e+03  6.09952758e+16  1.41044763e+15  3.28413990e+10  1.14296647e+09  2.86431567e+12  9.17837382e+09
 1.23570000e+03  6.32405473e+16  3.31750866e+15  3.40503100e+10  2.68836721e+09  2.86431567e+12  9.17837382e+09
 1.23640000e+03  6.54138816e+16  5.20355086e+15  3.52204881e+10  4.21673518e+09  2.86431567e+12  9.17837382e+09
 1.23710000e+03  6.75175833e+16  7.06733057e+15  3.63531743e+10  5.72706259e+09  2.86431567e+12  9.17837382e+09
 1.23780000e+03  6.95538836e+16  8.90773568e+15  3.74495699e+10  7.21844822e+09  2.86431567e+12  9.17837382e+09
 1.23850000e+03  7.15249420e+16  1.07237770e+16  3.85108376e+10  8.69009047e+09  2.86431567e+12  9.17837382e+09
 1.23920000e+03  7.34328486e+16  1.25145801e+16  3.95381028e+10  1.01412808e+10  2.86431567e+12  9.17837382e+09
 1.23990000e+03  7.52796270e+16  1.42793780e+16  4.05324549e+10  1.15713975e+10  2.86431567e+12  9.17837382e+09
 1.24060000e+03  7.70672356e+16  1.60175032e+16  4.14949486e+10  1.29798999e+10  2.86431567e+12  9.17837382e+09
 1.24130000e+03  7.87975701e+16  1.77283818e+16  4.24266045e+10  1.43663228e+10  2.86431567e+12  9.17837382e+09
 1.24200000e+03  8.04724657e+16  1.94115263e+16  4.33284106e+10  1.57302711e+10  2.86431567e+12  9.17837382e+09
 1.24200000e+03  8.04724657e+16  1.94115263e+16  4.33284106e+10  1.57302711e+10  2.88052044e+12  9.16919544e+09
 1.24202500e+03  8.03789307e+16  1.94710317e+16  4.32780490e+10  1.57784918e+10  2.88052044e+12  9.16919544e+09
 1.24205000e+03  8.02855045e+16  1.95303245e+16  4.32277460e+10  1.58265401e+10  2.88052044e+12  9.16919544e+09
 1.24207500e+03  8.01921868e+16  1.95894051e+16  4.31775014e+10  1.58744165e+10  2.88052044e+12  9.16919544e+09
 1.24210000e+03  8.00989776e+16  1.96482740e+16  4.31273152e+10  1.59221214e+10  2.88052044e+12  9.16919544e+09
 1.24212500e+03  8.00058768e+16  1.97069317e+16  4.30771873e+10  1.59696551e+10  2.88052044e+12  9.16919544e+09
 1.24215000e+03  7.99128841e+16  1.97653787e+16  4.30271178e+10  1.60170180e+10  2.88052044e+12  9.16919544e+09
 1.24217500e+03  7.98199996e+16  1.98236155e+16  4.29771064e+10  1.60642106e+10  2.88052044e+12  9.16919544e+09
 1.24220000e+03  7.97272230e+16  1.98816426e+16  4.29271531e+10  1.61112333e+10  2.88052044e+12  9.16919544e+09
 1.24222500e+03  7.96345542e+16  1.99394604e+16  4.28772579e+10  1.61580864e+10  2.88052044e+12  9.16919544e+09
 1.24225000e+03  7.95419932e+16  1.99970696e+16  4.28274207e+10  1.62047704e+10  2.88052044e+12  9.16919544e+09
 1.24225000e+03  7.95419932e+16  0.00000000e+00  4.28274207e+10  0.00000000e+00  2.89212141e+12  9.16002625e+09
 1.24277500e+03  7.76228721e+16  1.88413702e+15  4.17941174e+10  1.52682410e+09  2.89212141e+12  9.16002625e+09
 1.24330000e+03  7.57500539e+16  3.65481586e+15  4.07857447e+10  2.96170654e+09  2.89212141e+12  9.16002625e+09
 1.24382500e+03  7.39224215e+16  5.31722807e+15  3.98017012e+10  4.30885433e+09  2.89212141e+12  9.16002625e+09
 1.24435000e+03  7.21388846e+16  6.87635137e+15  3.88413998e+10  5.57230121e+09  2.89212141e+12  9.16002625e+09
 1.24487500e+03  7.03983794e+16  8.33695801e+15  3.79042678e+10  6.75591440e+09  2.89212141e+12  9.16002625e+09
 1.24540000e+03  6.86998676e+16  9.70362281e+15  3.69897461e+10  7.86340113e+09  2.89212141e+12  9.16002625e+09
 1.24592500e+03  6.70423360e+16  1.09807309e+16  3.60972892e+10  8.89831491e+09  2.89212141e+12  9.16002625e+09
 1.24645000e+03  6.54247959e+16  1.21724851e+16  3.52263647e+10  9.86406156e+09  2.89212141e+12  9.16002625e+09
 1.24697500e+03  6.38462825e+16  1.32829131e+16  3.43764531e+10  1.07639050e+10  2.89212141e+12  9.16002625e+09
 1.24750000e+03  6.23058541e+16  1.43158746e+16  3.35470475e+10  1.16009728e+10  2.89212141e+12  9.16002625e+09
 1.24750000e+03  6.23058541e+16  0.00000000e+00  3.35470475e+10  0.00000000e+00  2.89212141e+12  9.16002625e+09
 1.24755000e+03  6.21610992e+16  1.44501653e+14  3.34691078e+10  1.17097963e+08  2.89212141e+12  9.16002625e+09
 1.24760000e+03  6.20166807e+16  2.88162607e+14  3.33913493e+10  2.33514659e+08  2.89212141e+12  9.16002625e+09
 1.24765000e+03  6.18725977e+16  4.30986581e+14  3.33137713e+10  3.49253102e+08  2.89212141e+12  9.16002625e+09
 1.24770000e+03  6.17288495e+16  5.72977277e+14  3.32363736e+10  4.64316292e+08  2.89212141e+12  9.16002625e+09
 1.24775000e+03  6.15854352e+16  7.14138383e+14  3.31591558e+10  5.78707219e+08  2.89212141e+12  9.16002625e+09
 1.24780000e+03  6.14423541e+16  8.54473574e+14  3.30821173e+10  6.92428859e+08  2.89212141e+12  9.16002625e+09
 1.24785000e+03  6.12996054e+16  9.93986508e+14  3.30052578e+10  8.05484177e+08  2.89212141e+12  9.16002625e+09
 1.24790000e+03  6.11571884e+16  1.13268083e+15  3.29285769e+10  9.17876127e+08  2.89212141e+12  9.16002625e+09
 1.24795000e+03  6.10151023e+16  1.27056017e+15  3.28520741e+10  1.02960765e+09  2.89212141e+12  9.16002625e+09
 1.24800000e+03  6.08733462e+16  1.40762814e+15  3.27757491e+10  1.14068168e+09  2.89212141e+12  9.16002625e+09
 1.24800000e+03  6.08733462e+16  1.40762814e+15  3.27757491e+10  1.14068168e+09  2.89212141e+12  9.16002625e+09
 1.24870000e+03  6.31141295e+16  3.31087696e+15  3.39822434e+10  2.68299316e+09  2.89212141e+12  9.16002625e+09
 1.24940000e+03  6.52831192e+16  5.19314896e+15  3.51500824e+10  4.20830593e+09  2.89212141e+12  9.16002625e+09
 1.25010000e+03  6.73826157e+16  7.05320298e+15  3.62805044e+10  5.71561420e+09  2.89212141e+12  9.16002625e+09
 1.25080000e+03  6.94148454e+16  8.88992911e+15  3.73747082e+10  7.20401854e+09  2.89212141e+12  9.16002625e+09
 1.25150000e+03  7.13819636e+16  1.07023402e+16  3.84338544e+10  8.67271898e+09  2.89212141e+12  9.16002625e+09
 1.25220000e+03  7.32860564e+16  1.24895635e+16  3.94590661e+10  1.01210084e+10  2.89212141e+12  9.16002625e+09
 1.25290000e+03  7.51291430e+16  1.42508335e+16  4.04514306e+10  1.15482663e+10  2.89212141e+12  9.16002625e+09
 1.25360000e+03  7.69131782e+16  1.59854842e+16  4.14120002e+10  1.29539531e+10  2.89212141e+12  9.16002625e+09
 1.25430000e+03  7.86400538e+16  1.76929427e+16  4.23417937e+10  1.43376045e+10  2.89212141e+12  9.16002625e+09
 1.25500000e+03  8.03116012e+16  1.93727226e+16  4.32417971e+10  1.56988263e+10  2.89212141e+12  9.16002625e+09
 1.25500000e+03  8.03116012e+16  1.93727226e+16  4.32417971e+10  1.56988263e+10  2.90829379e+12  9.15086622e+09
 1.25502500e+03  8.02182532e+16  1.94321091e+16  4.31915362e+10  1.57469506e+10  2.90829379e+12  9.15086622e+09
 1.25505000e+03  8.01250137e+16  1.94912834e+16  4.31413337e+10  1.57949029e+10  2.90829379e+12  9.15086622e+09
 1.25507500e+03  8.00318826e+16  1.95502459e+16  4.30911896e+10  1.58426836e+10  2.90829379e+12  9.15086622e+09
 1.25510000e+03  7.99388598e+16  1.96089971e+16  4.30411037e+10  1.58902930e+10  2.90829379e+12  9.15086622e+09
 1.25512500e+03  7.98459450e+16  1.96675376e+16  4.29910761e+10  1.59377317e+10  2.90829379e+12  9.15086622e+09
 1.25515000e+03  7.97531383e+16  1.97258677e+16  4.29411066e+10  1.59850000e+10  2.90829379e+12  9.15086622e+09
 1.25517500e+03  7.96604394e+16  1.97839881e+16  4.28911951e+10  1.60320983e+10  2.90829379e+12  9.15086622e+09
 1.25520000e+03  7.95678483e+16  1.98418992e+16  4.28413417e+10  1.60790269e+10  2.90829379e+12  9.15086622e+09
 1.25522500e+03  7.94753648e+16  1.98996015e+16  4.27915463e+10  1.61257864e+10  2.90829379e+12  9.15086622e+09
 1.25525000e+03  7.93829887e+16  1.99570954e+16  4.27418087e+10  1.61723770e+10  2.90829379e+12  9.15086622e+09
 1.25525000e+03  7.93829887e+16  0.00000000e+00  4.27418087e+10  0.00000000e+00  2.91987157e+12  9.14171536e+09
 1.25577500e+03  7.74677040e+16  1.88037063e+15  4.17105709e+10  1.52377198e+09  2.91987157e+12  9.14171536e+09
 1.25630000e+03  7.55986296e+16  3.64750988e+15  4.07042140e+10  2.95578609e+09  2.91987157e+12  9.14171536e+09
 1.25682500e+03  7.37746506e+16  5.30659893e+15  3.97221376e+10  4.30024094e+09  2.91987157e+12  9.14171536e+09
 1.25735000e+03  7.19946790e+16  6.86260554e+15  3.87637559e+10  5.56116218e+09  2.91987157e+12  9.14171536e+09
 1.25787500e+03  7.02576530e+16  8.32029243e+15  3.78284972e+10  6.74240933e+09  2.91987157e+12  9.14171536e+09
 1.25840000e+03  6.85625365e+16  9.68422526e+15  3.69158036e+10  7.84768219e+09  2.91987157e+12  9.14171536e+09
 1.25892500e+03  6.69083184e+16  1.09587804e+16  3.60251307e+10  8.88052718e+09  2.91987157e+12  9.14171536e+09
 1.25945000e+03  6.52940118e+16  1.21481523e+16  3.51559472e+10  9.84434330e+09  2.91987157e+12  9.14171536e+09
 1.25997500e+03  6.37186538e+16  1.32563606e+16  3.43077346e+10  1.07423879e+10  2.91987157e+12  9.14171536e+09
 1.26050000e+03  6.21813047e+16  1.42872571e+16  3.34799870e+10  1.15777825e+10  2.91987157e+12  9.14171536e+09
 1.26050000e+03  6.21813047e+16  0.00000000e+00  3.34799870e+10  0.00000000e+00  2.91987157e+12  9.14171536e+09
 1.26055000e+03  6.20368392e+16  1.44212794e+14  3.34022031e+10  1.16863884e+08  2.91987157e+12  9.14171536e+09
 1.26060000e+03  6.18927094e+16  2.87586570e+14  3.33246000e+10  2.33047863e+08  2.91987157e+12  9.14171536e+09
 1.26065000e+03  6.17489144e+16  4.30125038e+14  3.32471771e+10  3.48554945e+08  2.91987157e+12  9.14171536e+09
 1.26070000e+03  6.16054535e+16  5.71831895e+14  3.31699341e+10  4.63388124e+08  2.91987157e+12  9.14171536e+09
 1.26075000e+03  6.14623259e+16  7.12710821e+14  3.30928706e+10  5.77550383e+08  2.91987157e+12  9.14171536e+09
 1.26080000e+03  6.13195308e+16  8.52765481e+14  3.30159861e+10  6.91044694e+08  2.91987157e+12  9.14171536e+09
 1.26085000e+03  6.11770675e+16  9.91999529e+14  3.29392803e+10  8.03874014e+08  2.91987157e+12  9.14171536e+09
 1.26090000e+03  6.10349352e+16  1.13041660e+15  3.28627526e+10  9.16041293e+08  2.91987157e+12  9.14171536e+09
 1.26095000e+03  6.08931331e+16  1.26802032e+15  3.27864028e+10  1.02754946e+09  2.91987157e+12  9.14171536e+09
 1.26100000e+03  6.07516604e+16  1.40481429e+15  3.27102303e+10  1.13840145e+09  2.91987157e+12  9.14171536e+09
 1.26100000e+03  6.07516604e+16  1.40481429e+15  3.27102303e+10  1.13840145e+09  2.91987157e+12  9.14171536e+09
 1.26170000e+03  6.29879643e+16  3.30425851e+15  3.39143129e+10  2.67762986e+09  2.91987157e+12  9.14171536e+09
 1.26240000e+03  6.51526183e+16  5.18276786e+15  3.50798173e+10  4.19989353e+09  2.91987157e+12  9.14171536e+09
 1.26310000e+03  6.72479178e+16  7.03910363e+15  3.62079796e+10  5.70418868e+09  2.91987157e+12  9.14171536e+09
 1.26380000e+03  6.92760851e+16  8.87215814e+15  3.72999962e+10  7.18961771e+09  2.91987157e+12  9.14171536e+09
 1.26450000e+03  7.12392711e+16  1.06809462e+16  3.83570251e+10  8.65538221e+09  2.91987157e+12  9.14171536e+09
 1.26520000e+03  7.31395575e+16  1.24645969e+16  3.93801874e+10  1.01007765e+10  2.91987157e+12  9.14171536e+09
 1.26590000e+03  7.49789599e+16  1.42223461e+16  4.03705682e+10  1.15251813e+10  2.91987157e+12  9.14171536e+09
 1.26660000e+03  7.67594287e+16  1.59535292e+16  4.13292176e+10  1.29280581e+10  2.91987157e+12  9.14171536e+09
 1.26730000e+03  7.84828523e+16  1.76575745e+16  4.22571525e+10  1.43089436e+10  2.91987157e+12  9.14171536e+09
 1.26800000e+03  8.01510583e+16  1.93339966e+16  4.31553568e+10  1.56674443e+10  2.91987157e+12  9.14171536e+09
 1.26800000e+03  8.01510583e+16  1.93339966e+16  4.31553568e+10  1.56674443e+10  2.93601162e+12  9.13257364e+09
 1.26802500e+03  8.00578969e+16  1.93932644e+16  4.31051963e+10  1.57154724e+10  2.93601162e+12  9.13257364e+09
 1.26805000e+03  7.99648438e+16  1.94523203e+16  4.30550942e+10  1.57633289e+10  2.93601162e+12  9.13257364e+09
 1.26807500e+03  7.98718989e+16  1.95111649e+16  4.30050503e+10  1.58110140e+10  2.93601162e+12  9.13257364e+09
 1.26810000e+03  7.97790620e+16  1.95697987e+16  4.29550645e+10  1.58585284e+10  2.93601162e+12  9.13257364e+09
 1.26812500e+03  7.96863330e+16  1.96282222e+16  4.29051369e+10  1.59058722e+10  2.93601162e+12  9.13257364e+09
 1.26815000e+03  7.95937117e+16  1.96864357e+16  4.28552673e+10  1.59530460e+10  2.93601162e+12  9.13257364e+09
 1.26817500e+03  7.95011982e+16  1.97444399e+16  4.28054556e+10  1.60000501e+10  2.93601162e+12  9.13257364e+09
 1.26820000e+03  7.94087921e+16  1.98022352e+16  4.27557019e+10  1.60468850e+10  2.93601162e+12  9.13257364e+09
 1.26822500e+03  7.93164935e+16  1.98598222e+16  4.27060060e+10  1.60935509e+10  2.93601162e+12  9.13257364e+09
 1.26825000e+03  7.92243021e+16  1.99172012e+16  4.26563678e+10  1.61400485e+10  2.93601162e+12  9.13257364e+09
 1.26825000e+03  7.92243021e+16  0.00000000e+00  4.26563678e+10  0.00000000e+00  2.94756626e+12  9.12344107e+09
 1.26877500e+03  7.73128460e+16  1.87661177e+15  4.16271915e+10  1.52072596e+09  2.94756626e+12  9.12344107e+09
 1.26930000e+03  7.54475079e+16  3.64021851e+15  4.06228463e+10  2.94987747e+09  2.94756626e+12  9.12344107e+09
 1.26982500e+03  7.36271750e+16  5.29599104e+15  3.96427330e+10  4.29164475e+09  2.94756626e+12  9.12344107e+09
 1.27035000e+03  7.18507616e+16  6.84888720e+15  3.86862671e+10  5.55004542e+09  2.94756626e+12  9.12344107e+09
 1.27087500e+03  7.01172080e+16  8.30366017e+15  3.77528780e+10  6.72893125e+09  2.94756626e+12  9.12344107e+09
 1.27140000e+03  6.84254800e+16  9.66486650e+15  3.68420089e+10  7.83199467e+09  2.94756626e+12  9.12344107e+09
 1.27192500e+03  6.67745686e+16  1.09368738e+16  3.59531164e+10  8.86277500e+09  2.94756626e+12  9.12344107e+09
 1.27245000e+03  6.51634890e+16  1.21238681e+16  3.50856704e+10  9.82466446e+09  2.94756626e+12  9.12344107e+09
 1.27297500e+03  6.35912802e+16  1.32298611e+16  3.42391534e+10  1.07209139e+10  2.94756626e+12  9.12344107e+09
 1.27350000e+03  6.20570042e+16  1.42586969e+16  3.34130605e+10  1.15546385e+10  2.94756626e+12  9.12344107e+09
 1.27350000e+03  6.20570042e+16  0.00000000e+00  3.34130605e+10  0.00000000e+00  2.94756626e+12  9.12344107e+09
 1.27355000e+03  6.19128276e+16  1.43924513e+14  3.33354321e+10  1.16630273e+08  2.94756626e+12  9.12344107e+09
 1.27360000e+03  6.17689858e+16  2.87011685e+14  3.32579841e+10  2.32582000e+08  2.94756626e+12  9.12344107e+09
 1.27365000e+03  6.16254783e+16  4.29265219e+14  3.31807160e+10  3.47858184e+08  2.94756626e+12  9.12344107e+09
 1.27370000e+03  6.14823042e+16  5.70688803e+14  3.31036274e+10  4.62461811e+08  2.94756626e+12  9.12344107e+09
 1.27375000e+03  6.13394627e+16  7.11286112e+14  3.30267180e+10  5.76395860e+08  2.94756626e+12  9.12344107e+09
 1.27380000e+03  6.11969531e+16  8.51060803e+14  3.29499872e+10  6.89663295e+08  2.94756626e+12  9.12344107e+09
 1.27385000e+03  6.10547746e+16  9.90016522e+14  3.28734347e+10  8.02267070e+08  2.94756626e+12  9.12344107e+09
 1.27390000e+03  6.09129264e+16  1.12815690e+15  3.27970600e+10  9.14210126e+08  2.94756626e+12  9.12344107e+09
 1.27395000e+03  6.07714077e+16  1.26548555e+15  3.27208628e+10  1.02549539e+09  2.94756626e+12  9.12344107e+09
 1.27400000e+03  6.06302179e+16  1.40200607e+15  3.26448426e+10  1.13612579e+09  2.94756626e+12  9.12344107e+09
 1.27400000e+03  6.06302179e+16  1.40200607e+15  3.26448426e+10  1.13612579e+09  2.94756626e+12  9.12344107e+09
 1.27470000e+03  6.28620514e+16  3.29765330e+15  3.38465182e+10  2.67227727e+09  2.94756626e+12  9.12344107e+09
 1.27540000e+03  6.50223782e+16  5.17240750e+15  3.50096928e+10  4.19149794e+09  2.94756626e+12  9.12344107e+09
 1.27610000e+03  6.71134893e+16  7.02503246e+15  3.61355999e+10  5.69278601e+09  2.94756626e+12  9.12344107e+09
 1.27680000e+03  6.91376023e+16  8.85442270e+15  3.72254335e+10  7.17524566e+09  2.94756626e+12  9.12344107e+09
 1.27750000e+03  7.10968638e+16  1.06595950e+16  3.82803494e+10  8.63808010e+09  2.94756626e+12  9.12344107e+09
 1.27820000e+03  7.29933516e+16  1.24396801e+16  3.93014664e+10  1.00805850e+10  2.94756626e+12  9.12344107e+09
 1.27890000e+03  7.48290769e+16  1.41939156e+16  4.02898674e+10  1.15021425e+10  2.94756626e+12  9.12344107e+09
 1.27960000e+03  7.66059866e+16  1.59216381e+16  4.12466005e+10  1.29022150e+10  2.94756626e+12  9.12344107e+09
 1.28030000e+03  7.83259651e+16  1.76222770e+16  4.21726804e+10  1.42803400e+10  2.94756626e+12  9.12344107e+09
 1.28100000e+03  7.99908364e+16  1.92953479e+16  4.30690892e+10  1.56361251e+10  2.94756626e+12  9.12344107e+09
 1.28100000e+03  7.99908364e+16  1.92953479e+16  4.30690892e+10  1.56361251e+10  2.96367404e+12  9.11431763e+09
 1.28102500e+03  7.98978612e+16  1.93544972e+16  4.30190290e+10  1.56840572e+10  2.96367404e+12  9.11431763e+09
 1.28105000e+03  7.98049941e+16  1.94134351e+16  4.29690271e+10  1.57318180e+10  2.96367404e+12  9.11431763e+09
 1.28107500e+03  7.97122350e+16  1.94721621e+16  4.29190832e+10  1.57794078e+10  2.96367404e+12  9.11431763e+09
 1.28110000e+03  7.96195836e+16  1.95306787e+16  4.28691974e+10  1.58268272e+10  2.96367404e+12  9.11431763e+09
 1.28112500e+03  7.95270400e+16  1.95889853e+16  4.28193695e+10  1.58740764e+10  2.96367404e+12  9.11431763e+09
 1.28115000e+03  7.94346039e+16  1.96470825e+16  4.27695996e+10  1.59211558e+10  2.96367404e+12  9.11431763e+09
 1.28117500e+03  7.93422753e+16  1.97049708e+16  4.27198875e+10  1.59680660e+10  2.96367404e+12  9.11431763e+09
 1.28120000e+03  7.92500540e+16  1.97626506e+16  4.26702332e+10  1.60148072e+10  2.96367404e+12  9.11431763e+09
 1.28122500e+03  7.91579398e+16  1.98201224e+16  4.26206367e+10  1.60613799e+10  2.96367404e+12  9.11431763e+09
 1.28125000e+03  7.90659328e+16  1.98773867e+16  4.25710977e+10  1.61077845e+10  2.96367404e+12  9.11431763e+09
 1.28125000e+03  7.90659328e+16  0.00000000e+00  4.25710977e+10  0.00000000e+00  2.97520558e+12  9.10520331e+09
 1.28177500e+03  7.71582977e+16  1.87286042e+15  4.15439787e+10  1.51768603e+09  2.97520558e+12  9.10520331e+09
 1.28230000e+03  7.52966883e+16  3.63294171e+15  4.05416412e+10  2.94398067e+09  2.97520558e+12  9.10520331e+09
 1.28282500e+03  7.34799943e+16  5.28540435e+15  3.95634872e+10  4.28306576e+09  2.97520558e+12  9.10520331e+09
 1.28335000e+03  7.17071319e+16  6.83519627e+15  3.86089333e+10  5.53895088e+09  2.97520558e+12  9.10520331e+09
 1.28387500e+03  6.99770437e+16  8.28706115e+15  3.76774100e+10  6.71548012e+09  2.97520558e+12  9.10520331e+09
 1.28440000e+03  6.82886975e+16  9.64554643e+15  3.67683617e+10  7.81633852e+09  2.97520558e+12  9.10520331e+09
 1.28492500e+03  6.66410863e+16  1.09150110e+16  3.58812462e+10  8.84505832e+09  2.97520558e+12  9.10520331e+09
 1.28545000e+03  6.50332272e+16  1.20996325e+16  3.50155342e+10  9.80502495e+09  2.97520558e+12  9.10520331e+09
 1.28597500e+03  6.34641612e+16  1.32034146e+16  3.41707094e+10  1.06994828e+10  2.97520558e+12  9.10520331e+09
 1.28650000e+03  6.19329523e+16  1.42301938e+16  3.33462678e+10  1.15315407e+10  2.97520558e+12  9.10520331e+09
 1.28650000e+03  6.19329523e+16  0.00000000e+00  3.33462678e+10  0.00000000e+00  2.97520558e+12  9.10520331e+09
 1.28655000e+03  6.17890638e+16  1.43636808e+14  3.32687946e+10  1.16397129e+08  2.97520558e+12  9.10520331e+09
 1.28660000e+03  6.16455096e+16  2.86437948e+14  3.31915014e+10  2.32117069e+08  2.97520558e+12  9.10520331e+09
 1.28665000e+03  6.15022890e+16  4.28407117e+14  3.31143877e+10  3.47162815e+08  2.97520558e+12  9.10520331e+09
 1.28670000e+03  6.13594011e+16  5.69547996e+14  3.30374533e+10  4.61537350e+08  2.97520558e+12  9.10520331e+09
 1.28675000e+03  6.12168451e+16  7.09864251e+14  3.29606976e+10  5.75243645e+08  2.97520558e+12  9.10520331e+09
 1.28680000e+03  6.10746204e+16  8.49359533e+14  3.28841202e+10  6.88284658e+08  2.97520558e+12  9.10520331e+09
 1.28685000e+03  6.09327261e+16  9.88037479e+14  3.28077207e+10  8.00663338e+08  2.97520558e+12  9.10520331e+09
 1.28690000e+03  6.07911614e+16  1.12590171e+15  3.27314987e+10  9.12382620e+08  2.97520558e+12  9.10520331e+09
 1.28695000e+03  6.06499257e+16  1.26295584e+15  3.26554538e+10  1.02344543e+09  2.97520558e+12  9.10520331e+09
 1.28700000e+03  6.05090180e+16  1.39920346e+15  3.25795856e+10  1.13385467e+09  2.97520558e+12  9.10520331e+09
 1.28700000e+03  6.05090180e+16  1.39920346e+15  3.25795856e+10  1.13385467e+09  2.97520558e+12  9.10520331e+09
 1.28770000e+03  6.27363902e+16  3.29106129e+15  3.37788590e+10  2.66693539e+09  2.97520558e+12  9.10520331e+09
 1.28840000e+03  6.48923984e+16  5.16206786e+15  3.49397084e+10  4.18311913e+09  2.97520558e+12  9.10520331e+09
 1.28910000e+03  6.69793294e+16  7.01098942e+15  3.60633648e+10  5.68140613e+09  2.97520558e+12  9.10520331e+09
 1.28980000e+03  6.89993962e+16  8.83672271e+15  3.71510199e+10  7.16090235e+09  2.97520558e+12  9.10520331e+09
 1.29050000e+03  7.09547411e+16  1.06382864e+16  3.82038270e+10  8.62081258e+09  2.97520558e+12  9.10520331e+09
 1.29120000e+03  7.28474379e+16  1.24148132e+16  3.92229028e+10  1.00604339e+10  2.97520558e+12  9.10520331e+09
 1.29190000e+03  7.46794936e+16  1.41655420e+16  4.02093280e+10  1.14791497e+10  2.97520558e+12  9.10520331e+09
 1.29260000e+03  7.64528513e+16  1.58898108e+16  4.11641486e+10  1.28764234e+10  2.97520558e+12  9.10520331e+09
 1.29330000e+03  7.81693915e+16  1.75870501e+16  4.20883772e+10  1.42517936e+10  2.97520558e+12  9.10520331e+09
 1.29400000e+03  7.98309347e+16  1.92567765e+16  4.29829941e+10  1.56048685e+10  2.97520558e+12  9.10520331e+09
 1.29400000e+03  7.98309347e+16  1.92567765e+16  4.29829941e+10  1.56048685e+10  2.99128117e+12  9.09609811e+09
 1.29402500e+03  7.97381454e+16  1.93158076e+16  4.29330340e+10  1.56527048e+10  2.99128117e+12  9.09609811e+09
 1.29405000e+03  7.96454639e+16  1.93746277e+16  4.28831320e+10  1.57003701e+10  2.99128117e+12  9.09609811e+09
 1.29407500e+03  7.95528902e+16  1.94332373e+16  4.28332879e+10  1.57478648e+10  2.99128117e+12  9.09609811e+09
 1.29410000e+03  7.94604241e+16  1.94916369e+16  4.27835018e+10  1.57951893e+10  2.99128117e+12  9.09609811e+09
 1.29412500e+03  7.93680654e+16  1.95498270e+16  4.27337736e+10  1.58423441e+10  2.99128117e+12  9.09609811e+09
 1.29415000e+03  7.92758141e+16  1.96078080e+16  4.26841032e+10  1.58893295e+10  2.99128117e+12  9.09609811e+09
 1.29417500e+03  7.91836701e+16  1.96655805e+16  4.26344905e+10  1.59361458e+10  2.99128117e+12  9.09609811e+09
 1.29420000e+03  7.90916331e+16  1.97231450e+16  4.25849354e+10  1.59827936e+10  2.99128117e+12  9.09609811e+09
 1.29422500e+03  7.89997031e+16  1.97805020e+16  4.25354380e+10  1.60292732e+10  2.99128117e+12  9.09609811e+09
 1.29425000e+03  7.89078800e+16  1.98376518e+16  4.24859981e+10  1.60755850e+10  2.99128117e+12  9.09609811e+09
 1.29425000e+03  7.89078800e+16  0.00000000e+00  4.24859981e+10  0.00000000e+00  3.00278966e+12  9.08700201e+09
 1.29477500e+03  7.70040582e+16  1.86911657e+15  4.14609323e+10  1.51465217e+09  3.00278966e+12  9.08700201e+09
 1.29530000e+03  7.51461702e+16  3.62567946e+15  4.04605985e+10  2.93809565e+09  3.00278966e+12  9.08700201e+09
 1.29582500e+03  7.33331078e+16  5.27483883e+15  3.94843998e+10  4.27450391e+09  3.00278966e+12  9.08700201e+09
 1.29635000e+03  7.15637894e+16  6.82153271e+15  3.85317540e+10  5.52787852e+09  3.00278966e+12  9.08700201e+09
 1.29687500e+03  6.98371596e+16  8.27049532e+15  3.76020928e+10  6.70205587e+09  3.00278966e+12  9.08700201e+09
 1.29740000e+03  6.81521884e+16  9.62626498e+15  3.66948618e+10  7.80071366e+09  3.00278966e+12  9.08700201e+09
 1.29792500e+03  6.65078708e+16  1.08931919e+16  3.58095196e+10  8.82737705e+09  3.00278966e+12  9.08700201e+09
 1.29845000e+03  6.49032258e+16  1.20754453e+16  3.49455381e+10  9.78542471e+09  3.00278966e+12  9.08700201e+09
 1.29897500e+03  6.33372964e+16  1.31770210e+16  3.41024021e+10  1.06780945e+10  3.00278966e+12  9.08700201e+09
 1.29950000e+03  6.18091483e+16  1.42017476e+16  3.32796086e+10  1.15084892e+10  3.00278966e+12  9.08700201e+09
 1.29950000e+03  6.18091483e+16  0.00000000e+00  3.32796086e+10  0.00000000e+00  3.00278966e+12  9.08700201e+09
 1.29955000e+03  6.16655475e+16  1.43349678e+14  3.32022902e+10  1.16164451e+08  3.00278966e+12  9.08700201e+09
 1.29960000e+03  6.15222803e+16  2.85865359e+14  3.31251516e+10  2.31653067e+08  3.00278966e+12  9.08700201e+09
 1.29965000e+03  6.13793459e+16  4.27550732e+14  3.30481921e+10  3.46468837e+08  3.00278966e+12  9.08700201e+09
 1.29970000e+03  6.12367436e+16  5.68409470e+14  3.29714114e+10  4.60614737e+08  3.00278966e+12  9.08700201e+09
 1.29975000e+03  6.10944727e+16  7.08445232e+14  3.28948091e+10  5.74093733e+08  3.00278966e+12  9.08700201e+09
 1.29980000e+03  6.09525322e+16  8.47661663e+14  3.28183848e+10  6.86908777e+08  3.00278966e+12  9.08700201e+09
 1.29985000e+03  6.08109216e+16  9.86062392e+14  3.27421380e+10  7.99062812e+08  3.00278966e+12  9.08700201e+09
 1.29990000e+03  6.06696399e+16  1.12365104e+15  3.26660684e+10  9.10558767e+08  3.00278966e+12  9.08700201e+09
 1.29995000e+03  6.05286865e+16  1.26043119e+15  3.25901755e+10  1.02139956e+09  3.00278966e+12  9.08700201e+09
 1.30000000e+03  6.03880605e+16  1.39640645e+15  3.25144590e+10  1.13158810e+09  3.00278966e+12  9.08700201e+09
 1.30000000e+03  6.03880605e+16  1.39640645e+15  3.25144590e+10  1.13158810e+09  3.00278966e+12  9.08700201e+09
 1.30070000e+03  6.26109801e+16  3.28448246e+15  3.37113351e+10  2.66160419e+09  3.00278966e+12  9.08700201e+09
 1.30140000e+03  6.47626785e+16  5.15174889e+15  3.48698639e+10  4.17475708e+09  3.00278966e+12  9.08700201e+09
 1.30210000e+03  6.68454377e+16  6.99697445e+15  3.59912741e+10  5.67004900e+09  3.00278966e+12  9.08700201e+09
 1.30280000e+03  6.88614664e+16  8.81905810e+15  3.70767550e+10  7.14658770e+09  3.00278966e+12  9.08700201e+09
 1.30350000e+03  7.08129026e+16  1.06170205e+16  3.81274576e+10  8.60357958e+09  3.00278966e+12  9.08700201e+09
 1.30420000e+03  7.27018158e+16  1.23899960e+16  3.91444962e+10  1.00403231e+10  3.00278966e+12  9.08700201e+09
 1.30490000e+03  7.45302093e+16  1.41372251e+16  4.01289495e+10  1.14562029e+10  3.00278966e+12  9.08700201e+09
 1.30560000e+03  7.63000220e+16  1.58580470e+16  4.10818614e+10  1.28506835e+10  3.00278966e+12  9.08700201e+09
 1.30630000e+03  7.80131309e+16  1.75518936e+16  4.20042426e+10  1.42233043e+10  3.00278966e+12  9.08700201e+09
 1.30700000e+03  7.96713526e+16  1.92182822e+16  4.28970711e+10  1.55736744e+10  3.00278966e+12  9.08700201e+09
 1.30700000e+03  7.96713526e+16  1.92182822e+16  4.28970711e+10  1.55736744e+10  3.01883311e+12  9.07791501e+09
 1.30702500e+03  7.95787488e+16  1.92771953e+16  4.28472109e+10  1.56214150e+10  3.01883311e+12  9.07791501e+09
 1.30705000e+03  7.94862526e+16  1.93358978e+16  4.27974086e+10  1.56689850e+10  3.01883311e+12  9.07791501e+09
 1.30707500e+03  7.93938640e+16  1.93943902e+16  4.27476642e+10  1.57163848e+10  3.01883311e+12  9.07791501e+09
 1.30710000e+03  7.93015827e+16  1.94526731e+16  4.26979776e+10  1.57636147e+10  3.01883311e+12  9.07791501e+09
 1.30712500e+03  7.92094087e+16  1.95107468e+16  4.26483488e+10  1.58106752e+10  3.01883311e+12  9.07791501e+09
 1.30715000e+03  7.91173418e+16  1.95686120e+16  4.25987776e+10  1.58575667e+10  3.01883311e+12  9.07791501e+09
 1.30717500e+03  7.90253819e+16  1.96262690e+16  4.25492641e+10  1.59042895e+10  3.01883311e+12  9.07791501e+09
 1.30720000e+03  7.89335289e+16  1.96837185e+16  4.24998082e+10  1.59508440e+10  3.01883311e+12  9.07791501e+09
 1.30722500e+03  7.88417827e+16  1.97409607e+16  4.24504097e+10  1.59972307e+10  3.01883311e+12  9.07791501e+09
 1.30725000e+03  7.87501431e+16  1.97979964e+16  4.24010686e+10  1.60434500e+10  3.01883311e+12  9.07791501e+09
 1.30725000e+03  7.87501431e+16  0.00000000e+00  4.24010686e+10  0.00000000e+00  3.03031859e+12  9.06883709e+09
 1.30777500e+03  7.68501271e+16  1.86538021e+15  4.13780519e+10  1.51162438e+09  3.03031859e+12  9.06883709e+09
 1.30830000e+03  7.49959531e+16  3.61843173e+15  4.03797177e+10  2.93222240e+09  3.03031859e+12  9.06883709e+09
 1.30882500e+03  7.31865149e+16  5.26429443e+15  3.94054705e+10  4.26595917e+09  3.03031859e+12  9.06883709e+09
 1.30935000e+03  7.14207334e+16  6.80789647e+15  3.84547290e+10  5.51682829e+09  3.03031859e+12  9.06883709e+09
 1.30987500e+03  6.96975551e+16  8.25396260e+15  3.75269263e+10  6.68865846e+09  3.03031859e+12  9.06883709e+09
 1.31040000e+03  6.80159522e+16  9.60702208e+15  3.66215087e+10  7.78512003e+09  3.03031859e+12  9.06883709e+09
 1.31092500e+03  6.63749215e+16  1.08714164e+16  3.57379363e+10  8.80973112e+09  3.03031859e+12  9.06883709e+09
 1.31145000e+03  6.47734843e+16  1.20513065e+16  3.48756820e+10  9.76586364e+09  3.03031859e+12  9.06883709e+09
 1.31197500e+03  6.32106851e+16  1.31506801e+16  3.40342314e+10  1.06567490e+10  3.03031859e+12  9.06883709e+09
 1.31250000e+03  6.16855918e+16  1.41733583e+16  3.32130826e+10  1.14854837e+10  3.03031859e+12  9.06883709e+09
 1.31250000e+03  6.16855918e+16  0.00000000e+00  3.32130826e+10  0.00000000e+00  3.03031859e+12  9.06883709e+09
 1.31255000e+03  6.15422780e+16  1.43063122e+14  3.31359189e+10  1.15932238e+08  3.03031859e+12  9.06883709e+09
 1.31260000e+03  6.13992972e+16  2.85293914e+14  3.30589344e+10  2.31189993e+08  3.03031859e+12  9.06883709e+09
 1.31265000e+03  6.12566486e+16  4.26696058e+14  3.29821287e+10  3.45776245e+08  3.03031859e+12  9.06883709e+09
 1.31270000e+03  6.11143314e+16  5.67273219e+14  3.29055016e+10  4.59693968e+08  3.03031859e+12  9.06883709e+09
 1.31275000e+03  6.09723448e+16  7.07029050e+14  3.28290524e+10  5.72946119e+08  3.03031859e+12  9.06883709e+09
 1.31280000e+03  6.08306881e+16  8.45967187e+14  3.27527808e+10  6.85535647e+08  3.03031859e+12  9.06883709e+09
 1.31285000e+03  6.06893605e+16  9.84091254e+14  3.26766865e+10  7.97465486e+08  3.03031859e+12  9.06883709e+09
 1.31290000e+03  6.05483613e+16  1.12140486e+15  3.26007689e+10  9.08738560e+08  3.03031859e+12  9.06883709e+09
 1.31295000e+03  6.04076896e+16  1.25791159e+15  3.25250278e+10  1.01935778e+09  3.03031859e+12  9.06883709e+09
 1.31300000e+03  6.02673448e+16  1.39361504e+15  3.24494626e+10  1.12932605e+09  3.03031859e+12  9.06883709e+09
 1.31300000e+03  6.02673448e+16  1.39361504e+15  3.24494626e+10  1.12932605e+09  3.03031859e+12  9.06883709e+09
 1.31370000e+03  6.24858208e+16  3.27791678e+15  3.36439461e+10  2.65628364e+09  3.03031859e+12  9.06883709e+09
 1.31440000e+03  6.46332179e+16  5.14145054e+15  3.48001591e+10  4.16641174e+09  3.03031859e+12  9.06883709e+09
 1.31510000e+03  6.67118137e+16  6.98298750e+15  3.59193276e+10  5.65871457e+09  3.03031859e+12  9.06883709e+09
 1.31580000e+03  6.87238123e+16  8.80142880e+15  3.70026385e+10  7.13230167e+09  3.03031859e+12  9.06883709e+09
 1.31650000e+03  7.06713476e+16  1.05957971e+16  3.80512408e+10  8.58638102e+09  3.03031859e+12  9.06883709e+09
 1.31720000e+03  7.25564849e+16  1.23652284e+16  3.90662464e+10  1.00202525e+10  3.03031859e+12  9.06883709e+09
 1.31790000e+03  7.43812234e+16  1.41089647e+16  4.00487317e+10  1.14333019e+10  3.03031859e+12  9.06883709e+09
 1.31860000e+03  7.61474983e+16  1.58263468e+16  4.09997388e+10  1.28249949e+10  3.03031859e+12  9.06883709e+09
 1.31930000e+03  7.78571826e+16  1.75168074e+16  4.19202761e+10  1.41948719e+10  3.03031859e+12  9.06883709e+09
 1.32000000e+03  7.95120896e+16  1.91798649e+16  4.28113199e+10  1.55425426e+10  3.03031859e+12  9.06883709e+09
 1.32000000e+03  7.95120896e+16  1.91798649e+16  4.28113199e+10  1.55425426e+10  3.04632997e+12  9.05976825e+09
 1.32002500e+03  7.94196709e+16  1.92386602e+16  4.27615593e+10  1.55901878e+10  3.04632997e+12  9.05976825e+09
 1.32005000e+03  7.93273596e+16  1.92972453e+16  4.27118566e+10  1.56376627e+10  3.04632997e+12  9.05976825e+09
 1.32007500e+03  7.92351556e+16  1.93556209e+16  4.26622116e+10  1.56849678e+10  3.04632997e+12  9.05976825e+09
 1.32010000e+03  7.91430588e+16  1.94137872e+16  4.26126244e+10  1.57321033e+10  3.04632997e+12  9.05976825e+09
 1.32012500e+03  7.90510691e+16  1.94717449e+16  4.25630947e+10  1.57790697e+10  3.04632997e+12  9.05976825e+09
 1.32015000e+03  7.89591862e+16  1.95294943e+16  4.25136227e+10  1.58258674e+10  3.04632997e+12  9.05976825e+09
 1.32017500e+03  7.88674102e+16  1.95870361e+16  4.24642081e+10  1.58724968e+10  3.04632997e+12  9.05976825e+09
 1.32020000e+03  7.87757408e+16  1.96443707e+16  4.24148510e+10  1.59189583e+10  3.04632997e+12  9.05976825e+09
 1.32022500e+03  7.86841780e+16  1.97014985e+16  4.23655513e+10  1.59652523e+10  3.04632997e+12  9.05976825e+09
 1.32025000e+03  7.85927216e+16  1.97584202e+16  4.23163089e+10  1.60113791e+10  3.04632997e+12  9.05976825e+09
 1.32025000e+03  7.85927216e+16  0.00000000e+00  4.23163089e+10  0.00000000e+00  3.05779249e+12  9.05070848e+09
 1.32077500e+03  7.66965037e+16  1.86165131e+15  4.12953372e+10  1.50860264e+09  3.05779249e+12  9.05070848e+09
 1.32130000e+03  7.48460361e+16  3.61119848e+15  4.02989987e+10  2.92636088e+09  3.05779249e+12  9.05070848e+09
 1.32182500e+03  7.30402151e+16  5.25377110e+15  3.93266989e+10  4.25743152e+09  3.05779249e+12  9.05070848e+09
 1.32235000e+03  7.12779633e+16  6.79428748e+15  3.83778580e+10  5.50580015e+09  3.05779249e+12  9.05070848e+09
 1.32287500e+03  6.95582297e+16  8.23746293e+15  3.74519099e+10  6.67528783e+09  3.05779249e+12  9.05070848e+09
 1.32340000e+03  6.78799883e+16  9.58781764e+15  3.65483023e+10  7.76955757e+09  3.05779249e+12  9.05070848e+09
 1.32392500e+03  6.62422380e+16  1.08496844e+16  3.56664962e+10  8.79212047e+09  3.05779249e+12  9.05070848e+09
 1.32445000e+03  6.46440021e+16  1.20272159e+16  3.48059655e+10  9.74634168e+09  3.05779249e+12  9.05070848e+09
 1.32497500e+03  6.30843269e+16  1.31243919e+16  3.39661970e+10  1.06354462e+10  3.05779249e+12  9.05070848e+09
 1.32550000e+03  6.15622823e+16  1.41450258e+16  3.31466897e+10  1.14625242e+10  3.05779249e+12  9.05070848e+09
 1.32550000e+03  6.15622823e+16  0.00000000e+00  3.31466897e+10  0.00000000e+00  3.05779249e+12  9.05070848e+09
 1.32555000e+03  6.14192550e+16  1.42777138e+14  3.30696802e+10  1.15700490e+08  3.05779249e+12  9.05070848e+09
 1.32560000e+03  6.12765600e+16  2.84723611e+14  3.29928496e+10  2.30727844e+08  3.05779249e+12  9.05070848e+09
 1.32565000e+03  6.11341966e+16  4.25843092e+14  3.29161975e+10  3.45085039e+08  3.05779249e+12  9.05070848e+09
 1.32570000e+03  6.09921638e+16  5.66139240e+14  3.28397235e+10  4.58775040e+08  3.05779249e+12  9.05070848e+09
 1.32575000e+03  6.08504611e+16  7.05615699e+14  3.27634271e+10  5.71800800e+08  3.05779249e+12  9.05070848e+09
 1.32580000e+03  6.07090876e+16  8.44276099e+14  3.26873080e+10  6.84165261e+08  3.05779249e+12  9.05070848e+09
 1.32585000e+03  6.05680425e+16  9.82124055e+14  3.26113658e+10  7.95871352e+08  3.05779249e+12  9.05070848e+09
 1.32590000e+03  6.04273251e+16  1.11916317e+15  3.25356000e+10  9.06921992e+08  3.05779249e+12  9.05070848e+09
 1.32595000e+03  6.02869347e+16  1.25539703e+15  3.24600102e+10  1.01732009e+09  3.05779249e+12  9.05070848e+09
 1.32600000e+03  6.01468704e+16  1.39082920e+15  3.23845961e+10  1.12706853e+09  3.05779249e+12  9.05070848e+09
 1.32600000e+03  6.01468704e+16  1.39082920e+15  3.23845961e+10  1.12706853e+09  3.05779249e+12  9.05070848e+09
 1.32670000e+03  6.23609116e+16  3.27136423e+15  3.35766919e+10  2.65097373e+09  3.05779249e+12  9.05070848e+09
 1.32740000e+03  6.45040161e+16  5.13117278e+15  3.47305936e+10  4.15808308e+09  3.05779249e+12  9.05070848e+09
 1.32810000e+03  6.65784568e+16  6.96902851e+15  3.58475249e+10  5.64740280e+09  3.05779249e+12  9.05070848e+09
 1.32880000e+03  6.85864334e+16  8.78383475e+15  3.69286703e+10  7.11804420e+09  3.05779249e+12  9.05070848e+09
 1.32950000e+03  7.05300756e+16  1.05746161e+16  3.79751764e+10  8.56921685e+09  3.05779249e+12  9.05070848e+09
 1.33020000e+03  7.24114445e+16  1.23405103e+16  3.89881530e+10  1.00002220e+10  3.05779249e+12  9.05070848e+09
 1.33090000e+03  7.42325353e+16  1.40807609e+16  3.99686743e+10  1.14104467e+10  3.05779249e+12  9.05070848e+09
 1.33160000e+03  7.59952794e+16  1.57947099e+16  4.09177803e+10  1.27993578e+10  3.05779249e+12  9.05070848e+09
 1.33230000e+03  7.77015461e+16  1.74817913e+16  4.18364775e+10  1.41664964e+10  3.05779249e+12  9.05070848e+09
 1.33300000e+03  7.93531449e+16  1.91415243e+16  4.27257400e+10  1.55114731e+10  3.05779249e+12  9.05070848e+09
 1.33300000e+03  7.93531449e+16  1.91415243e+16  4.27257400e+10  1.55114731e+10  3.07377186e+12  9.04165778e+09
 1.33302500e+03  7.92609110e+16  1.92002021e+16  4.26760789e+10  1.55590230e+10  3.07377186e+12  9.04165778e+09
 1.33305000e+03  7.91687842e+16  1.92586701e+16  4.26264756e+10  1.56064031e+10  3.07377186e+12  9.04165778e+09
 1.33307500e+03  7.90767646e+16  1.93169290e+16  4.25769298e+10  1.56536135e+10  3.07377186e+12  9.04165778e+09
 1.33310000e+03  7.89848519e+16  1.93749790e+16  4.25274417e+10  1.57006548e+10  3.07377186e+12  9.04165778e+09
 1.33312500e+03  7.88930460e+16  1.94328208e+16  4.24780111e+10  1.57475273e+10  3.07377186e+12  9.04165778e+09
 1.33315000e+03  7.88013468e+16  1.94904549e+16  4.24286380e+10  1.57942315e+10  3.07377186e+12  9.04165778e+09
 1.33317500e+03  7.87097542e+16  1.95478816e+16  4.23793222e+10  1.58407677e+10  3.07377186e+12  9.04165778e+09
 1.33320000e+03  7.86182681e+16  1.96051016e+16  4.23300638e+10  1.58871363e+10  3.07377186e+12  9.04165778e+09
 1.33322500e+03  7.85268883e+16  1.96621153e+16  4.22808626e+10  1.59333377e+10  3.07377186e+12  9.04165778e+09
 1.33325000e+03  7.84356147e+16  1.97189231e+16  4.22317186e+10  1.59793723e+10  3.07377186e+12  9.04165778e+09
 1.33325000e+03  7.84356147e+16  0.00000000e+00  4.22317186e+10  0.00000000e+00  3.08521148e+12  9.03261612e+09
 1.33377500e+03  7.65431874e+16  1.85792987e+15  4.12127878e+10  1.50558695e+09  3.08521148e+12  9.03261612e+09
 1.33430000e+03  7.46964189e+16  3.60397970e+15  4.02184410e+10  2.92051109e+09  3.08521148e+12  9.03261612e+09
 1.33482500e+03  7.28942077e+16  5.24326881e+15  3.92480849e+10  4.24892092e+09  3.08521148e+12  9.03261612e+09
 1.33535000e+03  7.11354787e+16  6.78070570e+15  3.83011407e+10  5.49479405e+09  3.08521148e+12  9.03261612e+09
 1.33587500e+03  6.94191828e+16  8.22099624e+15  3.73770436e+10  6.66194393e+09  3.08521148e+12  9.03261612e+09
 1.33640000e+03  6.77442962e+16  9.56865159e+15  3.64752423e+10  7.75402623e+09  3.08521148e+12  9.03261612e+09
 1.33692500e+03  6.61098198e+16  1.08279959e+16  3.55951989e+10  8.77454502e+09  3.08521148e+12  9.03261612e+09
 1.33745000e+03  6.45147787e+16  1.20031735e+16  3.47363884e+10  9.72685874e+09  3.08521148e+12  9.03261612e+09
 1.33797500e+03  6.29582214e+16  1.30981562e+16  3.38982986e+10  1.06141859e+10  3.08521148e+12  9.03261612e+09
 1.33850000e+03  6.14392193e+16  1.41167499e+16  3.30804294e+10  1.14396107e+10  3.08521148e+12  9.03261612e+09
 1.33850000e+03  6.14392193e+16  0.00000000e+00  3.30804294e+10  0.00000000e+00  3.08521148e+12  9.03261612e+09
 1.33855000e+03  6.12964779e+16  1.42491727e+14  3.30035739e+10  1.15469205e+08  3.08521148e+12  9.03261612e+09
 1.33860000e+03  6.11540682e+16  2.84154449e+14  3.29268969e+10  2.30266619e+08  3.08521148e+12  9.03261612e+09
 1.33865000e+03  6.10119893e+16  4.24991832e+14  3.28503980e+10  3.44395214e+08  3.08521148e+12  9.03261612e+09
 1.33870000e+03  6.08702405e+16  5.65007528e+14  3.27740769e+10  4.57857948e+08  3.08521148e+12  9.03261612e+09
 1.33875000e+03  6.07288210e+16  7.04205173e+14  3.26979330e+10  5.70657770e+08  3.08521148e+12  9.03261612e+09
 1.33880000e+03  6.05877301e+16  8.42588391e+14  3.26219661e+10  6.82797615e+08  3.08521148e+12  9.03261612e+09
 1.33885000e+03  6.04469670e+16  9.80160789e+14  3.25461757e+10  7.94280405e+08  3.08521148e+12  9.03261612e+09
 1.33890000e+03  6.03065309e+16  1.11692596e+15  3.24705613e+10  9.05109055e+08  3.08521148e+12  9.03261612e+09
 1.33895000e+03  6.01664211e+16  1.25288749e+15  3.23951227e+10  1.01528646e+09  3.08521148e+12  9.03261612e+09
 1.33900000e+03  6.00266368e+16  1.38804893e+15  3.23198593e+10  1.12481552e+09  3.08521148e+12  9.03261612e+09
 1.33900000e+03  6.00266368e+16  1.38804893e+15  3.23198593e+10  1.12481552e+09  3.08521148e+12  9.03261612e+09
 1.33970000e+03  6.22362521e+16  3.26482477e+15  3.35095721e+10  2.64567443e+09  3.08521148e+12  9.03261612e+09
 1.34040000e+03  6.43750726e+16  5.12091557e+15  3.46611671e+10  4.14977108e+09  3.08521148e+12  9.03261612e+09
 1.34110000e+03  6.64453664e+16  6.95509742e+15  3.57758656e+10  5.63611364e+09  3.08521148e+12  9.03261612e+09
 1.34180000e+03  6.84493291e+16  8.76627586e+15  3.68548499e+10  7.10381523e+09  3.08521148e+12  9.03261612e+09
 1.34250000e+03  7.03890860e+16  1.05534774e+16  3.78992640e+10  8.55208698e+09  3.08521148e+12  9.03261612e+09
 1.34320000e+03  7.22666940e+16  1.23158416e+16  3.89102156e+10  9.98023160e+09  3.08521148e+12  9.03261612e+09
 1.34390000e+03  7.40841445e+16  1.40526135e+16  3.98887769e+10  1.13876373e+10  3.08521148e+12  9.03261612e+09
 1.34460000e+03  7.58433648e+16  1.57631363e+16  4.08359857e+10  1.27737719e+10  3.08521148e+12  9.03261612e+09
 1.34530000e+03  7.75462207e+16  1.74468452e+16  4.17528463e+10  1.41381775e+10  3.08521148e+12  9.03261612e+09
 1.34600000e+03  7.91945180e+16  1.91032604e+16  4.26403313e+10  1.54804656e+10  3.08521148e+12  9.03261612e+09
 1.34600000e+03  7.91945180e+16  1.91032604e+16  4.26403313e+10  1.54804656e+10  3.10115890e+12  9.02358350e+09
 1.34602500e+03  7.91024684e+16  1.91618209e+16  4.25907695e+10  1.55279205e+10  3.10115890e+12  9.02358350e+09
 1.34605000e+03  7.90105258e+16  1.92201721e+16  4.25412652e+10  1.55752059e+10  3.10115890e+12  9.02358350e+09
 1.34607500e+03  7.89186901e+16  1.92783144e+16  4.24918186e+10  1.56223219e+10  3.10115890e+12  9.02358350e+09
 1.34610000e+03  7.88269611e+16  1.93362485e+16  4.24424294e+10  1.56692692e+10  3.10115890e+12  9.02358350e+09
 1.34612500e+03  7.87353388e+16  1.93939746e+16  4.23930976e+10  1.57160480e+10  3.10115890e+12  9.02358350e+09
 1.34615000e+03  7.86438229e+16  1.94514935e+16  4.23438231e+10  1.57626588e+10  3.10115890e+12  9.02358350e+09
 1.34617500e+03  7.85524134e+16  1.95088054e+16  4.22946059e+10  1.58091020e+10  3.10115890e+12  9.02358350e+09
 1.34620000e+03  7.84611102e+16  1.95659110e+16  4.22454460e+10  1.58553779e+10  3.10115890e+12  9.02358350e+09
 1.34622500e+03  7.83699131e+16  1.96228107e+16  4.21963431e+10  1.59014870e+10  3.10115890e+12  9.02358350e+09
 1.34625000e+03  7.82788219e+16  1.96795049e+16  4.21472974e+10  1.59474296e+10  3.10115890e+12  9.02358350e+09
 1.34625000e+03  7.82788219e+16  0.00000000e+00  4.21472974e+10  0.00000000e+00  3.11257565e+12  9.01455992e+09
 1.34677500e+03  7.63901776e+16  1.85421587e+15  4.11304035e+10  1.50257728e+09  3.11257565e+12  9.01455992e+09
 1.34730000e+03  7.45471008e+16  3.59677534e+15  4.01380443e+10  2.91467299e+09  3.11257565e+12  9.01455992e+09
 1.34782500e+03  7.27484922e+16  5.23278752e+15  3.91696279e+10  4.24042732e+09  3.11257565e+12  9.01455992e+09
 1.34835000e+03  7.09932789e+16  6.76715107e+15  3.82245767e+10  5.48380996e+09  3.11257565e+12  9.01455992e+09
 1.34887500e+03  6.92804138e+16  8.20456247e+15  3.73023269e+10  6.64862671e+09  3.11257565e+12  9.01455992e+09
 1.34940000e+03  6.76088753e+16  9.54952386e+15  3.64023283e+10  7.73852593e+09  3.11257565e+12  9.01455992e+09
 1.34992500e+03  6.59776663e+16  1.08063507e+16  3.55240441e+10  8.75700470e+09  3.11257565e+12  9.01455992e+09
 1.35045000e+03  6.43858137e+16  1.19791792e+16  3.46669504e+10  9.70741475e+09  3.11257565e+12  9.01455992e+09
 1.35097500e+03  6.28323679e+16  1.30719730e+16  3.38305359e+10  1.05929682e+10  3.11257565e+12  9.01455992e+09
 1.35150000e+03  6.13164023e+16  1.40885305e+16  3.30143017e+10  1.14167429e+10  3.11257565e+12  9.01455992e+09
 1.35150000e+03  6.13164023e+16  0.00000000e+00  3.30143017e+10  0.00000000e+00  3.11257565e+12  9.01455992e+09
 1.35155000e+03  6.11739463e+16  1.42206886e+14  3.29375997e+10  1.15238382e+08  3.11257565e+12  9.01455992e+09
 1.35160000e+03  6.10318212e+16  2.83586424e+14  3.28610760e+10  2.29806316e+08  3.11257565e+12  9.01455992e+09
 1.35165000e+03  6.08900263e+16  4.24142273e+14  3.27847300e+10  3.43706768e+08  3.11257565e+12  9.01455992e+09
 1.35170000e+03  6.07485609e+16  5.63878078e+14  3.27085615e+10  4.56942690e+08  3.11257565e+12  9.01455992e+09
 1.35175000e+03  6.06074241e+16  7.02797467e+14  3.26325699e+10  5.69517025e+08  3.11257565e+12  9.01455992e+09
 1.35180000e+03  6.04666152e+16  8.40904057e+14  3.25567548e+10  6.81432702e+08  3.11257565e+12  9.01455992e+09
 1.35185000e+03  6.03261335e+16  9.78201448e+14  3.24811159e+10  7.92692639e+08  3.11257565e+12  9.01455992e+09
 1.35190000e+03  6.01859781e+16  1.11469323e+15  3.24056527e+10  9.03299742e+08  3.11257565e+12  9.01455992e+09
 1.35195000e+03  6.00461484e+16  1.25038297e+15  3.23303648e+10  1.01325691e+09  3.11257565e+12  9.01455992e+09
 1.35200000e+03  5.99066435e+16  1.38527422e+15  3.22552519e+10  1.12256701e+09  3.11257565e+12  9.01455992e+09
 1.35200000e+03  5.99066435e+16  1.38527422e+15  3.22552519e+10  1.12256701e+09  3.11257565e+12  9.01455992e+09
 1.35270000e+03  6.21118419e+16  3.25829838e+15  3.34425864e+10  2.64038573e+09  3.11257565e+12  9.01455992e+09
 1.35340000e+03  6.42463868e+16  5.11067886e+15  3.45918794e+10  4.14147568e+09  3.11257565e+12  9.01455992e+09
 1.35410000e+03  6.63125421e+16  6.94119418e+15  3.57043497e+10  5.62484705e+09  3.11257565e+12  9.01455992e+09
 1.35480000e+03  6.83124989e+16  8.74875208e+15  3.67811770e+10  7.08961471e+09  3.11257565e+12  9.01455992e+09
 1.35550000e+03  7.02483782e+16  1.05323810e+16  3.78235033e+10  8.53499136e+09  3.11257565e+12  9.01455992e+09
 1.35620000e+03  7.21222329e+16  1.22912223e+16  3.88324341e+10  9.96028112e+09  3.11257565e+12  9.01455992e+09
 1.35690000e+03  7.39360503e+16  1.40245223e+16  3.98090393e+10  1.13648734e+10  3.11257565e+12  9.01455992e+09
 1.35760000e+03  7.56917540e+16  1.57316258e+16  4.07543545e+10  1.27482371e+10  3.11257565e+12  9.01455992e+09
 1.35830000e+03  7.73912058e+16  1.74119689e+16  4.16693824e+10  1.41099153e+10  3.11257565e+12  9.01455992e+09
 1.35900000e+03  7.90362082e+16  1.90650730e+16  4.25550933e+10  1.54495202e+10  3.11257565e+12  9.01455992e+09
 1.35900000e+03  7.90362082e+16  1.90650730e+16  4.25550933e+10  1.54495202e+10  3.12849120e+12  9.00554536e+09
 1.35902500e+03  7.89443426e+16  1.91235164e+16  4.25056305e+10  1.54968802e+10  3.12849120e+12  9.00554536e+09
 1.35905000e+03  7.88525838e+16  1.91817509e+16  4.24562252e+10  1.55440710e+10  3.12849120e+12  9.00554536e+09
 1.35907500e+03  7.87609317e+16  1.92397771e+16  4.24068774e+10  1.55910929e+10  3.12849120e+12  9.00554536e+09
 1.35910000e+03  7.86693860e+16  1.92975953e+16  4.23575869e+10  1.56379463e+10  3.12849120e+12  9.00554536e+09
 1.35912500e+03  7.85779468e+16  1.93552061e+16  4.23083538e+10  1.56846316e+10  3.12849120e+12  9.00554536e+09
 1.35915000e+03  7.84866139e+16  1.94126099e+16  4.22591778e+10  1.57311493e+10  3.12849120e+12  9.00554536e+09
 1.35917500e+03  7.83953871e+16  1.94698073e+16  4.22100590e+10  1.57774996e+10  3.12849120e+12  9.00554536e+09
 1.35920000e+03  7.83042664e+16  1.95267988e+16  4.21609973e+10  1.58236830e+10  3.12849120e+12  9.00554536e+09
 1.35922500e+03  7.82132516e+16  1.95835847e+16  4.21119926e+10  1.58696999e+10  3.12849120e+12  9.00554536e+09
 1.35925000e+03  7.81223426e+16  1.96401656e+16  4.20630449e+10  1.59155507e+10  3.12849120e+12  9.00554536e+09
 1.35925000e+03  7.81223426e+16  0.00000000e+00  4.20630449e+10  0.00000000e+00  3.13988512e+12  8.99653981e+09
 1.35977500e+03  7.62374736e+16  1.85050929e+15  4.10481838e+10  1.49957363e+09  3.13988512e+12  8.99653981e+09
 1.36030000e+03  7.43980811e+16  3.58958539e+15  4.00578084e+10  2.90884656e+09  3.13988512e+12  8.99653981e+09
 1.36082500e+03  7.26030679e+16  5.22232718e+15  3.90913279e+10  4.23195071e+09  3.13988512e+12  8.99653981e+09
 1.36135000e+03  7.08513633e+16  6.75362354e+15  3.81481658e+10  5.47284782e+09  3.13988512e+12  8.99653981e+09
 1.36187500e+03  6.91419223e+16  8.18816154e+15  3.72277595e+10  6.63533610e+09  3.13988512e+12  8.99653981e+09
 1.36240000e+03  6.74737252e+16  9.53043436e+15  3.63295600e+10  7.72305662e+09  3.13988512e+12  8.99653981e+09
 1.36292500e+03  6.58457769e+16  1.07847488e+16  3.54530315e+10  8.73949945e+09  3.13988512e+12  8.99653981e+09
 1.36345000e+03  6.42571064e+16  1.19552328e+16  3.45976511e+10  9.68800963e+09  3.13988512e+12  8.99653981e+09
 1.36397500e+03  6.27067660e+16  1.30458422e+16  3.37629086e+10  1.05717928e+10  3.13988512e+12  8.99653981e+09
 1.36450000e+03  6.11938308e+16  1.40603675e+16  3.29483061e+10  1.13939208e+10  3.13988512e+12  8.99653981e+09
 1.36450000e+03  6.11938308e+16  0.00000000e+00  3.29483061e+10  0.00000000e+00  3.13988512e+12  8.99653981e+09
 1.36455000e+03  6.10516596e+16  1.41922614e+14  3.28717575e+10  1.15008020e+08  3.13988512e+12  8.99653981e+09
 1.36460000e+03  6.09098186e+16  2.83019535e+14  3.27953867e+10  2.29346933e+08  3.13988512e+12  8.99653981e+09
 1.36465000e+03  6.07683072e+16  4.23294413e+14  3.27191934e+10  3.43019698e+08  3.13988512e+12  8.99653981e+09
 1.36470000e+03  6.06271245e+16  5.62750885e+14  3.26431771e+10  4.56029262e+08  3.13988512e+12  8.99653981e+09
 1.36475000e+03  6.04862699e+16  7.01392575e+14  3.25673374e+10  5.68378561e+08  3.13988512e+12  8.99653981e+09
 1.36480000e+03  6.03457425e+16  8.39223090e+14  3.24916738e+10  6.80070518e+08  3.13988512e+12  8.99653981e+09
 1.36485000e+03  6.02055415e+16  9.76246023e+14  3.24161861e+10  7.91108046e+08  3.13988512e+12  8.99653981e+09
 1.36490000e+03  6.00656664e+16  1.11246495e+15  3.23408738e+10  9.01494046e+08  3.13988512e+12  8.99653981e+09
 1.36495000e+03  5.99261161e+16  1.24788345e+15  3.22657364e+10  1.01123141e+09  3.13988512e+12  8.99653981e+09
 1.36500000e+03  5.97868901e+16  1.38250506e+15  3.21907736e+10  1.12032300e+09  3.13988512e+12  8.99653981e+09
 1.36500000e+03  5.97868901e+16  1.38250506e+15  3.21907736e+10  1.12032300e+09  3.13988512e+12  8.99653981e+09
 1.36570000e+03  6.19876803e+16  3.25178505e+15  3.33757347e+10  2.63510760e+09  3.13988512e+12  8.99653981e+09
 1.36640000e+03  6.41179583e+16  5.10046261e+15  3.45227303e+10  4.13319687e+09  3.13988512e+12  8.99653981e+09
 1.36710000e+03  6.61799834e+16  6.92731873e+15  3.56329767e+10  5.61360298e+09  3.13988512e+12  8.99653981e+09
 1.36780000e+03  6.81759422e+16  8.73126332e+15  3.67076514e+10  7.07544257e+09  3.13988512e+12  8.99653981e+09
 1.36850000e+03  7.01079517e+16  1.05113268e+16  3.77478942e+10  8.51792991e+09  3.13988512e+12  8.99653981e+09
 1.36920000e+03  7.19780605e+16  1.22666521e+16  3.87548081e+10  9.94037052e+09  3.13988512e+12  8.99653981e+09
 1.36990000e+03  7.37882521e+16  1.39964873e+16  3.97294610e+10  1.13421550e+10  3.13988512e+12  8.99653981e+09
 1.37060000e+03  7.55404461e+16  1.57001783e+16  4.06728866e+10  1.27227534e+10  3.13988512e+12  8.99653981e+09
 1.37130000e+03  7.72365008e+16  1.73771624e+16  4.15860853e+10  1.40817096e+10  3.13988512e+12  8.99653981e+09
 1.37200000e+03  7.88782148e+16  1.90269619e+16  4.24700256e+10  1.54186366e+10  3.13988512e+12  8.99653981e+09
 1.37200000e+03  7.88782148e+16  1.90269619e+16  4.24700256e+10  1.54186366e+10  3.15576885e+12  8.98754327e+09
 1.37202500e+03  7.87865328e+16  1.90852885e+16  4.24206617e+10  1.54659020e+10  3.15576885e+12  8.98754327e+09
 1.37205000e+03  7.86949575e+16  1.91434066e+16  4.23713553e+10  1.55129984e+10  3.15576885e+12  8.98754327e+09
 1.37207500e+03  7.86034886e+16  1.92013168e+16  4.23221061e+10  1.55599263e+10  3.15576885e+12  8.98754327e+09
 1.37210000e+03  7.85121259e+16  1.92590194e+16  4.22729141e+10  1.56066861e+10  3.15576885e+12  8.98754327e+09
 1.37212500e+03  7.84208695e+16  1.93165150e+16  4.22237794e+10  1.56532781e+10  3.15576885e+12  8.98754327e+09
 1.37215000e+03  7.83297192e+16  1.93738041e+16  4.21747017e+10  1.56997027e+10  3.15576885e+12  8.98754327e+09
 1.37217500e+03  7.82386748e+16  1.94308872e+16  4.21256811e+10  1.57459604e+10  3.15576885e+12  8.98754327e+09
 1.37220000e+03  7.81477362e+16  1.94877647e+16  4.20767175e+10  1.57920515e+10  3.15576885e+12  8.98754327e+09
 1.37222500e+03  7.80569033e+16  1.95444371e+16  4.20278108e+10  1.58379764e+10  3.15576885e+12  8.98754327e+09
 1.37225000e+03  7.79661760e+16  1.96009049e+16  4.19789609e+10  1.58837355e+10  3.15576885e+12  8.98754327e+09
 1.37225000e+03  7.79661760e+16  0.00000000e+00  4.19789609e+10  0.00000000e+00  3.16714000e+12  8.97855573e+09
 1.37277500e+03  7.60850749e+16  1.84681012e+15  4.09661285e+10  1.49657598e+09  3.16714000e+12  8.97855573e+09
 1.37330000e+03  7.42493594e+16  3.58240981e+15  3.99777328e+10  2.90303177e+09  3.16714000e+12  8.97855573e+09
 1.37382500e+03  7.24579344e+16  5.21188774e+15  3.90131843e+10  4.22349104e+09  3.16714000e+12  8.97855573e+09
 1.37435000e+03  7.07097314e+16  6.74012304e+15  3.80719076e+10  5.46190760e+09  3.16714000e+12  8.97855573e+09
 1.37487500e+03  6.90037076e+16  8.17179341e+15  3.71533412e+10  6.62207207e+09  3.16714000e+12  8.97855573e+09
 1.37540000e+03  6.73388452e+16  9.51138302e+15  3.62569372e+10  7.70761823e+09  3.16714000e+12  8.97855573e+09
 1.37592500e+03  6.57141512e+16  1.07631901e+16  3.53821609e+10  8.72202919e+09  3.16714000e+12  8.97855573e+09
 1.37645000e+03  6.41286565e+16  1.19313343e+16  3.45284904e+10  9.66864330e+09  3.16714000e+12  8.97855573e+09
 1.37697500e+03  6.25814152e+16  1.30197635e+16  3.36954166e+10  1.05506598e+10  3.16714000e+12  8.97855573e+09
 1.37750000e+03  6.10715044e+16  1.40322608e+16  3.28824424e+10  1.13711444e+10  3.16714000e+12  8.97855573e+09
 1.37750000e+03  6.10715044e+16  0.00000000e+00  3.28824424e+10  0.00000000e+00  3.16714000e+12  8.97855573e+09
 1.37755000e+03  6.09296173e+16  1.41638911e+14  3.28060468e+10  1.14778119e+08  3.16714000e+12  8.97855573e+09
 1.37760000e+03  6.07880599e+16  2.82453779e+14  3.27298287e+10  2.28888468e+08  3.16714000e+12  8.97855573e+09
 1.37765000e+03  6.06468313e+16  4.22448247e+14  3.26537877e+10  3.42334002e+08  3.16714000e+12  8.97855573e+09
 1.37770000e+03  6.05059309e+16  5.61625946e+14  3.25779233e+10  4.55117659e+08  3.16714000e+12  8.97855573e+09
 1.37775000e+03  6.03653578e+16  6.99990491e+14  3.25022352e+10  5.67242372e+08  3.16714000e+12  8.97855573e+09
 1.37780000e+03  6.02251113e+16  8.37545483e+14  3.24267230e+10  6.78711057e+08  3.16714000e+12  8.97855573e+09
 1.37785000e+03  6.00851907e+16  9.74294507e+14  3.23513862e+10  7.89526621e+08  3.16714000e+12  8.97855573e+09
 1.37790000e+03  5.99455951e+16  1.11024114e+15  3.22762244e+10  8.99691959e+08  3.16714000e+12  8.97855573e+09
 1.37795000e+03  5.98063238e+16  1.24538893e+15  3.22012372e+10  1.00920995e+09  3.16714000e+12  8.97855573e+09
 1.37800000e+03  5.96673762e+16  1.37974143e+15  3.21264243e+10  1.11808348e+09  3.16714000e+12  8.97855573e+09
 1.37800000e+03  5.96673762e+16  1.37974143e+15  3.21264243e+10  1.11808348e+09  3.16714000e+12  8.97855573e+09
 1.37870000e+03  6.18637669e+16  3.24528473e+15  3.33090166e+10  2.62984002e+09  3.16714000e+12  8.97855573e+09
 1.37940000e+03  6.39897865e+16  5.09026678e+15  3.44537193e+10  4.12493461e+09  3.16714000e+12  8.97855573e+09
 1.38010000e+03  6.60476896e+16  6.91347102e+15  3.55617464e+10  5.60238139e+09  3.16714000e+12  8.97855573e+09
 1.38080000e+03  6.80396585e+16  8.71380953e+15  3.66342728e+10  7.06129876e+09  3.16714000e+12  8.97855573e+09
 1.38150000e+03  6.99678059e+16  1.04903147e+16  3.76724361e+10  8.50090257e+09  3.16714000e+12  8.97855573e+09
 1.38220000e+03  7.18341764e+16  1.22421311e+16  3.86773372e+10  9.92049972e+09  3.16714000e+12  8.97855573e+09
 1.38290000e+03  7.36407494e+16  1.39685083e+16  3.96500418e+10  1.13194820e+10  3.16714000e+12  8.97855573e+09
 1.38360000e+03  7.53894408e+16  1.56687936e+16  4.05915815e+10  1.26973206e+10  3.16714000e+12  8.97855573e+09
 1.38430000e+03  7.70821050e+16  1.73424254e+16  4.15029547e+10  1.40535603e+10  3.16714000e+12  8.97855573e+09
 1.38500000e+03  7.87205372e+16  1.89889270e+16  4.23851280e+10  1.53878147e+10  3.16714000e+12  8.97855573e+09
 1.38500000e+03  7.87205372e+16  1.89889270e+16  4.23851280e+10  1.53878147e+10  3.18299198e+12  8.96957717e+09
 1.38502500e+03  7.86290386e+16  1.90471370e+16  4.23358628e+10  1.54349856e+10  3.18299198e+12  8.96957717e+09
 1.38505000e+03  7.85376463e+16  1.91051390e+16  4.22866549e+10  1.54819879e+10  3.18299198e+12  8.96957717e+09
 1.38507500e+03  7.84463602e+16  1.91629333e+16  4.22375042e+10  1.55288220e+10  3.18299198e+12  8.96957717e+09
 1.38510000e+03  7.83551802e+16  1.92205206e+16  4.21884106e+10  1.55754883e+10  3.18299198e+12  8.96957717e+09
 1.38512500e+03  7.82641062e+16  1.92779013e+16  4.21393740e+10  1.56219872e+10  3.18299198e+12  8.96957717e+09
 1.38515000e+03  7.81731381e+16  1.93350759e+16  4.20903945e+10  1.56683190e+10  3.18299198e+12  8.96957717e+09
 1.38517500e+03  7.80822757e+16  1.93920448e+16  4.20414719e+10  1.57144842e+10  3.18299198e+12  8.96957717e+09
 1.38520000e+03  7.79915189e+16  1.94488086e+16  4.19926061e+10  1.57604832e+10  3.18299198e+12  8.96957717e+09
 1.38522500e+03  7.79008676e+16  1.95053678e+16  4.19437972e+10  1.58063163e+10  3.18299198e+12  8.96957717e+09
 1.38525000e+03  7.78103216e+16  1.95617227e+16  4.18950449e+10  1.58519839e+10  3.18299198e+12  8.96957717e+09
 1.38525000e+03  7.78103216e+16  0.00000000e+00  4.18950449e+10  0.00000000e+00  3.19434040e+12  8.96060760e+09
 1.38577500e+03  7.59329808e+16  1.84311835e+15  4.08842372e+10  1.49358432e+09  3.19434040e+12  8.96060760e+09
 1.38630000e+03  7.41009349e+16  3.57524857e+15  3.98978173e+10  2.89722861e+09  3.19434040e+12  8.96060760e+09
 1.38682500e+03  7.23130910e+16  5.20146918e+15  3.89351969e+10  4.21504828e+09  3.19434040e+12  8.96060760e+09
 1.38735000e+03  7.05683827e+16  6.72664954e+15  3.79958019e+10  5.45098925e+09  3.19434040e+12  8.96060760e+09
 1.38787500e+03  6.88657692e+16  8.15545800e+15  3.70790717e+10  6.60883454e+09  3.19434040e+12  8.96060760e+09
 1.38840000e+03  6.72042349e+16  9.49236977e+15  3.61844596e+10  7.69221070e+09  3.19434040e+12  8.96060760e+09
 1.38892500e+03  6.55827886e+16  1.07416745e+16  3.53114319e+10  8.70459385e+09  3.19434040e+12  8.96060760e+09
 1.38945000e+03  6.40004633e+16  1.19074836e+16  3.44594680e+10  9.64931568e+09  3.19434040e+12  8.96060760e+09
 1.38997500e+03  6.24563149e+16  1.29937370e+16  3.36280594e+10  1.05295690e+10  3.19434040e+12  8.96060760e+09
 1.39050000e+03  6.09494224e+16  1.40042103e+16  3.28167104e+10  1.13484134e+10  3.19434040e+12  8.96060760e+09
 1.39050000e+03  6.09494224e+16  0.00000000e+00  3.28167104e+10  0.00000000e+00  3.19434040e+12  8.96060760e+09
 1.39055000e+03  6.08078190e+16  1.41355775e+14  3.27404675e+10  1.14548678e+08  3.19434040e+12  8.96060760e+09
 1.39060000e+03  6.06665445e+16  2.81889154e+14  3.26644018e+10  2.28430920e+08  3.19434040e+12  8.96060760e+09
 1.39065000e+03  6.05255983e+16  4.21603773e+14  3.25885128e+10  3.41649676e+08  3.19434040e+12  8.96060760e+09
 1.39070000e+03  6.03849795e+16  5.60503256e+14  3.25128001e+10  4.54207879e+08  3.19434040e+12  8.96060760e+09
 1.39075000e+03  6.02446875e+16  6.98591210e+14  3.24372633e+10  5.66108455e+08  3.19434040e+12  8.96060760e+09
 1.39080000e+03  6.01047213e+16  8.35871229e+14  3.23619020e+10  6.77354314e+08  3.19434040e+12  8.96060760e+09
 1.39085000e+03  5.99650804e+16  9.72346893e+14  3.22867158e+10  7.87948358e+08  3.19434040e+12  8.96060760e+09
 1.39090000e+03  5.98257638e+16  1.10802177e+15  3.22117042e+10  8.97893475e+08  3.19434040e+12  8.96060760e+09
 1.39095000e+03  5.96867710e+16  1.24289940e+15  3.21368669e+10  1.00719254e+09  3.19434040e+12  8.96060760e+09
 1.39100000e+03  5.95481011e+16  1.37698333e+15  3.20622036e+10  1.11584843e+09  3.19434040e+12  8.96060760e+09
 1.39100000e+03  5.95481011e+16  1.37698333e+15  3.20622036e+10  1.11584843e+09  3.19434040e+12  8.96060760e+09
 1.39170000e+03  6.17401013e+16  3.23879740e+15  3.32424319e+10  2.62458297e+09  3.19434040e+12  8.96060760e+09
 1.39240000e+03  6.38618709e+16  5.08009134e+15  3.43848463e+10  4.11668887e+09  3.19434040e+12  8.96060760e+09
 1.39310000e+03  6.59156603e+16  6.89965099e+15  3.54906584e+10  5.59118223e+09  3.19434040e+12  8.96060760e+09
 1.39380000e+03  6.79036473e+16  8.69639062e+15  3.65610409e+10  7.04718322e+09  3.19434040e+12  8.96060760e+09
 1.39450000e+03  6.98279402e+16  1.04693445e+16  3.75971289e+10  8.48390927e+09  3.19434040e+12  8.96060760e+09
 1.39520000e+03  7.16905799e+16  1.22176591e+16  3.86000212e+10  9.90066864e+09  3.19434040e+12  8.96060760e+09
 1.39590000e+03  7.34935416e+16  1.39405853e+16  3.95707814e+10  1.12968544e+10  3.19434040e+12  8.96060760e+09
 1.39660000e+03  7.52387373e+16  1.56374717e+16  4.05104389e+10  1.26719386e+10  3.19434040e+12  8.96060760e+09
 1.39730000e+03  7.69280179e+16  1.73077579e+16  4.14199903e+10  1.40254672e+10  3.19434040e+12  8.96060760e+09
 1.39800000e+03  7.85631749e+16  1.89509681e+16  4.23004002e+10  1.53570545e+10  3.19434040e+12  8.96060760e+09
 1.39800000e+03  7.85631749e+16  1.89509681e+16  4.23004002e+10  1.53570545e+10  3.21016069e+12  8.95164699e+09
 1.39802500e+03  7.84718591e+16  1.90090618e+16  4.22512335e+10  1.54041311e+10  3.21016069e+12  8.95164699e+09
 1.39805000e+03  7.83806495e+16  1.90669478e+16  4.22021239e+10  1.54510394e+10  3.21016069e+12  8.95164699e+09
 1.39807500e+03  7.82895459e+16  1.91246266e+16  4.21530714e+10  1.54977799e+10  3.21016069e+12  8.95164699e+09
 1.39810000e+03  7.81985482e+16  1.91820988e+16  4.21040759e+10  1.55443529e+10  3.21016069e+12  8.95164699e+09
 1.39812500e+03  7.81076563e+16  1.92393648e+16  4.20551374e+10  1.55907588e+10  3.21016069e+12  8.95164699e+09
 1.39815000e+03  7.80168700e+16  1.92964251e+16  4.20062558e+10  1.56369980e+10  3.21016069e+12  8.95164699e+09
 1.39817500e+03  7.79261892e+16  1.93532801e+16  4.19574310e+10  1.56830709e+10  3.21016069e+12  8.95164699e+09
 1.39820000e+03  7.78356138e+16  1.94099305e+16  4.19086629e+10  1.57289780e+10  3.21016069e+12  8.95164699e+09
 1.39822500e+03  7.77451437e+16  1.94663765e+16  4.18599515e+10  1.57747194e+10  3.21016069e+12  8.95164699e+09
 1.39825000e+03  7.76547788e+16  1.95226188e+16  4.18112967e+10  1.58202958e+10  3.21016069e+12  8.95164699e+09
 1.39825000e+03  7.76547788e+16  0.00000000e+00  4.18112967e+10  0.00000000e+00  3.22148642e+12  8.94269534e+09
 1.39877500e+03  7.57811908e+16  1.83943396e+15  4.08025096e+10  1.49059865e+09  3.22148642e+12  8.94269534e+09
 1.39930000e+03  7.39528071e+16  3.56810165e+15  3.98180616e+10  2.89143705e+09  3.22148642e+12  8.94269534e+09
 1.39982500e+03  7.21685371e+16  5.19107144e+15  3.88573655e+10  4.20662240e+09  3.22148642e+12  8.94269534e+09
 1.40035000e+03  7.04273165e+16  6.71320297e+15  3.79198482e+10  5.44009272e+09  3.22148642e+12  8.94269534e+09
 1.40087500e+03  6.87281065e+16  8.13915523e+15  3.70049506e+10  6.59562348e+09  3.22148642e+12  8.94269534e+09
 1.40140000e+03  6.70698936e+16  9.47339452e+15  3.61121269e+10  7.67683397e+09  3.22148642e+12  8.94269534e+09
 1.40192500e+03  6.54516886e+16  1.07202019e+16  3.52408444e+10  8.68719337e+09  3.22148642e+12  8.94269534e+09
 1.40245000e+03  6.38725263e+16  1.18836805e+16  3.43905835e+10  9.63002670e+09  3.22148642e+12  8.94269534e+09
 1.40297500e+03  6.23314647e+16  1.29677625e+16  3.35608369e+10  1.05085204e+10  3.22148642e+12  8.94269534e+09
 1.40350000e+03  6.08275845e+16  1.39762159e+16  3.27511098e+10  1.13257280e+10  3.22148642e+12  8.94269534e+09
 1.40350000e+03  6.08275845e+16  0.00000000e+00  3.27511098e+10  0.00000000e+00  3.22148642e+12  8.94269534e+09
 1.40355000e+03  6.06862642e+16  1.41073205e+14  3.26750193e+10  1.14319695e+08  3.22148642e+12  8.94269534e+09
 1.40360000e+03  6.05452721e+16  2.81325657e+14  3.25991057e+10  2.27974287e+08  3.22148642e+12  8.94269534e+09
 1.40365000e+03  6.04046076e+16  4.20760987e+14  3.25233683e+10  3.40966718e+08  3.22148642e+12  8.94269534e+09
 1.40370000e+03  6.02642700e+16  5.59382810e+14  3.24478070e+10  4.53299918e+08  3.22148642e+12  8.94269534e+09
 1.40375000e+03  6.01242583e+16  6.97194726e+14  3.23724212e+10  5.64976804e+08  3.22148642e+12  8.94269534e+09
 1.40380000e+03  5.99845720e+16  8.34200323e+14  3.22972105e+10  6.76000282e+08  3.22148642e+12  8.94269534e+09
 1.40385000e+03  5.98452102e+16  9.70403171e+14  3.22221746e+10  7.86373249e+08  3.22148642e+12  8.94269534e+09
 1.40390000e+03  5.97061721e+16  1.10580683e+15  3.21473130e+10  8.96098586e+08  3.22148642e+12  8.94269534e+09
 1.40395000e+03  5.95674571e+16  1.24041484e+15  3.20726254e+10  1.00517917e+09  3.22148642e+12  8.94269534e+09
 1.40400000e+03  5.94290644e+16  1.37423074e+15  3.19981112e+10  1.11361785e+09  3.22148642e+12  8.94269534e+09
 1.40400000e+03  5.94290644e+16  1.37423074e+15  3.19981112e+10  1.11361785e+09  3.22148642e+12  8.94269534e+09
 1.40470000e+03  6.16166828e+16  3.23232305e+15  3.31759803e+10  2.61933643e+09  3.22148642e+12  8.94269534e+09
 1.40540000e+03  6.37342111e+16  5.06993624e+15  3.43161110e+10  4.10845961e+09  3.22148642e+12  8.94269534e+09
 1.40610000e+03  6.57838948e+16  6.88585859e+15  3.54197126e+10  5.58000546e+09  3.22148642e+12  8.94269534e+09
 1.40680000e+03  6.77679079e+16  8.67900654e+15  3.64879554e+10  7.03309590e+09  3.22148642e+12  8.94269534e+09
 1.40750000e+03  6.96883542e+16  1.04484163e+16  3.75219723e+10  8.46694993e+09  3.22148642e+12  8.94269534e+09
 1.40820000e+03  7.15472704e+16  1.21932360e+16  3.85228598e+10  9.88087720e+09  3.22148642e+12  8.94269534e+09
 1.40890000e+03  7.33466280e+16  1.39127180e+16  3.94916794e+10  1.12742720e+10  3.22148642e+12  8.94269534e+09
 1.40960000e+03  7.50883351e+16  1.56062124e+16  4.04294585e+10  1.26466074e+10  3.22148642e+12  8.94269534e+09
 1.41030000e+03  7.67742388e+16  1.72731597e+16  4.13371917e+10  1.39974303e+10  3.22148642e+12  8.94269534e+09
 1.41100000e+03  7.84061271e+16  1.89130851e+16  4.22158417e+10  1.53263557e+10  3.22148642e+12  8.94269534e+09
 1.41100000e+03  7.84061271e+16  1.89130851e+16  4.22158417e+10  1.53263557e+10  3.23727509e+12  8.93375265e+09
 1.41102500e+03  7.83149939e+16  1.89710627e+16  4.21667732e+10  1.53733382e+10  3.23727509e+12  8.93375265e+09
 1.41105000e+03  7.82239666e+16  1.90288329e+16  4.21177618e+10  1.54201528e+10  3.23727509e+12  8.93375265e+09
 1.41107500e+03  7.81330451e+16  1.90863965e+16  4.20688074e+10  1.54667998e+10  3.23727509e+12  8.93375265e+09
 1.41110000e+03  7.80422293e+16  1.91437538e+16  4.20199099e+10  1.55132797e+10  3.23727509e+12  8.93375265e+09
 1.41112500e+03  7.79515191e+16  1.92009053e+16  4.19710692e+10  1.55595929e+10  3.23727509e+12  8.93375265e+09
 1.41115000e+03  7.78609142e+16  1.92578515e+16  4.19222853e+10  1.56057397e+10  3.23727509e+12  8.93375265e+09
 1.41117500e+03  7.77704147e+16  1.93145929e+16  4.18735581e+10  1.56517205e+10  3.23727509e+12  8.93375265e+09
 1.41120000e+03  7.76800204e+16  1.93711300e+16  4.18248875e+10  1.56975357e+10  3.23727509e+12  8.93375265e+09
 1.41122500e+03  7.75897312e+16  1.94274633e+16  4.17762735e+10  1.57431858e+10  3.23727509e+12  8.93375265e+09
 1.41125000e+03  7.74995469e+16  1.94835931e+16  4.17277160e+10  1.57886710e+10  3.23727509e+12  8.93375265e+09
 1.41125000e+03  7.74995469e+16  0.00000000e+00  4.17277160e+10  0.00000000e+00  3.24857818e+12  8.92481890e+09
 1.41177500e+03  7.56297042e+16  1.83575693e+15  4.07209454e+10  1.48761894e+09  3.24857818e+12  8.92481890e+09
 1.41230000e+03  7.38049755e+16  3.56096901e+15  3.97384653e+10  2.88565707e+09  3.24857818e+12  8.92481890e+09
 1.41282500e+03  7.20242722e+16  5.18069449e+15  3.87796896e+10  4.19821336e+09  3.24857818e+12  8.92481890e+09
 1.41335000e+03  7.02865323e+16  6.69978327e+15  3.78440465e+10  5.42921797e+09  3.24857818e+12  8.92481890e+09
 1.41387500e+03  6.85907190e+16  8.12288506e+15  3.69309777e+10  6.58243883e+09  3.24857818e+12  8.92481890e+09
 1.41440000e+03  6.69358209e+16  9.45445721e+15  3.60399387e+10  7.66148798e+09  3.24857818e+12  8.92481890e+09
 1.41492500e+03  6.53208507e+16  1.06987722e+16  3.51703979e+10  8.66982767e+09  3.24857818e+12  8.92481890e+09
 1.41545000e+03  6.37448452e+16  1.18599250e+16  3.43218367e+10  9.61077628e+09  3.24857818e+12  8.92481890e+09
 1.41597500e+03  6.22068641e+16  1.29418400e+16  3.34937488e+10  1.04875139e+10  3.24857818e+12  8.92481890e+09
 1.41650000e+03  6.07059902e+16  1.39482775e+16  3.26856403e+10  1.13030878e+10  3.24857818e+12  8.92481890e+09
 1.41650000e+03  6.07059902e+16  0.00000000e+00  3.26856403e+10  0.00000000e+00  3.24857818e+12  8.92481890e+09
 1.41655000e+03  6.05649523e+16  1.40791199e+14  3.26097020e+10  1.14091170e+08  3.24857818e+12  8.92481890e+09
 1.41660000e+03  6.04242421e+16  2.80763287e+14  3.25339400e+10  2.27518566e+08  3.24857818e+12  8.92481890e+09
 1.41665000e+03  6.02838588e+16  4.19919886e+14  3.24583541e+10  3.40285126e+08  3.24857818e+12  8.92481890e+09
 1.41670000e+03  6.01438017e+16  5.58264604e+14  3.23829438e+10  4.52393771e+08  3.24857818e+12  8.92481890e+09
 1.41675000e+03  6.00040699e+16  6.95801034e+14  3.23077087e+10  5.63847415e+08  3.24857818e+12  8.92481890e+09
 1.41680000e+03  5.98646628e+16  8.32532756e+14  3.22326484e+10  6.74648958e+08  3.24857818e+12  8.92481890e+09
 1.41685000e+03  5.97255796e+16  9.68463335e+14  3.21577625e+10  7.84801289e+08  3.24857818e+12  8.92481890e+09
 1.41690000e+03  5.95868195e+16  1.10359632e+15  3.20830505e+10  8.94307285e+08  3.24857818e+12  8.92481890e+09
 1.41695000e+03  5.94483818e+16  1.23793525e+15  3.20085122e+10  1.00316981e+09  3.24857818e+12  8.92481890e+09
 1.41700000e+03  5.93102657e+16  1.37148365e+15  3.19341470e+10  1.11139173e+09  3.24857818e+12  8.92481890e+09
 1.41700000e+03  5.93102657e+16  1.37148365e+15  3.19341470e+10  1.11139173e+09  3.24857818e+12  8.92481890e+09
 1.41770000e+03  6.14935110e+16  3.22586163e+15  3.31096615e+10  2.61410037e+09  3.24857818e+12  8.92481890e+09
 1.41840000e+03  6.36068064e+16  5.05980144e+15  3.42475131e+10  4.10024680e+09  3.24857818e+12  8.92481890e+09
 1.41910000e+03  6.56523928e+16  6.87209376e+15  3.53489086e+10  5.56885103e+09  3.24857818e+12  8.92481890e+09
 1.41980000e+03  6.76324398e+16  8.66165720e+15  3.64150160e+10  7.01903674e+09  3.24857818e+12  8.92481890e+09
 1.42050000e+03  6.95490472e+16  1.04275299e+16  3.74469658e+10  8.45002450e+09  3.24857818e+12  8.92481890e+09
 1.42120000e+03  7.14042474e+16  1.21688617e+16  3.84458526e+10  9.86112533e+09  3.24857818e+12  8.92481890e+09
 1.42190000e+03  7.32000081e+16  1.38849065e+16  3.94127355e+10  1.12517347e+10  3.24857818e+12  8.92481890e+09
 1.42260000e+03  7.49382335e+16  1.55750156e+16  4.03486400e+10  1.26213269e+10  3.24857818e+12  8.92481890e+09
 1.42330000e+03  7.66207671e+16  1.72386307e+16  4.12545587e+10  1.39694494e+10  3.24857818e+12  8.92481890e+09
 1.42400000e+03  7.82493932e+16  1.88752779e+16  4.21314522e+10  1.52957184e+10  3.24857818e+12  8.92481890e+09
 1.42400000e+03  7.82493932e+16  1.88752779e+16  4.21314522e+10  1.52957184e+10  3.26433529e+12  8.91589408e+09
 1.42402500e+03  7.81584422e+16  1.89331395e+16  4.20824819e+10  1.53426069e+10  3.26433529e+12  8.91589408e+09
 1.42405000e+03  7.80675969e+16  1.89907943e+16  4.20335684e+10  1.53893279e+10  3.26433529e+12  8.91589408e+09
 1.42407500e+03  7.79768571e+16  1.90482428e+16  4.19847119e+10  1.54358817e+10  3.26433529e+12  8.91589408e+09
 1.42410000e+03  7.78862229e+16  1.91054854e+16  4.19359121e+10  1.54822687e+10  3.26433529e+12  8.91589408e+09
 1.42412500e+03  7.77956940e+16  1.91625227e+16  4.18871690e+10  1.55284893e+10  3.26433529e+12  8.91589408e+09
 1.42415000e+03  7.77052703e+16  1.92193551e+16  4.18384826e+10  1.55745438e+10  3.26433529e+12  8.91589408e+09
 1.42417500e+03  7.76149517e+16  1.92759831e+16  4.17898528e+10  1.56204327e+10  3.26433529e+12  8.91589408e+09
 1.42420000e+03  7.75247381e+16  1.93324071e+16  4.17412795e+10  1.56661564e+10  3.26433529e+12  8.91589408e+09
 1.42422500e+03  7.74346293e+16  1.93886278e+16  4.16927627e+10  1.57117151e+10  3.26433529e+12  8.91589408e+09
 1.42425000e+03  7.73446253e+16  1.94446454e+16  4.16443023e+10  1.57571095e+10  3.26433529e+12  8.91589408e+09
 1.42425000e+03  7.73446253e+16  0.00000000e+00  4.16443023e+10  0.00000000e+00  3.27561578e+12  8.90697818e+09
 1.42477500e+03  7.54785204e+16  1.83208725e+15  4.06395442e+10  1.48464519e+09  3.27561578e+12  8.90697818e+09
 1.42530000e+03  7.36574393e+16  3.55385063e+15  3.96590281e+10  2.87988864e+09  3.27561578e+12  8.90697818e+09
 1.42582500e+03  7.18802957e+16  5.17033828e+15  3.87021690e+10  4.18982113e+09  3.27561578e+12  8.90697818e+09
 1.42635000e+03  7.01460295e+16  6.68639041e+15  3.77683962e+10  5.41836497e+09  3.27561578e+12  8.90697818e+09
 1.42687500e+03  6.84536062e+16  8.10664742e+15  3.68571527e+10  6.56928054e+09  3.27561578e+12  8.90697818e+09
 1.42740000e+03  6.68020162e+16  9.43555775e+15  3.59678949e+10  7.64617266e+09  3.27561578e+12  8.90697818e+09
 1.42792500e+03  6.51902743e+16  1.06773854e+16  3.51000923e+10  8.65249669e+09  3.27561578e+12  8.90697818e+09
 1.42845000e+03  6.36174192e+16  1.18362170e+16  3.42532274e+10  9.59156433e+09  3.27561578e+12  8.90697818e+09
 1.42897500e+03  6.20825126e+16  1.29159692e+16  3.34267948e+10  1.04665494e+10  3.27561578e+12  8.90697818e+09
 1.42950000e+03  6.05846389e+16  1.39203949e+16  3.26203017e+10  1.12804930e+10  3.27561578e+12  8.90697818e+09
 1.42950000e+03  6.05846389e+16  0.00000000e+00  3.26203017e+10  0.00000000e+00  3.27561578e+12  8.90697818e+09
 1.42955000e+03  6.04438830e+16  1.40509758e+14  3.25445152e+10  1.13863101e+08  3.27561578e+12  8.90697818e+09
 1.42960000e+03  6.03034541e+16  2.80202041e+14  3.24689047e+10  2.27063757e+08  3.27561578e+12  8.90697818e+09
 1.42965000e+03  6.01633514e+16  4.19080466e+14  3.23934699e+10  3.39604896e+08  3.27561578e+12  8.90697818e+09
 1.42970000e+03  6.00235742e+16  5.57148633e+14  3.23182103e+10  4.51489436e+08  3.27561578e+12  8.90697818e+09
 1.42975000e+03  5.98841218e+16  6.94410128e+14  3.22431256e+10  5.62720284e+08  3.27561578e+12  8.90697818e+09
 1.42980000e+03  5.97449934e+16  8.30868523e+14  3.21682153e+10  6.73300335e+08  3.27561578e+12  8.90697818e+09
 1.42985000e+03  5.96061882e+16  9.66527377e+14  3.20934791e+10  7.83232471e+08  3.27561578e+12  8.90697818e+09
 1.42990000e+03  5.94677055e+16  1.10139023e+15  3.20189165e+10  8.92519565e+08  3.27561578e+12  8.90697818e+09
 1.42995000e+03  5.93295445e+16  1.23546062e+15  3.19445272e+10  1.00116448e+09  3.27561578e+12  8.90697818e+09
 1.43000000e+03  5.91917045e+16  1.36874206e+15  3.18703106e+10  1.10917005e+09  3.27561578e+12  8.90697818e+09
 1.43000000e+03  5.91917045e+16  1.36874206e+15  3.18703106e+10  1.10917005e+09  3.27561578e+12  8.90697818e+09
 1.43070000e+03  6.13705855e+16  3.21941314e+15  3.30434753e+10  2.60887479e+09  3.27561578e+12  8.90697818e+09
 1.43140000e+03  6.34796564e+16  5.04968689e+15  3.41790523e+10  4.09205040e+09  3.27561578e+12  8.90697818e+09
 1.43210000e+03  6.55211537e+16  6.85835644e+15  3.52782461e+10  5.55771889e+09  3.27561578e+12  8.90697818e+09
 1.43280000e+03  6.74972426e+16  8.64434255e+15  3.63422224e+10  7.00500569e+09  3.27561578e+12  8.90697818e+09
 1.43350000e+03  6.94100186e+16  1.04066853e+16  3.73721094e+10  8.43313290e+09  3.27561578e+12  8.90697818e+09
 1.43420000e+03  7.12615103e+16  1.21445361e+16  3.83689993e+10  9.84141294e+09  3.27561578e+12  8.90697818e+09
 1.43490000e+03  7.30536812e+16  1.38571506e+16  3.93339495e+10  1.12292425e+10  3.27561578e+12  8.90697818e+09
 1.43560000e+03  7.47884320e+16  1.55438811e+16  4.02679831e+10  1.25960968e+10  3.27561578e+12  8.90697818e+09
 1.43630000e+03  7.64676022e+16  1.72041707e+16  4.11720908e+10  1.39415245e+10  3.27561578e+12  8.90697818e+09
 1.43700000e+03  7.80929727e+16  1.88375462e+16  4.20472314e+10  1.52651422e+10  3.27561578e+12  8.90697818e+09
 1.43700000e+03  7.80929727e+16  1.88375462e+16  4.20472314e+10  1.52651422e+10  3.29134139e+12  8.89807120e+09
 1.43702500e+03  7.80022035e+16  1.88952922e+16  4.19983590e+10  1.53119371e+10  3.29134139e+12  8.89807120e+09
 1.43705000e+03  7.79115398e+16  1.89528317e+16  4.19495433e+10  1.53585647e+10  3.29134139e+12  8.89807120e+09
 1.43707500e+03  7.78209814e+16  1.90101654e+16  4.19007844e+10  1.54050254e+10  3.29134139e+12  8.89807120e+09
 1.43710000e+03  7.77305283e+16  1.90672936e+16  4.18520822e+10  1.54513196e+10  3.29134139e+12  8.89807120e+09
 1.43712500e+03  7.76401804e+16  1.91242168e+16  4.18034366e+10  1.54974478e+10  3.29134139e+12  8.89807120e+09
 1.43715000e+03  7.75499374e+16  1.91809356e+16  4.17548475e+10  1.55434103e+10  3.29134139e+12  8.89807120e+09
 1.43717500e+03  7.74597994e+16  1.92374504e+16  4.17063149e+10  1.55892075e+10  3.29134139e+12  8.89807120e+09
 1.43720000e+03  7.73697661e+16  1.92937616e+16  4.16578387e+10  1.56348397e+10  3.29134139e+12  8.89807120e+09
 1.43722500e+03  7.72798375e+16  1.93498699e+16  4.16094189e+10  1.56803074e+10  3.29134139e+12  8.89807120e+09
 1.43725000e+03  7.71900134e+16  1.94057756e+16  4.15610553e+10  1.57256110e+10  3.29134139e+12  8.89807120e+09
 1.43725000e+03  7.71900134e+16  0.00000000e+00  4.15610553e+10  0.00000000e+00  3.30259934e+12  8.88917313e+09
 1.43777500e+03  7.53276388e+16  1.82842491e+15  4.05583057e+10  1.48167739e+09  3.30259934e+12  8.88917313e+09
 1.43830000e+03  7.35101981e+16  3.54674649e+15  3.95797497e+10  2.87413174e+09  3.30259934e+12  8.88917313e+09
 1.43882500e+03  7.17366070e+16  5.16000278e+15  3.86248034e+10  4.18144568e+09  3.30259934e+12  8.88917313e+09
 1.43935000e+03  7.00058076e+16  6.67302431e+15  3.76928972e+10  5.40753366e+09  3.30259934e+12  8.88917313e+09
 1.43987500e+03  6.83167674e+16  8.09044223e+15  3.67834753e+10  6.55614855e+09  3.30259934e+12  8.88917313e+09
 1.44040000e+03  6.66684789e+16  9.41669607e+15  3.58959951e+10  7.63088796e+09  3.30259934e+12  8.88917313e+09
 1.44092500e+03  6.50599590e+16  1.06560413e+16  3.50299272e+10  8.63520035e+09  3.30259934e+12  8.88917313e+09
 1.44145000e+03  6.34902480e+16  1.18125564e+16  3.41847552e+10  9.57239080e+09  3.30259934e+12  8.88917313e+09
 1.44197500e+03  6.19584097e+16  1.28901502e+16  3.33599747e+10  1.04456267e+10  3.30259934e+12  8.88917313e+09
 1.44250000e+03  6.04635302e+16  1.38925680e+16  3.25550938e+10  1.12579433e+10  3.30259934e+12  8.88917313e+09
 1.44250000e+03  6.04635302e+16  0.00000000e+00  3.25550938e+10  0.00000000e+00  3.30259934e+12  8.88917313e+09
 1.44255000e+03  6.03230557e+16  1.40228879e+14  3.24794587e+10  1.13635489e+08  3.30259934e+12  8.88917313e+09
 1.44260000e+03  6.01829074e+16  2.79641918e+14  3.24039994e+10  2.26609856e+08  3.30259934e+12  8.88917313e+09
 1.44265000e+03  6.00430848e+16  4.18242724e+14  3.23287153e+10  3.38926026e+08  3.30259934e+12  8.88917313e+09
 1.44270000e+03  5.99035871e+16  5.56034893e+14  3.22536062e+10  4.50586909e+08  3.30259934e+12  8.88917313e+09
 1.44275000e+03  5.97644134e+16  6.93022002e+14  3.21786716e+10  5.61595406e+08  3.30259934e+12  8.88917313e+09
 1.44280000e+03  5.96255631e+16  8.29207617e+14  3.21039111e+10  6.71954407e+08  3.30259934e+12  8.88917313e+09
 1.44285000e+03  5.94870354e+16  9.64595289e+14  3.20293242e+10  7.81666789e+08  3.30259934e+12  8.88917313e+09
 1.44290000e+03  5.93488295e+16  1.09918855e+15  3.19549107e+10  8.90735418e+08  3.30259934e+12  8.88917313e+09
 1.44295000e+03  5.92109447e+16  1.23299094e+15  3.18806700e+10  9.99163148e+08  3.30259934e+12  8.88917313e+09
 1.44300000e+03  5.90733803e+16  1.36600594e+15  3.18066019e+10  1.10695282e+09  3.30259934e+12  8.88917313e+09
 1.44300000e+03  5.90733803e+16  1.36600594e+15  3.18066019e+10  1.10695282e+09  3.30259934e+12  8.88917313e+09
 1.44370000e+03  6.12479057e+16  3.21297753e+15  3.29774214e+10  2.60365965e+09  3.30259934e+12  8.88917313e+09
 1.44440000e+03  6.33527605e+16  5.03959257e+15  3.41107284e+10  4.08387039e+09  3.30259934e+12  8.88917313e+09
 1.44510000e+03  6.53901769e+16  6.84464659e+15  3.52077249e+10  5.54660901e+09  3.30259934e+12  8.88917313e+09
 1.44580000e+03  6.73623156e+16  8.62706251e+15  3.62695743e+10  6.99100268e+09  3.30259934e+12  8.88917313e+09
 1.44650000e+03  6.92712680e+16  1.03858823e+16  3.72974025e+10  8.41627507e+09  3.30259934e+12  8.88917313e+09
 1.44720000e+03  7.11190586e+16  1.21202592e+16  3.82922997e+10  9.82173995e+09  3.30259934e+12  8.88917313e+09
 1.44790000e+03  7.29076469e+16  1.38294501e+16  3.92553209e+10  1.12067952e+10  3.30259934e+12  8.88917313e+09
 1.44860000e+03  7.46389299e+16  1.55128089e+16  4.01874874e+10  1.25709172e+10  3.30259934e+12  8.88917313e+09
 1.44930000e+03  7.63147434e+16  1.71697795e+16  4.10897878e+10  1.39136554e+10  3.30259934e+12  8.88917313e+09
 1.45000000e+03  7.79368649e+16  1.87998900e+16  4.19631790e+10  1.52346272e+10  3.30259934e+12  8.88917313e+09
 1.45000000e+03  7.79368649e+16  1.87998900e+16  4.19631790e+10  1.52346272e+10  3.31829351e+12  8.88028396e+09
 1.45002500e+03  7.78462771e+16  1.88575205e+16  4.19144043e+10  1.52813285e+10  3.31829351e+12  8.88028396e+09
 1.45005000e+03  7.77557946e+16  1.89149450e+16  4.18656862e+10  1.53278629e+10  3.31829351e+12  8.88028396e+09
 1.45007500e+03  7.76654173e+16  1.89721640e+16  4.18170248e+10  1.53742307e+10  3.31829351e+12  8.88028396e+09
 1.45010000e+03  7.75751450e+16  1.90291780e+16  4.17684199e+10  1.54204325e+10  3.31829351e+12  8.88028396e+09
 1.45012500e+03  7.74849777e+16  1.90859875e+16  4.17198715e+10  1.54664684e+10  3.31829351e+12  8.88028396e+09
 1.45015000e+03  7.73949151e+16  1.91425929e+16  4.16713796e+10  1.55123390e+10  3.31829351e+12  8.88028396e+09
 1.45017500e+03  7.73049573e+16  1.91989947e+16  4.16229440e+10  1.55580446e+10  3.31829351e+12  8.88028396e+09
 1.45020000e+03  7.72151040e+16  1.92551934e+16  4.15745647e+10  1.56035857e+10  3.31829351e+12  8.88028396e+09
 1.45022500e+03  7.71253551e+16  1.93111895e+16  4.15262416e+10  1.56489625e+10  3.31829351e+12  8.88028396e+09
 1.45025000e+03  7.70357105e+16  1.93669834e+16  4.14779747e+10  1.56941755e+10  3.31829351e+12  8.88028396e+09
 1.45025000e+03  7.70357105e+16  0.00000000e+00  4.14779747e+10  0.00000000e+00  3.32952895e+12  8.87140368e+09
 1.45077500e+03  7.51770589e+16  1.82476989e+15  4.04772297e+10  1.47871551e+09  3.32952895e+12  8.87140368e+09
 1.45130000e+03  7.33632512e+16  3.53965654e+15  3.95006298e+10  2.86838635e+09  3.32952895e+12  8.87140368e+09
 1.45182500e+03  7.15932055e+16  5.14968793e+15  3.85475924e+10  4.17308697e+09  3.32952895e+12  8.87140368e+09
 1.45235000e+03  6.98658660e+16  6.65968494e+15  3.76175491e+10  5.39672400e+09  3.32952895e+12  8.87140368e+09
 1.45287500e+03  6.81802022e+16  8.07426943e+15  3.67099451e+10  6.54304280e+09  3.32952895e+12  8.87140368e+09
 1.45340000e+03  6.65352086e+16  9.39787209e+15  3.58242390e+10  7.61563382e+09  3.32952895e+12  8.87140368e+09
 1.45392500e+03  6.49299041e+16  1.06347399e+16  3.49599024e+10  8.61793858e+09  3.32952895e+12  8.87140368e+09
 1.45445000e+03  6.33633310e+16  1.17889431e+16  3.41164198e+10  9.55325559e+09  3.32952895e+12  8.87140368e+09
 1.45497500e+03  6.18345548e+16  1.28643828e+16  3.32932881e+10  1.04247459e+10  3.32952895e+12  8.87140368e+09
 1.45550000e+03  6.03426636e+16  1.38647968e+16  3.24900161e+10  1.12354386e+10  3.32952895e+12  8.87140368e+09
 1.45550000e+03  6.03426636e+16  0.00000000e+00  3.24900161e+10  0.00000000e+00  3.32952895e+12  8.87140368e+09
 1.45555000e+03  6.02024699e+16  1.39948561e+14  3.24145323e+10  1.13408332e+08  3.32952895e+12  8.87140368e+09
 1.45560000e+03  6.00626018e+16  2.79082913e+14  3.23392238e+10  2.26156863e+08  3.32952895e+12  8.87140368e+09
 1.45565000e+03  5.99230587e+16  4.17406657e+14  3.22640902e+10  3.38248512e+08  3.32952895e+12  8.87140368e+09
 1.45570000e+03  5.97838398e+16  5.54923379e+14  3.21891313e+10  4.49686185e+08  3.32952895e+12  8.87140368e+09
 1.45575000e+03  5.96449444e+16  6.91636651e+14  3.21143464e+10  5.60472777e+08  3.32952895e+12  8.87140368e+09
 1.45580000e+03  5.95063716e+16  8.27550031e+14  3.20397354e+10  6.70611170e+08  3.32952895e+12  8.87140368e+09
 1.45585000e+03  5.93681208e+16  9.62667063e+14  3.19652976e+10  7.80104237e+08  3.32952895e+12  8.87140368e+09
 1.45590000e+03  5.92301912e+16  1.09699128e+15  3.18910328e+10  8.88954838e+08  3.32952895e+12  8.87140368e+09
 1.45595000e+03  5.90925820e+16  1.23052619e+15  3.18169406e+10  9.97165821e+08  3.32952895e+12  8.87140368e+09
 1.45600000e+03  5.89552926e+16  1.36327529e+15  3.17430205e+10  1.10474002e+09  3.32952895e+12  8.87140368e+09
 1.45600000e+03  5.89552926e+16  1.36327529e+15  3.17430205e+10  1.10474002e+09  3.32952895e+12  8.87140368e+09
 1.45670000e+03  6.11254712e+16  3.20655479e+15  3.29114995e+10  2.59845493e+09  3.32952895e+12  8.87140368e+09
 1.45740000e+03  6.32261184e+16  5.02951842e+15  3.40425411e+10  4.07570674e+09  3.32952895e+12  8.87140368e+09
 1.45810000e+03  6.52594620e+16  6.83096414e+15  3.51373447e+10  5.53552134e+09  3.32952895e+12  8.87140368e+09
 1.45880000e+03  6.72276583e+16  8.60981701e+15  3.61970714e+10  6.97702767e+09  3.32952895e+12  8.87140368e+09
 1.45950000e+03  6.91327947e+16  1.03651209e+16  3.72228450e+10  8.39945093e+09  3.32952895e+12  8.87140368e+09
 1.46020000e+03  7.09768916e+16  1.20960308e+16  3.82157534e+10  9.80210630e+09  3.32952895e+12  8.87140368e+09
 1.46090000e+03  7.27619045e+16  1.38018051e+16  3.91768495e+10  1.11843928e+10  3.32952895e+12  8.87140368e+09
 1.46160000e+03  7.44897267e+16  1.54817988e+16  4.01071526e+10  1.25457880e+10  3.32952895e+12  8.87140368e+09
 1.46230000e+03  7.61621903e+16  1.71354571e+16  4.10076493e+10  1.38858420e+10  3.32952895e+12  8.87140368e+09
 1.46300000e+03  7.77810691e+16  1.87623090e+16  4.18792946e+10  1.52041732e+10  3.32952895e+12  8.87140368e+09
 1.46300000e+03  7.77810691e+16  1.87623090e+16  4.18792946e+10  1.52041732e+10  3.34519175e+12  8.86253227e+09
 1.46302500e+03  7.76906624e+16  1.88198243e+16  4.18306174e+10  1.52507811e+10  3.34519175e+12  8.86253227e+09
 1.46305000e+03  7.76003608e+16  1.88771340e+16  4.17819967e+10  1.52972225e+10  3.34519175e+12  8.86253227e+09
 1.46307500e+03  7.75101641e+16  1.89342387e+16  4.17334325e+10  1.53434977e+10  3.34519175e+12  8.86253227e+09
 1.46310000e+03  7.74200723e+16  1.89911387e+16  4.16849248e+10  1.53896070e+10  3.34519175e+12  8.86253227e+09
 1.46312500e+03  7.73300852e+16  1.90478346e+16  4.16364735e+10  1.54355509e+10  3.34519175e+12  8.86253227e+09
 1.46315000e+03  7.72402027e+16  1.91043269e+16  4.15880785e+10  1.54813298e+10  3.34519175e+12  8.86253227e+09
 1.46317500e+03  7.71504246e+16  1.91606159e+16  4.15397397e+10  1.55269441e+10  3.34519175e+12  8.86253227e+09
 1.46320000e+03  7.70607510e+16  1.92167023e+16  4.14914571e+10  1.55723941e+10  3.34519175e+12  8.86253227e+09
 1.46322500e+03  7.69711815e+16  1.92725864e+16  4.14432307e+10  1.56176802e+10  3.34519175e+12  8.86253227e+09
 1.46325000e+03  7.68817162e+16  1.93282688e+16  4.13950603e+10  1.56628028e+10  3.34519175e+12  8.86253227e+09
 1.46325000e+03  7.68817162e+16  0.00000000e+00  4.13950603e+10  0.00000000e+00  3.35640473e+12  8.85366974e+09
 1.46377500e+03  7.50267800e+16  1.82112217e+15  4.03963157e+10  1.47575956e+09  3.35640473e+12  8.85366974e+09
 1.46430000e+03  7.32165981e+16  3.53258077e+15  3.94216680e+10  2.86265245e+09  3.35640473e+12  8.85366974e+09
 1.46482500e+03  7.14500907e+16  5.13939371e+15  3.84705358e+10  4.16474497e+09  3.35640473e+12  8.85366974e+09
 1.46535000e+03  6.97262041e+16  6.64637223e+15  3.75423516e+10  5.38593594e+09  3.35640473e+12  8.85366974e+09
 1.46587500e+03  6.80439100e+16  8.05812897e+15  3.66365619e+10  6.52996326e+09  3.35640473e+12  8.85366974e+09
 1.46640000e+03  6.64022048e+16  9.37908574e+15  3.57526263e+10  7.60041017e+09  3.35640473e+12  8.85366974e+09
 1.46692500e+03  6.48001092e+16  1.06134810e+16  3.48900176e+10  8.60071132e+09  3.35640473e+12  8.85366974e+09
 1.46745000e+03  6.32366677e+16  1.17653770e+16  3.40482211e+10  9.53415863e+09  3.35640473e+12  8.85366974e+09
 1.46797500e+03  6.17109475e+16  1.28386669e+16  3.32267348e+10  1.04039069e+10  3.35640473e+12  8.85366974e+09
 1.46850000e+03  6.02220386e+16  1.38370810e+16  3.24250686e+10  1.12129790e+10  3.35640473e+12  8.85366974e+09
 1.46850000e+03  6.02220386e+16  0.00000000e+00  3.24250686e+10  0.00000000e+00  3.35640473e+12  8.85366974e+09
 1.46855000e+03  6.00821251e+16  1.39668804e+14  3.23497356e+10  1.13181629e+08  3.35640473e+12  8.85366974e+09
 1.46860000e+03  5.99425367e+16  2.78525027e+14  3.22745777e+10  2.25704776e+08  3.35640473e+12  8.85366974e+09
 1.46865000e+03  5.98032725e+16  4.16572261e+14  3.21995943e+10  3.37572354e+08  3.35640473e+12  8.85366974e+09
 1.46870000e+03  5.96643319e+16  5.53814087e+14  3.21247852e+10  4.48787263e+08  3.35640473e+12  8.85366974e+09
 1.46875000e+03  5.95257141e+16  6.90254069e+14  3.20501499e+10  5.59352392e+08  3.35640473e+12  8.85366974e+09
 1.46880000e+03  5.93874184e+16  8.25895758e+14  3.19756879e+10  6.69270619e+08  3.35640473e+12  8.85366974e+09
 1.46885000e+03  5.92494439e+16  9.60742691e+14  3.19013990e+10  7.78544809e+08  3.35640473e+12  8.85366974e+09
 1.46890000e+03  5.91117900e+16  1.09479839e+15  3.18272827e+10  8.87177817e+08  3.35640473e+12  8.85366974e+09
 1.46895000e+03  5.89744560e+16  1.22806636e+15  3.17533385e+10  9.95172486e+08  3.35640473e+12  8.85366974e+09
 1.46900000e+03  5.88374410e+16  1.36055011e+15  3.16795662e+10  1.10253165e+09  3.35640473e+12  8.85366974e+09
 1.46900000e+03  5.88374410e+16  1.36055011e+15  3.16795662e+10  1.10253165e+09  3.35640473e+12  8.85366974e+09
 1.46970000e+03  6.10032813e+16  3.20014488e+15  3.28457094e+10  2.59326062e+09  3.35640473e+12  8.85366974e+09
 1.47040000e+03  6.30997294e+16  5.01946442e+15  3.39744900e+10  4.06755940e+09  3.35640473e+12  8.85366974e+09
 1.47110000e+03  6.51290083e+16  6.81730904e+15  3.50671051e+10  5.52445583e+09  3.35640473e+12  8.85366974e+09
 1.47180000e+03  6.70932702e+16  8.59260599e+15  3.61247134e+10  6.96308059e+09  3.35640473e+12  8.85366974e+09
 1.47250000e+03  6.89945983e+16  1.03444011e+16  3.71484365e+10  8.38266043e+09  3.35640473e+12  8.85366974e+09
 1.47320000e+03  7.08350088e+16  1.20718508e+16  3.81393601e+10  9.78251188e+09  3.35640473e+12  8.85366974e+09
 1.47390000e+03  7.26164535e+16  1.37742153e+16  3.90985350e+10  1.11620352e+10  3.35640473e+12  8.85366974e+09
 1.47460000e+03  7.43408217e+16  1.54508507e+16  4.00269784e+10  1.25207089e+10  3.35640473e+12  8.85366974e+09
 1.47530000e+03  7.60099421e+16  1.71012034e+16  4.09256750e+10  1.38580842e+10  3.35640473e+12  8.85366974e+09
 1.47600000e+03  7.76255847e+16  1.87248031e+16  4.17955779e+10  1.51737800e+10  3.35640473e+12  8.85366974e+09
 1.47600000e+03  7.76255847e+16  1.87248031e+16  4.17955779e+10  1.51737800e+10  3.37203622e+12  8.84481607e+09
 1.47602500e+03  7.75353587e+16  1.87822035e+16  4.17469980e+10  1.52202948e+10  3.37203622e+12  8.84481607e+09
 1.47605000e+03  7.74452376e+16  1.88393986e+16  4.16984745e+10  1.52666433e+10  3.37203622e+12  8.84481607e+09
 1.47607500e+03  7.73552213e+16  1.88963891e+16  4.16500074e+10  1.53128260e+10  3.37203622e+12  8.84481607e+09
 1.47610000e+03  7.72653096e+16  1.89531754e+16  4.16015967e+10  1.53588432e+10  3.37203622e+12  8.84481607e+09
 1.47612500e+03  7.71755023e+16  1.90097580e+16  4.15532422e+10  1.54046953e+10  3.37203622e+12  8.84481607e+09
 1.47615000e+03  7.70857995e+16  1.90661373e+16  4.15049439e+10  1.54503827e+10  3.37203622e+12  8.84481607e+09
 1.47617500e+03  7.69962009e+16  1.91223138e+16  4.14567018e+10  1.54959057e+10  3.37203622e+12  8.84481607e+09
 1.47620000e+03  7.69067065e+16  1.91782881e+16  4.14085157e+10  1.55412649e+10  3.37203622e+12  8.84481607e+09
 1.47622500e+03  7.68173161e+16  1.92340605e+16  4.13603857e+10  1.55864605e+10  3.37203622e+12  8.84481607e+09
 1.47625000e+03  7.67280296e+16  1.92896316e+16  4.13123115e+10  1.56314929e+10  3.37203622e+12  8.84481607e+09
 1.47625000e+03  7.67280296e+16  0.00000000e+00  4.13123115e+10  0.00000000e+00  3.38322679e+12  8.83597125e+09
 1.47677500e+03  7.48768014e+16  1.81748175e+15  4.03155635e+10  1.47280952e+09  3.38322679e+12  8.83597125e+09
 1.47730000e+03  7.30702381e+16  3.52551914e+15  3.93428641e+10  2.85693001e+09  3.38322679e+12  8.83597125e+09
 1.47782500e+03  7.13072620e+16  5.12912006e+15  3.83936332e+10  4.15641964e+09  3.38322679e+12  8.83597125e+09
 1.47835000e+03  6.95868214e+16  6.63308613e+15  3.74673045e+10  5.37516946e+09  3.38322679e+12  8.83597125e+09
 1.47887500e+03  6.79078902e+16  8.04202077e+15  3.65633254e+10  6.51690987e+09  3.38322679e+12  8.83597125e+09
 1.47940000e+03  6.62694668e+16  9.36033695e+15  3.56811568e+10  7.58521695e+09  3.38322679e+12  8.83597125e+09
 1.47992500e+03  6.46705738e+16  1.05922647e+16  3.48202724e+10  8.58351850e+09  3.38322679e+12  8.83597125e+09
 1.48045000e+03  6.31102576e+16  1.17418581e+16  3.39801587e+10  9.51509985e+09  3.38322679e+12  8.83597125e+09
 1.48097500e+03  6.15875874e+16  1.28130024e+16  3.31603145e+10  1.03831094e+10  3.38322679e+12  8.83597125e+09
 1.48150000e+03  6.01016548e+16  1.38094207e+16  3.23602509e+10  1.11905642e+10  3.38322679e+12  8.83597125e+09
 1.48150000e+03  6.01016548e+16  0.00000000e+00  3.23602509e+10  0.00000000e+00  3.38322679e+12  8.83597125e+09
 1.48155000e+03  5.99620210e+16  1.39389606e+14  3.22850685e+10  1.12955378e+08  3.38322679e+12  8.83597125e+09
 1.48160000e+03  5.98227115e+16  2.77968255e+14  3.22100608e+10  2.25253592e+08  3.38322679e+12  8.83597125e+09
 1.48165000e+03  5.96837258e+16  4.15739533e+14  3.21352273e+10  3.36897546e+08  3.38322679e+12  8.83597125e+09
 1.48170000e+03  5.95450629e+16  5.52707013e+14  3.20605677e+10  4.47890137e+08  3.38322679e+12  8.83597125e+09
 1.48175000e+03  5.94067222e+16  6.88874251e+14  3.19860816e+10  5.58234247e+08  3.38322679e+12  8.83597125e+09
 1.48180000e+03  5.92687029e+16  8.24244793e+14  3.19117685e+10  6.67932747e+08  3.38322679e+12  8.83597125e+09
 1.48185000e+03  5.91310043e+16  9.58822167e+14  3.18376281e+10  7.76988498e+08  3.38322679e+12  8.83597125e+09
 1.48190000e+03  5.89936256e+16  1.09260989e+15  3.17636599e+10  8.85404349e+08  3.38322679e+12  8.83597125e+09
 1.48195000e+03  5.88565660e+16  1.22561146e+15  3.16898636e+10  9.93183137e+08  3.38322679e+12  8.83597125e+09
 1.48200000e+03  5.87198249e+16  1.35783037e+15  3.16162387e+10  1.10032769e+09  3.38322679e+12  8.83597125e+09
 1.48200000e+03  5.87198249e+16  1.35783037e+15  3.16162387e+10  1.10032769e+09  3.38322679e+12  8.83597125e+09
 1.48270000e+03  6.08813358e+16  3.19374779e+15  3.27800508e+10  2.58807669e+09  3.38322679e+12  8.83597125e+09
 1.48340000e+03  6.29735930e+16  5.00943051e+15  3.39065750e+10  4.05942835e+09  3.38322679e+12  8.83597125e+09
 1.48410000e+03  6.49988154e+16  6.80368124e+15  3.49970060e+10  5.51341245e+09  3.38322679e+12  8.83597125e+09
 1.48480000e+03  6.69591508e+16  8.57542937e+15  3.60525001e+10  6.94916139e+09  3.38322679e+12  8.83597125e+09
 1.48550000e+03  6.88566781e+16  1.03237226e+16  3.70741768e+10  8.36590349e+09  3.38322679e+12  8.83597125e+09
 1.48620000e+03  7.06934096e+16  1.20477192e+16  3.80631195e+10  9.76295664e+09  3.38322679e+12  8.83597125e+09
 1.48690000e+03  7.24712932e+16  1.37466806e+16  3.90203770e+10  1.11397223e+10  3.38322679e+12  8.83597125e+09
 1.48760000e+03  7.41922144e+16  1.54199644e+16  3.99469645e+10  1.24956800e+10  3.38322679e+12  8.83597125e+09
 1.48830000e+03  7.58579982e+16  1.70670181e+16  4.08438646e+10  1.38303819e+10  3.38322679e+12  8.83597125e+09
 1.48900000e+03  7.74704112e+16  1.86873722e+16  4.17120285e+10  1.51434476e+10  3.38322679e+12  8.83597125e+09
 1.48900000e+03  7.74704112e+16  1.86873722e+16  4.17120285e+10  1.51434476e+10  3.39882703e+12  8.82713528e+09
 1.48902500e+03  7.73803655e+16  1.87446578e+16  4.16635457e+10  1.51898694e+10  3.39882703e+12  8.82713528e+09
 1.48905000e+03  7.72904246e+16  1.88017387e+16  4.16151192e+10  1.52361253e+10  3.39882703e+12  8.82713528e+09
 1.48907500e+03  7.72005882e+16  1.88586152e+16  4.15667490e+10  1.52822157e+10  3.39882703e+12  8.82713528e+09
 1.48910000e+03  7.71108562e+16  1.89152880e+16  4.15184351e+10  1.53281409e+10  3.39882703e+12  8.82713528e+09
 1.48912500e+03  7.70212285e+16  1.89717575e+16  4.14701773e+10  1.53739013e+10  3.39882703e+12  8.82713528e+09
 1.48915000e+03  7.69317050e+16  1.90280241e+16  4.14219755e+10  1.54194973e+10  3.39882703e+12  8.82713528e+09
 1.48917500e+03  7.68422855e+16  1.90840883e+16  4.13738298e+10  1.54649294e+10  3.39882703e+12  8.82713528e+09
 1.48920000e+03  7.67529700e+16  1.91399507e+16  4.13257401e+10  1.55101979e+10  3.39882703e+12  8.82713528e+09
 1.48922500e+03  7.66637583e+16  1.91956116e+16  4.12777062e+10  1.55553031e+10  3.39882703e+12  8.82713528e+09
 1.48925000e+03  7.65746503e+16  1.92510716e+16  4.12297282e+10  1.56002455e+10  3.39882703e+12  8.82713528e+09
 1.48925000e+03  7.65746503e+16  0.00000000e+00  4.12297282e+10  0.00000000e+00  3.40999523e+12  8.81830815e+09
 1.48977500e+03  7.47271227e+16  1.81384860e+15  4.02349727e+10  1.46986537e+09  3.40999523e+12  8.81830815e+09
 1.49030000e+03  7.29241707e+16  3.51847163e+15  3.92642177e+10  2.85121900e+09  3.40999523e+12  8.81830815e+09
 1.49082500e+03  7.11647187e+16  5.11886695e+15  3.83168843e+10  4.14811096e+09  3.40999523e+12  8.81830815e+09
 1.49135000e+03  6.94477174e+16  6.61982659e+15  3.73924073e+10  5.36442449e+09  3.40999523e+12  8.81830815e+09
 1.49187500e+03  6.77721423e+16  8.02594477e+15  3.64902353e+10  6.50388256e+09  3.40999523e+12  8.81830815e+09
 1.49240000e+03  6.61369941e+16  9.34162564e+15  3.56098302e+10  7.57005410e+09  3.40999523e+12  8.81830815e+09
 1.49292500e+03  6.45412973e+16  1.05710907e+16  3.47506667e+10  8.56636005e+09  3.40999523e+12  8.81830815e+09
 1.49345000e+03  6.29841002e+16  1.17183861e+16  3.39122324e+10  9.49607916e+09  3.40999523e+12  8.81830815e+09
 1.49397500e+03  6.14644738e+16  1.27873892e+16  3.30940271e+10  1.03623536e+10  3.40999523e+12  8.81830815e+09
 1.49450000e+03  5.99815116e+16  1.37818157e+16  3.22955627e+10  1.11681943e+10  3.40999523e+12  8.81830815e+09
 1.49450000e+03  5.99815116e+16  0.00000000e+00  3.22955627e+10  0.00000000e+00  3.40999523e+12  8.81830815e+09
 1.49455000e+03  5.98421569e+16  1.39110966e+14  3.22205306e+10  1.12729581e+08  3.40999523e+12  8.81830815e+09
 1.49460000e+03  5.97031259e+16  2.77412597e+14  3.21456729e+10  2.24803310e+08  3.40999523e+12  8.81830815e+09
 1.49465000e+03  5.95644180e+16  4.14908470e+14  3.20709890e+10  3.36224088e+08  3.40999523e+12  8.81830815e+09
 1.49470000e+03  5.94260323e+16  5.51602151e+14  3.19964787e+10  4.46994805e+08  3.40999523e+12  8.81830815e+09
 1.49475000e+03  5.92879682e+16  6.87497192e+14  3.19221414e+10  5.57118336e+08  3.40999523e+12  8.81830815e+09
 1.49480000e+03  5.91502248e+16  8.22597128e+14  3.18479769e+10  6.66597549e+08  3.40999523e+12  8.81830815e+09
 1.49485000e+03  5.90128014e+16  9.56905481e+14  3.17739847e+10  7.75435298e+08  3.40999523e+12  8.81830815e+09
 1.49490000e+03  5.88756973e+16  1.09042576e+15  3.17001644e+10  8.83634425e+08  3.40999523e+12  8.81830815e+09
 1.49495000e+03  5.87389118e+16  1.22316146e+15  3.16265156e+10  9.91197764e+08  3.40999523e+12  8.81830815e+09
 1.49500000e+03  5.86024440e+16  1.35511607e+15  3.15530379e+10  1.09812813e+09  3.40999523e+12  8.81830815e+09
 1.49500000e+03  5.86024440e+16  1.35511607e+15  3.15530379e+10  1.09812813e+09  3.40999523e+12  8.81830815e+09
 1.49570000e+03  6.07596340e+16  3.18736349e+15  3.27145235e+10  2.58290313e+09  3.40999523e+12  8.81830815e+09
 1.49640000e+03  6.28477088e+16  4.99941666e+15  3.38387958e+10  4.05131355e+09  3.40999523e+12  8.81830815e+09
 1.49710000e+03  6.48688828e+16  6.79008068e+15  3.49270470e+10  5.50239114e+09  3.40999523e+12  8.81830815e+09
 1.49780000e+03  6.68252994e+16  8.55828708e+15  3.59804312e+10  6.93527002e+09  3.40999523e+12  8.81830815e+09
 1.49850000e+03  6.87190336e+16  1.03030855e+16  3.70000655e+10  8.34918005e+09  3.40999523e+12  8.81830815e+09
 1.49920000e+03  7.05520935e+16  1.20236358e+16  3.79870313e+10  9.74344049e+09  3.40999523e+12  8.81830815e+09
 1.49990000e+03  7.23264231e+16  1.37192010e+16  3.89423753e+10  1.11174540e+10  3.40999523e+12  8.81830815e+09
 1.50060000e+03  7.40439042e+16  1.53891399e+16  3.98671105e+10  1.24707012e+10  3.40999523e+12  8.81830815e+09
 1.50130000e+03  7.57063580e+16  1.70329011e+16  4.07622177e+10  1.38027349e+10  3.40999523e+12  8.81830815e+09
 1.50200000e+03  7.73155478e+16  1.86500162e+16  4.16286462e+10  1.51131759e+10  3.40999523e+12  8.81830815e+09
 1.50200000e+03  7.73155478e+16  1.86500162e+16  4.16286462e+10  1.51131759e+10  3.42556429e+12  8.80948984e+09
 1.50202500e+03  7.72256822e+16  1.87071873e+16  4.15802603e+10  1.51595049e+10  3.42556429e+12  8.80948984e+09
 1.50205000e+03  7.71359210e+16  1.87641540e+16  4.15319306e+10  1.52056683e+10  3.42556429e+12  8.80948984e+09
 1.50207500e+03  7.70462642e+16  1.88209169e+16  4.14836571e+10  1.52516665e+10  3.42556429e+12  8.80948984e+09
 1.50210000e+03  7.69567116e+16  1.88774764e+16  4.14354397e+10  1.52974999e+10  3.42556429e+12  8.80948984e+09
 1.50212500e+03  7.68672631e+16  1.89338329e+16  4.13872784e+10  1.53431689e+10  3.42556429e+12  8.80948984e+09
 1.50215000e+03  7.67779185e+16  1.89899871e+16  4.13391730e+10  1.53886738e+10  3.42556429e+12  8.80948984e+09
 1.50217500e+03  7.66886778e+16  1.90459393e+16  4.12911235e+10  1.54340150e+10  3.42556429e+12  8.80948984e+09
 1.50220000e+03  7.65995408e+16  1.91016899e+16  4.12431299e+10  1.54791930e+10  3.42556429e+12  8.80948984e+09
 1.50222500e+03  7.65105074e+16  1.91572396e+16  4.11951921e+10  1.55242081e+10  3.42556429e+12  8.80948984e+09
 1.50225000e+03  7.64215776e+16  1.92125887e+16  4.11473100e+10  1.55690607e+10  3.42556429e+12  8.80948984e+09
 1.50225000e+03  7.64215776e+16  0.00000000e+00  4.11473100e+10  0.00000000e+00  3.43671016e+12  8.80068035e+09
 1.50277500e+03  7.45777432e+16  1.81022272e+15  4.01545430e+10  1.46692711e+09  3.43671016e+12  8.80068035e+09
 1.50330000e+03  7.27783953e+16  3.51143820e+15  3.91857285e+10  2.84551942e+09  3.43671016e+12  8.80068035e+09
 1.50382500e+03  7.10224605e+16  5.10863433e+15  3.82402888e+10  4.13981889e+09  3.43671016e+12  8.80068035e+09
 1.50435000e+03  6.93088914e+16  6.60659356e+15  3.73176599e+10  5.35370101e+09  3.43671016e+12  8.80068035e+09
 1.50487500e+03  6.76366658e+16  8.00990091e+15  3.64172914e+10  6.49088130e+09  3.43671016e+12  8.80068035e+09
 1.50540000e+03  6.60047862e+16  9.32295173e+15  3.55386461e+10  7.55492156e+09  3.43671016e+12  8.80068035e+09
 1.50592500e+03  6.44122793e+16  1.05499591e+16  3.46812001e+10  8.54923589e+09  3.43671016e+12  8.80068035e+09
 1.50645000e+03  6.28581950e+16  1.16949610e+16  3.38444418e+10  9.47709650e+09  3.43671016e+12  8.80068035e+09
 1.50697500e+03  6.13416063e+16  1.27618272e+16  3.30278721e+10  1.03416393e+10  3.43671016e+12  8.80068035e+09
 1.50750000e+03  5.98616085e+16  1.37542658e+16  3.22310039e+10  1.11458691e+10  3.43671016e+12  8.80068035e+09
 1.50750000e+03  5.98616085e+16  0.00000000e+00  3.22310039e+10  0.00000000e+00  3.43671016e+12  8.80068035e+09
 1.50755000e+03  5.97225324e+16  1.38832884e+14  3.21561218e+10  1.12504234e+08  3.43671016e+12  8.80068035e+09
 1.50760000e+03  5.95837794e+16  2.76858049e+14  3.20814137e+10  2.24353928e+08  3.43671016e+12  8.80068035e+09
 1.50765000e+03  5.94453487e+16  4.14079068e+14  3.20068791e+10  3.35551976e+08  3.43671016e+12  8.80068035e+09
 1.50770000e+03  5.93072397e+16  5.50499499e+14  3.19325177e+10  4.46101262e+08  3.43671016e+12  8.80068035e+09
 1.50775000e+03  5.91694515e+16  6.86122885e+14  3.18583291e+10  5.56004657e+08  3.43671016e+12  8.80068035e+09
 1.50780000e+03  5.90319835e+16  8.20952756e+14  3.17843128e+10  6.65265021e+08  3.43671016e+12  8.80068035e+09
 1.50785000e+03  5.88948348e+16  9.54992627e+14  3.17104685e+10  7.73885203e+08  3.43671016e+12  8.80068035e+09
 1.50790000e+03  5.87580048e+16  1.08824600e+15  3.16367957e+10  8.81868040e+08  3.43671016e+12  8.80068035e+09
 1.50795000e+03  5.86214927e+16  1.22071636e+15  3.15632942e+10  9.89216359e+08  3.43671016e+12  8.80068035e+09
 1.50800000e+03  5.84852977e+16  1.35240719e+15  3.14899633e+10  1.09593297e+09  3.43671016e+12  8.80068035e+09
 1.50800000e+03  5.84852977e+16  1.35240719e+15  3.14899633e+10  1.09593297e+09  3.43671016e+12  8.80068035e+09
 1.50870000e+03  6.06381755e+16  3.18099195e+15  3.26491272e+10  2.57773990e+09  3.43671016e+12  8.80068035e+09
 1.50940000e+03  6.27220762e+16  4.98942282e+15  3.37711520e+10  4.04321498e+09  3.43671016e+12  8.80068035e+09
 1.51010000e+03  6.47392099e+16  6.77650731e+15  3.48572278e+10  5.49139186e+09  3.43671016e+12  8.80068035e+09
 1.51080000e+03  6.66917157e+16  8.54117907e+15  3.59085063e+10  6.92140641e+09  3.43671016e+12  8.80068035e+09
 1.51150000e+03  6.85816642e+16  1.02824896e+16  3.69261024e+10  8.33249004e+09  3.43671016e+12  8.80068035e+09
 1.51220000e+03  7.04110598e+16  1.19996006e+16  3.79110953e+10  9.72396336e+09  3.43671016e+12  8.80068035e+09
 1.51290000e+03  7.21818426e+16  1.36917763e+16  3.88645295e+10  1.10952302e+10  3.43671016e+12  8.80068035e+09
 1.51360000e+03  7.38958904e+16  1.53583770e+16  3.97874162e+10  1.24457722e+10  3.43671016e+12  8.80068035e+09
 1.51430000e+03  7.55550210e+16  1.69988523e+16  4.06807341e+10  1.37751433e+10  3.43671016e+12  8.80068035e+09
 1.51500000e+03  7.71609940e+16  1.86127348e+16  4.15454305e+10  1.50829647e+10  3.43671016e+12  8.80068035e+09
 1.51500000e+03  7.71609940e+16  1.86127348e+16  4.15454305e+10  1.50829647e+10  3.45224810e+12  8.79187967e+09
 1.51502500e+03  7.70713081e+16  1.86697916e+16  4.14971413e+10  1.51292010e+10  3.45224810e+12  8.79187967e+09
 1.51505000e+03  7.69817263e+16  1.87266445e+16  4.14489083e+10  1.51752722e+10  3.45224810e+12  8.79187967e+09
 1.51507500e+03  7.68922487e+16  1.87832939e+16  4.14007313e+10  1.52211784e+10  3.45224810e+12  8.79187967e+09
 1.51510000e+03  7.68028751e+16  1.88397403e+16  4.13526103e+10  1.52669202e+10  3.45224810e+12  8.79187967e+09
 1.51512500e+03  7.67136054e+16  1.88959842e+16  4.13045452e+10  1.53124979e+10  3.45224810e+12  8.79187967e+09
 1.51515000e+03  7.66244395e+16  1.89520261e+16  4.12565360e+10  1.53579118e+10  3.45224810e+12  8.79187967e+09
 1.51517500e+03  7.65353771e+16  1.90078664e+16  4.12085826e+10  1.54031624e+10  3.45224810e+12  8.79187967e+09
 1.51520000e+03  7.64464183e+16  1.90635057e+16  4.11606849e+10  1.54482501e+10  3.45224810e+12  8.79187967e+09
 1.51522500e+03  7.63575629e+16  1.91189443e+16  4.11128429e+10  1.54931752e+10  3.45224810e+12  8.79187967e+09
 1.51525000e+03  7.62688108e+16  1.91741828e+16  4.10650565e+10  1.55379381e+10  3.45224810e+12  8.79187967e+09
 1.51525000e+03  7.62688108e+16  0.00000000e+00  4.10650565e+10  0.00000000e+00  3.46337168e+12  8.78308779e+09
 1.51577500e+03  7.44286623e+16  1.80660408e+15  4.00742740e+10  1.46399472e+09  3.46337168e+12  8.78308779e+09
 1.51630000e+03  7.26329112e+16  3.50441884e+15  3.91073963e+10  2.83983122e+09  3.46337168e+12  8.78308779e+09
 1.51682500e+03  7.08804866e+16  5.09842217e+15  3.81638465e+10  4.13154339e+09  3.46337168e+12  8.78308779e+09
 1.51735000e+03  6.91703429e+16  6.59338698e+15  3.72430619e+10  5.34299896e+09  3.46337168e+12  8.78308779e+09
 1.51787500e+03  6.75014601e+16  7.99388911e+15  3.63444932e+10  6.47790603e+09  3.46337168e+12  8.78308779e+09
 1.51840000e+03  6.58728427e+16  9.30431515e+15  3.54676044e+10  7.53981927e+09  3.46337168e+12  8.78308779e+09
 1.51892500e+03  6.42835191e+16  1.05288697e+16  3.46118724e+10  8.53214597e+09  3.46337168e+12  8.78308779e+09
 1.51945000e+03  6.27325414e+16  1.16715828e+16  3.37767868e+10  9.45815178e+09  3.46337168e+12  8.78308779e+09
 1.51997500e+03  6.12189844e+16  1.27363163e+16  3.29618494e+10  1.03209663e+10  3.46337168e+12  8.78308779e+09
 1.52050000e+03  5.97419452e+16  1.37267710e+16  3.21665741e+10  1.11235885e+10  3.46337168e+12  8.78308779e+09
 1.52050000e+03  5.97419452e+16  0.00000000e+00  3.21665741e+10  0.00000000e+00  3.46337168e+12  8.78308779e+09
 1.52055000e+03  5.96031471e+16  1.38555357e+14  3.20918417e+10  1.12279338e+08  3.46337168e+12  8.78308779e+09
 1.52060000e+03  5.94646714e+16  2.76304610e+14  3.20172829e+10  2.23905445e+08  3.46337168e+12  8.78308779e+09
 1.52065000e+03  5.93265175e+16  4.13251324e+14  3.19428974e+10  3.34881208e+08  3.46337168e+12  8.78308779e+09
 1.52070000e+03  5.91886845e+16  5.49399050e+14  3.18686846e+10  4.45209506e+08  3.46337168e+12  8.78308779e+09
 1.52075000e+03  5.90511718e+16  6.84751325e+14  3.17946443e+10  5.54893203e+08  3.46337168e+12  8.78308779e+09
 1.52080000e+03  5.89139786e+16  8.19311671e+14  3.17207760e+10  6.63935156e+08  3.46337168e+12  8.78308779e+09
 1.52085000e+03  5.87771041e+16  9.53083597e+14  3.16470793e+10  7.72338206e+08  3.46337168e+12  8.78308779e+09
 1.52090000e+03  5.86405476e+16  1.08607060e+15  3.15735538e+10  8.80105186e+08  3.46337168e+12  8.78308779e+09
 1.52095000e+03  5.85043083e+16  1.21827615e+15  3.15001991e+10  9.87238916e+08  3.46337168e+12  8.78308779e+09
 1.52100000e+03  5.83683856e+16  1.34970373e+15  3.14270149e+10  1.09374220e+09  3.46337168e+12  8.78308779e+09
 1.52100000e+03  5.83683856e+16  1.34970373e+15  3.14270149e+10  1.09374220e+09  3.46337168e+12  8.78308779e+09
 1.52170000e+03  6.05169598e+16  3.17463315e+15  3.25838616e+10  2.57258700e+09  3.46337168e+12  8.78308779e+09
 1.52240000e+03  6.25966948e+16  4.97944897e+15  3.37036435e+10  4.03513259e+09  3.46337168e+12  8.78308779e+09
 1.52310000e+03  6.46097962e+16  6.76296107e+15  3.47875482e+10  5.48041456e+09  3.46337168e+12  8.78308779e+09
 1.52380000e+03  6.65583989e+16  8.52410525e+15  3.58367252e+10  6.90757052e+09  3.46337168e+12  8.78308779e+09
 1.52450000e+03  6.84445695e+16  1.02619349e+16  3.68522871e+10  8.31583339e+09  3.46337168e+12  8.78308779e+09
 1.52520000e+03  7.02703081e+16  1.19756134e+16  3.78353110e+10  9.70452515e+09  3.46337168e+12  8.78308779e+09
 1.52590000e+03  7.20375511e+16  1.36644064e+16  3.87868393e+10  1.10730509e+10  3.46337168e+12  8.78308779e+09
 1.52660000e+03  7.37481725e+16  1.53276756e+16  3.97078811e+10  1.24208931e+10  3.46337168e+12  8.78308779e+09
 1.52730000e+03  7.54039865e+16  1.69648716e+16  4.05994133e+10  1.37476068e+10  3.46337168e+12  8.78308779e+09
 1.52800000e+03  7.70067492e+16  1.85755279e+16  4.14623812e+10  1.50528138e+10  3.46337168e+12  8.78308779e+09
 1.52800000e+03  7.70067492e+16  1.85755279e+16  4.14623812e+10  1.50528138e+10  3.47887856e+12  8.77430470e+09
 1.52802500e+03  7.69172425e+16  1.86324707e+16  4.14141886e+10  1.50989578e+10  3.47887856e+12  8.77430470e+09
 1.52805000e+03  7.68278399e+16  1.86892099e+16  4.13660519e+10  1.51449368e+10  3.47887856e+12  8.77430470e+09
 1.52807500e+03  7.67385411e+16  1.87457461e+16  4.13179712e+10  1.51907513e+10  3.47887856e+12  8.77430470e+09
 1.52810000e+03  7.66493462e+16  1.88020796e+16  4.12699464e+10  1.52364016e+10  3.47887856e+12  8.77430470e+09
 1.52812500e+03  7.65602549e+16  1.88582111e+16  4.12219774e+10  1.52818882e+10  3.47887856e+12  8.77430470e+09
 1.52815000e+03  7.64712672e+16  1.89141410e+16  4.11740642e+10  1.53272113e+10  3.47887856e+12  8.77430470e+09
 1.52817500e+03  7.63823829e+16  1.89698697e+16  4.11262066e+10  1.53723715e+10  3.47887856e+12  8.77430470e+09
 1.52820000e+03  7.62936020e+16  1.90253977e+16  4.10784047e+10  1.54173690e+10  3.47887856e+12  8.77430470e+09
 1.52822500e+03  7.62049242e+16  1.90807255e+16  4.10306584e+10  1.54622043e+10  3.47887856e+12  8.77430470e+09
 1.52825000e+03  7.61163495e+16  1.91358536e+16  4.09829675e+10  1.55068778e+10  3.47887856e+12  8.77430470e+09
 1.52825000e+03  7.61163495e+16  0.00000000e+00  4.09829675e+10  0.00000000e+00  3.48997991e+12  8.76553040e+09
 1.52877500e+03  7.42798794e+16  1.80299268e+15  3.99941655e+10  1.46106820e+09  3.48997991e+12  8.76553040e+09
 1.52930000e+03  7.24877181e+16  3.49741350e+15  3.90292206e+10  2.83415440e+09  3.48997991e+12  8.76553040e+09
 1.52982500e+03  7.07387965e+16  5.08823043e+15  3.80875570e+10  4.12328443e+09  3.48997991e+12  8.76553040e+09
 1.53035000e+03  6.90320714e+16  6.58020679e+15  3.71686130e+10  5.33231831e+09  3.48997991e+12  8.76553040e+09
 1.53087500e+03  6.73665247e+16  7.97790933e+15  3.62718405e+10  6.46495670e+09  3.48997991e+12  8.76553040e+09
 1.53140000e+03  6.57411629e+16  9.28571582e+15  3.53967046e+10  7.52474717e+09  3.48997991e+12  8.76553040e+09
 1.53192500e+03  6.41550164e+16  1.05078225e+16  3.45426833e+10  8.51509021e+09  3.48997991e+12  8.76553040e+09
 1.53245000e+03  6.26071391e+16  1.16482513e+16  3.37092670e+10  9.43924494e+09  3.48997991e+12  8.76553040e+09
 1.53297500e+03  6.10966077e+16  1.27108564e+16  3.28959587e+10  1.03003347e+10  3.48997991e+12  8.76553040e+09
 1.53350000e+03  5.96225210e+16  1.36993312e+16  3.21022731e+10  1.11013524e+10  3.48997991e+12  8.76553040e+09
 1.53350000e+03  5.96225210e+16  0.00000000e+00  3.21022731e+10  0.00000000e+00  3.48997991e+12  8.76553040e+09
 1.53355000e+03  5.94840004e+16  1.38278384e+14  3.20276901e+10  1.12054892e+08  3.48997991e+12  8.76553040e+09
 1.53360000e+03  5.93458015e+16  2.75752277e+14  3.19532804e+10  2.23457858e+08  3.48997991e+12  8.76553040e+09
 1.53365000e+03  5.92079238e+16  4.12425234e+14  3.18790435e+10  3.34211780e+08  3.48997991e+12  8.76553040e+09
 1.53370000e+03  5.90703664e+16  5.48300802e+14  3.18049791e+10  4.44319532e+08  3.48997991e+12  8.76553040e+09
 1.53375000e+03  5.89331285e+16  6.83382507e+14  3.17310868e+10  5.53783972e+08  3.48997991e+12  8.76553040e+09
 1.53380000e+03  5.87962095e+16  8.17673867e+14  3.16573661e+10  6.62607950e+08  3.48997991e+12  8.76553040e+09
 1.53385000e+03  5.86596086e+16  9.51178383e+14  3.15838168e+10  7.70794302e+08  3.48997991e+12  8.76553040e+09
 1.53390000e+03  5.85233251e+16  1.08389954e+15  3.15104383e+10  8.78345856e+08  3.48997991e+12  8.76553040e+09
 1.53395000e+03  5.83873582e+16  1.21584082e+15  3.14372302e+10  9.85265425e+08  3.48997991e+12  8.76553040e+09
 1.53400000e+03  5.82517072e+16  1.34700567e+15  3.13641923e+10  1.09155581e+09  3.48997991e+12  8.76553040e+09
 1.53400000e+03  5.82517072e+16  1.34700567e+15  3.13641923e+10  1.09155581e+09  3.48997991e+12  8.76553040e+09
 1.53470000e+03  6.03959864e+16  3.16828706e+15  3.25187264e+10  2.56744440e+09  3.48997991e+12  8.76553040e+09
 1.53540000e+03  6.24715640e+16  4.96949505e+15  3.36362699e+10  4.02706636e+09  3.48997991e+12  8.76553040e+09
 1.53610000e+03  6.44806412e+16  6.74944191e+15  3.47180079e+10  5.46945921e+09  3.48997991e+12  8.76553040e+09
 1.53680000e+03  6.64253487e+16  8.50706556e+15  3.57650876e+10  6.89376229e+09  3.48997991e+12  8.76553040e+09
 1.53750000e+03  6.83077488e+16  1.02414213e+16  3.67786194e+10  8.29921004e+09  3.48997991e+12  8.76553040e+09
 1.53820000e+03  7.01298378e+16  1.19516741e+16  3.77596782e+10  9.68512581e+09  3.48997991e+12  8.76553040e+09
 1.53890000e+03  7.18935480e+16  1.36370913e+16  3.87093044e+10  1.10509158e+10  3.48997991e+12  8.76553040e+09
 1.53960000e+03  7.36007499e+16  1.52970356e+16  3.96285051e+10  1.23960638e+10  3.48997991e+12  8.76553040e+09
 1.54030000e+03  7.52532540e+16  1.69309588e+16  4.05182551e+10  1.37201253e+10  3.48997991e+12  8.76553040e+09
 1.54100000e+03  7.68528127e+16  1.85383955e+16  4.13794979e+10  1.50227232e+10  3.48997991e+12  8.76553040e+09
 1.54100000e+03  7.68528127e+16  1.85383955e+16  4.13794979e+10  1.50227232e+10  3.50545579e+12  8.75676487e+09
 1.54102500e+03  7.67634849e+16  1.85952244e+16  4.13314016e+10  1.50687750e+10  3.50545579e+12  8.75676487e+09
 1.54105000e+03  7.66742610e+16  1.86518502e+16  4.12833612e+10  1.51146621e+10  3.50545579e+12  8.75676487e+09
 1.54107500e+03  7.65851408e+16  1.87082733e+16  4.12353766e+10  1.51603850e+10  3.50545579e+12  8.75676487e+09
 1.54110000e+03  7.64961241e+16  1.87644943e+16  4.11874478e+10  1.52059441e+10  3.50545579e+12  8.75676487e+09
 1.54112500e+03  7.64072110e+16  1.88205136e+16  4.11395747e+10  1.52513397e+10  3.50545579e+12  8.75676487e+09
 1.54115000e+03  7.63184011e+16  1.88763316e+16  4.10917572e+10  1.52965723e+10  3.50545579e+12  8.75676487e+09
 1.54117500e+03  7.62296945e+16  1.89319489e+16  4.10439953e+10  1.53416421e+10  3.50545579e+12  8.75676487e+09
 1.54120000e+03  7.61410910e+16  1.89873659e+16  4.09962890e+10  1.53865497e+10  3.50545579e+12  8.75676487e+09
 1.54122500e+03  7.60525905e+16  1.90425832e+16  4.09486381e+10  1.54312954e+10  3.50545579e+12  8.75676487e+09
 1.54125000e+03  7.59641929e+16  1.90976010e+16  4.09010425e+10  1.54758795e+10  3.50545579e+12  8.75676487e+09
 1.54125000e+03  7.59641929e+16  0.00000000e+00  4.09010425e+10  0.00000000e+00  3.51653496e+12  8.74800810e+09
 1.54177500e+03  7.41313939e+16  1.79938850e+15  3.99142172e+10  1.45814752e+09  3.51653496e+12  8.74800810e+09
 1.54230000e+03  7.23428151e+16  3.49042217e+15  3.89512012e+10  2.82848893e+09  3.51653496e+12  8.74800810e+09
 1.54282500e+03  7.05973896e+16  5.07805905e+15  3.80114199e+10  4.11504199e+09  3.51653496e+12  8.74800810e+09
 1.54335000e+03  6.88940763e+16  6.56705296e+15  3.70943130e+10  5.32165900e+09  3.51653496e+12  8.74800810e+09
 1.54387500e+03  6.72318590e+16  7.96196149e+15  3.61993331e+10  6.45203325e+09  3.51653496e+12  8.74800810e+09
 1.54440000e+03  6.56097463e+16  9.26715368e+15  3.53259466e+10  7.50970520e+09  3.51653496e+12  8.74800810e+09
 1.54492500e+03  6.40267705e+16  1.04868174e+16  3.44736324e+10  8.49806854e+09  3.51653496e+12  8.74800810e+09
 1.54545000e+03  6.24819874e+16  1.16249665e+16  3.36418822e+10  9.42037589e+09  3.51653496e+12  8.74800810e+09
 1.54597500e+03  6.09744755e+16  1.26854474e+16  3.28301996e+10  1.02797443e+10  3.51653496e+12  8.74800810e+09
 1.54650000e+03  5.95033356e+16  1.36719463e+16  3.20381007e+10  1.10791608e+10  3.51653496e+12  8.74800810e+09
 1.54650000e+03  5.95033356e+16  0.00000000e+00  3.20381007e+10  0.00000000e+00  3.51653496e+12  8.74800810e+09
 1.54655000e+03  5.93650919e+16  1.38001966e+14  3.19636668e+10  1.11830894e+08  3.51653496e+12  8.74800810e+09
 1.54660000e+03  5.92271693e+16  2.75201048e+14  3.18894058e+10  2.23011165e+08  3.51653496e+12  8.74800810e+09
 1.54665000e+03  5.90895671e+16  4.11600796e+14  3.18153173e+10  3.33543691e+08  3.51653496e+12  8.74800810e+09
 1.54670000e+03  5.89522847e+16  5.47204748e+14  3.17414009e+10  4.43431337e+08  3.51653496e+12  8.74800810e+09
 1.54675000e+03  5.88153212e+16  6.82016426e+14  3.16676563e+10  5.52676958e+08  3.51653496e+12  8.74800810e+09
 1.54680000e+03  5.86786759e+16  8.16039337e+14  3.15940831e+10  6.61283396e+08  3.51653496e+12  8.74800810e+09
 1.54685000e+03  5.85423481e+16  9.49276977e+14  3.15206807e+10  7.69253484e+08  3.51653496e+12  8.74800810e+09
 1.54690000e+03  5.84063370e+16  1.08173283e+15  3.14474489e+10  8.76590042e+08  3.51653496e+12  8.74800810e+09
 1.54695000e+03  5.82706419e+16  1.21341035e+15  3.13743872e+10  9.83295880e+08  3.51653496e+12  8.74800810e+09
 1.54700000e+03  5.81352620e+16  1.34431300e+15  3.13014953e+10  1.08937379e+09  3.51653496e+12  8.74800810e+09
 1.54700000e+03  5.81352620e+16  1.34431300e+15  3.13014953e+10  1.08937379e+09  3.51653496e+12  8.74800810e+09
 1.54770000e+03  6.02752548e+16  3.16195365e+15  3.24537215e+10  2.56231208e+09  3.51653496e+12  8.74800810e+09
 1.54840000e+03  6.23466833e+16  4.95956103e+15  3.35690310e+10  4.01901625e+09  3.51653496e+12  8.74800810e+09
 1.54910000e+03  6.43517444e+16  6.73594978e+15  3.46486066e+10  5.45852577e+09  3.51653496e+12  8.74800810e+09
 1.54980000e+03  6.62925644e+16  8.49005994e+15  3.56935932e+10  6.87998166e+09  3.51653496e+12  8.74800810e+09
 1.55050000e+03  6.81712016e+16  1.02209487e+16  3.67050989e+10  8.28261992e+09  3.51653496e+12  8.74800810e+09
 1.55120000e+03  6.99896482e+16  1.19277827e+16  3.76841966e+10  9.66576524e+09  3.51653496e+12  8.74800810e+09
 1.55190000e+03  7.17498328e+16  1.36098307e+16  3.86319245e+10  1.10288251e+10  3.51653496e+12  8.74800810e+09
 1.55260000e+03  7.34536220e+16  1.52664568e+16  3.95492877e+10  1.23712840e+10  3.51653496e+12  8.74800810e+09
 1.55330000e+03  7.51028227e+16  1.68971138e+16  4.04372591e+10  1.36926988e+10  3.51653496e+12  8.74800810e+09
 1.55400000e+03  7.66991839e+16  1.85013372e+16  4.12967803e+10  1.49926928e+10  3.51653496e+12  8.74800810e+09
 1.55400000e+03  7.66991839e+16  1.85013372e+16  4.12967803e+10  1.49926928e+10  3.53197990e+12  8.73926009e+09
 1.55402500e+03  7.66100347e+16  1.85580525e+16  4.12487801e+10  1.50386525e+10  3.53197990e+12  8.73926009e+09
 1.55405000e+03  7.65209892e+16  1.86145651e+16  4.12008357e+10  1.50844479e+10  3.53197990e+12  8.73926009e+09
 1.55407500e+03  7.64320471e+16  1.86708755e+16  4.11529471e+10  1.51300794e+10  3.53197990e+12  8.73926009e+09
 1.55410000e+03  7.63432084e+16  1.87269841e+16  4.11051141e+10  1.51755474e+10  3.53197990e+12  8.73926009e+09
 1.55412500e+03  7.62544730e+16  1.87828914e+16  4.10573367e+10  1.52208523e+10  3.53197990e+12  8.73926009e+09
 1.55415000e+03  7.61658407e+16  1.88385978e+16  4.10096148e+10  1.52659944e+10  3.53197990e+12  8.73926009e+09
 1.55417500e+03  7.60773114e+16  1.88941040e+16  4.09619484e+10  1.53109742e+10  3.53197990e+12  8.73926009e+09
 1.55420000e+03  7.59888850e+16  1.89494102e+16  4.09143374e+10  1.53557920e+10  3.53197990e+12  8.73926009e+09
 1.55422500e+03  7.59005614e+16  1.90045170e+16  4.08667817e+10  1.54004482e+10  3.53197990e+12  8.73926009e+09
 1.55425000e+03  7.58123405e+16  1.90594249e+16  4.08192814e+10  1.54449432e+10  3.53197990e+12  8.73926009e+09
 1.55425000e+03  7.58123405e+16  0.00000000e+00  4.08192814e+10  0.00000000e+00  3.54303691e+12  8.73052083e+09
 1.55477500e+03  7.39832052e+16  1.79579152e+15  3.98344287e+10  1.45523269e+09  3.54303691e+12  8.73052083e+09
 1.55530000e+03  7.21982018e+16  3.48344482e+15  3.88733377e+10  2.82283478e+09  3.54303691e+12  8.73052083e+09
 1.55582500e+03  7.04562654e+16  5.06790801e+15  3.79354351e+10  4.10681602e+09  3.54303691e+12  8.73052083e+09
 1.55635000e+03  6.87563570e+16  6.55392542e+15  3.70201614e+10  5.31102101e+09  3.54303691e+12  8.73052083e+09
 1.55687500e+03  6.70974625e+16  7.94604553e+15  3.61269707e+10  6.43913563e+09  3.54303691e+12  8.73052083e+09
 1.55740000e+03  6.54785924e+16  9.24862864e+15  3.52553301e+10  7.49469330e+09  3.54303691e+12  8.73052083e+09
 1.55792500e+03  6.38987810e+16  1.04658542e+16  3.44047197e+10  8.48108090e+09  3.54303691e+12  8.73052083e+09
 1.55845000e+03  6.23570859e+16  1.16017281e+16  3.35746320e+10  9.40154456e+09  3.54303691e+12  8.73052083e+09
 1.55897500e+03  6.08525876e+16  1.26600892e+16  3.27645721e+10  1.02591951e+10  3.54303691e+12  8.73052083e+09
 1.55950000e+03  5.93843884e+16  1.36446160e+16  3.19740565e+10  1.10570136e+10  3.54303691e+12  8.73052083e+09
 1.55950000e+03  5.93843884e+16  0.00000000e+00  3.19740565e+10  0.00000000e+00  3.54303691e+12  8.73052083e+09
 1.55955000e+03  5.92464210e+16  1.37726100e+14  3.18997714e+10  1.11607344e+08  3.54303691e+12  8.73052083e+09
 1.55960000e+03  5.91087742e+16  2.74650921e+14  3.18256588e+10  2.22565366e+08  3.54303691e+12  8.73052083e+09
 1.55965000e+03  5.89714471e+16  4.10778006e+14  3.17517185e+10  3.32876937e+08  3.54303691e+12  8.73052083e+09
 1.55970000e+03  5.88344391e+16  5.46110886e+14  3.16779499e+10  4.42544918e+08  3.54303691e+12  8.73052083e+09
 1.55975000e+03  5.86977494e+16  6.80653075e+14  3.16043527e+10  5.51572156e+08  3.54303691e+12  8.73052083e+09
 1.55980000e+03  5.85613772e+16  8.14408075e+14  3.15309265e+10  6.59961491e+08  3.54303691e+12  8.73052083e+09
 1.55985000e+03  5.84253219e+16  9.47379373e+14  3.14576709e+10  7.67715747e+08  3.54303691e+12  8.73052083e+09
 1.55990000e+03  5.82895827e+16  1.07957044e+15  3.13845854e+10  8.74837739e+08  3.54303691e+12  8.73052083e+09
 1.55995000e+03  5.81541589e+16  1.21098474e+15  3.13116698e+10  9.81330271e+08  3.54303691e+12  8.73052083e+09
 1.56000000e+03  5.80190496e+16  1.34162572e+15  3.12389236e+10  1.08719614e+09  3.54303691e+12  8.73052083e+09
 1.56000000e+03  5.80190496e+16  1.34162572e+15  3.12389236e+10  1.08719614e+09  3.54303691e+12  8.73052083e+09
 1.56070000e+03  6.01547646e+16  3.15563291e+15  3.23888465e+10  2.55719002e+09  3.54303691e+12  8.73052083e+09
 1.56140000e+03  6.22220523e+16  4.94964686e+15  3.35019265e+10  4.01098224e+09  3.54303691e+12  8.73052083e+09
 1.56210000e+03  6.42231053e+16  6.72248462e+15  3.45793440e+10  5.44761417e+09  3.54303691e+12  8.73052083e+09
 1.56280000e+03  6.61600456e+16  8.47308831e+15  3.56222417e+10  6.86622857e+09  3.54303691e+12  8.73052083e+09
 1.56350000e+03  6.80349273e+16  1.02005170e+16  3.66317254e+10  8.26606296e+09  3.54303691e+12  8.73052083e+09
 1.56420000e+03  6.98497389e+16  1.19039391e+16  3.76088659e+10  9.64644338e+09  3.54303691e+12  8.73052083e+09
 1.56490000e+03  7.16064049e+16  1.35826247e+16  3.85546993e+10  1.10067784e+10  3.54303691e+12  8.73052083e+09
 1.56560000e+03  7.33067882e+16  1.52359392e+16  3.94702287e+10  1.23465538e+10  3.54303691e+12  8.73052083e+09
 1.56630000e+03  7.49526922e+16  1.68633365e+16  4.03564250e+10  1.36653271e+10  3.54303691e+12  8.73052083e+09
 1.56700000e+03  7.65458623e+16  1.84643530e+16  4.12142280e+10  1.49627224e+10  3.54303691e+12  8.73052083e+09
 1.56700000e+03  7.65458623e+16  1.84643530e+16  4.12142280e+10  1.49627224e+10  3.55845098e+12  8.72179031e+09
 1.56702500e+03  7.64568913e+16  1.85209550e+16  4.11663238e+10  1.50085902e+10  3.55845098e+12  8.72179031e+09
 1.56705000e+03  7.63680237e+16  1.85773546e+16  4.11184753e+10  1.50542941e+10  3.55845098e+12  8.72179031e+09
 1.56707500e+03  7.62792594e+16  1.86335524e+16  4.10706823e+10  1.50998343e+10  3.55845098e+12  8.72179031e+09
 1.56710000e+03  7.61905983e+16  1.86895488e+16  4.10229449e+10  1.51452115e+10  3.55845098e+12  8.72179031e+09
 1.56712500e+03  7.61020403e+16  1.87453444e+16  4.09752631e+10  1.51904258e+10  3.55845098e+12  8.72179031e+09
 1.56715000e+03  7.60135851e+16  1.88009395e+16  4.09276366e+10  1.52354777e+10  3.55845098e+12  8.72179031e+09
 1.56717500e+03  7.59252328e+16  1.88563346e+16  4.08800655e+10  1.52803676e+10  3.55845098e+12  8.72179031e+09
 1.56720000e+03  7.58369832e+16  1.89115303e+16  4.08325496e+10  1.53250958e+10  3.55845098e+12  8.72179031e+09
 1.56722500e+03  7.57488362e+16  1.89665270e+16  4.07850890e+10  1.53696627e+10  3.55845098e+12  8.72179031e+09
 1.56725000e+03  7.56607916e+16  1.90213251e+16  4.07376836e+10  1.54140688e+10  3.55845098e+12  8.72179031e+09
 1.56725000e+03  7.56607916e+16  0.00000000e+00  4.07376836e+10  0.00000000e+00  3.56948589e+12  8.71306852e+09
 1.56777500e+03  7.38353128e+16  1.79220173e+15  3.97547997e+10  1.45232368e+09  3.56948589e+12  8.71306852e+09
 1.56830000e+03  7.20538776e+16  3.47648141e+15  3.87956299e+10  2.81719193e+09  3.56948589e+12  8.71306852e+09
 1.56882500e+03  7.03154234e+16  5.05777726e+15  3.78596022e+10  4.09860649e+09  3.56948589e+12  8.71306852e+09
 1.56935000e+03  6.86189131e+16  6.54082413e+15  3.69461581e+10  5.30040428e+09  3.56948589e+12  8.71306852e+09
 1.56987500e+03  6.69633347e+16  7.93016138e+15  3.60547529e+10  6.42626380e+09  3.56948589e+12  8.71306852e+09
 1.57040000e+03  6.53477007e+16  9.23014063e+15  3.51848547e+10  7.47971141e+09  3.56948589e+12  8.71306852e+09
 1.57092500e+03  6.37710473e+16  1.04449330e+16  3.43359446e+10  8.46412722e+09  3.56948589e+12  8.71306852e+09
 1.57145000e+03  6.22324341e+16  1.15785363e+16  3.35075163e+10  9.38275087e+09  3.56948589e+12  8.71306852e+09
 1.57197500e+03  6.07309432e+16  1.26347817e+16  3.26990757e+10  1.02386870e+10  3.56948589e+12  8.71306852e+09
 1.57250000e+03  5.92656791e+16  1.36173405e+16  3.19101404e+10  1.10349106e+10  3.56948589e+12  8.71306852e+09
 1.57250000e+03  5.92656791e+16  0.00000000e+00  3.19101404e+10  0.00000000e+00  3.56948589e+12  8.71306852e+09
 1.57255000e+03  5.91279874e+16  1.37450786e+14  3.18360038e+10  1.11384241e+08  3.56948589e+12  8.71306852e+09
 1.57260000e+03  5.89906157e+16  2.74101894e+14  3.17620393e+10  2.22120458e+08  3.56948589e+12  8.71306852e+09
 1.57265000e+03  5.88535632e+16  4.09956861e+14  3.16882468e+10  3.32211516e+08  3.56948589e+12  8.71306852e+09
 1.57270000e+03  5.87168290e+16  5.45019210e+14  3.16146257e+10  4.41660270e+08  3.56948589e+12  8.71306852e+09
 1.57275000e+03  5.85804126e+16  6.79292449e+14  3.15411756e+10  5.50469564e+08  3.56948589e+12  8.71306852e+09
 1.57280000e+03  5.84443130e+16  8.12780073e+14  3.14678962e+10  6.58642228e+08  3.56948589e+12  8.71306852e+09
 1.57285000e+03  5.83085297e+16  9.45485561e+14  3.13947870e+10  7.66181083e+08  3.56948589e+12  8.71306852e+09
 1.57290000e+03  5.81730618e+16  1.07741238e+15  3.13218477e+10  8.73088938e+08  3.56948589e+12  8.71306852e+09
 1.57295000e+03  5.80379087e+16  1.20856399e+15  3.12490778e+10  9.79368592e+08  3.56948589e+12  8.71306852e+09
 1.57300000e+03  5.79030696e+16  1.33894381e+15  3.11764770e+10  1.08502283e+09  3.56948589e+12  8.71306852e+09
 1.57300000e+03  5.79030696e+16  1.33894381e+15  3.11764770e+10  1.08502283e+09  3.56948589e+12  8.71306852e+09
 1.57370000e+03  6.00345152e+16  3.14932480e+15  3.23241012e+10  2.55207819e+09  3.56948589e+12  8.71306852e+09
 1.57440000e+03  6.20976704e+16  4.93975252e+15  3.34349562e+10  4.00296429e+09  3.56948589e+12  8.71306852e+09
 1.57510000e+03  6.40947233e+16  6.70904637e+15  3.45102199e+10  5.43672439e+09  3.56948589e+12  8.71306852e+09
 1.57580000e+03  6.60277916e+16  8.45615061e+15  3.55510328e+10  6.85250298e+09  3.56948589e+12  8.71306852e+09
 1.57650000e+03  6.78989255e+16  1.01801262e+16  3.65584986e+10  8.24953910e+09  3.56948589e+12  8.71306852e+09
 1.57720000e+03  6.97101093e+16  1.18801431e+16  3.75336858e+10  9.62716014e+09  3.56948589e+12  8.71306852e+09
 1.57790000e+03  7.14632637e+16  1.35554730e+16  3.84776284e+10  1.09847759e+10  3.56948589e+12  8.71306852e+09
 1.57860000e+03  7.31602479e+16  1.52054826e+16  3.93913277e+10  1.23218731e+10  3.56948589e+12  8.71306852e+09
 1.57930000e+03  7.48028618e+16  1.68296267e+16  4.02757525e+10  1.36380101e+10  3.56948589e+12  8.71306852e+09
 1.58000000e+03  7.63928471e+16  1.84274428e+16  4.11318408e+10  1.49328119e+10  3.56948589e+12  8.71306852e+09
 1.58000000e+03  7.63928471e+16  1.84274428e+16  4.11318408e+10  1.49328119e+10  3.58486915e+12  8.70435545e+09
 1.58002500e+03  7.63040540e+16  1.84839316e+16  4.10840323e+10  1.49785880e+10  3.58486915e+12  8.70435545e+09
 1.58005000e+03  7.62153640e+16  1.85402185e+16  4.10362794e+10  1.50242005e+10  3.58486915e+12  8.70435545e+09
 1.58007500e+03  7.61267772e+16  1.85963039e+16  4.09885820e+10  1.50696498e+10  3.58486915e+12  8.70435545e+09
 1.58010000e+03  7.60382933e+16  1.86521884e+16  4.09409401e+10  1.51149362e+10  3.58486915e+12  8.70435545e+09
 1.58012500e+03  7.59499123e+16  1.87078724e+16  4.08933535e+10  1.51600601e+10  3.58486915e+12  8.70435545e+09
 1.58015000e+03  7.58616340e+16  1.87633564e+16  4.08458222e+10  1.52050220e+10  3.58486915e+12  8.70435545e+09
 1.58017500e+03  7.57734583e+16  1.88186408e+16  4.07983462e+10  1.52498221e+10  3.58486915e+12  8.70435545e+09
 1.58020000e+03  7.56853851e+16  1.88737262e+16  4.07509254e+10  1.52944609e+10  3.58486915e+12  8.70435545e+09
 1.58022500e+03  7.55974143e+16  1.89286129e+16  4.07035596e+10  1.53389388e+10  3.58486915e+12  8.70435545e+09
 1.58025000e+03  7.55095457e+16  1.89833015e+16  4.06562490e+10  1.53832561e+10  3.58486915e+12  8.70435545e+09
 1.58025000e+03  7.55095457e+16  0.00000000e+00  4.06562490e+10  0.00000000e+00  3.59588200e+12  8.69565110e+09
 1.58077500e+03  7.36877160e+16  1.78861912e+15  3.96753298e+10  1.44942048e+09  3.59588200e+12  8.69565110e+09
 1.58130000e+03  7.19098419e+16  3.46953193e+15  3.87180774e+10  2.81156036e+09  3.59588200e+12  8.69565110e+09
 1.58182500e+03  7.01748628e+16  5.04766677e+15  3.77839208e+10  4.09041338e+09  3.59588200e+12  8.69565110e+09
 1.58235000e+03  6.84817438e+16  6.52774902e+15  3.68723027e+10  5.28980877e+09  3.59588200e+12  8.69565110e+09
 1.58287500e+03  6.68294750e+16  7.91430899e+15  3.59826794e+10  6.41341770e+09  3.59588200e+12  8.69565110e+09
 1.58340000e+03  6.52170706e+16  9.21168958e+15  3.51145201e+10  7.46475947e+09  3.59588200e+12  8.69565110e+09
 1.58392500e+03  6.36435690e+16  1.04240536e+16  3.42673071e+10  8.44720743e+09  3.59588200e+12  8.69565110e+09
 1.58445000e+03  6.21080315e+16  1.15553908e+16  3.34405348e+10  9.36399475e+09  3.59588200e+12  8.69565110e+09
 1.58497500e+03  6.06095421e+16  1.26095248e+16  3.26337102e+10  1.02182199e+10  3.59588200e+12  8.69565110e+09
 1.58550000e+03  5.91472070e+16  1.35901194e+16  3.18463520e+10  1.10128518e+10  3.59588200e+12  8.69565110e+09
 1.58550000e+03  5.91472070e+16  0.00000000e+00  3.18463520e+10  0.00000000e+00  3.59588200e+12  8.69565110e+09
 1.58555000e+03  5.90097906e+16  1.37176021e+14  3.17723636e+10  1.11161584e+08  3.59588200e+12  8.69565110e+09
 1.58560000e+03  5.88726935e+16  2.73553964e+14  3.16985470e+10  2.21676439e+08  3.59588200e+12  8.69565110e+09
 1.58565000e+03  5.87359149e+16  4.09137357e+14  3.16249020e+10  3.31547425e+08  3.59588200e+12  8.69565110e+09
 1.58570000e+03  5.85994541e+16  5.43929717e+14  3.15514280e+10  4.40777392e+08  3.59588200e+12  8.69565110e+09
 1.58575000e+03  5.84633103e+16  6.77934544e+14  3.14781248e+10  5.49369175e+08  3.59588200e+12  8.69565110e+09
 1.58580000e+03  5.83274829e+16  8.11155325e+14  3.14049918e+10  6.57325602e+08  3.59588200e+12  8.69565110e+09
 1.58585000e+03  5.81919709e+16  9.43595536e+14  3.13320288e+10  7.64649487e+08  3.59588200e+12  8.69565110e+09
 1.58590000e+03  5.80567739e+16  1.07525863e+15  3.12592353e+10  8.71343633e+08  3.59588200e+12  8.69565110e+09
 1.58595000e+03  5.79218909e+16  1.20614807e+15  3.11866109e+10  9.77410834e+08  3.59588200e+12  8.69565110e+09
 1.58600000e+03  5.77873213e+16  1.33626726e+15  3.11141552e+10  1.08285387e+09  3.59588200e+12  8.69565110e+09
 1.58600000e+03  5.77873213e+16  1.33626726e+15  3.11141552e+10  1.08285387e+09  3.59588200e+12  8.69565110e+09
 1.58670000e+03  5.99145062e+16  3.14302930e+15  3.22594853e+10  2.54697659e+09  3.59588200e+12  8.69565110e+09
 1.58740000e+03  6.19735372e+16  4.92987795e+15  3.33681197e+10  3.99496236e+09  3.59588200e+12  8.69565110e+09
 1.58810000e+03  6.39665979e+16  6.69563499e+15  3.44412340e+10  5.42585638e+09  3.59588200e+12  8.69565110e+09
 1.58880000e+03  6.58958021e+16  8.43924676e+15  3.54799663e+10  6.83880483e+09  3.59588200e+12  8.69565110e+09
 1.58950000e+03  6.77631956e+16  1.01597761e+16  3.64854182e+10  8.23304828e+09  3.59588200e+12  8.69565110e+09
 1.59020000e+03  6.95707588e+16  1.18563947e+16  3.74586559e+10  9.60791544e+09  3.59588200e+12  8.69565110e+09
 1.59090000e+03  7.13204086e+16  1.35283756e+16  3.84007116e+10  1.09628173e+10  3.59588200e+12  8.69565110e+09
 1.59160000e+03  7.30140006e+16  1.51750868e+16  3.93125844e+10  1.22972417e+10  3.59588200e+12  8.69565110e+09
 1.59230000e+03  7.46533308e+16  1.67959843e+16  4.01952413e+10  1.36107477e+10  3.59588200e+12  8.69565110e+09
 1.59300000e+03  7.62401378e+16  1.83906063e+16  4.10496183e+10  1.49029612e+10  3.59588200e+12  8.69565110e+09
 1.59300000e+03  7.62401378e+16  1.83906063e+16  4.10496183e+10  1.49029612e+10  3.61123450e+12  8.68695545e+09
 1.59302500e+03  7.61515221e+16  1.84469822e+16  4.10019054e+10  1.49486458e+10  3.61123450e+12  8.68695545e+09
 1.59305000e+03  7.60630095e+16  1.85031566e+16  4.09542479e+10  1.49941671e+10  3.61123450e+12  8.68695545e+09
 1.59307500e+03  7.59745998e+16  1.85591299e+16  4.09066459e+10  1.50395255e+10  3.61123450e+12  8.68695545e+09
 1.59310000e+03  7.58862928e+16  1.86149027e+16  4.08590991e+10  1.50847214e+10  3.61123450e+12  8.68695545e+09
 1.59312500e+03  7.57980884e+16  1.86704754e+16  4.08116077e+10  1.51297552e+10  3.61123450e+12  8.68695545e+09
 1.59315000e+03  7.57099866e+16  1.87258485e+16  4.07641714e+10  1.51746271e+10  3.61123450e+12  8.68695545e+09
 1.59317500e+03  7.56219872e+16  1.87810224e+16  4.07167903e+10  1.52193377e+10  3.61123450e+12  8.68695545e+09
 1.59320000e+03  7.55340900e+16  1.88359976e+16  4.06694643e+10  1.52638873e+10  3.61123450e+12  8.68695545e+09
 1.59322500e+03  7.54462950e+16  1.88907746e+16  4.06221932e+10  1.53082762e+10  3.61123450e+12  8.68695545e+09
 1.59325000e+03  7.53586021e+16  1.89453539e+16  4.05749771e+10  1.53525049e+10  3.61123450e+12  8.68695545e+09
 1.59325000e+03  7.53586021e+16  0.00000000e+00  4.05749771e+10  0.00000000e+00  3.62222534e+12  8.67826849e+09
 1.59377500e+03  7.35404143e+16  1.78504367e+15  3.95960188e+10  1.44652309e+09  3.62222534e+12  8.67826849e+09
 1.59430000e+03  7.17660941e+16  3.46259633e+15  3.86406800e+10  2.80594005e+09  3.62222534e+12  8.67826849e+09
 1.59482500e+03  7.00345833e+16  5.03757648e+15  3.77083908e+10  4.08223664e+09  3.62222534e+12  8.67826849e+09
 1.59535000e+03  6.83448488e+16  6.51470005e+15  3.67985950e+10  5.27923444e+09  3.62222534e+12  8.67826849e+09
 1.59587500e+03  6.66958829e+16  7.89848829e+15  3.59107500e+10  6.40059728e+09  3.62222534e+12  8.67826849e+09
 1.59640000e+03  6.50867017e+16  9.19327541e+15  3.50443262e+10  7.44983741e+09  3.62222534e+12  8.67826849e+09
 1.59692500e+03  6.35163455e+16  1.04032159e+16  3.41988067e+10  8.43032147e+09  3.62222534e+12  8.67826849e+09
 1.59745000e+03  6.19838775e+16  1.15322916e+16  3.33736872e+10  9.34527612e+09  3.62222534e+12  8.67826849e+09
 1.59797500e+03  6.04883836e+16  1.25843183e+16  3.25684755e+10  1.01977936e+10  3.62222534e+12  8.67826849e+09
 1.59850000e+03  5.90289717e+16  1.35629527e+16  3.17826912e+10  1.09908371e+10  3.62222534e+12  8.67826849e+09
 1.59850000e+03  5.90289717e+16  0.00000000e+00  3.17826912e+10  0.00000000e+00  3.62222534e+12  8.67826849e+09
 1.59855000e+03  5.88918300e+16  1.36901807e+14  3.17088506e+10  1.10939372e+08  3.62222534e+12  8.67826849e+09
 1.59860000e+03  5.87550070e+16  2.73007130e+14  3.16351816e+10  2.21233308e+08  3.62222534e+12  8.67826849e+09
 1.59865000e+03  5.86185018e+16  4.08319492e+14  3.15616838e+10  3.30884662e+08  3.62222534e+12  8.67826849e+09
 1.59870000e+03  5.84823138e+16  5.42842401e+14  3.14883567e+10  4.39896278e+08  3.62222534e+12  8.67826849e+09
 1.59875000e+03  5.83464422e+16  6.76579353e+14  3.14152000e+10  5.48270986e+08  3.62222534e+12  8.67826849e+09
 1.59880000e+03  5.82108862e+16  8.09533826e+14  3.13422133e+10  6.56011608e+08  3.62222534e+12  8.67826849e+09
 1.59885000e+03  5.80756452e+16  9.41709288e+14  3.12693961e+10  7.63120952e+08  3.62222534e+12  8.67826849e+09
 1.59890000e+03  5.79407184e+16  1.07310919e+15  3.11967481e+10  8.69601817e+08  3.62222534e+12  8.67826849e+09
 1.59895000e+03  5.78061051e+16  1.20373698e+15  3.11242688e+10  9.75456990e+08  3.62222534e+12  8.67826849e+09
 1.59900000e+03  5.76718045e+16  1.33359607e+15  3.10519580e+10  1.08068925e+09  3.62222534e+12  8.67826849e+09
 1.59900000e+03  5.76718045e+16  1.33359607e+15  3.10519580e+10  1.08068925e+09  3.62222534e+12  8.67826849e+09
 1.59970000e+03  5.97947371e+16  3.13674638e+15  3.21949986e+10  2.54188518e+09  3.62222534e+12  8.67826849e+09
 1.60040000e+03  6.18496521e+16  4.92002313e+15  3.33014168e+10  3.98697643e+09  3.62222534e+12  8.67826849e+09
 1.60110000e+03  6.38387287e+16  6.68225041e+15  3.43723860e+10  5.41501009e+09  3.62222534e+12  8.67826849e+09
 1.60180000e+03  6.57640764e+16  8.42237671e+15  3.54090419e+10  6.82513406e+09  3.62222534e+12  8.67826849e+09
 1.60250000e+03  6.76277369e+16  1.01394667e+16  3.64124838e+10  8.21659041e+09  3.62222534e+12  8.67826849e+09
 1.60320000e+03  6.94316868e+16  1.18326938e+16  3.73837761e+10  9.58870922e+09  3.62222534e+12  8.67826849e+09
 1.60390000e+03  7.11778391e+16  1.35013324e+16  3.83239486e+10  1.09409027e+10  3.62222534e+12  8.67826849e+09
 1.60460000e+03  7.28680456e+16  1.51447518e+16  3.92339986e+10  1.22726595e+10  3.62222534e+12  8.67826849e+09
 1.60530000e+03  7.45040988e+16  1.67624091e+16  4.01148910e+10  1.35835398e+10  3.62222534e+12  8.67826849e+09
 1.60600000e+03  7.60877337e+16  1.83538435e+16  4.09675601e+10  1.48731702e+10  3.62222534e+12  8.67826849e+09
 1.60600000e+03  7.60877337e+16  1.83538435e+16  4.09675601e+10  1.48731702e+10  3.63754716e+12  8.66959022e+09
 1.60602500e+03  7.59992953e+16  1.84101067e+16  4.09199425e+10  1.49187635e+10  3.63754716e+12  8.66959022e+09
 1.60605000e+03  7.59109596e+16  1.84661688e+16  4.08723804e+10  1.49641938e+10  3.63754716e+12  8.66959022e+09
 1.60607500e+03  7.58227265e+16  1.85220302e+16  4.08248735e+10  1.50094615e+10  3.63754716e+12  8.66959022e+09
 1.60610000e+03  7.57345961e+16  1.85776915e+16  4.07774218e+10  1.50545671e+10  3.63754716e+12  8.66959022e+09
 1.60612500e+03  7.56465680e+16  1.86331531e+16  4.07300253e+10  1.50995108e+10  3.63754716e+12  8.66959022e+09
 1.60615000e+03  7.55586423e+16  1.86884155e+16  4.06826839e+10  1.51442930e+10  3.63754716e+12  8.66959022e+09
 1.60617500e+03  7.54708188e+16  1.87434791e+16  4.06353975e+10  1.51889143e+10  3.63754716e+12  8.66959022e+09
 1.60620000e+03  7.53830974e+16  1.87983444e+16  4.05881660e+10  1.52333748e+10  3.63754716e+12  8.66959022e+09
 1.60622500e+03  7.52954779e+16  1.88530120e+16  4.05409895e+10  1.52776750e+10  3.63754716e+12  8.66959022e+09
 1.60625000e+03  7.52079602e+16  1.89074821e+16  4.04938678e+10  1.53218153e+10  3.63754716e+12  8.66959022e+09
 1.60625000e+03  7.52079602e+16  0.00000000e+00  4.04938678e+10  0.00000000e+00  3.64851602e+12  8.66092063e+09
 1.60677500e+03  7.33934070e+16  1.78147537e+15  3.95168664e+10  1.44363149e+09  3.64851602e+12  8.66092063e+09
 1.60730000e+03  7.16226337e+16  3.45567460e+15  3.85634373e+10  2.80033098e+09  3.64851602e+12  8.66092063e+09
 1.60782500e+03  6.98945842e+16  5.02750637e+15  3.76330117e+10  4.07407625e+09  3.64851602e+12  8.66092063e+09
 1.60835000e+03  6.82082275e+16  6.50167716e+15  3.67250346e+10  5.26868125e+09  3.64851602e+12  8.66092063e+09
 1.60887500e+03  6.65625578e+16  7.88269921e+15  3.58389644e+10  6.38780248e+09  3.64851602e+12  8.66092063e+09
 1.60940000e+03  6.49565934e+16  9.17489805e+15  3.49742726e+10  7.43494519e+09  3.64851602e+12  8.66092063e+09
 1.60992500e+03  6.33893763e+16  1.03824199e+16  3.41304433e+10  8.41346925e+09  3.64851602e+12  8.66092063e+09
 1.61045000e+03  6.18599718e+16  1.15092385e+16  3.33069732e+10  9.32659492e+09  3.64851602e+12  8.66092063e+09
 1.61097500e+03  6.03674673e+16  1.25591623e+16  3.25033711e+10  1.01774083e+10  3.64851602e+12  8.66092063e+09
 1.61150000e+03  5.89109728e+16  1.35358404e+16  3.17191576e+10  1.09688665e+10  3.64851602e+12  8.66092063e+09
 1.61150000e+03  5.89109728e+16  0.00000000e+00  3.17191576e+10  0.00000000e+00  3.64851602e+12  8.66092063e+09
 1.61155000e+03  5.87741053e+16  1.36628140e+14  3.16454646e+10  1.10717604e+08  3.64851602e+12  8.66092063e+09
 1.61160000e+03  5.86375557e+16  2.72461388e+14  3.15719429e+10  2.20791062e+08  3.64851602e+12  8.66092063e+09
 1.61165000e+03  5.85013234e+16  4.07503261e+14  3.14985920e+10  3.30223224e+08  3.64851602e+12  8.66092063e+09
 1.61170000e+03  5.83654076e+16  5.41757259e+14  3.14254115e+10  4.39016925e+08  3.64851602e+12  8.66092063e+09
 1.61175000e+03  5.82298076e+16  6.75226870e+14  3.13524010e+10  5.47174992e+08  3.64851602e+12  8.66092063e+09
 1.61180000e+03  5.80945227e+16  8.07915568e+14  3.12795602e+10  6.54700241e+08  3.64851602e+12  8.66092063e+09
 1.61185000e+03  5.79595520e+16  9.39826811e+14  3.12068885e+10  7.61595474e+08  3.64851602e+12  8.66092063e+09
 1.61190000e+03  5.78248949e+16  1.07096405e+15  3.11343858e+10  8.67863483e+08  3.64851602e+12  8.66092063e+09
 1.61195000e+03  5.76905506e+16  1.20133071e+15  3.10620514e+10  9.73507051e+08  3.64851602e+12  8.66092063e+09
 1.61200000e+03  5.75565185e+16  1.33093021e+15  3.09898851e+10  1.07852895e+09  3.64851602e+12  8.66092063e+09
 1.61200000e+03  5.75565185e+16  1.33093021e+15  3.09898851e+10  1.07852895e+09  3.64851602e+12  8.66092063e+09
 1.61270000e+03  5.96752074e+16  3.13047602e+15  3.21306408e+10  2.53680395e+09  3.64851602e+12  8.66092063e+09
 1.61340000e+03  6.17260146e+16  4.91018800e+15  3.32348473e+10  3.97900646e+09  3.64851602e+12  8.66092063e+09
 1.61410000e+03  6.37111151e+16  6.66889259e+15  3.43036756e+10  5.40418549e+09  3.64851602e+12  8.66092063e+09
 1.61480000e+03  6.56326140e+16  8.40554038e+15  3.53382592e+10  6.81149062e+09  3.64851602e+12  8.66092063e+09
 1.61550000e+03  6.74925491e+16  1.01191979e+16  3.63396953e+10  8.20016545e+09  3.64851602e+12  8.66092063e+09
 1.61620000e+03  6.92928929e+16  1.18090402e+16  3.73090459e+10  9.56954139e+09  3.64851602e+12  8.66092063e+09
 1.61690000e+03  7.10355546e+16  1.34743432e+16  3.82473391e+10  1.09190318e+10  3.64851602e+12  8.66092063e+09
 1.61760000e+03  7.27223824e+16  1.51144774e+16  3.91555698e+10  1.22481264e+10  3.64851602e+12  8.66092063e+09
 1.61830000e+03  7.43551651e+16  1.67289011e+16  4.00347013e+10  1.35563863e+10  3.64851602e+12  8.66092063e+09
 1.61900000e+03  7.59356344e+16  1.83171542e+16  4.08856659e+10  1.48434388e+10  3.64851602e+12  8.66092063e+09
 1.61900000e+03  7.59356344e+16  1.83171542e+16  4.08856659e+10  1.48434388e+10  3.66380721e+12  8.65225971e+09
 1.61902500e+03  7.58473727e+16  1.83733049e+16  4.08381436e+10  1.48889409e+10  3.66380721e+12  8.65225971e+09
 1.61905000e+03  7.57592135e+16  1.84292549e+16  4.07906765e+10  1.49342804e+10  3.66380721e+12  8.65225971e+09
 1.61907500e+03  7.56711569e+16  1.84850047e+16  4.07432646e+10  1.49794576e+10  3.66380721e+12  8.65225971e+09
 1.61910000e+03  7.55832026e+16  1.85405547e+16  4.06959077e+10  1.50244730e+10  3.66380721e+12  8.65225971e+09
 1.61912500e+03  7.54953505e+16  1.85959054e+16  4.06486060e+10  1.50693269e+10  3.66380721e+12  8.65225971e+09
 1.61915000e+03  7.54076006e+16  1.86510573e+16  4.06013592e+10  1.51140196e+10  3.66380721e+12  8.65225971e+09
 1.61917500e+03  7.53199526e+16  1.87060109e+16  4.05541673e+10  1.51585516e+10  3.66380721e+12  8.65225971e+09
 1.61920000e+03  7.52324065e+16  1.87607666e+16  4.05070303e+10  1.52029233e+10  3.66380721e+12  8.65225971e+09
 1.61922500e+03  7.51449622e+16  1.88153248e+16  4.04599480e+10  1.52471349e+10  3.66380721e+12  8.65225971e+09
 1.61925000e+03  7.50576195e+16  1.88696861e+16  4.04129205e+10  1.52911870e+10  3.66380721e+12  8.65225971e+09
 1.61925000e+03  7.50576195e+16  0.00000000e+00  4.04129205e+10  0.00000000e+00  3.67475415e+12  8.64360745e+09
 1.61977500e+03  7.32466936e+16  1.77791420e+15  3.94378722e+10  1.44074567e+09  3.67475415e+12  8.64360745e+09
 1.62030000e+03  7.14794601e+16  3.44876671e+15  3.84863490e+10  2.79473312e+09  3.67475415e+12  8.64360745e+09
 1.62082500e+03  6.97548649e+16  5.01745638e+15  3.75577833e+10  4.06593217e+09  3.67475415e+12  8.64360745e+09
 1.62135000e+03  6.80718792e+16  6.48868031e+15  3.66516213e+10  5.25814916e+09  3.67475415e+12  8.64360745e+09
 1.62187500e+03  6.64294992e+16  7.86694169e+15  3.57673223e+10  6.37503327e+09  3.67475415e+12  8.64360745e+09
 1.62240000e+03  6.48267452e+16  9.15655743e+15  3.49043590e+10  7.42008273e+09  3.67475415e+12  8.64360745e+09
 1.62292500e+03  6.32626610e+16  1.03616654e+16  3.40622165e+10  8.39665073e+09  3.67475415e+12  8.64360745e+09
 1.62345000e+03  6.17363137e+16  1.14862316e+16  3.32403926e+10  9.30795105e+09  3.67475415e+12  8.64360745e+09
 1.62397500e+03  6.02467928e+16  1.25340565e+16  3.24383968e+10  1.01570636e+10  3.67475415e+12  8.64360745e+09
 1.62450000e+03  5.87932097e+16  1.35087823e+16  3.16557510e+10  1.09469397e+10  3.67475415e+12  8.64360745e+09
 1.62450000e+03  5.87932097e+16  0.00000000e+00  3.16557510e+10  0.00000000e+00  3.67475415e+12  8.64360745e+09
 1.62455000e+03  5.86566158e+16  1.36355020e+14  3.15822053e+10  1.10496280e+08  3.67475415e+12  8.64360745e+09
 1.62460000e+03  5.85203392e+16  2.71916738e+14  3.15088306e+10  2.20349701e+08  3.67475415e+12  8.64360745e+09
 1.62465000e+03  5.83843793e+16  4.06688662e+14  3.14356263e+10  3.29563107e+08  3.67475415e+12  8.64360745e+09
 1.62470000e+03  5.82487352e+16  5.40674287e+14  3.13625921e+10  4.38139330e+08  3.67475415e+12  8.64360745e+09
 1.62475000e+03  5.81134062e+16  6.73877092e+14  3.12897276e+10  5.46081190e+08  3.67475415e+12  8.64360745e+09
 1.62480000e+03  5.79783917e+16  8.06300545e+14  3.12170323e+10  6.53391495e+08  3.67475415e+12  8.64360745e+09
 1.62485000e+03  5.78436908e+16  9.37948097e+14  3.11445060e+10  7.60073044e+08  3.67475415e+12  8.64360745e+09
 1.62490000e+03  5.77093029e+16  1.06882319e+15  3.10721481e+10  8.66128624e+08  3.67475415e+12  8.64360745e+09
 1.62495000e+03  5.75752272e+16  1.19892925e+15  3.09999584e+10  9.71561011e+08  3.67475415e+12  8.64360745e+09
 1.62500000e+03  5.74414630e+16  1.32826968e+15  3.09279364e+10  1.07637297e+09  3.67475415e+12  8.64360745e+09
 1.62500000e+03  5.74414630e+16  1.32826968e+15  3.09279364e+10  1.07637297e+09  3.67475415e+12  8.64360745e+09
 1.62570000e+03  5.95559167e+16  3.12421820e+15  3.20664117e+10  2.53173288e+09  3.67475415e+12  8.64360745e+09
 1.62640000e+03  6.16026243e+16  4.90037254e+15  3.31684108e+10  3.97105243e+09  3.67475415e+12  8.64360745e+09
 1.62710000e+03  6.35837566e+16  6.65556148e+15  3.42351025e+10  5.39338252e+09  3.67475415e+12  8.64360745e+09
 1.62780000e+03  6.55014144e+16  8.38873770e+15  3.52676180e+10  6.79787445e+09  3.67475415e+12  8.64360745e+09
 1.62850000e+03  6.73576315e+16  1.00989697e+16  3.62670522e+10  8.18377332e+09  3.67475415e+12  8.64360745e+09
 1.62920000e+03  6.91543764e+16  1.17854339e+16  3.72344651e+10  9.55041188e+09  3.67475415e+12  8.64360745e+09
 1.62990000e+03  7.08935545e+16  1.34474080e+16  3.81708826e+10  1.08972046e+10  3.67475415e+12  8.64360745e+09
 1.63060000e+03  7.25770104e+16  1.50842636e+16  3.90772978e+10  1.22236424e+10  3.67475415e+12  8.64360745e+09
 1.63130000e+03  7.42065292e+16  1.66954600e+16  3.99546719e+10  1.35292871e+10  3.67475415e+12  8.64360745e+09
 1.63200000e+03  7.57838390e+16  1.82805382e+16  4.08039355e+10  1.48137667e+10  3.67475415e+12  8.64360745e+09
 1.63200000e+03  7.57838390e+16  1.82805382e+16  4.08039355e+10  1.48137667e+10  3.69001477e+12  8.63496385e+09
 1.63202500e+03  7.56957538e+16  1.83365766e+16  4.07565081e+10  1.48591779e+10  3.69001477e+12  8.63496385e+09
 1.63205000e+03  7.56077709e+16  1.83924148e+16  4.07091359e+10  1.49044268e+10  3.69001477e+12  8.63496385e+09
 1.63207500e+03  7.55198903e+16  1.84480531e+16  4.06618188e+10  1.49495137e+10  3.69001477e+12  8.63496385e+09
 1.63210000e+03  7.54321118e+16  1.85034921e+16  4.06145566e+10  1.49944391e+10  3.69001477e+12  8.63496385e+09
 1.63212500e+03  7.53444353e+16  1.85587322e+16  4.05673494e+10  1.50392033e+10  3.69001477e+12  8.63496385e+09
 1.63215000e+03  7.52568608e+16  1.86137739e+16  4.05201971e+10  1.50838067e+10  3.69001477e+12  8.63496385e+09
 1.63217500e+03  7.51693880e+16  1.86686176e+16  4.04730995e+10  1.51282497e+10  3.69001477e+12  8.63496385e+09
 1.63220000e+03  7.50820170e+16  1.87232638e+16  4.04260567e+10  1.51725326e+10  3.69001477e+12  8.63496385e+09
 1.63222500e+03  7.49947474e+16  1.87777130e+16  4.03790686e+10  1.52166559e+10  3.69001477e+12  8.63496385e+09
 1.63225000e+03  7.49075794e+16  1.88319656e+16  4.03321351e+10  1.52606199e+10  3.69001477e+12  8.63496385e+09
 1.63225000e+03  7.49075794e+16  0.00000000e+00  4.03321351e+10  0.00000000e+00  3.70093983e+12  8.62632888e+09
 1.63277500e+03  7.31002734e+16  1.77436015e+15  3.93590359e+10  1.43786562e+09  3.70093983e+12  8.62632888e+09
 1.63330000e+03  7.13365726e+16  3.44187262e+15  3.84094148e+10  2.78914645e+09  3.70093983e+12  8.62632888e+09
 1.63382500e+03  6.96154249e+16  5.00742649e+15  3.74827053e+10  4.05780438e+09  3.70093983e+12  8.62632888e+09
 1.63435000e+03  6.79358036e+16  6.47570944e+15  3.65783547e+10  5.24763812e+09  3.70093983e+12  8.62632888e+09
 1.63487500e+03  6.62967067e+16  7.85121568e+15  3.56958235e+10  6.36228957e+09  3.70093983e+12  8.62632888e+09
 1.63540000e+03  6.46971565e+16  9.13825347e+15  3.48345852e+10  7.40524999e+09  3.70093983e+12  8.62632888e+09
 1.63592500e+03  6.31361989e+16  1.03409524e+16  3.39941262e+10  8.37986582e+09  3.70093983e+12  8.62632888e+09
 1.63645000e+03  6.16129028e+16  1.14632706e+16  3.31739450e+10  9.28934446e+09  3.70093983e+12  8.62632888e+09
 1.63697500e+03  6.01263594e+16  1.25090009e+16  3.23735525e+10  1.01367596e+10  3.70093983e+12  8.62632888e+09
 1.63750000e+03  5.86756821e+16  1.34817782e+16  3.15924711e+10  1.09250568e+10  3.70093983e+12  8.62632888e+09
 1.63750000e+03  5.86756821e+16  0.00000000e+00  3.15924711e+10  0.00000000e+00  3.70093983e+12  8.62632888e+09
 1.63755000e+03  5.85393612e+16  1.36082446e+14  3.15190725e+10  1.10275398e+08  3.70093983e+12  8.62632888e+09
 1.63760000e+03  5.84033571e+16  2.71373177e+14  3.14458444e+10  2.19909222e+08  3.70093983e+12  8.62632888e+09
 1.63765000e+03  5.82676689e+16  4.05875692e+14  3.13727865e+10  3.28904311e+08  3.70093983e+12  8.62632888e+09
 1.63770000e+03  5.81322960e+16  5.39593479e+14  3.12998983e+10  4.37263490e+08  3.70093983e+12  8.62632888e+09
 1.63775000e+03  5.79972375e+16  6.72530012e+14  3.12271794e+10  5.44989573e+08  3.70093983e+12  8.62632888e+09
 1.63780000e+03  5.78624929e+16  8.04688750e+14  3.11546295e+10  6.52085365e+08  3.70093983e+12  8.62632888e+09
 1.63785000e+03  5.77280613e+16  9.36073139e+14  3.10822481e+10  7.58553658e+08  3.70093983e+12  8.62632888e+09
 1.63790000e+03  5.75939420e+16  1.06668661e+15  3.10100349e+10  8.64397233e+08  3.70093983e+12  8.62632888e+09
 1.63795000e+03  5.74601344e+16  1.19653259e+15  3.09379895e+10  9.69618860e+08  3.70093983e+12  8.62632888e+09
 1.63800000e+03  5.73266376e+16  1.32561447e+15  3.08661114e+10  1.07422130e+09  3.70093983e+12  8.62632888e+09
 1.63800000e+03  5.73266376e+16  1.32561447e+15  3.08661114e+10  1.07422130e+09  3.70093983e+12  8.62632888e+09
 1.63870000e+03  5.94368644e+16  3.11797289e+15  3.20023109e+10  2.52667195e+09  3.70093983e+12  8.62632888e+09
 1.63940000e+03  6.14794807e+16  4.89057669e+15  3.31021072e+10  3.96311430e+09  3.70093983e+12  8.62632888e+09
 1.64010000e+03  6.34566526e+16  6.64225701e+15  3.41666666e+10  5.38260115e+09  3.70093983e+12  8.62632888e+09
 1.64080000e+03  6.53704771e+16  8.37196861e+15  3.51971180e+10  6.78428549e+09  3.70093983e+12  8.62632888e+09
 1.64150000e+03  6.72229836e+16  1.00787818e+16  3.61945544e+10  8.16741395e+09  3.70093983e+12  8.62632888e+09
 1.64220000e+03  6.90161368e+16  1.17618749e+16  3.71600334e+10  9.53132060e+09  3.70093983e+12  8.62632888e+09
 1.64290000e+03  7.07518383e+16  1.34205267e+16  3.80945790e+10  1.08754211e+10  3.70093983e+12  8.62632888e+09
 1.64360000e+03  7.24319289e+16  1.50541102e+16  3.89991823e+10  1.21992074e+10  3.70093983e+12  8.62632888e+09
 1.64430000e+03  7.40581903e+16  1.66620858e+16  3.98748025e+10  1.35022421e+10  3.70093983e+12  8.62632888e+09
 1.64500000e+03  7.56323471e+16  1.82439954e+16  4.07223684e+10  1.47841540e+10  3.70093983e+12  8.62632888e+09
 1.64500000e+03  7.56323471e+16  1.82439954e+16  4.07223684e+10  1.47841540e+10  3.71616994e+12  8.61770255e+09
 1.64502500e+03  7.55444380e+16  1.82999218e+16  4.06750359e+10  1.48294744e+10  3.71616994e+12  8.61770255e+09
 1.64505000e+03  7.54566309e+16  1.83556484e+16  4.06277584e+10  1.48746328e+10  3.71616994e+12  8.61770255e+09
 1.64507500e+03  7.53689260e+16  1.84111755e+16  4.05805358e+10  1.49196296e+10  3.71616994e+12  8.61770255e+09
 1.64510000e+03  7.52813230e+16  1.84665036e+16  4.05333681e+10  1.49644652e+10  3.71616994e+12  8.61770255e+09
 1.64512500e+03  7.51938218e+16  1.85216333e+16  4.04862553e+10  1.50091399e+10  3.71616994e+12  8.61770255e+09
 1.64515000e+03  7.51064223e+16  1.85765649e+16  4.04391972e+10  1.50536541e+10  3.71616994e+12  8.61770255e+09
 1.64517500e+03  7.50191244e+16  1.86312990e+16  4.03921938e+10  1.50980083e+10  3.71616994e+12  8.61770255e+09
 1.64520000e+03  7.49319280e+16  1.86858360e+16  4.03452450e+10  1.51422027e+10  3.71616994e+12  8.61770255e+09
 1.64522500e+03  7.48448329e+16  1.87401763e+16  4.02983508e+10  1.51862378e+10  3.71616994e+12  8.61770255e+09
 1.64525000e+03  7.47578391e+16  1.87943205e+16  4.02515112e+10  1.52301139e+10  3.71616994e+12  8.61770255e+09
 1.64525000e+03  7.47578391e+16  0.00000000e+00  4.02515112e+10  0.00000000e+00  3.72707316e+12  8.60908485e+09
 1.64577500e+03  7.29541460e+16  1.77081321e+15  3.92803572e+10  1.43499133e+09  3.72707316e+12  8.60908485e+09
 1.64630000e+03  7.11939708e+16  3.43499232e+15  3.83326343e+10  2.78357094e+09  3.72707316e+12  8.60908485e+09
 1.64682500e+03  6.94762637e+16  4.99741664e+15  3.74077774e+10  4.04969282e+09  3.72707316e+12  8.60908485e+09
 1.64735000e+03  6.77999999e+16  6.46276449e+15  3.65052346e+10  5.23714809e+09  3.72707316e+12  8.60908485e+09
 1.64787500e+03  6.61641795e+16  7.83552110e+15  3.56244675e+10  6.34957136e+09  3.72707316e+12  8.60908485e+09
 1.64840000e+03  6.45678269e+16  9.11998610e+15  3.47649509e+10  7.39044689e+09  3.72707316e+12  8.60908485e+09
 1.64892500e+03  6.30099897e+16  1.03202809e+16  3.39261719e+10  8.36311447e+09  3.72707316e+12  8.60908485e+09
 1.64945000e+03  6.14897386e+16  1.14403555e+16  3.31076303e+10  9.27077506e+09  3.72707316e+12  8.60908485e+09
 1.64997500e+03  6.00061668e+16  1.24839954e+16  3.23088377e+10  1.01164963e+10  3.72707316e+12  8.60908485e+09
 1.65050000e+03  5.85583894e+16  1.34548281e+16  3.15293178e+10  1.09032176e+10  3.72707316e+12  8.60908485e+09
 1.65050000e+03  5.85583894e+16  0.00000000e+00  3.15293178e+10  0.00000000e+00  3.72707316e+12  8.60908485e+09
 1.65055000e+03  5.84223411e+16  1.35810418e+14  3.14560659e+10  1.10054957e+08  3.72707316e+12  8.60908485e+09
 1.65060000e+03  5.82866088e+16  2.70830702e+14  3.13829842e+10  2.19469624e+08  3.72707316e+12  8.60908485e+09
 1.65065000e+03  5.81511918e+16  4.05064346e+14  3.13100723e+10  3.28246831e+08  3.72707316e+12  8.60908485e+09
 1.65070000e+03  5.80160895e+16  5.38514831e+14  3.12373298e+10  4.36389400e+08  3.72707316e+12  8.60908485e+09
 1.65075000e+03  5.78813011e+16  6.71185624e+14  3.11647563e+10  5.43900139e+08  3.72707316e+12  8.60908485e+09
 1.65080000e+03  5.77468258e+16  8.03080177e+14  3.10923514e+10  6.50781847e+08  3.72707316e+12  8.60908485e+09
 1.65085000e+03  5.76126629e+16  9.34201929e+14  3.10201147e+10  7.57037310e+08  3.72707316e+12  8.60908485e+09
 1.65090000e+03  5.74788117e+16  1.06455431e+15  3.09480458e+10  8.62669303e+08  3.72707316e+12  8.60908485e+09
 1.65095000e+03  5.73452715e+16  1.19414072e+15  3.08761444e+10  9.67680592e+08  3.72707316e+12  8.60908485e+09
 1.65100000e+03  5.72120416e+16  1.32296456e+15  3.08044101e+10  1.07207393e+09  3.72707316e+12  8.60908485e+09
 1.65100000e+03  5.72120416e+16  1.32296456e+15  3.08044101e+10  1.07207393e+09  3.72707316e+12  8.60908485e+09
 1.65170000e+03  5.93180501e+16  3.11174006e+15  3.19383383e+10  2.52162113e+09  3.72707316e+12  8.60908485e+09
 1.65240000e+03  6.13565832e+16  4.88080043e+15  3.30359361e+10  3.95519203e+09  3.72707316e+12  8.60908485e+09
 1.65310000e+03  6.33298028e+16  6.62897914e+15  3.40983674e+10  5.37184133e+09  3.72707316e+12  8.60908485e+09
 1.65380000e+03  6.52398015e+16  8.35523305e+15  3.51267590e+10  6.77072371e+09  3.72707316e+12  8.60908485e+09
 1.65450000e+03  6.70886048e+16  1.00586343e+16  3.61222015e+10  8.15108729e+09  3.72707316e+12  8.60908485e+09
 1.65520000e+03  6.88781735e+16  1.17383629e+16  3.70857505e+10  9.51226749e+09  3.72707316e+12  8.60908485e+09
 1.65590000e+03  7.06104054e+16  1.33936990e+16  3.80184280e+10  1.08536812e+10  3.72707316e+12  8.60908485e+09
 1.65660000e+03  7.22871375e+16  1.50240170e+16  3.89212229e+10  1.21748211e+10  3.72707316e+12  8.60908485e+09
 1.65730000e+03  7.39101480e+16  1.66287782e+16  3.97950928e+10  1.34752511e+10  3.72707316e+12  8.60908485e+09
 1.65800000e+03  7.54811581e+16  1.82075256e+16  4.06409644e+10  1.47546005e+10  3.72707316e+12  8.60908485e+09
 1.65800000e+03  7.54811581e+16  1.82075256e+16  4.06409644e+10  1.47546005e+10  3.74227283e+12  8.60047577e+09
 1.65802500e+03  7.53934246e+16  1.82633403e+16  4.05937265e+10  1.47998303e+10  3.74227283e+12  8.60047577e+09
 1.65805000e+03  7.53057931e+16  1.83189554e+16  4.05465435e+10  1.48448984e+10  3.74227283e+12  8.60047577e+09
 1.65807500e+03  7.52182635e+16  1.83743716e+16  4.04994153e+10  1.48898053e+10  3.74227283e+12  8.60047577e+09
 1.65810000e+03  7.51308356e+16  1.84295891e+16  4.04523419e+10  1.49345512e+10  3.74227283e+12  8.60047577e+09
 1.65812500e+03  7.50435094e+16  1.84846086e+16  4.04053232e+10  1.49791366e+10  3.74227283e+12  8.60047577e+09
 1.65815000e+03  7.49562846e+16  1.85394304e+16  4.03583592e+10  1.50235619e+10  3.74227283e+12  8.60047577e+09
 1.65817500e+03  7.48691612e+16  1.85940550e+16  4.03114498e+10  1.50678274e+10  3.74227283e+12  8.60047577e+09
 1.65820000e+03  7.47821391e+16  1.86484830e+16  4.02645949e+10  1.51119335e+10  3.74227283e+12  8.60047577e+09
 1.65822500e+03  7.46952181e+16  1.87027147e+16  4.02177944e+10  1.51558805e+10  3.74227283e+12  8.60047577e+09
 1.65825000e+03  7.46083982e+16  1.87567506e+16  4.01710484e+10  1.51996689e+10  3.74227283e+12  8.60047577e+09
 1.65825000e+03  7.46083982e+16  0.00000000e+00  4.01710484e+10  0.00000000e+00  3.75315425e+12  8.59187529e+09
 1.65877500e+03  7.28083106e+16  1.76727335e+15  3.92018357e+10  1.43212278e+09  3.75315425e+12  8.59187529e+09
 1.65930000e+03  7.10516541e+16  3.42812577e+15  3.82560074e+10  2.77800659e+09  3.75315425e+12  8.59187529e+09
 1.65982500e+03  6.93373806e+16  4.98742680e+15  3.73329992e+10  4.04159749e+09  3.75315425e+12  8.59187529e+09
 1.66035000e+03  6.76644677e+16  6.44984543e+15  3.64322606e+10  5.22667903e+09  3.75315425e+12  8.59187529e+09
 1.66087500e+03  6.60319174e+16  7.81985789e+15  3.55532542e+10  6.33687856e+09  3.75315425e+12  8.59187529e+09
 1.66140000e+03  6.44387558e+16  9.10175525e+15  3.46954557e+10  7.37567339e+09  3.75315425e+12  8.59187529e+09
 1.66192500e+03  6.28840327e+16  1.02996506e+16  3.38583535e+10  8.34639661e+09  3.75315425e+12  8.59187529e+09
 1.66245000e+03  6.13668206e+16  1.14174862e+16  3.30414481e+10  9.25224278e+09  3.75315425e+12  8.59187529e+09
 1.66297500e+03  5.98862145e+16  1.24590399e+16  3.22442524e+10  1.00962734e+10  3.75315425e+12  8.59187529e+09
 1.66350000e+03  5.84413312e+16  1.34279319e+16  3.14662907e+10  1.08814220e+10  3.75315425e+12  8.59187529e+09
 1.66350000e+03  5.84413312e+16  0.00000000e+00  3.14662907e+10  0.00000000e+00  3.75315425e+12  8.59187529e+09
 1.66355000e+03  5.83055548e+16  1.35538933e+14  3.13931852e+10  1.09834957e+08  3.75315425e+12  8.59187529e+09
 1.66360000e+03  5.81700938e+16  2.70289311e+14  3.13202496e+10  2.19030904e+08  3.75315425e+12  8.59187529e+09
 1.66365000e+03  5.80349476e+16  4.04254622e+14  3.12474835e+10  3.27590666e+08  3.75315425e+12  8.59187529e+09
 1.66370000e+03  5.79001153e+16  5.37438340e+14  3.11748864e+10  4.35517057e+08  3.75315425e+12  8.59187529e+09
 1.66375000e+03  5.77655963e+16  6.69843924e+14  3.11024579e+10  5.42812883e+08  3.75315425e+12  8.59187529e+09
 1.66380000e+03  5.76313899e+16  8.01474820e+14  3.10301978e+10  6.49480934e+08  3.75315425e+12  8.59187529e+09
 1.66385000e+03  5.74974952e+16  9.32334459e+14  3.09581055e+10  7.55523992e+08  3.75315425e+12  8.59187529e+09
 1.66390000e+03  5.73639116e+16  1.06242626e+15  3.08861807e+10  8.60944827e+08  3.75315425e+12  8.59187529e+09
 1.66395000e+03  5.72306384e+16  1.19175363e+15  3.08144230e+10  9.65746199e+08  3.75315425e+12  8.59187529e+09
 1.66400000e+03  5.70976747e+16  1.32031996e+15  3.07428320e+10  1.06993085e+09  3.75315425e+12  8.59187529e+09
 1.66400000e+03  5.70976747e+16  1.32031996e+15  3.07428320e+10  1.06993085e+09  3.75315425e+12  8.59187529e+09
 1.66470000e+03  5.91994733e+16  3.10551969e+15  3.18744936e+10  2.51658041e+09  3.75315425e+12  8.59187529e+09
 1.66540000e+03  6.12339314e+16  4.87104371e+15  3.29698972e+10  3.94728560e+09  3.75315425e+12  8.59187529e+09
 1.66610000e+03  6.32032065e+16  6.61572781e+15  3.40302048e+10  5.36110302e+09  3.75315425e+12  8.59187529e+09
 1.66680000e+03  6.51093871e+16  8.33853094e+15  3.50565406e+10  6.75718903e+09  3.75315425e+12  8.59187529e+09
 1.66750000e+03  6.69544947e+16  1.00385271e+16  3.60499932e+10  8.13479327e+09  3.75315425e+12  8.59187529e+09
 1.66820000e+03  6.87404861e+16  1.17148979e+16  3.70116161e+10  9.49325247e+09  3.75315425e+12  8.59187529e+09
 1.66890000e+03  7.04692552e+16  1.33669250e+16  3.79424291e+10  1.08319847e+10  3.75315425e+12  8.59187529e+09
 1.66960000e+03  7.21426355e+16  1.49939840e+16  3.88434194e+10  1.21504837e+10  3.75315425e+12  8.59187529e+09
 1.67030000e+03  7.37624016e+16  1.65955373e+16  3.97155424e+10  1.34483140e+10  3.75315425e+12  8.59187529e+09
 1.67100000e+03  7.53302712e+16  1.81711288e+16  4.05597231e+10  1.47251060e+10  3.75315425e+12  8.59187529e+09
 1.67100000e+03  7.53302712e+16  1.81711288e+16  4.05597231e+10  1.47251060e+10  3.76832353e+12  8.58328341e+09
 1.67102500e+03  7.52427132e+16  1.82268319e+16  4.05125796e+10  1.47702454e+10  3.76832353e+12  8.58328341e+09
 1.67105000e+03  7.51552569e+16  1.82823358e+16  4.04654909e+10  1.48152235e+10  3.76832353e+12  8.58328341e+09
 1.67107500e+03  7.50679022e+16  1.83376412e+16  4.04184570e+10  1.48600405e+10  3.76832353e+12  8.58328341e+09
 1.67110000e+03  7.49806491e+16  1.83927484e+16  4.03714777e+10  1.49046970e+10  3.76832353e+12  8.58328341e+09
 1.67112500e+03  7.48934974e+16  1.84476578e+16  4.03245530e+10  1.49491933e+10  3.76832353e+12  8.58328341e+09
 1.67115000e+03  7.48064470e+16  1.85023701e+16  4.02776829e+10  1.49935298e+10  3.76832353e+12  8.58328341e+09
 1.67117500e+03  7.47194978e+16  1.85568855e+16  4.02308672e+10  1.50377068e+10  3.76832353e+12  8.58328341e+09
 1.67120000e+03  7.46326496e+16  1.86112047e+16  4.01841060e+10  1.50817247e+10  3.76832353e+12  8.58328341e+09
 1.67122500e+03  7.45459024e+16  1.86653280e+16  4.01373991e+10  1.51255839e+10  3.76832353e+12  8.58328341e+09
 1.67125000e+03  7.44592560e+16  1.87192559e+16  4.00907465e+10  1.51692848e+10  3.76832353e+12  8.58328341e+09
 1.67125000e+03  7.44592560e+16  0.00000000e+00  4.00907465e+10  0.00000000e+00  3.77918320e+12  8.57470013e+09
 1.67177500e+03  7.26627668e+16  1.76374057e+15  3.91234713e+10  1.42925996e+09  3.77918320e+12  8.57470013e+09
 1.67230000e+03  7.09096218e+16  3.42127295e+15  3.81795337e+10  2.77245335e+09  3.77918320e+12  8.57470013e+09
 1.67282500e+03  6.91987752e+16  4.97745694e+15  3.72583706e+10  4.03351834e+09  3.77918320e+12  8.57470013e+09
 1.67335000e+03  6.75292064e+16  6.43695219e+15  3.63594325e+10  5.21623090e+09  3.77918320e+12  8.57470013e+09
 1.67387500e+03  6.58999195e+16  7.80422599e+15  3.54821833e+10  6.32421114e+09  3.77918320e+12  8.57470013e+09
 1.67440000e+03  6.43099427e+16  9.08356084e+15  3.46260995e+10  7.36092942e+09  3.77918320e+12  8.57470013e+09
 1.67492500e+03  6.27583275e+16  1.02790616e+16  3.37906706e+10  8.32971216e+09  3.77918320e+12  8.57470013e+09
 1.67545000e+03  6.12441483e+16  1.13946627e+16  3.29753983e+10  9.23374755e+09  3.77918320e+12  8.57470013e+09
 1.67597500e+03  5.97665020e+16  1.24341343e+16  3.21797961e+10  1.00760909e+10  3.77918320e+12  8.57470013e+09
 1.67650000e+03  5.83245070e+16  1.34010895e+16  3.14033896e+10  1.08596701e+10  3.77918320e+12  8.57470013e+09
 1.67650000e+03  5.83245070e+16  0.00000000e+00  3.14033896e+10  0.00000000e+00  3.77918320e+12  8.57470013e+09
 1.67655000e+03  5.81890020e+16  1.35267990e+14  3.13304302e+10  1.09615397e+08  3.77918320e+12  8.57470013e+09
 1.67660000e+03  5.80538118e+16  2.69749003e+14  3.12576404e+10  2.18593061e+08  3.77918320e+12  8.57470013e+09
 1.67665000e+03  5.79189357e+16  4.03446517e+14  3.11850197e+10  3.26935812e+08  3.77918320e+12  8.57470013e+09
 1.67670000e+03  5.77843730e+16  5.36364001e+14  3.11125678e+10  4.34646459e+08  3.77918320e+12  8.57470013e+09
 1.67675000e+03  5.76501229e+16  6.68504906e+14  3.10402841e+10  5.41727800e+08  3.77918320e+12  8.57470013e+09
 1.67680000e+03  5.75161847e+16  7.99872672e+14  3.09681684e+10  6.48182621e+08  3.77918320e+12  8.57470013e+09
 1.67685000e+03  5.73825577e+16  9.30470723e+14  3.08962202e+10  7.54013700e+08  3.77918320e+12  8.57470013e+09
 1.67690000e+03  5.72492411e+16  1.06030247e+15  3.08244392e+10  8.59223799e+08  3.77918320e+12  8.57470013e+09
 1.67695000e+03  5.71162343e+16  1.18937131e+15  3.07528250e+10  9.63815672e+08  3.77918320e+12  8.57470013e+09
 1.67700000e+03  5.69835365e+16  1.31768064e+15  3.06813771e+10  1.06779206e+09  3.77918320e+12  8.57470013e+09
 1.67700000e+03  5.69835365e+16  1.31768064e+15  3.06813771e+10  1.06779206e+09  3.77918320e+12  8.57470013e+09
 1.67770000e+03  5.90811336e+16  3.09931176e+15  3.18107764e+10  2.51154977e+09  3.77918320e+12  8.57470013e+09
 1.67840000e+03  6.11115248e+16  4.86130649e+15  3.29039904e+10  3.93939498e+09  3.77918320e+12  8.57470013e+09
 1.67910000e+03  6.30768633e+16  6.60250297e+15  3.39621784e+10  5.35038617e+09  3.77918320e+12  8.57470013e+09
 1.67980000e+03  6.49792335e+16  8.32186221e+15  3.49864626e+10  6.74368141e+09  3.77918320e+12  8.57470013e+09
 1.68050000e+03  6.68206527e+16  1.00184601e+16  3.59779293e+10  8.11853182e+09  3.77918320e+12  8.57470013e+09
 1.68120000e+03  6.86030738e+16  1.16914798e+16  3.69376299e+10  9.47427546e+09  3.77918320e+12  8.57470013e+09
 1.68190000e+03  7.03283872e+16  1.33402045e+16  3.78665822e+10  1.08103315e+10  3.77918320e+12  8.57470013e+09
 1.68260000e+03  7.19984224e+16  1.49640110e+16  3.87657714e+10  1.21261949e+10  3.77918320e+12  8.57470013e+09
 1.68330000e+03  7.36149506e+16  1.65623628e+16  3.96361511e+10  1.34214309e+10  3.77918320e+12  8.57470013e+09
 1.68400000e+03  7.51796860e+16  1.81348047e+16  4.04786442e+10  1.46956705e+10  3.77918320e+12  8.57470013e+09
 1.68400000e+03  7.51796860e+16  1.81348047e+16  4.04786442e+10  1.46956705e+10  3.79432217e+12  8.56612543e+09
 1.68402500e+03  7.50923030e+16  1.81903964e+16  4.04315950e+10  1.47407197e+10  3.79432217e+12  8.56612543e+09
 1.68405000e+03  7.50050215e+16  1.82457895e+16  4.03846004e+10  1.47856078e+10  3.79432217e+12  8.56612543e+09
 1.68407500e+03  7.49178415e+16  1.83009842e+16  4.03376605e+10  1.48303353e+10  3.79432217e+12  8.56612543e+09
 1.68410000e+03  7.48307628e+16  1.83559813e+16  4.02907751e+10  1.48749026e+10  3.79432217e+12  8.56612543e+09
 1.68412500e+03  7.47437853e+16  1.84107810e+16  4.02439442e+10  1.49193099e+10  3.79432217e+12  8.56612543e+09
 1.68415000e+03  7.46569089e+16  1.84653838e+16  4.01971678e+10  1.49635577e+10  3.79432217e+12  8.56612543e+09
 1.68417500e+03  7.45701335e+16  1.85197903e+16  4.01504457e+10  1.50076464e+10  3.79432217e+12  8.56612543e+09
 1.68420000e+03  7.44834589e+16  1.85740009e+16  4.01037779e+10  1.50515763e+10  3.79432217e+12  8.56612543e+09
 1.68422500e+03  7.43968851e+16  1.86280160e+16  4.00571644e+10  1.50953479e+10  3.79432217e+12  8.56612543e+09
 1.68425000e+03  7.43104119e+16  1.86818361e+16  4.00106051e+10  1.51389614e+10  3.79432217e+12  8.56612543e+09
 1.68425000e+03  7.43104119e+16  0.00000000e+00  4.00106051e+10  0.00000000e+00  3.80516013e+12  8.55755931e+09
 1.68477500e+03  7.25175140e+16  1.76021485e+15  3.90452634e+10  1.42640287e+09  3.80516013e+12  8.55755931e+09
 1.68530000e+03  7.07678735e+16  3.41443382e+15  3.81032128e+10  2.76691122e+09  3.80516013e+12  8.55755931e+09
 1.68582500e+03  6.90604468e+16  4.96750700e+15  3.71838911e+10  4.02545533e+09  3.80516013e+12  8.55755931e+09
 1.68635000e+03  6.73942155e+16  6.42408472e+15  3.62867500e+10  5.20580365e+09  3.80516013e+12  8.55755931e+09
 1.68687500e+03  6.57681856e+16  7.78862535e+15  3.54112544e+10  6.31156905e+09  3.80516013e+12  8.55755931e+09
 1.68740000e+03  6.41813872e+16  9.06540280e+15  3.45568820e+10  7.34621492e+09  3.80516013e+12  8.55755931e+09
 1.68792500e+03  6.26328736e+16  1.02585138e+16  3.37231231e+10  8.31306106e+09  3.80516013e+12  8.55755931e+09
 1.68845000e+03  6.11217213e+16  1.13718847e+16  3.29094805e+10  9.21528929e+09  3.80516013e+12  8.55755931e+09
 1.68897500e+03  5.96470287e+16  1.24092785e+16  3.21154687e+10  1.00559488e+10  3.80516013e+12  8.55755931e+09
 1.68950000e+03  5.82079163e+16  1.33743007e+16  3.13406142e+10  1.08379616e+10  3.80516013e+12  8.55755931e+09
 1.68950000e+03  5.82079163e+16  0.00000000e+00  3.13406142e+10  0.00000000e+00  3.80516013e+12  8.55755931e+09
 1.68955000e+03  5.80726822e+16  1.34997590e+14  3.12678007e+10  1.09396276e+08  3.80516013e+12  8.55755931e+09
 1.68960000e+03  5.79377623e+16  2.69209774e+14  3.11951564e+10  2.18156093e+08  3.80516013e+12  8.55755931e+09
 1.68965000e+03  5.78031558e+16  4.02640028e+14  3.11226809e+10  3.26282267e+08  3.80516013e+12  8.55755931e+09
 1.68970000e+03  5.76688621e+16  5.35291809e+14  3.10503737e+10  4.33777601e+08  3.80516013e+12  8.55755931e+09
 1.68975000e+03  5.75348803e+16  6.67168565e+14  3.09782346e+10  5.40644886e+08  3.80516013e+12  8.55755931e+09
 1.68980000e+03  5.74012099e+16  7.98273726e+14  3.09062630e+10  6.46886904e+08  3.80516013e+12  8.55755931e+09
 1.68985000e+03  5.72678500e+16  9.28610712e+14  3.08344587e+10  7.52506426e+08  3.80516013e+12  8.55755931e+09
 1.68990000e+03  5.71347999e+16  1.05818293e+15  3.07628212e+10  8.57506210e+08  3.80516013e+12  8.55755931e+09
 1.68995000e+03  5.70020590e+16  1.18699376e+15  3.06913501e+10  9.61889004e+08  3.80516013e+12  8.55755931e+09
 1.69000000e+03  5.68696264e+16  1.31504659e+15  3.06200451e+10  1.06565755e+09  3.80516013e+12  8.55755931e+09
 1.69000000e+03  5.68696264e+16  1.31504659e+15  3.06200451e+10  1.06565755e+09  3.80516013e+12  8.55755931e+09
 1.69070000e+03  5.89630304e+16  3.09311624e+15  3.17471867e+10  2.50652918e+09  3.80516013e+12  8.55755931e+09
 1.69140000e+03  6.09893628e+16  4.85158874e+15  3.28382153e+10  3.93152013e+09  3.80516013e+12  8.55755931e+09
 1.69210000e+03  6.29507727e+16  6.58930457e+15  3.38942880e+10  5.33969075e+09  3.80516013e+12  8.55755931e+09
 1.69280000e+03  6.48493400e+16  8.30522681e+15  3.49165246e+10  6.73020079e+09  3.80516013e+12  8.55755931e+09
 1.69350000e+03  6.66870782e+16  9.99843321e+15  3.59060094e+10  8.10230287e+09  3.80516013e+12  8.55755931e+09
 1.69420000e+03  6.84659363e+16  1.16681085e+16  3.68637916e+10  9.45533638e+09  3.80516013e+12  8.55755931e+09
 1.69490000e+03  7.01878007e+16  1.33135375e+16  3.77908869e+10  1.07887217e+10  3.80516013e+12  8.55755931e+09
 1.69560000e+03  7.18544975e+16  1.49340979e+16  3.86882786e+10  1.21019546e+10  3.80516013e+12  8.55755931e+09
 1.69630000e+03  7.34677943e+16  1.65292547e+16  3.95569184e+10  1.33946014e+10  3.80516013e+12  8.55755931e+09
 1.69700000e+03  7.50294018e+16  1.80985532e+16  4.03977274e+10  1.46662939e+10  3.80516013e+12  8.55755931e+09
 1.69700000e+03  7.50294018e+16  1.80985532e+16  4.03977274e+10  1.46662939e+10  3.82026883e+12  8.54900175e+09
 1.69702500e+03  7.49421935e+16  1.81540338e+16  4.03507722e+10  1.47112530e+10  3.82026883e+12  8.54900175e+09
 1.69705000e+03  7.48550865e+16  1.82093161e+16  4.03038716e+10  1.47560514e+10  3.82026883e+12  8.54900175e+09
 1.69707500e+03  7.47680807e+16  1.82644006e+16  4.02570255e+10  1.48006895e+10  3.82026883e+12  8.54900175e+09
 1.69710000e+03  7.46811761e+16  1.83192876e+16  4.02102338e+10  1.48451676e+10  3.82026883e+12  8.54900175e+09
 1.69712500e+03  7.45943725e+16  1.83739778e+16  4.01634966e+10  1.48894862e+10  3.82026883e+12  8.54900175e+09
 1.69715000e+03  7.45076697e+16  1.84284715e+16  4.01168136e+10  1.49336456e+10  3.82026883e+12  8.54900175e+09
 1.69717500e+03  7.44210678e+16  1.84827692e+16  4.00701850e+10  1.49776461e+10  3.82026883e+12  8.54900175e+09
 1.69720000e+03  7.43345665e+16  1.85368714e+16  4.00236105e+10  1.50214882e+10  3.82026883e+12  8.54900175e+09
 1.69722500e+03  7.42481657e+16  1.85907786e+16  3.99770901e+10  1.50651723e+10  3.82026883e+12  8.54900175e+09
 1.69725000e+03  7.41618654e+16  1.86444911e+16  3.99306239e+10  1.51086986e+10  3.82026883e+12  8.54900175e+09
 1.69725000e+03  7.41618654e+16  0.00000000e+00  3.99306239e+10  0.00000000e+00  3.83108512e+12  8.54045274e+09
 1.69777500e+03  7.23725514e+16  1.75669618e+15  3.89672120e+10  1.42355149e+09  3.83108512e+12  8.54045274e+09
 1.69830000e+03  7.06264085e+16  3.40760837e+15  3.80270444e+10  2.76138016e+09  3.83108512e+12  8.54045274e+09
 1.69882500e+03  6.89223950e+16  4.95757696e+15  3.71095605e+10  4.01740845e+09  3.83108512e+12  8.54045274e+09
 1.69935000e+03  6.72594945e+16  6.41124297e+15  3.62142128e+10  5.19539725e+09  3.83108512e+12  8.54045274e+09
 1.69987500e+03  6.56367150e+16  7.77305588e+15  3.53404673e+10  6.29895222e+09  3.83108512e+12  8.54045274e+09
 1.70040000e+03  6.40530886e+16  9.04728106e+15  3.44878027e+10  7.33152984e+09  3.83108512e+12  8.54045274e+09
 1.70092500e+03  6.25076705e+16  1.02380070e+16  3.36557106e+10  8.29644326e+09  3.83108512e+12  8.54045274e+09
 1.70145000e+03  6.09995390e+16  1.13491523e+16  3.28436944e+10  9.19686792e+09  3.83108512e+12  8.54045274e+09
 1.70197500e+03  5.95277943e+16  1.23844723e+16  3.20512699e+10  1.00358470e+10  3.83108512e+12  8.54045274e+09
 1.70250000e+03  5.80915587e+16  1.33475655e+16  3.12779643e+10  1.08162965e+10  3.83108512e+12  8.54045274e+09
 1.70250000e+03  5.80915587e+16  0.00000000e+00  3.12779643e+10  0.00000000e+00  3.83108512e+12  8.54045274e+09
 1.70255000e+03  5.79565949e+16  1.34727729e+14  3.12052964e+10  1.09177593e+08  3.83108512e+12  8.54045274e+09
 1.70260000e+03  5.78219447e+16  2.68671624e+14  3.11327973e+10  2.17719999e+08  3.83108512e+12  8.54045274e+09
 1.70265000e+03  5.76876073e+16  4.01835150e+14  3.10604666e+10  3.25630029e+08  3.83108512e+12  8.54045274e+09
 1.70270000e+03  5.75535820e+16  5.34221761e+14  3.09883040e+10  4.32910479e+08  3.83108512e+12  8.54045274e+09
 1.70275000e+03  5.74198681e+16  6.65834895e+14  3.09163091e+10  5.39564137e+08  3.83108512e+12  8.54045274e+09
 1.70280000e+03  5.72864648e+16  7.96677977e+14  3.08444814e+10  6.45593778e+08  3.83108512e+12  8.54045274e+09
 1.70285000e+03  5.71533715e+16  9.26754419e+14  3.07728206e+10  7.51002166e+08  3.83108512e+12  8.54045274e+09
 1.70290000e+03  5.70205874e+16  1.05606762e+15  3.07013263e+10  8.55792055e+08  3.83108512e+12  8.54045274e+09
 1.70295000e+03  5.68881118e+16  1.18462096e+15  3.06299981e+10  9.59966188e+08  3.83108512e+12  8.54045274e+09
 1.70300000e+03  5.67559440e+16  1.31241782e+15  3.05588356e+10  1.06352730e+09  3.83108512e+12  8.54045274e+09
 1.70300000e+03  5.67559440e+16  1.31241782e+15  3.05588356e+10  1.06352730e+09  3.83108512e+12  8.54045274e+09
 1.70370000e+03  5.88451633e+16  3.08693310e+15  3.16837241e+10  2.50151863e+09  3.83108512e+12  8.54045274e+09
 1.70440000e+03  6.08674451e+16  4.84189041e+15  3.27725717e+10  3.92366102e+09  3.83108512e+12  8.54045274e+09
 1.70510000e+03  6.28249341e+16  6.57613255e+15  3.38265333e+10  5.32901671e+09  3.83108512e+12  8.54045274e+09
 1.70580000e+03  6.47197061e+16  8.28862466e+15  3.48467265e+10  6.71674712e+09  3.83108512e+12  8.54045274e+09
 1.70650000e+03  6.65537707e+16  9.97844634e+15  3.58342333e+10  8.08610637e+09  3.83108512e+12  8.54045274e+09
 1.70720000e+03  6.83290729e+16  1.16447840e+16  3.67901008e+10  9.43643516e+09  3.83108512e+12  8.54045274e+09
 1.70790000e+03  7.00474953e+16  1.32869237e+16  3.77153429e+10  1.07671550e+10  3.83108512e+12  8.54045274e+09
 1.70860000e+03  7.17108604e+16  1.49042447e+16  3.86109408e+10  1.20777628e+10  3.83108512e+12  8.54045274e+09
 1.70930000e+03  7.33209321e+16  1.64962127e+16  3.94778441e+10  1.33678256e+10  3.83108512e+12  8.54045274e+09
 1.71000000e+03  7.48794181e+16  1.80623742e+16  4.03169723e+10  1.46369760e+10  3.83108512e+12  8.54045274e+09
 1.71000000e+03  7.48794181e+16  1.80623742e+16  4.03169723e+10  1.46369760e+10  3.84616362e+12  8.53191229e+09
 1.71002500e+03  7.47923840e+16  1.81177439e+16  4.02701110e+10  1.46818452e+10  3.84616362e+12  8.53191229e+09
 1.71005000e+03  7.47054511e+16  1.81729157e+16  4.02233042e+10  1.47265541e+10  3.84616362e+12  8.53191229e+09
 1.71007500e+03  7.46186193e+16  1.82278900e+16  4.01765517e+10  1.47711029e+10  3.84616362e+12  8.53191229e+09
 1.71010000e+03  7.45318884e+16  1.82826674e+16  4.01298536e+10  1.48154921e+10  3.84616362e+12  8.53191229e+09
 1.71012500e+03  7.44452583e+16  1.83372482e+16  4.00832097e+10  1.48597221e+10  3.84616362e+12  8.53191229e+09
 1.71015000e+03  7.43587289e+16  1.83916330e+16  4.00366201e+10  1.49037932e+10  3.84616362e+12  8.53191229e+09
 1.71017500e+03  7.42723001e+16  1.84458222e+16  3.99900847e+10  1.49477058e+10  3.84616362e+12  8.53191229e+09
 1.71020000e+03  7.41859717e+16  1.84998162e+16  3.99436033e+10  1.49914603e+10  3.84616362e+12  8.53191229e+09
 1.71022500e+03  7.40997437e+16  1.85536156e+16  3.98971759e+10  1.50350570e+10  3.84616362e+12  8.53191229e+09
 1.71025000e+03  7.40136159e+16  1.86072207e+16  3.98508025e+10  1.50784963e+10  3.84616362e+12  8.53191229e+09
 1.71025000e+03  7.40136159e+16  0.00000000e+00  3.98508025e+10  0.00000000e+00  3.85695829e+12  8.52338038e+09
 1.71077500e+03  7.22278787e+16  1.75318455e+15  3.88893165e+10  1.42070582e+09  3.85695829e+12  8.52338038e+09
 1.71130000e+03  7.04852263e+16  3.40079656e+15  3.79510284e+10  2.75586016e+09  3.85695829e+12  8.52338038e+09
 1.71182500e+03  6.87846191e+16  4.94766676e+15  3.70353785e+10  4.00937765e+09  3.85695829e+12  8.52338038e+09
 1.71235000e+03  6.71250428e+16  6.39842690e+15  3.61418206e+10  5.18501165e+09  3.85695829e+12  8.52338038e+09
 1.71287500e+03  6.55055072e+16  7.75751755e+15  3.52698217e+10  6.28636061e+09  3.85695829e+12  8.52338038e+09
 1.71340000e+03  6.39250464e+16  9.02919555e+15  3.44188616e+10  7.31687411e+09  3.85695829e+12  8.52338038e+09
 1.71392500e+03  6.23827177e+16  1.02175412e+16  3.35884328e+10  8.27985867e+09  3.85695829e+12  8.52338038e+09
 1.71445000e+03  6.08776009e+16  1.13264654e+16  3.27780399e+10  9.17848338e+09  3.85695829e+12  8.52338038e+09
 1.71497500e+03  5.94087983e+16  1.23597158e+16  3.19871994e+10  1.00157853e+10  3.85695829e+12  8.52338038e+09
 1.71550000e+03  5.79754337e+16  1.33208837e+16  3.12154396e+10  1.07946747e+10  3.85695829e+12  8.52338038e+09
 1.71550000e+03  5.79754337e+16  0.00000000e+00  3.12154396e+10  0.00000000e+00  3.85695829e+12  8.52338038e+09
 1.71555000e+03  5.78407397e+16  1.34458409e+14  3.11429170e+10  1.08959347e+08  3.85695829e+12  8.52338038e+09
 1.71560000e+03  5.77063586e+16  2.68134550e+14  3.10705628e+10  2.17284777e+08  3.85695829e+12  8.52338038e+09
 1.71565000e+03  5.75722898e+16  4.01031882e+14  3.09983768e+10  3.24979095e+08  3.85695829e+12  8.52338038e+09
 1.71570000e+03  5.74385324e+16  5.33153852e+14  3.09263584e+10  4.32045091e+08  3.85695829e+12  8.52338038e+09
 1.71575000e+03  5.73050858e+16  6.64503891e+14  3.08545074e+10  5.38485548e+08  3.85695829e+12  8.52338038e+09
 1.71580000e+03  5.71719492e+16  7.95085418e+14  3.07828233e+10  6.44303236e+08  3.85695829e+12  8.52338038e+09
 1.71585000e+03  5.70391219e+16  9.24901837e+14  3.07113057e+10  7.49500912e+08  3.85695829e+12  8.52338038e+09
 1.71590000e+03  5.69066033e+16  1.05395654e+15  3.06399543e+10  8.54081327e+08  3.85695829e+12  8.52338038e+09
 1.71595000e+03  5.67743925e+16  1.18225290e+15  3.05687687e+10  9.58047216e+08  3.85695829e+12  8.52338038e+09
 1.71600000e+03  5.66424889e+16  1.30979429e+15  3.04977485e+10  1.06140131e+09  3.85695829e+12  8.52338038e+09
 1.71600000e+03  5.66424889e+16  1.30979429e+15  3.04977485e+10  1.06140131e+09  3.85695829e+12  8.52338038e+09
 1.71670000e+03  5.87275318e+16  3.08076232e+15  3.16203883e+10  2.49651809e+09  3.85695829e+12  8.52338038e+09
 1.71740000e+03  6.07457711e+16  4.83221148e+15  3.27070594e+10  3.91581762e+09  3.85695829e+12  8.52338038e+09
 1.71810000e+03  6.26993470e+16  6.56298686e+15  3.37589141e+10  5.31836401e+09  3.85695829e+12  8.52338038e+09
 1.71880000e+03  6.45903314e+16  8.27205570e+15  3.47770679e+10  6.70332034e+09  3.85695829e+12  8.52338038e+09
 1.71950000e+03  6.64207297e+16  9.95849942e+15  3.57626006e+10  8.06994224e+09  3.85695829e+12  8.52338038e+09
 1.72020000e+03  6.81924831e+16  1.16215061e+16  3.67165574e+10  9.41757173e+09  3.85695829e+12  8.52338038e+09
 1.72090000e+03  6.99074704e+16  1.32603632e+16  3.76399500e+10  1.07456315e+10  3.85695829e+12  8.52338038e+09
 1.72160000e+03  7.15675104e+16  1.48744511e+16  3.85337575e+10  1.20536193e+10  3.85695829e+12  8.52338038e+09
 1.72230000e+03  7.31743636e+16  1.64632368e+16  3.93989279e+10  1.33411033e+10  3.85695829e+12  8.52338038e+09
 1.72300000e+03  7.47297341e+16  1.80262675e+16  4.02363787e+10  1.46077167e+10  3.85695829e+12  8.52338038e+09
 1.72300000e+03  7.47297341e+16  1.80262675e+16  4.02363787e+10  1.46077167e+10  3.87200665e+12  8.51485700e+09
 1.72302500e+03  7.46428741e+16  1.80815265e+16  4.01896111e+10  1.46524962e+10  3.87200665e+12  8.51485700e+09
 1.72305000e+03  7.45561150e+16  1.81365880e+16  4.01428978e+10  1.46971157e+10  3.87200665e+12  8.51485700e+09
 1.72307500e+03  7.44694567e+16  1.81914525e+16  4.00962388e+10  1.47415755e+10  3.87200665e+12  8.51485700e+09
 1.72310000e+03  7.43828992e+16  1.82461203e+16  4.00496340e+10  1.47858760e+10  3.87200665e+12  8.51485700e+09
 1.72312500e+03  7.42964422e+16  1.83005921e+16  4.00030834e+10  1.48300175e+10  3.87200665e+12  8.51485700e+09
 1.72315000e+03  7.42100858e+16  1.83548681e+16  3.99565869e+10  1.48740005e+10  3.87200665e+12  8.51485700e+09
 1.72317500e+03  7.41238297e+16  1.84089490e+16  3.99101445e+10  1.49178254e+10  3.87200665e+12  8.51485700e+09
 1.72320000e+03  7.40376739e+16  1.84628351e+16  3.98637560e+10  1.49614924e+10  3.87200665e+12  8.51485700e+09
 1.72322500e+03  7.39516183e+16  1.85165269e+16  3.98174215e+10  1.50050019e+10  3.87200665e+12  8.51485700e+09
 1.72325000e+03  7.38656626e+16  1.85700249e+16  3.97711408e+10  1.50483544e+10  3.87200665e+12  8.51485700e+09
 1.72325000e+03  7.38656626e+16  0.00000000e+00  3.97711408e+10  0.00000000e+00  3.88277974e+12  8.50634214e+09
 1.72377500e+03  7.20834952e+16  1.74967993e+15  3.88115768e+10  1.41786582e+09  3.88277974e+12  8.50634214e+09
 1.72430000e+03  7.03443264e+16  3.39399837e+15  3.78751643e+10  2.75035120e+09  3.88277974e+12  8.50634214e+09
 1.72482500e+03  6.86471187e+16  4.93777637e+15  3.69613447e+10  4.00136290e+09  3.88277974e+12  8.50634214e+09
 1.72535000e+03  6.69908598e+16  6.38563644e+15  3.60695731e+10  5.17464681e+09  3.88277974e+12  8.50634214e+09
 1.72587500e+03  6.53745617e+16  7.74201027e+15  3.51993173e+10  6.27379418e+09  3.88277974e+12  8.50634214e+09
 1.72640000e+03  6.37972603e+16  9.01114619e+15  3.43500583e+10  7.30224768e+09  3.88277974e+12  8.50634214e+09
 1.72692500e+03  6.22580146e+16  1.01971164e+16  3.35212895e+10  8.26330723e+09  3.88277974e+12  8.50634214e+09
 1.72745000e+03  6.07559066e+16  1.13038238e+16  3.27125166e+10  9.16013560e+09  3.88277974e+12  8.50634214e+09
 1.72797500e+03  5.92900401e+16  1.23350087e+16  3.19232570e+10  9.99576378e+09  3.88277974e+12  8.50634214e+09
 1.72850000e+03  5.78595408e+16  1.32942553e+16  3.11530400e+10  1.07730962e+10  3.88277974e+12  8.50634214e+09
 1.72850000e+03  5.78595408e+16  0.00000000e+00  3.11530400e+10  0.00000000e+00  3.88277974e+12  8.50634214e+09
 1.72855000e+03  5.77251160e+16  1.34189626e+14  3.10806623e+10  1.08741537e+08  3.88277974e+12  8.50634214e+09
 1.72860000e+03  5.75910036e+16  2.67598549e+14  3.10084528e+10  2.16850425e+08  3.88277974e+12  8.50634214e+09
 1.72865000e+03  5.74572027e+16  4.00230219e+14  3.09364110e+10  3.24329461e+08  3.88277974e+12  8.50634214e+09
 1.72870000e+03  5.73237128e+16  5.32088077e+14  3.08645366e+10  4.31181433e+08  3.88277974e+12  8.50634214e+09
 1.72875000e+03  5.71905329e+16  6.63175548e+14  3.07928292e+10  5.37409115e+08  3.88277974e+12  8.50634214e+09
 1.72880000e+03  5.70576625e+16  7.93496042e+14  3.07212884e+10  6.43015273e+08  3.88277974e+12  8.50634214e+09
 1.72885000e+03  5.69251007e+16  9.23052958e+14  3.06499138e+10  7.48002660e+08  3.88277974e+12  8.50634214e+09
 1.72890000e+03  5.67928470e+16  1.05184968e+15  3.05787051e+10  8.52374018e+08  3.88277974e+12  8.50634214e+09
 1.72895000e+03  5.66609005e+16  1.17988958e+15  3.05076617e+10  9.56132080e+08  3.88277974e+12  8.50634214e+09
 1.72900000e+03  5.65292605e+16  1.30717601e+15  3.04367835e+10  1.05927956e+09  3.88277974e+12  8.50634214e+09
 1.72900000e+03  5.65292605e+16  1.30717601e+15  3.04367835e+10  1.05927956e+09  3.88277974e+12  8.50634214e+09
 1.72970000e+03  5.86101355e+16  3.07460387e+15  3.15571792e+10  2.49152755e+09  3.88277974e+12  8.50634214e+09
 1.73040000e+03  6.06243403e+16  4.82255188e+15  3.26416780e+10  3.90798990e+09  3.88277974e+12  8.50634214e+09
 1.73110000e+03  6.25740110e+16  6.54986745e+15  3.36914300e+10  5.30773260e+09  3.88277974e+12  8.50634214e+09
 1.73180000e+03  6.44612154e+16  8.25551986e+15  3.47075485e+10  6.68992040e+09  3.88277974e+12  8.50634214e+09
 1.73250000e+03  6.62879547e+16  9.93859238e+15  3.56911112e+10  8.05381043e+09  3.88277974e+12  8.50634214e+09
 1.73320000e+03  6.80561663e+16  1.15982747e+16  3.66431610e+10  9.39874600e+09  3.88277974e+12  8.50634214e+09
 1.73390000e+03  6.97677253e+16  1.32338557e+16  3.75647077e+10  1.07241510e+10  3.88277974e+12  8.50634214e+09
 1.73460000e+03  7.14244469e+16  1.48447171e+16  3.84567285e+10  1.20295242e+10  3.88277974e+12  8.50634214e+09
 1.73530000e+03  7.30280880e+16  1.64303268e+16  3.93201694e+10  1.33144345e+10  3.88277974e+12  8.50634214e+09
 1.73600000e+03  7.45803494e+16  1.79902330e+16  4.01559462e+10  1.45785158e+10  3.88277974e+12  8.50634214e+09
 1.73600000e+03  7.45803494e+16  1.79902330e+16  4.01559462e+10  1.45785158e+10  3.89779802e+12  8.49783580e+09
 1.73602500e+03  7.44936629e+16  1.80453816e+16  4.01092720e+10  1.46232059e+10  3.89779802e+12  8.49783580e+09
 1.73605000e+03  7.44070773e+16  1.81003330e+16  4.00626521e+10  1.46677361e+10  3.89779802e+12  8.49783580e+09
 1.73607500e+03  7.43205922e+16  1.81550878e+16  4.00160864e+10  1.47121071e+10  3.89779802e+12  8.49783580e+09
 1.73610000e+03  7.42342077e+16  1.82096463e+16  3.99695748e+10  1.47563190e+10  3.89779802e+12  8.49783580e+09
 1.73612500e+03  7.41479236e+16  1.82640092e+16  3.99231172e+10  1.48003723e+10  3.89779802e+12  8.49783580e+09
 1.73615000e+03  7.40617398e+16  1.83181768e+16  3.98767137e+10  1.48442674e+10  3.89779802e+12  8.49783580e+09
 1.73617500e+03  7.39756562e+16  1.83721495e+16  3.98303641e+10  1.48880046e+10  3.89779802e+12  8.49783580e+09
 1.73620000e+03  7.38896726e+16  1.84259279e+16  3.97840684e+10  1.49315843e+10  3.89779802e+12  8.49783580e+09
 1.73622500e+03  7.38037890e+16  1.84795124e+16  3.97378264e+10  1.49750069e+10  3.89779802e+12  8.49783580e+09
 1.73625000e+03  7.37180052e+16  1.85329034e+16  3.96916383e+10  1.50182727e+10  3.89779802e+12  8.49783580e+09
 1.73625000e+03  7.37180052e+16  0.00000000e+00  3.96916383e+10  0.00000000e+00  3.90854958e+12  8.48933796e+09
 1.73677500e+03  7.19394003e+16  1.74618232e+15  3.87339924e+10  1.41503151e+09  3.90854958e+12  8.48933796e+09
 1.73730000e+03  7.02037080e+16  3.38721377e+15  3.77994518e+10  2.74485324e+09  3.90854958e+12  8.48933796e+09
 1.73782500e+03  6.85098931e+16  4.92790576e+15  3.68874590e+10  3.99336418e+09  3.90854958e+12  8.48933796e+09
 1.73835000e+03  6.68569451e+16  6.37287156e+15  3.59974700e+10  5.16430269e+09  3.90854958e+12  8.48933796e+09
 1.73887500e+03  6.52438780e+16  7.72653399e+15  3.51289539e+10  6.26125286e+09  3.90854958e+12  8.48933796e+09
 1.73940000e+03  6.36697295e+16  8.99313291e+15  3.42813926e+10  7.28765048e+09  3.90854958e+12  8.48933796e+09
 1.73992500e+03  6.21335608e+16  1.01767323e+16  3.34542805e+10  8.24678888e+09  3.90854958e+12  8.48933796e+09
 1.74045000e+03  6.06344555e+16  1.12812274e+16  3.26471242e+10  9.14182449e+09  3.90854958e+12  8.48933796e+09
 1.74097500e+03  5.91715193e+16  1.23103510e+16  3.18594424e+10  9.97578225e+09  3.90854958e+12  8.48933796e+09
 1.74150000e+03  5.77438795e+16  1.32676800e+16  3.10907651e+10  1.07515608e+10  3.90854958e+12  8.48933796e+09
 1.74150000e+03  5.77438795e+16  0.00000000e+00  3.10907651e+10  0.00000000e+00  3.90854958e+12  8.48933796e+09
 1.74155000e+03  5.76097235e+16  1.33921381e+14  3.10185321e+10  1.08524163e+08  3.90854958e+12  8.48933796e+09
 1.74160000e+03  5.74758792e+16  2.67063619e+14  3.09464669e+10  2.16416941e+08  3.90854958e+12  8.48933796e+09
 1.74165000e+03  5.73423458e+16  3.99430159e+14  3.08745691e+10  3.23681127e+08  3.90854958e+12  8.48933796e+09
 1.74170000e+03  5.72091227e+16  5.31024433e+14  3.08028384e+10  4.30319501e+08  3.90854958e+12  8.48933796e+09
 1.74175000e+03  5.70762090e+16  6.61849860e+14  3.07312744e+10  5.36334835e+08  3.90854958e+12  8.48933796e+09
 1.74180000e+03  5.69436042e+16  7.91909843e+14  3.06598766e+10  6.41729886e+08  3.90854958e+12  8.48933796e+09
 1.74185000e+03  5.68113075e+16  9.21207775e+14  3.05886447e+10  7.46507403e+08  3.90854958e+12  8.48933796e+09
 1.74190000e+03  5.66793181e+16  1.04974703e+15  3.05175782e+10  8.50670123e+08  3.90854958e+12  8.48933796e+09
 1.74195000e+03  5.65476354e+16  1.17753098e+15  3.04466769e+10  9.54220772e+08  3.90854958e+12  8.48933796e+09
 1.74200000e+03  5.64162586e+16  1.30456297e+15  3.03759403e+10  1.05716206e+09  3.90854958e+12  8.48933796e+09
 1.74200000e+03  5.64162586e+16  1.30456297e+15  3.03759403e+10  1.05716206e+09  3.90854958e+12  8.48933796e+09
 1.74270000e+03  5.84929738e+16  3.06845774e+15  3.14940963e+10  2.48654699e+09  3.90854958e+12  8.48933796e+09
 1.74340000e+03  6.05031522e+16  4.81291160e+15  3.25764272e+10  3.90017783e+09  3.90854958e+12  8.48933796e+09
 1.74410000e+03  6.24489256e+16  6.53677426e+15  3.36240808e+10  5.29712244e+09  3.90854958e+12  8.48933796e+09
 1.74480000e+03  6.43323574e+16  8.23901708e+15  3.46381682e+10  6.67654725e+09  3.90854958e+12  8.48933796e+09
 1.74550000e+03  6.61554451e+16  9.91872514e+15  3.56197647e+10  8.03771086e+09  3.90854958e+12  8.48933796e+09
 1.74620000e+03  6.79201220e+16  1.15750897e+16  3.65699114e+10  9.37995791e+09  3.90854958e+12  8.48933796e+09
 1.74690000e+03  6.96282596e+16  1.32074012e+16  3.74896158e+10  1.07027134e+10  3.90854958e+12  8.48933796e+09
 1.74760000e+03  7.12816695e+16  1.48150425e+16  3.83798535e+10  1.20054771e+10  3.90854958e+12  8.48933796e+09
 1.74830000e+03  7.28821049e+16  1.63974825e+16  3.92415684e+10  1.32878189e+10  3.90854958e+12  8.48933796e+09
 1.74900000e+03  7.44312633e+16  1.79542706e+16  4.00756745e+10  1.45493734e+10  3.90854958e+12  8.48933796e+09
 1.74900000e+03  7.44312633e+16  1.79542706e+16  4.00756745e+10  1.45493734e+10  3.92353783e+12  8.48084863e+09
 1.74902500e+03  7.43447501e+16  1.80093089e+16  4.00290936e+10  1.45939741e+10  3.92353783e+12  8.48084863e+09
 1.74905000e+03  7.42583375e+16  1.80641504e+16  3.99825669e+10  1.46384153e+10  3.92353783e+12  8.48084863e+09
 1.74907500e+03  7.41720254e+16  1.81187957e+16  3.99360942e+10  1.46826976e+10  3.92353783e+12  8.48084863e+09
 1.74910000e+03  7.40858136e+16  1.81732453e+16  3.98896756e+10  1.47268211e+10  3.92353783e+12  8.48084863e+09
 1.74912500e+03  7.39997019e+16  1.82274994e+16  3.98433109e+10  1.47707864e+10  3.92353783e+12  8.48084863e+09
 1.74915000e+03  7.39136904e+16  1.82815587e+16  3.97970002e+10  1.48145937e+10  3.92353783e+12  8.48084863e+09
 1.74917500e+03  7.38277789e+16  1.83354236e+16  3.97507432e+10  1.48582435e+10  3.92353783e+12  8.48084863e+09
 1.74920000e+03  7.37419672e+16  1.83890945e+16  3.97045400e+10  1.49017361e+10  3.92353783e+12  8.48084863e+09
 1.74922500e+03  7.36562552e+16  1.84425718e+16  3.96583905e+10  1.49450719e+10  3.92353783e+12  8.48084863e+09
 1.74925000e+03  7.35706429e+16  1.84958562e+16  3.96122947e+10  1.49882512e+10  3.92353783e+12  8.48084863e+09
 1.74925000e+03  7.35706429e+16  0.00000000e+00  3.96122947e+10  0.00000000e+00  3.93426790e+12  8.47236778e+09
 1.74977500e+03  7.17955934e+16  1.74269170e+15  3.86565632e+10  1.41220286e+09  3.93426790e+12  8.47236778e+09
 1.75030000e+03  7.00633708e+16  3.38044273e+15  3.77238907e+10  2.73936628e+09  3.93426790e+12  8.47236778e+09
 1.75082500e+03  6.83729418e+16  4.91805488e+15  3.68137210e+10  3.98538144e+09  3.93426790e+12  8.47236778e+09
 1.75135000e+03  6.67232980e+16  6.36013219e+15  3.59255111e+10  5.15397925e+09  3.93426790e+12  8.47236778e+09
 1.75187500e+03  6.51134554e+16  7.71108865e+15  3.50587311e+10  6.24873662e+09  3.93426790e+12  8.47236778e+09
 1.75240000e+03  6.35424538e+16  8.97515563e+15  3.42128641e+10  7.27308247e+09  3.93426790e+12  8.47236778e+09
 1.75292500e+03  6.20093558e+16  1.01563891e+16  3.33874054e+10  8.23030355e+09  3.93426790e+12  8.47236778e+09
 1.75345000e+03  6.05132472e+16  1.12586763e+16  3.25818626e+10  9.12354998e+09  3.93426790e+12  8.47236778e+09
 1.75397500e+03  5.90532354e+16  1.22857426e+16  3.17957554e+10  9.95584066e+09  3.93426790e+12  8.47236778e+09
 1.75450000e+03  5.76284495e+16  1.32411579e+16  3.10286146e+10  1.07300684e+10  3.93426790e+12  8.47236778e+09
 1.75450000e+03  5.76284495e+16  0.00000000e+00  3.10286146e+10  0.00000000e+00  3.93426790e+12  8.47236778e+09
 1.75455000e+03  5.74945617e+16  1.33653672e+14  3.09565260e+10  1.08307223e+08  3.93426790e+12  8.47236778e+09
 1.75460000e+03  5.73609849e+16  2.66529759e+14  3.08846049e+10  2.15984323e+08  3.93426790e+12  8.47236778e+09
 1.75465000e+03  5.72277185e+16  3.98631698e+14  3.08128509e+10  3.23034088e+08  3.93426790e+12  8.47236778e+09
 1.75470000e+03  5.70947616e+16  5.29962915e+14  3.07412636e+10  4.29459293e+08  3.93426790e+12  8.47236778e+09
 1.75475000e+03  5.69621137e+16  6.60526822e+14  3.06698426e+10  5.35262701e+08  3.93426790e+12  8.47236778e+09
 1.75480000e+03  5.68297739e+16  7.90326816e+14  3.05985875e+10  6.40447068e+08  3.93426790e+12  8.47236778e+09
 1.75485000e+03  5.66977417e+16  9.19366281e+14  3.05274980e+10  7.45015135e+08  3.93426790e+12  8.47236778e+09
 1.75490000e+03  5.65660161e+16  1.04764859e+15  3.04565736e+10  8.48969633e+08  3.93426790e+12  8.47236778e+09
 1.75495000e+03  5.64345966e+16  1.17517710e+15  3.03858140e+10  9.52313284e+08  3.93426790e+12  8.47236778e+09
 1.75500000e+03  5.63034825e+16  1.30195515e+15  3.03152188e+10  1.05504880e+09  3.93426790e+12  8.47236778e+09
 1.75500000e+03  5.63034825e+16  1.30195515e+15  3.03152188e+10  1.05504880e+09  3.93426790e+12  8.47236778e+09
 1.75570000e+03  5.83760464e+16  3.06232389e+15  3.14311397e+10  2.48157638e+09  3.93426790e+12  8.47236778e+09
 1.75640000e+03  6.03822064e+16  4.80329059e+15  3.25113070e+10  3.89238137e+09  3.93426790e+12  8.47236778e+09
 1.75710000e+03  6.23240902e+16  6.52370725e+15  3.35568663e+10  5.28653349e+09  3.93426790e+12  8.47236778e+09
 1.75780000e+03  6.42037570e+16  8.22254728e+15  3.45689265e+10  6.66320084e+09  3.93426790e+12  8.47236778e+09
 1.75850000e+03  6.60232004e+16  9.89889761e+15  3.55485608e+10  8.02164348e+09  3.93426790e+12  8.47236778e+09
 1.75920000e+03  6.77843497e+16  1.15519511e+16  3.64968081e+10  9.36120738e+09  3.93426790e+12  8.47236778e+09
 1.75990000e+03  6.94890728e+16  1.31809996e+16  3.74146741e+10  1.06813187e+10  3.93426790e+12  8.47236778e+09
 1.76060000e+03  7.11391774e+16  1.47854272e+16  3.83031322e+10  1.19814782e+10  3.93426790e+12  8.47236778e+09
 1.76130000e+03  7.27364136e+16  1.63647040e+16  3.91631245e+10  1.32612566e+10  3.93426790e+12  8.47236778e+09
 1.76200000e+03  7.42824752e+16  1.79183800e+16  3.99955632e+10  1.45202892e+10  3.93426790e+12  8.47236778e+09
 1.76200000e+03  7.42824752e+16  1.79183800e+16  3.99955632e+10  1.45202892e+10  3.94922619e+12  8.46389541e+09
 1.76202500e+03  7.41961350e+16  1.79733083e+16  3.99490754e+10  1.45648007e+10  3.94922619e+12  8.46389541e+09
 1.76205000e+03  7.41098951e+16  1.80280402e+16  3.99026417e+10  1.46091531e+10  3.94922619e+12  8.46389541e+09
 1.76207500e+03  7.40237555e+16  1.80825763e+16  3.98562620e+10  1.46533469e+10  3.94922619e+12  8.46389541e+09
 1.76210000e+03  7.39377160e+16  1.81369169e+16  3.98099361e+10  1.46973822e+10  3.94922619e+12  8.46389541e+09
 1.76212500e+03  7.38517765e+16  1.81910627e+16  3.97636642e+10  1.47412596e+10  3.94922619e+12  8.46389541e+09
 1.76215000e+03  7.37659370e+16  1.82450139e+16  3.97174460e+10  1.47849793e+10  3.94922619e+12  8.46389541e+09
 1.76217500e+03  7.36801971e+16  1.82987711e+16  3.96712815e+10  1.48285419e+10  3.94922619e+12  8.46389541e+09
 1.76220000e+03  7.35945570e+16  1.83523347e+16  3.96251706e+10  1.48719475e+10  3.94922619e+12  8.46389541e+09
 1.76222500e+03  7.35090164e+16  1.84057051e+16  3.95791134e+10  1.49151967e+10  3.94922619e+12  8.46389541e+09
 1.76225000e+03  7.34235752e+16  1.84588829e+16  3.95331097e+10  1.49582897e+10  3.94922619e+12  8.46389541e+09
 1.76225000e+03  7.34235752e+16  0.00000000e+00  3.95331097e+10  0.00000000e+00  3.95993481e+12  8.45543151e+09
 1.76277500e+03  7.16520740e+16  1.73920806e+15  3.85792887e+10  1.40937987e+09  3.95993481e+12  8.45543151e+09
 1.76330000e+03  6.99233142e+16  3.37368522e+15  3.76484807e+10  2.73389029e+09  3.95993481e+12  8.45543151e+09
 1.76382500e+03  6.82362643e+16  4.90822368e+15  3.67401304e+10  3.97741466e+09  3.95993481e+12  8.45543151e+09
 1.76435000e+03  6.65899182e+16  6.34741828e+15  3.58536960e+10  5.14367645e+09  3.95993481e+12  8.45543151e+09
 1.76487500e+03  6.49832936e+16  7.69567418e+15  3.49886487e+10  6.23624540e+09  3.95993481e+12  8.45543151e+09
 1.76540000e+03  6.34154324e+16  8.95721430e+15  3.41444725e+10  7.25854358e+09  3.95993481e+12  8.45543151e+09
 1.76592500e+03  6.18853991e+16  1.01360864e+16  3.33206639e+10  8.21385117e+09  3.95993481e+12  8.45543151e+09
 1.76645000e+03  6.03922812e+16  1.12361702e+16  3.25167315e+10  9.10531200e+09  3.95993481e+12  8.45543151e+09
 1.76697500e+03  5.89351880e+16  1.22611834e+16  3.17321957e+10  9.93593893e+09  3.95993481e+12  8.45543151e+09
 1.76750000e+03  5.75132503e+16  1.32146889e+16  3.09665884e+10  1.07086190e+10  3.95993481e+12  8.45543151e+09
 1.76750000e+03  5.75132503e+16  0.00000000e+00  3.09665884e+10  0.00000000e+00  3.95993481e+12  8.45543151e+09
 1.76755000e+03  5.73796300e+16  1.33386499e+14  3.08946439e+10  1.08090717e+08  3.95993481e+12  8.45543151e+09
 1.76760000e+03  5.72463203e+16  2.65996966e+14  3.08228666e+10  2.15552571e+08  3.95993481e+12  8.45543151e+09
 1.76765000e+03  5.71133202e+16  3.97834833e+14  3.07512560e+10  3.22388343e+08  3.95993481e+12  8.45543151e+09
 1.76770000e+03  5.69806292e+16  5.28903519e+14  3.06798118e+10  4.28600803e+08  3.95993481e+12  8.45543151e+09
 1.76775000e+03  5.68482464e+16  6.59206429e+14  3.06085335e+10  5.34192711e+08  3.95993481e+12  8.45543151e+09
 1.76780000e+03  5.67161712e+16  7.88746952e+14  3.05374209e+10  6.39166814e+08  3.95993481e+12  8.45543151e+09
 1.76785000e+03  5.65844029e+16  9.17528468e+14  3.04664735e+10  7.43525849e+08  3.95993481e+12  8.45543151e+09
 1.76790000e+03  5.64529407e+16  1.04555434e+15  3.03956909e+10  8.47272543e+08  3.95993481e+12  8.45543151e+09
 1.76795000e+03  5.63217839e+16  1.17282792e+15  3.03250728e+10  9.50409610e+08  3.95993481e+12  8.45543151e+09
 1.76800000e+03  5.61909318e+16  1.29935254e+15  3.02546187e+10  1.05293976e+09  3.95993481e+12  8.45543151e+09
 1.76800000e+03  5.61909318e+16  1.29935254e+15  3.02546187e+10  1.05293976e+09  3.95993481e+12  8.45543151e+09
 1.76870000e+03  5.82593526e+16  3.05620231e+15  3.13683088e+10  2.47661571e+09  3.95993481e+12  8.45543151e+09
 1.76940000e+03  6.02615024e+16  4.79368882e+15  3.24463169e+10  3.88460050e+09  3.95993481e+12  8.45543151e+09
 1.77010000e+03  6.21995043e+16  6.51066636e+15  3.34897861e+10  5.27596571e+09  3.95993481e+12  8.45543151e+09
 1.77080000e+03  6.40754137e+16  8.20611041e+15  3.44998232e+10  6.64988110e+09  3.95993481e+12  8.45543151e+09
 1.77150000e+03  6.58912200e+16  9.87910971e+15  3.54774992e+10  8.00560821e+09  3.95993481e+12  8.45543151e+09
 1.77220000e+03  6.76488488e+16  1.15288588e+16  3.64238510e+10  9.34249432e+09  3.95993481e+12  8.45543151e+09
 1.77290000e+03  6.93501641e+16  1.31546508e+16  3.73398822e+10  1.06599667e+10  3.95993481e+12  8.45543151e+09
 1.77360000e+03  7.09969702e+16  1.47558711e+16  3.82265642e+10  1.19575272e+10  3.95993481e+12  8.45543151e+09
 1.77430000e+03  7.25910135e+16  1.63319909e+16  3.90848374e+10  1.32347473e+10  3.95993481e+12  8.45543151e+09
 1.77500000e+03  7.41339845e+16  1.78825611e+16  3.99156121e+10  1.44912631e+10  3.95993481e+12  8.45543151e+09
 1.77500000e+03  7.41339845e+16  1.78825611e+16  3.99156121e+10  1.44912631e+10  3.97486319e+12  8.44697608e+09
 1.77502500e+03  7.40478169e+16  1.79373796e+16  3.98692172e+10  1.45356857e+10  3.97486319e+12  8.44697608e+09
 1.77505000e+03  7.39617494e+16  1.79920021e+16  3.98228763e+10  1.45799494e+10  3.97486319e+12  8.44697608e+09
 1.77507500e+03  7.38757820e+16  1.80464292e+16  3.97765893e+10  1.46240548e+10  3.97486319e+12  8.44697608e+09
 1.77510000e+03  7.37899145e+16  1.81006612e+16  3.97303561e+10  1.46680021e+10  3.97486319e+12  8.44697608e+09
 1.77512500e+03  7.37041468e+16  1.81546987e+16  3.96841766e+10  1.47117918e+10  3.97486319e+12  8.44697608e+09
 1.77515000e+03  7.36184788e+16  1.82085421e+16  3.96380508e+10  1.47554242e+10  3.97486319e+12  8.44697608e+09
 1.77517500e+03  7.35329104e+16  1.82621918e+16  3.95919786e+10  1.47988996e+10  3.97486319e+12  8.44697608e+09
 1.77520000e+03  7.34474415e+16  1.83156484e+16  3.95459599e+10  1.48422185e+10  3.97486319e+12  8.44697608e+09
 1.77522500e+03  7.33620718e+16  1.83689121e+16  3.94999948e+10  1.48853812e+10  3.97486319e+12  8.44697608e+09
 1.77525000e+03  7.32768014e+16  1.84219836e+16  3.94540830e+10  1.49283881e+10  3.97486319e+12  8.44697608e+09
 1.77525000e+03  7.32768014e+16  0.00000000e+00  3.94540830e+10  0.00000000e+00  3.98555041e+12  8.43852911e+09
 1.77577500e+03  7.15088415e+16  1.73573139e+15  3.85021687e+10  1.40656252e+09  3.98555041e+12  8.43852911e+09
 1.77630000e+03  6.97835374e+16  3.36694122e+15  3.75732213e+10  2.72842524e+09  3.98555041e+12  8.43852911e+09
 1.77682500e+03  6.80998600e+16  4.89841214e+15  3.66666868e+10  3.96946381e+09  3.98555041e+12  8.43852911e+09
 1.77735000e+03  6.64568049e+16  6.33472979e+15  3.57820244e+10  5.13339424e+09  3.98555041e+12  8.43852911e+09
 1.77787500e+03  6.48533920e+16  7.68029053e+15  3.49187064e+10  6.22377914e+09  3.98555041e+12  8.43852911e+09
 1.77840000e+03  6.32886649e+16  8.93930883e+15  3.40762177e+10  7.24403375e+09  3.98555041e+12  8.43852911e+09
 1.77892500e+03  6.17616902e+16  1.01158244e+16  3.32540559e+10  8.19743168e+09  3.98555041e+12  8.43852911e+09
 1.77945000e+03  6.02715571e+16  1.12137091e+16  3.24517306e+10  9.08711048e+09  3.98555041e+12  8.43852911e+09
 1.77997500e+03  5.88173766e+16  1.22366733e+16  3.16687630e+10  9.91607699e+09  3.98555041e+12  8.43852911e+09
 1.78050000e+03  5.73982813e+16  1.31882727e+16  3.09046862e+10  1.06872125e+10  3.98555041e+12  8.43852911e+09
 1.78050000e+03  5.73982813e+16  0.00000000e+00  3.09046862e+10  0.00000000e+00  3.98555041e+12  8.43852911e+09
 1.78055000e+03  5.72649282e+16  1.33119859e+14  3.08328855e+10  1.07874643e+08  3.98555041e+12  8.43852911e+09
 1.78060000e+03  5.71318849e+16  2.65465238e+14  3.07612517e+10  2.15121681e+08  3.98555041e+12  8.43852911e+09
 1.78065000e+03  5.69991507e+16  3.97039562e+14  3.06897842e+10  3.21743889e+08  3.98555041e+12  8.43852911e+09
 1.78070000e+03  5.68667249e+16  5.27846241e+14  3.06184828e+10  4.27744030e+08  3.98555041e+12  8.43852911e+09
 1.78075000e+03  5.67346068e+16  6.57888675e+14  3.05473471e+10  5.33124860e+08  3.98555041e+12  8.43852911e+09
 1.78080000e+03  5.66027956e+16  7.87170247e+14  3.04763766e+10  6.37889120e+08  3.98555041e+12  8.43852911e+09
 1.78085000e+03  5.64712907e+16  9.15694328e+14  3.04055710e+10  7.42039541e+08  3.98555041e+12  8.43852911e+09
 1.78090000e+03  5.63400912e+16  1.04346428e+15  3.03349299e+10  8.45578845e+08  3.98555041e+12  8.43852911e+09
 1.78095000e+03  5.62091966e+16  1.17048343e+15  3.02644530e+10  9.48509741e+08  3.98555041e+12  8.43852911e+09
 1.78100000e+03  5.60786061e+16  1.29675513e+15  3.01941397e+10  1.05083493e+09  3.98555041e+12  8.43852911e+09
 1.78100000e+03  5.60786061e+16  1.29675513e+15  3.01941397e+10  1.05083493e+09  3.98555041e+12  8.43852911e+09
 1.78170000e+03  5.81428922e+16  3.05009296e+15  3.13056036e+10  2.47166495e+09  3.98555041e+12  8.43852911e+09
 1.78240000e+03  6.01410396e+16  4.78410623e+15  3.23814567e+10  3.87683519e+09  3.98555041e+12  8.43852911e+09
 1.78310000e+03  6.20751675e+16  6.49765154e+15  3.34228400e+10  5.26541905e+09  3.98555041e+12  8.43852911e+09
 1.78380000e+03  6.39473270e+16  8.18970640e+15  3.44308580e+10  6.63658799e+09  3.98555041e+12  8.43852911e+09
 1.78450000e+03  6.57595034e+16  9.85936137e+15  3.54065797e+10  7.98960500e+09  3.98555041e+12  8.43852911e+09
 1.78520000e+03  6.75136187e+16  1.15058126e+16  3.63510397e+10  9.32381868e+09  3.98555041e+12  8.43852911e+09
 1.78590000e+03  6.92115331e+16  1.31283547e+16  3.72652397e+10  1.06386574e+10  3.98555041e+12  8.43852911e+09
 1.78660000e+03  7.08550472e+16  1.47263742e+16  3.81501493e+10  1.19336241e+10  3.98555041e+12  8.43852911e+09
 1.78730000e+03  7.24459040e+16  1.62993433e+16  3.90067069e+10  1.32082910e+10  3.98555041e+12  8.43852911e+09
 1.78800000e+03  7.39857907e+16  1.78468139e+16  3.98358207e+10  1.44622951e+10  3.98555041e+12  8.43852911e+09
 1.78800000e+03  7.39857907e+16  1.78468139e+16  3.98358207e+10  1.44622951e+10  4.00044895e+12  8.43009058e+09
 1.78802500e+03  7.38997953e+16  1.79015228e+16  3.97895187e+10  1.45066288e+10  4.00044895e+12  8.43009058e+09
 1.78805000e+03  7.38138999e+16  1.79560361e+16  3.97432704e+10  1.45508041e+10  4.00044895e+12  8.43009058e+09
 1.78807500e+03  7.37281043e+16  1.80103544e+16  3.96970759e+10  1.45948213e+10  4.00044895e+12  8.43009058e+09
 1.78810000e+03  7.36424085e+16  1.80644780e+16  3.96509351e+10  1.46386808e+10  4.00044895e+12  8.43009058e+09
 1.78812500e+03  7.35568123e+16  1.81184075e+16  3.96048479e+10  1.46823829e+10  4.00044895e+12  8.43009058e+09
 1.78815000e+03  7.34713155e+16  1.81721432e+16  3.95588143e+10  1.47259281e+10  4.00044895e+12  8.43009058e+09
 1.78817500e+03  7.33859181e+16  1.82256857e+16  3.95128342e+10  1.47693166e+10  4.00044895e+12  8.43009058e+09
 1.78820000e+03  7.33006200e+16  1.82790354e+16  3.94669076e+10  1.48125489e+10  4.00044895e+12  8.43009058e+09
 1.78822500e+03  7.32154211e+16  1.83321927e+16  3.94210343e+10  1.48556253e+10  4.00044895e+12  8.43009058e+09
 1.78825000e+03  7.31303211e+16  1.83851581e+16  3.93752143e+10  1.48985462e+10  4.00044895e+12  8.43009058e+09
 1.78825000e+03  7.31303211e+16  0.00000000e+00  3.93752143e+10  0.00000000e+00  4.01111480e+12  8.42166049e+09
 1.78877500e+03  7.13658954e+16  1.73226166e+15  3.84252029e+10  1.40375080e+09  4.01111480e+12  8.42166049e+09
 1.78930000e+03  6.96440402e+16  3.36021071e+15  3.74981125e+10  2.72297112e+09  4.01111480e+12  8.42166049e+09
 1.78982500e+03  6.79637284e+16  4.88862022e+15  3.65933901e+10  3.96152885e+09  4.01111480e+12  8.42166049e+09
 1.79035000e+03  6.63239578e+16  6.32206667e+15  3.57104962e+10  5.12313258e+09  4.01111480e+12  8.42166049e+09
 1.79087500e+03  6.47237501e+16  7.66493763e+15  3.48489039e+10  6.21133781e+09  4.01111480e+12  8.42166049e+09
 1.79140000e+03  6.31621509e+16  8.92143915e+15  3.40080994e+10  7.22955293e+09  4.01111480e+12  8.42166049e+09
 1.79192500e+03  6.16382286e+16  1.00956029e+16  3.31875811e+10  8.18104501e+09  4.01111480e+12  8.42166049e+09
 1.79245000e+03  6.01510742e+16  1.11912929e+16  3.23868595e+10  9.06894535e+09  4.01111480e+12  8.42166049e+09
 1.79297500e+03  5.86998006e+16  1.22122122e+16  3.16054571e+10  9.89625475e+09  4.01111480e+12  8.42166049e+09
 1.79350000e+03  5.72835421e+16  1.31619094e+16  3.08429077e+10  1.06658487e+10  4.01111480e+12  8.42166049e+09
 1.79350000e+03  5.72835421e+16  0.00000000e+00  3.08429077e+10  0.00000000e+00  4.01111480e+12  8.42166049e+09
 1.79355000e+03  5.71504556e+16  1.32853753e+14  3.07712506e+10  1.07659002e+08  4.01111480e+12  8.42166049e+09
 1.79360000e+03  5.70176783e+16  2.64934573e+14  3.06997599e+10  2.14691653e+08  4.01111480e+12  8.42166049e+09
 1.79365000e+03  5.68852094e+16  3.96245879e+14  3.06284353e+10  3.21100723e+08  4.01111480e+12  8.42166049e+09
 1.79370000e+03  5.67530483e+16  5.26791077e+14  3.05572765e+10  4.26888970e+08  4.01111480e+12  8.42166049e+09
 1.79375000e+03  5.66211943e+16  6.56573556e+14  3.04862829e+10  5.32059143e+08  4.01111480e+12  8.42166049e+09
 1.79380000e+03  5.64896466e+16  7.85596694e+14  3.04154543e+10  6.36613979e+08  4.01111480e+12  8.42166049e+09
 1.79385000e+03  5.63584045e+16  9.13863855e+14  3.03447903e+10  7.40556204e+08  4.01111480e+12  8.42166049e+09
 1.79390000e+03  5.62274674e+16  1.04137839e+15  3.02742904e+10  8.43888533e+08  4.01111480e+12  8.42166049e+09
 1.79395000e+03  5.60968344e+16  1.16814364e+15  3.02039543e+10  9.46613670e+08  4.01111480e+12  8.42166049e+09
 1.79400000e+03  5.59665050e+16  1.29416292e+15  3.01337816e+10  1.04873431e+09  4.01111480e+12  8.42166049e+09
 1.79400000e+03  5.59665050e+16  1.29416292e+15  3.01337816e+10  1.04873431e+09  4.01111480e+12  8.42166049e+09
 1.79470000e+03  5.80266645e+16  3.04399582e+15  3.12430237e+10  2.46672410e+09  4.01111480e+12  8.42166049e+09
 1.79540000e+03  6.00208177e+16  4.77454280e+15  3.23167261e+10  3.86908539e+09  4.01111480e+12  8.42166049e+09
 1.79610000e+03  6.19510792e+16  6.48466273e+15  3.33560278e+10  5.25489348e+09  4.01111480e+12  8.42166049e+09
 1.79680000e+03  6.38194963e+16  8.17333517e+15  3.43620307e+10  6.62332145e+09  4.01111480e+12  8.42166049e+09
 1.79750000e+03  6.56280502e+16  9.83965251e+15  3.53358019e+10  7.97363378e+09  4.01111480e+12  8.42166049e+09
 1.79820000e+03  6.73786590e+16  1.14828125e+16  3.62783740e+10  9.30518036e+09  4.01111480e+12  8.42166049e+09
 1.79890000e+03  6.90731793e+16  1.31021111e+16  3.71907465e+10  1.06173907e+10  4.01111480e+12  8.42166049e+09
 1.79960000e+03  7.07134080e+16  1.46969361e+16  3.80738872e+10  1.19097688e+10  4.01111480e+12  8.42166049e+09
 1.80030000e+03  7.23010847e+16  1.62667609e+16  3.89287324e+10  1.31818877e+10  4.01111480e+12  8.42166049e+09
 1.80100000e+03  7.38378931e+16  1.78111381e+16  3.97561889e+10  1.44333850e+10  4.01111480e+12  8.42166049e+09
 1.80100000e+03  7.38378931e+16  1.78111381e+16  3.97561889e+10  1.44333850e+10  4.02598356e+12  8.41323883e+09
 1.80102500e+03  7.37520696e+16  1.78657376e+16  3.97099794e+10  1.44776301e+10  4.02598356e+12  8.41323883e+09
 1.80105000e+03  7.36663459e+16  1.79201420e+16  3.96638236e+10  1.45217171e+10  4.02598356e+12  8.41323883e+09
 1.80107500e+03  7.35807219e+16  1.79743517e+16  3.96177215e+10  1.45656463e+10  4.02598356e+12  8.41323883e+09
 1.80110000e+03  7.34951973e+16  1.80283671e+16  3.95716729e+10  1.46094181e+10  4.02598356e+12  8.41323883e+09
 1.80112500e+03  7.34097722e+16  1.80821888e+16  3.95256778e+10  1.46530328e+10  4.02598356e+12  8.41323883e+09
 1.80115000e+03  7.33244463e+16  1.81358171e+16  3.94797362e+10  1.46964909e+10  4.02598356e+12  8.41323883e+09
 1.80117500e+03  7.32392197e+16  1.81892526e+16  3.94338481e+10  1.47397927e+10  4.02598356e+12  8.41323883e+09
 1.80120000e+03  7.31540921e+16  1.82424956e+16  3.93880132e+10  1.47829386e+10  4.02598356e+12  8.41323883e+09
 1.80122500e+03  7.30690634e+16  1.82955466e+16  3.93422316e+10  1.48259289e+10  4.02598356e+12  8.41323883e+09
 1.80125000e+03  7.29841336e+16  1.83484062e+16  3.92965033e+10  1.48687640e+10  4.02598356e+12  8.41323883e+09
 1.80125000e+03  7.29841336e+16  0.00000000e+00  3.92965033e+10  0.00000000e+00  4.03662809e+12  8.40482559e+09
 1.80177500e+03  7.12232349e+16  1.72879887e+15  3.83483909e+10  1.40094470e+09  4.03662809e+12  8.40482559e+09
 1.80230000e+03  6.95048217e+16  3.35349365e+15  3.74231537e+10  2.71752790e+09  4.03662809e+12  8.40482559e+09
 1.80282500e+03  6.78278689e+16  4.87884787e+15  3.65202399e+10  3.95360976e+09  4.03662809e+12  8.40482559e+09
 1.80335000e+03  6.61913762e+16  6.30942886e+15  3.56391109e+10  5.11289144e+09  4.03662809e+12  8.40482559e+09
 1.80387500e+03  6.45943673e+16  7.64961542e+15  3.47792409e+10  6.19892134e+09  4.03662809e+12  8.40482559e+09
 1.80440000e+03  6.30358898e+16  8.90360519e+15  3.39401172e+10  7.21510105e+09  4.03662809e+12  8.40482559e+09
 1.80492500e+03  6.15150138e+16  1.00754218e+16  3.31212391e+10  8.16469111e+09  4.03662809e+12  8.40482559e+09
 1.80545000e+03  6.00308322e+16  1.11689215e+16  3.23221182e+10  9.05081653e+09  4.03662809e+12  8.40482559e+09
 1.80597500e+03  5.85824597e+16  1.21878000e+16  3.15422778e+10  9.87647214e+09  4.03662809e+12  8.40482559e+09
 1.80650000e+03  5.71690323e+16  1.31355987e+16  3.07812528e+10  1.06445277e+10  4.03662809e+12  8.40482559e+09
 1.80650000e+03  5.71690323e+16  0.00000000e+00  3.07812528e+10  0.00000000e+00  4.03662809e+12  8.40482559e+09
 1.80655000e+03  5.70362118e+16  1.32588178e+14  3.07097389e+10  1.07443792e+08  4.03662809e+12  8.40482559e+09
 1.80660000e+03  5.69036999e+16  2.64404969e+14  3.06383911e+10  2.14262484e+08  4.03662809e+12  8.40482559e+09
 1.80665000e+03  5.67714959e+16  3.95453784e+14  3.05672091e+10  3.20458842e+08  4.03662809e+12  8.40482559e+09
 1.80670000e+03  5.66395990e+16  5.25738021e+14  3.04961925e+10  4.26035619e+08  4.03662809e+12  8.40482559e+09
 1.80675000e+03  5.65080085e+16  6.55261065e+14  3.04253409e+10  5.30995557e+08  4.03662809e+12  8.40482559e+09
 1.80680000e+03  5.63767238e+16  7.84026286e+14  3.03546538e+10  6.35341388e+08  4.03662809e+12  8.40482559e+09
 1.80685000e+03  5.62457441e+16  9.12037041e+14  3.02841310e+10  7.39075832e+08  4.03662809e+12  8.40482559e+09
 1.80690000e+03  5.61150687e+16  1.03929668e+15  3.02137721e+10  8.42201600e+08  4.03662809e+12  8.40482559e+09
 1.80695000e+03  5.59846969e+16  1.16580852e+15  3.01435766e+10  9.44721389e+08  4.03662809e+12  8.40482559e+09
 1.80700000e+03  5.58546279e+16  1.29157589e+15  3.00735442e+10  1.04663789e+09  4.03662809e+12  8.40482559e+09
 1.80700000e+03  5.58546279e+16  1.29157589e+15  3.00735442e+10  1.04663789e+09  4.03662809e+12  8.40482559e+09
 1.80770000e+03  5.79106692e+16  3.03791088e+15  3.11805688e+10  2.46179312e+09  4.03662809e+12  8.40482559e+09
 1.80840000e+03  5.99008361e+16  4.76499849e+15  3.22521250e+10  3.86135109e+09  4.03662809e+12  8.40482559e+09
 1.80910000e+03  6.18272390e+16  6.47169989e+15  3.32893491e+10  5.24438895e+09  4.03662809e+12  8.40482559e+09
 1.80980000e+03  6.36919211e+16  8.15699668e+15  3.42933410e+10  6.61008143e+09  4.03662809e+12  8.40482559e+09
 1.81050000e+03  6.54968597e+16  9.81998304e+15  3.52651656e+10  7.95769449e+09  4.03662809e+12  8.40482559e+09
 1.81120000e+03  6.72439691e+16  1.14598583e+16  3.62058535e+10  9.28657931e+09  4.03662809e+12  8.40482559e+09
 1.81190000e+03  6.89351020e+16  1.30759200e+16  3.71164022e+10  1.05961666e+10  4.03662809e+12  8.40482559e+09
 1.81260000e+03  7.05720519e+16  1.46675570e+16  3.79977775e+10  1.18859612e+10  4.03662809e+12  8.40482559e+09
 1.81330000e+03  7.21565548e+16  1.62342436e+16  3.88509139e+10  1.31555371e+10  4.03662809e+12  8.40482559e+09
 1.81400000e+03  7.36902911e+16  1.77755336e+16  3.96767163e+10  1.44045326e+10  4.03662809e+12  8.40482559e+09
 1.81400000e+03  7.36902911e+16  1.77755336e+16  3.96767163e+10  1.44045326e+10  4.05146713e+12  8.39642076e+09
 1.81402500e+03  7.36046392e+16  1.78300240e+16  3.96305992e+10  1.44486893e+10  4.05146713e+12  8.39642076e+09
 1.81405000e+03  7.35190869e+16  1.78843197e+16  3.95845356e+10  1.44926882e+10  4.05146713e+12  8.39642076e+09
 1.81407500e+03  7.34336340e+16  1.79384210e+16  3.95385256e+10  1.45365295e+10  4.05146713e+12  8.39642076e+09
 1.81410000e+03  7.33482804e+16  1.79923284e+16  3.94925691e+10  1.45802139e+10  4.05146713e+12  8.39642076e+09
 1.81412500e+03  7.32630261e+16  1.80460425e+16  3.94466660e+10  1.46237414e+10  4.05146713e+12  8.39642076e+09
 1.81415000e+03  7.31778708e+16  1.80995636e+16  3.94008163e+10  1.46671127e+10  4.05146713e+12  8.39642076e+09
 1.81417500e+03  7.30928145e+16  1.81528922e+16  3.93550198e+10  1.47103279e+10  4.05146713e+12  8.39642076e+09
 1.81420000e+03  7.30078571e+16  1.82060288e+16  3.93092766e+10  1.47533875e+10  4.05146713e+12  8.39642076e+09
 1.81422500e+03  7.29229984e+16  1.82589738e+16  3.92635865e+10  1.47962919e+10  4.05146713e+12  8.39642076e+09
 1.81425000e+03  7.28382383e+16  1.83117277e+16  3.92179495e+10  1.48390414e+10  4.05146713e+12  8.39642076e+09
 1.81425000e+03  7.28382383e+16  0.00000000e+00  3.92179495e+10  0.00000000e+00  4.06209038e+12  8.38802434e+09
 1.81477500e+03  7.10808597e+16  1.72534300e+15  3.82717324e+10  1.39814421e+09  4.06209038e+12  8.38802434e+09
 1.81530000e+03  6.93658816e+16  3.34679001e+15  3.73483449e+10  2.71209556e+09  4.06209038e+12  8.38802434e+09
 1.81582500e+03  6.76922810e+16  4.86909505e+15  3.64472360e+10  3.94570649e+09  4.06209038e+12  8.38802434e+09
 1.81635000e+03  6.60590596e+16  6.29681631e+15  3.55678683e+10  5.10267077e+09  4.06209038e+12  8.38802434e+09
 1.81687500e+03  6.44652432e+16  7.63432384e+15  3.47097172e+10  6.18652970e+09  4.06209038e+12  8.38802434e+09
 1.81740000e+03  6.29098810e+16  8.88580688e+15  3.38722709e+10  7.20067806e+09  4.06209038e+12  8.38802434e+09
 1.81792500e+03  6.13920453e+16  1.00552810e+16  3.30550297e+10  8.14836989e+09  4.06209038e+12  8.38802434e+09
 1.81845000e+03  5.99108306e+16  1.11465948e+16  3.22575063e+10  9.03272395e+09  4.06209038e+12  8.38802434e+09
 1.81897500e+03  5.84653534e+16  1.21634366e+16  3.14792248e+10  9.85672907e+09  4.06209038e+12  8.38802434e+09
 1.81950000e+03  5.70547514e+16  1.31093406e+16  3.07197210e+10  1.06232493e+10  4.06209038e+12  8.38802434e+09
 1.81950000e+03  5.70547514e+16  0.00000000e+00  3.07197210e+10  0.00000000e+00  4.06209038e+12  8.38802434e+09
 1.81955000e+03  5.69221964e+16  1.32323134e+14  3.06483501e+10  1.07229012e+08  4.06209038e+12  8.38802434e+09
 1.81960000e+03  5.67899494e+16  2.63876423e+14  3.05771450e+10  2.13834174e+08  4.06209038e+12  8.38802434e+09
 1.81965000e+03  5.66580097e+16  3.94663272e+14  3.05061052e+10  3.19818245e+08  4.06209038e+12  8.38802434e+09
 1.81970000e+03  5.65263764e+16  5.24687071e+14  3.04352306e+10  4.25183974e+08  4.06209038e+12  8.38802434e+09
 1.81975000e+03  5.63950490e+16  6.53951198e+14  3.03645206e+10  5.29934097e+08  4.06209038e+12  8.38802434e+09
 1.81980000e+03  5.62640267e+16  7.82459017e+14  3.02939749e+10  6.34071341e+08  4.06209038e+12  8.38802434e+09
 1.81985000e+03  5.61333089e+16  9.10213879e+14  3.02235931e+10  7.37598420e+08  4.06209038e+12  8.38802434e+09
 1.81990000e+03  5.60028947e+16  1.03721912e+15  3.01533748e+10  8.40518039e+08  4.06209038e+12  8.38802434e+09
 1.81995000e+03  5.58727835e+16  1.16347807e+15  3.00833196e+10  9.42832891e+08  4.06209038e+12  8.38802434e+09
 1.82000000e+03  5.57429745e+16  1.28899403e+15  3.00134272e+10  1.04454566e+09  4.06209038e+12  8.38802434e+09
 1.82000000e+03  5.57429745e+16  1.28899403e+15  3.00134272e+10  1.04454566e+09  4.06209038e+12  8.38802434e+09
 1.82070000e+03  5.77949058e+16  3.03183809e+15  3.11182389e+10  2.45687199e+09  4.06209038e+12  8.38802434e+09
 1.82140000e+03  5.97810943e+16  4.75547326e+15  3.21876530e+10  3.85363225e+09  4.06209038e+12  8.38802434e+09
 1.82210000e+03  6.17036464e+16  6.45876296e+15  3.32228037e+10  5.23390542e+09  4.06209038e+12  8.38802434e+09
 1.82280000e+03  6.35646009e+16  8.14069084e+15  3.42247887e+10  6.59686787e+09  4.06209038e+12  8.38802434e+09
 1.82350000e+03  6.53659315e+16  9.80035289e+15  3.51946706e+10  7.94178706e+09  4.06209038e+12  8.38802434e+09
 1.82420000e+03  6.71095484e+16  1.14369501e+16  3.61334780e+10  9.26801544e+09  4.06209038e+12  8.38802434e+09
 1.82490000e+03  6.87973007e+16  1.30497812e+16  3.70422065e+10  1.05749848e+10  4.06209038e+12  8.38802434e+09
 1.82560000e+03  7.04309784e+16  1.46382365e+16  3.79218199e+10  1.18622011e+10  4.06209038e+12  8.38802434e+09
 1.82630000e+03  7.20123139e+16  1.62017914e+16  3.87732509e+10  1.31292392e+10  4.06209038e+12  8.38802434e+09
 1.82700000e+03  7.35429842e+16  1.77400004e+16  3.95974026e+10  1.43757380e+10  4.06209038e+12  8.38802434e+09
 1.82700000e+03  7.35429842e+16  1.77400004e+16  3.95974026e+10  1.43757380e+10  4.07689976e+12  8.37963632e+09
 1.82702500e+03  7.34575035e+16  1.77943818e+16  3.95513776e+10  1.44198064e+10  4.07689976e+12  8.37963632e+09
 1.82705000e+03  7.33721222e+16  1.78485689e+16  3.95054061e+10  1.44637173e+10  4.07689976e+12  8.37963632e+09
 1.82707500e+03  7.32868402e+16  1.79025621e+16  3.94594881e+10  1.45074710e+10  4.07689976e+12  8.37963632e+09
 1.82710000e+03  7.32016572e+16  1.79563618e+16  3.94136235e+10  1.45510680e+10  4.07689976e+12  8.37963632e+09
 1.82712500e+03  7.31165733e+16  1.80099685e+16  3.93678121e+10  1.45945086e+10  4.07689976e+12  8.37963632e+09
 1.82715000e+03  7.30315882e+16  1.80633826e+16  3.93220540e+10  1.46377931e+10  4.07689976e+12  8.37963632e+09
 1.82717500e+03  7.29467019e+16  1.81166046e+16  3.92763491e+10  1.46809220e+10  4.07689976e+12  8.37963632e+09
 1.82720000e+03  7.28619143e+16  1.81696350e+16  3.92306973e+10  1.47238955e+10  4.07689976e+12  8.37963632e+09
 1.82722500e+03  7.27772253e+16  1.82224741e+16  3.91850986e+10  1.47667141e+10  4.07689976e+12  8.37963632e+09
 1.82725000e+03  7.26926347e+16  1.82751225e+16  3.91395529e+10  1.48093781e+10  4.07689976e+12  8.37963632e+09
 1.82725000e+03  7.26926347e+16  0.00000000e+00  3.91395529e+10  0.00000000e+00  4.08750177e+12  8.37125668e+09
 1.82777500e+03  7.09387691e+16  1.72189404e+15  3.81952273e+10  1.39534932e+09  4.08750177e+12  8.37125668e+09
 1.82830000e+03  6.92272192e+16  3.34009978e+15  3.72736855e+10  2.70667408e+09  4.08750177e+12  8.37125668e+09
 1.82882500e+03  6.75569641e+16  4.85936173e+15  3.63743780e+10  3.93781903e+09  4.08750177e+12  8.37125668e+09
 1.82935000e+03  6.59270076e+16  6.28422897e+15  3.54967681e+10  5.09247053e+09  4.08750177e+12  8.37125668e+09
 1.82987500e+03  6.43363772e+16  7.61906282e+15  3.46403325e+10  6.17416283e+09  4.08750177e+12  8.37125668e+09
 1.83040000e+03  6.27841242e+16  8.86804416e+15  3.38045602e+10  7.18628391e+09  4.08750177e+12  8.37125668e+09
 1.83092500e+03  6.12693226e+16  1.00351805e+16  3.29889527e+10  8.13208130e+09  4.08750177e+12  8.37125668e+09
 1.83145000e+03  5.97910688e+16  1.11243128e+16  3.21930235e+10  9.01466753e+09  4.08750177e+12  8.37125668e+09
 1.83197500e+03  5.83484811e+16  1.21391219e+16  3.14162978e+10  9.83702547e+09  4.08750177e+12  8.37125668e+09
 1.83250000e+03  5.69406990e+16  1.30831351e+16  3.06583123e+10  1.06020134e+10  4.08750177e+12  8.37125668e+09
 1.83250000e+03  5.69406990e+16  0.00000000e+00  3.06583123e+10  0.00000000e+00  4.08750177e+12  8.37125668e+09
 1.83255000e+03  5.68084090e+16  1.32058620e+14  3.05870840e+10  1.07014661e+08  4.08750177e+12  8.37125668e+09
 1.83260000e+03  5.66764263e+16  2.63348934e+14  3.05160212e+10  2.13406719e+08  4.08750177e+12  8.37125668e+09
 1.83265000e+03  5.65447503e+16  3.93874340e+14  3.04451235e+10  3.19178928e+08  4.08750177e+12  8.37125668e+09
 1.83270000e+03  5.64133802e+16  5.23638222e+14  3.03743906e+10  4.24334031e+08  4.08750177e+12  8.37125668e+09
 1.83275000e+03  5.62823153e+16  6.52643950e+14  3.03038219e+10  5.28874759e+08  4.08750177e+12  8.37125668e+09
 1.83280000e+03  5.61515549e+16  7.80894882e+14  3.02334172e+10  6.32803832e+08  4.08750177e+12  8.37125668e+09
 1.83285000e+03  5.60210984e+16  9.08394362e+14  3.01631761e+10  7.36123960e+08  4.08750177e+12  8.37125668e+09
 1.83290000e+03  5.58909449e+16  1.03514572e+15  3.00930982e+10  8.38837843e+08  4.08750177e+12  8.37125668e+09
 1.83295000e+03  5.57610938e+16  1.16115227e+15  3.00231830e+10  9.40948168e+08  4.08750177e+12  8.37125668e+09
 1.83300000e+03  5.56315443e+16  1.28641733e+15  2.99534304e+10  1.04245761e+09  4.08750177e+12  8.37125668e+09
 1.83300000e+03  5.56315443e+16  1.28641733e+15  2.99534304e+10  1.04245761e+09  4.08750177e+12  8.37125668e+09
 1.83370000e+03  5.76793738e+16  3.02577745e+15  3.10560335e+10  2.45196070e+09  4.08750177e+12  8.37125668e+09
 1.83440000e+03  5.96615919e+16  4.74596707e+15  3.21233099e+10  3.84592884e+09  4.08750177e+12  8.37125668e+09
 1.83510000e+03  6.15803008e+16  6.44585189e+15  3.31563913e+10  5.22344284e+09  4.08750177e+12  8.37125668e+09
 1.83580000e+03  6.34375353e+16  8.12441760e+15  3.41563733e+10  6.58368073e+09  4.08750177e+12  8.37125668e+09
 1.83650000e+03  6.52352650e+16  9.78076199e+15  3.51243164e+10  7.92591142e+09  4.08750177e+12  8.37125668e+09
 1.83720000e+03  6.69753964e+16  1.14140876e+16  3.60612472e+10  9.24948867e+09  4.08750177e+12  8.37125668e+09
 1.83790000e+03  6.86597749e+16  1.30236947e+16  3.69681592e+10  1.05538455e+10  4.08750177e+12  8.37125668e+09
 1.83860000e+03  7.02901868e+16  1.46089747e+16  3.78460142e+10  1.18384886e+10  4.08750177e+12  8.37125668e+09
 1.83930000e+03  7.18683612e+16  1.61694040e+16  3.86957432e+10  1.31029938e+10  4.08750177e+12  8.37125668e+09
 1.84000000e+03  7.33959718e+16  1.77045381e+16  3.95182474e+10  1.43470009e+10  4.08750177e+12  8.37125668e+09
 1.84000000e+03  7.33959718e+16  1.77045381e+16  3.95182474e+10  1.43470009e+10  4.10228155e+12  8.36288542e+09
 1.84002500e+03  7.33106620e+16  1.77588108e+16  3.94723144e+10  1.43909812e+10  4.10228155e+12  8.36288542e+09
 1.84005000e+03  7.32254514e+16  1.78128896e+16  3.94264348e+10  1.44348043e+10  4.10228155e+12  8.36288542e+09
 1.84007500e+03  7.31403398e+16  1.78667748e+16  3.93806086e+10  1.44784706e+10  4.10228155e+12  8.36288542e+09
 1.84010000e+03  7.30553271e+16  1.79204670e+16  3.93348356e+10  1.45219804e+10  4.10228155e+12  8.36288542e+09
 1.84012500e+03  7.29704132e+16  1.79739665e+16  3.92891159e+10  1.45653342e+10  4.10228155e+12  8.36288542e+09
 1.84015000e+03  7.28855981e+16  1.80272739e+16  3.92434492e+10  1.46085322e+10  4.10228155e+12  8.36288542e+09
 1.84017500e+03  7.28008815e+16  1.80803895e+16  3.91978357e+10  1.46515748e+10  4.10228155e+12  8.36288542e+09
 1.84020000e+03  7.27162634e+16  1.81333139e+16  3.91522752e+10  1.46944624e+10  4.10228155e+12  8.36288542e+09
 1.84022500e+03  7.26317436e+16  1.81860474e+16  3.91067676e+10  1.47371954e+10  4.10228155e+12  8.36288542e+09
 1.84025000e+03  7.25473221e+16  1.82385906e+16  3.90613129e+10  1.47797742e+10  4.10228155e+12  8.36288542e+09
 1.84025000e+03  7.25473221e+16  0.00000000e+00  3.90613129e+10  0.00000000e+00  4.11286237e+12  8.35452254e+09
 1.84077500e+03  7.07969625e+16  1.71845197e+15  3.81188750e+10  1.39256002e+09  4.11286237e+12  8.35452254e+09
 1.84130000e+03  6.90888340e+16  3.33342292e+15  3.71991754e+10  2.70126344e+09  4.11286237e+12  8.35452254e+09
 1.84182500e+03  6.74219178e+16  4.84964786e+15  3.63016656e+10  3.92994733e+09  4.11286237e+12  8.35452254e+09
 1.84235000e+03  6.57952195e+16  6.27166680e+15  3.54258101e+10  5.08229068e+09  4.11286237e+12  8.35452254e+09
 1.84287500e+03  6.42077688e+16  7.60383232e+15  3.45710865e+10  6.16182067e+09  4.11286237e+12  8.35452254e+09
 1.84340000e+03  6.26586187e+16  8.85031694e+15  3.37369849e+10  7.17191853e+09  4.11286237e+12  8.35452254e+09
 1.84392500e+03  6.11468452e+16  1.00151202e+16  3.29230078e+10  8.11582527e+09  4.11286237e+12  8.35452254e+09
 1.84445000e+03  5.96715465e+16  1.11020752e+16  3.21286697e+10  8.99664721e+09  4.11286237e+12  8.35452254e+09
 1.84497500e+03  5.82318425e+16  1.21148558e+16  3.13534967e+10  9.81736126e+09  4.11286237e+12  8.35452254e+09
 1.84550000e+03  5.68268745e+16  1.30569819e+16  3.05970263e+10  1.05808200e+10  4.11286237e+12  8.35452254e+09
 1.84550000e+03  5.68268745e+16  0.00000000e+00  3.05970263e+10  0.00000000e+00  4.11286237e+12  8.35452254e+09
 1.84555000e+03  5.66948489e+16  1.31794635e+14  3.05259405e+10  1.06800738e+08  4.11286237e+12  8.35452254e+09
 1.84560000e+03  5.65631301e+16  2.62822500e+14  3.04550197e+10  2.12980119e+08  4.11286237e+12  8.35452254e+09
 1.84565000e+03  5.64317173e+16  3.93086985e+14  3.03842637e+10  3.18540890e+08  4.11286237e+12  8.35452254e+09
 1.84570000e+03  5.63006099e+16  5.22591469e+14  3.03136722e+10  4.23485787e+08  4.11286237e+12  8.35452254e+09
 1.84575000e+03  5.61698070e+16  6.51339314e+14  3.02432446e+10  5.27817538e+08  4.11286237e+12  8.35452254e+09
 1.84580000e+03  5.60393080e+16  7.79333873e+14  3.01729806e+10  6.31538857e+08  4.11286237e+12  8.35452254e+09
 1.84585000e+03  5.59091122e+16  9.06578482e+14  3.01028799e+10  7.34652449e+08  4.11286237e+12  8.35452254e+09
 1.84590000e+03  5.57792189e+16  1.03307646e+15  3.00329421e+10  8.37161006e+08  4.11286237e+12  8.35452254e+09
 1.84595000e+03  5.56496273e+16  1.15883113e+15  2.99631667e+10  9.39067213e+08  4.11286237e+12  8.35452254e+09
 1.84600000e+03  5.55203369e+16  1.28384578e+15  2.98935535e+10  1.04037374e+09  4.11286237e+12  8.35452254e+09
 1.84600000e+03  5.55203369e+16  1.28384578e+15  2.98935535e+10  1.04037374e+09  4.11286237e+12  8.35452254e+09
 1.84670000e+03  5.75640727e+16  3.01972892e+15  3.09939525e+10  2.44705923e+09  4.11286237e+12  8.35452254e+09
 1.84740000e+03  5.95423284e+16  4.73647988e+15  3.20590954e+10  3.83824083e+09  4.11286237e+12  8.35452254e+09
 1.84810000e+03  6.14572018e+16  6.43296664e+15  3.30901117e+10  5.21300118e+09  4.11286237e+12  8.35452254e+09
 1.84880000e+03  6.33107237e+16  8.10817689e+15  3.40880947e+10  6.57051996e+09  4.11286237e+12  8.35452254e+09
 1.84950000e+03  6.51048597e+16  9.76121024e+15  3.50541029e+10  7.91006753e+09  4.11286237e+12  8.35452254e+09
 1.85020000e+03  6.68415126e+16  1.13912708e+16  3.59891607e+10  9.23099894e+09  4.11286237e+12  8.35452254e+09
 1.85090000e+03  6.85225240e+16  1.29976603e+16  3.68942598e+10  1.05327483e+10  4.11286237e+12  8.35452254e+09
 1.85160000e+03  7.01496768e+16  1.45797713e+16  3.77703600e+10  1.18148235e+10  4.11286237e+12  8.35452254e+09
 1.85230000e+03  7.17246964e+16  1.61370814e+16  3.86183904e+10  1.30768009e+10  4.11286237e+12  8.35452254e+09
 1.85300000e+03  7.32492532e+16  1.76691467e+16  3.94392504e+10  1.43183212e+10  4.11286237e+12  8.35452254e+09
 1.85300000e+03  7.32492532e+16  1.76691467e+16  3.94392504e+10  1.43183212e+10  4.12761260e+12  8.34616802e+09
 1.85302500e+03  7.31641140e+16  1.77233110e+16  3.93934092e+10  1.43622136e+10  4.12761260e+12  8.34616802e+09
 1.85305000e+03  7.30790737e+16  1.77772816e+16  3.93476214e+10  1.44059491e+10  4.12761260e+12  8.34616802e+09
 1.85307500e+03  7.29941322e+16  1.78310592e+16  3.93018868e+10  1.44495281e+10  4.12761260e+12  8.34616802e+09
 1.85310000e+03  7.29092895e+16  1.78846440e+16  3.92562053e+10  1.44929510e+10  4.12761260e+12  8.34616802e+09
 1.85312500e+03  7.28245454e+16  1.79380366e+16  3.92105769e+10  1.45362180e+10  4.12761260e+12  8.34616802e+09
 1.85315000e+03  7.27398998e+16  1.79912374e+16  3.91650016e+10  1.45793297e+10  4.12761260e+12  8.34616802e+09
 1.85317500e+03  7.26553525e+16  1.80442468e+16  3.91194792e+10  1.46222863e+10  4.12761260e+12  8.34616802e+09
 1.85320000e+03  7.25709036e+16  1.80970654e+16  3.90740098e+10  1.46650882e+10  4.12761260e+12  8.34616802e+09
 1.85322500e+03  7.24865528e+16  1.81496935e+16  3.90285932e+10  1.47077358e+10  4.12761260e+12  8.34616802e+09
 1.85325000e+03  7.24023000e+16  1.82021316e+16  3.89832293e+10  1.47502294e+10  4.12761260e+12  8.34616802e+09
 1.85325000e+03  7.24023000e+16  0.00000000e+00  3.89832293e+10  0.00000000e+00  4.13817227e+12  8.33782185e+09
 1.85377500e+03  7.06554393e+16  1.71501679e+15  3.80426754e+10  1.38977629e+09  4.13817227e+12  8.33782185e+09
 1.85430000e+03  6.89507254e+16  3.32675941e+15  3.71248143e+10  2.69586362e+09  4.13817227e+12  8.33782185e+09
 1.85482500e+03  6.72871413e+16  4.83995342e+15  3.62290985e+10  3.92209136e+09  4.13817227e+12  8.33782185e+09
 1.85535000e+03  6.56636948e+16  6.25912974e+15  3.53549939e+10  5.07213119e+09  4.13817227e+12  8.33782185e+09
 1.85587500e+03  6.40794174e+16  7.58863226e+15  3.45019789e+10  6.14950319e+09  4.13817227e+12  8.33782185e+09
 1.85640000e+03  6.25333641e+16  8.83262515e+15  3.36695447e+10  7.15758186e+09  4.13817227e+12  8.33782185e+09
 1.85692500e+03  6.10246127e+16  9.99509993e+15  3.28571947e+10  8.09960173e+09  4.13817227e+12  8.33782185e+09
 1.85745000e+03  5.95522631e+16  1.10798822e+16  3.20644445e+10  8.97866291e+09  4.13817227e+12  8.33782185e+09
 1.85797500e+03  5.81154371e+16  1.20906382e+16  3.12908210e+10  9.79773635e+09  4.13817227e+12  8.33782185e+09
 1.85850000e+03  5.67132776e+16  1.30308810e+16  3.05358629e+10  1.05596689e+10  4.13817227e+12  8.33782185e+09
 1.85850000e+03  5.67132776e+16  0.00000000e+00  3.05358629e+10  0.00000000e+00  4.13817227e+12  8.33782185e+09
 1.85855000e+03  5.65815159e+16  1.31531178e+14  3.04649191e+10  1.06587244e+08  4.13817227e+12  8.33782185e+09
 1.85860000e+03  5.64500604e+16  2.62297118e+14  3.03941401e+10  2.12554372e+08  4.13817227e+12  8.33782185e+09
 1.85865000e+03  5.63189103e+16  3.92301204e+14  3.03235256e+10  3.17904127e+08  4.13817227e+12  8.33782185e+09
 1.85870000e+03  5.61880649e+16  5.21546808e+14  3.02530751e+10  4.22639239e+08  4.13817227e+12  8.33782185e+09
 1.85875000e+03  5.60575235e+16  6.50037287e+14  3.01827883e+10  5.26762431e+08  4.13817227e+12  8.33782185e+09
 1.85880000e+03  5.59272854e+16  7.77775985e+14  3.01126648e+10  6.30276411e+08  4.13817227e+12  8.33782185e+09
 1.85885000e+03  5.57973499e+16  9.04766231e+14  3.00427043e+10  7.33183878e+08  4.13817227e+12  8.33782185e+09
 1.85890000e+03  5.56677162e+16  1.03101134e+15  2.99729062e+10  8.35487521e+08  4.13817227e+12  8.33782185e+09
 1.85895000e+03  5.55383837e+16  1.15651463e+15  2.99032703e+10  9.37190018e+08  4.13817227e+12  8.33782185e+09
 1.85900000e+03  5.54093517e+16  1.28127937e+15  2.98337962e+10  1.03829403e+09  4.13817227e+12  8.33782185e+09
 1.85900000e+03  5.54093517e+16  1.28127937e+15  2.98337962e+10  1.03829403e+09  4.13817227e+12  8.33782185e+09
 1.85970000e+03  5.74490022e+16  3.01369248e+15  3.09319956e+10  2.44216756e+09  4.13817227e+12  8.33782185e+09
 1.86040000e+03  5.94233033e+16  4.72701166e+15  3.19950093e+10  3.83056819e+09  4.13817227e+12  8.33782185e+09
 1.86110000e+03  6.13343488e+16  6.42010714e+15  3.30239645e+10  5.20258039e+09  4.13817227e+12  8.33782185e+09
 1.86180000e+03  6.31841655e+16  8.09196864e+15  3.40199526e+10  6.55738549e+09  4.13817227e+12  8.33782185e+09
 1.86250000e+03  6.49747151e+16  9.74169759e+15  3.49840298e+10  7.89425530e+09  4.13817227e+12  8.33782185e+09
 1.86320000e+03  6.67078964e+16  1.13684997e+16  3.59172184e+10  9.21254618e+09  4.13817227e+12  8.33782185e+09
 1.86390000e+03  6.83855475e+16  1.29716780e+16  3.68205082e+10  1.05116933e+10  4.13817227e+12  8.33782185e+09
 1.86460000e+03  7.00094476e+16  1.45506264e+16  3.76948571e+10  1.17912056e+10  4.13817227e+12  8.33782185e+09
 1.86530000e+03  7.15813187e+16  1.61048233e+16  3.85411923e+10  1.30506604e+10  4.13817227e+12  8.33782185e+09
 1.86600000e+03  7.31028280e+16  1.76338261e+16  3.93604113e+10  1.42896989e+10  4.13817227e+12  8.33782185e+09
 1.86600000e+03  7.31028280e+16  1.76338261e+16  3.93604113e+10  1.42896989e+10  4.15289301e+12  8.32948403e+09
 1.86602500e+03  7.30178589e+16  1.76878821e+16  3.93146618e+10  1.43335035e+10  4.15289301e+12  8.32948403e+09
 1.86605000e+03  7.29329886e+16  1.77417449e+16  3.92689655e+10  1.43771516e+10  4.15289301e+12  8.32948403e+09
 1.86607500e+03  7.28482170e+16  1.77954149e+16  3.92233223e+10  1.44206435e+10  4.15289301e+12  8.32948403e+09
 1.86610000e+03  7.27635438e+16  1.78488926e+16  3.91777321e+10  1.44639796e+10  4.15289301e+12  8.32948403e+09
 1.86612500e+03  7.26789691e+16  1.79021784e+16  3.91321950e+10  1.45071601e+10  4.15289301e+12  8.32948403e+09
 1.86615000e+03  7.25944927e+16  1.79552729e+16  3.90867107e+10  1.45501856e+10  4.15289301e+12  8.32948403e+09
 1.86617500e+03  7.25101145e+16  1.80081764e+16  3.90412794e+10  1.45930563e+10  4.15289301e+12  8.32948403e+09
 1.86620000e+03  7.24258343e+16  1.80608894e+16  3.89959008e+10  1.46357727e+10  4.15289301e+12  8.32948403e+09
 1.86622500e+03  7.23416522e+16  1.81134123e+16  3.89505750e+10  1.46783350e+10  4.15289301e+12  8.32948403e+09
 1.86625000e+03  7.22575678e+16  1.81657456e+16  3.89053019e+10  1.47207437e+10  4.15289301e+12  8.32948403e+09
 1.86625000e+03  7.22575678e+16  0.00000000e+00  3.89053019e+10  0.00000000e+00  4.16343157e+12  8.32115454e+09
 1.86677500e+03  7.05141991e+16  1.71158847e+15  3.79666281e+10  1.38699813e+09  4.16343157e+12  8.32115454e+09
 1.86730000e+03  6.88128929e+16  3.32010922e+15  3.70506018e+10  2.69047459e+09  4.16343157e+12  8.32115454e+09
 1.86782500e+03  6.71526343e+16  4.83027835e+15  3.61566766e+10  3.91425110e+09  4.16343157e+12  8.32115454e+09
 1.86835000e+03  6.55324331e+16  6.24661774e+15  3.52843193e+10  5.06199199e+09  4.16343157e+12  8.32115454e+09
 1.86887500e+03  6.39513227e+16  7.57346258e+15  3.44330094e+10  6.13721034e+09  4.16343157e+12  8.32115454e+09
 1.86940000e+03  6.24083599e+16  8.81496873e+15  3.36022393e+10  7.14327386e+09  4.16343157e+12  8.32115454e+09
 1.86992500e+03  6.09026245e+16  9.97511973e+15  3.27915132e+10  8.08341063e+09  4.16343157e+12  8.32115454e+09
 1.87045000e+03  5.94332181e+16  1.10577335e+16  3.20003477e+10  8.96071456e+09  4.16343157e+12  8.32115454e+09
 1.87097500e+03  5.79992643e+16  1.20664690e+16  3.12282707e+10  9.77815068e+09  4.16343157e+12  8.32115454e+09
 1.87150000e+03  5.65999077e+16  1.30048322e+16  3.04748217e+10  1.05385601e+10  4.16343157e+12  8.32115454e+09
 1.87150000e+03  5.65999077e+16  0.00000000e+00  3.04748217e+10  0.00000000e+00  4.16343157e+12  8.32115454e+09
 1.87155000e+03  5.64684095e+16  1.31268247e+14  3.04040197e+10  1.06374176e+08  4.16343157e+12  8.32115454e+09
 1.87160000e+03  5.63372168e+16  2.61772786e+14  3.03333822e+10  2.12129476e+08  4.16343157e+12  8.32115454e+09
 1.87165000e+03  5.62063288e+16  3.91516994e+14  3.02629089e+10  3.17268636e+08  4.16343157e+12  8.32115454e+09
 1.87170000e+03  5.60757450e+16  5.20504236e+14  3.01925992e+10  4.21794383e+08  4.16343157e+12  8.32115454e+09
 1.87175000e+03  5.59454645e+16  6.48737863e+14  3.01224529e+10  5.25709433e+08  4.16343157e+12  8.32115454e+09
 1.87180000e+03  5.58154868e+16  7.76221210e+14  3.00524696e+10  6.29016488e+08  4.16343157e+12  8.32115454e+09
 1.87185000e+03  5.56858110e+16  9.02957603e+14  2.99826489e+10  7.31718244e+08  4.16343157e+12  8.32115454e+09
 1.87190000e+03  5.55564365e+16  1.02895035e+15  2.99129904e+10  8.33817382e+08  4.16343157e+12  8.32115454e+09
 1.87195000e+03  5.54273625e+16  1.15420276e+15  2.98434937e+10  9.35316575e+08  4.16343157e+12  8.32115454e+09
 1.87200000e+03  5.52985884e+16  1.27871810e+15  2.97741585e+10  1.03621848e+09  4.16343157e+12  8.32115454e+09
 1.87200000e+03  5.52985884e+16  1.27871810e+15  2.97741585e+10  1.03621848e+09  4.16343157e+12  8.32115454e+09
 1.87270000e+03  5.73341616e+16  3.00766811e+15  3.08701625e+10  2.43728567e+09  4.16343157e+12  8.32115454e+09
 1.87340000e+03  5.93045161e+16  4.71756236e+15  3.19310512e+10  3.82291088e+09  4.16343157e+12  8.32115454e+09
 1.87410000e+03  6.12117415e+16  6.40727334e+15  3.29579496e+10  5.19218043e+09  4.16343157e+12  8.32115454e+09
 1.87480000e+03  6.30578604e+16  8.07579280e+15  3.39519467e+10  6.54427727e+09  4.16343157e+12  8.32115454e+09
 1.87550000e+03  6.48448306e+16  9.72222393e+15  3.49140967e+10  7.87847469e+09  4.16343157e+12  8.32115454e+09
 1.87620000e+03  6.65745473e+16  1.13457740e+16  3.58454199e+10  9.19413030e+09  4.16343157e+12  8.32115454e+09
 1.87690000e+03  6.82488448e+16  1.29457476e+16  3.67469040e+10  1.04906805e+10  4.16343157e+12  8.32115454e+09
 1.87760000e+03  6.98694987e+16  1.45215397e+16  3.76195050e+10  1.17676350e+10  4.16343157e+12  8.32115454e+09
 1.87830000e+03  7.14382277e+16  1.60726298e+16  3.84641484e+10  1.30245721e+10  4.16343157e+12  8.32115454e+09
 1.87900000e+03  7.29566954e+16  1.75985761e+16  3.92817299e+10  1.42611338e+10  4.16343157e+12  8.32115454e+09
 1.87900000e+03  7.29566954e+16  1.75985761e+16  3.92817299e+10  1.42611338e+10  4.17812289e+12  8.31283339e+09
 1.87902500e+03  7.28718962e+16  1.76525240e+16  3.92360718e+10  1.43048509e+10  4.17812289e+12  8.31283339e+09
 1.87905000e+03  7.27871956e+16  1.77062791e+16  3.91904668e+10  1.43484117e+10  4.17812289e+12  8.31283339e+09
 1.87907500e+03  7.27025934e+16  1.77598418e+16  3.91449149e+10  1.43918167e+10  4.17812289e+12  8.31283339e+09
 1.87910000e+03  7.26180895e+16  1.78132126e+16  3.90994159e+10  1.44350661e+10  4.17812289e+12  8.31283339e+09
 1.87912500e+03  7.25336839e+16  1.78663920e+16  3.90539697e+10  1.44781603e+10  4.17812289e+12  8.31283339e+09
 1.87915000e+03  7.24493763e+16  1.79193803e+16  3.90085764e+10  1.45210998e+10  4.17812289e+12  8.31283339e+09
 1.87917500e+03  7.23651668e+16  1.79721780e+16  3.89632359e+10  1.45638848e+10  4.17812289e+12  8.31283339e+09
 1.87920000e+03  7.22810551e+16  1.80247856e+16  3.89179480e+10  1.46065158e+10  4.17812289e+12  8.31283339e+09
 1.87922500e+03  7.21970412e+16  1.80772036e+16  3.88727128e+10  1.46489930e+10  4.17812289e+12  8.31283339e+09
 1.87925000e+03  7.21131249e+16  1.81294323e+16  3.88275302e+10  1.46913169e+10  4.17812289e+12  8.31283339e+09
 1.87925000e+03  7.21131249e+16  0.00000000e+00  3.88275302e+10  0.00000000e+00  4.18864038e+12  8.30452055e+09
 1.87977500e+03  7.03732412e+16  1.70816700e+15  3.78907328e+10  1.38422552e+09  4.18864038e+12  8.30452055e+09
 1.88030000e+03  6.86753359e+16  3.31347232e+15  3.69765376e+10  2.68509633e+09  4.18864038e+12  8.30452055e+09
 1.88082500e+03  6.70183962e+16  4.82062263e+15  3.60843994e+10  3.90642651e+09  4.18864038e+12  8.30452055e+09
 1.88135000e+03  6.54014338e+16  6.23413075e+15  3.52137859e+10  5.05187307e+09  4.18864038e+12  8.30452055e+09
 1.88187500e+03  6.38234840e+16  7.55832323e+15  3.43641778e+10  6.12494205e+09  4.18864038e+12  8.30452055e+09
 1.88240000e+03  6.22836056e+16  8.79734761e+15  3.35350684e+10  7.12899445e+09  4.18864038e+12  8.30452055e+09
 1.88292500e+03  6.07808801e+16  9.95517946e+15  3.27259630e+10  8.06725189e+09  4.18864038e+12  8.30452055e+09
 1.88345000e+03  5.93144111e+16  1.10356291e+16  3.19363790e+10  8.94280210e+09  4.18864038e+12  8.30452055e+09
 1.88397500e+03  5.78833238e+16  1.20423481e+16  3.11658454e+10  9.75860415e+09  4.18864038e+12  8.30452055e+09
 1.88450000e+03  5.64867645e+16  1.29788356e+16  3.04139025e+10  1.05174936e+10  4.18864038e+12  8.30452055e+09
 1.88450000e+03  5.64867645e+16  0.00000000e+00  3.04139025e+10  0.00000000e+00  4.18864038e+12  8.30452055e+09
 1.88455000e+03  5.63555291e+16  1.31005841e+14  3.03432421e+10  1.06161534e+08  4.18864038e+12  8.30452055e+09
 1.88460000e+03  5.62245987e+16  2.61249502e+14  3.02727458e+10  2.11705429e+08  4.18864038e+12  8.30452055e+09
 1.88465000e+03  5.60939724e+16  3.90734352e+14  3.02024133e+10  3.16634416e+08  4.18864038e+12  8.30452055e+09
 1.88470000e+03  5.59636496e+16  5.19463748e+14  3.01322442e+10  4.20951217e+08  4.18864038e+12  8.30452055e+09
 1.88475000e+03  5.58336296e+16  6.47441036e+14  3.00622382e+10  5.24658540e+08  4.18864038e+12  8.30452055e+09
 1.88480000e+03  5.57039116e+16  7.74669544e+14  2.99923947e+10  6.27759084e+08  4.18864038e+12  8.30452055e+09
 1.88485000e+03  5.55744950e+16  9.01152591e+14  2.99227136e+10  7.30255539e+08  4.18864038e+12  8.30452055e+09
 1.88490000e+03  5.54453791e+16  1.02689348e+15  2.98531943e+10  8.32150581e+08  4.18864038e+12  8.30452055e+09
 1.88495000e+03  5.53165632e+16  1.15189550e+15  2.97838366e+10  9.33446877e+08  4.18864038e+12  8.30452055e+09
 1.88500000e+03  5.51880466e+16  1.27616194e+15  2.97146399e+10  1.03414708e+09  4.18864038e+12  8.30452055e+09
 1.88500000e+03  5.51880466e+16  1.27616194e+15  2.97146399e+10  1.03414708e+09  4.18864038e+12  8.30452055e+09
 1.88570000e+03  5.72195506e+16  3.00165578e+15  3.08084531e+10  2.43241354e+09  4.18864038e+12  8.30452055e+09
 1.88640000e+03  5.91859664e+16  4.70813195e+15  3.18672211e+10  3.81526888e+09  4.18864038e+12  8.30452055e+09
 1.88710000e+03  6.10893792e+16  6.39446520e+15  3.28920667e+10  5.18180126e+09  4.18864038e+12  8.30452055e+09
 1.88780000e+03  6.29318077e+16  8.05964929e+15  3.38840768e+10  6.53119526e+09  4.18864038e+12  8.30452055e+09
 1.88850000e+03  6.47152058e+16  9.70278921e+15  3.48443034e+10  7.86272562e+09  4.18864038e+12  8.30452055e+09
 1.88920000e+03  6.64414648e+16  1.13230938e+16  3.57737649e+10  9.17575123e+09  4.18864038e+12  8.30452055e+09
 1.88990000e+03  6.81124153e+16  1.29198691e+16  3.66734469e+10  1.04697096e+10  4.18864038e+12  8.30452055e+09
 1.89060000e+03  6.97298295e+16  1.44925111e+16  3.75443036e+10  1.17441115e+10  4.18864038e+12  8.30452055e+09
 1.89130000e+03  7.12954227e+16  1.60405006e+16  3.83872586e+10  1.29985360e+10  4.18864038e+12  8.30452055e+09
 1.89200000e+03  7.28108550e+16  1.75633965e+16  3.92032057e+10  1.42326258e+10  4.18864038e+12  8.30452055e+09
 1.89200000e+03  7.28108550e+16  1.75633965e+16  3.92032057e+10  1.42326258e+10  4.20330233e+12  8.29621603e+09
 1.89202500e+03  7.27262253e+16  1.76172366e+16  3.91576389e+10  1.42762555e+10  4.20330233e+12  8.29621603e+09
 1.89205000e+03  7.26416940e+16  1.76708843e+16  3.91121251e+10  1.43197292e+10  4.20330233e+12  8.29621603e+09
 1.89207500e+03  7.25572609e+16  1.77243399e+16  3.90666642e+10  1.43630474e+10  4.20330233e+12  8.29621603e+09
 1.89210000e+03  7.24729259e+16  1.77776040e+16  3.90212561e+10  1.44062104e+10  4.20330233e+12  8.29621603e+09
 1.89212500e+03  7.23886890e+16  1.78306771e+16  3.89759008e+10  1.44492185e+10  4.20330233e+12  8.29621603e+09
 1.89215000e+03  7.23045500e+16  1.78835594e+16  3.89305983e+10  1.44920721e+10  4.20330233e+12  8.29621603e+09
 1.89217500e+03  7.22205088e+16  1.79362516e+16  3.88853483e+10  1.45347716e+10  4.20330233e+12  8.29621603e+09
 1.89220000e+03  7.21365653e+16  1.79887541e+16  3.88401510e+10  1.45773174e+10  4.20330233e+12  8.29621603e+09
 1.89222500e+03  7.20527193e+16  1.80410672e+16  3.87950062e+10  1.46197097e+10  4.20330233e+12  8.29621603e+09
 1.89225000e+03  7.19689708e+16  1.80931915e+16  3.87499139e+10  1.46619490e+10  4.20330233e+12  8.29621603e+09
 1.89225000e+03  7.19689708e+16  0.00000000e+00  3.87499139e+10  0.00000000e+00  4.21379880e+12  8.28791982e+09
 1.89277500e+03  7.02325651e+16  1.70475238e+15  3.78149892e+10  1.38145845e+09  4.21379880e+12  8.28791982e+09
 1.89330000e+03  6.85380539e+16  3.30684869e+15  3.69026215e+10  2.67972882e+09  4.21379880e+12  8.28791982e+09
 1.89382500e+03  6.68844265e+16  4.81098620e+15  3.60122667e+10  3.89861757e+09  4.21379880e+12  8.28791982e+09
 1.89435000e+03  6.52706963e+16  6.22166872e+15  3.51433935e+10  5.04177438e+09  4.21379880e+12  8.28791982e+09
 1.89487500e+03  6.36959008e+16  7.54321414e+15  3.42954838e+10  6.11269830e+09  4.21379880e+12  8.28791982e+09
 1.89540000e+03  6.21591007e+16  8.77976171e+15  3.34680318e+10  7.11474359e+09  4.21379880e+12  8.28791982e+09
 1.89592500e+03  6.06593791e+16  9.93527906e+15  3.26605438e+10  8.05112545e+09  4.21379880e+12  8.28791982e+09
 1.89645000e+03  5.91958416e+16  1.10135689e+16  3.18725381e+10  8.92492543e+09  4.21379880e+12  8.28791982e+09
 1.89697500e+03  5.77676150e+16  1.20182755e+16  3.11035448e+10  9.73909670e+09  4.21379880e+12  8.28791982e+09
 1.89750000e+03  5.63738475e+16  1.29528909e+16  3.03531051e+10  1.04964691e+10  4.21379880e+12  8.28791982e+09
 1.89750000e+03  5.63738475e+16  0.00000000e+00  3.03531051e+10  0.00000000e+00  4.21379880e+12  8.28791982e+09
 1.89755000e+03  5.62428744e+16  1.30743961e+14  3.02825859e+10  1.05949317e+08  4.21379880e+12  8.28791982e+09
 1.89760000e+03  5.61122057e+16  2.60727264e+14  3.02122306e+10  2.11282230e+08  4.21379880e+12  8.28791982e+09
 1.89765000e+03  5.59818405e+16  3.89953274e+14  3.01420387e+10  3.16001464e+08  4.21379880e+12  8.28791982e+09
 1.89770000e+03  5.58517782e+16  5.18425340e+14  3.00720099e+10  4.20109735e+08  4.21379880e+12  8.28791982e+09
 1.89775000e+03  5.57220181e+16  6.46146801e+14  3.00021437e+10  5.23609747e+08  4.21379880e+12  8.28791982e+09
 1.89780000e+03  5.55925595e+16  7.73120980e+14  2.99324399e+10  6.26504194e+08  4.21379880e+12  8.28791982e+09
 1.89785000e+03  5.54634016e+16  8.99351187e+14  2.98628981e+10  7.28795758e+08  4.21379880e+12  8.28791982e+09
 1.89790000e+03  5.53345438e+16  1.02484072e+15  2.97935178e+10  8.30487112e+08  4.21379880e+12  8.28791982e+09
 1.89795000e+03  5.52059854e+16  1.14959286e+15  2.97242987e+10  9.31580917e+08  4.21379880e+12  8.28791982e+09
 1.89800000e+03  5.50777256e+16  1.27361089e+15  2.96552404e+10  1.03207982e+09  4.21379880e+12  8.28791982e+09
 1.89800000e+03  5.50777256e+16  1.27361089e+15  2.96552404e+10  1.03207982e+09  4.21379880e+12  8.28791982e+09
 1.89870000e+03  5.71051687e+16  2.99565547e+15  3.07468670e+10  2.42755114e+09  4.21379880e+12  8.28791982e+09
 1.89940000e+03  5.90676536e+16  4.69872040e+15  3.18035185e+10  3.80764216e+09  4.21379880e+12  8.28791982e+09
 1.90010000e+03  6.09672615e+16  6.38168267e+15  3.28263154e+10  5.17144284e+09  4.21379880e+12  8.28791982e+09
 1.90080000e+03  6.28060070e+16  8.04353805e+15  3.38163425e+10  6.51813940e+09  4.21379880e+12  8.28791982e+09
 1.90150000e+03  6.45858401e+16  9.68339333e+15  3.47746497e+10  7.84700803e+09  4.21379880e+12  8.28791982e+09
 1.90220000e+03  6.63086483e+16  1.13004590e+16  3.57022531e+10  9.15740890e+09  4.21379880e+12  8.28791982e+09
 1.90290000e+03  6.79762586e+16  1.28940422e+16  3.66001367e+10  1.04487807e+10  4.21379880e+12  8.28791982e+09
 1.90360000e+03  6.95904396e+16  1.44635406e+16  3.74692526e+10  1.17206350e+10  4.21379880e+12  8.28791982e+09
 1.90430000e+03  7.11529031e+16  1.60084356e+16  3.83105224e+10  1.29725519e+10  4.21379880e+12  8.28791982e+09
 1.90500000e+03  7.26653061e+16  1.75282873e+16  3.91248385e+10  1.42041748e+10  4.21379880e+12  8.28791982e+09
 1.90500000e+03  7.26653061e+16  1.75282873e+16  3.91248385e+10  1.42041748e+10  4.22843144e+12  8.27963190e+09
 1.90502500e+03  7.25808456e+16  1.75820198e+16  3.90793628e+10  1.42477172e+10  4.22843144e+12  8.27963190e+09
 1.90505000e+03  7.24964832e+16  1.76355602e+16  3.90339400e+10  1.42911041e+10  4.22843144e+12  8.27963190e+09
 1.90507500e+03  7.24122189e+16  1.76889090e+16  3.89885699e+10  1.43343357e+10  4.22843144e+12  8.27963190e+09
 1.90510000e+03  7.23280526e+16  1.77420666e+16  3.89432526e+10  1.43774124e+10  4.22843144e+12  8.27963190e+09
 1.90512500e+03  7.22439840e+16  1.77950335e+16  3.88979880e+10  1.44203345e+10  4.22843144e+12  8.27963190e+09
 1.90515000e+03  7.21600132e+16  1.78478102e+16  3.88527760e+10  1.44631025e+10  4.22843144e+12  8.27963190e+09
 1.90517500e+03  7.20761400e+16  1.79003971e+16  3.88076165e+10  1.45057166e+10  4.22843144e+12  8.27963190e+09
 1.90520000e+03  7.19923643e+16  1.79527946e+16  3.87625096e+10  1.45481773e+10  4.22843144e+12  8.27963190e+09
 1.90522500e+03  7.19086859e+16  1.80050031e+16  3.87174550e+10  1.45904849e+10  4.22843144e+12  8.27963190e+09
 1.90525000e+03  7.18251048e+16  1.80570232e+16  3.86724529e+10  1.46326398e+10  4.22843144e+12  8.27963190e+09
 1.90525000e+03  7.18251048e+16  0.00000000e+00  3.86724529e+10  0.00000000e+00  4.23890693e+12  8.27135227e+09
 1.90577500e+03  7.00921702e+16  1.70134458e+15  3.77393970e+10  1.37869692e+09  4.23890693e+12  8.27135227e+09
 1.90630000e+03  6.84010464e+16  3.30023830e+15  3.68288532e+10  2.67437204e+09  4.23890693e+12  8.27135227e+09
 1.90682500e+03  6.67507245e+16  4.80136904e+15  3.59402781e+10  3.89082423e+09  4.23890693e+12  8.27135227e+09
 1.90735000e+03  6.51402202e+16  6.20923161e+15  3.50731419e+10  5.03169587e+09  4.23890693e+12  8.27135227e+09
 1.90787500e+03  6.35685727e+16  7.52813526e+15  3.42269272e+10  6.10047901e+09  4.23890693e+12  8.27135227e+09
 1.90840000e+03  6.20348446e+16  8.76221097e+15  3.34011292e+10  7.10052122e+09  4.23890693e+12  8.27135227e+09
 1.90892500e+03  6.05381210e+16  9.91541844e+15  3.25952553e+10  8.03503125e+09  4.23890693e+12  8.27135227e+09
 1.90945000e+03  5.90775091e+16  1.09915528e+16  3.18088249e+10  8.90708451e+09  4.23890693e+12  8.27135227e+09
 1.90997500e+03  5.76521376e+16  1.19942509e+16  3.10413688e+10  9.71962825e+09  4.23890693e+12  8.27135227e+09
 1.91050000e+03  5.62611562e+16  1.29269981e+16  3.02924293e+10  1.04754866e+10  4.23890693e+12  8.27135227e+09
 1.91050000e+03  5.62611562e+16  0.00000000e+00  3.02924293e+10  0.00000000e+00  4.23890693e+12  8.27135227e+09
 1.91055000e+03  5.61304449e+16  1.30482604e+14  3.02220511e+10  1.05737524e+08  4.23890693e+12  8.27135227e+09
 1.91060000e+03  5.60000374e+16  2.60206070e+14  3.01518363e+10  2.10859876e+08  4.23890693e+12  8.27135227e+09
 1.91065000e+03  5.58699328e+16  3.89173757e+14  3.00817848e+10  3.15369777e+08  4.23890693e+12  8.27135227e+09
 1.91070000e+03  5.57401305e+16  5.17389008e+14  3.00118959e+10  4.19269936e+08  4.23890693e+12  8.27135227e+09
 1.91075000e+03  5.56106298e+16  6.44855154e+14  2.99421695e+10  5.22563051e+08  4.23890693e+12  8.27135227e+09
 1.91080000e+03  5.54814300e+16  7.71575511e+14  2.98726050e+10  6.25251812e+08  4.23890693e+12  8.27135227e+09
 1.91085000e+03  5.53525303e+16  8.97553384e+14  2.98032021e+10  7.27338895e+08  4.23890693e+12  8.27135227e+09
 1.91090000e+03  5.52239301e+16  1.02279206e+15  2.97339605e+10  8.28826968e+08  4.23890693e+12  8.27135227e+09
 1.91095000e+03  5.50956286e+16  1.14729483e+15  2.96648798e+10  9.29718686e+08  4.23890693e+12  8.27135227e+09
 1.91100000e+03  5.49676253e+16  1.27106494e+15  2.95959595e+10  1.03001670e+09  4.23890693e+12  8.27135227e+09
 1.91100000e+03  5.49676253e+16  1.27106494e+15  2.95959595e+10  1.03001670e+09  4.23890693e+12  8.27135227e+09
 1.91170000e+03  5.69910155e+16  2.98966716e+15  3.06854040e+10  2.42269847e+09  4.23890693e+12  8.27135227e+09
 1.91240000e+03  5.89495774e+16  4.68932766e+15  3.17399433e+10  3.80003068e+09  4.23890693e+12  8.27135227e+09
 1.91310000e+03  6.08453880e+16  6.36892568e+15  3.27606956e+10  5.16110513e+09  4.23890693e+12  8.27135227e+09
 1.91380000e+03  6.26804578e+16  8.02745902e+15  3.37487436e+10  6.50510964e+09  4.23890693e+12  8.27135227e+09
 1.91450000e+03  6.44567330e+16  9.66403623e+15  3.47051351e+10  7.83132186e+09  4.23890693e+12  8.27135227e+09
 1.91520000e+03  6.61760973e+16  1.12778694e+16  3.56308843e+10  9.13910324e+09  4.23890693e+12  8.27135227e+09
 1.91590000e+03  6.78403741e+16  1.28682670e+16  3.65269730e+10  1.04278935e+10  4.23890693e+12  8.27135227e+09
 1.91660000e+03  6.94513283e+16  1.44346280e+16  3.73943515e+10  1.16972055e+10  4.23890693e+12  8.27135227e+09
 1.91730000e+03  7.10106684e+16  1.59764348e+16  3.82339397e+10  1.29466198e+10  4.23890693e+12  8.27135227e+09
 1.91800000e+03  7.25200482e+16  1.74932483e+16  3.90466279e+10  1.41757806e+10  4.23890693e+12  8.27135227e+09
 1.91800000e+03  7.25200482e+16  1.74932483e+16  3.90466279e+10  1.41757806e+10  4.25351031e+12  8.26308091e+09
 1.91802500e+03  7.24357565e+16  1.75468733e+16  3.90012431e+10  1.42192361e+10  4.25351031e+12  8.26308091e+09
 1.91805000e+03  7.23515627e+16  1.76003067e+16  3.89559111e+10  1.42625362e+10  4.25351031e+12  8.26308091e+09
 1.91807500e+03  7.22674669e+16  1.76535488e+16  3.89106318e+10  1.43056813e+10  4.25351031e+12  8.26308091e+09
 1.91810000e+03  7.21834688e+16  1.77066002e+16  3.88654051e+10  1.43486719e+10  4.25351031e+12  8.26308091e+09
 1.91812500e+03  7.20995683e+16  1.77594613e+16  3.88202309e+10  1.43915083e+10  4.25351031e+12  8.26308091e+09
 1.91815000e+03  7.20157653e+16  1.78121324e+16  3.87751093e+10  1.44341907e+10  4.25351031e+12  8.26308091e+09
 1.91817500e+03  7.19320598e+16  1.78646142e+16  3.87300401e+10  1.44767197e+10  4.25351031e+12  8.26308091e+09
 1.91820000e+03  7.18484515e+16  1.79169069e+16  3.86850233e+10  1.45190955e+10  4.25351031e+12  8.26308091e+09
 1.91822500e+03  7.17649405e+16  1.79690111e+16  3.86400588e+10  1.45613185e+10  4.25351031e+12  8.26308091e+09
 1.91825000e+03  7.16815264e+16  1.80209272e+16  3.85951466e+10  1.46033891e+10  4.25351031e+12  8.26308091e+09
 1.91825000e+03  7.16815264e+16  0.00000000e+00  3.85951466e+10  0.00000000e+00  4.26396486e+12  8.25481783e+09
 1.91877500e+03  6.99520560e+16  1.69794359e+15  3.76639560e+10  1.37594090e+09  4.26396486e+12  8.25481783e+09
 1.91930000e+03  6.82643127e+16  3.29364112e+15  3.67552323e+10  2.66902597e+09  4.26396486e+12  8.25481783e+09
 1.91982500e+03  6.66172898e+16  4.79177110e+15  3.58684335e+10  3.88304647e+09  4.26396486e+12  8.25481783e+09
 1.92035000e+03  6.50100049e+16  6.19681935e+15  3.50030307e+10  5.02163751e+09  4.26396486e+12  8.25481783e+09
 1.92087500e+03  6.34414991e+16  7.51308651e+15  3.41585075e+10  6.08828415e+09  4.26396486e+12  8.25481783e+09
 1.92140000e+03  6.19108370e+16  8.74469531e+15  3.33343603e+10  7.08632728e+09  4.26396486e+12  8.25481783e+09
 1.92192500e+03  6.04171053e+16  9.89559751e+15  3.25300974e+10  8.01896923e+09  4.26396486e+12  8.25481783e+09
 1.92245000e+03  5.89594132e+16  1.09695806e+16  3.17452391e+10  8.88927925e+09  4.26396486e+12  8.25481783e+09
 1.92297500e+03  5.75368909e+16  1.19702744e+16  3.09793172e+10  9.70019871e+09  4.26396486e+12  8.25481783e+09
 1.92350000e+03  5.61486901e+16  1.29011570e+16  3.02318747e+10  1.04545461e+10  4.26396486e+12  8.25481783e+09
 1.92350000e+03  5.61486901e+16  0.00000000e+00  3.02318747e+10  0.00000000e+00  4.26396486e+12  8.25481783e+09
 1.92355000e+03  5.60182402e+16  1.30221769e+14  3.01616372e+10  1.05526155e+08  4.26396486e+12  8.25481783e+09
 1.92360000e+03  5.58880933e+16  2.59685918e+14  3.00915628e+10  2.10438368e+08  4.26396486e+12  8.25481783e+09
 1.92365000e+03  5.57582488e+16  3.88395799e+14  3.00216513e+10  3.14739353e+08  4.26396486e+12  8.25481783e+09
 1.92370000e+03  5.56287060e+16  5.16354747e+14  2.99519021e+10  4.18431815e+08  4.26396486e+12  8.25481783e+09
 1.92375000e+03  5.54994642e+16  6.43566088e+14  2.98823151e+10  5.21518448e+08  4.26396486e+12  8.25481783e+09
 1.92380000e+03  5.53705226e+16  7.70033131e+14  2.98128896e+10  6.24001934e+08  4.26396486e+12  8.25481783e+09
 1.92385000e+03  5.52418806e+16  8.95759175e+14  2.97436255e+10  7.25884945e+08  4.26396486e+12  8.25481783e+09
 1.92390000e+03  5.51135374e+16  1.02074750e+15  2.96745223e+10  8.27170143e+08  4.26396486e+12  8.25481783e+09
 1.92395000e+03  5.49854925e+16  1.14500139e+15  2.96055797e+10  9.27860179e+08  4.26396486e+12  8.25481783e+09
 1.92400000e+03  5.48577450e+16  1.26852408e+15  2.95367972e+10  1.02795769e+09  4.26396486e+12  8.25481783e+09
 1.92400000e+03  5.48577450e+16  1.26852408e+15  2.95367972e+10  1.02795769e+09  4.26396486e+12  8.25481783e+09
 1.92470000e+03  5.68770905e+16  2.98369081e+15  3.06240639e+10  2.41785549e+09  4.26396486e+12  8.25481783e+09
 1.92540000e+03  5.88317372e+16  4.67995369e+15  3.16764951e+10  3.79243442e+09  4.26396486e+12  8.25481783e+09
 1.92610000e+03  6.07237580e+16  6.35619420e+15  3.26952070e+10  5.15078808e+09  4.26396486e+12  8.25481783e+09
 1.92680000e+03  6.25551596e+16  8.01141213e+15  3.36812799e+10  6.49210593e+09  4.26396486e+12  8.25481783e+09
 1.92750000e+03  6.43278840e+16  9.64471782e+15  3.46357596e+10  7.81566705e+09  4.26396486e+12  8.25481783e+09
 1.92820000e+03  6.60438113e+16  1.12553249e+16  3.55596582e+10  9.12083418e+09  4.26396486e+12  8.25481783e+09
 1.92890000e+03  6.77047612e+16  1.28425434e+16  3.64539556e+10  1.04070482e+10  4.26396486e+12  8.25481783e+09
 1.92960000e+03  6.93124951e+16  1.44057731e+16  3.73196002e+10  1.16738228e+10  4.26396486e+12  8.25481783e+09
 1.93030000e+03  7.08687181e+16  1.59444979e+16  3.81575101e+10  1.29207395e+10  4.26396486e+12  8.25481783e+09
 1.93100000e+03  7.23750806e+16  1.74582792e+16  3.89685737e+10  1.41474432e+10  4.26396486e+12  8.25481783e+09
 1.93100000e+03  7.23750806e+16  1.74582792e+16  3.89685737e+10  1.41474432e+10  4.27853906e+12  8.24656301e+09
 1.93102500e+03  7.22909574e+16  1.75117971e+16  3.89232797e+10  1.41908118e+10  4.27853906e+12  8.24656301e+09
 1.93105000e+03  7.22069320e+16  1.75651237e+16  3.88780382e+10  1.42340254e+10  4.27853906e+12  8.24656301e+09
 1.93107500e+03  7.21230042e+16  1.76182594e+16  3.88328494e+10  1.42770843e+10  4.27853906e+12  8.24656301e+09
 1.93110000e+03  7.20391740e+16  1.76712047e+16  3.87877131e+10  1.43199889e+10  4.27853906e+12  8.24656301e+09
 1.93112500e+03  7.19554413e+16  1.77239601e+16  3.87426293e+10  1.43627396e+10  4.27853906e+12  8.24656301e+09
 1.93115000e+03  7.18718058e+16  1.77765260e+16  3.86975979e+10  1.44053368e+10  4.27853906e+12  8.24656301e+09
 1.93117500e+03  7.17882676e+16  1.78289028e+16  3.86526188e+10  1.44477807e+10  4.27853906e+12  8.24656301e+09
 1.93120000e+03  7.17048265e+16  1.78810910e+16  3.86076919e+10  1.44900718e+10  4.27853906e+12  8.24656301e+09
 1.93122500e+03  7.16214823e+16  1.79330911e+16  3.85628174e+10  1.45322104e+10  4.27853906e+12  8.24656301e+09
 1.93125000e+03  7.15382351e+16  1.79849034e+16  3.85179949e+10  1.45741969e+10  4.27853906e+12  8.24656301e+09
 1.93125000e+03  7.15382351e+16  0.00000000e+00  3.85179949e+10  0.00000000e+00  4.28897271e+12  8.23831645e+09
 1.93177500e+03  6.98122218e+16  1.69454940e+15  3.75886657e+10  1.37319040e+09  4.28897271e+12  8.23831645e+09
 1.93230000e+03  6.81278523e+16  3.28705713e+15  3.66817586e+10  2.66369059e+09  4.28897271e+12  8.23831645e+09
 1.93282500e+03  6.64841218e+16  4.78219235e+15  3.57967325e+10  3.87528426e+09  4.28897271e+12  8.23831645e+09
 1.93335000e+03  6.48800499e+16  6.18443191e+15  3.49330596e+10  5.01159926e+09  4.28897271e+12  8.23831645e+09
 1.93387500e+03  6.33146796e+16  7.49806785e+15  3.40902247e+10  6.07611367e+09  4.28897271e+12  8.23831645e+09
 1.93440000e+03  6.17870772e+16  8.72721466e+15  3.32677249e+10  7.07216171e+09  4.28897271e+12  8.23831645e+09
 1.93492500e+03  6.02963315e+16  9.87581621e+15  3.24650698e+10  8.00293931e+09  4.28897271e+12  8.23831645e+09
 1.93545000e+03  5.88415533e+16  1.09476525e+16  3.16817804e+10  8.87150958e+09  4.28897271e+12  8.23831645e+09
 1.93597500e+03  5.74218747e+16  1.19463458e+16  3.09173895e+10  9.68080801e+09  4.28897271e+12  8.23831645e+09
 1.93650000e+03  5.60364489e+16  1.28753676e+16  3.01714412e+10  1.04336475e+10  4.28897271e+12  8.23831645e+09
 1.93650000e+03  5.60364489e+16  0.00000000e+00  3.01714412e+10  0.00000000e+00  4.28897271e+12  8.23831645e+09
 1.93655000e+03  5.59062597e+16  1.29961456e+14  3.01013441e+10  1.05315208e+08  4.28897271e+12  8.23831645e+09
 1.93660000e+03  5.57763730e+16  2.59166806e+14  3.00314098e+10  2.10017701e+08  4.28897271e+12  8.23831645e+09
 1.93665000e+03  5.56467881e+16  3.87619396e+14  2.99616380e+10  3.14110189e+08  4.28897271e+12  8.23831645e+09
 1.93670000e+03  5.55175042e+16  5.15322554e+14  2.98920283e+10  4.17595370e+08  4.28897271e+12  8.23831645e+09
 1.93675000e+03  5.53885207e+16  6.42279600e+14  2.98225803e+10  5.20475932e+08  4.28897271e+12  8.23831645e+09
 1.93680000e+03  5.52598369e+16  7.68493835e+14  2.97532937e+10  6.22754554e+08  4.28897271e+12  8.23831645e+09
 1.93685000e+03  5.51314521e+16  8.93968552e+14  2.96841680e+10  7.24433901e+08  4.28897271e+12  8.23831645e+09
 1.93690000e+03  5.50033655e+16  1.01870703e+15  2.96152030e+10  8.25516630e+08  4.28897271e+12  8.23831645e+09
 1.93695000e+03  5.48755765e+16  1.14271253e+15  2.95463981e+10  9.26005386e+08  4.28897271e+12  8.23831645e+09
 1.93700000e+03  5.47480844e+16  1.26598830e+15  2.94777532e+10  1.02590280e+09  4.28897271e+12  8.23831645e+09
 1.93700000e+03  5.47480844e+16  1.26598830e+15  2.94777532e+10  1.02590280e+09  4.28897271e+12  8.23831645e+09
 1.93770000e+03  5.67633931e+16  2.97772641e+15  3.05628464e+10  2.41302220e+09  4.28897271e+12  8.23831645e+09
 1.93840000e+03  5.87141325e+16  4.67059846e+15  3.16131738e+10  3.78485334e+09  4.28897271e+12  8.23831645e+09
 1.93910000e+03  6.06023713e+16  6.34348817e+15  3.26298493e+10  5.14049165e+09  4.28897271e+12  8.23831645e+09
 1.93980000e+03  6.24301118e+16  7.99539731e+15  3.36139510e+10  6.47912821e+09  4.28897271e+12  8.23831645e+09
 1.94050000e+03  6.41992926e+16  9.62543803e+15  3.45665227e+10  7.80004353e+09  4.28897271e+12  8.23831645e+09
 1.94120000e+03  6.59117897e+16  1.12328255e+16  3.54885744e+10  9.10260163e+09  4.28897271e+12  8.23831645e+09
 1.94190000e+03  6.75694194e+16  1.28168711e+16  3.63810842e+10  1.03862445e+10  4.28897271e+12  8.23831645e+09
 1.94260000e+03  6.91739394e+16  1.43769760e+16  3.72449984e+10  1.16504868e+10  4.28897271e+12  8.23831645e+09
 1.94330000e+03  7.07270516e+16  1.59126248e+16  3.80812332e+10  1.28949110e+10  4.28897271e+12  8.23831645e+09
 1.94400000e+03  7.22304028e+16  1.74233801e+16  3.88906755e+10  1.41191625e+10  4.28897271e+12  8.23831645e+09
 1.94400000e+03  7.22304028e+16  1.74233801e+16  3.88906755e+10  1.41191625e+10  4.30351777e+12  8.23007814e+09
 1.94402500e+03  7.21464478e+16  1.74767910e+16  3.88454720e+10  1.41624444e+10  4.30351777e+12  8.23007814e+09
 1.94405000e+03  7.20625903e+16  1.75300110e+16  3.88003210e+10  1.42055716e+10  4.30351777e+12  8.23007814e+09
 1.94407500e+03  7.19788303e+16  1.75830405e+16  3.87552226e+10  1.42485444e+10  4.30351777e+12  8.23007814e+09
 1.94410000e+03  7.18951677e+16  1.76358800e+16  3.87101765e+10  1.42913633e+10  4.30351777e+12  8.23007814e+09
 1.94412500e+03  7.18116023e+16  1.76885299e+16  3.86651828e+10  1.43340285e+10  4.30351777e+12  8.23007814e+09
 1.94415000e+03  7.17281341e+16  1.77409907e+16  3.86202414e+10  1.43765405e+10  4.30351777e+12  8.23007814e+09
 1.94417500e+03  7.16447629e+16  1.77932628e+16  3.85753522e+10  1.44188996e+10  4.30351777e+12  8.23007814e+09
 1.94420000e+03  7.15614885e+16  1.78453467e+16  3.85305152e+10  1.44611062e+10  4.30351777e+12  8.23007814e+09
 1.94422500e+03  7.14783110e+16  1.78972428e+16  3.84857303e+10  1.45031606e+10  4.30351777e+12  8.23007814e+09
 1.94425000e+03  7.13952301e+16  1.79489516e+16  3.84409974e+10  1.45450631e+10  4.30351777e+12  8.23007814e+09
 1.94425000e+03  7.13952301e+16  0.00000000e+00  3.84409974e+10  0.00000000e+00  4.31393056e+12  8.22184806e+09
 1.94477500e+03  6.96726672e+16  1.69116200e+15  3.75135260e+10  1.37044539e+09  4.31393056e+12  8.22184806e+09
 1.94530000e+03  6.79916647e+16  3.28048630e+15  3.66084318e+10  2.65836587e+09  4.31393056e+12  8.22184806e+09
 1.94582500e+03  6.63512201e+16  4.77263275e+15  3.57251749e+10  3.86753757e+09  4.31393056e+12  8.22184806e+09
 1.94635000e+03  6.47503547e+16  6.17206923e+15  3.48632284e+10  5.00158107e+09  4.31393056e+12  8.22184806e+09
 1.94687500e+03  6.31881135e+16  7.48307922e+15  3.40220783e+10  6.06396752e+09  4.31393056e+12  8.22184806e+09
 1.94740000e+03  6.16635649e+16  8.70976896e+15  3.32012228e+10  7.05802446e+09  4.31393056e+12  8.22184806e+09
 1.94792500e+03  6.01757992e+16  9.85607446e+15  3.24001721e+10  7.98694143e+09  4.31393056e+12  8.22184806e+09
 1.94845000e+03  5.87239290e+16  1.09257681e+16  3.16184485e+10  8.85377543e+09  4.31393056e+12  8.22184806e+09
 1.94897500e+03  5.73070884e+16  1.19224651e+16  3.08555856e+10  9.66145608e+09  4.31393056e+12  8.22184806e+09
 1.94950000e+03  5.59244320e+16  1.28496297e+16  3.01111285e+10  1.04127906e+10  4.31393056e+12  8.22184806e+09
 1.94950000e+03  5.59244320e+16  0.00000000e+00  3.01111285e+10  0.00000000e+00  4.31393056e+12  8.22184806e+09
 1.94955000e+03  5.57945031e+16  1.29701663e+14  3.00411715e+10  1.05104683e+08  4.31393056e+12  8.22184806e+09
 1.94960000e+03  5.56648761e+16  2.58648732e+14  2.99713770e+10  2.09597876e+08  4.31393056e+12  8.22184806e+09
 1.94965000e+03  5.55355502e+16  3.86844544e+14  2.99017447e+10  3.13482283e+08  4.31393056e+12  8.22184806e+09
 1.94970000e+03  5.54065247e+16  5.14292424e+14  2.98322741e+10  4.16760597e+08  4.31393056e+12  8.22184806e+09
 1.94975000e+03  5.52777991e+16  6.40995683e+14  2.97629650e+10  5.19435501e+08  4.31393056e+12  8.22184806e+09
 1.94980000e+03  5.51493725e+16  7.66957616e+14  2.96938168e+10  6.21509667e+08  4.31393056e+12  8.22184806e+09
 1.94985000e+03  5.50212443e+16  8.92181509e+14  2.96248294e+10  7.22985758e+08  4.31393056e+12  8.22184806e+09
 1.94990000e+03  5.48934137e+16  1.01667063e+15  2.95560022e+10  8.23866422e+08  4.31393056e+12  8.22184806e+09
 1.94995000e+03  5.47658802e+16  1.14042825e+15  2.94873349e+10  9.24154302e+08  4.31393056e+12  8.22184806e+09
 1.95000000e+03  5.46386429e+16  1.26345759e+15  2.94188271e+10  1.02385203e+09  4.31393056e+12  8.22184806e+09
 1.95000000e+03  5.46386429e+16  1.26345759e+15  2.94188271e+10  1.02385203e+09  4.31393056e+12  8.22184806e+09
 1.95070000e+03  5.66499231e+16  2.97177394e+15  3.05017513e+10  2.40819857e+09  4.31393056e+12  8.22184806e+09
 1.95140000e+03  5.85967630e+16  4.66126194e+15  3.15499791e+10  3.77728742e+09  4.31393056e+12  8.22184806e+09
 1.95210000e+03  6.04812271e+16  6.33080754e+15  3.25646222e+10  5.13021581e+09  4.31393056e+12  8.22184806e+09
 1.95280000e+03  6.23053140e+16  7.97941451e+15  3.35467567e+10  6.46617643e+09  4.31393056e+12  8.22184806e+09
 1.95350000e+03  6.40709582e+16  9.60619678e+15  3.44974242e+10  7.78445124e+09  4.31393056e+12  8.22184806e+09
 1.95420000e+03  6.57800320e+16  1.12103711e+16  3.54176328e+10  9.08440553e+09  4.31393056e+12  8.22184806e+09
 1.95490000e+03  6.74343481e+16  1.27912502e+16  3.63083584e+10  1.03654824e+10  4.31393056e+12  8.22184806e+09
 1.95560000e+03  6.90356607e+16  1.43482364e+16  3.71705456e+10  1.16271975e+10  4.31393056e+12  8.22184806e+09
 1.95630000e+03  7.05856682e+16  1.58808155e+16  3.80051088e+10  1.28691340e+10  4.31393056e+12  8.22184806e+09
 1.95700000e+03  7.20860142e+16  1.73885508e+16  3.88129331e+10  1.40909383e+10  4.31393056e+12  8.22184806e+09
 1.95700000e+03  7.20860142e+16  1.73885508e+16  3.88129331e+10  1.40909383e+10  4.32844655e+12  8.21362621e+09
 1.95702500e+03  7.20022270e+16  1.74418549e+16  3.87678199e+10  1.41341336e+10  4.32844655e+12  8.21362621e+09
 1.95705000e+03  7.19185372e+16  1.74949685e+16  3.87227592e+10  1.41771746e+10  4.32844655e+12  8.21362621e+09
 1.95707500e+03  7.18349447e+16  1.75478920e+16  3.86777509e+10  1.42200616e+10  4.32844655e+12  8.21362621e+09
 1.95710000e+03  7.17514493e+16  1.76006259e+16  3.86327948e+10  1.42627948e+10  4.32844655e+12  8.21362621e+09
 1.95712500e+03  7.16680509e+16  1.76531705e+16  3.85878911e+10  1.43053748e+10  4.32844655e+12  8.21362621e+09
 1.95715000e+03  7.15847495e+16  1.77055265e+16  3.85430395e+10  1.43478018e+10  4.32844655e+12  8.21362621e+09
 1.95717500e+03  7.15015450e+16  1.77576941e+16  3.84982400e+10  1.43900762e+10  4.32844655e+12  8.21362621e+09
 1.95720000e+03  7.14184371e+16  1.78096739e+16  3.84534927e+10  1.44321984e+10  4.32844655e+12  8.21362621e+09
 1.95722500e+03  7.13354259e+16  1.78614662e+16  3.84087973e+10  1.44741687e+10  4.32844655e+12  8.21362621e+09
 1.95725000e+03  7.12525111e+16  1.79130716e+16  3.83641539e+10  1.45159875e+10  4.32844655e+12  8.21362621e+09
 1.95725000e+03  7.12525111e+16  0.00000000e+00  3.83641539e+10  0.00000000e+00  4.33883852e+12  8.20541258e+09
 1.95777500e+03  6.95333915e+16  1.68778136e+15  3.74385364e+10  1.36770587e+09  4.33883852e+12  8.20541258e+09
 1.95830000e+03  6.78557494e+16  3.27392861e+15  3.65352515e+10  2.65305180e+09  4.33883852e+12  8.20541258e+09
 1.95882500e+03  6.62185840e+16  4.76309226e+15  3.56537602e+10  3.85980636e+09  4.33883852e+12  8.20541258e+09
 1.95935000e+03  6.46209187e+16  6.15973126e+15  3.47935368e+10  4.99158291e+09  4.33883852e+12  8.20541258e+09
 1.95987500e+03  6.30618005e+16  7.46812054e+15  3.39540682e+10  6.05184565e+09  4.33883852e+12  8.20541258e+09
 1.96040000e+03  6.15402994e+16  8.69235813e+15  3.31348535e+10  7.04391547e+09  4.33883852e+12  8.20541258e+09
 1.96092500e+03  6.00555078e+16  9.83637217e+15  3.23354041e+10  7.97097553e+09  4.33883852e+12  8.20541258e+09
 1.96145000e+03  5.86065399e+16  1.09039275e+16  3.15552432e+10  8.83607673e+09  4.33883852e+12  8.20541258e+09
 1.96197500e+03  5.71925315e+16  1.18986321e+16  3.07939053e+10  9.64214283e+09  4.33883852e+12  8.20541258e+09
 1.96250000e+03  5.58126391e+16  1.28239433e+16  3.00509363e+10  1.03919755e+10  4.33883852e+12  8.20541258e+09
 1.96250000e+03  5.58126391e+16  0.00000000e+00  3.00509363e+10  0.00000000e+00  4.33883852e+12  8.20541258e+09
 1.96255000e+03  5.56829699e+16  1.29442389e+14  2.99811192e+10  1.04894579e+08  4.33883852e+12  8.20541258e+09
 1.96260000e+03  5.55536020e+16  2.58131693e+14  2.99114642e+10  2.09178890e+08  4.33883852e+12  8.20541258e+09
 1.96265000e+03  5.54245346e+16  3.86071242e+14  2.98419711e+10  3.12855632e+08  4.33883852e+12  8.20541258e+09
 1.96270000e+03  5.52957671e+16  5.13264354e+14  2.97726394e+10  4.15927492e+08  4.33883852e+12  8.20541258e+09
 1.96275000e+03  5.51672988e+16  6.39714332e+14  2.97034688e+10  5.18397149e+08  4.33883852e+12  8.20541258e+09
 1.96280000e+03  5.50391289e+16  7.65424468e+14  2.96344589e+10  6.20267270e+08  4.33883852e+12  8.20541258e+09
 1.96285000e+03  5.49112568e+16  8.90398038e+14  2.95656093e+10  7.21540509e+08  4.33883852e+12  8.20541258e+09
 1.96290000e+03  5.47836818e+16  1.01463831e+15  2.94969197e+10  8.22219513e+08  4.33883852e+12  8.20541258e+09
 1.96295000e+03  5.46564032e+16  1.13814853e+15  2.94283897e+10  9.22306917e+08  4.33883852e+12  8.20541258e+09
 1.96300000e+03  5.45294203e+16  1.26093194e+15  2.93600189e+10  1.02180535e+09  4.33883852e+12  8.20541258e+09
 1.96300000e+03  5.45294203e+16  1.26093194e+15  2.93600189e+10  1.02180535e+09  4.33883852e+12  8.20541258e+09
 1.96370000e+03  5.65366799e+16  2.96583336e+15  3.04407783e+10  2.40338458e+09  4.33883852e+12  8.20541258e+09
 1.96440000e+03  5.84796280e+16  4.65194407e+15  3.14869107e+10  3.76973662e+09  4.33883852e+12  8.20541258e+09
 1.96510000e+03  6.03603251e+16  6.31815225e+15  3.24995255e+10  5.11996051e+09  4.33883852e+12  8.20541258e+09
 1.96580000e+03  6.21807657e+16  7.96346366e+15  3.34796968e+10  6.45325055e+09  4.33883852e+12  8.20541258e+09
 1.96650000e+03  6.39428803e+16  9.58699399e+15  3.44284638e+10  7.76889012e+09  4.33883852e+12  8.20541258e+09
 1.96720000e+03  6.56485378e+16  1.11879616e+16  3.53468329e+10  9.06624580e+09  4.33883852e+12  8.20541258e+09
 1.96790000e+03  6.72995468e+16  1.27656805e+16  3.62357780e+10  1.03447618e+10  4.33883852e+12  8.20541258e+09
 1.96860000e+03  6.88976584e+16  1.43195543e+16  3.70962417e+10  1.16039547e+10  4.33883852e+12  8.20541258e+09
 1.96930000e+03  7.04445674e+16  1.58490697e+16  3.79291366e+10  1.28434086e+10  4.33883852e+12  8.20541258e+09
 1.97000000e+03  7.19419143e+16  1.73537911e+16  3.87353460e+10  1.40627705e+10  4.33883852e+12  8.20541258e+09
 1.97000000e+03  7.19419143e+16  1.73537911e+16  3.87353460e+10  1.40627705e+10  4.35332549e+12  8.19720717e+09
 1.97002500e+03  7.18582946e+16  1.74069886e+16  3.86903230e+10  1.41058795e+10  4.35332549e+12  8.19720717e+09
 1.97005000e+03  7.17747720e+16  1.74599960e+16  3.86453524e+10  1.41488344e+10  4.35332549e+12  8.19720717e+09
 1.97007500e+03  7.16913466e+16  1.75128137e+16  3.86004340e+10  1.41916357e+10  4.35332549e+12  8.19720717e+09
 1.97010000e+03  7.16080181e+16  1.75654422e+16  3.85555679e+10  1.42342835e+10  4.35332549e+12  8.19720717e+09
 1.97012500e+03  7.15247865e+16  1.76178818e+16  3.85107539e+10  1.42767783e+10  4.35332549e+12  8.19720717e+09
 1.97015000e+03  7.14416516e+16  1.76701331e+16  3.84659920e+10  1.43191206e+10  4.35332549e+12  8.19720717e+09
 1.97017500e+03  7.13586134e+16  1.77221965e+16  3.84212821e+10  1.43613105e+10  4.35332549e+12  8.19720717e+09
 1.97020000e+03  7.12756717e+16  1.77740723e+16  3.83766241e+10  1.44033485e+10  4.35332549e+12  8.19720717e+09
 1.97022500e+03  7.11928263e+16  1.78257612e+16  3.83320181e+10  1.44452349e+10  4.35332549e+12  8.19720717e+09
 1.97025000e+03  7.11100773e+16  1.78772634e+16  3.82874640e+10  1.44869701e+10  4.35332549e+12  8.19720717e+09
 1.97025000e+03  7.11100773e+16  0.00000000e+00  3.82874640e+10  0.00000000e+00  4.36369669e+12  8.18900996e+09
 1.97077500e+03  6.93943943e+16  1.68440749e+15  3.73636968e+10  1.36497183e+09  4.36369669e+12  8.18900996e+09
 1.97130000e+03  6.77201057e+16  3.26738403e+15  3.64622175e+10  2.64774835e+09  4.36369669e+12  8.18900996e+09
 1.97182500e+03  6.60862130e+16  4.75357084e+15  3.55824884e+10  3.85209061e+09  4.36369669e+12  8.18900996e+09
 1.97235000e+03  6.44917415e+16  6.14741796e+15  3.47239846e+10  4.98160474e+09  4.36369669e+12  8.18900996e+09
 1.97287500e+03  6.29357400e+16  7.45319177e+15  3.38861940e+10  6.03974801e+09  4.36369669e+12  8.18900996e+09
 1.97340000e+03  6.14172803e+16  8.67498211e+15  3.30686169e+10  7.02983468e+09  4.36369669e+12  8.18900996e+09
 1.97392500e+03  5.99354568e+16  9.81670926e+15  3.22707657e+10  7.95504155e+09  4.36369669e+12  8.18900996e+09
 1.97445000e+03  5.84893854e+16  1.08821305e+16  3.14921643e+10  8.81841342e+09  4.36369669e+12  8.18900996e+09
 1.97497500e+03  5.70782036e+16  1.18748467e+16  3.07323483e+10  9.62286818e+09  4.36369669e+12  8.18900996e+09
 1.97550000e+03  5.57010696e+16  1.27983082e+16  2.99908645e+10  1.03712019e+10  4.36369669e+12  8.18900996e+09
 1.97550000e+03  5.57010696e+16  0.00000000e+00  2.99908645e+10  0.00000000e+00  4.36369669e+12  8.18900996e+09
 1.97555000e+03  5.55716596e+16  1.29183634e+14  2.99211869e+10  1.04684895e+08  4.36369669e+12  8.18900996e+09
 1.97560000e+03  5.54425503e+16  2.57615688e+14  2.98516712e+10  2.08760741e+08  4.36369669e+12  8.18900996e+09
 1.97565000e+03  5.53137410e+16  3.85299486e+14  2.97823170e+10  3.12230233e+08  4.36369669e+12  8.18900996e+09
 1.97570000e+03  5.51852309e+16  5.12238338e+14  2.97131239e+10  4.15096053e+08  4.36369669e+12  8.18900996e+09
 1.97575000e+03  5.50570193e+16  6.38435543e+14  2.96440916e+10  5.17360874e+08  4.36369669e+12  8.18900996e+09
 1.97580000e+03  5.49291057e+16  7.63894384e+14  2.95752196e+10  6.19027355e+08  4.36369669e+12  8.18900996e+09
 1.97585000e+03  5.48014892e+16  8.88618133e+14  2.95065077e+10  7.20098150e+08  4.36369669e+12  8.18900996e+09
 1.97590000e+03  5.46741692e+16  1.01261005e+15  2.94379554e+10  8.20575896e+08  4.36369669e+12  8.18900996e+09
 1.97595000e+03  5.45471450e+16  1.13587337e+15  2.93695624e+10  9.20463226e+08  4.36369669e+12  8.18900996e+09
 1.97600000e+03  5.44204160e+16  1.25841134e+15  2.93013282e+10  1.01976276e+09  4.36369669e+12  8.18900996e+09
 1.97600000e+03  5.44204160e+16  1.25841134e+15  2.93013282e+10  1.01976276e+09  4.36369669e+12  8.18900996e+09
 1.97670000e+03  5.64236631e+16  2.95990466e+15  3.03799271e+10  2.39858021e+09  4.36369669e+12  8.18900996e+09
 1.97740000e+03  5.83627273e+16  4.64264484e+15  3.14239683e+10  3.76220092e+09  4.36369669e+12  8.18900996e+09
 1.97810000e+03  6.02396648e+16  6.30552226e+15  3.24345590e+10  5.10972571e+09  4.36369669e+12  8.18900996e+09
 1.97880000e+03  6.20564664e+16  7.94754470e+15  3.34127709e+10  6.44035050e+09  4.36369669e+12  8.18900996e+09
 1.97950000e+03  6.38150585e+16  9.56782959e+15  3.43596414e+10  7.75336011e+09  4.36369669e+12  8.18900996e+09
 1.98020000e+03  6.55173063e+16  1.11655968e+16  3.52761746e+10  9.04812238e+09  4.36369669e+12  8.18900996e+09
 1.98090000e+03  6.71650150e+16  1.27401619e+16  3.61633427e+10  1.03240826e+10  4.36369669e+12  8.18900996e+09
 1.98160000e+03  6.87599320e+16  1.42909295e+16  3.70220863e+10  1.15807584e+10  4.36369669e+12  8.18900996e+09
 1.98230000e+03  7.03037487e+16  1.58173875e+16  3.78533163e+10  1.28177347e+10  4.36369669e+12  8.18900996e+09
 1.98300000e+03  7.17981024e+16  1.73191009e+16  3.86579141e+10  1.40346590e+10  4.36369669e+12  8.18900996e+09
 1.98300000e+03  7.17981024e+16  1.73191009e+16  3.86579141e+10  1.40346590e+10  4.37815470e+12  8.18082095e+09
 1.98302500e+03  7.17146498e+16  1.73721921e+16  3.86129811e+10  1.40776819e+10  4.37815470e+12  8.18082095e+09
 1.98305000e+03  7.16312943e+16  1.74250935e+16  3.85681003e+10  1.41205509e+10  4.37815470e+12  8.18082095e+09
 1.98307500e+03  7.15480356e+16  1.74778056e+16  3.85232718e+10  1.41632666e+10  4.37815470e+12  8.18082095e+09
 1.98310000e+03  7.14648737e+16  1.75303289e+16  3.84784953e+10  1.42058292e+10  4.37815470e+12  8.18082095e+09
 1.98312500e+03  7.13818085e+16  1.75826637e+16  3.84337709e+10  1.42482391e+10  4.37815470e+12  8.18082095e+09
 1.98315000e+03  7.12988398e+16  1.76348105e+16  3.83890984e+10  1.42904966e+10  4.37815470e+12  8.18082095e+09
 1.98317500e+03  7.12159675e+16  1.76867698e+16  3.83444779e+10  1.43326022e+10  4.37815470e+12  8.18082095e+09
 1.98320000e+03  7.11331916e+16  1.77385420e+16  3.82999093e+10  1.43745562e+10  4.37815470e+12  8.18082095e+09
 1.98322500e+03  7.10505119e+16  1.77901275e+16  3.82553924e+10  1.44163588e+10  4.37815470e+12  8.18082095e+09
 1.98325000e+03  7.09679283e+16  1.78415267e+16  3.82109273e+10  1.44580106e+10  4.37815470e+12  8.18082095e+09
 1.98325000e+03  7.09679283e+16  0.00000000e+00  3.82109273e+10  0.00000000e+00  4.38850517e+12  8.17264013e+09
 1.98377500e+03  6.92556749e+16  1.68104036e+15  3.72890068e+10  1.36224325e+09  4.38850517e+12  8.17264013e+09
 1.98430000e+03  6.75847333e+16  3.26085253e+15  3.63893296e+10  2.64245550e+09  4.38850517e+12  8.17264013e+09
 1.98482500e+03  6.59541067e+16  4.74406845e+15  3.55113590e+10  3.84439028e+09  4.38850517e+12  8.17264013e+09
 1.98535000e+03  6.43628225e+16  6.13512927e+15  3.46545713e+10  4.97164651e+09  4.38850517e+12  8.17264013e+09
 1.98587500e+03  6.28099314e+16  7.43829284e+15  3.38184555e+10  6.02767456e+09  4.38850517e+12  8.17264013e+09
 1.98640000e+03  6.12945072e+16  8.65764082e+15  3.30025128e+10  7.01578204e+09  4.38850517e+12  8.17264013e+09
 1.98692500e+03  5.98156458e+16  9.79708566e+15  3.22062564e+10  7.93913943e+09  4.38850517e+12  8.17264013e+09
 1.98745000e+03  5.83724651e+16  1.08603772e+16  3.14292114e+10  8.80078541e+09  4.38850517e+12  8.17264013e+09
 1.98797500e+03  5.69641043e+16  1.18511089e+16  3.06709143e+10  9.60363207e+09  4.38850517e+12  8.17264013e+09
 1.98850000e+03  5.55897232e+16  1.27727244e+16  2.99309128e+10  1.03504699e+10  4.38850517e+12  8.17264013e+09
 1.98850000e+03  5.55897232e+16  0.00000000e+00  2.99309128e+10  0.00000000e+00  4.38850517e+12  8.17264013e+09
 1.98855000e+03  5.54605719e+16  1.28925396e+14  2.98613745e+10  1.04475629e+08  4.38850517e+12  8.17264013e+09
 1.98860000e+03  5.53317207e+16  2.57100714e+14  2.97919977e+10  2.08343428e+08  4.38850517e+12  8.17264013e+09
 1.98865000e+03  5.52031688e+16  3.84529272e+14  2.97227821e+10  3.11606085e+08  4.38850517e+12  8.17264013e+09
 1.98870000e+03  5.50749156e+16  5.11214374e+14  2.96537274e+10  4.14266276e+08  4.38850517e+12  8.17264013e+09
 1.98875000e+03  5.49469604e+16  6.37159311e+14  2.95848330e+10  5.16326669e+08  4.38850517e+12  8.17264013e+09
 1.98880000e+03  5.48193024e+16  7.62367359e+14  2.95160988e+10  6.17789920e+08  4.38850517e+12  8.17264013e+09
 1.98885000e+03  5.46919410e+16  8.86841785e+14  2.94475242e+10  7.18658673e+08  4.38850517e+12  8.17264013e+09
 1.98890000e+03  5.45648756e+16  1.01058584e+15  2.93791089e+10  8.18935565e+08  4.38850517e+12  8.17264013e+09
 1.98895000e+03  5.44381053e+16  1.13360276e+15  2.93108526e+10  9.18623220e+08  4.38850517e+12  8.17264013e+09
 1.98900000e+03  5.43116296e+16  1.25589577e+15  2.92427549e+10  1.01772425e+09  4.38850517e+12  8.17264013e+09
 1.98900000e+03  5.43116296e+16  1.25589577e+15  2.92427549e+10  1.01772425e+09  4.38850517e+12  8.17264013e+09
 1.98970000e+03  5.63108722e+16  2.95398781e+15  3.03191977e+10  2.39378545e+09  4.38850517e+12  8.17264013e+09
 1.99040000e+03  5.82460602e+16  4.63336419e+15  3.13611518e+10  3.75468028e+09  4.38850517e+12  8.17264013e+09
 1.99110000e+03  6.01192458e+16  6.29291753e+15  3.23697223e+10  5.09951136e+09  4.38850517e+12  8.17264013e+09
 1.99180000e+03  6.19324155e+16  7.93165756e+15  3.33459787e+10  6.42747624e+09  4.38850517e+12  8.17264013e+09
 1.99250000e+03  6.36874922e+16  9.54870350e+15  3.42909564e+10  7.73786114e+09  4.38850517e+12  8.17264013e+09
 1.99320000e+03  6.53863372e+16  1.11432768e+16  3.52056575e+10  9.03003518e+09  4.38850517e+12  8.17264013e+09
 1.99390000e+03  6.70307522e+16  1.27146943e+16  3.60910521e+10  1.03034448e+10  4.38850517e+12  8.17264013e+09
 1.99460000e+03  6.86224809e+16  1.42623620e+16  3.69480792e+10  1.15576085e+10  4.38850517e+12  8.17264013e+09
 1.99530000e+03  7.01632115e+16  1.57857685e+16  3.77776475e+10  1.27921120e+10  4.38850517e+12  8.17264013e+09
 1.99600000e+03  7.16545780e+16  1.72844800e+16  3.85806369e+10  1.40066037e+10  4.38850517e+12  8.17264013e+09
 1.99600000e+03  7.16545780e+16  1.72844800e+16  3.85806369e+10  1.40066037e+10  4.40293428e+12  8.16446749e+09
 1.99602500e+03  7.15712922e+16  1.73374651e+16  3.85357937e+10  1.40495406e+10  4.40293428e+12  8.16446749e+09
 1.99605000e+03  7.14881033e+16  1.73902607e+16  3.84910027e+10  1.40923239e+10  4.40293428e+12  8.16446749e+09
 1.99607500e+03  7.14050111e+16  1.74428675e+16  3.84462638e+10  1.41349542e+10  4.40293428e+12  8.16446749e+09
 1.99610000e+03  7.13220154e+16  1.74952858e+16  3.84015768e+10  1.41774317e+10  4.40293428e+12  8.16446749e+09
 1.99612500e+03  7.12391162e+16  1.75475160e+16  3.83569418e+10  1.42197568e+10  4.40293428e+12  8.16446749e+09
 1.99615000e+03  7.11563134e+16  1.75995585e+16  3.83123586e+10  1.42619299e+10  4.40293428e+12  8.16446749e+09
 1.99617500e+03  7.10736068e+16  1.76514140e+16  3.82678273e+10  1.43039513e+10  4.40293428e+12  8.16446749e+09
 1.99620000e+03  7.09909963e+16  1.77030826e+16  3.82233478e+10  1.43458214e+10  4.40293428e+12  8.16446749e+09
 1.99622500e+03  7.09084819e+16  1.77545650e+16  3.81789199e+10  1.43875405e+10  4.40293428e+12  8.16446749e+09
 1.99625000e+03  7.08260634e+16  1.78058615e+16  3.81345437e+10  1.44291091e+10  4.40293428e+12  8.16446749e+09
 1.99625000e+03  7.08260634e+16  0.00000000e+00  3.81345437e+10  0.00000000e+00  4.41326406e+12  8.15630302e+09
 1.99677500e+03  6.91172328e+16  1.67767996e+15  3.72144661e+10  1.35952012e+09  4.41326406e+12  8.15630302e+09
 1.99730000e+03  6.74496314e+16  3.25433408e+15  3.63165873e+10  2.63717323e+09  4.41326406e+12  8.15630302e+09
 1.99782500e+03  6.58222644e+16  4.73458505e+15  3.54403718e+10  3.83670534e+09  4.41326406e+12  8.15630302e+09
 1.99835000e+03  6.42341612e+16  6.12286515e+15  3.45852968e+10  4.96170819e+09  4.41326406e+12  8.15630302e+09
 1.99887500e+03  6.26843744e+16  7.42342369e+15  3.37508524e+10  6.01562523e+09  4.41326406e+12  8.15630302e+09
 1.99940000e+03  6.11719795e+16  8.64033420e+15  3.29365408e+10  7.00175749e+09  4.41326406e+12  8.15630302e+09
 1.99992500e+03  5.96960743e+16  9.77750128e+15  3.21418761e+10  7.92326909e+09  4.41326406e+12  8.15630302e+09
 2.00045000e+03  5.82557786e+16  1.08386673e+16  3.13663844e+10  8.78319264e+09  4.41326406e+12  8.15630302e+09
 2.00097500e+03  5.68502330e+16  1.18274185e+16  3.06096032e+10  9.58443441e+09  4.41326406e+12  8.15630302e+09
 2.00150000e+03  5.54785993e+16  1.27471917e+16  2.98710809e+10  1.03297793e+10  4.41326406e+12  8.15630302e+09
 2.00150000e+03  5.54785993e+16  0.00000000e+00  2.98710809e+10  0.00000000e+00  4.41326406e+12  8.15630302e+09
 2.00155000e+03  5.53497062e+16  1.28667674e+14  2.98016816e+10  1.04266783e+08  4.41326406e+12  8.15630302e+09
 2.00160000e+03  5.52211126e+16  2.56586770e+14  2.97324435e+10  2.07926950e+08  4.41326406e+12  8.15630302e+09
 2.00165000e+03  5.50928177e+16  3.83760598e+14  2.96633663e+10  3.10983184e+08  4.41326406e+12  8.15630302e+09
 2.00170000e+03  5.49648208e+16  5.10192457e+14  2.95944496e+10  4.13438158e+08  4.41326406e+12  8.15630302e+09
 2.00175000e+03  5.48371214e+16  6.35885629e+14  2.95256930e+10  5.15294532e+08  4.41326406e+12  8.15630302e+09
 2.00180000e+03  5.47097186e+16  7.60843387e+14  2.94570961e+10  6.16554958e+08  4.41326406e+12  8.15630302e+09
 2.00185000e+03  5.45826118e+16  8.85068988e+14  2.93886586e+10  7.17222075e+08  4.41326406e+12  8.15630302e+09
 2.00190000e+03  5.44558004e+16  1.00856568e+15  2.93203801e+10  8.17298513e+08  4.41326406e+12  8.15630302e+09
 2.00195000e+03  5.43292835e+16  1.13133669e+15  2.92522602e+10  9.16786892e+08  4.41326406e+12  8.15630302e+09
 2.00200000e+03  5.42030606e+16  1.25338524e+15  2.91842986e+10  1.01568982e+09  4.41326406e+12  8.15630302e+09
 2.00200000e+03  5.42030606e+16  1.25338524e+15  2.91842986e+10  1.01568982e+09  4.41326406e+12  8.15630302e+09
 2.00270000e+03  5.61983068e+16  2.94808279e+15  3.02585896e+10  2.38900027e+09  4.41326406e+12  8.15630302e+09
 2.00340000e+03  5.81296263e+16  4.62410210e+15  3.12984609e+10  3.74717468e+09  4.41326406e+12  8.15630302e+09
 2.00410000e+03  5.99990674e+16  6.28033798e+15  3.23050152e+10  5.08931744e+09  4.41326406e+12  8.15630302e+09
 2.00480000e+03  6.18086126e+16  7.91580218e+15  3.32793201e+10  6.41462771e+09  4.41326406e+12  8.15630302e+09
 2.00550000e+03  6.35601809e+16  9.52961564e+15  3.42224088e+10  7.72239316e+09  4.41326406e+12  8.15630302e+09
 2.00620000e+03  6.52556299e+16  1.11210014e+16  3.51352814e+10  9.01198414e+09  4.41326406e+12  8.15630302e+09
 2.00690000e+03  6.68967577e+16  1.26892776e+16  3.60189061e+10  1.02828482e+10  4.41326406e+12  8.15630302e+09
 2.00760000e+03  6.84853046e+16  1.42338515e+16  3.68742199e+10  1.15345048e+10  4.41326406e+12  8.15630302e+09
 2.00830000e+03  7.00229553e+16  1.57542127e+16  3.77021300e+10  1.27665406e+10  4.41326406e+12  8.15630302e+09
 2.00900000e+03  7.15113405e+16  1.72499283e+16  3.85035142e+10  1.39786045e+10  4.41326406e+12  8.15630302e+09
 2.00900000e+03  7.15113405e+16  1.72499283e+16  3.85035142e+10  1.39786045e+10  4.42766433e+12  8.14814672e+09
 2.00902500e+03  7.14282212e+16  1.73028075e+16  3.84587607e+10  1.40214555e+10  4.42766433e+12  8.14814672e+09
 2.00905000e+03  7.13451986e+16  1.73554976e+16  3.84140592e+10  1.40641534e+10  4.42766433e+12  8.14814672e+09
 2.00907500e+03  7.12622725e+16  1.74079992e+16  3.83694097e+10  1.41066984e+10  4.42766433e+12  8.14814672e+09
 2.00910000e+03  7.11794427e+16  1.74603127e+16  3.83248120e+10  1.41490910e+10  4.42766433e+12  8.14814672e+09
 2.00912500e+03  7.10967092e+16  1.75124385e+16  3.82802662e+10  1.41913315e+10  4.42766433e+12  8.14814672e+09
 2.00915000e+03  7.10140719e+16  1.75643770e+16  3.82357722e+10  1.42334203e+10  4.42766433e+12  8.14814672e+09
 2.00917500e+03  7.09315307e+16  1.76161288e+16  3.81913299e+10  1.42753577e+10  4.42766433e+12  8.14814672e+09
 2.00920000e+03  7.08490853e+16  1.76676942e+16  3.81469393e+10  1.43171441e+10  4.42766433e+12  8.14814672e+09
 2.00922500e+03  7.07667358e+16  1.77190736e+16  3.81026002e+10  1.43587799e+10  4.42766433e+12  8.14814672e+09
 2.00925000e+03  7.06844821e+16  1.77702676e+16  3.80583127e+10  1.44002653e+10  4.42766433e+12  8.14814672e+09
 2.00925000e+03  7.06844821e+16  0.00000000e+00  3.80583127e+10  0.00000000e+00  4.43797346e+12  8.13999857e+09
 2.00977500e+03  6.89790674e+16  1.67432628e+15  3.71400743e+10  1.35680244e+09  4.43797346e+12  8.13999857e+09
 2.01030000e+03  6.73147996e+16  3.24782867e+15  3.62439904e+10  2.63190152e+09  4.43797346e+12  8.13999857e+09
 2.01082500e+03  6.56906857e+16  4.72512062e+15  3.53695265e+10  3.82903577e+09  4.43797346e+12  8.13999857e+09
 2.01135000e+03  6.41057571e+16  6.11062554e+15  3.45161608e+10  4.95178973e+09  4.43797346e+12  8.13999857e+09
 2.01187500e+03  6.25590683e+16  7.40858427e+15  3.36833845e+10  6.00360000e+09  4.43797346e+12  8.13999857e+09
 2.01240000e+03  6.10496967e+16  8.62306217e+15  3.28707006e+10  6.98776098e+09  4.43797346e+12  8.13999857e+09
 2.01292500e+03  5.95767419e+16  9.75795606e+15  3.20776245e+10  7.90743047e+09  4.43797346e+12  8.13999857e+09
 2.01345000e+03  5.81393253e+16  1.08170008e+16  3.13036830e+10  8.76563504e+09  4.43797346e+12  8.13999857e+09
 2.01397500e+03  5.67365894e+16  1.18037755e+16  3.05484146e+10  9.56527513e+09  4.43797346e+12  8.13999857e+09
 2.01450000e+03  5.53676976e+16  1.27217101e+16  2.98113686e+10  1.03091301e+10  4.43797346e+12  8.13999857e+09
 2.01450000e+03  5.53676976e+16  0.00000000e+00  2.98113686e+10  0.00000000e+00  4.43797346e+12  8.13999857e+09
 2.01455000e+03  5.52390621e+16  1.28410467e+14  2.97421080e+10  1.04058353e+08  4.43797346e+12  8.13999857e+09
 2.01460000e+03  5.51107255e+16  2.56073853e+14  2.96730084e+10  2.07511304e+08  4.43797346e+12  8.13999857e+09
 2.01465000e+03  5.49826871e+16  3.82993461e+14  2.96040692e+10  3.10361529e+08  4.43797346e+12  8.13999857e+09
 2.01470000e+03  5.48549462e+16  5.09172582e+14  2.95352903e+10  4.12611695e+08  4.43797346e+12  8.13999857e+09
 2.01475000e+03  5.47275020e+16  6.34614494e+14  2.94666711e+10  5.14264458e+08  4.43797346e+12  8.13999857e+09
 2.01480000e+03  5.46003539e+16  7.59322461e+14  2.93982113e+10  6.15322464e+08  4.43797346e+12  8.13999857e+09
 2.01485000e+03  5.44735012e+16  8.83299735e+14  2.93299106e+10  7.15788348e+08  4.43797346e+12  8.13999857e+09
 2.01490000e+03  5.43469432e+16  1.00654956e+15  2.92617686e+10  8.15664733e+08  4.43797346e+12  8.13999857e+09
 2.01495000e+03  5.42206793e+16  1.12907515e+15  2.91937849e+10  9.14954235e+08  4.43797346e+12  8.13999857e+09
 2.01500000e+03  5.40947087e+16  1.25087972e+15  2.91259592e+10  1.01365946e+09  4.43797346e+12  8.13999857e+09
 2.01500000e+03  5.40947087e+16  1.25087972e+15  2.91259592e+10  1.01365946e+09  4.43797346e+12  8.13999857e+09
 2.01570000e+03  5.60859664e+16  2.94218957e+15  3.01981027e+10  2.38422466e+09  4.43797346e+12  8.13999857e+09
 2.01640000e+03  5.80134252e+16  4.61485852e+15  3.12358952e+10  3.73968407e+09  4.43797346e+12  8.13999857e+09
 2.01710000e+03  5.98791293e+16  6.26778359e+15  3.22404375e+10  5.07914390e+09  4.43797346e+12  8.13999857e+09
 2.01780000e+03  6.16850572e+16  7.89997849e+15  3.32127948e+10  6.40180487e+09  4.43797346e+12  8.13999857e+09
 2.01850000e+03  6.34331241e+16  9.51056594e+15  3.41539982e+10  7.70695610e+09  4.43797346e+12  8.13999857e+09
 2.01920000e+03  6.51251839e+16  1.10987705e+16  3.50650460e+10  8.99396918e+09  4.43797346e+12  8.13999857e+09
 2.01990000e+03  6.67630311e+16  1.26639118e+16  3.59469043e+10  1.02622928e+10  4.43797346e+12  8.13999857e+09
 2.02060000e+03  6.83484025e+16  1.42053980e+16  3.68005084e+10  1.15114473e+10  4.43797346e+12  8.13999857e+09
 2.02130000e+03  6.98829794e+16  1.57227201e+16  3.76267634e+10  1.27410203e+10  4.43797346e+12  8.13999857e+09
 2.02200000e+03  7.13683893e+16  1.72154457e+16  3.84265457e+10  1.39506613e+10  4.43797346e+12  8.13999857e+09
 2.02200000e+03  7.13683893e+16  1.72154457e+16  3.84265457e+10  1.39506613e+10  4.45234494e+12  8.13185858e+09
 2.02202500e+03  7.12854362e+16  1.72682192e+16  3.83818816e+10  1.39934267e+10  4.45234494e+12  8.13185858e+09
 2.02205000e+03  7.12025795e+16  1.73208040e+16  3.83372695e+10  1.40360391e+10  4.45234494e+12  8.13185858e+09
 2.02207500e+03  7.11198192e+16  1.73732006e+16  3.82927092e+10  1.40784991e+10  4.45234494e+12  8.13185858e+09
 2.02210000e+03  7.10371550e+16  1.74254095e+16  3.82482007e+10  1.41208070e+10  4.45234494e+12  8.13185858e+09
 2.02212500e+03  7.09545869e+16  1.74774311e+16  3.82037440e+10  1.41629631e+10  4.45234494e+12  8.13185858e+09
 2.02215000e+03  7.08721148e+16  1.75292658e+16  3.81593389e+10  1.42049677e+10  4.45234494e+12  8.13185858e+09
 2.02217500e+03  7.07897385e+16  1.75809141e+16  3.81149855e+10  1.42468213e+10  4.45234494e+12  8.13185858e+09
 2.02220000e+03  7.07074580e+16  1.76323764e+16  3.80706835e+10  1.42885242e+10  4.45234494e+12  8.13185858e+09
 2.02222500e+03  7.06252731e+16  1.76836532e+16  3.80264331e+10  1.43300767e+10  4.45234494e+12  8.13185858e+09
 2.02225000e+03  7.05431838e+16  1.77347449e+16  3.79822341e+10  1.43714791e+10  4.45234494e+12  8.13185858e+09
 2.02225000e+03  7.05431838e+16  0.00000000e+00  3.79822341e+10  0.00000000e+00  4.46263346e+12  8.12372672e+09
 2.02277500e+03  6.88411783e+16  1.67097930e+15  3.70658313e+10  1.35409019e+09  4.46263346e+12  8.12372672e+09
 2.02330000e+03  6.71802373e+16  3.24133626e+15  3.61715387e+10  2.62664035e+09  4.46263346e+12  8.12372672e+09
 2.02382500e+03  6.55593700e+16  4.71567510e+15  3.52988228e+10  3.82138153e+09  4.46263346e+12  8.12372672e+09
 2.02435000e+03  6.39776097e+16  6.09841040e+15  3.44471630e+10  4.94189110e+09  4.46263346e+12  8.12372672e+09
 2.02487500e+03  6.24340127e+16  7.39377451e+15  3.36160514e+10  5.99159880e+09  4.46263346e+12  8.12372672e+09
 2.02540000e+03  6.09276583e+16  8.60582467e+15  3.28049921e+10  6.97379244e+09  4.46263346e+12  8.12372672e+09
 2.02592500e+03  5.94576480e+16  9.73844990e+15  3.20135013e+10  7.89162352e+09  4.46263346e+12  8.12372672e+09
 2.02645000e+03  5.80231048e+16  1.07953776e+16  3.12411070e+10  8.74811253e+09  4.46263346e+12  8.12372672e+09
 2.02697500e+03  5.66231730e+16  1.17801798e+16  3.04873483e+10  9.54615414e+09  4.46263346e+12  8.12372672e+09
 2.02750000e+03  5.52570176e+16  1.26962794e+16  2.97517757e+10  1.02885221e+10  4.46263346e+12  8.12372672e+09
 2.02750000e+03  5.52570176e+16  0.00000000e+00  2.97517757e+10  0.00000000e+00  4.46263346e+12  8.12372672e+09
 2.02755000e+03  5.51286393e+16  1.28153775e+14  2.96826535e+10  1.03850341e+08  4.46263346e+12  8.12372672e+09
 2.02760000e+03  5.50005592e+16  2.55561961e+14  2.96136920e+10  2.07096489e+08  4.46263346e+12  8.12372672e+09
 2.02765000e+03  5.48727767e+16  3.82227857e+14  2.95448907e+10  3.09741116e+08  4.46263346e+12  8.12372672e+09
 2.02770000e+03  5.47452911e+16  5.08154746e+14  2.94762492e+10  4.11786884e+08  4.46263346e+12  8.12372672e+09
 2.02775000e+03  5.46181017e+16  6.33345899e+14  2.94077672e+10  5.13236444e+08  4.46263346e+12  8.12372672e+09
 2.02780000e+03  5.44912078e+16  7.57804576e+14  2.93394443e+10  6.14092435e+08  4.46263346e+12  8.12372672e+09
 2.02785000e+03  5.43646087e+16  8.81534019e+14  2.92712802e+10  7.14357487e+08  4.46263346e+12  8.12372672e+09
 2.02790000e+03  5.42383037e+16  1.00453746e+15  2.92032744e+10  8.14034219e+08  4.46263346e+12  8.12372672e+09
 2.02795000e+03  5.41122922e+16  1.12681812e+15  2.91354266e+10  9.13125241e+08  4.46263346e+12  8.12372672e+09
 2.02800000e+03  5.39865734e+16  1.24837921e+15  2.90677364e+10  1.01163315e+09  4.46263346e+12  8.12372672e+09
 2.02800000e+03  5.39865734e+16  1.24837921e+15  2.90677364e+10  1.01163315e+09  4.46263346e+12  8.12372672e+09
 2.02870000e+03  5.59738505e+16  2.93630814e+15  3.01377367e+10  2.37945860e+09  4.46263346e+12  8.12372672e+09
 2.02940000e+03  5.78974563e+16  4.60563341e+15  3.11734547e+10  3.73220844e+09  4.46263346e+12  8.12372672e+09
 2.03010000e+03  5.97594309e+16  6.25525429e+15  3.21759889e+10  5.06899069e+09  4.46263346e+12  8.12372672e+09
 2.03080000e+03  6.15617487e+16  7.88418643e+15  3.31464024e+10  6.38900766e+09  4.46263346e+12  8.12372672e+09
 2.03150000e+03  6.33063213e+16  9.49155432e+15  3.40857244e+10  7.69154989e+09  4.46263346e+12  8.12372672e+09
 2.03220000e+03  6.49949987e+16  1.10765841e+16  3.49949510e+10  8.97599024e+09  4.46263346e+12  8.12372672e+09
 2.03290000e+03  6.66295718e+16  1.26385966e+16  3.58750465e+10  1.02417784e+10  4.46263346e+12  8.12372672e+09
 2.03360000e+03  6.82117740e+16  1.41770014e+16  3.67269442e+10  1.14884359e+10  4.46263346e+12  8.12372672e+09
 2.03430000e+03  6.97432833e+16  1.56912904e+16  3.75515475e+10  1.27155510e+10  4.46263346e+12  8.12372672e+09
 2.03500000e+03  7.12257239e+16  1.71810320e+16  3.83497310e+10  1.39227739e+10  4.46263346e+12  8.12372672e+09
 2.03500000e+03  7.12257239e+16  1.71810320e+16  3.83497310e+10  1.39227739e+10  4.47697621e+12  8.11560299e+09
 2.03502500e+03  7.11429366e+16  1.72337000e+16  3.83051562e+10  1.39654538e+10  4.47697621e+12  8.11560299e+09
 2.03505000e+03  7.10602456e+16  1.72861797e+16  3.82606333e+10  1.40079811e+10  4.47697621e+12  8.11560299e+09
 2.03507500e+03  7.09776507e+16  1.73384716e+16  3.82161621e+10  1.40503562e+10  4.47697621e+12  8.11560299e+09
 2.03510000e+03  7.08951517e+16  1.73905761e+16  3.81717426e+10  1.40925795e+10  4.47697621e+12  8.11560299e+09
 2.03512500e+03  7.08127487e+16  1.74424937e+16  3.81273747e+10  1.41346513e+10  4.47697621e+12  8.11560299e+09
 2.03515000e+03  7.07304414e+16  1.74942248e+16  3.80830584e+10  1.41765720e+10  4.47697621e+12  8.11560299e+09
 2.03517500e+03  7.06482298e+16  1.75457699e+16  3.80387936e+10  1.42183419e+10  4.47697621e+12  8.11560299e+09
 2.03520000e+03  7.05661138e+16  1.75971293e+16  3.79945802e+10  1.42599614e+10  4.47697621e+12  8.11560299e+09
 2.03522500e+03  7.04840932e+16  1.76483036e+16  3.79504183e+10  1.43014308e+10  4.47697621e+12  8.11560299e+09
 2.03525000e+03  7.04021680e+16  1.76992931e+16  3.79063077e+10  1.43427505e+10  4.47697621e+12  8.11560299e+09
 2.03525000e+03  7.04021680e+16  0.00000000e+00  3.79063077e+10  0.00000000e+00  4.48724417e+12  8.10748739e+09
 2.03577500e+03  6.87035648e+16  1.66763901e+15  3.69917367e+10  1.35138337e+09  4.48724417e+12  8.10748739e+09
 2.03630000e+03  6.70459440e+16  3.23485683e+15  3.60992318e+10  2.62138970e+09  4.48724417e+12  8.10748739e+09
 2.03682500e+03  6.54283169e+16  4.70624847e+15  3.52282604e+10  3.81374258e+09  4.48724417e+12  8.10748739e+09
 2.03735000e+03  6.38497185e+16  6.08621968e+15  3.43783031e+10  4.93201226e+09  4.48724417e+12  8.10748739e+09
 2.03787500e+03  6.23092071e+16  7.37899435e+15  3.35488529e+10  5.97962160e+09  4.48724417e+12  8.10748739e+09
 2.03840000e+03  6.08058640e+16  8.58862162e+15  3.27394149e+10  6.95985183e+09  4.48724417e+12  8.10748739e+09
 2.03892500e+03  5.93387921e+16  9.71898274e+15  3.19495063e+10  7.87584816e+09  4.48724417e+12  8.10748739e+09
 2.03945000e+03  5.79071166e+16  1.07737976e+16  3.11786560e+10  8.73062505e+09  4.48724417e+12  8.10748739e+09
 2.03997500e+03  5.65099833e+16  1.17566312e+16  3.04264041e+10  9.52707138e+09  4.48724417e+12  8.10748739e+09
 2.04050000e+03  5.51465588e+16  1.26708995e+16  2.96923019e+10  1.02679554e+10  4.48724417e+12  8.10748739e+09
 2.04050000e+03  5.51465588e+16  0.00000000e+00  2.96923019e+10  0.00000000e+00  4.48724417e+12  8.10748739e+09
 2.04055000e+03  5.50184371e+16  1.27897595e+14  2.96233179e+10  1.03642744e+08  4.48724417e+12  8.10748739e+09
 2.04060000e+03  5.48906131e+16  2.55051093e+14  2.95544942e+10  2.06682503e+08  4.48724417e+12  8.10748739e+09
 2.04065000e+03  5.47630860e+16  3.81463783e+14  2.94858305e+10  3.09121944e+08  4.48724417e+12  8.10748739e+09
 2.04070000e+03  5.46358553e+16  5.07138944e+14  2.94173262e+10  4.10963722e+08  4.48724417e+12  8.10748739e+09
 2.04075000e+03  5.45089201e+16  6.32079841e+14  2.93489811e+10  5.12210484e+08  4.48724417e+12  8.10748739e+09
 2.04080000e+03  5.43822799e+16  7.56289724e+14  2.92807948e+10  6.12864864e+08  4.48724417e+12  8.10748739e+09
 2.04085000e+03  5.42559338e+16  8.79771833e+14  2.92127669e+10  7.12929486e+08  4.48724417e+12  8.10748739e+09
 2.04090000e+03  5.41298813e+16  1.00252939e+15  2.91448970e+10  8.12406965e+08  4.48724417e+12  8.10748739e+09
 2.04095000e+03  5.40041217e+16  1.12456562e+15  2.90771848e+10  9.11299904e+08  4.48724417e+12  8.10748739e+09
 2.04100000e+03  5.38786542e+16  1.24588370e+15  2.90096300e+10  1.00961090e+09  4.48724417e+12  8.10748739e+09
 2.04100000e+03  5.38786542e+16  1.24588370e+15  2.90096300e+10  1.00961090e+09  4.48724417e+12  8.10748739e+09
 2.04170000e+03  5.58619588e+16  2.93043846e+15  3.00774913e+10  2.37470206e+09  4.48724417e+12  8.10748739e+09
 2.04240000e+03  5.77817193e+16  4.59642675e+15  3.11111389e+10  3.72474776e+09  4.48724417e+12  8.10748739e+09
 2.04310000e+03  5.96399718e+16  6.24275004e+15  3.21116691e+10  5.05885777e+09  4.48724417e+12  8.10748739e+09
 2.04380000e+03  6.14386868e+16  7.86842594e+15  3.30801427e+10  6.37623604e+09  4.48724417e+12  8.10748739e+09
 2.04450000e+03  6.31797720e+16  9.47258070e+15  3.40175870e+10  7.67617448e+09  4.48724417e+12  8.10748739e+09
 2.04520000e+03  6.48650737e+16  1.10544420e+16  3.49249961e+10  8.95804723e+09  4.48724417e+12  8.10748739e+09
 2.04590000e+03  6.64963793e+16  1.26133321e+16  3.58033322e+10  1.02213051e+10  4.48724417e+12  8.10748739e+09
 2.04660000e+03  6.80754187e+16  1.41486616e+16  3.66535270e+10  1.14654706e+10  4.48724417e+12  8.10748739e+09
 2.04730000e+03  6.96038665e+16  1.56599235e+16  3.74764820e+10  1.26901326e+10  4.48724417e+12  8.10748739e+09
 2.04800000e+03  7.10833437e+16  1.71466871e+16  3.82730699e+10  1.38949423e+10  4.48724417e+12  8.10748739e+09
 2.04800000e+03  7.10833437e+16  1.71466871e+16  3.82730699e+10  1.38949423e+10  4.50155824e+12  8.09937990e+09
 2.04802500e+03  7.10007219e+16  1.71992498e+16  3.82285842e+10  1.39375368e+10  4.50155824e+12  8.09937990e+09
 2.04805000e+03  7.09181962e+16  1.72516246e+16  3.81841503e+10  1.39799791e+10  4.50155824e+12  8.09937990e+09
 2.04807500e+03  7.08357663e+16  1.73038120e+16  3.81397680e+10  1.40222696e+10  4.50155824e+12  8.09937990e+09
 2.04810000e+03  7.07534323e+16  1.73558124e+16  3.80954373e+10  1.40644084e+10  4.50155824e+12  8.09937990e+09
 2.04812500e+03  7.06711940e+16  1.74076262e+16  3.80511581e+10  1.41063961e+10  4.50155824e+12  8.09937990e+09
 2.04815000e+03  7.05890513e+16  1.74592539e+16  3.80069304e+10  1.41482330e+10  4.50155824e+12  8.09937990e+09
 2.04817500e+03  7.05070040e+16  1.75106959e+16  3.79627541e+10  1.41899194e+10  4.50155824e+12  8.09937990e+09
 2.04820000e+03  7.04250521e+16  1.75619527e+16  3.79186291e+10  1.42314557e+10  4.50155824e+12  8.09937990e+09
 2.04822500e+03  7.03431955e+16  1.76130246e+16  3.78745554e+10  1.42728423e+10  4.50155824e+12  8.09937990e+09
 2.04825000e+03  7.02614340e+16  1.76639122e+16  3.78305330e+10  1.43140794e+10  4.50155824e+12  8.09937990e+09
 2.04825000e+03  7.02614340e+16  0.00000000e+00  3.78305330e+10  0.00000000e+00  4.51180567e+12  8.09128052e+09
 2.04877500e+03  6.85662263e+16  1.66430540e+15  3.69177903e+10  1.34868195e+09  4.51180567e+12  8.09128052e+09
 2.04930000e+03  6.69119191e+16  3.22839035e+15  3.60270694e+10  2.61614954e+09  4.51180567e+12  8.09128052e+09
 2.04982500e+03  6.52975257e+16  4.69684068e+15  3.51578391e+10  3.80611891e+09  4.51180567e+12  8.09128052e+09
 2.05035000e+03  6.37220829e+16  6.07405333e+15  3.43095809e+10  4.92215317e+09  4.51180567e+12  8.09128052e+09
 2.05087500e+03  6.21846510e+16  7.36424374e+15  3.34817887e+10  5.96766833e+09  4.51180567e+12  8.09128052e+09
 2.05140000e+03  6.06843130e+16  8.57145297e+15  3.26739688e+10  6.94593909e+09  4.51180567e+12  8.09128052e+09
 2.05192500e+03  5.92201739e+16  9.69955449e+15  3.18856393e+10  7.86010434e+09  4.51180567e+12  8.09128052e+09
 2.05245000e+03  5.77913603e+16  1.07522608e+16  3.11163299e+10  8.71317253e+09  4.51180567e+12  8.09128052e+09
 2.05297500e+03  5.63970198e+16  1.17331297e+16  3.03655817e+10  9.50802676e+09  4.51180567e+12  8.09128052e+09
 2.05350000e+03  5.50363208e+16  1.26455704e+16  2.96329470e+10  1.02474297e+10  4.51180567e+12  8.09128052e+09
 2.05350000e+03  5.50363208e+16  0.00000000e+00  2.96329470e+10  0.00000000e+00  4.51180567e+12  8.09128052e+09
 2.05355000e+03  5.49084552e+16  1.27641928e+14  2.95641009e+10  1.03435562e+08  4.51180567e+12  8.09128052e+09
 2.05360000e+03  5.47808868e+16  2.54541245e+14  2.94954148e+10  2.06269345e+08  4.51180567e+12  8.09128052e+09
 2.05365000e+03  5.46536146e+16  3.80701237e+14  2.94268883e+10  3.08504009e+08  4.51180567e+12  8.09128052e+09
 2.05370000e+03  5.45266382e+16  5.06125174e+14  2.93585210e+10  4.10142206e+08  4.51180567e+12  8.09128052e+09
 2.05375000e+03  5.43999568e+16  6.30816313e+14  2.92903125e+10  5.11186575e+08  4.51180567e+12  8.09128052e+09
 2.05380000e+03  5.42735697e+16  7.54777901e+14  2.92222625e+10  6.11639747e+08  4.51180567e+12  8.09128052e+09
 2.05385000e+03  5.41474762e+16  8.78013169e+14  2.91543705e+10  7.11504340e+08  4.51180567e+12  8.09128052e+09
 2.05390000e+03  5.40216757e+16  1.00052534e+15  2.90866364e+10  8.10782964e+08  4.51180567e+12  8.09128052e+09
 2.05395000e+03  5.38961674e+16  1.12231761e+15  2.90190596e+10  9.09478215e+08  4.51180567e+12  8.09128052e+09
 2.05400000e+03  5.37709508e+16  1.24339318e+15  2.89516397e+10  1.00759268e+09  4.51180567e+12  8.09128052e+09
 2.05400000e+03  5.37709508e+16  1.24339318e+15  2.89516397e+10  1.00759268e+09  4.51180567e+12  8.09128052e+09
 2.05470000e+03  5.57502907e+16  2.92458051e+15  3.00173664e+10  2.36995503e+09  4.51180567e+12  8.09128052e+09
 2.05540000e+03  5.76662137e+16  4.58723850e+15  3.10489478e+10  3.71730199e+09  4.51180567e+12  8.09128052e+09
 2.05610000e+03  5.95207515e+16  6.23027078e+15  3.20474778e+10  5.04874512e+09  4.51180567e+12  8.09128052e+09
 2.05680000e+03  6.13158709e+16  7.85269696e+15  3.30140155e+10  6.36348994e+09  4.51180567e+12  8.09128052e+09
 2.05750000e+03  6.30534756e+16  9.45364501e+15  3.39495858e+10  7.66082981e+09  4.51180567e+12  8.09128052e+09
 2.05820000e+03  6.47354084e+16  1.10323441e+16  3.48551810e+10  8.94014010e+09  4.51180567e+12  8.09128052e+09
 2.05890000e+03  6.63634530e+16  1.25881180e+16  3.57317614e+10  1.02008727e+10  4.51180567e+12  8.09128052e+09
 2.05960000e+03  6.79393359e+16  1.41203784e+16  3.65802566e+10  1.14425511e+10  4.51180567e+12  8.09128052e+09
 2.06030000e+03  6.94647284e+16  1.56286193e+16  3.74015665e+10  1.26647650e+10  4.51180567e+12  8.09128052e+09
 2.06100000e+03  7.09412481e+16  1.71124109e+16  3.81965620e+10  1.38671663e+10  4.51180567e+12  8.09128052e+09
 2.06100000e+03  7.09412481e+16  1.71124109e+16  3.81965620e+10  1.38671663e+10  4.52609114e+12  8.08318924e+09
 2.06102500e+03  7.08587915e+16  1.71648685e+16  3.81521653e+10  1.39096757e+10  4.52609114e+12  8.08318924e+09
 2.06105000e+03  7.07764307e+16  1.72171386e+16  3.81078202e+10  1.39520332e+10  4.52609114e+12  8.08318924e+09
 2.06107500e+03  7.06941656e+16  1.72692217e+16  3.80635266e+10  1.39942390e+10  4.52609114e+12  8.08318924e+09
 2.06110000e+03  7.06119962e+16  1.73211181e+16  3.80192845e+10  1.40362937e+10  4.52609114e+12  8.08318924e+09
 2.06112500e+03  7.05299223e+16  1.73728283e+16  3.79750938e+10  1.40781975e+10  4.52609114e+12  8.08318924e+09
 2.06115000e+03  7.04479438e+16  1.74243528e+16  3.79309545e+10  1.41199507e+10  4.52609114e+12  8.08318924e+09
 2.06117500e+03  7.03660605e+16  1.74756920e+16  3.78868665e+10  1.41615538e+10  4.52609114e+12  8.08318924e+09
 2.06120000e+03  7.02842725e+16  1.75268463e+16  3.78428297e+10  1.42030071e+10  4.52609114e+12  8.08318924e+09
 2.06122500e+03  7.02025795e+16  1.75778162e+16  3.77988442e+10  1.42443109e+10  4.52609114e+12  8.08318924e+09
 2.06125000e+03  7.01209814e+16  1.76286021e+16  3.77549097e+10  1.42854655e+10  4.52609114e+12  8.08318924e+09
 2.06125000e+03  7.01209814e+16  0.00000000e+00  3.77549097e+10  0.00000000e+00  4.53631809e+12  8.07510605e+09
 2.06177500e+03  6.84291624e+16  1.66097845e+15  3.68439916e+10  1.34598594e+09  4.53631809e+12  8.07510605e+09
 2.06230000e+03  6.67781622e+16  3.22193680e+15  3.59550513e+10  2.61091986e+09  4.53631809e+12  8.07510605e+09
 2.06282500e+03  6.51669959e+16  4.68745169e+15  3.50875586e+10  3.79851048e+09  4.53631809e+12  8.07510605e+09
 2.06335000e+03  6.35947024e+16  6.06191129e+15  3.42409961e+10  4.91231379e+09  4.53631809e+12  8.07510605e+09
 2.06387500e+03  6.20603439e+16  7.34952262e+15  3.34148586e+10  5.95573896e+09  4.53631809e+12  8.07510605e+09
 2.06440000e+03  6.05630051e+16  8.55431864e+15  3.26086535e+10  6.93205416e+09  4.53631809e+12  8.07510605e+09
 2.06492500e+03  5.91017928e+16  9.68016508e+15  3.18218999e+10  7.84439199e+09  4.53631809e+12  8.07510605e+09
 2.06545000e+03  5.76758353e+16  1.07307670e+16  3.10541283e+10  8.69575490e+09  4.53631809e+12  8.07510605e+09
 2.06597500e+03  5.62842822e+16  1.17096752e+16  3.03048809e+10  9.48902022e+09  4.53631809e+12  8.07510605e+09
 2.06650000e+03  5.49263032e+16  1.26202919e+16  2.95737107e+10  1.02269451e+10  4.53631809e+12  8.07510605e+09
 2.06650000e+03  5.49263032e+16  0.00000000e+00  2.95737107e+10  0.00000000e+00  4.53631809e+12  8.07510605e+09
 2.06655000e+03  5.47986932e+16  1.27386772e+14  2.95050023e+10  1.03228794e+08  4.53631809e+12  8.07510605e+09
 2.06660000e+03  5.46713798e+16  2.54032418e+14  2.94364535e+10  2.05857012e+08  4.53631809e+12  8.07510605e+09
 2.06665000e+03  5.45443621e+16  3.79940215e+14  2.93680639e+10  3.07887309e+08  4.53631809e+12  8.07510605e+09
 2.06670000e+03  5.44176395e+16  5.05113429e+14  2.92998333e+10  4.09322332e+08  4.53631809e+12  8.07510605e+09
 2.06675000e+03  5.42912113e+16  6.29555312e+14  2.92317611e+10  5.10164713e+08  4.53631809e+12  8.07510605e+09
 2.06680000e+03  5.41650768e+16  7.53269100e+14  2.91638472e+10  6.10417079e+08  4.53631809e+12  8.07510605e+09
 2.06685000e+03  5.40392354e+16  8.76258020e+14  2.90960910e+10  7.10082043e+08  4.53631809e+12  8.07510605e+09
 2.06690000e+03  5.39136864e+16  9.98525286e+14  2.90284922e+10  8.09162208e+08  4.53631809e+12  8.07510605e+09
 2.06695000e+03  5.37884290e+16  1.12007410e+15  2.89610505e+10  9.07660168e+08  4.53631809e+12  8.07510605e+09
 2.06700000e+03  5.36634627e+16  1.24090764e+15  2.88937654e+10  1.00557851e+09  4.53631809e+12  8.07510605e+09
 2.06700000e+03  5.36634627e+16  1.24090764e+15  2.88937654e+10  1.00557851e+09  4.53631809e+12  8.07510605e+09
 2.06770000e+03  5.56388459e+16  2.91873427e+15  2.99573617e+10  2.36521749e+09  4.53631809e+12  8.07510605e+09
 2.06840000e+03  5.75509389e+16  4.57806861e+15  3.09868809e+10  3.70987110e+09  4.53631809e+12  8.07510605e+09
 2.06910000e+03  5.94017695e+16  6.21781647e+15  3.19834149e+10  5.03865268e+09  4.53631809e+12  8.07510605e+09
 2.06980000e+03  6.11933004e+16  7.83699942e+15  3.29480205e+10  6.35076932e+09  4.53631809e+12  8.07510605e+09
 2.07050000e+03  6.29274317e+16  9.43474717e+15  3.38817206e+10  7.64551581e+09  4.53631809e+12  8.07510605e+09
 2.07120000e+03  6.46060023e+16  1.10102905e+16  3.47855055e+10  8.92226876e+09  4.53631809e+12  8.07510605e+09
 2.07190000e+03  6.62307925e+16  1.25629544e+16  3.56603336e+10  1.01804812e+10  4.53631809e+12  8.07510605e+09
 2.07260000e+03  6.78035252e+16  1.40921518e+16  3.65071327e+10  1.14196774e+10  4.53631809e+12  8.07510605e+09
 2.07330000e+03  6.93258684e+16  1.55973777e+16  3.73268007e+10  1.26394481e+10  4.53631809e+12  8.07510605e+09
 2.07400000e+03  7.07994365e+16  1.70782032e+16  3.81202071e+10  1.38394459e+10  4.53631809e+12  8.07510605e+09
 2.07400000e+03  7.07994365e+16  1.70782032e+16  3.81202071e+10  1.38394459e+10  4.55057499e+12  8.06703094e+09
 2.07402500e+03  7.07171447e+16  1.71305559e+16  3.80758991e+10  1.38818703e+10  4.55057499e+12  8.06703094e+09
 2.07405000e+03  7.06349486e+16  1.71827216e+16  3.80316426e+10  1.39241431e+10  4.55057499e+12  8.06703094e+09
 2.07407500e+03  7.05528480e+16  1.72347005e+16  3.79874376e+10  1.39662646e+10  4.55057499e+12  8.06703094e+09
 2.07410000e+03  7.04708428e+16  1.72864932e+16  3.79432839e+10  1.40082351e+10  4.55057499e+12  8.06703094e+09
 2.07412500e+03  7.03889330e+16  1.73381000e+16  3.78991816e+10  1.40500551e+10  4.55057499e+12  8.06703094e+09
 2.07415000e+03  7.03071183e+16  1.73895215e+16  3.78551305e+10  1.40917249e+10  4.55057499e+12  8.06703094e+09
 2.07417500e+03  7.02253988e+16  1.74407581e+16  3.78111307e+10  1.41332448e+10  4.55057499e+12  8.06703094e+09
 2.07420000e+03  7.01437742e+16  1.74918102e+16  3.77671819e+10  1.41746152e+10  4.55057499e+12  8.06703094e+09
 2.07422500e+03  7.00622445e+16  1.75426781e+16  3.77232843e+10  1.42158365e+10  4.55057499e+12  8.06703094e+09
 2.07425000e+03  6.99808096e+16  1.75933625e+16  3.76794377e+10  1.42569089e+10  4.55057499e+12  8.06703094e+09
 2.07425000e+03  6.99808096e+16  0.00000000e+00  3.76794377e+10  0.00000000e+00  4.56078150e+12  8.05896391e+09
 2.07477500e+03  6.82923725e+16  1.65765816e+15  3.67703404e+10  1.34329531e+09  4.56078150e+12  8.05896391e+09
 2.07530000e+03  6.66446727e+16  3.21549615e+15  3.58831772e+10  2.60570063e+09  4.56078150e+12  8.05896391e+09
 2.07582500e+03  6.50367271e+16  4.67808148e+15  3.50174186e+10  3.79091726e+09  4.56078150e+12  8.05896391e+09
 2.07635000e+03  6.34675766e+16  6.04979353e+15  3.41725483e+10  4.90249407e+09  4.56078150e+12  8.05896391e+09
 2.07687500e+03  6.19362853e+16  7.33483092e+15  3.33480623e+10  5.94383344e+09  4.56078150e+12  8.05896391e+09
 2.07740000e+03  6.04419396e+16  8.53721855e+15  3.25434688e+10  6.91819698e+09  4.56078150e+12  8.05896391e+09
 2.07792500e+03  5.89836483e+16  9.66081443e+15  3.17582879e+10  7.82871105e+09  4.56078150e+12  8.05896391e+09
 2.07845000e+03  5.75605413e+16  1.07093162e+16  3.09920511e+10  8.67837209e+09  4.56078150e+12  8.05896391e+09
 2.07897500e+03  5.61717699e+16  1.16862675e+16  3.02443015e+10  9.47005167e+09  4.56078150e+12  8.05896391e+09
 2.07950000e+03  5.48165055e+16  1.25950640e+16  2.95145929e+10  1.02065014e+10  4.56078150e+12  8.05896391e+09
 2.07950000e+03  5.48165055e+16  0.00000000e+00  2.95145929e+10  0.00000000e+00  4.56078150e+12  8.05896391e+09
 2.07955000e+03  5.46891507e+16  1.27132125e+14  2.94460218e+10  1.03022440e+08  4.56078150e+12  8.05896391e+09
 2.07960000e+03  5.45620917e+16  2.53524607e+14  2.93776100e+10  2.05445504e+08  4.56078150e+12  8.05896391e+09
 2.07965000e+03  5.44353279e+16  3.79180715e+14  2.93093572e+10  3.07271843e+08  4.56078150e+12  8.05896391e+09
 2.07970000e+03  5.43088586e+16  5.04103708e+14  2.92412629e+10  4.08504096e+08  4.56078150e+12  8.05896391e+09
 2.07975000e+03  5.41826831e+16  6.28296830e+14  2.91733269e+10  5.09144894e+08  4.56078150e+12  8.05896391e+09
 2.07980000e+03  5.40568008e+16  7.51763315e+14  2.91055486e+10  6.09196855e+08  4.56078150e+12  8.05896391e+09
 2.07985000e+03  5.39312110e+16  8.74506381e+14  2.90379279e+10  7.08662589e+08  4.56078150e+12  8.05896391e+09
 2.07990000e+03  5.38059129e+16  9.96529234e+14  2.89704642e+10  8.07544693e+08  4.56078150e+12  8.05896391e+09
 2.07995000e+03  5.36809059e+16  1.11783507e+15  2.89031573e+10  9.05845756e+08  4.56078150e+12  8.05896391e+09
 2.08000000e+03  5.35561894e+16  1.23842706e+15  2.88360068e+10  1.00356835e+09  4.56078150e+12  8.05896391e+09
 2.08000000e+03  5.35561894e+16  1.23842706e+15  2.88360068e+10  1.00356835e+09  4.56078150e+12  8.05896391e+09
 2.08070000e+03  5.55276238e+16  2.91289972e+15  2.98974769e+10  2.36048942e+09  4.56078150e+12  8.05896391e+09
 2.08140000e+03  5.74358946e+16  4.56891705e+15  3.09249382e+10  3.70245507e+09  4.56078150e+12  8.05896391e+09
 2.08210000e+03  5.92830253e+16  6.20538705e+15  3.19194801e+10  5.02858041e+09  4.56078150e+12  8.05896391e+09
 2.08280000e+03  6.10709750e+16  7.82133325e+15  3.28821574e+10  6.33807414e+09  4.56078150e+12  8.05896391e+09
 2.08350000e+03  6.28016398e+16  9.41588711e+15  3.38139911e+10  7.63023242e+09  4.56078150e+12  8.05896391e+09
 2.08420000e+03  6.44768549e+16  1.09882809e+16  3.47159693e+10  8.90443314e+09  4.56078150e+12  8.05896391e+09
 2.08490000e+03  6.60983971e+16  1.25378410e+16  3.55890486e+10  1.01601304e+10  4.56078150e+12  8.05896391e+09
 2.08560000e+03  6.76679859e+16  1.40639816e+16  3.64341549e+10  1.13968495e+10  4.56078150e+12  8.05896391e+09
 2.08630000e+03  6.91872860e+16  1.55661985e+16  3.72521845e+10  1.26141819e+10  4.56078150e+12  8.05896391e+09
 2.08700000e+03  7.06579084e+16  1.70440639e+16  3.80440048e+10  1.38117808e+10  4.56078150e+12  8.05896391e+09
 2.08700000e+03  7.06579084e+16  1.70440639e+16  3.80440048e+10  1.38117808e+10  4.57500991e+12  8.05090495e+09
 2.08702500e+03  7.05757812e+16  1.70963120e+16  3.79997854e+10  1.38541204e+10  4.57500991e+12  8.05090495e+09
 2.08705000e+03  7.04937493e+16  1.71483733e+16  3.79556174e+10  1.38963087e+10  4.57500991e+12  8.05090495e+09
 2.08707500e+03  7.04118129e+16  1.72002483e+16  3.79115007e+10  1.39383460e+10  4.57500991e+12  8.05090495e+09
 2.08710000e+03  7.03299716e+16  1.72519375e+16  3.78674353e+10  1.39802327e+10  4.57500991e+12  8.05090495e+09
 2.08712500e+03  7.02482255e+16  1.73034412e+16  3.78234211e+10  1.40219691e+10  4.57500991e+12  8.05090495e+09
 2.08715000e+03  7.01665744e+16  1.73547599e+16  3.77794581e+10  1.40635556e+10  4.57500991e+12  8.05090495e+09
 2.08717500e+03  7.00850182e+16  1.74058940e+16  3.77355462e+10  1.41049925e+10  4.57500991e+12  8.05090495e+09
 2.08720000e+03  7.00035568e+16  1.74568440e+16  3.76916853e+10  1.41462802e+10  4.57500991e+12  8.05090495e+09
 2.08722500e+03  6.99221901e+16  1.75076103e+16  3.76478754e+10  1.41874190e+10  4.57500991e+12  8.05090495e+09
 2.08725000e+03  6.98409179e+16  1.75581933e+16  3.76041165e+10  1.42284093e+10  4.57500991e+12  8.05090495e+09
 2.08725000e+03  6.98409179e+16  0.00000000e+00  3.76041165e+10  0.00000000e+00  4.58519600e+12  8.04285404e+09
 2.08777500e+03  6.81558561e+16  1.65434450e+15  3.66968365e+10  1.34061006e+09  4.58519600e+12  8.04285404e+09
 2.08830000e+03  6.65114500e+16  3.20906837e+15  3.58114467e+10  2.60049183e+09  4.58519600e+12  8.04285404e+09
 2.08882500e+03  6.49067187e+16  4.66872999e+15  3.49474188e+10  3.78333921e+09  4.58519600e+12  8.04285404e+09
 2.08935000e+03  6.33407049e+16  6.03770000e+15  3.41042374e+10  4.89269399e+09  4.58519600e+12  8.04285404e+09
 2.08987500e+03  6.18124747e+16  7.32016859e+15  3.32813996e+10  5.93195172e+09  4.58519600e+12  8.04285404e+09
 2.09040000e+03  6.03211162e+16  8.52015265e+15  3.24784144e+10  6.90436750e+09  4.58519600e+12  8.04285404e+09
 2.09092500e+03  5.88657400e+16  9.64150247e+15  3.16948031e+10  7.81306146e+09  4.58519600e+12  8.04285404e+09
 2.09145000e+03  5.74454778e+16  1.06879083e+16  3.09300980e+10  8.66102402e+09  4.58519600e+12  8.04285404e+09
 2.09197500e+03  5.60594825e+16  1.16629067e+16  3.01838431e+10  9.45112103e+09  4.58519600e+12  8.04285404e+09
 2.09250000e+03  5.47069273e+16  1.25698864e+16  2.94555932e+10  1.01860986e+10  4.58519600e+12  8.04285404e+09
 2.09250000e+03  5.47069273e+16  0.00000000e+00  2.94555932e+10  0.00000000e+00  4.58519600e+12  8.04285404e+09
 2.09255000e+03  5.45798270e+16  1.26877988e+14  2.93871592e+10  1.02816498e+08  4.58519600e+12  8.04285404e+09
 2.09260000e+03  5.44530221e+16  2.53017811e+14  2.93188842e+10  2.05034818e+08  4.58519600e+12  8.04285404e+09
 2.09265000e+03  5.43265117e+16  3.78422733e+14  2.92507678e+10  3.06657606e+08  4.58519600e+12  8.04285404e+09
 2.09270000e+03  5.42002952e+16  5.03096004e+14  2.91828096e+10  4.07687497e+08  4.58519600e+12  8.04285404e+09
 2.09275000e+03  5.40743720e+16  6.27040865e+14  2.91150094e+10  5.08127113e+08  4.58519600e+12  8.04285404e+09
 2.09280000e+03  5.39487413e+16  7.50260540e+14  2.90473666e+10  6.07979071e+08  4.58519600e+12  8.04285404e+09
 2.09285000e+03  5.38234025e+16  8.72758242e+14  2.89798811e+10  7.07245973e+08  4.58519600e+12  8.04285404e+09
 2.09290000e+03  5.36983549e+16  9.94537172e+14  2.89125523e+10  8.05930411e+08  4.58519600e+12  8.04285404e+09
 2.09295000e+03  5.35735978e+16  1.11560052e+15  2.88453799e+10  9.04034970e+08  4.58519600e+12  8.04285404e+09
 2.09300000e+03  5.34491306e+16  1.23595145e+15  2.87783636e+10  1.00156222e+09  4.58519600e+12  8.04285404e+09
 2.09300000e+03  5.34491306e+16  1.23595145e+15  2.87783636e+10  1.00156222e+09  4.58519600e+12  8.04285404e+09
 2.09370000e+03  5.54166241e+16  2.90707684e+15  2.98377119e+10  2.35577080e+09  4.58519600e+12  8.04285404e+09
 2.09440000e+03  5.73210802e+16  4.55978378e+15  3.08631192e+10  3.69505386e+09  4.58519600e+12  8.04285404e+09
 2.09510000e+03  5.91645186e+16  6.19298248e+15  3.18556730e+10  5.01852828e+09  4.58519600e+12  8.04285404e+09
 2.09580000e+03  6.09488942e+16  7.80569841e+15  3.28164260e+10  6.32540433e+09  4.58519600e+12  8.04285404e+09
 2.09650000e+03  6.26760993e+16  9.39706476e+15  3.37463969e+10  7.61497959e+09  4.58519600e+12  8.04285404e+09
 2.09720000e+03  6.43479657e+16  1.09663153e+16  3.46465721e+10  8.88663318e+09  4.58519600e+12  8.04285404e+09
 2.09790000e+03  6.59662664e+16  1.25127779e+16  3.55179061e+10  1.01398203e+10  4.58519600e+12  8.04285404e+09
 2.09860000e+03  6.75327176e+16  1.40358677e+16  3.63613230e+10  1.13740672e+10  4.58519600e+12  8.04285404e+09
 2.09930000e+03  6.90489806e+16  1.55350817e+16  3.71777174e+10  1.25889661e+10  4.58519600e+12  8.04285404e+09
 2.10000000e+03  7.05166633e+16  1.70099928e+16  3.79679548e+10  1.37841710e+10  4.58519600e+12  8.04285404e+09
 2.10000000e+03  7.05166633e+16  1.70099928e+16  3.79679548e+10  1.37841710e+10  4.59939597e+12  8.03481119e+09
 2.10002500e+03  7.04347002e+16  1.70621364e+16  3.79238238e+10  1.38264260e+10  4.59939597e+12  8.03481119e+09
 2.10005000e+03  7.03528323e+16  1.71140937e+16  3.78797441e+10  1.38685300e+10  4.59939597e+12  8.03481119e+09
 2.10007500e+03  7.02710596e+16  1.71658650e+16  3.78357156e+10  1.39104832e+10  4.59939597e+12  8.03481119e+09
 2.10010000e+03  7.01893820e+16  1.72174509e+16  3.77917383e+10  1.39522862e+10  4.59939597e+12  8.03481119e+09
 2.10012500e+03  7.01077993e+16  1.72688516e+16  3.77478121e+10  1.39939392e+10  4.59939597e+12  8.03481119e+09
 2.10015000e+03  7.00263114e+16  1.73200677e+16  3.77039370e+10  1.40354425e+10  4.59939597e+12  8.03481119e+09
 2.10017500e+03  6.99449183e+16  1.73710996e+16  3.76601129e+10  1.40767966e+10  4.59939597e+12  8.03481119e+09
 2.10020000e+03  6.98636197e+16  1.74219478e+16  3.76163397e+10  1.41180018e+10  4.59939597e+12  8.03481119e+09
 2.10022500e+03  6.97824156e+16  1.74726126e+16  3.75726173e+10  1.41590584e+10  4.59939597e+12  8.03481119e+09
 2.10025000e+03  6.97013060e+16  1.75230945e+16  3.75289458e+10  1.41999667e+10  4.59939597e+12  8.03481119e+09
 2.10025000e+03  6.97013060e+16  0.00000000e+00  3.75289458e+10  0.00000000e+00  4.60956171e+12  8.02677638e+09
 2.10077500e+03  6.80196125e+16  1.65103746e+15  3.66234796e+10  1.33793018e+09  4.60956171e+12  8.02677638e+09
 2.10130000e+03  6.63784936e+16  3.20265344e+15  3.57398596e+10  2.59529345e+09  4.60956171e+12  8.02677638e+09
 2.10182500e+03  6.47769701e+16  4.65939720e+15  3.48775589e+10  3.77577632e+09  4.60956171e+12  8.02677638e+09
 2.10235000e+03  6.32140869e+16  6.02563063e+15  3.40360630e+10  4.88291349e+09  4.60956171e+12  8.02677638e+09
 2.10287500e+03  6.16889115e+16  7.30553558e+15  3.32148700e+10  5.92009375e+09  4.60956171e+12  8.02677638e+09
 2.10340000e+03  6.02005343e+16  8.50312087e+15  3.24134901e+10  6.89056567e+09  4.60956171e+12  8.02677638e+09
 2.10392500e+03  5.87480674e+16  9.62222910e+15  3.16314452e+10  7.79744315e+09  4.60956171e+12  8.02677638e+09
 2.10445000e+03  5.73306443e+16  1.06665432e+16  3.08682687e+10  8.64371064e+09  4.60956171e+12  8.02677638e+09
 2.10497500e+03  5.59474196e+16  1.16395925e+16  3.01235056e+10  9.43222824e+09  4.60956171e+12  8.02677638e+09
 2.10550000e+03  5.45975682e+16  1.25447592e+16  2.93967115e+10  1.01657366e+10  4.60956171e+12  8.02677638e+09
 2.10550000e+03  5.45975682e+16  0.00000000e+00  2.93967115e+10  0.00000000e+00  4.60956171e+12  8.02677638e+09
 2.10555000e+03  5.44707220e+16  1.26624359e+14  2.93284142e+10  1.02610968e+08  4.60956171e+12  8.02677638e+09
 2.10560000e+03  5.43441705e+16  2.52512028e+14  2.92602757e+10  2.04624954e+08  4.60956171e+12  8.02677638e+09
 2.10565000e+03  5.42179130e+16  3.77666266e+14  2.91922955e+10  3.06044598e+08  4.60956171e+12  8.02677638e+09
 2.10570000e+03  5.40919488e+16  5.02090316e+14  2.91244732e+10  4.06872529e+08  4.60956171e+12  8.02677638e+09
 2.10575000e+03  5.39662773e+16  6.25787410e+14  2.90568085e+10  5.07111367e+08  4.60956171e+12  8.02677638e+09
 2.10580000e+03  5.38408977e+16  7.48760769e+14  2.89893010e+10  6.06763721e+08  4.60956171e+12  8.02677638e+09
 2.10585000e+03  5.37158095e+16  8.71013599e+14  2.89219503e+10  7.05832188e+08  4.60956171e+12  8.02677638e+09
 2.10590000e+03  5.35910119e+16  9.92549092e+14  2.88547561e+10  8.04319356e+08  4.60956171e+12  8.02677638e+09
 2.10595000e+03  5.34665042e+16  1.11337043e+15  2.87877180e+10  9.02227804e+08  4.60956171e+12  8.02677638e+09
 2.10600000e+03  5.33422858e+16  1.23348078e+15  2.87208356e+10  9.99560098e+08  4.60956171e+12  8.02677638e+09
 2.10600000e+03  5.33422858e+16  1.23348078e+15  2.87208356e+10  9.99560098e+08  4.60956171e+12  8.02677638e+09
 2.10670000e+03  5.53058463e+16  2.90126559e+15  2.97780663e+10  2.35106162e+09  4.60956171e+12  8.02677638e+09
 2.10740000e+03  5.72064954e+16  4.55066877e+15  3.08014238e+10  3.68766745e+09  4.60956171e+12  8.02677638e+09
 2.10810000e+03  5.90462487e+16  6.18060271e+15  3.17919935e+10  5.00849624e+09  4.60956171e+12  8.02677638e+09
 2.10880000e+03  6.08270573e+16  7.79009482e+15  3.27508259e+10  6.31275984e+09  4.60956171e+12  8.02677638e+09
 2.10950000e+03  6.25508098e+16  9.37828002e+15  3.36789379e+10  7.59975725e+09  4.60956171e+12  8.02677638e+09
 2.11020000e+03  6.42193341e+16  1.09443937e+16  3.45773136e+10  8.86886880e+09  4.60956171e+12  8.02677638e+09
 2.11090000e+03  6.58343998e+16  1.24877648e+16  3.54469058e+10  1.01195508e+10  4.60956171e+12  8.02677638e+09
 2.11160000e+03  6.73977197e+16  1.40078100e+16  3.62886367e+10  1.13513304e+10  4.60956171e+12  8.02677638e+09
 2.11230000e+03  6.89109517e+16  1.55040271e+16  3.71033991e+10  1.25638008e+10  4.60956171e+12  8.02677638e+09
 2.11300000e+03  7.03757005e+16  1.69759898e+16  3.78920569e+10  1.37566165e+10  4.60956171e+12  8.02677638e+09
 2.11300000e+03  7.03757005e+16  1.69759898e+16  3.78920569e+10  1.37566165e+10  4.62373329e+12  8.01874960e+09
 2.11302500e+03  7.02939012e+16  1.70280292e+16  3.78480141e+10  1.37987870e+10  4.62373329e+12  8.01874960e+09
 2.11305000e+03  7.02121970e+16  1.70798826e+16  3.78040225e+10  1.38408068e+10  4.62373329e+12  8.01874960e+09
 2.11307500e+03  7.01305878e+16  1.71315505e+16  3.77600820e+10  1.38826762e+10  4.62373329e+12  8.01874960e+09
 2.11310000e+03  7.00490734e+16  1.71830332e+16  3.77161926e+10  1.39243956e+10  4.62373329e+12  8.01874960e+09
 2.11312500e+03  6.99676538e+16  1.72343312e+16  3.76723542e+10  1.39659653e+10  4.62373329e+12  8.01874960e+09
 2.11315000e+03  6.98863288e+16  1.72854449e+16  3.76285668e+10  1.40073857e+10  4.62373329e+12  8.01874960e+09
 2.11317500e+03  6.98050984e+16  1.73363748e+16  3.75848303e+10  1.40486571e+10  4.62373329e+12  8.01874960e+09
 2.11320000e+03  6.97239623e+16  1.73871213e+16  3.75411446e+10  1.40897799e+10  4.62373329e+12  8.01874960e+09
 2.11322500e+03  6.96429206e+16  1.74376849e+16  3.74975097e+10  1.41307544e+10  4.62373329e+12  8.01874960e+09
 2.11325000e+03  6.95619730e+16  1.74880658e+16  3.74539255e+10  1.41715810e+10  4.62373329e+12  8.01874960e+09
 2.11325000e+03  6.95619730e+16  0.00000000e+00  3.74539255e+10  0.00000000e+00  4.63387870e+12  8.01073085e+09
 2.11377500e+03  6.78836413e+16  1.64773704e+15  3.65502692e+10  1.33525566e+09  4.63387870e+12  8.01073085e+09
 2.11430000e+03  6.62458030e+16  3.19625134e+15  3.56684156e+10  2.59010546e+09  4.63387870e+12  8.01073085e+09
 2.11482500e+03  6.46474810e+16  4.65008307e+15  3.48078386e+10  3.76822854e+09  4.63387870e+12  8.01073085e+09
 2.11535000e+03  6.30877219e+16  6.01358540e+15  3.39680249e+10  4.87315255e+09  4.63387870e+12  8.01073085e+09
 2.11587500e+03  6.15655954e+16  7.29093181e+15  3.31484735e+10  5.90825948e+09  4.63387870e+12  8.01073085e+09
 2.11640000e+03  6.00801934e+16  8.48612313e+15  3.23486955e+10  6.87679143e+09  4.63387870e+12  8.01073085e+09
 2.11692500e+03  5.86306300e+16  9.60299427e+15  3.15682139e+10  7.78185606e+09  4.63387870e+12  8.01073085e+09
 2.11745000e+03  5.72160403e+16  1.06452208e+16  3.08065631e+10  8.62643186e+09  4.63387870e+12  8.01073085e+09
 2.11797500e+03  5.58355807e+16  1.16163250e+16  3.00632887e+10  9.41337322e+09  4.63387870e+12  8.01073085e+09
 2.11850000e+03  5.44884276e+16  1.25196823e+16  2.93379474e+10  1.01454153e+10  4.63387870e+12  8.01073085e+09
 2.11850000e+03  5.44884276e+16  0.00000000e+00  2.93379474e+10  0.00000000e+00  4.63387870e+12  8.01073085e+09
 2.11855000e+03  5.43618350e+16  1.26371237e+14  2.92697867e+10  1.02405849e+08  4.63387870e+12  8.01073085e+09
 2.11860000e+03  5.42355365e+16  2.52007257e+14  2.92017844e+10  2.04215909e+08  4.63387870e+12  8.01073085e+09
 2.11865000e+03  5.41095314e+16  3.76911311e+14  2.91339401e+10  3.05432815e+08  4.63387870e+12  8.01073085e+09
 2.11870000e+03  5.39838190e+16  5.01086637e+14  2.90662534e+10  4.06059191e+08  4.63387870e+12  8.01073085e+09
 2.11875000e+03  5.38583987e+16  6.24536461e+14  2.89987239e+10  5.06097652e+08  4.63387870e+12  8.01073085e+09
 2.11880000e+03  5.37332698e+16  7.47263997e+14  2.89313513e+10  6.05550800e+08  4.63387870e+12  8.01073085e+09
 2.11885000e+03  5.36084316e+16  8.69272443e+14  2.88641353e+10  7.04421229e+08  4.63387870e+12  8.01073085e+09
 2.11890000e+03  5.34838834e+16  9.90564986e+14  2.87970754e+10  8.02711522e+08  4.63387870e+12  8.01073085e+09
 2.11895000e+03  5.33596246e+16  1.11114480e+15  2.87301713e+10  9.00424251e+08  4.63387870e+12  8.01073085e+09
 2.11900000e+03  5.32356545e+16  1.23101505e+15  2.86634227e+10  9.97561978e+08  4.63387870e+12  8.01073085e+09
 2.11900000e+03  5.32356545e+16  1.23101505e+15  2.86634227e+10  9.97561978e+08  4.63387870e+12  8.01073085e+09
 2.11970000e+03  5.51952899e+16  2.89546596e+15  2.97185399e+10  2.34636184e+09  4.63387870e+12  8.01073085e+09
 2.12040000e+03  5.70921396e+16  4.54157199e+15  3.07398518e+10  3.68029580e+09  4.63387870e+12  8.01073085e+09
 2.12110000e+03  5.89282153e+16  6.16824769e+15  3.17284414e+10  4.99848426e+09  4.63387870e+12  8.01073085e+09
 2.12180000e+03  6.07054640e+16  7.77452242e+15  3.26853570e+10  6.30014064e+09  4.63387870e+12  8.01073085e+09
 2.12250000e+03  6.24257707e+16  9.35953284e+15  3.36116137e+10  7.58456533e+09  4.63387870e+12  8.01073085e+09
 2.12320000e+03  6.40909597e+16  1.09225158e+16  3.45081935e+10  8.85113993e+09  4.63387870e+12  8.01073085e+09
 2.12390000e+03  6.57027969e+16  1.24628018e+16  3.53760474e+10  1.00993218e+10  4.63387870e+12  8.01073085e+09
 2.12460000e+03  6.72629917e+16  1.39798084e+16  3.62160958e+10  1.13286391e+10  4.63387870e+12  8.01073085e+09
 2.12530000e+03  6.87731987e+16  1.54730345e+16  3.70292294e+10  1.25386857e+10  4.63387870e+12  8.01073085e+09
 2.12600000e+03  7.02350195e+16  1.69420548e+16  3.78163107e+10  1.37291170e+10  4.63387870e+12  8.01073085e+09
 2.12600000e+03  7.02350195e+16  1.69420548e+16  3.78163107e+10  1.37291170e+10  4.64802196e+12  8.00272012e+09
 2.12602500e+03  7.01533837e+16  1.69939902e+16  3.77723559e+10  1.37712032e+10  4.64802196e+12  8.00272012e+09
 2.12605000e+03  7.00718428e+16  1.70457399e+16  3.77284523e+10  1.38131390e+10  4.64802196e+12  8.00272012e+09
 2.12607500e+03  6.99903968e+16  1.70973045e+16  3.76845996e+10  1.38549247e+10  4.64802196e+12  8.00272012e+09
 2.12610000e+03  6.99090453e+16  1.71486843e+16  3.76407980e+10  1.38965607e+10  4.64802196e+12  8.00272012e+09
 2.12612500e+03  6.98277885e+16  1.71998797e+16  3.75970472e+10  1.39380473e+10  4.64802196e+12  8.00272012e+09
 2.12615000e+03  6.97466261e+16  1.72508913e+16  3.75533473e+10  1.39793849e+10  4.64802196e+12  8.00272012e+09
 2.12617500e+03  6.96655580e+16  1.73017194e+16  3.75096982e+10  1.40205738e+10  4.64802196e+12  8.00272012e+09
 2.12620000e+03  6.95845841e+16  1.73523645e+16  3.74660998e+10  1.40616144e+10  4.64802196e+12  8.00272012e+09
 2.12622500e+03  6.95037044e+16  1.74028269e+16  3.74225521e+10  1.41025070e+10  4.64802196e+12  8.00272012e+09
 2.12625000e+03  6.94229187e+16  1.74531072e+16  3.73790551e+10  1.41432520e+10  4.64802196e+12  8.00272012e+09
 2.12625000e+03  6.94229187e+16  0.00000000e+00  3.73790551e+10  0.00000000e+00  4.65814709e+12  7.99471740e+09
 2.12677500e+03  6.77479419e+16  1.64444321e+15  3.64772052e+10  1.33258649e+09  4.65814709e+12  7.99471740e+09
 2.12730000e+03  6.61133776e+16  3.18986203e+15  3.55971145e+10  2.58492784e+09  4.65814709e+12  7.99471740e+09
 2.12782500e+03  6.45182507e+16  4.64078755e+15  3.47382578e+10  3.76069585e+09  4.65814709e+12  7.99471740e+09
 2.12835000e+03  6.29616096e+16  6.00156424e+15  3.39001228e+10  4.86341112e+09  4.65814709e+12  7.99471740e+09
 2.12887500e+03  6.14425258e+16  7.27635724e+15  3.30822097e+10  5.89644887e+09  4.65814709e+12  7.99471740e+09
 2.12940000e+03  5.99600931e+16  8.46915937e+15  3.22840305e+10  6.86304473e+09  4.65814709e+12  7.99471740e+09
 2.12992500e+03  5.85134273e+16  9.58379788e+15  3.15051090e+10  7.76630013e+09  4.65814709e+12  7.99471740e+09
 2.13045000e+03  5.71016655e+16  1.06239410e+16  3.07449808e+10  8.60918762e+09  4.65814709e+12  7.99471740e+09
 2.13097500e+03  5.57239654e+16  1.15931040e+16  3.00031922e+10  9.39455589e+09  4.65814709e+12  7.99471740e+09
 2.13150000e+03  5.43795053e+16  1.24946554e+16  2.92793009e+10  1.01251346e+10  4.65814709e+12  7.99471740e+09
 2.13150000e+03  5.43795053e+16  0.00000000e+00  2.92793009e+10  0.00000000e+00  4.65814709e+12  7.99471740e+09
 2.13155000e+03  5.42531657e+16  1.26118621e+14  2.92112764e+10  1.02201139e+08  4.65814709e+12  7.99471740e+09
 2.13160000e+03  5.41271196e+16  2.51503494e+14  2.91434100e+10  2.03807681e+08  4.65814709e+12  7.99471740e+09
 2.13165000e+03  5.40013664e+16  3.76157865e+14  2.90757013e+10  3.04822254e+08  4.65814709e+12  7.99471740e+09
 2.13170000e+03  5.38759053e+16  5.00084965e+14  2.90081499e+10  4.05247479e+08  4.65814709e+12  7.99471740e+09
 2.13175000e+03  5.37507358e+16  6.23288013e+14  2.89407555e+10  5.05085963e+08  4.65814709e+12  7.99471740e+09
 2.13180000e+03  5.36258570e+16  7.45770216e+14  2.88735176e+10  6.04340304e+08  4.65814709e+12  7.99471740e+09
 2.13185000e+03  5.35012683e+16  8.67534767e+14  2.88064359e+10  7.03013091e+08  4.65814709e+12  7.99471740e+09
 2.13190000e+03  5.33769692e+16  9.88584847e+14  2.87395101e+10  8.01106902e+08  4.65814709e+12  7.99471740e+09
 2.13195000e+03  5.32529588e+16  1.10892362e+15  2.86727397e+10  8.98624303e+08  4.65814709e+12  7.99471740e+09
 2.13200000e+03  5.31292365e+16  1.22855425e+15  2.86061245e+10  9.95567851e+08  4.65814709e+12  7.99471740e+09
 2.13200000e+03  5.31292365e+16  1.22855425e+15  2.86061245e+10  9.95567851e+08  4.65814709e+12  7.99471740e+09
 2.13270000e+03  5.50849545e+16  2.88967792e+15  2.96591326e+10  2.34167147e+09  4.65814709e+12  7.99471740e+09
 2.13340000e+03  5.69780124e+16  4.53249338e+15  3.06784028e+10  3.67293889e+09  4.65814709e+12  7.99471740e+09
 2.13410000e+03  5.88104178e+16  6.15591736e+15  3.16650162e+10  4.98849229e+09  4.65814709e+12  7.99471740e+09
 2.13480000e+03  6.05841138e+16  7.75898115e+15  3.26200190e+10  6.28754666e+09  4.65814709e+12  7.99471740e+09
 2.13550000e+03  6.23009816e+16  9.34082314e+15  3.35444240e+10  7.56940378e+09  4.65814709e+12  7.99471740e+09
 2.13620000e+03  6.39628418e+16  1.09006817e+16  3.44392116e+10  8.83344650e+09  4.65814709e+12  7.99471740e+09
 2.13690000e+03  6.55714570e+16  1.24378887e+16  3.53053307e+10  1.00791333e+10  4.65814709e+12  7.99471740e+09
 2.13760000e+03  6.71285330e+16  1.39518627e+16  3.61436998e+10  1.13059932e+10  4.65814709e+12  7.99471740e+09
 2.13830000e+03  6.86357211e+16  1.54421039e+16  3.69552080e+10  1.25136209e+10  4.65814709e+12  7.99471740e+09
 2.13900000e+03  7.00946196e+16  1.69081877e+16  3.77407159e+10  1.37016725e+10  4.65814709e+12  7.99471740e+09
 2.13900000e+03  7.00946196e+16  1.69081877e+16  3.77407159e+10  1.37016725e+10  4.67226207e+12  7.98672269e+09
 2.13902500e+03  7.00131471e+16  1.69600192e+16  3.76968490e+10  1.37436746e+10  4.67226207e+12  7.98672269e+09
 2.13905000e+03  6.99317692e+16  1.70116655e+16  3.76530331e+10  1.37855265e+10  4.67226207e+12  7.98672269e+09
 2.13907500e+03  6.98504859e+16  1.70631270e+16  3.76092681e+10  1.38272287e+10  4.67226207e+12  7.98672269e+09
 2.13910000e+03  6.97692971e+16  1.71144041e+16  3.75655540e+10  1.38687815e+10  4.67226207e+12  7.98672269e+09
 2.13912500e+03  6.96882027e+16  1.71654972e+16  3.75218907e+10  1.39101852e+10  4.67226207e+12  7.98672269e+09
 2.13915000e+03  6.96072025e+16  1.72164068e+16  3.74782782e+10  1.39514401e+10  4.67226207e+12  7.98672269e+09
 2.13917500e+03  6.95262965e+16  1.72671333e+16  3.74347163e+10  1.39925467e+10  4.67226207e+12  7.98672269e+09
 2.13920000e+03  6.94454845e+16  1.73176771e+16  3.73912051e+10  1.40335052e+10  4.67226207e+12  7.98672269e+09
 2.13922500e+03  6.93647665e+16  1.73680387e+16  3.73477445e+10  1.40743161e+10  4.67226207e+12  7.98672269e+09
 2.13925000e+03  6.92841422e+16  1.74182184e+16  3.73043343e+10  1.41149797e+10  4.67226207e+12  7.98672269e+09
 2.13925000e+03  6.92841422e+16  0.00000000e+00  3.73043343e+10  0.00000000e+00  4.68236696e+12  7.97873596e+09
 2.13977500e+03  6.76125138e+16  1.64115597e+15  3.64042873e+10  1.32992265e+09  4.68236696e+12  7.97873596e+09
 2.14030000e+03  6.59812170e+16  3.18348550e+15  3.55259558e+10  2.57976056e+09  4.68236696e+12  7.97873596e+09
 2.14082500e+03  6.43892787e+16  4.63151062e+15  3.46688160e+10  3.75317822e+09  4.68236696e+12  7.97873596e+09
 2.14135000e+03  6.28357493e+16  5.98956711e+15  3.38323565e+10  4.85368916e+09  4.68236696e+12  7.97873596e+09
 2.14187500e+03  6.13197022e+16  7.26181180e+15  3.30160784e+10  5.88466187e+09  4.68236696e+12  7.97873596e+09
 2.14240000e+03  5.98402329e+16  8.45222952e+15  3.22194947e+10  6.84932550e+09  4.68236696e+12  7.97873596e+09
 2.14292500e+03  5.83964590e+16  9.56463987e+15  3.14421303e+10  7.75077530e+09  4.68236696e+12  7.97873596e+09
 2.14345000e+03  5.69875192e+16  1.06027037e+16  3.06835215e+10  8.59197785e+09  4.68236696e+12  7.97873596e+09
 2.14397500e+03  5.56125732e+16  1.15699293e+16  2.99432158e+10  9.37577617e+09  4.68236696e+12  7.97873596e+09
 2.14450000e+03  5.42708007e+16  1.24696786e+16  2.92207715e+10  1.01048945e+10  4.68236696e+12  7.97873596e+09
 2.14450000e+03  5.42708007e+16  0.00000000e+00  2.92207715e+10  0.00000000e+00  4.68236696e+12  7.97873596e+09
 2.14455000e+03  5.41447136e+16  1.25866510e+14  2.91528831e+10  1.01996839e+08  4.68236696e+12  7.97873596e+09
 2.14460000e+03  5.40189195e+16  2.51000739e+14  2.90851524e+10  2.03400269e+08  4.68236696e+12  7.97873596e+09
 2.14465000e+03  5.38934177e+16  3.75405925e+14  2.90175790e+10  3.04212915e+08  4.68236696e+12  7.97873596e+09
 2.14470000e+03  5.37682074e+16  4.99085295e+14  2.89501626e+10  4.04437389e+08  4.68236696e+12  7.97873596e+09
 2.14475000e+03  5.36432880e+16  6.22042060e+14  2.88829029e+10  5.04076296e+08  4.68236696e+12  7.97873596e+09
 2.14480000e+03  5.35186589e+16  7.44279421e+14  2.88157994e+10  6.03132228e+08  4.68236696e+12  7.97873596e+09
 2.14485000e+03  5.33943193e+16  8.65800565e+14  2.87488518e+10  7.01607768e+08  4.68236696e+12  7.97873596e+09
 2.14490000e+03  5.32702686e+16  9.86608666e+14  2.86820598e+10  7.99505489e+08  4.68236696e+12  7.97873596e+09
 2.14495000e+03  5.31465061e+16  1.10670689e+15  2.86154229e+10  8.96827953e+08  4.68236696e+12  7.97873596e+09
 2.14500000e+03  5.30230311e+16  1.22609837e+15  2.85489409e+10  9.93577711e+08  4.68236696e+12  7.97873596e+09
 2.14500000e+03  5.30230311e+16  1.22609837e+15  2.85489409e+10  9.93577711e+08  4.68236696e+12  7.97873596e+09
 2.14570000e+03  5.49748397e+16  2.88390146e+15  2.95998440e+10  2.33699047e+09  4.68236696e+12  7.97873596e+09
 2.14640000e+03  5.68641134e+16  4.52343293e+15  3.06170767e+10  3.66559669e+09  4.68236696e+12  7.97873596e+09
 2.14710000e+03  5.86928557e+16  6.14361168e+15  3.16017178e+10  4.97852029e+09  4.68236696e+12  7.97873596e+09
 2.14780000e+03  6.04630062e+16  7.74347095e+15  3.25548116e+10  6.27497785e+09  4.68236696e+12  7.97873596e+09
 2.14850000e+03  6.21764419e+16  9.32215083e+15  3.34773687e+10  7.55427255e+09  4.68236696e+12  7.97873596e+09
 2.14920000e+03  6.38349801e+16  1.08788913e+16  3.43703676e+10  8.81578844e+09  4.68236696e+12  7.97873596e+09
 2.14990000e+03  6.54403796e+16  1.24130253e+16  3.52347553e+10  1.00589851e+10  4.68236696e+12  7.97873596e+09
 2.15060000e+03  6.69943430e+16  1.39239730e+16  3.60714485e+10  1.12833925e+10  4.68236696e+12  7.97873596e+09
 2.15130000e+03  6.84985182e+16  1.54112351e+16  3.68813345e+10  1.24886062e+10  4.68236696e+12  7.97873596e+09
 2.15200000e+03  6.99545005e+16  1.68743882e+16  3.76652722e+10  1.36742829e+10  4.68236696e+12  7.97873596e+09
 2.15200000e+03  6.99545005e+16  1.68743882e+16  3.76652722e+10  1.36742829e+10  4.69645373e+12  7.97075723e+09
 2.15202500e+03  6.98731908e+16  1.69261161e+16  3.76214930e+10  1.37162010e+10  4.69645373e+12  7.97075723e+09
 2.15205000e+03  6.97919756e+16  1.69776592e+16  3.75777647e+10  1.37579693e+10  4.69645373e+12  7.97075723e+09
 2.15207500e+03  6.97108548e+16  1.70290178e+16  3.75340872e+10  1.37995881e+10  4.69645373e+12  7.97075723e+09
 2.15210000e+03  6.96298283e+16  1.70801924e+16  3.74904605e+10  1.38410578e+10  4.69645373e+12  7.97075723e+09
 2.15212500e+03  6.95488960e+16  1.71311834e+16  3.74468845e+10  1.38823787e+10  4.69645373e+12  7.97075723e+09
 2.15215000e+03  6.94680577e+16  1.71819912e+16  3.74033591e+10  1.39235512e+10  4.69645373e+12  7.97075723e+09
 2.15217500e+03  6.93873135e+16  1.72326163e+16  3.73598843e+10  1.39645756e+10  4.69645373e+12  7.97075723e+09
 2.15220000e+03  6.93066630e+16  1.72830591e+16  3.73164601e+10  1.40054523e+10  4.69645373e+12  7.97075723e+09
 2.15222500e+03  6.92261063e+16  1.73333200e+16  3.72730863e+10  1.40461816e+10  4.69645373e+12  7.97075723e+09
 2.15225000e+03  6.91456432e+16  1.73833994e+16  3.72297630e+10  1.40867638e+10  4.69645373e+12  7.97075723e+09
 2.15225000e+03  6.91456432e+16  0.00000000e+00  3.72297630e+10  0.00000000e+00  4.70653842e+12  7.96278647e+09
 2.15277500e+03  6.74773564e+16  1.63787530e+15  3.63315151e+10  1.32726413e+09  4.70653842e+12  7.96278647e+09
 2.15330000e+03  6.58493205e+16  3.17712171e+15  3.54549395e+10  2.57460362e+09  4.70653842e+12  7.96278647e+09
 2.15382500e+03  6.42605645e+16  4.62225223e+15  3.45995130e+10  3.74567562e+09  4.70653842e+12  7.96278647e+09
 2.15435000e+03  6.27101406e+16  5.97759397e+15  3.37647256e+10  4.84398663e+09  4.70653842e+12  7.96278647e+09
 2.15487500e+03  6.11971241e+16  7.24729544e+15  3.29500792e+10  5.87289843e+09  4.70653842e+12  7.96278647e+09
 2.15540000e+03  5.97206123e+16  8.43533351e+15  3.21550879e+10  6.83563370e+09  4.70653842e+12  7.96278647e+09
 2.15592500e+03  5.82797245e+16  9.54552015e+15  3.13792775e+10  7.73528150e+09  4.70653842e+12  7.96278647e+09
 2.15645000e+03  5.68736012e+16  1.05815089e+16  3.06221852e+10  8.57480249e+09  4.70653842e+12  7.96278647e+09
 2.15697500e+03  5.55014037e+16  1.15468011e+16  2.98833593e+10  9.35703399e+09  4.70653842e+12  7.96278647e+09
 2.15750000e+03  5.41623133e+16  1.24447517e+16  2.91623592e+10  1.00846948e+10  4.70653842e+12  7.96278647e+09
 2.15750000e+03  5.41623133e+16  0.00000000e+00  2.91623592e+10  0.00000000e+00  4.70653842e+12  7.96278647e+09
 2.15755000e+03  5.40364783e+16  1.25614903e+14  2.90946065e+10  1.01792948e+08  4.70653842e+12  7.96278647e+09
 2.15760000e+03  5.39109357e+16  2.50498988e+14  2.90270112e+10  2.02993672e+08  4.70653842e+12  7.96278647e+09
 2.15765000e+03  5.37856847e+16  3.74655489e+14  2.89595729e+10  3.03604793e+08  4.70653842e+12  7.96278647e+09
 2.15770000e+03  5.36607248e+16  4.98087623e+14  2.88922913e+10  4.03628919e+08  4.70653842e+12  7.96278647e+09
 2.15775000e+03  5.35360551e+16  6.20798598e+14  2.88251660e+10  5.03068647e+08  4.70653842e+12  7.96278647e+09
 2.15780000e+03  5.34116751e+16  7.42791607e+14  2.87581966e+10  6.01926566e+08  4.70653842e+12  7.96278647e+09
 2.15785000e+03  5.32875841e+16  8.64069830e+14  2.86913829e+10  7.00205254e+08  4.70653842e+12  7.96278647e+09
 2.15790000e+03  5.31637813e+16  9.84636435e+14  2.86247243e+10  7.97907278e+08  4.70653842e+12  7.96278647e+09
 2.15795000e+03  5.30402662e+16  1.10449458e+15  2.85582207e+10  8.95035194e+08  4.70653842e+12  7.96278647e+09
 2.15800000e+03  5.29170381e+16  1.22364740e+15  2.84918715e+10  9.91591549e+08  4.70653842e+12  7.96278647e+09
 2.15800000e+03  5.29170381e+16  1.22364740e+15  2.84918715e+10  9.91591549e+08  4.70653842e+12  7.96278647e+09
 2.15870000e+03  5.48649450e+16  2.87813654e+15  2.95406739e+10  2.33231882e+09  4.70653842e+12  7.96278647e+09
 2.15940000e+03  5.67504420e+16  4.51439059e+15  3.05558732e+10  3.65826916e+09  4.70653842e+12  7.96278647e+09
 2.16010000e+03  5.85755287e+16  6.13133060e+15  3.15385460e+10  4.96856823e+09  4.70653842e+12  7.96278647e+09
 2.16080000e+03  6.03421406e+16  7.72799175e+15  3.24897345e+10  6.26243417e+09  4.70653842e+12  7.96278647e+09
 2.16150000e+03  6.20521512e+16  9.30351585e+15  3.34104475e+10  7.53917156e+09  4.70653842e+12  7.96278647e+09
 2.16220000e+03  6.37073740e+16  1.08571444e+16  3.43016613e+10  8.79816568e+09  4.70653842e+12  7.96278647e+09
 2.16290000e+03  6.53095643e+16  1.23882117e+16  3.51643211e+10  1.00388772e+10  4.70653842e+12  7.96278647e+09
 2.16360000e+03  6.68604213e+16  1.38961389e+16  3.59993417e+10  1.12608370e+10  4.70653842e+12  7.96278647e+09
 2.16430000e+03  6.83615897e+16  1.53804281e+16  3.68076087e+10  1.24636415e+10  4.70653842e+12  7.96278647e+09
 2.16500000e+03  6.98146615e+16  1.68406563e+16  3.75899793e+10  1.36469480e+10  4.70653842e+12  7.96278647e+09
 2.16500000e+03  6.98146615e+16  1.68406563e+16  3.75899793e+10  1.36469480e+10  4.72059703e+12  7.95482368e+09
 2.16502500e+03  6.97335143e+16  1.68922808e+16  3.75462876e+10  1.36887823e+10  4.72059703e+12  7.95482368e+09
 2.16505000e+03  6.96524615e+16  1.69437208e+16  3.75026467e+10  1.37304671e+10  4.72059703e+12  7.95482368e+09
 2.16507500e+03  6.95715028e+16  1.69949768e+16  3.74590565e+10  1.37720027e+10  4.72059703e+12  7.95482368e+09
 2.16510000e+03  6.94906383e+16  1.70460491e+16  3.74155170e+10  1.38133895e+10  4.72059703e+12  7.95482368e+09
 2.16512500e+03  6.94098678e+16  1.70969381e+16  3.73720281e+10  1.38546278e+10  4.72059703e+12  7.95482368e+09
 2.16515000e+03  6.93291911e+16  1.71476444e+16  3.73285898e+10  1.38957180e+10  4.72059703e+12  7.95482368e+09
 2.16517500e+03  6.92486082e+16  1.71981683e+16  3.72852019e+10  1.39366604e+10  4.72059703e+12  7.95482368e+09
 2.16520000e+03  6.91681190e+16  1.72485102e+16  3.72418645e+10  1.39774554e+10  4.72059703e+12  7.95482368e+09
 2.16522500e+03  6.90877233e+16  1.72986707e+16  3.71985774e+10  1.40181032e+10  4.72059703e+12  7.95482368e+09
 2.16525000e+03  6.90074211e+16  1.73486500e+16  3.71553407e+10  1.40586044e+10  4.72059703e+12  7.95482368e+09
 2.16525000e+03  6.90074211e+16  0.00000000e+00  3.71553407e+10  0.00000000e+00  4.73066156e+12  7.94686886e+09
 2.16577500e+03  6.73424691e+16  1.63460119e+15  3.62588884e+10  1.32461093e+09  4.73066156e+12  7.94686886e+09
 2.16630000e+03  6.57176877e+16  3.17077064e+15  3.53840650e+10  2.56945699e+09  4.73066156e+12  7.94686886e+09
 2.16682500e+03  6.41321076e+16  4.61301234e+15  3.45303486e+10  3.73818801e+09  4.73066156e+12  7.94686886e+09
 2.16735000e+03  6.25847831e+16  5.96564476e+15  3.36972299e+10  4.83430350e+09  4.73066156e+12  7.94686886e+09
 2.16787500e+03  6.10747910e+16  7.23280810e+15  3.28842120e+10  5.86115851e+09  4.73066156e+12  7.94686886e+09
 2.16840000e+03  5.96012308e+16  8.41847128e+15  3.20908099e+10  6.82196927e+09  4.73066156e+12  7.94686886e+09
 2.16892500e+03  5.81632233e+16  9.52643866e+15  3.13165503e+10  7.71981867e+09  4.73066156e+12  7.94686886e+09
 2.16945000e+03  5.67599109e+16  1.05603565e+16  3.05609714e+10  8.55766146e+09  4.73066156e+12  7.94686886e+09
 2.16997500e+03  5.53904563e+16  1.15237190e+16  2.98236225e+10  9.33832928e+09  4.73066156e+12  7.94686886e+09
 2.17050000e+03  5.40540429e+16  1.24198746e+16  2.91040637e+10  1.00645355e+10  4.73066156e+12  7.94686886e+09
 2.17050000e+03  5.40540429e+16  0.00000000e+00  2.91040637e+10  0.00000000e+00  4.73066156e+12  7.94686886e+09
 2.17055000e+03  5.39284594e+16  1.25363799e+14  2.90364464e+10  1.01589464e+08  4.73066156e+12  7.94686886e+09
 2.17060000e+03  5.38031677e+16  2.49998241e+14  2.89689862e+10  2.02587888e+08  4.73066156e+12  7.94686886e+09
 2.17065000e+03  5.36781671e+16  3.73906553e+14  2.89016827e+10  3.02997887e+08  4.73066156e+12  7.94686886e+09
 2.17070000e+03  5.35534570e+16  4.97091946e+14  2.88345356e+10  4.02822064e+08  4.73066156e+12  7.94686886e+09
 2.17075000e+03  5.34290365e+16  6.19557622e+14  2.87675445e+10  5.02063013e+08  4.73066156e+12  7.94686886e+09
 2.17080000e+03  5.33049052e+16  7.41306766e+14  2.87007090e+10  6.00723315e+08  4.73066156e+12  7.94686886e+09
 2.17085000e+03  5.31810622e+16  8.62342554e+14  2.86340288e+10  6.98805544e+08  4.73066156e+12  7.94686886e+09
 2.17090000e+03  5.30575069e+16  9.82668147e+14  2.85675035e+10  7.96312261e+08  4.73066156e+12  7.94686886e+09
 2.17095000e+03  5.29342387e+16  1.10228669e+15  2.85011328e+10  8.93246018e+08  4.73066156e+12  7.94686886e+09
 2.17100000e+03  5.28112569e+16  1.22120133e+15  2.84349163e+10  9.89609358e+08  4.73066156e+12  7.94686886e+09
 2.17100000e+03  5.28112569e+16  1.22120133e+15  2.84349163e+10  9.89609358e+08  4.73066156e+12  7.94686886e+09
 2.17170000e+03  5.47552700e+16  2.87238314e+15  2.94816221e+10  2.32765652e+09  4.73066156e+12  7.94686886e+09
 2.17240000e+03  5.66369979e+16  4.50536632e+15  3.04947920e+10  3.65095628e+09  4.73066156e+12  7.94686886e+09
 2.17310000e+03  5.84584362e+16  6.11907407e+15  3.14755004e+10  4.95863606e+09  4.73066156e+12  7.94686886e+09
 2.17380000e+03  6.02215167e+16  7.71254349e+15  3.24247875e+10  6.24991556e+09  4.73066156e+12  7.94686886e+09
 2.17450000e+03  6.19281090e+16  9.28491812e+15  3.33436600e+10  7.52410075e+09  4.73066156e+12  7.94686886e+09
 2.17520000e+03  6.35800230e+16  1.08354409e+16  3.42330923e+10  8.78057815e+09  4.73066156e+12  7.94686886e+09
 2.17590000e+03  6.51790105e+16  1.23634476e+16  3.50940276e+10  1.00188095e+10  4.73066156e+12  7.94686886e+09
 2.17660000e+03  6.67267673e+16  1.38683606e+16  3.59273790e+10  1.12383266e+10  4.73066156e+12  7.94686886e+09
 2.17730000e+03  6.82249349e+16  1.53496826e+16  3.67340303e+10  1.24387266e+10  4.73066156e+12  7.94686886e+09
 2.17800000e+03  6.96751019e+16  1.68069918e+16  3.75148369e+10  1.36196677e+10  4.73066156e+12  7.94686886e+09
 2.17800000e+03  6.96751019e+16  1.68069918e+16  3.75148369e+10  1.36196677e+10  4.74469206e+12  7.93892199e+09
 2.17802500e+03  6.95941170e+16  1.68585132e+16  3.74712326e+10  1.36614184e+10  4.74469206e+12  7.93892199e+09
 2.17805000e+03  6.95132262e+16  1.69098504e+16  3.74276789e+10  1.37030199e+10  4.74469206e+12  7.93892199e+09
 2.17807500e+03  6.94324294e+16  1.69610038e+16  3.73841759e+10  1.37444725e+10  4.74469206e+12  7.93892199e+09
 2.17810000e+03  6.93517265e+16  1.70119740e+16  3.73407234e+10  1.37857765e+10  4.74469206e+12  7.93892199e+09
 2.17812500e+03  6.92711174e+16  1.70627613e+16  3.72973215e+10  1.38269324e+10  4.74469206e+12  7.93892199e+09
 2.17815000e+03  6.91906020e+16  1.71133662e+16  3.72539699e+10  1.38679405e+10  4.74469206e+12  7.93892199e+09
 2.17817500e+03  6.91101802e+16  1.71637891e+16  3.72106688e+10  1.39088010e+10  4.74469206e+12  7.93892199e+09
 2.17820000e+03  6.90298519e+16  1.72140304e+16  3.71674180e+10  1.39495144e+10  4.74469206e+12  7.93892199e+09
 2.17822500e+03  6.89496170e+16  1.72640906e+16  3.71242175e+10  1.39900811e+10  4.74469206e+12  7.93892199e+09
 2.17825000e+03  6.88694753e+16  1.73139701e+16  3.70810672e+10  1.40305012e+10  4.74469206e+12  7.93892199e+09
 2.17825000e+03  6.88694753e+16  0.00000000e+00  3.70810672e+10  0.00000000e+00  4.75473648e+12  7.93098307e+09
 2.17877500e+03  6.72078515e+16  1.63133362e+15  3.61864069e+10  1.32196303e+09  4.75473648e+12  7.93098307e+09
 2.17930000e+03  6.55863181e+16  3.16443227e+15  3.53133323e+10  2.56432065e+09  4.75473648e+12  7.93098307e+09
 2.17982500e+03  6.40039075e+16  4.60379093e+15  3.44613224e+10  3.73071538e+09  4.75473648e+12  7.93098307e+09
 2.18035000e+03  6.24596761e+16  5.95371943e+15  3.36298692e+10  4.82463973e+09  4.75473648e+12  7.93098307e+09
 2.18087500e+03  6.09527025e+16  7.21834971e+15  3.28184765e+10  5.84944205e+09  4.75473648e+12  7.93098307e+09
 2.18140000e+03  5.94820879e+16  8.40164276e+15  3.20266604e+10  6.80833215e+09  4.75473648e+12  7.93098307e+09
 2.18192500e+03  5.80469550e+16  9.50739531e+15  3.12539486e+10  7.70438675e+09  4.75473648e+12  7.93098307e+09
 2.18245000e+03  5.66464478e+16  1.05392463e+16  3.04998801e+10  8.54055470e+09  4.75473648e+12  7.93098307e+09
 2.18297500e+03  5.52797308e+16  1.15006831e+16  2.97640051e+10  9.31966196e+09  4.75473648e+12  7.93098307e+09
 2.18350000e+03  5.39459888e+16  1.23950473e+16  2.90458846e+10  1.00444165e+10  4.75473648e+12  7.93098307e+09
 2.18350000e+03  5.39459888e+16  0.00000000e+00  2.90458846e+10  0.00000000e+00  4.75473648e+12  7.93098307e+09
 2.18355000e+03  5.38206564e+16  1.25113196e+14  2.89784025e+10  1.01386386e+08  4.75473648e+12  7.93098307e+09
 2.18360000e+03  5.36956152e+16  2.49498494e+14  2.89110772e+10  2.02182915e+08  4.75473648e+12  7.93098307e+09
 2.18365000e+03  5.35708645e+16  3.73159113e+14  2.88439082e+10  3.02392194e+08  4.75473648e+12  7.93098307e+09
 2.18370000e+03  5.34464036e+16  4.96098259e+14  2.87768953e+10  4.02016823e+08  4.75473648e+12  7.93098307e+09
 2.18375000e+03  5.33222319e+16  6.18319126e+14  2.87100381e+10  5.01059389e+08  4.75473648e+12  7.93098307e+09
 2.18380000e+03  5.31983487e+16  7.39824894e+14  2.86433363e+10  5.99522469e+08  4.75473648e+12  7.93098307e+09
 2.18385000e+03  5.30747532e+16  8.60618731e+14  2.85767894e+10  6.97408632e+08  4.75473648e+12  7.93098307e+09
 2.18390000e+03  5.29514450e+16  9.80703793e+14  2.85103971e+10  7.94720433e+08  4.75473648e+12  7.93098307e+09
 2.18395000e+03  5.28284232e+16  1.10008322e+15  2.84441590e+10  8.91460420e+08  4.75473648e+12  7.93098307e+09
 2.18400000e+03  5.27056872e+16  1.21876015e+15  2.83780749e+10  9.87631129e+08  4.75473648e+12  7.93098307e+09
 2.18400000e+03  5.27056872e+16  1.21876015e+15  2.83780749e+10  9.87631129e+08  4.75473648e+12  7.93098307e+09
 2.18470000e+03  5.46458142e+16  2.86664125e+15  2.94226883e+10  2.32300353e+09  4.75473648e+12  7.93098307e+09
 2.18540000e+03  5.65237805e+16  4.49636009e+15  3.04338329e+10  3.64365802e+09  4.75473648e+12  7.93098307e+09
 2.18610000e+03  5.83415778e+16  6.10684204e+15  3.14125809e+10  4.94872375e+09  4.75473648e+12  7.93098307e+09
 2.18680000e+03  6.01011339e+16  7.69712612e+15  3.23599704e+10  6.23742198e+09  4.75473648e+12  7.93098307e+09
 2.18750000e+03  6.18043147e+16  9.26635757e+15  3.32770060e+10  7.50906007e+09  4.75473648e+12  7.93098307e+09
 2.18820000e+03  6.34529265e+16  1.08137809e+16  3.41646603e+10  8.76302577e+09  4.75473648e+12  7.93098307e+09
 2.18890000e+03  6.50487177e+16  1.23387331e+16  3.50238746e+10  9.99878188e+09  4.75473648e+12  7.93098307e+09
 2.18960000e+03  6.65933805e+16  1.38406377e+16  3.58555602e+10  1.12158612e+10  4.75473648e+12  7.93098307e+09
 2.19030000e+03  6.80885532e+16  1.53189986e+16  3.66605990e+10  1.24138616e+10  4.75473648e+12  7.93098307e+09
 2.19100000e+03  6.95358214e+16  1.67733946e+16  3.74398448e+10  1.35924420e+10  4.75473648e+12  7.93098307e+09
 2.19100000e+03  6.95358214e+16  1.67733946e+16  3.74398448e+10  1.35924420e+10  4.76873893e+12  7.92305209e+09
 2.19102500e+03  6.94549984e+16  1.68248130e+16  3.73963276e+10  1.36341092e+10  4.76873893e+12  7.92305209e+09
 2.19105000e+03  6.93742692e+16  1.68760476e+16  3.73528610e+10  1.36756276e+10  4.76873893e+12  7.92305209e+09
 2.19107500e+03  6.92936340e+16  1.69270988e+16  3.73094449e+10  1.37169973e+10  4.76873893e+12  7.92305209e+09
 2.19110000e+03  6.92130924e+16  1.69779671e+16  3.72660793e+10  1.37582188e+10  4.76873893e+12  7.92305209e+09
 2.19112500e+03  6.91326445e+16  1.70286529e+16  3.72227641e+10  1.37992924e+10  4.76873893e+12  7.92305209e+09
 2.19115000e+03  6.90522900e+16  1.70791566e+16  3.71794992e+10  1.38402185e+10  4.76873893e+12  7.92305209e+09
 2.19117500e+03  6.89720290e+16  1.71294787e+16  3.71362847e+10  1.38809973e+10  4.76873893e+12  7.92305209e+09
 2.19120000e+03  6.88918612e+16  1.71796196e+16  3.70931203e+10  1.39216294e+10  4.76873893e+12  7.92305209e+09
 2.19122500e+03  6.88117867e+16  1.72295797e+16  3.70500062e+10  1.39621149e+10  4.76873893e+12  7.92305209e+09
 2.19125000e+03  6.87318052e+16  1.72793594e+16  3.70069421e+10  1.40024543e+10  4.76873893e+12  7.92305209e+09
 2.19125000e+03  6.87318052e+16  0.00000000e+00  3.70069421e+10  0.00000000e+00  4.77876327e+12  7.91512903e+09
 2.19177500e+03  6.70735031e+16  1.62807258e+15  3.61140703e+10  1.31932043e+09  4.77876327e+12  7.91512903e+09
 2.19230000e+03  6.54552110e+16  3.15810657e+15  3.52427409e+10  2.55919457e+09  4.77876327e+12  7.91512903e+09
 2.19282500e+03  6.38759637e+16  4.59458795e+15  3.43924343e+10  3.72325768e+09  4.77876327e+12  7.91512903e+09
 2.19335000e+03  6.23348192e+16  5.94181795e+15  3.35626431e+10  4.81499528e+09  4.77876327e+12  7.91512903e+09
 2.19387500e+03  6.08308581e+16  7.20392023e+15  3.27528724e+10  5.83774901e+09  4.77876327e+12  7.91512903e+09
 2.19440000e+03  5.93631832e+16  8.38484787e+15  3.19626391e+10  6.79472229e+09  4.77876327e+12  7.91512903e+09
 2.19492500e+03  5.79309192e+16  9.48839003e+15  3.11914719e+10  7.68898568e+09  4.77876327e+12  7.91512903e+09
 2.19545000e+03  5.65332116e+16  1.05181784e+16  3.04389108e+10  8.52348213e+09  4.77876327e+12  7.91512903e+09
 2.19597500e+03  5.51692266e+16  1.14776932e+16  2.97045068e+10  9.30103196e+09  4.77876327e+12  7.91512903e+09
 2.19650000e+03  5.38381508e+16  1.23702696e+16  2.89878219e+10  1.00243377e+10  4.77876327e+12  7.91512903e+09
 2.19650000e+03  5.38381508e+16  0.00000000e+00  2.89878219e+10  0.00000000e+00  4.77876327e+12  7.91512903e+09
 2.19655000e+03  5.37130689e+16  1.24863095e+14  2.89204747e+10  1.01183715e+08  4.77876327e+12  7.91512903e+09
 2.19660000e+03  5.35882777e+16  2.48999747e+14  2.88532839e+10  2.01778751e+08  4.77876327e+12  7.91512903e+09
 2.19665000e+03  5.34637763e+16  3.72413168e+14  2.87862492e+10  3.01787712e+08  4.77876327e+12  7.91512903e+09
 2.19670000e+03  5.33395642e+16  4.95106559e+14  2.87193703e+10  4.01213192e+08  4.77876327e+12  7.91512903e+09
 2.19675000e+03  5.32156407e+16  6.17083106e+14  2.86526468e+10  5.00057771e+08  4.77876327e+12  7.91512903e+09
 2.19680000e+03  5.30920052e+16  7.38345984e+14  2.85860782e+10  5.98324024e+08  4.77876327e+12  7.91512903e+09
 2.19685000e+03  5.29686568e+16  8.58898354e+14  2.85196644e+10  6.96014512e+08  4.77876327e+12  7.91512903e+09
 2.19690000e+03  5.28455950e+16  9.78743366e+14  2.84534048e+10  7.93131787e+08  4.77876327e+12  7.91512903e+09
 2.19695000e+03  5.27228192e+16  1.09788416e+15  2.83872992e+10  8.89678390e+08  4.77876327e+12  7.91512903e+09
 2.19700000e+03  5.26003285e+16  1.21632385e+15  2.83213471e+10  9.85656854e+08  4.77876327e+12  7.91512903e+09
 2.19700000e+03  5.26003285e+16  1.21632385e+15  2.83213471e+10  9.85656854e+08  4.77876327e+12  7.91512903e+09
 2.19770000e+03  5.45365772e+16  2.86091083e+15  2.93638724e+10  2.31835985e+09  4.77876327e+12  7.91512903e+09
 2.19840000e+03  5.64107895e+16  4.48737187e+15  3.03729956e+10  3.63637434e+09  4.77876327e+12  7.91512903e+09
 2.19910000e+03  5.82249530e+16  6.09463446e+15  3.13497872e+10  4.93883125e+09  4.77876327e+12  7.91512903e+09
 2.19980000e+03  5.99809917e+16  7.68173956e+15  3.22952828e+10  6.22495338e+09  4.77876327e+12  7.91512903e+09
 2.20050000e+03  6.16807678e+16  9.24783412e+15  3.32104853e+10  7.49404946e+09  4.77876327e+12  7.91512903e+09
 2.20120000e+03  6.33260841e+16  1.07921641e+16  3.40963652e+10  8.74550849e+09  4.77876327e+12  7.91512903e+09
 2.20190000e+03  6.49186853e+16  1.23140680e+16  3.49538619e+10  9.97879431e+09  4.77876327e+12  7.91512903e+09
 2.20260000e+03  6.64602604e+16  1.38129703e+16  3.57838849e+10  1.11934407e+10  4.77876327e+12  7.91512903e+09
 2.20330000e+03  6.79524442e+16  1.52883759e+16  3.65873144e+10  1.23890463e+10  4.77876327e+12  7.91512903e+09
 2.20400000e+03  6.93968193e+16  1.67398646e+16  3.73650025e+10  1.35652707e+10  4.77876327e+12  7.91512903e+09
 2.20400000e+03  6.93968193e+16  1.67398646e+16  3.73650025e+10  1.35652707e+10  4.79273774e+12  7.90721390e+09
 2.20402500e+03  6.93161578e+16  1.67911802e+16  3.73215723e+10  1.36068547e+10  4.79273774e+12  7.90721390e+09
 2.20405000e+03  6.92355901e+16  1.68423123e+16  3.72781926e+10  1.36482900e+10  4.79273774e+12  7.90721390e+09
 2.20407500e+03  6.91551160e+16  1.68932615e+16  3.72348633e+10  1.36895770e+10  4.79273774e+12  7.90721390e+09
 2.20410000e+03  6.90747354e+16  1.69440281e+16  3.71915844e+10  1.37307161e+10  4.79273774e+12  7.90721390e+09
 2.20412500e+03  6.89944483e+16  1.69946126e+16  3.71483558e+10  1.37717076e+10  4.79273774e+12  7.90721390e+09
 2.20415000e+03  6.89142545e+16  1.70450154e+16  3.71051774e+10  1.38125519e+10  4.79273774e+12  7.90721390e+09
 2.20417500e+03  6.88341539e+16  1.70952369e+16  3.70620492e+10  1.38532492e+10  4.79273774e+12  7.90721390e+09
 2.20420000e+03  6.87541464e+16  1.71452775e+16  3.70189712e+10  1.38938000e+10  4.79273774e+12  7.90721390e+09
 2.20422500e+03  6.86742319e+16  1.71951378e+16  3.69759432e+10  1.39342046e+10  4.79273774e+12  7.90721390e+09
 2.20425000e+03  6.85944103e+16  1.72448180e+16  3.69329652e+10  1.39744634e+10  4.79273774e+12  7.90721390e+09
 2.20425000e+03  6.85944103e+16  0.00000000e+00  3.69329652e+10  0.00000000e+00  4.80274203e+12  7.89930669e+09
 2.20477500e+03  6.69394231e+16  1.62481807e+15  3.60418783e+10  1.31668311e+09  4.80274203e+12  7.89930669e+09
 2.20530000e+03  6.53243660e+16  3.15179352e+15  3.51722907e+10  2.55407874e+09  4.80274203e+12  7.89930669e+09
 2.20582500e+03  6.37482757e+16  4.58540337e+15  3.43236838e+10  3.71581488e+09  4.80274203e+12  7.89930669e+09
 2.20635000e+03  6.22102119e+16  5.92994025e+15  3.34955513e+10  4.80537010e+09  4.80274203e+12  7.89930669e+09
 2.20687500e+03  6.07092572e+16  7.18951959e+15  3.26873994e+10  5.82607935e+09  4.80274203e+12  7.89930669e+09
 2.20740000e+03  5.92445162e+16  8.36808656e+15  3.18987458e+10  6.78113964e+09  4.80274203e+12  7.89930669e+09
 2.20792500e+03  5.78151153e+16  9.46942273e+15  3.11291202e+10  7.67361540e+09  4.80274203e+12  7.89930669e+09
 2.20845000e+03  5.64202017e+16  1.04971525e+16  3.03780634e+10  8.50644369e+09  4.80274203e+12  7.89930669e+09
 2.20897500e+03  5.50589434e+16  1.14547493e+16  2.96451275e+10  9.28243919e+09  4.80274203e+12  7.89930669e+09
 2.20950000e+03  5.37305283e+16  1.23455414e+16  2.89298753e+10  1.00042991e+10  4.80274203e+12  7.89930669e+09
 2.20950000e+03  5.37305283e+16  0.00000000e+00  2.89298753e+10  0.00000000e+00  4.80274203e+12  7.89930669e+09
 2.20955000e+03  5.36056965e+16  1.24613494e+14  2.88626627e+10  1.00981449e+08  4.80274203e+12  7.89930669e+09
 2.20960000e+03  5.34811547e+16  2.48501996e+14  2.87956062e+10  2.01375395e+08  4.80274203e+12  7.89930669e+09
 2.20965000e+03  5.33569022e+16  3.71668714e+14  2.87287055e+10  3.01184439e+08  4.80274203e+12  7.89930669e+09
 2.20970000e+03  5.32329385e+16  4.94116841e+14  2.86619603e+10  4.00411166e+08  4.80274203e+12  7.89930669e+09
 2.20975000e+03  5.31092627e+16  6.15849557e+14  2.85953701e+10  4.99058156e+08  4.80274203e+12  7.89930669e+09
 2.20980000e+03  5.29858742e+16  7.36870030e+14  2.85289347e+10  5.97127974e+08  4.80274203e+12  7.89930669e+09
 2.20985000e+03  5.28627725e+16  8.57181417e+14  2.84626536e+10  6.94623179e+08  4.80274203e+12  7.89930669e+09
 2.20990000e+03  5.27399567e+16  9.76786858e+14  2.83965264e+10  7.91546316e+08  4.80274203e+12  7.89930669e+09
 2.20995000e+03  5.26174263e+16  1.09568949e+15  2.83305530e+10  8.87899923e+08  4.80274203e+12  7.89930669e+09
 2.21000000e+03  5.24951805e+16  1.21389242e+15  2.82647327e+10  9.83686526e+08  4.80274203e+12  7.89930669e+09
 2.21000000e+03  5.24951805e+16  1.21389242e+15  2.82647327e+10  9.83686526e+08  4.80274203e+12  7.89930669e+09
 2.21070000e+03  5.44275586e+16  2.85519187e+15  2.93051740e+10  2.31372545e+09  4.80274203e+12  7.89930669e+09
 2.21140000e+03  5.62980243e+16  4.47840161e+15  3.03122800e+10  3.62910523e+09  4.80274203e+12  7.89930669e+09
 2.21210000e+03  5.81085613e+16  6.08245129e+15  3.12871189e+10  4.92895852e+09  4.80274203e+12  7.89930669e+09
 2.21280000e+03  5.98610897e+16  7.66638376e+15  3.22307245e+10  6.21250969e+09  4.80274203e+12  7.89930669e+09
 2.21350000e+03  6.15574680e+16  9.22934770e+15  3.31440975e+10  7.47906886e+09  4.80274203e+12  7.89930669e+09
 2.21420000e+03  6.31994952e+16  1.07705906e+16  3.40282065e+10  8.72802621e+09  4.80274203e+12  7.89930669e+09
 2.21490000e+03  6.47889128e+16  1.22894522e+16  3.48839891e+10  9.95884670e+09  4.80274203e+12  7.89930669e+09
 2.21560000e+03  6.63274063e+16  1.37853581e+16  3.57123529e+10  1.11710650e+10  4.80274203e+12  7.89930669e+09
 2.21630000e+03  6.78166073e+16  1.52578145e+16  3.65141764e+10  1.23642806e+10  4.80274203e+12  7.89930669e+09
 2.21700000e+03  6.92580951e+16  1.67064016e+16  3.72903099e+10  1.35381537e+10  4.80274203e+12  7.89930669e+09
 2.21700000e+03  6.92580951e+16  1.67064016e+16  3.72903099e+10  1.35381537e+10  4.81668856e+12  7.89140738e+09
 2.21702500e+03  6.91775948e+16  1.67576146e+16  3.72469665e+10  1.35796546e+10  4.81668856e+12  7.89140738e+09
 2.21705000e+03  6.90971881e+16  1.68086446e+16  3.72036735e+10  1.36210070e+10  4.81668856e+12  7.89140738e+09
 2.21707500e+03  6.90168749e+16  1.68594919e+16  3.71604309e+10  1.36622115e+10  4.81668856e+12  7.89140738e+09
 2.21710000e+03  6.89366550e+16  1.69101570e+16  3.71172384e+10  1.37032684e+10  4.81668856e+12  7.89140738e+09
 2.21712500e+03  6.88565284e+16  1.69606404e+16  3.70740962e+10  1.37441780e+10  4.81668856e+12  7.89140738e+09
 2.21715000e+03  6.87764949e+16  1.70109424e+16  3.70310042e+10  1.37849406e+10  4.81668856e+12  7.89140738e+09
 2.21717500e+03  6.86965544e+16  1.70610635e+16  3.69879622e+10  1.38255566e+10  4.81668856e+12  7.89140738e+09
 2.21720000e+03  6.86167069e+16  1.71110041e+16  3.69449703e+10  1.38660263e+10  4.81668856e+12  7.89140738e+09
 2.21722500e+03  6.85369521e+16  1.71607647e+16  3.69020283e+10  1.39063501e+10  4.81668856e+12  7.89140738e+09
 2.21725000e+03  6.84572901e+16  1.72103456e+16  3.68591362e+10  1.39465284e+10  4.81668856e+12  7.89140738e+09
 2.21725000e+03  6.84572901e+16  0.00000000e+00  3.68591362e+10  0.00000000e+00  4.82667286e+12  7.88351598e+09
 2.21777500e+03  6.68056112e+16  1.62157006e+15  3.59698306e+10  1.31405106e+09  4.82667286e+12  7.88351598e+09
 2.21830000e+03  6.51937826e+16  3.14549308e+15  3.51019813e+10  2.54897314e+09  4.82667286e+12  7.88351598e+09
 2.21882500e+03  6.36208429e+16  4.57623715e+15  3.42550707e+10  3.70838697e+09  4.82667286e+12  7.88351598e+09
 2.21935000e+03  6.20858537e+16  5.91808630e+15  3.34285937e+10  4.79576416e+09  4.82667286e+12  7.88351598e+09
 2.21987500e+03  6.05878994e+16  7.17514774e+15  3.26220572e+10  5.81443302e+09  4.82667286e+12  7.88351598e+09
 2.22040000e+03  5.91260864e+16  8.35135876e+15  3.18349802e+10  6.76758415e+09  4.82667286e+12  7.88351598e+09
 2.22092500e+03  5.76995428e+16  9.45049336e+15  3.10668931e+10  7.65827584e+09  4.82667286e+12  7.88351598e+09
 2.22145000e+03  5.63074177e+16  1.04761687e+16  3.03173377e+10  8.48943930e+09  4.82667286e+12  7.88351598e+09
 2.22197500e+03  5.49488805e+16  1.14318513e+16  2.95858669e+10  9.26388360e+09  4.82667286e+12  7.88351598e+09
 2.22250000e+03  5.36231210e+16  1.23208627e+16  2.88720444e+10  9.98430047e+09  4.82667286e+12  7.88351598e+09
 2.22250000e+03  5.36231210e+16  0.00000000e+00  2.88720444e+10  0.00000000e+00  4.82667286e+12  7.88351598e+09
 2.22255000e+03  5.34985387e+16  1.24364391e+14  2.88049662e+10  1.00779587e+08  4.82667286e+12  7.88351598e+09
 2.22260000e+03  5.33742459e+16  2.48005241e+14  2.87380438e+10  2.00972846e+08  4.82667286e+12  7.88351598e+09
 2.22265000e+03  5.32502418e+16  3.70925749e+14  2.86712768e+10  3.00582371e+08  4.82667286e+12  7.88351598e+09
 2.22270000e+03  5.31265258e+16  4.93129101e+14  2.86046650e+10  3.99610744e+08  4.82667286e+12  7.88351598e+09
 2.22275000e+03  5.30030973e+16  6.14618474e+14  2.85382080e+10  4.98060539e+08  4.82667286e+12  7.88351598e+09
 2.22280000e+03  5.28799555e+16  7.35397027e+14  2.84719053e+10  5.95934315e+08  4.82667286e+12  7.88351598e+09
 2.22285000e+03  5.27570998e+16  8.55467911e+14  2.84057567e+10  6.93234627e+08  4.82667286e+12  7.88351598e+09
 2.22290000e+03  5.26345295e+16  9.74834262e+14  2.83397618e+10  7.89964015e+08  4.82667286e+12  7.88351598e+09
 2.22295000e+03  5.25122440e+16  1.09349920e+15  2.82739202e+10  8.86125011e+08  4.82667286e+12  7.88351598e+09
 2.22300000e+03  5.23902426e+16  1.21146585e+15  2.82082315e+10  9.81720137e+08  4.82667286e+12  7.88351598e+09
 2.22300000e+03  5.23902426e+16  1.21146585e+15  2.82082315e+10  9.81720137e+08  4.82667286e+12  7.88351598e+09
 2.22370000e+03  5.43187579e+16  2.84948434e+15  2.92465929e+10  2.30910031e+09  4.82667286e+12  7.88351598e+09
 2.22440000e+03  5.61854846e+16  4.46944929e+15  3.02516858e+10  3.62185065e+09  4.82667286e+12  7.88351598e+09
 2.22510000e+03  5.79924023e+16  6.07029247e+15  3.12245760e+10  4.91910554e+09  4.82667286e+12  7.88351598e+09
 2.22580000e+03  5.97414274e+16  7.65105866e+15  3.21662953e+10  6.20009089e+09  4.82667286e+12  7.88351598e+09
 2.22650000e+03  6.14344146e+16  9.21089824e+15  3.30778425e+10  7.46411820e+09  4.82667286e+12  7.88351598e+09
 2.22720000e+03  6.30731595e+16  1.07490602e+16  3.39601841e+10  8.71057889e+09  4.82667286e+12  7.88351598e+09
 2.22790000e+03  6.46593998e+16  1.22648855e+16  3.48142560e+10  9.93893897e+09  4.82667286e+12  7.88351598e+09
 2.22860000e+03  6.61948178e+16  1.37578012e+16  3.56409639e+10  1.11487340e+10  4.82667286e+12  7.88351598e+09
 2.22930000e+03  6.76810419e+16  1.52273141e+16  3.64411846e+10  1.23395644e+10  4.82667286e+12  7.88351598e+09
 2.23000000e+03  6.91196481e+16  1.66730055e+16  3.72157666e+10  1.35110910e+10  4.82667286e+12  7.88351598e+09
 2.23000000e+03  6.91196481e+16  1.66730055e+16  3.72157666e+10  1.35110910e+10  4.84059151e+12  7.87563246e+09
 2.23002500e+03  6.90393088e+16  1.67241161e+16  3.71725098e+10  1.35525088e+10  4.84059151e+12  7.87563246e+09
 2.23005000e+03  6.89590629e+16  1.67750441e+16  3.71293034e+10  1.35937787e+10  4.84059151e+12  7.87563246e+09
 2.23007500e+03  6.88789102e+16  1.68257898e+16  3.70861471e+10  1.36349008e+10  4.84059151e+12  7.87563246e+09
 2.23010000e+03  6.87988507e+16  1.68763536e+16  3.70430411e+10  1.36758756e+10  4.84059151e+12  7.87563246e+09
 2.23012500e+03  6.87188842e+16  1.69267361e+16  3.69999851e+10  1.37167033e+10  4.84059151e+12  7.87563246e+09
 2.23015000e+03  6.86390107e+16  1.69769375e+16  3.69569792e+10  1.37573845e+10  4.84059151e+12  7.87563246e+09
 2.23017500e+03  6.85592300e+16  1.70269584e+16  3.69140233e+10  1.37979193e+10  4.84059151e+12  7.87563246e+09
 2.23020000e+03  6.84795421e+16  1.70767992e+16  3.68711173e+10  1.38383081e+10  4.84059151e+12  7.87563246e+09
 2.23022500e+03  6.83999468e+16  1.71264603e+16  3.68282611e+10  1.38785514e+10  4.84059151e+12  7.87563246e+09
 2.23025000e+03  6.83204440e+16  1.71759421e+16  3.67854548e+10  1.39186493e+10  4.84059151e+12  7.87563246e+09
 2.23025000e+03  6.83204440e+16  0.00000000e+00  3.67854548e+10  0.00000000e+00  4.85055585e+12  7.86775683e+09
 2.23077500e+03  6.66720668e+16  1.61832854e+15  3.58979269e+10  1.31142427e+09  4.85055585e+12  7.86775683e+09
 2.23130000e+03  6.50634603e+16  3.13920524e+15  3.50318124e+10  2.54387774e+09  4.85055585e+12  7.86775683e+09
 2.23182500e+03  6.34936648e+16  4.56708925e+15  3.41865949e+10  3.70097390e+09  4.85055585e+12  7.86775683e+09
 2.23235000e+03  6.19617440e+16  5.90625605e+15  3.33617700e+10  4.78617743e+09  4.85055585e+12  7.86775683e+09
 2.23287500e+03  6.04667842e+16  7.16080462e+15  3.25568458e+10  5.80280997e+09  4.85055585e+12  7.86775683e+09
 2.23340000e+03  5.90078934e+16  8.33466439e+15  3.17713421e+10  6.75405575e+09  4.85055585e+12  7.86775683e+09
 2.23392500e+03  5.75842015e+16  9.43160182e+15  3.10047903e+10  7.64296695e+09  4.85055585e+12  7.86775683e+09
 2.23445000e+03  5.61948592e+16  1.04552268e+16  3.02567333e+10  8.47246892e+09  4.85055585e+12  7.86775683e+09
 2.23497500e+03  5.48390377e+16  1.14089990e+16  2.95267248e+10  9.24536509e+09  4.85055585e+12  7.86775683e+09
 2.23550000e+03  5.35159284e+16  1.22962333e+16  2.88143292e+10  9.96434185e+09  4.85055585e+12  7.86775683e+09
 2.23550000e+03  5.35159284e+16  0.00000000e+00  2.88143292e+10  0.00000000e+00  4.85055585e+12  7.86775683e+09
 2.23555000e+03  5.33915951e+16  1.24115787e+14  2.87473851e+10  1.00578128e+08  4.85055585e+12  7.86775683e+09
 2.23560000e+03  5.32675508e+16  2.47509479e+14  2.86805964e+10  2.00571101e+08  4.85055585e+12  7.86775683e+09
 2.23565000e+03  5.31437946e+16  3.70184268e+14  2.86139630e+10  2.99981507e+08  4.85055585e+12  7.86775683e+09
 2.23570000e+03  5.30203259e+16  4.92143336e+14  2.85474843e+10  3.98811923e+08  4.85055585e+12  7.86775683e+09
 2.23575000e+03  5.28971441e+16  6.13389851e+14  2.84811601e+10  4.97064915e+08  4.85055585e+12  7.86775683e+09
 2.23580000e+03  5.27742484e+16  7.33926969e+14  2.84149900e+10  5.94743043e+08  4.85055585e+12  7.86775683e+09
 2.23585000e+03  5.26516383e+16  8.53757831e+14  2.83489736e+10  6.91848851e+08  4.85055585e+12  7.86775683e+09
 2.23590000e+03  5.25293131e+16  9.72885568e+14  2.82831106e+10  7.88384877e+08  4.85055585e+12  7.86775683e+09
 2.23595000e+03  5.24072720e+16  1.09131330e+15  2.82174006e+10  8.84353647e+08  4.85055585e+12  7.86775683e+09
 2.23600000e+03  5.22855145e+16  1.20904413e+15  2.81518433e+10  9.79757678e+08  4.85055585e+12  7.86775683e+09
 2.23600000e+03  5.22855145e+16  1.20904413e+15  2.81518433e+10  9.79757678e+08  4.85055585e+12  7.86775683e+09
 2.23670000e+03  5.42101747e+16  2.84378823e+15  2.91881290e+10  2.30448442e+09  4.85055585e+12  7.86775683e+09
 2.23740000e+03  5.60731698e+16  4.46051486e+15  3.01912127e+10  3.61461057e+09  4.85055585e+12  7.86775683e+09
 2.23810000e+03  5.78764755e+16  6.05815796e+15  3.11621581e+10  4.90927224e+09  4.85055585e+12  7.86775683e+09
 2.23880000e+03  5.96220043e+16  7.63576420e+15  3.21019949e+10  6.18769690e+09  4.85055585e+12  7.86775683e+09
 2.23950000e+03  6.13116072e+16  9.19248565e+15  3.30117199e+10  7.44919743e+09  4.85055585e+12  7.86775683e+09
 2.24020000e+03  6.29470762e+16  1.07275728e+16  3.38922977e+10  8.69316644e+09  4.85055585e+12  7.86775683e+09
 2.24090000e+03  6.45301456e+16  1.22403680e+16  3.47446623e+10  9.91907103e+09  4.85055585e+12  7.86775683e+09
 2.24160000e+03  6.60624944e+16  1.37302994e+16  3.55697177e+10  1.11264477e+10  4.85055585e+12  7.86775683e+09
 2.24230000e+03  6.75457475e+16  1.51968747e+16  3.63683386e+10  1.23148976e+10  4.85055585e+12  7.86775683e+09
 2.24300000e+03  6.89814780e+16  1.66396762e+16  3.71413722e+10  1.34840823e+10  4.85055585e+12  7.86775683e+09
 2.24300000e+03  6.89814780e+16  1.66396762e+16  3.71413722e+10  1.34840823e+10  4.86444668e+12  7.85988907e+09
 2.24302500e+03  6.89012992e+16  1.66906846e+16  3.70982020e+10  1.35254174e+10  4.86444668e+12  7.85988907e+09
 2.24305000e+03  6.88212137e+16  1.67415108e+16  3.70550819e+10  1.35666047e+10  4.86444668e+12  7.85988907e+09
 2.24307500e+03  6.87412212e+16  1.67921550e+16  3.70120119e+10  1.36076446e+10  4.86444668e+12  7.85988907e+09
 2.24310000e+03  6.86613218e+16  1.68426178e+16  3.69689920e+10  1.36485375e+10  4.86444668e+12  7.85988907e+09
 2.24312500e+03  6.85815152e+16  1.68928995e+16  3.69260221e+10  1.36892837e+10  4.86444668e+12  7.85988907e+09
 2.24315000e+03  6.85018013e+16  1.69430006e+16  3.68831022e+10  1.37298835e+10  4.86444668e+12  7.85988907e+09
 2.24317500e+03  6.84221801e+16  1.69929216e+16  3.68402321e+10  1.37703372e+10  4.86444668e+12  7.85988907e+09
 2.24320000e+03  6.83426515e+16  1.70426627e+16  3.67974119e+10  1.38106454e+10  4.86444668e+12  7.85988907e+09
 2.24322500e+03  6.82632153e+16  1.70922245e+16  3.67546414e+10  1.38508081e+10  4.86444668e+12  7.85988907e+09
 2.24325000e+03  6.81838714e+16  1.71416074e+16  3.67119207e+10  1.38908259e+10  4.86444668e+12  7.85988907e+09
 2.24325000e+03  6.81838714e+16  0.00000000e+00  3.67119207e+10  0.00000000e+00  4.87439110e+12  7.85202918e+09
 2.24377500e+03  6.65387893e+16  1.61509350e+15  3.58261669e+10  1.30880273e+09  4.87439110e+12  7.85202918e+09
 2.24430000e+03  6.49333984e+16  3.13292997e+15  3.49617838e+10  2.53879253e+09  4.87439110e+12  7.85202918e+09
 2.24482500e+03  6.33667410e+16  4.55795964e+15  3.41182559e+10  3.69357566e+09  4.87439110e+12  7.85202918e+09
 2.24535000e+03  6.18378825e+16  5.89444944e+15  3.32950798e+10  4.77660986e+09  4.87439110e+12  7.85202918e+09
 2.24587500e+03  6.03459111e+16  7.14649018e+15  3.24917646e+10  5.79121015e+09  4.87439110e+12  7.85202918e+09
 2.24640000e+03  5.88899366e+16  8.31800340e+15  3.17078312e+10  6.74055439e+09  4.87439110e+12  7.85202918e+09
 2.24692500e+03  5.74690906e+16  9.41274805e+15  3.09428118e+10  7.62768866e+09  4.87439110e+12  7.85202918e+09
 2.24745000e+03  5.60825256e+16  1.04343268e+16  3.01962501e+10  8.45553245e+09  4.87439110e+12  7.85202918e+09
 2.24797500e+03  5.47294145e+16  1.13861924e+16  2.94677008e+10  9.22688361e+09  4.87439110e+12  7.85202918e+09
 2.24850000e+03  5.34089500e+16  1.22716531e+16  2.87567294e+10  9.94442313e+09  4.87439110e+12  7.85202918e+09
 2.24850000e+03  5.34089500e+16  0.00000000e+00  2.87567294e+10  0.00000000e+00  4.87439110e+12  7.85202918e+09
 2.24855000e+03  5.32848653e+16  1.23867679e+14  2.86899190e+10  1.00377073e+08  4.87439110e+12  7.85202918e+09
 2.24860000e+03  5.31610689e+16  2.47014707e+14  2.86232639e+10  2.00170160e+08  4.87439110e+12  7.85202918e+09
 2.24865000e+03  5.30375601e+16  3.69444270e+14  2.85567637e+10  2.99381844e+08  4.87439110e+12  7.85202918e+09
 2.24870000e+03  5.29143383e+16  4.91159542e+14  2.84904179e+10  3.98014698e+08  4.87439110e+12  7.85202918e+09
 2.24875000e+03  5.27914027e+16  6.12163685e+14  2.84242263e+10  4.96071283e+08  4.87439110e+12  7.85202918e+09
 2.24880000e+03  5.26687527e+16  7.32459849e+14  2.83581884e+10  5.93554151e+08  4.87439110e+12  7.85202918e+09
 2.24885000e+03  5.25463877e+16  8.52051169e+14  2.82923040e+10  6.90465845e+08  4.87439110e+12  7.85202918e+09
 2.24890000e+03  5.24243070e+16  9.70940770e+14  2.82265727e+10  7.86808896e+08  4.87439110e+12  7.85202918e+09
 2.24895000e+03  5.23025099e+16  1.08913176e+15  2.81609940e+10  8.82585824e+08  4.87439110e+12  7.85202918e+09
 2.24900000e+03  5.21809958e+16  1.20662725e+15  2.80955678e+10  9.77799143e+08  4.87439110e+12  7.85202918e+09
 2.24900000e+03  5.21809958e+16  1.20662725e+15  2.80955678e+10  9.77799143e+08  4.87439110e+12  7.85202918e+09
 2.24970000e+03  5.41018086e+16  2.83810349e+15  2.91297819e+10  2.29987775e+09  4.87439110e+12  7.85202918e+09
 2.25040000e+03  5.59610795e+16  4.45159829e+15  3.01308604e+10  3.60738496e+09  4.87439110e+12  7.85202918e+09
 2.25110000e+03  5.77607804e+16  6.04604770e+15  3.10998649e+10  4.89945861e+09  4.87439110e+12  7.85202918e+09
 2.25180000e+03  5.95028199e+16  7.62050030e+15  3.20378230e+10  6.17532770e+09  4.87439110e+12  7.85202918e+09
 2.25250000e+03  6.11890453e+16  9.17410987e+15  3.29457294e+10  7.43430648e+09  4.87439110e+12  7.85202918e+09
 2.25320000e+03  6.28212450e+16  1.07061284e+16  3.38245470e+10  8.67578880e+09  4.87439110e+12  7.85202918e+09
 2.25390000e+03  6.44011499e+16  1.22158995e+16  3.46752078e+10  9.89924280e+09  4.87439110e+12  7.85202918e+09
 2.25460000e+03  6.59304355e+16  1.37028525e+16  3.54986138e+10  1.11042059e+10  4.87439110e+12  7.85202918e+09
 2.25530000e+03  6.74107235e+16  1.51664961e+16  3.62956383e+10  1.22902801e+10  4.87439110e+12  7.85202918e+09
 2.25600000e+03  6.88435840e+16  1.66064135e+16  3.70671266e+10  1.34571276e+10  4.87439110e+12  7.85202918e+09
 2.25600000e+03  6.88435840e+16  1.66064135e+16  3.70671266e+10  1.34571276e+10  4.88825416e+12  7.84417715e+09
 2.25602500e+03  6.87635655e+16  1.66573200e+16  3.70240427e+10  1.34983801e+10  4.88825416e+12  7.84417715e+09
 2.25605000e+03  6.86836401e+16  1.67080445e+16  3.69810088e+10  1.35394850e+10  4.88825416e+12  7.84417715e+09
 2.25607500e+03  6.86038075e+16  1.67585875e+16  3.69380249e+10  1.35804429e+10  4.88825416e+12  7.84417715e+09
 2.25610000e+03  6.85240678e+16  1.68089494e+16  3.68950910e+10  1.36212541e+10  4.88825416e+12  7.84417715e+09
 2.25612500e+03  6.84444207e+16  1.68591306e+16  3.68522070e+10  1.36619188e+10  4.88825416e+12  7.84417715e+09
 2.25615000e+03  6.83648662e+16  1.69091316e+16  3.68093729e+10  1.37024374e+10  4.88825416e+12  7.84417715e+09
 2.25617500e+03  6.82854042e+16  1.69589527e+16  3.67665885e+10  1.37428103e+10  4.88825416e+12  7.84417715e+09
 2.25620000e+03  6.82060345e+16  1.70085944e+16  3.67238539e+10  1.37830379e+10  4.88825416e+12  7.84417715e+09
 2.25622500e+03  6.81267571e+16  1.70580572e+16  3.66811689e+10  1.38231204e+10  4.88825416e+12  7.84417715e+09
 2.25625000e+03  6.80475718e+16  1.71073413e+16  3.66385336e+10  1.38630581e+10  4.88825416e+12  7.84417715e+09
 2.25625000e+03  6.80475718e+16  0.00000000e+00  3.66385336e+10  0.00000000e+00  4.89817871e+12  7.83633298e+09
 2.25677500e+03  6.64057783e+16  1.61186493e+15  3.57545504e+10  1.30618643e+09  4.89817871e+12  7.83633298e+09
 2.25730000e+03  6.48035965e+16  3.12666724e+15  3.48918952e+10  2.53371748e+09  4.89817871e+12  7.83633298e+09
 2.25782500e+03  6.32400709e+16  4.54884828e+15  3.40500535e+10  3.68619220e+09  4.89817871e+12  7.83633298e+09
 2.25835000e+03  6.17142686e+16  5.88266644e+15  3.32285229e+10  4.76706142e+09  4.89817871e+12  7.83633298e+09
 2.25887500e+03  6.02252796e+16  7.13220434e+15  3.24268136e+10  5.77963352e+09  4.89817871e+12  7.83633298e+09
 2.25940000e+03  5.87722156e+16  8.30137571e+15  3.16444472e+10  6.72708002e+09  4.89817871e+12  7.83633298e+09
 2.25992500e+03  5.73542099e+16  9.39393197e+15  3.08809571e+10  7.61244091e+09  4.89817871e+12  7.83633298e+09
 2.26045000e+03  5.59704167e+16  1.04134686e+16  3.01358878e+10  8.43862984e+09  4.89817871e+12  7.83633298e+09
 2.26097500e+03  5.46200104e+16  1.13634314e+16  2.94087949e+10  9.20843907e+09  4.89817871e+12  7.83633298e+09
 2.26150000e+03  5.33021856e+16  1.22471221e+16  2.86992447e+10  9.92454423e+09  4.89817871e+12  7.83633298e+09
 2.26150000e+03  5.33021856e+16  0.00000000e+00  2.86992447e+10  0.00000000e+00  4.89817871e+12  7.83633298e+09
 2.26155000e+03  5.31783489e+16  1.23620068e+14  2.86325679e+10  1.00176419e+08  4.89817871e+12  7.83633298e+09
 2.26160000e+03  5.30547999e+16  2.46520925e+14  2.85660460e+10  1.99770019e+08  4.89817871e+12  7.83633298e+09
 2.26165000e+03  5.29315380e+16  3.68705751e+14  2.84996787e+10  2.98783380e+08  4.89817871e+12  7.83633298e+09
 2.26170000e+03  5.28085625e+16  4.90177714e+14  2.84334655e+10  3.97219066e+08  4.89817871e+12  7.83633298e+09
 2.26175000e+03  5.26858727e+16  6.10939970e+14  2.83674062e+10  4.95079636e+08  4.89817871e+12  7.83633298e+09
 2.26180000e+03  5.25634679e+16  7.30995661e+14  2.83015004e+10  5.92367637e+08  4.89817871e+12  7.83633298e+09
 2.26185000e+03  5.24413475e+16  8.50347918e+14  2.82357477e+10  6.89085604e+08  4.89817871e+12  7.83633298e+09
 2.26190000e+03  5.23195108e+16  9.68999859e+14  2.81701477e+10  7.85236065e+08  4.89817871e+12  7.83633298e+09
 2.26195000e+03  5.21979572e+16  1.08695459e+15  2.81047002e+10  8.80821535e+08  4.89817871e+12  7.83633298e+09
 2.26200000e+03  5.20766860e+16  1.20421520e+15  2.80394047e+10  9.75844522e+08  4.89817871e+12  7.83633298e+09
 2.26200000e+03  5.20766860e+16  1.20421520e+15  2.80394047e+10  9.75844522e+08  4.89817871e+12  7.83633298e+09
 2.26270000e+03  5.39936590e+16  2.83243012e+15  2.90715515e+10  2.29528030e+09  4.89817871e+12  7.83633298e+09
 2.26340000e+03  5.58492133e+16  4.44269954e+15  3.00706288e+10  3.60017380e+09  4.89817871e+12  7.83633298e+09
 2.26410000e+03  5.76453166e+16  6.03396165e+15  3.10376963e+10  4.88966459e+09  4.89817871e+12  7.83633298e+09
 2.26480000e+03  5.93838737e+16  7.60526692e+15  3.19737794e+10  6.16298322e+09  4.89817871e+12  7.83633298e+09
 2.26550000e+03  6.10667284e+16  9.15577083e+15  3.28798709e+10  7.41944530e+09  4.89817871e+12  7.83633298e+09
 2.26620000e+03  6.26956653e+16  1.06847268e+16  3.37569318e+10  8.65844590e+09  4.89817871e+12  7.83633298e+09
 2.26690000e+03  6.42724120e+16  1.21914800e+16  3.46058920e+10  9.87945422e+09  4.89817871e+12  7.83633298e+09
 2.26760000e+03  6.57986405e+16  1.36754605e+16  3.54276521e+10  1.10820086e+10  4.89817871e+12  7.83633298e+09
 2.26830000e+03  6.72759695e+16  1.51361783e+16  3.62230834e+10  1.22657119e+10  4.89817871e+12  7.83633298e+09
 2.26900000e+03  6.87059657e+16  1.65732173e+16  3.69930294e+10  1.34302268e+10  4.89817871e+12  7.83633298e+09
 2.26900000e+03  6.87059657e+16  1.65732173e+16  3.69930294e+10  1.34302268e+10  4.91201405e+12  7.82849664e+09
 2.26902500e+03  6.86261072e+16  1.66240220e+16  3.69500316e+10  1.34713968e+10  4.91201405e+12  7.82849664e+09
 2.26905000e+03  6.85463415e+16  1.66746451e+16  3.69070838e+10  1.35124196e+10  4.91201405e+12  7.82849664e+09
 2.26907500e+03  6.84666685e+16  1.67250871e+16  3.68641858e+10  1.35532956e+10  4.91201405e+12  7.82849664e+09
 2.26910000e+03  6.83870882e+16  1.67753483e+16  3.68213377e+10  1.35940252e+10  4.91201405e+12  7.82849664e+09
 2.26912500e+03  6.83076003e+16  1.68254292e+16  3.67785395e+10  1.36346086e+10  4.91201405e+12  7.82849664e+09
 2.26915000e+03  6.82282048e+16  1.68753302e+16  3.67357909e+10  1.36750462e+10  4.91201405e+12  7.82849664e+09
 2.26917500e+03  6.81489017e+16  1.69250518e+16  3.66930921e+10  1.37153385e+10  4.91201405e+12  7.82849664e+09
 2.26920000e+03  6.80696907e+16  1.69745942e+16  3.66504429e+10  1.37554856e+10  4.91201405e+12  7.82849664e+09
 2.26922500e+03  6.79905717e+16  1.70239581e+16  3.66078433e+10  1.37954879e+10  4.91201405e+12  7.82849664e+09
 2.26925000e+03  6.79115447e+16  1.70731438e+16  3.65652931e+10  1.38353459e+10  4.91201405e+12  7.82849664e+09
 2.26925000e+03  6.79115447e+16  0.00000000e+00  3.65652931e+10  0.00000000e+00  4.92191876e+12  7.82066815e+09
 2.26977500e+03  6.62730331e+16  1.60864281e+15  3.56830770e+10  1.30357537e+09  4.92191876e+12  7.82066815e+09
 2.27030000e+03  6.46740542e+16  3.12041704e+15  3.48221463e+10  2.52865258e+09  4.92191876e+12  7.82066815e+09
 2.27082500e+03  6.31136540e+16  4.53975513e+15  3.39819874e+10  3.67882350e+09  4.92191876e+12  7.82066815e+09
 2.27135000e+03  6.15909018e+16  5.87090699e+15  3.31620991e+10  4.75753206e+09  4.92191876e+12  7.82066815e+09
 2.27187500e+03  6.01048892e+16  7.11794707e+15  3.23619924e+10  5.76808004e+09  4.92191876e+12  7.82066815e+09
 2.27240000e+03  5.86547299e+16  8.28478126e+15  3.15811899e+10  6.71363259e+09  4.92191876e+12  7.82066815e+09
 2.27292500e+03  5.72395589e+16  9.37515350e+15  3.08192260e+10  7.59722364e+09  4.92191876e+12  7.82066815e+09
 2.27345000e+03  5.58585318e+16  1.03926521e+16  3.00756462e+10  8.42176102e+09  4.92191876e+12  7.82066815e+09
 2.27397500e+03  5.45108250e+16  1.13407159e+16  2.93500067e+10  9.19003140e+09  4.92191876e+12  7.82066815e+09
 2.27450000e+03  5.31956345e+16  1.22226401e+16  2.86418749e+10  9.90470507e+09  4.92191876e+12  7.82066815e+09
 2.27450000e+03  5.31956345e+16  0.00000000e+00  2.86418749e+10  0.00000000e+00  4.92191876e+12  7.82066815e+09
 2.27455000e+03  5.30720454e+16  1.23372951e+14  2.85753314e+10  9.99761661e+07  4.92191876e+12  7.82066815e+09
 2.27460000e+03  5.29487434e+16  2.46028129e+14  2.85089425e+10  1.99370679e+08  4.92191876e+12  7.82066815e+09
 2.27465000e+03  5.28257279e+16  3.67968708e+14  2.84427078e+10  2.98186112e+08  4.92191876e+12  7.82066815e+09
 2.27470000e+03  5.27029982e+16  4.89197849e+14  2.83766270e+10  3.96425025e+08  4.92191876e+12  7.82066815e+09
 2.27475000e+03  5.25805536e+16  6.09718701e+14  2.83106998e+10  4.94089972e+08  4.92191876e+12  7.82066815e+09
 2.27480000e+03  5.24583935e+16  7.29534401e+14  2.82449257e+10  5.91183494e+08  4.92191876e+12  7.82066815e+09
 2.27485000e+03  5.23365172e+16  8.48648073e+14  2.81793044e+10  6.87708122e+08  4.92191876e+12  7.82066815e+09
 2.27490000e+03  5.22149241e+16  9.67062828e+14  2.81138356e+10  7.83666378e+08  4.92191876e+12  7.82066815e+09
 2.27495000e+03  5.20936135e+16  1.08478177e+15  2.80485189e+10  8.79060773e+08  4.92191876e+12  7.82066815e+09
 2.27500000e+03  5.19725847e+16  1.20180797e+15  2.79833539e+10  9.73893809e+08  4.92191876e+12  7.82066815e+09
 2.27500000e+03  5.19725847e+16  1.20180797e+15  2.79833539e+10  9.73893809e+08  4.92191876e+12  7.82066815e+09
 2.27570000e+03  5.38857257e+16  2.82676810e+15  2.90134375e+10  2.29069203e+09  4.92191876e+12  7.82066815e+09
 2.27640000e+03  5.57375707e+16  4.43381859e+15  3.00105177e+10  3.59297705e+09  4.92191876e+12  7.82066815e+09
 2.27710000e+03  5.75300836e+16  6.02189976e+15  3.09756519e+10  4.87989015e+09  4.92191876e+12  7.82066815e+09
 2.27780000e+03  5.92651654e+16  7.59006400e+15  3.19098638e+10  6.15066342e+09  4.92191876e+12  7.82066815e+09
 2.27850000e+03  6.09446560e+16  9.13746844e+15  3.28141441e+10  7.40461383e+09  4.92191876e+12  7.82066815e+09
 2.27920000e+03  6.25703367e+16  1.06633681e+16  3.36894516e+10  8.64113767e+09  4.92191876e+12  7.82066815e+09
 2.27990000e+03  6.41439314e+16  1.21671092e+16  3.45367148e+10  9.85970519e+09  4.92191876e+12  7.82066815e+09
 2.28060000e+03  6.56671090e+16  1.36481233e+16  3.53568322e+10  1.10598557e+10  4.92191876e+12  7.82066815e+09
 2.28130000e+03  6.71414848e+16  1.51059211e+16  3.61506734e+10  1.22411927e+10  4.92191876e+12  7.82066815e+09
 2.28200000e+03  6.85686224e+16  1.65400874e+16  3.69190804e+10  1.34033798e+10  4.92191876e+12  7.82066815e+09
 2.28200000e+03  6.85686224e+16  1.65400874e+16  3.69190804e+10  1.34033798e+10  4.93572645e+12  7.81284748e+09
 2.28202500e+03  6.84889236e+16  1.65907906e+16  3.68761685e+10  1.34444675e+10  4.93572645e+12  7.81284748e+09
 2.28205000e+03  6.84093174e+16  1.66413125e+16  3.68333065e+10  1.34854083e+10  4.93572645e+12  7.81284748e+09
 2.28207500e+03  6.83298037e+16  1.66916536e+16  3.67904943e+10  1.35262026e+10  4.93572645e+12  7.81284748e+09
 2.28210000e+03  6.82503824e+16  1.67418144e+16  3.67477319e+10  1.35668507e+10  4.93572645e+12  7.81284748e+09
 2.28212500e+03  6.81710534e+16  1.67917952e+16  3.67050192e+10  1.36073530e+10  4.93572645e+12  7.81284748e+09
 2.28215000e+03  6.80918167e+16  1.68415964e+16  3.66623561e+10  1.36477098e+10  4.93572645e+12  7.81284748e+09
 2.28217500e+03  6.80126720e+16  1.68912186e+16  3.66197426e+10  1.36879215e+10  4.93572645e+12  7.81284748e+09
 2.28220000e+03  6.79336193e+16  1.69406620e+16  3.65771787e+10  1.37279884e+10  4.93572645e+12  7.81284748e+09
 2.28222500e+03  6.78546586e+16  1.69899272e+16  3.65346642e+10  1.37679108e+10  4.93572645e+12  7.81284748e+09
 2.28225000e+03  6.77757896e+16  1.70390145e+16  3.64921991e+10  1.38076890e+10  4.93572645e+12  7.81284748e+09
 2.28225000e+03  6.77757896e+16  0.00000000e+00  3.64921991e+10  0.00000000e+00  4.94561135e+12  7.80503463e+09
 2.28277500e+03  6.61405533e+16  1.60542713e+15  3.56117466e+10  1.30096952e+09  4.94561135e+12  7.80503463e+09
 2.28330000e+03  6.45447707e+16  3.11417932e+15  3.47525369e+10  2.52359780e+09  4.94561135e+12  7.80503463e+09
 2.28382500e+03  6.29874898e+16  4.53068016e+15  3.39140574e+10  3.67146953e+09  4.94561135e+12  7.80503463e+09
 2.28435000e+03  6.14677816e+16  5.85917105e+15  3.30958081e+10  4.74802176e+09  4.94561135e+12  7.80503463e+09
 2.28487500e+03  5.99847396e+16  7.10371829e+15  3.22973008e+10  5.75654964e+09  4.94561135e+12  7.80503463e+09
 2.28540000e+03  5.85374791e+16  8.26821998e+15  3.15180591e+10  6.70021204e+09  4.94561135e+12  7.80503463e+09
 2.28592500e+03  5.71251370e+16  9.35641256e+15  3.07576184e+10  7.58203679e+09  4.94561135e+12  7.80503463e+09
 2.28645000e+03  5.57468706e+16  1.03718772e+16  3.00155249e+10  8.40492592e+09  4.94561135e+12  7.80503463e+09
 2.28697500e+03  5.44018578e+16  1.13180458e+16  2.92913361e+10  9.17166053e+09  4.94561135e+12  7.80503463e+09
 2.28750000e+03  5.30892964e+16  1.21982070e+16  2.85846198e+10  9.88490556e+09  4.94561135e+12  7.80503463e+09
 2.28750000e+03  5.30892964e+16  0.00000000e+00  2.85846198e+10  0.00000000e+00  4.94561135e+12  7.80503463e+09
 2.28755000e+03  5.29659544e+16  1.23126329e+14  2.85182093e+10  9.97763138e+07  4.94561135e+12  7.80503463e+09
 2.28760000e+03  5.28428989e+16  2.45536319e+14  2.84519531e+10  1.98972137e+08  4.94561135e+12  7.80503463e+09
 2.28765000e+03  5.27201293e+16  3.67233138e+14  2.83858509e+10  2.97590038e+08  4.94561135e+12  7.80503463e+09
 2.28770000e+03  5.25976449e+16  4.88219942e+14  2.83199022e+10  3.95632572e+08  4.94561135e+12  7.80503463e+09
 2.28775000e+03  5.24754451e+16  6.08499873e+14  2.82541067e+10  4.93102286e+08  4.94561135e+12  7.80503463e+09
 2.28780000e+03  5.23535292e+16  7.28076062e+14  2.81884641e+10  5.90001718e+08  4.94561135e+12  7.80503463e+09
 2.28785000e+03  5.22318965e+16  8.46951625e+14  2.81229740e+10  6.86333393e+08  4.94561135e+12  7.80503463e+09
 2.28790000e+03  5.21105465e+16  9.65129670e+14  2.80576361e+10  7.82099829e+08  4.94561135e+12  7.80503463e+09
 2.28795000e+03  5.19894783e+16  1.08261329e+15  2.79924499e+10  8.77303530e+08  4.94561135e+12  7.80503463e+09
 2.28800000e+03  5.18686915e+16  1.19940556e+15  2.79274152e+10  9.71946995e+08  4.94561135e+12  7.80503463e+09
 2.28800000e+03  5.18686915e+16  1.19940556e+15  2.79274152e+10  9.71946995e+08  4.94561135e+12  7.80503463e+09
 2.28870000e+03  5.37780081e+16  2.82111739e+15  2.89554396e+10  2.28611294e+09  4.94561135e+12  7.80503463e+09
 2.28940000e+03  5.56261513e+16  4.42495539e+15  2.99505266e+10  3.58579469e+09  4.94561135e+12  7.80503463e+09
 2.29010000e+03  5.74150810e+16  6.00986198e+15  3.09137316e+10  4.87013525e+09  4.94561135e+12  7.80503463e+09
 2.29080000e+03  5.91466943e+16  7.57489146e+15  3.18460760e+10  6.13836824e+09  4.94561135e+12  7.80503463e+09
 2.29150000e+03  6.08228277e+16  9.11920264e+15  3.27485486e+10  7.38981201e+09  4.94561135e+12  7.80503463e+09
 2.29220000e+03  6.24452586e+16  1.06420520e+16  3.36221064e+10  8.62386403e+09  4.94561135e+12  7.80503463e+09
 2.29290000e+03  6.40157077e+16  1.21427871e+16  3.44676760e+10  9.83999564e+09  4.94561135e+12  7.80503463e+09
 2.29360000e+03  6.55358405e+16  1.36208407e+16  3.52861539e+10  1.10377470e+10  4.94561135e+12  7.80503463e+09
 2.29430000e+03  6.70072690e+16  1.50757243e+16  3.60784082e+10  1.22167226e+10  4.94561135e+12  7.80503463e+09
 2.29500000e+03  6.84315538e+16  1.65070238e+16  3.68452791e+10  1.33765864e+10  4.94561135e+12  7.80503463e+09
 2.29500000e+03  6.84315538e+16  1.65070238e+16  3.68452791e+10  1.33765864e+10  4.95939144e+12  7.79722960e+09
 2.29502500e+03  6.83520142e+16  1.65576256e+16  3.68024530e+10  1.34175920e+10  4.95939144e+12  7.79722960e+09
 2.29505000e+03  6.82725671e+16  1.66080465e+16  3.67596767e+10  1.34584510e+10  4.95939144e+12  7.79722960e+09
 2.29507500e+03  6.81932124e+16  1.66582870e+16  3.67169501e+10  1.34991637e+10  4.95939144e+12  7.79722960e+09
 2.29510000e+03  6.81139499e+16  1.67083475e+16  3.66742732e+10  1.35397306e+10  4.95939144e+12  7.79722960e+09
 2.29512500e+03  6.80347795e+16  1.67582284e+16  3.66316458e+10  1.35801519e+10  4.95939144e+12  7.79722960e+09
 2.29515000e+03  6.79557011e+16  1.68079301e+16  3.65890680e+10  1.36204281e+10  4.95939144e+12  7.79722960e+09
 2.29517500e+03  6.78767147e+16  1.68574530e+16  3.65465397e+10  1.36605593e+10  4.95939144e+12  7.79722960e+09
 2.29520000e+03  6.77978200e+16  1.69067977e+16  3.65040609e+10  1.37005461e+10  4.95939144e+12  7.79722960e+09
 2.29522500e+03  6.77190171e+16  1.69559644e+16  3.64616314e+10  1.37403887e+10  4.95939144e+12  7.79722960e+09
 2.29525000e+03  6.76403058e+16  1.70049536e+16  3.64192512e+10  1.37800875e+10  4.95939144e+12  7.79722960e+09
 2.29525000e+03  6.76403058e+16  0.00000000e+00  3.64192512e+10  0.00000000e+00  4.96925658e+12  7.78943237e+09
 2.29577500e+03  6.60083384e+16  1.60221788e+15  3.55405587e+10  1.29836888e+09  4.96925658e+12  7.78943237e+09
 2.29630000e+03  6.44157457e+16  3.10795408e+15  3.46830665e+10  2.51855313e+09  4.96925658e+12  7.78943237e+09
 2.29682500e+03  6.28615778e+16  4.52162333e+15  3.38462632e+10  3.66413027e+09  4.96925658e+12  7.78943237e+09
 2.29735000e+03  6.13449075e+16  5.84745856e+15  3.30296496e+10  4.73853046e+09  4.96925658e+12  7.78943237e+09
 2.29787500e+03  5.98648301e+16  7.08951796e+15  3.22327385e+10  5.74504230e+09  4.96925658e+12  7.78943237e+09
 2.29840000e+03  5.84204627e+16  8.25169181e+15  3.14550545e+10  6.68681831e+09  4.96925658e+12  7.78943237e+09
 2.29892500e+03  5.70109438e+16  9.33770910e+15  3.06961339e+10  7.56688030e+09  4.96925658e+12  7.78943237e+09
 2.29945000e+03  5.56354326e+16  1.03511438e+16  2.99555239e+10  8.38812447e+09  4.96925658e+12  7.78943237e+09
 2.29997500e+03  5.42931085e+16  1.12954210e+16  2.92327827e+10  9.15332638e+09  4.96925658e+12  7.78943237e+09
 2.30050000e+03  5.29831709e+16  1.21738228e+16  2.85274791e+10  9.86514564e+09  4.96925658e+12  7.78943237e+09
 2.30050000e+03  5.29831709e+16  0.00000000e+00  2.85274791e+10  0.00000000e+00  4.96925658e+12  7.78943237e+09
 2.30055000e+03  5.28600754e+16  1.22880199e+14  2.84612014e+10  9.95768609e+07  4.96925658e+12  7.78943237e+09
 2.30060000e+03  5.27372659e+16  2.45045492e+14  2.83950777e+10  1.98574392e+08  4.96925658e+12  7.78943237e+09
 2.30065000e+03  5.26147417e+16  3.66499039e+14  2.83291075e+10  2.96995155e+08  4.96925658e+12  7.78943237e+09
 2.30070000e+03  5.24925022e+16  4.87243991e+14  2.82632907e+10  3.94841702e+08  4.96925658e+12  7.78943237e+09
 2.30075000e+03  5.23705467e+16  6.07283482e+14  2.81976267e+10  4.92116575e+08  4.96925658e+12  7.78943237e+09
 2.30080000e+03  5.22488745e+16  7.26620638e+14  2.81321154e+10  5.88822304e+08  4.96925658e+12  7.78943237e+09
 2.30085000e+03  5.21274850e+16  8.45258569e+14  2.80667562e+10  6.84961413e+08  4.96925658e+12  7.78943237e+09
 2.30090000e+03  5.20063775e+16  9.63200375e+14  2.80015488e+10  7.80536411e+08  4.96925658e+12  7.78943237e+09
 2.30095000e+03  5.18855514e+16  1.08044914e+15  2.79364930e+10  8.75549801e+08  4.96925658e+12  7.78943237e+09
 2.30100000e+03  5.17650060e+16  1.19700795e+15  2.78715883e+10  9.70004073e+08  4.96925658e+12  7.78943237e+09
 2.30100000e+03  5.17650060e+16  1.19700795e+15  2.78715883e+10  9.70004073e+08  4.96925658e+12  7.78943237e+09
 2.30170000e+03  5.36705059e+16  2.81547797e+15  2.88975577e+10  2.28154300e+09  4.96925658e+12  7.78943237e+09
 2.30240000e+03  5.55149547e+16  4.41610990e+15  2.98906555e+10  3.57862669e+09  4.96925658e+12  7.78943237e+09
 2.30310000e+03  5.73003082e+16  5.99784827e+15  3.08519350e+10  4.86039985e+09  4.96925658e+12  7.78943237e+09
 2.30380000e+03  5.90284601e+16  7.55974925e+15  3.17824157e+10  6.12609764e+09  4.96925658e+12  7.78943237e+09
 2.30450000e+03  6.07012428e+16  9.10097336e+15  3.26830842e+10  7.37503977e+09  4.96925658e+12  7.78943237e+09
 2.30520000e+03  6.23204305e+16  1.06207785e+16  3.35548958e+10  8.60662493e+09  4.96925658e+12  7.78943237e+09
 2.30590000e+03  6.38877403e+16  1.21185137e+16  3.43987751e+10  9.82032549e+09  4.96925658e+12  7.78943237e+09
 2.30660000e+03  6.54048343e+16  1.35936126e+16  3.52156169e+10  1.10156826e+10  4.96925658e+12  7.78943237e+09
 2.30730000e+03  6.68733215e+16  1.50455880e+16  3.60062875e+10  1.21923013e+10  4.96925658e+12  7.78943237e+09
 2.30800000e+03  6.82947591e+16  1.64740262e+16  3.67716254e+10  1.33498466e+10  4.96925658e+12  7.78943237e+09
 2.30800000e+03  6.82947591e+16  1.64740262e+16  3.67716254e+10  1.33498466e+10  4.98300913e+12  7.78164293e+09
 2.30802500e+03  6.82153785e+16  1.65245269e+16  3.67288849e+10  1.33907702e+10  4.98300913e+12  7.78164293e+09
 2.30805000e+03  6.81360903e+16  1.65748470e+16  3.66861941e+10  1.34315475e+10  4.98300913e+12  7.78164293e+09
 2.30807500e+03  6.80568941e+16  1.66249871e+16  3.66435529e+10  1.34721789e+10  4.98300913e+12  7.78164293e+09
 2.30810000e+03  6.79777901e+16  1.66749475e+16  3.66009613e+10  1.35126647e+10  4.98300913e+12  7.78164293e+09
 2.30812500e+03  6.78987780e+16  1.67247287e+16  3.65584192e+10  1.35530052e+10  4.98300913e+12  7.78164293e+09
 2.30815000e+03  6.78198577e+16  1.67743310e+16  3.65159265e+10  1.35932008e+10  4.98300913e+12  7.78164293e+09
 2.30817500e+03  6.77410291e+16  1.68237550e+16  3.64734832e+10  1.36332519e+10  4.98300913e+12  7.78164293e+09
 2.30820000e+03  6.76622922e+16  1.68730010e+16  3.64310893e+10  1.36731587e+10  4.98300913e+12  7.78164293e+09
 2.30822500e+03  6.75836468e+16  1.69220694e+16  3.63887446e+10  1.37129217e+10  4.98300913e+12  7.78164293e+09
 2.30825000e+03  6.75050928e+16  1.69709607e+16  3.63464491e+10  1.37525411e+10  4.98300913e+12  7.78164293e+09
 2.30825000e+03  6.75050928e+16  0.00000000e+00  3.63464491e+10  0.00000000e+00  4.99285455e+12  7.77386129e+09
 2.30877500e+03  6.58763877e+16  1.59901505e+15  3.54695131e+10  1.29577344e+09  4.99285455e+12  7.77386129e+09
 2.30930000e+03  6.42869786e+16  3.10174128e+15  3.46137351e+10  2.51351854e+09  4.99285455e+12  7.77386129e+09
 2.30982500e+03  6.27359175e+16  4.51258461e+15  3.37786045e+10  3.65680567e+09  4.99285455e+12  7.77386129e+09
 2.31035000e+03  6.12222790e+16  5.83576949e+15  3.29636233e+10  4.72905814e+09  4.99285455e+12  7.77386129e+09
 2.31087500e+03  5.97451603e+16  7.07534601e+15  3.21683052e+10  5.73355796e+09  4.99285455e+12  7.77386129e+09
 2.31140000e+03  5.83036802e+16  8.23519668e+15  3.13921759e+10  6.67345136e+09  4.99285455e+12  7.77386129e+09
 2.31192500e+03  5.68969790e+16  9.31904302e+15  3.06347724e+10  7.55175411e+09  4.99285455e+12  7.77386129e+09
 2.31245000e+03  5.55242174e+16  1.03304519e+16  2.98956428e+10  8.37135661e+09  4.99285455e+12  7.77386129e+09
 2.31297500e+03  5.41845766e+16  1.12728415e+16  2.91743463e+10  9.13502888e+09  4.99285455e+12  7.77386129e+09
 2.31350000e+03  5.28772575e+16  1.21494874e+16  2.84704527e+10  9.84542521e+09  4.99285455e+12  7.77386129e+09
 2.31350000e+03  5.28772575e+16  0.00000000e+00  2.84704527e+10  0.00000000e+00  4.99285455e+12  7.77386129e+09
 2.31355000e+03  5.27544081e+16  1.22634562e+14  2.84043075e+10  9.93778068e+07  4.99285455e+12  7.77386129e+09
 2.31360000e+03  5.26318441e+16  2.44555646e+14  2.83383159e+10  1.98177442e+08  4.99285455e+12  7.77386129e+09
 2.31365000e+03  5.25095649e+16  3.65766408e+14  2.82724777e+10  2.96401462e+08  4.99285455e+12  7.77386129e+09
 2.31370000e+03  5.23875697e+16  4.86269990e+14  2.82067924e+10  3.94052414e+08  4.99285455e+12  7.77386129e+09
 2.31375000e+03  5.22658579e+16  6.06069522e+14  2.81412597e+10  4.91132834e+08  4.99285455e+12  7.77386129e+09
 2.31380000e+03  5.21444290e+16  7.25168123e+14  2.80758793e+10  5.87645249e+08  4.99285455e+12  7.77386129e+09
 2.31385000e+03  5.20232821e+16  8.43568897e+14  2.80106507e+10  6.83592175e+08  4.99285455e+12  7.77386129e+09
 2.31390000e+03  5.19024167e+16  9.61274938e+14  2.79455738e+10  7.78976119e+08  4.99285455e+12  7.77386129e+09
 2.31395000e+03  5.17818322e+16  1.07828933e+15  2.78806480e+10  8.73799577e+08  4.99285455e+12  7.77386129e+09
 2.31400000e+03  5.16615277e+16  1.19461513e+15  2.78158730e+10  9.68065035e+08  4.99285455e+12  7.77386129e+09
 2.31400000e+03  5.16615277e+16  1.19461513e+15  2.78158730e+10  9.68065035e+08  4.99285455e+12  7.77386129e+09
 2.31470000e+03  5.35632186e+16  2.80984983e+15  2.88397915e+10  2.27698219e+09  4.99285455e+12  7.77386129e+09
 2.31540000e+03  5.54039803e+16  4.40728210e+15  2.98309041e+10  3.57147302e+09  4.99285455e+12  7.77386129e+09
 2.31610000e+03  5.71857649e+16  5.98585857e+15  3.07902620e+10  4.85068391e+09  4.99285455e+12  7.77386129e+09
 2.31680000e+03  5.89104622e+16  7.54463731e+15  3.17188826e+10  6.11385157e+09  4.99285455e+12  7.77386129e+09
 2.31750000e+03  6.05799010e+16  9.08278051e+15  3.26177507e+10  7.36029707e+09  4.99285455e+12  7.77386129e+09
 2.31820000e+03  6.21958520e+16  1.05995476e+16  3.34878196e+10  8.58942029e+09  4.99285455e+12  7.77386129e+09
 2.31890000e+03  6.37600287e+16  1.20942888e+16  3.43300119e+10  9.80069466e+09  4.99285455e+12  7.77386129e+09
 2.31960000e+03  6.52740901e+16  1.35664390e+16  3.51452208e+10  1.09936622e+10  4.99285455e+12  7.77386129e+09
 2.32030000e+03  6.67396417e+16  1.50155118e+16  3.59343109e+10  1.21679289e+10  4.99285455e+12  7.77386129e+09
 2.32100000e+03  6.81582379e+16  1.64410946e+16  3.66981189e+10  1.33231603e+10  4.99285455e+12  7.77386129e+09
 2.32100000e+03  6.81582379e+16  1.64410946e+16  3.66981189e+10  1.33231603e+10  5.00657960e+12  7.76608743e+09
 2.32102500e+03  6.80790160e+16  1.64914943e+16  3.66554639e+10  1.33640021e+10  5.00657960e+12  7.76608743e+09
 2.32105000e+03  6.79998862e+16  1.65417139e+16  3.66128584e+10  1.34046978e+10  5.00657960e+12  7.76608743e+09
 2.32107500e+03  6.79208484e+16  1.65917537e+16  3.65703025e+10  1.34452480e+10  5.00657960e+12  7.76608743e+09
 2.32110000e+03  6.78419025e+16  1.66416143e+16  3.65277960e+10  1.34856528e+10  5.00657960e+12  7.76608743e+09
 2.32112500e+03  6.77630483e+16  1.66912959e+16  3.64853389e+10  1.35259127e+10  5.00657960e+12  7.76608743e+09
 2.32115000e+03  6.76842858e+16  1.67407991e+16  3.64429312e+10  1.35660280e+10  5.00657960e+12  7.76608743e+09
 2.32117500e+03  6.76056148e+16  1.67901243e+16  3.64005727e+10  1.36059990e+10  5.00657960e+12  7.76608743e+09
 2.32120000e+03  6.75270353e+16  1.68392718e+16  3.63582635e+10  1.36458261e+10  5.00657960e+12  7.76608743e+09
 2.32122500e+03  6.74485471e+16  1.68882422e+16  3.63160035e+10  1.36855095e+10  5.00657960e+12  7.76608743e+09
 2.32125000e+03  6.73701501e+16  1.69370357e+16  3.62737926e+10  1.37250497e+10  5.00657960e+12  7.76608743e+09
 2.32125000e+03  6.73701501e+16  0.00000000e+00  3.62737926e+10  0.00000000e+00  5.01640535e+12  7.75832134e+09
 2.32177500e+03  6.57447008e+16  1.59581862e+15  3.53986096e+10  1.29318319e+09  5.01640535e+12  7.75832134e+09
 2.32230000e+03  6.41584690e+16  3.09554090e+15  3.45445422e+10  2.50849402e+09  5.01640535e+12  7.75832134e+09
 2.32282500e+03  6.26105084e+16  4.50356395e+15  3.37110811e+10  3.64949572e+09  5.01640535e+12  7.75832134e+09
 2.32335000e+03  6.10998957e+16  5.82410379e+15  3.28977290e+10  4.71960475e+09  5.01640535e+12  7.75832134e+09
 2.32387500e+03  5.96257297e+16  7.06120239e+15  3.21040008e+10  5.72209658e+09  5.01640535e+12  7.75832134e+09
 2.32440000e+03  5.81871312e+16  8.21873452e+15  3.13294229e+10  6.66011113e+09  5.01640535e+12  7.75832134e+09
 2.32492500e+03  5.67832419e+16  9.30041425e+15  3.05735334e+10  7.53665815e+09  5.01640535e+12  7.75832134e+09
 2.32545000e+03  5.54132245e+16  1.03098013e+16  2.98358814e+10  8.35462227e+09  5.01640535e+12  7.75832134e+09
 2.32597500e+03  5.40762616e+16  1.12503071e+16  2.91160268e+10  9.11676795e+09  5.01640535e+12  7.75832134e+09
 2.32650000e+03  5.27715559e+16  1.21252005e+16  2.84135403e+10  9.82574420e+09  5.01640535e+12  7.75832134e+09
 2.32650000e+03  5.27715559e+16  0.00000000e+00  2.84135403e+10  0.00000000e+00  5.01640535e+12  7.75832134e+09
 2.32655000e+03  5.26489521e+16  1.22389415e+14  2.83475272e+10  9.91791505e+07  5.01640535e+12  7.75832134e+09
 2.32660000e+03  5.25266331e+16  2.44066779e+14  2.82816676e+10  1.97781285e+08  5.01640535e+12  7.75832134e+09
 2.32665000e+03  5.24045982e+16  3.65035241e+14  2.82159610e+10  2.95808955e+08  5.01640535e+12  7.75832134e+09
 2.32670000e+03  5.22828469e+16  4.85297936e+14  2.81504070e+10  3.93264703e+08  5.01640535e+12  7.75832134e+09
 2.32675000e+03  5.21613785e+16  6.04857989e+14  2.80850053e+10  4.90151059e+08  5.01640535e+12  7.75832134e+09
 2.32680000e+03  5.20401923e+16  7.23718512e+14  2.80197556e+10  5.86470546e+08  5.01640535e+12  7.75832134e+09
 2.32685000e+03  5.19192876e+16  8.41882603e+14  2.79546574e+10  6.82225674e+08  5.01640535e+12  7.75832134e+09
 2.32690000e+03  5.17986638e+16  9.59353349e+14  2.78897106e+10  7.77418946e+08  5.01640535e+12  7.75832134e+09
 2.32695000e+03  5.16783203e+16  1.07613383e+15  2.78249145e+10  8.72052851e+08  5.01640535e+12  7.75832134e+09
 2.32700000e+03  5.15582563e+16  1.19222709e+15  2.77602691e+10  9.66129873e+08  5.01640535e+12  7.75832134e+09
 2.32700000e+03  5.15582563e+16  1.19222709e+15  2.77602691e+10  9.66129873e+08  5.01640535e+12  7.75832134e+09
 2.32770000e+03  5.34561457e+16  2.80423294e+15  2.87821407e+10  2.27243051e+09  5.01640535e+12  7.75832134e+09
 2.32840000e+03  5.52932277e+16  4.39847194e+15  2.97712721e+10  3.56433364e+09  5.01640535e+12  7.75832134e+09
 2.32910000e+03  5.70714506e+16  5.97389284e+15  3.07287123e+10  4.84098739e+09  5.01640535e+12  7.75832134e+09
 2.32980000e+03  5.87927002e+16  7.52955558e+15  3.16554766e+10  6.10162998e+09  5.01640535e+12  7.75832134e+09
 2.33050000e+03  6.04588018e+16  9.06462403e+15  3.25525479e+10  7.34558384e+09  5.01640535e+12  7.75832134e+09
 2.33120000e+03  6.20715225e+16  1.05783591e+16  3.34208775e+10  8.57225003e+09  5.01640535e+12  7.75832134e+09
 2.33190000e+03  6.36325724e+16  1.20701123e+16  3.42613862e+10  9.78110307e+09  5.01640535e+12  7.75832134e+09
 2.33260000e+03  6.51436072e+16  1.35393196e+16  3.50749655e+10  1.09716859e+10  5.01640535e+12  7.75832134e+09
 2.33330000e+03  6.66062292e+16  1.49854958e+16  3.58624782e+10  1.21436052e+10  5.01640535e+12  7.75832134e+09
 2.33400000e+03  6.80219895e+16  1.64082289e+16  3.66247594e+10  1.32965273e+10  5.01640535e+12  7.75832134e+09
 2.33400000e+03  6.80219895e+16  1.64082289e+16  3.66247594e+10  1.32965273e+10  5.03010296e+12  7.75056302e+09
 2.33402500e+03  6.79429260e+16  1.64585278e+16  3.65821896e+10  1.33372874e+10  5.03010296e+12  7.75056302e+09
 2.33405000e+03  6.78639545e+16  1.65086470e+16  3.65396693e+10  1.33779019e+10  5.03010296e+12  7.75056302e+09
 2.33407500e+03  6.77850746e+16  1.65585868e+16  3.64971984e+10  1.34183709e+10  5.03010296e+12  7.75056302e+09
 2.33410000e+03  6.77062865e+16  1.66083477e+16  3.64547769e+10  1.34586950e+10  5.03010296e+12  7.75056302e+09
 2.33412500e+03  6.76275900e+16  1.66579300e+16  3.64124047e+10  1.34988744e+10  5.03010296e+12  7.75056302e+09
 2.33415000e+03  6.75489849e+16  1.67073343e+16  3.63700817e+10  1.35389095e+10  5.03010296e+12  7.75056302e+09
 2.33417500e+03  6.74704712e+16  1.67565608e+16  3.63278080e+10  1.35788006e+10  5.03010296e+12  7.75056302e+09
 2.33420000e+03  6.73920487e+16  1.68056101e+16  3.62855833e+10  1.36185481e+10  5.03010296e+12  7.75056302e+09
 2.33422500e+03  6.73137174e+16  1.68544826e+16  3.62434078e+10  1.36581522e+10  5.03010296e+12  7.75056302e+09
 2.33425000e+03  6.72354772e+16  1.69031786e+16  3.62012813e+10  1.36976134e+10  5.03010296e+12  7.75056302e+09
 2.33425000e+03  6.72354772e+16  0.00000000e+00  3.62012813e+10  0.00000000e+00  5.03990906e+12  7.74281246e+09
 2.33477500e+03  6.56132772e+16  1.59262858e+15  3.53278477e+10  1.29059812e+09  5.03990906e+12  7.74281246e+09
 2.33530000e+03  6.40302162e+16  3.08935291e+15  3.44754877e+10  2.50347954e+09  5.03990906e+12  7.74281246e+09
 2.33582500e+03  6.24853500e+16  4.49456133e+15  3.36436926e+10  3.64220037e+09  5.03990906e+12  7.74281246e+09
 2.33635000e+03  6.09777570e+16  5.81246141e+15  3.28319664e+10  4.71017026e+09  5.03990906e+12  7.74281246e+09
 2.33687500e+03  5.95065379e+16  7.04708705e+15  3.20398249e+10  5.71065811e+09  5.03990906e+12  7.74281246e+09
 2.33740000e+03  5.80708151e+16  8.20230527e+15  3.12667954e+10  6.64679757e+09  5.03990906e+12  7.74281246e+09
 2.33792500e+03  5.66697322e+16  9.28182272e+15  3.05124170e+10  7.52159237e+09  5.03990906e+12  7.74281246e+09
 2.33845000e+03  5.53024534e+16  1.02891920e+16  2.97762395e+10  8.33792138e+09  5.03990906e+12  7.74281246e+09
 2.33897500e+03  5.39681632e+16  1.12278177e+16  2.90578239e+10  9.09854354e+09  5.03990906e+12  7.74281246e+09
 2.33950000e+03  5.26660656e+16  1.21009623e+16  2.83567416e+10  9.80610254e+09  5.03990906e+12  7.74281246e+09
 2.33950000e+03  5.26660656e+16  0.00000000e+00  2.83567416e+10  0.00000000e+00  5.03990906e+12  7.74281246e+09
 2.33955000e+03  5.25437068e+16  1.22144759e+14  2.82908605e+10  9.89808914e+07  5.03990906e+12  7.74281246e+09
 2.33960000e+03  5.24216323e+16  2.43578890e+14  2.82251325e+10  1.97385920e+08  5.03990906e+12  7.74281246e+09
 2.33965000e+03  5.22998414e+16  3.64305535e+14  2.81595573e+10  2.95217633e+08  5.03990906e+12  7.74281246e+09
 2.33970000e+03  5.21783335e+16  4.84327826e+14  2.80941343e+10  3.92478567e+08  5.03990906e+12  7.74281246e+09
 2.33975000e+03  5.20571079e+16  6.03648878e+14  2.80288634e+10  4.89171247e+08  5.03990906e+12  7.74281246e+09
 2.33980000e+03  5.19361639e+16  7.22271799e+14  2.79637441e+10  5.85298191e+08  5.03990906e+12  7.74281246e+09
 2.33985000e+03  5.18155009e+16  8.40199680e+14  2.78987761e+10  6.80861905e+08  5.03990906e+12  7.74281246e+09
 2.33990000e+03  5.16951183e+16  9.57435602e+14  2.78339590e+10  7.75864885e+08  5.03990906e+12  7.74281246e+09
 2.33995000e+03  5.15750153e+16  1.07398263e+15  2.77692925e+10  8.70309618e+08  5.03990906e+12  7.74281246e+09
 2.34000000e+03  5.14551914e+16  1.18984383e+15  2.77047763e+10  9.64198579e+08  5.03990906e+12  7.74281246e+09
 2.34000000e+03  5.14551914e+16  1.18984383e+15  2.77047763e+10  9.64198579e+08  5.03990906e+12  7.74281246e+09
 2.34070000e+03  5.33492869e+16  2.79862728e+15  2.87246052e+10  2.26788792e+09  5.03990906e+12  7.74281246e+09
 2.34140000e+03  5.51826965e+16  4.38967939e+15  2.97117594e+10  3.55720854e+09  5.03990906e+12  7.74281246e+09
 2.34210000e+03  5.69573648e+16  5.96195103e+15  3.06672856e+10  4.83131026e+09  5.03990906e+12  7.74281246e+09
 2.34280000e+03  5.86751736e+16  7.51450400e+15  3.15921973e+10  6.08943282e+09  5.03990906e+12  7.74281246e+09
 2.34350000e+03  6.03379447e+16  9.04650385e+15  3.24874753e+10  7.33090001e+09  5.03990906e+12  7.74281246e+09
 2.34420000e+03  6.19474415e+16  1.05572130e+16  3.33540691e+10  8.55511411e+09  5.03990906e+12  7.74281246e+09
 2.34490000e+03  6.35053709e+16  1.20459842e+16  3.41928977e+10  9.76155064e+09  5.03990906e+12  7.74281246e+09
 2.34560000e+03  6.50133851e+16  1.35122545e+16  3.50048507e+10  1.09497535e+10  5.03990906e+12  7.74281246e+09
 2.34630000e+03  6.64730833e+16  1.49555398e+16  3.57907891e+10  1.21193302e+10  5.03990906e+12  7.74281246e+09
 2.34700000e+03  6.78860136e+16  1.63754288e+16  3.65515465e+10  1.32699475e+10  5.03990906e+12  7.74281246e+09
 2.34700000e+03  6.78860136e+16  1.63754288e+16  3.65515465e+10  1.32699475e+10  5.05357929e+12  7.73506965e+09
 2.34702500e+03  6.78071081e+16  1.64256272e+16  3.65090618e+10  1.33106262e+10  5.05357929e+12  7.73506965e+09
 2.34705000e+03  6.77282944e+16  1.64756462e+16  3.64666265e+10  1.33511594e+10  5.05357929e+12  7.73506965e+09
 2.34707500e+03  6.76495723e+16  1.65254862e+16  3.64242405e+10  1.33915476e+10  5.05357929e+12  7.73506965e+09
 2.34710000e+03  6.75709417e+16  1.65751476e+16  3.63819038e+10  1.34317911e+10  5.05357929e+12  7.73506965e+09
 2.34712500e+03  6.74924024e+16  1.66246308e+16  3.63396163e+10  1.34718902e+10  5.05357929e+12  7.73506965e+09
 2.34715000e+03  6.74139545e+16  1.66739363e+16  3.62973779e+10  1.35118452e+10  5.05357929e+12  7.73506965e+09
 2.34717500e+03  6.73355977e+16  1.67230645e+16  3.62551887e+10  1.35516566e+10  5.05357929e+12  7.73506965e+09
 2.34720000e+03  6.72573320e+16  1.67720157e+16  3.62130485e+10  1.35913246e+10  5.05357929e+12  7.73506965e+09
 2.34722500e+03  6.71791573e+16  1.68207905e+16  3.61709572e+10  1.36308496e+10  5.05357929e+12  7.73506965e+09
 2.34725000e+03  6.71010735e+16  1.68693891e+16  3.61289149e+10  1.36702318e+10  5.05357929e+12  7.73506965e+09
 2.34725000e+03  6.71010735e+16  0.00000000e+00  3.61289149e+10  0.00000000e+00  5.06336579e+12  7.72733458e+09
 2.34777500e+03  6.54821162e+16  1.58944491e+15  3.52572274e+10  1.28801821e+09  5.06336579e+12  7.72733458e+09
 2.34830000e+03  6.39022198e+16  3.08317729e+15  3.44065712e+10  2.49847508e+09  5.06336579e+12  7.72733458e+09
 2.34882500e+03  6.23604418e+16  4.48557670e+15  3.35764389e+10  3.63491961e+09  5.06336579e+12  7.72733458e+09
 2.34935000e+03  6.08558624e+16  5.80084230e+15  3.27663353e+10  4.70075463e+09  5.06336579e+12  7.72733458e+09
 2.34987500e+03  5.93875843e+16  7.03299992e+15  3.19757773e+10  5.69924250e+09  5.06336579e+12  7.72733458e+09
 2.35040000e+03  5.79547315e+16  8.18590886e+15  3.12042931e+10  6.63351062e+09  5.06336579e+12  7.72733458e+09
 2.35092500e+03  5.65564494e+16  9.26326836e+15  3.04514226e+10  7.50655671e+09  5.06336579e+12  7.72733458e+09
 2.35145000e+03  5.51919038e+16  1.02686239e+16  2.97167168e+10  8.32125388e+09  5.06336579e+12  7.72733458e+09
 2.35197500e+03  5.38602808e+16  1.12053733e+16  2.89997373e+10  9.08035555e+09  5.06336579e+12  7.72733458e+09
 2.35250000e+03  5.25607861e+16  1.20767724e+16  2.83000565e+10  9.78650014e+09  5.06336579e+12  7.72733458e+09
 2.35250000e+03  5.25607861e+16  0.00000000e+00  2.83000565e+10  0.00000000e+00  5.06336579e+12  7.72733458e+09
 2.35255000e+03  5.24386719e+16  1.21900592e+14  2.82343071e+10  9.87830286e+07  5.06336579e+12  7.72733458e+09
 2.35260000e+03  5.23168415e+16  2.43091976e+14  2.81687105e+10  1.96991346e+08  5.06336579e+12  7.72733458e+09
 2.35265000e+03  5.21952941e+16  3.63577289e+14  2.81032663e+10  2.94627493e+08  5.06336579e+12  7.72733458e+09
 2.35270000e+03  5.20740290e+16  4.83359654e+14  2.80379742e+10  3.91694002e+08  5.06336579e+12  7.72733458e+09
 2.35275000e+03  5.19530457e+16  6.02442184e+14  2.79728337e+10  4.88193394e+08  5.06336579e+12  7.72733458e+09
 2.35280000e+03  5.18323435e+16  7.20827977e+14  2.79078446e+10  5.84128180e+08  5.06336579e+12  7.72733458e+09
 2.35285000e+03  5.17119217e+16  8.38520121e+14  2.78430064e+10  6.79500862e+08  5.06336579e+12  7.72733458e+09
 2.35290000e+03  5.15917797e+16  9.55521688e+14  2.77783189e+10  7.74313931e+08  5.06336579e+12  7.72733458e+09
 2.35295000e+03  5.14719169e+16  1.07183574e+15  2.77137817e+10  8.68569869e+08  5.06336579e+12  7.72733458e+09
 2.35300000e+03  5.13523324e+16  1.18746533e+15  2.76493945e+10  9.62271146e+08  5.06336579e+12  7.72733458e+09
 2.35300000e+03  5.13523324e+16  1.18746533e+15  2.76493945e+10  9.62271146e+08  5.06336579e+12  7.72733458e+09
 2.35370000e+03  5.32426416e+16  2.79303283e+15  2.86671847e+10  2.26335441e+09  5.06336579e+12  7.72733458e+09
 2.35440000e+03  5.50723863e+16  4.38090442e+15  2.96523655e+10  3.55009768e+09  5.06336579e+12  7.72733458e+09
 2.35510000e+03  5.68435070e+16  5.95003309e+15  3.06059817e+10  4.82165247e+09  5.06336579e+12  7.72733458e+09
 2.35580000e+03  5.85578819e+16  7.49948251e+15  3.15290445e+10  6.07726005e+09  5.06336579e+12  7.72733458e+09
 2.35650000e+03  6.02173291e+16  9.02841989e+15  3.24225329e+10  7.31624554e+09  5.06336579e+12  7.72733458e+09
 2.35720000e+03  6.18236086e+16  1.05361091e+16  3.32873943e+10  8.53801243e+09  5.06336579e+12  7.72733458e+09
 2.35790000e+03  6.33784237e+16  1.20219042e+16  3.41245461e+10  9.74203730e+09  5.06336579e+12  7.72733458e+09
 2.35860000e+03  6.48834233e+16  1.34852436e+16  3.49348760e+10  1.09278649e+10  5.06336579e+12  7.72733458e+09
 2.35930000e+03  6.63402036e+16  1.49256437e+16  3.57192433e+10  1.20951036e+10  5.06336579e+12  7.72733458e+09
 2.36000000e+03  6.77503094e+16  1.63426944e+16  3.64784800e+10  1.32434209e+10  5.06336579e+12  7.72733458e+09
 2.36000000e+03  6.77503094e+16  1.63426944e+16  3.64784800e+10  1.32434209e+10  5.07700870e+12  7.71960724e+09
 2.36002500e+03  6.76715617e+16  1.63927924e+16  3.64360802e+10  1.32840182e+10  5.07700870e+12  7.71960724e+09
 2.36005000e+03  6.75929055e+16  1.64427114e+16  3.63937297e+10  1.33244705e+10  5.07700870e+12  7.71960724e+09
 2.36007500e+03  6.75143408e+16  1.64924518e+16  3.63514285e+10  1.33647779e+10  5.07700870e+12  7.71960724e+09
 2.36010000e+03  6.74358673e+16  1.65420139e+16  3.63091764e+10  1.34049409e+10  5.07700870e+12  7.71960724e+09
 2.36012500e+03  6.73574851e+16  1.65913982e+16  3.62669734e+10  1.34449599e+10  5.07700870e+12  7.71960724e+09
 2.36015000e+03  6.72791940e+16  1.66406051e+16  3.62248195e+10  1.34848351e+10  5.07700870e+12  7.71960724e+09
 2.36017500e+03  6.72009939e+16  1.66896351e+16  3.61827146e+10  1.35245668e+10  5.07700870e+12  7.71960724e+09
 2.36020000e+03  6.71228846e+16  1.67384885e+16  3.61406586e+10  1.35641555e+10  5.07700870e+12  7.71960724e+09
 2.36022500e+03  6.70448662e+16  1.67871657e+16  3.60986515e+10  1.36036015e+10  5.07700870e+12  7.71960724e+09
 2.36025000e+03  6.69669384e+16  1.68356672e+16  3.60566932e+10  1.36429050e+10  5.07700870e+12  7.71960724e+09
 2.36025000e+03  6.69669384e+16  0.00000000e+00  3.60566932e+10  0.00000000e+00  5.08677564e+12  7.71188763e+09
 2.36077500e+03  6.53512175e+16  1.58626761e+15  3.51867482e+10  1.28544347e+09  5.08677564e+12  7.71188763e+09
 2.36130000e+03  6.37744793e+16  3.07701402e+15  3.43377925e+10  2.49348063e+09  5.08677564e+12  7.71188763e+09
 2.36182500e+03  6.22357832e+16  4.47661003e+15  3.35093196e+10  3.62765341e+09  5.08677564e+12  7.71188763e+09
 2.36235000e+03  6.07342116e+16  5.78924641e+15  3.27008354e+10  4.69135782e+09  5.08677564e+12  7.71188763e+09
 2.36287500e+03  5.92688685e+16  7.01894096e+15  3.19118577e+10  5.68784972e+09  5.08677564e+12  7.71188763e+09
 2.36340000e+03  5.78388800e+16  8.16954523e+15  3.11419157e+10  6.62025023e+09  5.08677564e+12  7.71188763e+09
 2.36392500e+03  5.64433931e+16  9.24475108e+15  3.03905502e+10  7.49155110e+09  5.08677564e+12  7.71188763e+09
 2.36445000e+03  5.50815752e+16  1.02480969e+16  2.96573131e+10  8.30461969e+09  5.08677564e+12  7.71188763e+09
 2.36497500e+03  5.37526141e+16  1.11829738e+16  2.89417668e+10  9.06220392e+09  5.08677564e+12  7.71188763e+09
 2.36550000e+03  5.24557171e+16  1.20526310e+16  2.82434847e+10  9.76693693e+09  5.08677564e+12  7.71188763e+09
 2.36550000e+03  5.24557171e+16  0.00000000e+00  2.82434847e+10  0.00000000e+00  5.08677564e+12  7.71188763e+09
 2.36555000e+03  5.23338470e+16  1.21656912e+14  2.81778667e+10  9.85855613e+07  5.08677564e+12  7.71188763e+09
 2.36560000e+03  5.22122601e+16  2.42606035e+14  2.81124013e+10  1.96597560e+08  5.08677564e+12  7.71188763e+09
 2.36565000e+03  5.20909557e+16  3.62850498e+14  2.80470879e+10  2.94038533e+08  5.08677564e+12  7.71188763e+09
 2.36570000e+03  5.19699330e+16  4.82393418e+14  2.79819262e+10  3.90911006e+08  5.08677564e+12  7.71188763e+09
 2.36575000e+03  5.18491916e+16  6.01237902e+14  2.79169160e+10  4.87217495e+08  5.08677564e+12  7.71188763e+09
 2.36580000e+03  5.17287307e+16  7.19387042e+14  2.78520568e+10  5.82960508e+08  5.08677564e+12  7.71188763e+09
 2.36585000e+03  5.16085496e+16  8.36843919e+14  2.77873483e+10  6.78142540e+08  5.08677564e+12  7.71188763e+09
 2.36590000e+03  5.14886478e+16  9.53611600e+14  2.77227901e+10  7.72766078e+08  5.08677564e+12  7.71188763e+09
 2.36595000e+03  5.13690245e+16  1.06969314e+15  2.76583819e+10  8.66833598e+08  5.08677564e+12  7.71188763e+09
 2.36600000e+03  5.12496791e+16  1.18509159e+15  2.75941233e+10  9.60347566e+08  5.08677564e+12  7.71188763e+09
 2.36600000e+03  5.12496791e+16  1.18509159e+15  2.75941233e+10  9.60347566e+08  5.08677564e+12  7.71188763e+09
 2.36670000e+03  5.31362096e+16  2.78744955e+15  2.86098790e+10  2.25882996e+09  5.08677564e+12  7.71188763e+09
 2.36740000e+03  5.49622966e+16  4.37214700e+15  2.95930905e+10  3.54300103e+09  5.08677564e+12  7.71188763e+09
 2.36810000e+03  5.67298768e+16  5.93813897e+15  3.05448003e+10  4.81201399e+09  5.08677564e+12  7.71188763e+09
 2.36880000e+03  5.84408247e+16  7.48449104e+15  3.14660179e+10  6.06511161e+09  5.08677564e+12  7.71188763e+09
 2.36950000e+03  6.00969547e+16  9.01037208e+15  3.23577202e+10  7.30162037e+09  5.08677564e+12  7.71188763e+09
 2.37020000e+03  6.17000232e+16  1.05150474e+16  3.32208528e+10  8.52094495e+09  5.08677564e+12  7.71188763e+09
 2.37090000e+03  6.32517302e+16  1.19978725e+16  3.40563311e+10  9.72256297e+09  5.08677564e+12  7.71188763e+09
 2.37160000e+03  6.47537214e+16  1.34582866e+16  3.48650412e+10  1.09060201e+10  5.08677564e+12  7.71188763e+09
 2.37230000e+03  6.62075896e+16  1.48958073e+16  3.56478406e+10  1.20709255e+10  5.08677564e+12  7.71188763e+09
 2.37300000e+03  6.76148766e+16  1.63100253e+16  3.64055595e+10  1.32169473e+10  5.08677564e+12  7.71188763e+09
 2.37300000e+03  6.76148766e+16  1.63100253e+16  3.64055595e+10  1.32169473e+10  5.10039127e+12  7.70417575e+09
 2.37302500e+03  6.75362863e+16  1.63600232e+16  3.63632445e+10  1.32574635e+10  5.10039127e+12  7.70417575e+09
 2.37305000e+03  6.74577873e+16  1.64098424e+16  3.63209787e+10  1.32978348e+10  5.10039127e+12  7.70417575e+09
 2.37307500e+03  6.73793796e+16  1.64594833e+16  3.62787620e+10  1.33380617e+10  5.10039127e+12  7.70417575e+09
 2.37310000e+03  6.73010630e+16  1.65089464e+16  3.62365943e+10  1.33781445e+10  5.10039127e+12  7.70417575e+09
 2.37312500e+03  6.72228375e+16  1.65582320e+16  3.61944757e+10  1.34180834e+10  5.10039127e+12  7.70417575e+09
 2.37315000e+03  6.71447029e+16  1.66073406e+16  3.61524061e+10  1.34578789e+10  5.10039127e+12  7.70417575e+09
 2.37317500e+03  6.70666591e+16  1.66562725e+16  3.61103853e+10  1.34975312e+10  5.10039127e+12  7.70417575e+09
 2.37320000e+03  6.69887060e+16  1.67050282e+16  3.60684134e+10  1.35370408e+10  5.10039127e+12  7.70417575e+09
 2.37322500e+03  6.69108435e+16  1.67536082e+16  3.60264903e+10  1.35764079e+10  5.10039127e+12  7.70417575e+09
 2.37325000e+03  6.68330715e+16  1.68020127e+16  3.59846159e+10  1.36156329e+10  5.10039127e+12  7.70417575e+09
 2.37325000e+03  6.68330715e+16  0.00000000e+00  3.59846159e+10  0.00000000e+00  5.11013868e+12  7.69647157e+09
 2.37377500e+03  6.52205804e+16  1.58309666e+15  3.51164099e+10  1.28287386e+09  5.11013868e+12  7.69647157e+09
 2.37430000e+03  6.36469941e+16  3.07086307e+15  3.42691512e+10  2.48849616e+09  5.11013868e+12  7.69647157e+09
 2.37482500e+03  6.21113739e+16  4.46766129e+15  3.34423345e+10  3.62040173e+09  5.11013868e+12  7.69647157e+09
 2.37535000e+03  6.06128039e+16  5.77767371e+15  3.26354665e+10  4.68197980e+09  5.11013868e+12  7.69647157e+09
 2.37587500e+03  5.91503901e+16  7.00491009e+15  3.18480659e+10  5.67647971e+09  5.11013868e+12  7.69647157e+09
 2.37640000e+03  5.77232601e+16  8.15321431e+15  3.10796630e+10  6.60701635e+09  5.11013868e+12  7.69647157e+09
 2.37692500e+03  5.63305627e+16  9.22627083e+15  3.03297995e+10  7.47657549e+09  5.11013868e+12  7.69647157e+09
 2.37745000e+03  5.49714671e+16  1.02276110e+16  2.95980281e+10  8.28801875e+09  5.11013868e+12  7.69647157e+09
 2.37797500e+03  5.36451627e+16  1.11606190e+16  2.88839122e+10  9.04408857e+09  5.11013868e+12  7.69647157e+09
 2.37850000e+03  5.23508581e+16  1.20285378e+16  2.81870259e+10  9.74741282e+09  5.11013868e+12  7.69647157e+09
 2.37850000e+03  5.23508581e+16  0.00000000e+00  2.81870259e+10  0.00000000e+00  5.11013868e+12  7.69647157e+09
 2.37855000e+03  5.22292317e+16  1.21413720e+14  2.81215392e+10  9.83884888e+07  5.11013868e+12  7.69647157e+09
 2.37860000e+03  5.21078878e+16  2.42121065e+14  2.80562046e+10  1.96204562e+08  5.11013868e+12  7.69647157e+09
 2.37865000e+03  5.19868258e+16  3.62125159e+14  2.79910217e+10  2.93450750e+08  5.11013868e+12  7.69647157e+09
 2.37870000e+03  5.18660452e+16  4.81429114e+14  2.79259904e+10  3.90129575e+08  5.11013868e+12  7.69647157e+09
 2.37875000e+03  5.17455451e+16  6.00036028e+14  2.78611101e+10  4.86243547e+08  5.11013868e+12  7.69647157e+09
 2.37880000e+03  5.16253249e+16  7.17948987e+14  2.77963805e+10  5.81795170e+08  5.11013868e+12  7.69647157e+09
 2.37885000e+03  5.15053841e+16  8.35171068e+14  2.77318014e+10  6.76786933e+08  5.11013868e+12  7.69647157e+09
 2.37890000e+03  5.13857220e+16  9.51705331e+14  2.76673722e+10  7.71221318e+08  5.11013868e+12  7.69647157e+09
 2.37895000e+03  5.12663378e+16  1.06755483e+15  2.76030928e+10  8.65100797e+08  5.11013868e+12  7.69647157e+09
 2.37900000e+03  5.11472310e+16  1.18272259e+15  2.75389627e+10  9.58427832e+08  5.11013868e+12  7.69647157e+09
 2.37900000e+03  5.11472310e+16  1.18272259e+15  2.75389627e+10  9.58427832e+08  5.11013868e+12  7.69647157e+09
 2.37970000e+03  5.30299903e+16  2.78187744e+15  2.85526879e+10  2.25431456e+09  5.11013868e+12  7.69647157e+09
 2.38040000e+03  5.48524270e+16  4.36340707e+15  2.95339339e+10  3.53591857e+09  5.11013868e+12  7.69647157e+09
 2.38110000e+03  5.66164738e+16  5.92626863e+15  3.04837413e+10  4.80239477e+09  5.11013868e+12  7.69647157e+09
 2.38180000e+03  5.83240015e+16  7.46952954e+15  3.14031174e+10  6.05298745e+09  5.11013868e+12  7.69647157e+09
 2.38250000e+03  5.99768209e+16  8.99236034e+15  3.22930371e+10  7.28702443e+09  5.11013868e+12  7.69647157e+09
 2.38320000e+03  6.15766848e+16  1.04940278e+16  3.31544443e+10  8.50391158e+09  5.11013868e+12  7.69647157e+09
 2.38390000e+03  6.31252900e+16  1.19738887e+16  3.39882525e+10  9.70312757e+09  5.11013868e+12  7.69647157e+09
 2.38460000e+03  6.46242787e+16  1.34313834e+16  3.47953460e+10  1.08842190e+10  5.11013868e+12  7.69647157e+09
 2.38530000e+03  6.60752406e+16  1.48660306e+16  3.55765805e+10  1.20467957e+10  5.11013868e+12  7.69647157e+09
 2.38600000e+03  6.74797144e+16  1.62774216e+16  3.63327848e+10  1.31905266e+10  5.11013868e+12  7.69647157e+09
 2.38600000e+03  6.74797144e+16  1.62774216e+16  3.63327848e+10  1.31905266e+10  5.12372710e+12  7.68877510e+09
 2.38602500e+03  6.74012812e+16  1.63273195e+16  3.62905544e+10  1.32309618e+10  5.12372710e+12  7.68877510e+09
 2.38605000e+03  6.73229392e+16  1.63770392e+16  3.62483730e+10  1.32712525e+10  5.12372710e+12  7.68877510e+09
 2.38607500e+03  6.72446882e+16  1.64265808e+16  3.62062407e+10  1.33113989e+10  5.12372710e+12  7.68877510e+09
 2.38610000e+03  6.71665282e+16  1.64759450e+16  3.61641574e+10  1.33514016e+10  5.12372710e+12  7.68877510e+09
 2.38612500e+03  6.70884590e+16  1.65251321e+16  3.61221230e+10  1.33912607e+10  5.12372710e+12  7.68877510e+09
 2.38615000e+03  6.70104806e+16  1.65741425e+16  3.60801374e+10  1.34309766e+10  5.12372710e+12  7.68877510e+09
 2.38617500e+03  6.69325928e+16  1.66229766e+16  3.60382007e+10  1.34705497e+10  5.12372710e+12  7.68877510e+09
 2.38620000e+03  6.68547955e+16  1.66716349e+16  3.59963126e+10  1.35099802e+10  5.12372710e+12  7.68877510e+09
 2.38622500e+03  6.67770887e+16  1.67201177e+16  3.59544733e+10  1.35492687e+10  5.12372710e+12  7.68877510e+09
 2.38625000e+03  6.66994722e+16  1.67684255e+16  3.59126826e+10  1.35884152e+10  5.12372710e+12  7.68877510e+09
 2.38625000e+03  6.66994722e+16  0.00000000e+00  3.59126826e+10  0.00000000e+00  5.13345502e+12  7.68108632e+09
 2.38677500e+03  6.50902044e+16  1.57993205e+15  3.50462122e+10  1.28030940e+09  5.13345502e+12  7.68108632e+09
 2.38730000e+03  6.35197637e+16  3.06472442e+15  3.42006472e+10  2.48352166e+09  5.13345502e+12  7.68108632e+09
 2.38782500e+03  6.19872133e+16  4.45873043e+15  3.33754832e+10  3.61316455e+09  5.13345502e+12  7.68108632e+09
 2.38835000e+03  6.04916389e+16  5.76612414e+15  3.25702282e+10  4.67262052e+09  5.13345502e+12  7.68108632e+09
 2.38887500e+03  5.90321484e+16  6.99090728e+15  3.17844016e+10  5.66513242e+09  5.13345502e+12  7.68108632e+09
 2.38940000e+03  5.76078713e+16  8.13691603e+15  3.10175348e+10  6.59380893e+09  5.13345502e+12  7.68108632e+09
 2.38992500e+03  5.62179579e+16  9.20782751e+15  3.02691703e+10  7.46162981e+09  5.13345502e+12  7.68108632e+09
 2.39045000e+03  5.48615792e+16  1.02071660e+16  2.95388616e+10  8.27145100e+09  5.13345502e+12  7.68108632e+09
 2.39097500e+03  5.35379260e+16  1.11383089e+16  2.88261733e+10  9.02600944e+09  5.13345502e+12  7.68108632e+09
 2.39150000e+03  5.22462087e+16  1.20044927e+16  2.81306801e+10  9.72792774e+09  5.13345502e+12  7.68108632e+09
 2.39150000e+03  5.22462087e+16  0.00000000e+00  2.81306801e+10  0.00000000e+00  5.13345502e+12  7.68108632e+09
 2.39155000e+03  5.21248254e+16  1.21171014e+14  2.80653242e+10  9.81918102e+07  5.13345502e+12  7.68108632e+09
 2.39160000e+03  5.20037241e+16  2.41637065e+14  2.80001202e+10  1.95812349e+08  5.13345502e+12  7.68108632e+09
 2.39165000e+03  5.18829042e+16  3.61401271e+14  2.79350677e+10  2.92864142e+08  5.13345502e+12  7.68108632e+09
 2.39170000e+03  5.17623649e+16  4.80466737e+14  2.78701663e+10  3.89349706e+08  5.13345502e+12  7.68108632e+09
 2.39175000e+03  5.16421057e+16  5.98836556e+14  2.78054157e+10  4.85271547e+08  5.13345502e+12  7.68108632e+09
 2.39180000e+03  5.15221259e+16  7.16513807e+14  2.77408156e+10  5.80632161e+08  5.13345502e+12  7.68108632e+09
 2.39185000e+03  5.14024249e+16  8.33501561e+14  2.76763655e+10  6.75434036e+08  5.13345502e+12  7.68108632e+09
 2.39190000e+03  5.12830019e+16  9.49802872e+14  2.76120651e+10  7.69679647e+08  5.13345502e+12  7.68108632e+09
 2.39195000e+03  5.11638564e+16  1.06542078e+15  2.75479142e+10  8.63371461e+08  5.13345502e+12  7.68108632e+09
 2.39200000e+03  5.10449877e+16  1.18035833e+15  2.74839123e+10  9.56511934e+08  5.13345502e+12  7.68108632e+09
 2.39200000e+03  5.10449877e+16  1.18035833e+15  2.74839123e+10  9.56511934e+08  5.13345502e+12  7.68108632e+09
 2.39270000e+03  5.29239834e+16  2.77631647e+15  2.84956111e+10  2.24980819e+09  5.13345502e+12  7.68108632e+09
 2.39340000e+03  5.47427770e+16  4.35468462e+15  2.94748955e+10  3.52885027e+09  5.13345502e+12  7.68108632e+09
 2.39410000e+03  5.65032975e+16  5.91442202e+15  3.04228043e+10  4.79279478e+09  5.13345502e+12  7.68108632e+09
 2.39480000e+03  5.82074118e+16  7.45459795e+15  3.13403425e+10  6.04088753e+09  5.13345502e+12  7.68108632e+09
 2.39550000e+03  5.98569272e+16  8.97438461e+15  3.22284834e+10  7.27245767e+09  5.13345502e+12  7.68108632e+09
 2.39620000e+03  6.14535930e+16  1.04730503e+16  3.30881686e+10  8.48691226e+09  5.13345502e+12  7.68108632e+09
 2.39690000e+03  6.29991025e+16  1.19499529e+16  3.39203100e+10  9.68373102e+09  5.13345502e+12  7.68108632e+09
 2.39760000e+03  6.44950948e+16  1.34045341e+16  3.47257901e+10  1.08624614e+10  5.13345502e+12  7.68108632e+09
 2.39830000e+03  6.59431562e+16  1.48363134e+16  3.55054629e+10  1.20227142e+10  5.13345502e+12  7.68108632e+09
 2.39900000e+03  6.73448225e+16  1.62448830e+16  3.62601555e+10  1.31641588e+10  5.13345502e+12  7.68108632e+09
 2.39900000e+03  6.73448225e+16  1.62448830e+16  3.62601555e+10  1.31641588e+10  5.14701628e+12  7.67340524e+09
 2.39902500e+03  6.72665461e+16  1.62946812e+16  3.62180095e+10  1.32045131e+10  5.14701628e+12  7.67340524e+09
 2.39905000e+03  6.71883607e+16  1.63443015e+16  3.61759125e+10  1.32447232e+10  5.14701628e+12  7.67340524e+09
 2.39907500e+03  6.71102661e+16  1.63937441e+16  3.61338644e+10  1.32847895e+10  5.14701628e+12  7.67340524e+09
 2.39910000e+03  6.70322623e+16  1.64430096e+16  3.60918652e+10  1.33247121e+10  5.14701628e+12  7.67340524e+09
 2.39912500e+03  6.69543492e+16  1.64920983e+16  3.60499149e+10  1.33644915e+10  5.14701628e+12  7.67340524e+09
 2.39915000e+03  6.68765267e+16  1.65410108e+16  3.60080132e+10  1.34041281e+10  5.14701628e+12  7.67340524e+09
 2.39917500e+03  6.67987946e+16  1.65897473e+16  3.59661603e+10  1.34436220e+10  5.14701628e+12  7.67340524e+09
 2.39920000e+03  6.67211528e+16  1.66383083e+16  3.59243560e+10  1.34829738e+10  5.14701628e+12  7.67340524e+09
 2.39922500e+03  6.66436013e+16  1.66866942e+16  3.58826003e+10  1.35221837e+10  5.14701628e+12  7.67340524e+09
 2.39925000e+03  6.65661399e+16  1.67349054e+16  3.58408932e+10  1.35612520e+10  5.14701628e+12  7.67340524e+09
 2.39925000e+03  6.65661399e+16  0.00000000e+00  3.58408932e+10  0.00000000e+00  5.15672476e+12  7.66573183e+09
 2.39977500e+03  6.49600891e+16  1.57677377e+15  3.49761548e+10  1.27775006e+09  5.15672476e+12  7.66573183e+09
 2.40030000e+03  6.33927877e+16  3.05859803e+15  3.41322801e+10  2.47855710e+09  5.15672476e+12  7.66573183e+09
 2.40082500e+03  6.18633008e+16  4.44981743e+15  3.33087657e+10  3.60594183e+09  5.15672476e+12  7.66573183e+09
 2.40135000e+03  6.03707161e+16  5.75459766e+15  3.25051203e+10  4.66327995e+09  5.15672476e+12  7.66573183e+09
 2.40187500e+03  5.89141432e+16  6.97693245e+15  3.17208646e+10  5.65380782e+09  5.15672476e+12  7.66573183e+09
 2.40240000e+03  5.74927132e+16  8.12065034e+15  3.09555307e+10  6.58062790e+09  5.15672476e+12  7.66573183e+09
 2.40292500e+03  5.61055782e+16  9.18942106e+15  3.02086622e+10  7.44671402e+09  5.15672476e+12  7.66573183e+09
 2.40345000e+03  5.47519109e+16  1.01867619e+16  2.94798135e+10  8.25491637e+09  5.15672476e+12  7.66573183e+09
 2.40397500e+03  5.34309037e+16  1.11160435e+16  2.87685498e+10  9.00796644e+09  5.15672476e+12  7.66573183e+09
 2.40450000e+03  5.21417686e+16  1.19804957e+16  2.80744468e+10  9.70848162e+09  5.15672476e+12  7.66573183e+09
 2.40450000e+03  5.21417686e+16  0.00000000e+00  2.80744468e+10  0.00000000e+00  5.15672476e+12  7.66573183e+09
 2.40455000e+03  5.20206279e+16  1.20928793e+14  2.80092216e+10  9.79955248e+07  5.15672476e+12  7.66573183e+09
 2.40460000e+03  5.18997687e+16  2.41154033e+14  2.79441480e+10  1.95420920e+08  5.15672476e+12  7.66573183e+09
 2.40465000e+03  5.17791903e+16  3.60678830e+14  2.78792255e+10  2.92278706e+08  5.15672476e+12  7.66573183e+09
 2.40470000e+03  5.16588920e+16  4.79506284e+14  2.78144539e+10  3.88571395e+08  5.15672476e+12  7.66573183e+09
 2.40475000e+03  5.15388732e+16  5.97639481e+14  2.77498327e+10  4.84301489e+08  5.15672476e+12  7.66573183e+09
 2.40480000e+03  5.14191332e+16  7.15081496e+14  2.76853617e+10  5.79471478e+08  5.15672476e+12  7.66573183e+09
 2.40485000e+03  5.12996714e+16  8.31835391e+14  2.76210404e+10  6.74083843e+08  5.15672476e+12  7.66573183e+09
 2.40490000e+03  5.11804872e+16  9.47904216e+14  2.75568686e+10  7.68141057e+08  5.15672476e+12  7.66573183e+09
 2.40495000e+03  5.10615799e+16  1.06329101e+15  2.74928459e+10  8.61645581e+08  5.15672476e+12  7.66573183e+09
 2.40500000e+03  5.09429488e+16  1.17799879e+15  2.74289719e+10  9.54599867e+08  5.15672476e+12  7.66573183e+09
 2.40500000e+03  5.09429488e+16  1.17799879e+15  2.74289719e+10  9.54599867e+08  5.15672476e+12  7.66573183e+09
 2.40570000e+03  5.28181883e+16  2.77076661e+15  2.84386483e+10  2.24531082e+09  5.15672476e+12  7.66573183e+09
 2.40640000e+03  5.46333462e+16  4.34597961e+15  2.94159752e+10  3.52179610e+09  5.15672476e+12  7.66573183e+09
 2.40710000e+03  5.63903474e+16  5.90259909e+15  3.03619891e+10  4.78321399e+09  5.15672476e+12  7.66573183e+09
 2.40780000e+03  5.80910552e+16  7.43969621e+15  3.12776932e+10  6.02881179e+09  5.15672476e+12  7.66573183e+09
 2.40850000e+03  5.97372732e+16  8.95644482e+15  3.21640586e+10  7.25792003e+09  5.15672476e+12  7.66573183e+09
 2.40920000e+03  6.13307473e+16  1.04521146e+16  3.30220254e+10  8.46994692e+09  5.15672476e+12  7.66573183e+09
 2.40990000e+03  6.28731673e+16  1.19260649e+16  3.38525033e+10  9.66437324e+09  5.15672476e+12  7.66573183e+09
 2.41060000e+03  6.43661691e+16  1.33777384e+16  3.46563732e+10  1.08407474e+10  5.15672476e+12  7.66573183e+09
 2.41130000e+03  6.58113358e+16  1.48066556e+16  3.54344875e+10  1.19986808e+10  5.15672476e+12  7.66573183e+09
 2.41200000e+03  6.72102002e+16  1.62124095e+16  3.61876715e+10  1.31378436e+10  5.15672476e+12  7.66573183e+09
 2.41200000e+03  6.72102002e+16  1.62124095e+16  3.61876715e+10  1.31378436e+10  5.17025890e+12  7.65806610e+09
 2.41202500e+03  6.71320803e+16  1.62621082e+16  3.61456097e+10  1.31781173e+10  5.17025890e+12  7.65806610e+09
 2.41205000e+03  6.70540511e+16  1.63116292e+16  3.61035969e+10  1.32182470e+10  5.17025890e+12  7.65806610e+09
 2.41207500e+03  6.69761127e+16  1.63609730e+16  3.60616329e+10  1.32582332e+10  5.17025890e+12  7.65806610e+09
 2.41210000e+03  6.68982648e+16  1.64101400e+16  3.60197176e+10  1.32980760e+10  5.17025890e+12  7.65806610e+09
 2.41212500e+03  6.68205075e+16  1.64591306e+16  3.59778511e+10  1.33377759e+10  5.17025890e+12  7.65806610e+09
 2.41215000e+03  6.67428405e+16  1.65079453e+16  3.59360332e+10  1.33773332e+10  5.17025890e+12  7.65806610e+09
 2.41217500e+03  6.66652638e+16  1.65565844e+16  3.58942639e+10  1.34167482e+10  5.17025890e+12  7.65806610e+09
 2.41220000e+03  6.65877772e+16  1.66050483e+16  3.58525432e+10  1.34560213e+10  5.17025890e+12  7.65806610e+09
 2.41222500e+03  6.65103807e+16  1.66533375e+16  3.58108710e+10  1.34951528e+10  5.17025890e+12  7.65806610e+09
 2.41225000e+03  6.64330742e+16  1.67014523e+16  3.57692472e+10  1.35341430e+10  5.17025890e+12  7.65806610e+09
 2.41225000e+03  6.64330742e+16  0.00000000e+00  3.57692472e+10  0.00000000e+00  5.17994797e+12  7.65040803e+09
 2.41277500e+03  6.48302339e+16  1.57362180e+15  3.49062375e+10  1.27519584e+09  5.17994797e+12  7.65040803e+09
 2.41330000e+03  6.32660655e+16  3.05248389e+15  3.40640497e+10  2.47360247e+09  5.17994797e+12  7.65040803e+09
 2.41382500e+03  6.17396361e+16  4.44092225e+15  3.32421814e+10  3.59873355e+09  5.17994797e+12  7.65040803e+09
 2.41435000e+03  6.02500350e+16  5.74309422e+15  3.24401425e+10  4.65395806e+09  5.17994797e+12  7.65040803e+09
 2.41487500e+03  5.87963738e+16  6.96298557e+15  3.16574546e+10  5.64250586e+09  5.17994797e+12  7.65040803e+09
 2.41540000e+03  5.73777852e+16  8.10441716e+15  3.08936506e+10  6.56747323e+09  5.17994797e+12  7.65040803e+09
 2.41592500e+03  5.59934232e+16  9.17105141e+15  3.01482751e+10  7.43182804e+09  5.17994797e+12  7.65040803e+09
 2.41645000e+03  5.46424618e+16  1.01663985e+16  2.94208833e+10  8.23841480e+09  5.17994797e+12  7.65040803e+09
 2.41697500e+03  5.33240953e+16  1.10938225e+16  2.87110414e+10  8.98995952e+09  5.17994797e+12  7.65040803e+09
 2.41750000e+03  5.20375372e+16  1.19565467e+16  2.80183260e+10  9.68907436e+09  5.17994797e+12  7.65040803e+09
 2.41750000e+03  5.20375372e+16  0.00000000e+00  2.80183260e+10  0.00000000e+00  5.17994797e+12  7.65040803e+09
 2.41755000e+03  5.19166387e+16  1.20687057e+14  2.79532312e+10  9.77996317e+07  5.17994797e+12  7.65040803e+09
 2.41760000e+03  5.17960210e+16  2.40671966e+14  2.78882876e+10  1.95030273e+08  5.17994797e+12  7.65040803e+09
 2.41765000e+03  5.16756837e+16  3.59957833e+14  2.78234949e+10  2.91694441e+08  5.17994797e+12  7.65040803e+09
 2.41770000e+03  5.15556258e+16  4.78547751e+14  2.77588528e+10  3.87794641e+08  5.17994797e+12  7.65040803e+09
 2.41775000e+03  5.14358469e+16  5.96444800e+14  2.76943608e+10  4.83333370e+08  5.17994797e+12  7.65040803e+09
 2.41780000e+03  5.13163463e+16  7.13652048e+14  2.76300186e+10  5.78313114e+08  5.17994797e+12  7.65040803e+09
 2.41785000e+03  5.11971234e+16  8.30172552e+14  2.75658260e+10  6.72736350e+08  5.17994797e+12  7.65040803e+09
 2.41790000e+03  5.10781774e+16  9.46009355e+14  2.75017824e+10  7.66605543e+08  5.17994797e+12  7.65040803e+09
 2.41795000e+03  5.09595078e+16  1.06116549e+15  2.74378877e+10  8.59923152e+08  5.17994797e+12  7.65040803e+09
 2.41800000e+03  5.08411138e+16  1.17564397e+15  2.73741414e+10  9.52691622e+08  5.17994797e+12  7.65040803e+09
 2.41800000e+03  5.08411138e+16  1.17564397e+15  2.73741414e+10  9.52691622e+08  5.17994797e+12  7.65040803e+09
 2.41870000e+03  5.27126048e+16  2.76522785e+15  2.83817995e+10  2.24082245e+09  5.17994797e+12  7.65040803e+09
 2.41940000e+03  5.45241341e+16  4.33729200e+15  2.93571727e+10  3.51475603e+09  5.17994797e+12  7.65040803e+09
 2.42010000e+03  5.62776231e+16  5.89079979e+15  3.03012955e+10  4.77365234e+09  5.17994797e+12  7.65040803e+09
 2.42080000e+03  5.79749312e+16  7.42482426e+15  3.12151691e+10  6.01676020e+09  5.17994797e+12  7.65040803e+09
 2.42150000e+03  5.96178584e+16  8.93854088e+15  3.20997627e+10  7.24341144e+09  5.17994797e+12  7.65040803e+09
 2.42220000e+03  6.12081471e+16  1.04312209e+16  3.29560143e+10  8.45301550e+09  5.17994797e+12  7.65040803e+09
 2.42290000e+03  6.27474839e+16  1.19022247e+16  3.37848322e+10  9.64505415e+09  5.17994797e+12  7.65040803e+09
 2.42360000e+03  6.42375011e+16  1.33509963e+16  3.45870951e+10  1.08190767e+10  5.17994797e+12  7.65040803e+09
 2.42430000e+03  6.56797790e+16  1.47770571e+16  3.53636540e+10  1.19746954e+10  5.17994797e+12  7.65040803e+09
 2.42500000e+03  6.70758470e+16  1.61800009e+16  3.61153323e+10  1.31115811e+10  5.17994797e+12  7.65040803e+09
 2.42500000e+03  6.70758470e+16  1.61800009e+16  3.61153323e+10  1.31115811e+10  5.19345506e+12  7.64275763e+09
 2.42502500e+03  6.69978832e+16  1.62296002e+16  3.60733547e+10  1.31517743e+10  5.19345506e+12  7.64275763e+09
 2.42505000e+03  6.69200101e+16  1.62790223e+16  3.60314258e+10  1.31918238e+10  5.19345506e+12  7.64275763e+09
 2.42507500e+03  6.68422274e+16  1.63282674e+16  3.59895456e+10  1.32317300e+10  5.19345506e+12  7.64275763e+09
 2.42510000e+03  6.67645352e+16  1.63773362e+16  3.59477142e+10  1.32714931e+10  5.19345506e+12  7.64275763e+09
 2.42512500e+03  6.66869333e+16  1.64262288e+16  3.59059313e+10  1.33111137e+10  5.19345506e+12  7.64275763e+09
 2.42515000e+03  6.66094215e+16  1.64749459e+16  3.58641971e+10  1.33505919e+10  5.19345506e+12  7.64275763e+09
 2.42517500e+03  6.65319999e+16  1.65234878e+16  3.58225113e+10  1.33899282e+10  5.19345506e+12  7.64275763e+09
 2.42520000e+03  6.64546683e+16  1.65718548e+16  3.57808740e+10  1.34291227e+10  5.19345506e+12  7.64275763e+09
 2.42522500e+03  6.63774265e+16  1.66200475e+16  3.57392851e+10  1.34681760e+10  5.19345506e+12  7.64275763e+09
 2.42525000e+03  6.63002745e+16  1.66680661e+16  3.56977445e+10  1.35070883e+10  5.19345506e+12  7.64275763e+09
 2.42525000e+03  6.63002745e+16  0.00000000e+00  3.56977445e+10  0.00000000e+00  5.20312477e+12  7.63511487e+09
 2.42577500e+03  6.47006383e+16  1.57047613e+15  3.48364599e+10  1.27264672e+09  5.20312477e+12  7.63511487e+09
 2.42630000e+03  6.31395967e+16  3.04638198e+15  3.39959556e+10  2.46865773e+09  5.20312477e+12  7.63511487e+09
 2.42682500e+03  6.16162186e+16  4.43204484e+15  3.31757303e+10  3.59153969e+09  5.20312477e+12  7.63511487e+09
 2.42735000e+03  6.01295952e+16  5.73161377e+15  3.23752947e+10  4.64465480e+09  5.20312477e+12  7.63511487e+09
 2.42787500e+03  5.86788398e+16  6.94906656e+15  3.15941713e+10  5.63122649e+09  5.20312477e+12  7.63511487e+09
 2.42840000e+03  5.72630870e+16  8.08821643e+15  3.08318942e+10  6.55434485e+09  5.20312477e+12  7.63511487e+09
 2.42892500e+03  5.58814923e+16  9.15271848e+15  3.00880087e+10  7.41697181e+09  5.20312477e+12  7.63511487e+09
 2.42945000e+03  5.45332315e+16  1.01460759e+16  2.93620710e+10  8.22194621e+09  5.20312477e+12  7.63511487e+09
 2.42997500e+03  5.32175004e+16  1.10716459e+16  2.86536481e+10  8.97198859e+09  5.20312477e+12  7.63511487e+09
 2.43050000e+03  5.19335141e+16  1.19326456e+16  2.79623174e+10  9.66970590e+09  5.20312477e+12  7.63511487e+09
 2.43050000e+03  5.19335141e+16  0.00000000e+00  2.79623174e+10  0.00000000e+00  5.20312477e+12  7.63511487e+09
 2.43055000e+03  5.18128573e+16  1.20445803e+14  2.78973527e+10  9.76041303e+07  5.20312477e+12  7.63511487e+09
 2.43060000e+03  5.16924808e+16  2.40190863e+14  2.78325389e+10  1.94640408e+08  5.20312477e+12  7.63511487e+09
 2.43065000e+03  5.15723840e+16  3.59238277e+14  2.77678758e+10  2.91111344e+08  5.20312477e+12  7.63511487e+09
 2.43070000e+03  5.14525661e+16  4.77591134e+14  2.77033628e+10  3.87019440e+08  5.20312477e+12  7.63511487e+09
 2.43075000e+03  5.13330267e+16  5.95252507e+14  2.76389998e+10  4.82367187e+08  5.20312477e+12  7.63511487e+09
 2.43080000e+03  5.12137650e+16  7.12225458e+14  2.75747862e+10  5.77157066e+08  5.20312477e+12  7.63511487e+09
 2.43085000e+03  5.10947803e+16  8.28513037e+14  2.75107219e+10  6.71391550e+08  5.20312477e+12  7.63511487e+09
 2.43090000e+03  5.09760721e+16  9.44118283e+14  2.74468064e+10  7.65073099e+08  5.20312477e+12  7.63511487e+09
 2.43095000e+03  5.08576397e+16  1.05904422e+15  2.73830394e+10  8.58204165e+08  5.20312477e+12  7.63511487e+09
 2.43100000e+03  5.07394824e+16  1.17329386e+15  2.73194205e+10  9.50787191e+08  5.20312477e+12  7.63511487e+09
 2.43100000e+03  5.07394824e+16  1.17329386e+15  2.73194205e+10  9.50787191e+08  5.20312477e+12  7.63511487e+09
 2.43170000e+03  5.26072323e+16  2.75970016e+15  2.83250643e+10  2.23634304e+09  5.20312477e+12  7.63511487e+09
 2.43240000e+03  5.44151404e+16  4.32862175e+15  2.92984877e+10  3.50773003e+09  5.20312477e+12  7.63511487e+09
 2.43310000e+03  5.61651241e+16  5.87902408e+15  3.02407232e+10  4.76410981e+09  5.20312477e+12  7.63511487e+09
 2.43380000e+03  5.78590393e+16  7.40998204e+15  3.11527700e+10  6.00473269e+09  5.20312477e+12  7.63511487e+09
 2.43450000e+03  5.94986823e+16  8.92067274e+15  3.20355952e+10  7.22893186e+09  5.20312477e+12  7.63511487e+09
 2.43520000e+03  6.10857920e+16  1.04103689e+16  3.28901353e+10  8.43611792e+09  5.20312477e+12  7.63511487e+09
 2.43590000e+03  6.26220517e+16  1.18784322e+16  3.37172963e+10  9.62577369e+09  5.20312477e+12  7.63511487e+09
 2.43660000e+03  6.41090903e+16  1.33243077e+16  3.45179555e+10  1.07974494e+10  5.20312477e+12  7.63511487e+09
 2.43730000e+03  6.55484851e+16  1.47475178e+16  3.52929620e+10  1.19507580e+10  5.20312477e+12  7.63511487e+09
 2.43800000e+03  6.69417624e+16  1.61476571e+16  3.60431378e+10  1.30853710e+10  5.20312477e+12  7.63511487e+09
 2.43800000e+03  6.69417624e+16  1.61476571e+16  3.60431378e+10  1.30853710e+10  5.21660486e+12  7.62747975e+09
 2.43802500e+03  6.68639545e+16  1.61971572e+16  3.60012440e+10  1.31254839e+10  5.21660486e+12  7.62747975e+09
 2.43805000e+03  6.67862370e+16  1.62464805e+16  3.59593990e+10  1.31654533e+10  5.21660486e+12  7.62747975e+09
 2.43807500e+03  6.67086098e+16  1.62956272e+16  3.59176025e+10  1.32052797e+10  5.21660486e+12  7.62747975e+09
 2.43810000e+03  6.66310729e+16  1.63445979e+16  3.58758547e+10  1.32449634e+10  5.21660486e+12  7.62747975e+09
 2.43812500e+03  6.65536261e+16  1.63933928e+16  3.58341554e+10  1.32845048e+10  5.21660486e+12  7.62747975e+09
 2.43815000e+03  6.64762693e+16  1.64420125e+16  3.57925045e+10  1.33239041e+10  5.21660486e+12  7.62747975e+09
 2.43817500e+03  6.63990024e+16  1.64904573e+16  3.57509021e+10  1.33631617e+10  5.21660486e+12  7.62747975e+09
 2.43820000e+03  6.63218254e+16  1.65387277e+16  3.57093480e+10  1.34022779e+10  5.21660486e+12  7.62747975e+09
 2.43822500e+03  6.62447380e+16  1.65868240e+16  3.56678422e+10  1.34412531e+10  5.21660486e+12  7.62747975e+09
 2.43825000e+03  6.61677403e+16  1.66347467e+16  3.56263847e+10  1.34800876e+10  5.21660486e+12  7.62747975e+09
 2.43825000e+03  6.61677403e+16  0.00000000e+00  3.56263847e+10  0.00000000e+00  5.22625523e+12  7.61985227e+09
 2.43877500e+03  6.45713017e+16  1.56733675e+15  3.47668218e+10  1.27010270e+09  5.22625523e+12  7.61985227e+09
 2.43930000e+03  6.30133806e+16  3.04029226e+15  3.39279977e+10  2.46372289e+09  5.22625523e+12  7.61985227e+09
 2.43982500e+03  6.14930477e+16  4.42318518e+15  3.31094120e+10  3.58436020e+09  5.22625523e+12  7.61985227e+09
 2.44035000e+03  6.00093962e+16  5.72015628e+15  3.23105765e+10  4.63537013e+09  5.22625523e+12  7.61985227e+09
 2.44087500e+03  5.85615408e+16  6.93517537e+15  3.15310146e+10  5.61996967e+09  5.22625523e+12  7.61985227e+09
 2.44140000e+03  5.71486181e+16  8.07204808e+15  3.07702613e+10  6.54124272e+09  5.22625523e+12  7.61985227e+09
 2.44192500e+03  5.57697852e+16  9.13442219e+15  3.00278627e+10  7.40214528e+09  5.22625523e+12  7.61985227e+09
 2.44245000e+03  5.44242196e+16  1.01257939e+16  2.93033762e+10  8.20551053e+09  5.22625523e+12  7.61985227e+09
 2.44297500e+03  5.31111186e+16  1.10495137e+16  2.85963694e+10  8.95405359e+09  5.22625523e+12  7.61985227e+09
 2.44350000e+03  5.18296991e+16  1.19087922e+16  2.79064207e+10  9.65037616e+09  5.22625523e+12  7.61985227e+09
 2.44350000e+03  5.18296991e+16  0.00000000e+00  2.79064207e+10  0.00000000e+00  5.22625523e+12  7.61985227e+09
 2.44355000e+03  5.17092834e+16  1.20205032e+14  2.78415859e+10  9.74090196e+07  5.22625523e+12  7.61985227e+09
 2.44360000e+03  5.15891475e+16  2.39710721e+14  2.77769017e+10  1.94251322e+08  5.22625523e+12  7.61985227e+09
 2.44365000e+03  5.14692908e+16  3.58520160e+14  2.77123678e+10  2.90529412e+08  5.22625523e+12  7.61985227e+09
 2.44370000e+03  5.13497125e+16  4.76636429e+14  2.76479838e+10  3.86245788e+08  5.22625523e+12  7.61985227e+09
 2.44375000e+03  5.12304120e+16  5.94062597e+14  2.75837494e+10  4.81402935e+08  5.22625523e+12  7.61985227e+09
 2.44380000e+03  5.11113886e+16  7.10801719e+14  2.75196642e+10  5.76003329e+08  5.22625523e+12  7.61985227e+09
 2.44385000e+03  5.09926419e+16  8.26856840e+14  2.74557279e+10  6.70049438e+08  5.22625523e+12  7.61985227e+09
 2.44390000e+03  5.08741709e+16  9.42230990e+14  2.73919402e+10  7.63543718e+08  5.22625523e+12  7.61985227e+09
 2.44395000e+03  5.07559753e+16  1.05692719e+15  2.73283007e+10  8.56488615e+08  5.22625523e+12  7.61985227e+09
 2.44400000e+03  5.06380542e+16  1.17094845e+15  2.72648090e+10  9.48886568e+08  5.22625523e+12  7.61985227e+09
 2.44400000e+03  5.06380542e+16  1.17094845e+15  2.72648090e+10  9.48886568e+08  5.22625523e+12  7.61985227e+09
 2.44470000e+03  5.25020704e+16  2.75418352e+15  2.82684425e+10  2.23187259e+09  5.22625523e+12  7.61985227e+09
 2.44540000e+03  5.43063645e+16  4.31996883e+15  2.92399200e+10  3.50071808e+09  5.22625523e+12  7.61985227e+09
 2.44610000e+03  5.60528500e+16  5.86727192e+15  3.01802720e+10  4.75458636e+09  5.22625523e+12  7.61985227e+09
 2.44680000e+03  5.77433790e+16  7.39516948e+15  3.10904956e+10  5.99272923e+09  5.22625523e+12  7.61985227e+09
 2.44750000e+03  5.93797444e+16  8.90284032e+15  3.19715561e+10  7.21448123e+09  5.22625523e+12  7.61985227e+09
 2.44820000e+03  6.09636816e+16  1.03895585e+16  3.28243879e+10  8.41925412e+09  5.22625523e+12  7.61985227e+09
 2.44890000e+03  6.24968702e+16  1.18546872e+16  3.36498954e+10  9.60653177e+09  5.22625523e+12  7.61985227e+09
 2.44960000e+03  6.39809363e+16  1.32976724e+16  3.44489541e+10  1.07758653e+10  5.22625523e+12  7.61985227e+09
 2.45030000e+03  6.54174537e+16  1.47180375e+16  3.52224114e+10  1.19268685e+10  5.22625523e+12  7.61985227e+09
 2.45100000e+03  6.68079458e+16  1.61153779e+16  3.59710876e+10  1.30592134e+10  5.22625523e+12  7.61985227e+09
 2.45100000e+03  6.68079458e+16  1.61153779e+16  3.59710876e+10  1.30592134e+10  5.23970837e+12  7.61223242e+09
 2.45102500e+03  6.67302934e+16  1.61647791e+16  3.59292775e+10  1.30992460e+10  5.23970837e+12  7.61223242e+09
 2.45105000e+03  6.66527313e+16  1.62140038e+16  3.58875161e+10  1.31391356e+10  5.23970837e+12  7.61223242e+09
 2.45107500e+03  6.65752593e+16  1.62630523e+16  3.58458033e+10  1.31788824e+10  5.23970837e+12  7.61223242e+09
 2.45110000e+03  6.64978774e+16  1.63119250e+16  3.58041389e+10  1.32184868e+10  5.23970837e+12  7.61223242e+09
 2.45112500e+03  6.64205854e+16  1.63606224e+16  3.57625229e+10  1.32579491e+10  5.23970837e+12  7.61223242e+09
 2.45115000e+03  6.63433832e+16  1.64091449e+16  3.57209553e+10  1.32972696e+10  5.23970837e+12  7.61223242e+09
 2.45117500e+03  6.62662708e+16  1.64574929e+16  3.56794361e+10  1.33364487e+10  5.23970837e+12  7.61223242e+09
 2.45120000e+03  6.61892480e+16  1.65056667e+16  3.56379650e+10  1.33754868e+10  5.23970837e+12  7.61223242e+09
 2.45122500e+03  6.61123148e+16  1.65536669e+16  3.55965422e+10  1.34143841e+10  5.23970837e+12  7.61223242e+09
 2.45125000e+03  6.60354710e+16  1.66014938e+16  3.55551676e+10  1.34531409e+10  5.23970837e+12  7.61223242e+09
 2.45125000e+03  6.60354710e+16  0.00000000e+00  3.55551676e+10  0.00000000e+00  5.24933946e+12  7.60462019e+09
 2.45177500e+03  6.44422237e+16  1.56420364e+15  3.46973229e+10  1.26756377e+09  5.24933946e+12  7.60462019e+09
 2.45230000e+03  6.28874169e+16  3.03421472e+15  3.38601756e+10  2.45879791e+09  5.24933946e+12  7.60462019e+09
 2.45282500e+03  6.13701231e+16  4.41434324e+15  3.30432263e+10  3.57719506e+09  5.24933946e+12  7.60462019e+09
 2.45335000e+03  5.98894374e+16  5.70872168e+15  3.22459876e+10  4.62610403e+09  5.24933946e+12  7.60462019e+09
 2.45387500e+03  5.84444763e+16  6.92131196e+15  3.14679841e+10  5.60873535e+09  5.24933946e+12  7.60462019e+09
 2.45440000e+03  5.70343780e+16  8.05591206e+15  3.07087515e+10  6.52816677e+09  5.24933946e+12  7.60462019e+09
 2.45492500e+03  5.56583014e+16  9.11616248e+15  2.99678370e+10  7.38734840e+09  5.24933946e+12  7.60462019e+09
 2.45545000e+03  5.43154256e+16  1.01055524e+16  2.92447987e+10  8.18910772e+09  5.24933946e+12  7.60462019e+09
 2.45597500e+03  5.30049495e+16  1.10274257e+16  2.85392053e+10  8.93615443e+09  5.24933946e+12  7.60462019e+09
 2.45650000e+03  5.17260915e+16  1.18849865e+16  2.78506358e+10  9.63108506e+09  5.24933946e+12  7.60462019e+09
 2.45650000e+03  5.17260915e+16  0.00000000e+00  2.78506358e+10  0.00000000e+00  5.24933946e+12  7.60462019e+09
 2.45655000e+03  5.16059166e+16  1.19964742e+14  2.77859306e+10  9.72142990e+07  5.24933946e+12  7.60462019e+09
 2.45660000e+03  5.14860208e+16  2.39231539e+14  2.77213757e+10  1.93863013e+08  5.24933946e+12  7.60462019e+09
 2.45665000e+03  5.13664037e+16  3.57803478e+14  2.76569708e+10  2.89948644e+08  5.24933946e+12  7.60462019e+09
 2.45670000e+03  5.12470644e+16  4.75683633e+14  2.75927155e+10  3.85473683e+08  5.24933946e+12  7.60462019e+09
 2.45675000e+03  5.11280024e+16  5.92875066e+14  2.75286095e+10  4.80440610e+08  5.24933946e+12  7.60462019e+09
 2.45680000e+03  5.10092170e+16  7.09380827e+14  2.74646524e+10  5.74851899e+08  5.24933946e+12  7.60462019e+09
 2.45685000e+03  5.08907076e+16  8.25203953e+14  2.74008439e+10  6.68710009e+08  5.24933946e+12  7.60462019e+09
 2.45690000e+03  5.07724735e+16  9.40347470e+14  2.73371837e+10  7.62017394e+08  5.24933946e+12  7.60462019e+09
 2.45695000e+03  5.06545141e+16  1.05481439e+15  2.72736714e+10  8.54776494e+08  5.24933946e+12  7.60462019e+09
 2.45700000e+03  5.05368287e+16  1.16860772e+15  2.72103066e+10  9.46989743e+08  5.24933946e+12  7.60462019e+09
 2.45700000e+03  5.05368287e+16  1.16860772e+15  2.72103066e+10  9.46989743e+08  5.24933946e+12  7.60462019e+09
 2.45770000e+03  5.23971188e+16  2.74867790e+15  2.82119338e+10  2.22741108e+09  5.24933946e+12  7.60462019e+09
 2.45840000e+03  5.41978061e+16  4.31133322e+15  2.91814694e+10  3.49372015e+09  5.24933946e+12  7.60462019e+09
 2.45910000e+03  5.59408004e+16  5.85554324e+15  3.01199416e+10  4.74508194e+09  5.24933946e+12  7.60462019e+09
 2.45980000e+03  5.76279500e+16  7.38038654e+15  3.10283457e+10  5.98074977e+09  5.24933946e+12  7.60462019e+09
 2.46050000e+03  5.92610443e+16  8.88504354e+15  3.19076449e+10  7.20005948e+09  5.24933946e+12  7.60462019e+09
 2.46120000e+03  6.08418152e+16  1.03687898e+16  3.27587719e+10  8.40242403e+09  5.24933946e+12  7.60462019e+09
 2.46190000e+03  6.23719389e+16  1.18309897e+16  3.35826293e+10  9.58732831e+09  5.24933946e+12  7.60462019e+09
 2.46260000e+03  6.38530384e+16  1.32710904e+16  3.43800907e+10  1.07543243e+10  5.24933946e+12  7.60462019e+09
 2.46330000e+03  6.52866842e+16  1.46886161e+16  3.51520018e+10  1.19030266e+10  5.24933946e+12  7.60462019e+09
 2.46400000e+03  6.66743967e+16  1.60831633e+16  3.58991813e+10  1.30331080e+10  5.24933946e+12  7.60462019e+09
 2.46400000e+03  6.66743967e+16  1.60831633e+16  3.58991813e+10  1.30331080e+10  5.26276571e+12  7.59701557e+09
 2.46402500e+03  6.65968996e+16  1.61324657e+16  3.58574549e+10  1.30730606e+10  5.26276571e+12  7.59701557e+09
 2.46405000e+03  6.65194925e+16  1.61815920e+16  3.58157770e+10  1.31128704e+10  5.26276571e+12  7.59701557e+09
 2.46407500e+03  6.64421754e+16  1.62305424e+16  3.57741475e+10  1.31525378e+10  5.26276571e+12  7.59701557e+09
 2.46410000e+03  6.63649481e+16  1.62793175e+16  3.57325664e+10  1.31920630e+10  5.26276571e+12  7.59701557e+09
 2.46412500e+03  6.62878106e+16  1.63279175e+16  3.56910336e+10  1.32314464e+10  5.26276571e+12  7.59701557e+09
 2.46415000e+03  6.62107628e+16  1.63763430e+16  3.56495491e+10  1.32706884e+10  5.26276571e+12  7.59701557e+09
 2.46417500e+03  6.61338046e+16  1.64245943e+16  3.56081129e+10  1.33097892e+10  5.26276571e+12  7.59701557e+09
 2.46420000e+03  6.60569357e+16  1.64726719e+16  3.55667247e+10  1.33487492e+10  5.26276571e+12  7.59701557e+09
 2.46422500e+03  6.59801563e+16  1.65205761e+16  3.55253847e+10  1.33875687e+10  5.26276571e+12  7.59701557e+09
 2.46425000e+03  6.59034660e+16  1.65683074e+16  3.54840928e+10  1.34262481e+10  5.26276571e+12  7.59701557e+09
 2.46425000e+03  6.59034660e+16  0.00000000e+00  3.54840928e+10  0.00000000e+00  5.27237754e+12  7.58941855e+09
 2.46477500e+03  6.43134037e+16  1.56107680e+15  3.46279630e+10  1.26502991e+09  5.27237754e+12  7.58941855e+09
 2.46530000e+03  6.27617049e+16  3.02814932e+15  3.37924891e+10  2.45388277e+09  5.27237754e+12  7.58941855e+09
 2.46582500e+03  6.12474443e+16  4.40551896e+15  3.29771729e+10  3.57004425e+09  5.27237754e+12  7.58941855e+09
 2.46635000e+03  5.97697184e+16  5.69730995e+15  3.21815279e+10  4.61685644e+09  5.27237754e+12  7.58941855e+09
 2.46687500e+03  5.83276458e+16  6.90747626e+15  3.14050796e+10  5.59752349e+09  5.27237754e+12  7.58941855e+09
 2.46740000e+03  5.69203663e+16  8.03980829e+15  3.06473647e+10  6.51511697e+09  5.27237754e+12  7.58941855e+09
 2.46792500e+03  5.55470405e+16  9.09793928e+15  2.99079313e+10  7.37258109e+09  5.27237754e+12  7.58941855e+09
 2.46845000e+03  5.42068490e+16  1.00853514e+16  2.91863384e+10  8.17273769e+09  5.27237754e+12  7.58941855e+09
 2.46897500e+03  5.28989926e+16  1.10053819e+16  2.84821554e+10  8.91829106e+09  5.27237754e+12  7.58941855e+09
 2.46950000e+03  5.16226910e+16  1.18612285e+16  2.77949624e+10  9.61183252e+09  5.27237754e+12  7.58941855e+09
 2.46950000e+03  5.16226910e+16  0.00000000e+00  2.77949624e+10  0.00000000e+00  5.27237754e+12  7.58941855e+09
 2.46955000e+03  5.15027563e+16  1.19724933e+14  2.77303865e+10  9.70199676e+07  5.27237754e+12  7.58941855e+09
 2.46960000e+03  5.13831003e+16  2.38753316e+14  2.76659606e+10  1.93475481e+08  5.27237754e+12  7.58941855e+09
 2.46965000e+03  5.12637222e+16  3.57088229e+14  2.76016845e+10  2.89369037e+08  5.27237754e+12  7.58941855e+09
 2.46970000e+03  5.11446215e+16  4.74732742e+14  2.75375576e+10  3.84703121e+08  5.27237754e+12  7.58941855e+09
 2.46975000e+03  5.10257975e+16  5.91689909e+14  2.74735798e+10  4.79480209e+08  5.27237754e+12  7.58941855e+09
 2.46980000e+03  5.09072496e+16  7.07962774e+14  2.74097506e+10  5.73702770e+08  5.27237754e+12  7.58941855e+09
 2.46985000e+03  5.07889770e+16  8.23554370e+14  2.73460697e+10  6.67373258e+08  5.27237754e+12  7.58941855e+09
 2.46990000e+03  5.06709793e+16  9.38467716e+14  2.72825367e+10  7.60494121e+08  5.27237754e+12  7.58941855e+09
 2.46995000e+03  5.05532557e+16  1.05270582e+15  2.72191513e+10  8.53067796e+08  5.27237754e+12  7.58941855e+09
 2.47000000e+03  5.04358056e+16  1.16627167e+15  2.71559132e+10  9.45096711e+08  5.27237754e+12  7.58941855e+09
 2.47000000e+03  5.04358056e+16  1.16627167e+15  2.71559132e+10  9.45096711e+08  5.27237754e+12  7.58941855e+09
 2.47070000e+03  5.22923769e+16  2.74318330e+15  2.81555382e+10  2.22295848e+09  5.27237754e+12  7.58941855e+09
 2.47140000e+03  5.40894647e+16  4.30271486e+15  2.91231357e+10  3.48673620e+09  5.27237754e+12  7.58941855e+09
 2.47210000e+03  5.58289747e+16  5.84383801e+15  3.00597319e+10  4.73559652e+09  5.27237754e+12  7.58941855e+09
 2.47280000e+03  5.75127518e+16  7.36563314e+15  3.09663200e+10  5.96879425e+09  5.27237754e+12  7.58941855e+09
 2.47350000e+03  5.91425815e+16  8.86728234e+15  3.18438616e+10  7.18566656e+09  5.27237754e+12  7.58941855e+09
 2.47420000e+03  6.07201924e+16  1.03480626e+16  3.26932871e+10  8.38562758e+09  5.27237754e+12  7.58941855e+09
 2.47490000e+03  6.22472574e+16  1.18073395e+16  3.35154976e+10  9.56816324e+09  5.27237754e+12  7.58941855e+09
 2.47560000e+03  6.37253961e+16  1.32445614e+16  3.43113649e+10  1.07328264e+10  5.27237754e+12  7.58941855e+09
 2.47630000e+03  6.51561761e+16  1.46592536e+16  3.50817330e+10  1.18792325e+10  5.27237754e+12  7.58941855e+09
 2.47700000e+03  6.65411146e+16  1.60510130e+16  3.58274189e+10  1.30070548e+10  5.27237754e+12  7.58941855e+09
 2.47700000e+03  6.65411146e+16  1.60510130e+16  3.58274189e+10  1.30070548e+10  5.28577695e+12  7.58182913e+09
 2.47702500e+03  6.64637724e+16  1.61002169e+16  3.57857759e+10  1.30469276e+10  5.28577695e+12  7.58182913e+09
 2.47705000e+03  6.63865200e+16  1.61492450e+16  3.57441812e+10  1.30866578e+10  5.28577695e+12  7.58182913e+09
 2.47707500e+03  6.63093575e+16  1.61980976e+16  3.57026350e+10  1.31262459e+10  5.28577695e+12  7.58182913e+09
 2.47710000e+03  6.62322846e+16  1.62467751e+16  3.56611370e+10  1.31656921e+10  5.28577695e+12  7.58182913e+09
 2.47712500e+03  6.61553013e+16  1.62952780e+16  3.56196873e+10  1.32049967e+10  5.28577695e+12  7.58182913e+09
 2.47715000e+03  6.60784075e+16  1.63436067e+16  3.55782857e+10  1.32441603e+10  5.28577695e+12  7.58182913e+09
 2.47717500e+03  6.60016031e+16  1.63917616e+16  3.55369322e+10  1.32831829e+10  5.28577695e+12  7.58182913e+09
 2.47720000e+03  6.59248879e+16  1.64397430e+16  3.54956269e+10  1.33220650e+10  5.28577695e+12  7.58182913e+09
 2.47722500e+03  6.58482619e+16  1.64875515e+16  3.54543695e+10  1.33608070e+10  5.28577695e+12  7.58182913e+09
 2.47725000e+03  6.57717250e+16  1.65351874e+16  3.54131601e+10  1.33994090e+10  5.28577695e+12  7.58182913e+09
 2.47725000e+03  6.57717250e+16  0.00000000e+00  3.54131601e+10  0.00000000e+00  5.29536957e+12  7.57424731e+09
 2.47777500e+03  6.41848412e+16  1.55795620e+15  3.45587417e+10  1.26250111e+09  5.29536957e+12  7.57424731e+09
 2.47830000e+03  6.26362443e+16  3.02209605e+15  3.37249380e+10  2.44897746e+09  5.29536957e+12  7.57424731e+09
 2.47882500e+03  6.11250106e+16  4.39671233e+15  3.29112515e+10  3.56290773e+09  5.29536957e+12  7.57424731e+09
 2.47935000e+03  5.96502387e+16  5.68592103e+15  3.21171970e+10  4.60762735e+09  5.29536957e+12  7.57424731e+09
 2.47987500e+03  5.82110488e+16  6.89366821e+15  3.13423008e+10  5.58633404e+09  5.29536957e+12  7.57424731e+09
 2.48040000e+03  5.68065825e+16  8.02373671e+15  3.05861006e+10  6.50209325e+09  5.29536957e+12  7.57424731e+09
 2.48092500e+03  5.54360019e+16  9.07975250e+15  2.98481454e+10  7.35784330e+09  5.29536957e+12  7.57424731e+09
 2.48145000e+03  5.40984896e+16  1.00651908e+16  2.91279949e+10  8.15640039e+09  5.29536957e+12  7.57424731e+09
 2.48197500e+03  5.27932475e+16  1.09833822e+16  2.84252196e+10  8.90046340e+09  5.29536957e+12  7.57424731e+09
 2.48250000e+03  5.15194973e+16  1.18375179e+16  2.77394002e+10  9.59261847e+09  5.29536957e+12  7.57424731e+09
 2.48250000e+03  5.15194973e+16  0.00000000e+00  2.77394002e+10  0.00000000e+00  5.29536957e+12  7.57424731e+09
 2.48255000e+03  5.13998023e+16  1.19485602e+14  2.76749534e+10  9.68260247e+07  5.29536957e+12  7.57424731e+09
 2.48260000e+03  5.12803855e+16  2.38276048e+14  2.76106564e+10  1.93088724e+08  5.29536957e+12  7.57424731e+09
 2.48265000e+03  5.11612460e+16  3.56374410e+14  2.75465087e+10  2.88790588e+08  5.29536957e+12  7.57424731e+09
 2.48270000e+03  5.10423834e+16  4.73783751e+14  2.74825101e+10  3.83934099e+08  5.29536957e+12  7.57424731e+09
 2.48275000e+03  5.09237969e+16  5.90507121e+14  2.74186601e+10  4.78521729e+08  5.29536957e+12  7.57424731e+09
 2.48280000e+03  5.08054860e+16  7.06547557e+14  2.73549585e+10  5.72555938e+08  5.29536957e+12  7.57424731e+09
 2.48285000e+03  5.06874499e+16  8.21908085e+14  2.72914049e+10  6.66039179e+08  5.29536957e+12  7.57424731e+09
 2.48290000e+03  5.05696880e+16  9.36591719e+14  2.72279989e+10  7.58973893e+08  5.29536957e+12  7.57424731e+09
 2.48295000e+03  5.04521998e+16  1.05060146e+15  2.71647403e+10  8.51362514e+08  5.29536957e+12  7.57424731e+09
 2.48300000e+03  5.03349844e+16  1.16394030e+15  2.71016286e+10  9.43207463e+08  5.29536957e+12  7.57424731e+09
 2.48300000e+03  5.03349844e+16  1.16394030e+15  2.71016286e+10  9.43207463e+08  5.29536957e+12  7.57424731e+09
 2.48370000e+03  5.21878445e+16  2.73769967e+15  2.80992553e+10  2.21851479e+09  5.29536957e+12  7.57424731e+09
 2.48440000e+03  5.39813398e+16  4.29411373e+15  2.90649185e+10  3.47976621e+09  5.29536957e+12  7.57424731e+09
 2.48510000e+03  5.57173726e+16  5.83215618e+15  2.99996425e+10  4.72613006e+09  5.29536957e+12  7.57424731e+09
 2.48580000e+03  5.73977838e+16  7.35090924e+15  3.09044183e+10  5.95686263e+09  5.29536957e+12  7.57424731e+09
 2.48650000e+03  5.90243555e+16  8.84955664e+15  3.17802057e+10  7.17130242e+09  5.29536957e+12  7.57424731e+09
 2.48720000e+03  6.05988127e+16  1.03273768e+16  3.26279333e+10  8.36886472e+09  5.29536957e+12  7.57424731e+09
 2.48790000e+03  6.21228252e+16  1.17837367e+16  3.34485001e+10  9.54903649e+09  5.29536957e+12  7.57424731e+09
 2.48860000e+03  6.35980091e+16  1.32180856e+16  3.42427764e+10  1.07113715e+10  5.29536957e+12  7.57424731e+09
 2.48930000e+03  6.50259289e+16  1.46299498e+16  3.50116046e+10  1.18554859e+10  5.29536957e+12  7.57424731e+09
 2.49000000e+03  6.64080989e+16  1.60189270e+16  3.57557999e+10  1.29810537e+10  5.29536957e+12  7.57424731e+09
 2.49000000e+03  6.64080989e+16  1.60189270e+16  3.57557999e+10  1.29810537e+10  5.30874219e+12  7.56667306e+09
 2.49002500e+03  6.63309113e+16  1.60680326e+16  3.57142401e+10  1.30208468e+10  5.30874219e+12  7.56667306e+09
 2.49005000e+03  6.62538134e+16  1.61169626e+16  3.56727286e+10  1.30604976e+10  5.30874219e+12  7.56667306e+09
 2.49007500e+03  6.61768051e+16  1.61657176e+16  3.56312654e+10  1.31000065e+10  5.30874219e+12  7.56667306e+09
 2.49010000e+03  6.60998863e+16  1.62142978e+16  3.55898504e+10  1.31393738e+10  5.30874219e+12  7.56667306e+09
 2.49012500e+03  6.60230569e+16  1.62627038e+16  3.55484835e+10  1.31786000e+10  5.30874219e+12  7.56667306e+09
 2.49015000e+03  6.59463168e+16  1.63109358e+16  3.55071647e+10  1.32176852e+10  5.30874219e+12  7.56667306e+09
 2.49017500e+03  6.58696659e+16  1.63589945e+16  3.54658939e+10  1.32566298e+10  5.30874219e+12  7.56667306e+09
 2.49020000e+03  6.57931041e+16  1.64068800e+16  3.54246711e+10  1.32954342e+10  5.30874219e+12  7.56667306e+09
 2.49022500e+03  6.57166313e+16  1.64545929e+16  3.53834962e+10  1.33340987e+10  5.30874219e+12  7.56667306e+09
 2.49025000e+03  6.56402473e+16  1.65021335e+16  3.53423692e+10  1.33726236e+10  5.30874219e+12  7.56667306e+09
 2.49025000e+03  6.56402473e+16  0.00000000e+00  3.53423692e+10  0.00000000e+00  5.31831563e+12  7.55910639e+09
 2.49077500e+03  6.40565357e+16  1.55484185e+15  3.44896588e+10  1.25997737e+09  5.31831563e+12  7.55910639e+09
 2.49130000e+03  6.25110344e+16  3.01605488e+15  3.36575218e+10  2.44408195e+09  5.31831563e+12  7.55910639e+09
 2.49182500e+03  6.10028217e+16  4.38792330e+15  3.28454619e+10  3.55578548e+09  5.31831563e+12  7.55910639e+09
 2.49235000e+03  5.95309979e+16  5.67455487e+15  3.20529948e+10  4.59841670e+09  5.31831563e+12  7.55910639e+09
 2.49287500e+03  5.80946850e+16  6.87988777e+15  3.12796476e+10  5.57516696e+09  5.31831563e+12  7.55910639e+09
 2.49340000e+03  5.66930261e+16  8.00769726e+15  3.05249590e+10  6.48909556e+09  5.31831563e+12  7.55910639e+09
 2.49392500e+03  5.53251854e+16  9.06160207e+15  2.97884789e+10  7.34313497e+09  5.31831563e+12  7.55910639e+09
 2.49445000e+03  5.39903467e+16  1.00450705e+16  2.90697680e+10  8.14009575e+09  5.31831563e+12  7.55910639e+09
 2.49497500e+03  5.26877138e+16  1.09614264e+16  2.83683976e+10  8.88267137e+09  5.31831563e+12  7.55910639e+09
 2.49550000e+03  5.14165098e+16  1.18138547e+16  2.76839492e+10  9.57344282e+09  5.31831563e+12  7.55910639e+09
 2.49550000e+03  5.14165098e+16  0.00000000e+00  2.76839492e+10  0.00000000e+00  5.31831563e+12  7.55910639e+09
 2.49555000e+03  5.12970541e+16  1.19246751e+14  2.76196312e+10  9.66324695e+07  5.31831563e+12  7.55910639e+09
 2.49560000e+03  5.11778760e+16  2.37799734e+14  2.75554627e+10  1.92702739e+08  5.31831563e+12  7.55910639e+09
 2.49565000e+03  5.10589747e+16  3.55662017e+14  2.74914432e+10  2.88213296e+08  5.31831563e+12  7.55910639e+09
 2.49570000e+03  5.09403497e+16  4.72836657e+14  2.74275725e+10  3.83166615e+08  5.31831563e+12  7.55910639e+09
 2.49575000e+03  5.08220003e+16  5.89326697e+14  2.73638502e+10  4.77565164e+08  5.31831563e+12  7.55910639e+09
 2.49580000e+03  5.07039258e+16  7.05135168e+14  2.73002759e+10  5.71411398e+08  5.31831563e+12  7.55910639e+09
 2.49585000e+03  5.05861257e+16  8.20265091e+14  2.72368493e+10  6.64707766e+08  5.31831563e+12  7.55910639e+09
 2.49590000e+03  5.04685992e+16  9.34719472e+14  2.71735701e+10  7.57456704e+08  5.31831563e+12  7.55910639e+09
 2.49595000e+03  5.03513458e+16  1.04850131e+15  2.71104379e+10  8.49660640e+08  5.31831563e+12  7.55910639e+09
 2.49600000e+03  5.02343648e+16  1.16161358e+15  2.70474524e+10  9.41321991e+08  5.31831563e+12  7.55910639e+09
 2.49600000e+03  5.02343648e+16  1.16161358e+15  2.70474524e+10  9.41321991e+08  5.31831563e+12  7.55910639e+09
 2.49670000e+03  5.20835210e+16  2.73222701e+15  2.80430848e+10  2.21407998e+09  5.31831563e+12  7.55910639e+09
 2.49740000e+03  5.38734311e+16  4.28552980e+15  2.90068178e+10  3.47281016e+09  5.31831563e+12  7.55910639e+09
 2.49810000e+03  5.56059936e+16  5.82049770e+15  2.99396732e+10  4.71668253e+09  5.31831563e+12  7.55910639e+09
 2.49880000e+03  5.72830456e+16  7.33621478e+15  3.08426404e+10  5.94495486e+09  5.31831563e+12  7.55910639e+09
 2.49950000e+03  5.89063658e+16  8.83186638e+15  3.17166770e+10  7.15696698e+09  5.31831563e+12  7.55910639e+09
 2.50020000e+03  6.04776757e+16  1.03067324e+16  3.25627100e+10  8.35213535e+09  5.31831563e+12  7.55910639e+09
 2.50090000e+03  6.19986416e+16  1.17601810e+16  3.33816366e+10  9.52994796e+09  5.31831563e+12  7.55910639e+09
 2.50160000e+03  6.34708767e+16  1.31916626e+16  3.41743251e+10  1.06899595e+10  5.31831563e+12  7.55910639e+09
 2.50230000e+03  6.48959421e+16  1.46007045e+16  3.49416164e+10  1.18317868e+10  5.31831563e+12  7.55910639e+09
 2.50300000e+03  6.62753491e+16  1.59869052e+16  3.56843240e+10  1.29551046e+10  5.31831563e+12  7.55910639e+09
 2.50300000e+03  6.62753491e+16  1.59869052e+16  3.56843240e+10  1.29551046e+10  5.33166152e+12  7.55154728e+09
 2.50302500e+03  6.61983158e+16  1.60359126e+16  3.56428473e+10  1.29948181e+10  5.33166152e+12  7.55154728e+09
 2.50305000e+03  6.61213720e+16  1.60847448e+16  3.56014188e+10  1.30343896e+10  5.33166152e+12  7.55154728e+09
 2.50307500e+03  6.60445176e+16  1.61334023e+16  3.55600385e+10  1.30738196e+10  5.33166152e+12  7.55154728e+09
 2.50310000e+03  6.59677526e+16  1.61818854e+16  3.55187063e+10  1.31131082e+10  5.33166152e+12  7.55154728e+09
 2.50312500e+03  6.58910768e+16  1.62301946e+16  3.54774221e+10  1.31522559e+10  5.33166152e+12  7.55154728e+09
 2.50315000e+03  6.58144901e+16  1.62783303e+16  3.54361859e+10  1.31912630e+10  5.33166152e+12  7.55154728e+09
 2.50317500e+03  6.57379924e+16  1.63262928e+16  3.53949976e+10  1.32301298e+10  5.33166152e+12  7.55154728e+09
 2.50320000e+03  6.56615837e+16  1.63740826e+16  3.53538572e+10  1.32688566e+10  5.33166152e+12  7.55154728e+09
 2.50322500e+03  6.55852637e+16  1.64217002e+16  3.53127646e+10  1.33074438e+10  5.33166152e+12  7.55154728e+09
 2.50325000e+03  6.55090325e+16  1.64691458e+16  3.52717198e+10  1.33458917e+10  5.33166152e+12  7.55154728e+09
 2.50325000e+03  6.55090325e+16  0.00000000e+00  3.52717198e+10  0.00000000e+00  5.34121583e+12  7.54399573e+09
 2.50377500e+03  6.39284867e+16  1.55173372e+15  3.44207139e+10  1.25745868e+09  5.34121583e+12  7.54399573e+09
 2.50430000e+03  6.23860749e+16  3.01002579e+15  3.35902404e+10  2.43919623e+09  5.34121583e+12  7.54399573e+09
 2.50482500e+03  6.08808771e+16  4.37915185e+15  3.27798039e+10  3.54867746e+09  5.34121583e+12  7.54399573e+09
 2.50535000e+03  5.94119954e+16  5.66321143e+15  3.19889208e+10  4.58922447e+09  5.34121583e+12  7.54399573e+09
 2.50587500e+03  5.79785537e+16  6.86613487e+15  3.12171195e+10  5.56402220e+09  5.34121583e+12  7.54399573e+09
 2.50640000e+03  5.65796968e+16  7.99168988e+15  3.04639396e+10  6.47612386e+09  5.34121583e+12  7.54399573e+09
 2.50692500e+03  5.52145903e+16  9.04348793e+15  2.97289318e+10  7.32845604e+09  5.34121583e+12  7.54399573e+09
 2.50745000e+03  5.38824200e+16  1.00249904e+16  2.90116576e+10  8.12382369e+09  5.34121583e+12  7.54399573e+09
 2.50797500e+03  5.25823911e+16  1.09395145e+16  2.83116891e+10  8.86491491e+09  5.34121583e+12  7.54399573e+09
 2.50850000e+03  5.13137282e+16  1.17902388e+16  2.76286089e+10  9.55430551e+09  5.34121583e+12  7.54399573e+09
 2.50850000e+03  5.13137282e+16  0.00000000e+00  2.76286089e+10  0.00000000e+00  5.34121583e+12  7.54399573e+09
 2.50855000e+03  5.11945113e+16  1.19008377e+14  2.75644196e+10  9.64393012e+07  5.34121583e+12  7.54399573e+09
 2.50860000e+03  5.10755714e+16  2.37324372e+14  2.75003793e+10  1.92317526e+08  5.34121583e+12  7.54399573e+09
 2.50865000e+03  5.09569078e+16  3.54951049e+14  2.74364878e+10  2.87637157e+08  5.34121583e+12  7.54399573e+09
 2.50870000e+03  5.08385199e+16  4.71891457e+14  2.73727448e+10  3.82400665e+08  5.34121583e+12  7.54399573e+09
 2.50875000e+03  5.07204071e+16  5.88148633e+14  2.73091499e+10  4.76610511e+08  5.34121583e+12  7.54399573e+09
 2.50880000e+03  5.06025687e+16  7.03725603e+14  2.72457027e+10  5.70269147e+08  5.34121583e+12  7.54399573e+09
 2.50885000e+03  5.04850040e+16  8.18625381e+14  2.71824029e+10  6.63379016e+08  5.34121583e+12  7.54399573e+09
 2.50890000e+03  5.03677125e+16  9.32850968e+14  2.71192502e+10  7.55942548e+08  5.34121583e+12  7.54399573e+09
 2.50895000e+03  5.02506935e+16  1.04640535e+15  2.70562442e+10  8.47962168e+08  5.34121583e+12  7.54399573e+09
 2.50900000e+03  5.01339463e+16  1.15929151e+15  2.69933846e+10  9.39440288e+08  5.34121583e+12  7.54399573e+09
 2.50900000e+03  5.01339463e+16  1.15929151e+15  2.69933846e+10  9.39440288e+08  5.34121583e+12  7.54399573e+09
 2.50970000e+03  5.19794060e+16  2.72676529e+15  2.79870267e+10  2.20965403e+09  5.34121583e+12  7.54399573e+09
 2.51040000e+03  5.37657382e+16  4.27696303e+15  2.89488331e+10  3.46586801e+09  5.34121583e+12  7.54399573e+09
 2.51110000e+03  5.54948372e+16  5.80886252e+15  2.98798238e+10  4.70725388e+09  5.34121583e+12  7.54399573e+09
 2.51180000e+03  5.71685368e+16  7.32154968e+15  3.07809860e+10  5.93307089e+09  5.34121583e+12  7.54399573e+09
 2.51250000e+03  5.87886120e+16  8.81421148e+15  3.16532754e+10  7.14266020e+09  5.34121583e+12  7.54399573e+09
 2.51320000e+03  6.03567808e+16  1.02861292e+16  3.24976172e+10  8.33543944e+09  5.34121583e+12  7.54399573e+09
 2.51390000e+03  6.18747063e+16  1.17366724e+16  3.33149067e+10  9.51089760e+09  5.34121583e+12  7.54399573e+09
 2.51460000e+03  6.33439984e+16  1.31652925e+16  3.41060107e+10  1.06685903e+10  5.34121583e+12  7.54399573e+09
 2.51530000e+03  6.47662151e+16  1.45715177e+16  3.48717681e+10  1.18081350e+10  5.34121583e+12  7.54399573e+09
 2.51600000e+03  6.61428647e+16  1.59549474e+16  3.56129911e+10  1.29292073e+10  5.34121583e+12  7.54399573e+09
 2.51600000e+03  6.61428647e+16  1.59549474e+16  3.56129911e+10  1.29292073e+10  5.35453504e+12  7.53645174e+09
 2.51602500e+03  6.60659853e+16  1.60038568e+16  3.55715973e+10  1.29688415e+10  5.35453504e+12  7.53645174e+09
 2.51605000e+03  6.59891954e+16  1.60525914e+16  3.55302516e+10  1.30083339e+10  5.35453504e+12  7.53645174e+09
 2.51607500e+03  6.59124946e+16  1.61011516e+16  3.54889540e+10  1.30476850e+10  5.35453504e+12  7.53645174e+09
 2.51610000e+03  6.58358830e+16  1.61495378e+16  3.54477044e+10  1.30868951e+10  5.35453504e+12  7.53645174e+09
 2.51612500e+03  6.57593605e+16  1.61977505e+16  3.54065027e+10  1.31259646e+10  5.35453504e+12  7.53645174e+09
 2.51615000e+03  6.56829269e+16  1.62457899e+16  3.53653489e+10  1.31648937e+10  5.35453504e+12  7.53645174e+09
 2.51617500e+03  6.56065822e+16  1.62936566e+16  3.53242430e+10  1.32036828e+10  5.35453504e+12  7.53645174e+09
 2.51620000e+03  6.55303262e+16  1.63413509e+16  3.52831848e+10  1.32423322e+10  5.35453504e+12  7.53645174e+09
 2.51622500e+03  6.54541588e+16  1.63888732e+16  3.52421744e+10  1.32808423e+10  5.35453504e+12  7.53645174e+09
 2.51625000e+03  6.53780799e+16  1.64362239e+16  3.52012116e+10  1.33192133e+10  5.35453504e+12  7.53645174e+09
 2.51625000e+03  6.53780799e+16  0.00000000e+00  3.52012116e+10  0.00000000e+00  5.36407025e+12  7.52891528e+09
 2.51677500e+03  6.38006936e+16  1.54863180e+15  3.43519069e+10  1.25494502e+09  5.36407025e+12  7.52891528e+09
 2.51730000e+03  6.22613651e+16  3.00400875e+15  3.35230935e+10  2.43432028e+09  5.36407025e+12  7.52891528e+09
 2.51782500e+03  6.07591762e+16  4.37039792e+15  3.27142770e+10  3.54158366e+09  5.36407025e+12  7.52891528e+09
 2.51835000e+03  5.92932308e+16  5.65189067e+15  3.19249750e+10  4.58005061e+09  5.36407025e+12  7.52891528e+09
 2.51887500e+03  5.78626546e+16  6.85240947e+15  3.11547165e+10  5.55289972e+09  5.36407025e+12  7.52891528e+09
 2.51940000e+03  5.64665940e+16  7.97571449e+15  3.04030422e+10  6.46317809e+09  5.36407025e+12  7.52891528e+09
 2.51992500e+03  5.51042164e+16  9.02541000e+15  2.96695036e+10  7.31380646e+09  5.36407025e+12  7.52891528e+09
 2.52045000e+03  5.37747090e+16  1.00049505e+16  2.89536633e+10  8.10758417e+09  5.36407025e+12  7.52891528e+09
 2.52097500e+03  5.24772789e+16  1.09176464e+16  2.82550941e+10  8.84719394e+09  5.36407025e+12  7.52891528e+09
 2.52150000e+03  5.12111520e+16  1.17666701e+16  2.75733794e+10  9.53520645e+09  5.36407025e+12  7.52891528e+09
 2.52150000e+03  5.12111520e+16  0.00000000e+00  2.75733794e+10  0.00000000e+00  5.36407025e+12  7.52891528e+09
 2.52155000e+03  5.10921735e+16  1.18770479e+14  2.75093183e+10  9.62465190e+07  5.36407025e+12  7.52891528e+09
 2.52160000e+03  5.09734713e+16  2.36849961e+14  2.74454060e+10  1.91933084e+08  5.36407025e+12  7.52891528e+09
 2.52165000e+03  5.08550449e+16  3.54241502e+14  2.73816423e+10  2.87062171e+08  5.36407025e+12  7.52891528e+09
 2.52170000e+03  5.07368937e+16  4.70948146e+14  2.73180267e+10  3.81636246e+08  5.36407025e+12  7.52891528e+09
 2.52175000e+03  5.06190170e+16  5.86972924e+14  2.72545589e+10  4.75657766e+08  5.36407025e+12  7.52891528e+09
 2.52180000e+03  5.05014141e+16  7.02318856e+14  2.71912385e+10  5.69129179e+08  5.36407025e+12  7.52891528e+09
 2.52185000e+03  5.03840845e+16  8.16988949e+14  2.71280653e+10  6.62052921e+08  5.36407025e+12  7.52891528e+09
 2.52190000e+03  5.02670274e+16  9.30986199e+14  2.70650388e+10  7.54431419e+08  5.36407025e+12  7.52891528e+09
 2.52195000e+03  5.01502423e+16  1.04431359e+15  2.70021587e+10  8.46267092e+08  5.36407025e+12  7.52891528e+09
 2.52200000e+03  5.00337286e+16  1.15697409e+15  2.69394248e+10  9.37562347e+08  5.36407025e+12  7.52891528e+09
 2.52200000e+03  5.00337286e+16  1.15697409e+15  2.69394248e+10  9.37562347e+08  5.36407025e+12  7.52891528e+09
 2.52270000e+03  5.18754992e+16  2.72131449e+15  2.79310807e+10  2.20523693e+09  5.36407025e+12  7.52891528e+09
 2.52340000e+03  5.36582604e+16  4.26841338e+15  2.88909644e+10  3.45893974e+09  5.36407025e+12  7.52891528e+09
 2.52410000e+03  5.53839030e+16  5.79725060e+15  2.98200940e+10  4.69784408e+09  5.36407025e+12  7.52891528e+09
 2.52480000e+03  5.70542569e+16  7.30691391e+15  3.07194548e+10  5.92121069e+09  5.36407025e+12  7.52891528e+09
 2.52550000e+03  5.86710935e+16  8.79659187e+15  3.15900005e+10  7.12838203e+09  5.36407025e+12  7.52891528e+09
 2.52620000e+03  6.02361276e+16  1.02655673e+16  3.24326544e+10  8.31877689e+09  5.36407025e+12  7.52891528e+09
 2.52690000e+03  6.17510188e+16  1.17132108e+16  3.32483102e+10  9.49188531e+09  5.36407025e+12  7.52891528e+09
 2.52760000e+03  6.32173737e+16  1.31389751e+16  3.40378327e+10  1.06472637e+10  5.36407025e+12  7.52891528e+09
 2.52830000e+03  6.46367474e+16  1.45423892e+16  3.48020594e+10  1.17845306e+10  5.36407025e+12  7.52891528e+09
 2.52900000e+03  6.60106451e+16  1.59230534e+16  3.55418007e+10  1.29033619e+10  5.36407025e+12  7.52891528e+09
 2.52900000e+03  6.60106451e+16  1.59230534e+16  3.55418007e+10  1.29033619e+10  5.37736284e+12  7.52138637e+09
 2.52902500e+03  6.59339194e+16  1.59718651e+16  3.55004897e+10  1.29429167e+10  5.37736284e+12  7.52138637e+09
 2.52905000e+03  6.58572830e+16  1.60205023e+16  3.54592266e+10  1.29823302e+10  5.37736284e+12  7.52138637e+09
 2.52907500e+03  6.57807356e+16  1.60689654e+16  3.54180116e+10  1.30216027e+10  5.37736284e+12  7.52138637e+09
 2.52910000e+03  6.57042771e+16  1.61172549e+16  3.53768444e+10  1.30607344e+10  5.37736284e+12  7.52138637e+09
 2.52912500e+03  6.56279075e+16  1.61653712e+16  3.53357251e+10  1.30997258e+10  5.37736284e+12  7.52138637e+09
 2.52915000e+03  6.55516267e+16  1.62133146e+16  3.52946536e+10  1.31385771e+10  5.37736284e+12  7.52138637e+09
 2.52917500e+03  6.54754346e+16  1.62610855e+16  3.52536298e+10  1.31772886e+10  5.37736284e+12  7.52138637e+09
 2.52920000e+03  6.53993310e+16  1.63086845e+16  3.52126537e+10  1.32158608e+10  5.37736284e+12  7.52138637e+09
 2.52922500e+03  6.53233159e+16  1.63561118e+16  3.51717253e+10  1.32542939e+10  5.37736284e+12  7.52138637e+09
 2.52925000e+03  6.52473891e+16  1.64033679e+16  3.51308444e+10  1.32925882e+10  5.37736284e+12  7.52138637e+09
 2.52925000e+03  6.52473891e+16  0.00000000e+00  3.51308444e+10  0.00000000e+00  5.38687898e+12  7.51386498e+09
 2.52977500e+03  6.36731560e+16  1.54553609e+15  3.42832375e+10  1.25243638e+09  5.38687898e+12  7.51386498e+09
 2.53030000e+03  6.21369046e+16  2.99800373e+15  3.34560809e+10  2.42945407e+09  5.38687898e+12  7.51386498e+09
 2.53082500e+03  6.06377186e+16  4.36166150e+15  3.26488812e+10  3.53450403e+09  5.38687898e+12  7.51386498e+09
 2.53135000e+03  5.91747037e+16  5.64059255e+15  3.18611570e+10  4.57089508e+09  5.38687898e+12  7.51386498e+09
 2.53187500e+03  5.77469871e+16  6.83871150e+15  3.10924382e+10  5.54179947e+09  5.38687898e+12  7.51386498e+09
 2.53240000e+03  5.63537173e+16  7.95977103e+15  3.03422665e+10  6.45025820e+09  5.38687898e+12  7.51386498e+09
 2.53292500e+03  5.49940630e+16  9.00736820e+15  2.96101943e+10  7.29918616e+09  5.38687898e+12  7.51386498e+09
 2.53345000e+03  5.36672134e+16  9.98495055e+15  2.88957849e+10  8.09137711e+09  5.38687898e+12  7.51386498e+09
 2.53397500e+03  5.23723768e+16  1.08958220e+16  2.81986121e+10  8.82950840e+09  5.38687898e+12  7.51386498e+09
 2.53450000e+03  5.11087810e+16  1.17431485e+16  2.75182602e+10  9.51614557e+09  5.38687898e+12  7.51386498e+09
 2.53450000e+03  5.11087810e+16  0.00000000e+00  2.75182602e+10  0.00000000e+00  5.38687898e+12  7.51386498e+09
 2.53455000e+03  5.09900402e+16  1.18533057e+14  2.74543272e+10  9.60541222e+07  5.38687898e+12  7.51386498e+09
 2.53460000e+03  5.08715754e+16  2.36376498e+14  2.73905427e+10  1.91549409e+08  5.38687898e+12  7.51386498e+09
 2.53465000e+03  5.07533857e+16  3.53533373e+14  2.73269064e+10  2.86488333e+08  5.38687898e+12  7.51386498e+09
 2.53470000e+03  5.06354707e+16  4.70006720e+14  2.72634179e+10  3.80873355e+08  5.38687898e+12  7.51386498e+09
 2.53475000e+03  5.05178296e+16  5.85799565e+14  2.72000770e+10  4.74706927e+08  5.38687898e+12  7.51386498e+09
 2.53480000e+03  5.04004618e+16  7.00914920e+14  2.71368832e+10  5.67991490e+08  5.38687898e+12  7.51386498e+09
 2.53485000e+03  5.02833667e+16  8.15355788e+14  2.70738363e+10  6.60729477e+08  5.38687898e+12  7.51386498e+09
 2.53490000e+03  5.01665436e+16  9.29125157e+14  2.70109358e+10  7.52923311e+08  5.38687898e+12  7.51386498e+09
 2.53495000e+03  5.00499920e+16  1.04222601e+15  2.69481814e+10  8.44575404e+08  5.38687898e+12  7.51386498e+09
 2.53500000e+03  4.99337111e+16  1.15466130e+15  2.68855729e+10  9.35688160e+08  5.38687898e+12  7.51386498e+09
 2.53500000e+03  4.99337111e+16  1.15466130e+15  2.68855729e+10  9.35688160e+08  5.38687898e+12  7.51386498e+09
 2.53570000e+03  5.17718000e+16  2.71587458e+15  2.78752464e+10  2.20082867e+09  5.38687898e+12  7.51386498e+09
 2.53640000e+03  5.35509976e+16  4.25988082e+15  2.88332114e+10  3.45202532e+09  5.38687898e+12  7.51386498e+09
 2.53710000e+03  5.52731906e+16  5.78566190e+15  2.97604836e+10  4.68845309e+09  5.38687898e+12  7.51386498e+09
 2.53780000e+03  5.69402054e+16  7.29230738e+15  3.06580466e+10  5.90937419e+09  5.38687898e+12  7.51386498e+09
 2.53850000e+03  5.85538100e+16  8.77900748e+15  3.15268521e+10  7.11413239e+09  5.38687898e+12  7.51386498e+09
 2.53920000e+03  6.01157156e+16  1.02450464e+16  3.23678216e+10  8.30214766e+09  5.38687898e+12  7.51386498e+09
 2.53990000e+03  6.16275785e+16  1.16897961e+16  3.31818468e+10  9.47291103e+09  5.38687898e+12  7.51386498e+09
 2.54060000e+03  6.30910022e+16  1.31127103e+16  3.39697911e+10  1.06259799e+10  5.38687898e+12  7.51386498e+09
 2.54130000e+03  6.45075385e+16  1.45133190e+16  3.47324901e+10  1.17609733e+10  5.38687898e+12  7.51386498e+09
 2.54200000e+03  6.58786898e+16  1.58912233e+16  3.54707526e+10  1.28775680e+10  5.38687898e+12  7.51386498e+09
 2.54200000e+03  6.58786898e+16  1.58912233e+16  3.54707526e+10  1.28775680e+10  5.40014500e+12  7.50635112e+09
 2.54202500e+03  6.58021175e+16  1.59399373e+16  3.54295242e+10  1.29170438e+10  5.40014500e+12  7.50635112e+09
 2.54205000e+03  6.57256343e+16  1.59884773e+16  3.53883436e+10  1.29563786e+10  5.40014500e+12  7.50635112e+09
 2.54207500e+03  6.56492399e+16  1.60368436e+16  3.53472110e+10  1.29955725e+10  5.40014500e+12  7.50635112e+09
 2.54210000e+03  6.55729343e+16  1.60850365e+16  3.53061261e+10  1.30346260e+10  5.40014500e+12  7.50635112e+09
 2.54212500e+03  6.54967174e+16  1.61330566e+16  3.52650890e+10  1.30735394e+10  5.40014500e+12  7.50635112e+09
 2.54215000e+03  6.54205890e+16  1.61809041e+16  3.52240996e+10  1.31123130e+10  5.40014500e+12  7.50635112e+09
 2.54217500e+03  6.53445492e+16  1.62285796e+16  3.51831578e+10  1.31509472e+10  5.40014500e+12  7.50635112e+09
 2.54220000e+03  6.52685978e+16  1.62760834e+16  3.51422636e+10  1.31894423e+10  5.40014500e+12  7.50635112e+09
 2.54222500e+03  6.51927346e+16  1.63234160e+16  3.51014170e+10  1.32277985e+10  5.40014500e+12  7.50635112e+09
 2.54225000e+03  6.51169596e+16  1.63705776e+16  3.50606178e+10  1.32660163e+10  5.40014500e+12  7.50635112e+09
 2.54225000e+03  6.51169596e+16  0.00000000e+00  3.50606178e+10  0.00000000e+00  5.40964212e+12  7.49884477e+09
 2.54277500e+03  6.35458734e+16  1.54244656e+15  3.42147053e+10  1.24993276e+09  5.40964212e+12  7.49884477e+09
 2.54330000e+03  6.20126930e+16  2.99201072e+15  3.33892022e+10  2.42459759e+09  5.40964212e+12  7.49884477e+09
 2.54382500e+03  6.05165038e+16  4.35294253e+15  3.25836161e+10  3.52743856e+09  5.40964212e+12  7.49884477e+09
 2.54435000e+03  5.90564134e+16  5.62931700e+15  3.17974665e+10  4.56175787e+09  5.40964212e+12  7.49884477e+09
 2.54487500e+03  5.76315509e+16  6.82504092e+15  3.10302845e+10  5.53072142e+09  5.40964212e+12  7.49884477e+09
 2.54540000e+03  5.62410662e+16  7.94385945e+15  3.02816123e+10  6.43736413e+09  5.40964212e+12  7.49884477e+09
 2.54592500e+03  5.48841299e+16  8.98936247e+15  2.95510035e+10  7.28459509e+09  5.40964212e+12  7.49884477e+09
 2.54645000e+03  5.35599326e+16  9.96499064e+15  2.88380222e+10  8.07520245e+09  5.40964212e+12  7.49884477e+09
 2.54697500e+03  5.22676844e+16  1.08740413e+16  2.81422431e+10  8.81185822e+09  5.40964212e+12  7.49884477e+09
 2.54750000e+03  5.10066145e+16  1.17196740e+16  2.74632512e+10  9.49712280e+09  5.40964212e+12  7.49884477e+09
 2.54750000e+03  5.10066145e+16  0.00000000e+00  2.74632512e+10  0.00000000e+00  5.40964212e+12  7.49884477e+09
 2.54755000e+03  5.08881111e+16  1.18296109e+14  2.73994460e+10  9.58621100e+07  5.40964212e+12  7.49884477e+09
 2.54760000e+03  5.07698831e+16  2.35903981e+14  2.73357890e+10  1.91166502e+08  5.40964212e+12  7.49884477e+09
 2.54765000e+03  5.06519297e+16  3.52826660e+14  2.72722799e+10  2.85915643e+08  5.40964212e+12  7.49884477e+09
 2.54770000e+03  5.05342504e+16  4.69067177e+14  2.72089184e+10  3.80111989e+08  5.40964212e+12  7.49884477e+09
 2.54775000e+03  5.04168444e+16  5.84628551e+14  2.71457041e+10  4.73757987e+08  5.40964212e+12  7.49884477e+09
 2.54780000e+03  5.02997113e+16  6.99513791e+14  2.70826366e+10  5.66856075e+08  5.40964212e+12  7.49884477e+09
 2.54785000e+03  5.01828502e+16  8.13725892e+14  2.70197157e+10  6.59408679e+08  5.40964212e+12  7.49884477e+09
 2.54790000e+03  5.00662607e+16  9.27267836e+14  2.69569409e+10  7.51418217e+08  5.40964212e+12  7.49884477e+09
 2.54795000e+03  4.99499421e+16  1.04014260e+15  2.68943120e+10  8.42887098e+08  5.40964212e+12  7.49884477e+09
 2.54800000e+03  4.98338936e+16  1.15235313e+15  2.68318286e+10  9.33817719e+08  5.40964212e+12  7.49884477e+09
 2.54800000e+03  4.98338936e+16  1.15235313e+15  2.68318286e+10  9.33817719e+08  5.40964212e+12  7.49884477e+09
 2.54870000e+03  5.16683082e+16  2.71044555e+15  2.78195238e+10  2.19642921e+09  5.40964212e+12  7.49884477e+09
 2.54940000e+03  5.34439491e+16  4.25136532e+15  2.87755738e+10  3.44512472e+09  5.40964212e+12  7.49884477e+09
 2.55010000e+03  5.51626995e+16  5.77409636e+15  2.97009924e+10  4.67908087e+09  5.40964212e+12  7.49884477e+09
 2.55080000e+03  5.68263820e+16  7.27773006e+15  3.05967611e+10  5.89756135e+09  5.40964212e+12  7.49884477e+09
 2.55150000e+03  5.84367609e+16  8.76145824e+15  3.14638299e+10  7.09991124e+09  5.40964212e+12  7.49884477e+09
 2.55220000e+03  5.99955443e+16  1.02245665e+16  3.23031183e+10  8.28555166e+09  5.40964212e+12  7.49884477e+09
 2.55290000e+03  6.15043850e+16  1.16664282e+16  3.31155163e+10  9.45397468e+09  5.40964212e+12  7.49884477e+09
 2.55360000e+03  6.29648833e+16  1.30864979e+16  3.39018855e+10  1.06047385e+10  5.40964212e+12  7.49884477e+09
 2.55430000e+03  6.43785880e+16  1.44843069e+16  3.46630599e+10  1.17374631e+10  5.40964212e+12  7.49884477e+09
 2.55500000e+03  6.57469983e+16  1.58594567e+16  3.53998466e+10  1.28518258e+10  5.40964212e+12  7.49884477e+09
 2.55500000e+03  6.57469983e+16  1.58594567e+16  3.53998466e+10  1.28518258e+10  5.42288162e+12  7.49134592e+09
 2.55502500e+03  6.56705791e+16  1.59080734e+16  3.53587006e+10  1.28912227e+10  5.42288162e+12  7.49134592e+09
 2.55505000e+03  6.55942487e+16  1.59565163e+16  3.53176023e+10  1.29304788e+10  5.42288162e+12  7.49134592e+09
 2.55507500e+03  6.55180070e+16  1.60047859e+16  3.52765519e+10  1.29695944e+10  5.42288162e+12  7.49134592e+09
 2.55510000e+03  6.54418540e+16  1.60528825e+16  3.52355492e+10  1.30085698e+10  5.42288162e+12  7.49134592e+09
 2.55512500e+03  6.53657894e+16  1.61008066e+16  3.51945941e+10  1.30474054e+10  5.42288162e+12  7.49134592e+09
 2.55515000e+03  6.52898133e+16  1.61485585e+16  3.51536866e+10  1.30861015e+10  5.42288162e+12  7.49134592e+09
 2.55517500e+03  6.52139255e+16  1.61961387e+16  3.51128267e+10  1.31246585e+10  5.42288162e+12  7.49134592e+09
 2.55520000e+03  6.51381258e+16  1.62435475e+16  3.50720143e+10  1.31630766e+10  5.42288162e+12  7.49134592e+09
 2.55522500e+03  6.50624143e+16  1.62907854e+16  3.50312493e+10  1.32013562e+10  5.42288162e+12  7.49134592e+09
 2.55525000e+03  6.49867908e+16  1.63378528e+16  3.49905317e+10  1.32394975e+10  5.42288162e+12  7.49134592e+09
 2.55525000e+03  6.49867908e+16  0.00000000e+00  3.49905317e+10  0.00000000e+00  5.43235976e+12  7.48385458e+09
 2.55577500e+03  6.34188452e+16  1.53936321e+15  3.41463101e+10  1.24743415e+09  5.43235976e+12  7.48385458e+09
 2.55630000e+03  6.18887296e+16  2.98602969e+15  3.33224571e+10  2.41975082e+09  5.43235976e+12  7.48385458e+09
 2.55682500e+03  6.03955313e+16  4.34424100e+15  3.25184814e+10  3.52038721e+09  5.43235976e+12  7.48385458e+09
 2.55735000e+03  5.89383597e+16  5.61806400e+15  3.17339034e+10  4.55263891e+09  5.43235976e+12  7.48385458e+09
 2.55787500e+03  5.75163454e+16  6.81139766e+15  3.09682549e+10  5.51966550e+09  5.43235976e+12  7.48385458e+09
 2.55840000e+03  5.61286403e+16  7.92797968e+15  3.02210794e+10  6.42449584e+09  5.43235976e+12  7.48385458e+09
 2.55892500e+03  5.47744165e+16  8.97139274e+15  2.94919311e+10  7.27003318e+09  5.43235976e+12  7.48385458e+09
 2.55945000e+03  5.34528663e+16  9.94507062e+15  2.87803750e+10  8.05906012e+09  5.43235976e+12  7.48385458e+09
 2.55997500e+03  5.21632013e+16  1.08523041e+16  2.80859868e+10  8.79424331e+09  5.43235976e+12  7.48385458e+09
 2.56050000e+03  5.09046523e+16  1.16962463e+16  2.74083521e+10  9.47813805e+09  5.43235976e+12  7.48385458e+09
 2.56050000e+03  5.09046523e+16  0.00000000e+00  2.74083521e+10  0.00000000e+00  5.43235976e+12  7.48385458e+09
 2.56055000e+03  5.07863858e+16  1.18059635e+14  2.73446745e+10  9.56704817e+07  5.43235976e+12  7.48385458e+09
 2.56060000e+03  5.06683941e+16  2.35432409e+14  2.72811447e+10  1.90784360e+08  5.43235976e+12  7.48385458e+09
 2.56065000e+03  5.05506765e+16  3.52121359e+14  2.72177626e+10  2.85344098e+08  5.43235976e+12  7.48385458e+09
 2.56070000e+03  5.04332324e+16  4.68129511e+14  2.71545277e+10  3.79352145e+08  5.43235976e+12  7.48385458e+09
 2.56075000e+03  5.03160612e+16  5.83459879e+14  2.70914398e+10  4.72810945e+08  5.43235976e+12  7.48385458e+09
 2.56080000e+03  5.01991621e+16  6.98115463e+14  2.70284984e+10  5.65722930e+08  5.43235976e+12  7.48385458e+09
 2.56085000e+03  5.00825347e+16  8.12099254e+14  2.69657033e+10  6.58090521e+08  5.43235976e+12  7.48385458e+09
 2.56090000e+03  4.99661783e+16  9.25414228e+14  2.69030540e+10  7.49916132e+08  5.43235976e+12  7.48385458e+09
 2.56095000e+03  4.98500921e+16  1.03806335e+15  2.68405503e+10  8.41202167e+08  5.43235976e+12  7.48385458e+09
 2.56100000e+03  4.97342757e+16  1.15004958e+15  2.67781918e+10  9.31951018e+08  5.43235976e+12  7.48385458e+09
 2.56100000e+03  4.97342757e+16  1.15004958e+15  2.67781918e+10  9.31951018e+08  5.43235976e+12  7.48385458e+09
 2.56170000e+03  5.15650233e+16  2.70502737e+15  2.77639126e+10  2.19203855e+09  5.43235976e+12  7.48385458e+09
 2.56240000e+03  5.33371147e+16  4.24286684e+15  2.87180514e+10  3.43823792e+09  5.43235976e+12  7.48385458e+09
 2.56310000e+03  5.50524292e+16  5.76255394e+15  2.96416201e+10  4.66972739e+09  5.43235976e+12  7.48385458e+09
 2.56380000e+03  5.67127860e+16  7.26318188e+15  3.05355982e+10  5.88577212e+09  5.43235976e+12  7.48385458e+09
 2.56450000e+03  5.83199459e+16  8.74394409e+15  3.14009337e+10  7.08571852e+09  5.43235976e+12  7.48385458e+09
 2.56520000e+03  5.98756132e+16  1.02041276e+16  3.22385443e+10  8.26898885e+09  5.43235976e+12  7.48385458e+09
 2.56590000e+03  6.13814377e+16  1.16431070e+16  3.30493184e+10  9.43507619e+09  5.43235976e+12  7.48385458e+09
 2.56660000e+03  6.28390165e+16  1.30603380e+16  3.38341156e+10  1.05835397e+10  5.43235976e+12  7.48385458e+09
 2.56730000e+03  6.42498952e+16  1.44553527e+16  3.45937684e+10  1.17139999e+10  5.43235976e+12  7.48385458e+09
 2.56800000e+03  6.56155701e+16  1.58277536e+16  3.53290823e+10  1.28261350e+10  5.43235976e+12  7.48385458e+09
 2.56800000e+03  6.56155701e+16  1.58277536e+16  3.53290823e+10  1.28261350e+10  5.44557279e+12  7.47637072e+09
 2.56802500e+03  6.55393036e+16  1.58762732e+16  3.52880185e+10  1.28654531e+10  5.44557279e+12  7.47637072e+09
 2.56805000e+03  6.54631258e+16  1.59246193e+16  3.52470025e+10  1.29046307e+10  5.44557279e+12  7.47637072e+09
 2.56807500e+03  6.53870365e+16  1.59727923e+16  3.52060341e+10  1.29436681e+10  5.44557279e+12  7.47637072e+09
 2.56810000e+03  6.53110357e+16  1.60207928e+16  3.51651133e+10  1.29825657e+10  5.44557279e+12  7.47637072e+09
 2.56812500e+03  6.52351232e+16  1.60686211e+16  3.51242401e+10  1.30213237e+10  5.44557279e+12  7.47637072e+09
 2.56815000e+03  6.51592990e+16  1.61162776e+16  3.50834144e+10  1.30599424e+10  5.44557279e+12  7.47637072e+09
 2.56817500e+03  6.50835628e+16  1.61637626e+16  3.50426361e+10  1.30984223e+10  5.44557279e+12  7.47637072e+09
 2.56820000e+03  6.50079147e+16  1.62110767e+16  3.50019053e+10  1.31367636e+10  5.44557279e+12  7.47637072e+09
 2.56822500e+03  6.49323546e+16  1.62582202e+16  3.49612218e+10  1.31749666e+10  5.44557279e+12  7.47637072e+09
 2.56825000e+03  6.48568822e+16  1.63051934e+16  3.49205856e+10  1.32130318e+10  5.44557279e+12  7.47637072e+09
 2.56825000e+03  6.48568822e+16  0.00000000e+00  3.49205856e+10  0.00000000e+00  5.45503198e+12  7.46889435e+09
 2.56877500e+03  6.32920709e+16  1.53628603e+15  3.40780516e+10  1.24494052e+09  5.45503198e+12  7.46889435e+09
 2.56930000e+03  6.17650140e+16  2.98006062e+15  3.32558456e+10  2.41491374e+09  5.45503198e+12  7.46889435e+09
 2.56982500e+03  6.02748007e+16  4.33555686e+15  3.24534770e+10  3.51334995e+09  5.45503198e+12  7.46889435e+09
 2.57035000e+03  5.88205419e+16  5.60683349e+15  3.16704673e+10  4.54353819e+09  5.45503198e+12  7.46889435e+09
 2.57087500e+03  5.74013702e+16  6.79778168e+15  3.09063494e+10  5.50863169e+09  5.45503198e+12  7.46889435e+09
 2.57140000e+03  5.60164391e+16  7.91213165e+15  3.01606674e+10  6.41165327e+09  5.45503198e+12  7.46889435e+09
 2.57192500e+03  5.46649225e+16  8.95345892e+15  2.94329767e+10  7.25550038e+09  5.45503198e+12  7.46889435e+09
 2.57245000e+03  5.33460140e+16  9.92519043e+15  2.87228430e+10  8.04295006e+09  5.45503198e+12  7.46889435e+09
 2.57297500e+03  5.20589271e+16  1.08306103e+16  2.80298429e+10  8.77666362e+09  5.45503198e+12  7.46889435e+09
 2.57350000e+03  5.08028939e+16  1.16728655e+16  2.73535628e+10  9.45919125e+09  5.45503198e+12  7.46889435e+09
 2.57350000e+03  5.08028939e+16  0.00000000e+00  2.73535628e+10  0.00000000e+00  5.45503198e+12  7.46889435e+09
 2.57355000e+03  5.06848638e+16  1.17823634e+14  2.72900125e+10  9.54792364e+07  5.45503198e+12  7.46889435e+09
 2.57360000e+03  5.05671080e+16  2.34961780e+14  2.72266097e+10  1.90402982e+08  5.45503198e+12  7.46889435e+09
 2.57365000e+03  5.04496257e+16  3.51417469e+14  2.71633543e+10  2.84773695e+08  5.45503198e+12  7.46889435e+09
 2.57370000e+03  5.03324164e+16  4.67193721e+14  2.71002458e+10  3.78593820e+08  5.45503198e+12  7.46889435e+09
 2.57375000e+03  5.02154794e+16  5.82293543e+14  2.70372840e+10  4.71865796e+08  5.45503198e+12  7.46889435e+09
 2.57380000e+03  5.00988140e+16  6.96719930e+14  2.69744684e+10  5.64592049e+08  5.45503198e+12  7.46889435e+09
 2.57385000e+03  4.99824197e+16  8.10475867e+14  2.69117988e+10  6.56774998e+08  5.45503198e+12  7.46889435e+09
 2.57390000e+03  4.98662959e+16  9.23564325e+14  2.68492748e+10  7.48417050e+08  5.45503198e+12  7.46889435e+09
 2.57395000e+03  4.97504418e+16  1.03598826e+15  2.67868960e+10  8.39520603e+08  5.45503198e+12  7.46889435e+09
 2.57400000e+03  4.96348569e+16  1.14775063e+15  2.67246622e+10  9.30088048e+08  5.45503198e+12  7.46889435e+09
 2.57400000e+03  4.96348569e+16  1.14775063e+15  2.67246622e+10  9.30088048e+08  5.45503198e+12  7.46889435e+09
 2.57470000e+03  5.14619448e+16  2.69962002e+15  2.77084125e+10  2.18765666e+09  5.45503198e+12  7.46889435e+09
 2.57540000e+03  5.32304938e+16  4.23438535e+15  2.86606440e+10  3.43136488e+09  5.45503198e+12  7.46889435e+09
 2.57610000e+03  5.49423794e+16  5.75103460e+15  2.95823665e+10  4.66039260e+09  5.45503198e+12  7.46889435e+09
 2.57680000e+03  5.65994172e+16  7.24866278e+15  3.04745576e+10  5.87400646e+09  5.45503198e+12  7.46889435e+09
 2.57750000e+03  5.82033643e+16  8.72646494e+15  3.13381633e+10  7.07155417e+09  5.45503198e+12  7.46889435e+09
 2.57820000e+03  5.97559218e+16  1.01837296e+16  3.21740995e+10  8.25245914e+09  5.45503198e+12  7.46889435e+09
 2.57890000e+03  6.12587362e+16  1.16198324e+16  3.29832528e+10  9.41621547e+09  5.45503198e+12  7.46889435e+09
 2.57960000e+03  6.27134013e+16  1.30342304e+16  3.37664812e+10  1.05623832e+10  5.45503198e+12  7.46889435e+09
 2.58030000e+03  6.41214596e+16  1.44264565e+16  3.45246155e+10  1.16905837e+10  5.45503198e+12  7.46889435e+09
 2.58100000e+03  6.54844046e+16  1.57961140e+16  3.52584595e+10  1.28004955e+10  5.45503198e+12  7.46889435e+09
 2.58100000e+03  6.54844046e+16  1.57961140e+16  3.52584595e+10  1.28004955e+10  5.46821860e+12  7.46142546e+09
 2.58102500e+03  6.54082906e+16  1.58445365e+16  3.52174778e+10  1.28397351e+10  5.46821860e+12  7.46142546e+09
 2.58105000e+03  6.53322650e+16  1.58927860e+16  3.51765437e+10  1.28788344e+10  5.46821860e+12  7.46142546e+09
 2.58107500e+03  6.52563278e+16  1.59408627e+16  3.51356572e+10  1.29177937e+10  5.46821860e+12  7.46142546e+09
 2.58110000e+03  6.51804789e+16  1.59887673e+16  3.50948182e+10  1.29566135e+10  5.46821860e+12  7.46142546e+09
 2.58112500e+03  6.51047182e+16  1.60364999e+16  3.50540267e+10  1.29952940e+10  5.46821860e+12  7.46142546e+09
 2.58115000e+03  6.50290455e+16  1.60840611e+16  3.50132827e+10  1.30338356e+10  5.46821860e+12  7.46142546e+09
 2.58117500e+03  6.49534608e+16  1.61314513e+16  3.49725859e+10  1.30722385e+10  5.46821860e+12  7.46142546e+09
 2.58120000e+03  6.48779639e+16  1.61786707e+16  3.49319365e+10  1.31105032e+10  5.46821860e+12  7.46142546e+09
 2.58122500e+03  6.48025548e+16  1.62257200e+16  3.48913343e+10  1.31486299e+10  5.46821860e+12  7.46142546e+09
 2.58125000e+03  6.47272333e+16  1.62725994e+16  3.48507793e+10  1.31866189e+10  5.46821860e+12  7.46142546e+09
 2.58125000e+03  6.47272333e+16  0.00000000e+00  3.48507793e+10  0.00000000e+00  5.47765888e+12  7.45396403e+09
 2.58177500e+03  6.31655501e+16  1.53321499e+15  3.40099296e+10  1.24245189e+09  5.47765888e+12  7.45396403e+09
 2.58230000e+03  6.16415458e+16  2.97410348e+15  3.31893671e+10  2.41008633e+09  5.47765888e+12  7.45396403e+09
 2.58282500e+03  6.01543113e+16  4.32689009e+15  3.23886025e+10  3.50632677e+09  5.47765888e+12  7.45396403e+09
 2.58335000e+03  5.87029596e+16  5.59562543e+15  3.16071580e+10  4.53445565e+09  5.47765888e+12  7.45396403e+09
 2.58387500e+03  5.72866249e+16  6.78419291e+15  3.08445676e+10  5.49761994e+09  5.47765888e+12  7.45396403e+09
 2.58440000e+03  5.59044623e+16  7.89631529e+15  3.01003763e+10  6.39883638e+09  5.47765888e+12  7.45396403e+09
 2.58492500e+03  5.45556473e+16  8.93556096e+15  2.93741402e+10  7.24099664e+09  5.47765888e+12  7.45396403e+09
 2.58545000e+03  5.32393753e+16  9.90534997e+15  2.86654261e+10  8.02687220e+09  5.47765888e+12  7.45396403e+09
 2.58597500e+03  5.19548613e+16  1.08089599e+16  2.79738112e+10  8.75911907e+09  5.47765888e+12  7.45396403e+09
 2.58650000e+03  5.07013389e+16  1.16495315e+16  2.72988831e+10  9.44028233e+09  5.47765888e+12  7.45396403e+09
 2.58650000e+03  5.07013389e+16  0.00000000e+00  2.72988831e+10  0.00000000e+00  5.47765888e+12  7.45396403e+09
 2.58655000e+03  5.05835448e+16  1.17588104e+14  2.72354597e+10  9.52883734e+07  5.47765888e+12  7.45396403e+09
 2.58660000e+03  5.04660243e+16  2.34492091e+14  2.71721837e+10  1.90022367e+08  5.47765888e+12  7.45396403e+09
 2.58665000e+03  5.03487769e+16  3.50714985e+14  2.71090548e+10  2.84204432e+08  5.47765888e+12  7.45396403e+09
 2.58670000e+03  5.02318019e+16  4.66259800e+14  2.70460725e+10  3.77837011e+08  5.47765888e+12  7.45396403e+09
 2.58675000e+03  5.01150986e+16  5.81129538e+14  2.69832365e+10  4.70922536e+08  5.47765888e+12  7.45396403e+09
 2.58680000e+03  4.99986665e+16  6.95327187e+14  2.69205465e+10  5.63463430e+08  5.47765888e+12  7.45396403e+09
 2.58685000e+03  4.98825049e+16  8.08855726e+14  2.68580021e+10  6.55462105e+08  5.47765888e+12  7.45396403e+09
 2.58690000e+03  4.97666131e+16  9.21718120e+14  2.67956031e+10  7.46920964e+08  5.47765888e+12  7.45396403e+09
 2.58695000e+03  4.96509907e+16  1.03391732e+15  2.67333490e+10  8.37842402e+08  5.47765888e+12  7.45396403e+09
 2.58700000e+03  4.95356368e+16  1.14545628e+15  2.66712396e+10  9.28228802e+08  5.47765888e+12  7.45396403e+09
 2.58700000e+03  4.95356368e+16  1.14545628e+15  2.66712396e+10  9.28228802e+08  5.47765888e+12  7.45396403e+09
 2.58770000e+03  5.13590724e+16  2.69422348e+15  2.76530234e+10  2.18328354e+09  5.47765888e+12  7.45396403e+09
 2.58840000e+03  5.31240860e+16  4.22592081e+15  2.86033514e+10  3.42450558e+09  5.47765888e+12  7.45396403e+09
 2.58910000e+03  5.48325496e+16  5.73953828e+15  2.95232314e+10  4.65107648e+09  5.47765888e+12  7.45396403e+09
 2.58980000e+03  5.64862749e+16  7.23417270e+15  3.04136389e+10  5.86226432e+09  5.47765888e+12  7.45396403e+09
 2.59050000e+03  5.80870158e+16  8.70902074e+15  3.12755183e+10  7.05741813e+09  5.47765888e+12  7.45396403e+09
 2.59120000e+03  5.96364697e+16  1.01633723e+16  3.21097835e+10  8.23596247e+09  5.47765888e+12  7.45396403e+09
 2.59190000e+03  6.11362800e+16  1.15966044e+16  3.29173193e+10  9.39739246e+09  5.47765888e+12  7.45396403e+09
 2.59260000e+03  6.25880372e+16  1.30081750e+16  3.36989820e+10  1.05412690e+10  5.47765888e+12  7.45396403e+09
 2.59330000e+03  6.39932808e+16  1.43976180e+16  3.44556008e+10  1.16672142e+10  5.47765888e+12  7.45396403e+09
 2.59400000e+03  6.53535012e+16  1.57645375e+16  3.51879778e+10  1.27749073e+10  5.47765888e+12  7.45396403e+09
 2.59400000e+03  6.53535012e+16  1.57645375e+16  3.51879778e+10  1.27749073e+10  5.49081914e+12  7.44651007e+09
 2.59402500e+03  6.52775394e+16  1.58128633e+16  3.51470780e+10  1.28140685e+10  5.49081914e+12  7.44651007e+09
 2.59405000e+03  6.52016658e+16  1.58610163e+16  3.51062258e+10  1.28530896e+10  5.49081914e+12  7.44651007e+09
 2.59407500e+03  6.51258804e+16  1.59089970e+16  3.50654210e+10  1.28919711e+10  5.49081914e+12  7.44651007e+09
 2.59410000e+03  6.50501832e+16  1.59568057e+16  3.50246637e+10  1.29307133e+10  5.49081914e+12  7.44651007e+09
 2.59412500e+03  6.49745739e+16  1.60044430e+16  3.49839537e+10  1.29693164e+10  5.49081914e+12  7.44651007e+09
 2.59415000e+03  6.48990525e+16  1.60519091e+16  3.49432911e+10  1.30077810e+10  5.49081914e+12  7.44651007e+09
 2.59417500e+03  6.48236188e+16  1.60992045e+16  3.49026757e+10  1.30461071e+10  5.49081914e+12  7.44651007e+09
 2.59420000e+03  6.47482729e+16  1.61463296e+16  3.48621076e+10  1.30842953e+10  5.49081914e+12  7.44651007e+09
 2.59422500e+03  6.46730145e+16  1.61932848e+16  3.48215865e+10  1.31223458e+10  5.49081914e+12  7.44651007e+09
 2.59425000e+03  6.45978436e+16  1.62400704e+16  3.47811126e+10  1.31602589e+10  5.49081914e+12  7.44651007e+09
 2.59425000e+03  6.45978436e+16  0.00000000e+00  3.47811126e+10  0.00000000e+00  5.50024055e+12  7.43906356e+09
 2.59477500e+03  6.30392821e+16  1.53015009e+15  3.39419437e+10  1.23996823e+09  5.50024055e+12  7.43906356e+09
 2.59530000e+03  6.15183243e+16  2.96815825e+15  3.31230216e+10  2.40526857e+09  5.50024055e+12  7.43906356e+09
 2.59582500e+03  6.00340629e+16  4.31824063e+15  3.23238577e+10  3.49931762e+09  5.50024055e+12  7.43906356e+09
 2.59635000e+03  5.85856124e+16  5.58443977e+15  3.15439753e+10  4.52539128e+09  5.50024055e+12  7.43906356e+09
 2.59687500e+03  5.71721089e+16  6.77063131e+15  3.07829093e+10  5.48663019e+09  5.50024055e+12  7.43906356e+09
 2.59740000e+03  5.57927092e+16  7.88053056e+15  3.00402056e+10  6.38604510e+09  5.50024055e+12  7.43906356e+09
 2.59792500e+03  5.44465905e+16  8.91769877e+15  2.93154213e+10  7.22652189e+09  5.50024055e+12  7.43906356e+09
 2.59845000e+03  5.31329498e+16  9.88554918e+15  2.86081239e+10  8.01082648e+09  5.50024055e+12  7.43906356e+09
 2.59897500e+03  5.18510035e+16  1.07873528e+16  2.79178916e+10  8.74160959e+09  5.50024055e+12  7.43906356e+09
 2.59950000e+03  5.05999869e+16  1.16262441e+16  2.72443126e+10  9.42141121e+09  5.50024055e+12  7.43906356e+09
 2.59950000e+03  5.05999869e+16  0.00000000e+00  2.72443126e+10  0.00000000e+00  5.50024055e+12  7.43906356e+09
 2.59955000e+03  5.04824283e+16  1.17353046e+14  2.71810160e+10  9.50978919e+07  5.50024055e+12  7.43906356e+09
 2.59960000e+03  5.03651427e+16  2.34023341e+14  2.71178665e+10  1.89642512e+08  5.50024055e+12  7.43906356e+09
 2.59965000e+03  5.02481297e+16  3.50013906e+14  2.70548638e+10  2.83636308e+08  5.50024055e+12  7.43906356e+09
 2.59970000e+03  5.01313885e+16  4.65327747e+14  2.69920074e+10  3.77081715e+08  5.50024055e+12  7.43906356e+09
 2.59975000e+03  5.00149185e+16  5.79967860e+14  2.69292970e+10  4.69981162e+08  5.50024055e+12  7.43906356e+09
 2.59980000e+03  4.98987192e+16  6.93937228e+14  2.68667323e+10  5.62337066e+08  5.50024055e+12  7.43906356e+09
 2.59985000e+03  4.97827898e+16  8.07238823e+14  2.68043130e+10  6.54151836e+08  5.50024055e+12  7.43906356e+09
 2.59990000e+03  4.96671297e+16  9.19875605e+14  2.67420387e+10  7.45427869e+08  5.50024055e+12  7.43906356e+09
 2.59995000e+03  4.95517383e+16  1.03185052e+15  2.66799090e+10  8.36167555e+08  5.50024055e+12  7.43906356e+09
 2.60000000e+03  4.94366151e+16  1.14316651e+15  2.66179238e+10  9.26373272e+08  5.50024055e+12  7.43906356e+09
